ISO-10303-21;
HEADER;
FILE_DESCRIPTION(('STEP AP214'),'1');
FILE_NAME('ASSY_CAP.stp','2026-06-04T04:58:56',(' '),(' '),'Spatial InterOp 3D',' ',' ');
FILE_SCHEMA(('AUTOMOTIVE_DESIGN { 1 0 10303 214 1 1 1 1 }'));
ENDSEC;
DATA;
#1=PRODUCT_DEFINITION_CONTEXT('',#22,'design');
#2=APPLICATION_PROTOCOL_DEFINITION('INTERNATIONAL STANDARD','automotive_design',1994,#22);
#3=PRODUCT_CATEGORY_RELATIONSHIP('NONE','NONE',#23,#24);
#4=SHAPE_DEFINITION_REPRESENTATION(#25,#26);
#5=PRODUCT_DEFINITION_CONTEXT('',#27,'design');
#6=APPLICATION_PROTOCOL_DEFINITION('INTERNATIONAL STANDARD','automotive_design',1994,#27);
#7=PRODUCT_CATEGORY_RELATIONSHIP('NONE','NONE',#28,#29);
#8=CONTEXT_DEPENDENT_SHAPE_REPRESENTATION(#30,#31);
#9=SHAPE_DEFINITION_REPRESENTATION(#32,#33);
#10=SHAPE_REPRESENTATION_RELATIONSHIP('NONE','NONE',#33,#34);
#11=PRODUCT_DEFINITION_CONTEXT('',#35,'design');
#12=APPLICATION_PROTOCOL_DEFINITION('INTERNATIONAL STANDARD','automotive_design',1994,#35);
#13=PRODUCT_CATEGORY_RELATIONSHIP('NONE','NONE',#36,#37);
#14=CONTEXT_DEPENDENT_SHAPE_REPRESENTATION(#38,#39);
#15=SHAPE_DEFINITION_REPRESENTATION(#40,#41);
#16=SHAPE_REPRESENTATION_RELATIONSHIP('NONE','NONE',#41,#42);
#17=MECHANICAL_DESIGN_GEOMETRIC_PRESENTATION_REPRESENTATION(' ',(#43,#44,#45,#46,#47,#48,#49,#50,#51,#52,#53,#54,#55,#56,#57,#58,#59,#60,#61,#62,#63,#64,#65,#66,#67,#68,#69,#70,#71,#72,#73,#74,#75,#76,#77,#78,#79,#80,#81,#82,#83,#84,#85,#86,#87,#88,#89,#90,#91,#92,#93,#94,#95,#96,#97,#98,#99,#100,#101,#102,#103,#104,#105,#106,#107,#108,#109,#110,#111,#112,#113,#114,#115,#116,#117,#118,#119,#120,#121,#122,#123,#124,#125,#126,#127,#128,#129,#130,#131,#132,#133,#134,#135,#136,#137,#138,#139,#140,#141,#142,#143,#144,#145,#146,#147,#148,#149,#150,#151,#152,#153,#154,#155,#156,#157,#158,#159,#160,#161,#162,#163,#164,#165,#166,#167,#168,#169,#170,#171,#172,#173,#174,#175,#176,#177,#178,#179,#180,#181,#182,#183,#184,#185,#186,#187,#188,#189,#190,#191,#192,#193,#194,#195,#196,#197,#198,#199,#200,#201,#202,#203,#204,#205,#206,#207,#208,#209,#210,#211,#212),#18);
#18= (GEOMETRIC_REPRESENTATION_CONTEXT(3)GLOBAL_UNCERTAINTY_ASSIGNED_CONTEXT((#215))GLOBAL_UNIT_ASSIGNED_CONTEXT((#217,#218,#219))REPRESENTATION_CONTEXT('NONE','WORKSPACE'));
#22=APPLICATION_CONTEXT(' ');
#23=PRODUCT_CATEGORY('part','NONE');
#24=PRODUCT_RELATED_PRODUCT_CATEGORY('detail',' ',(#221));
#25=PRODUCT_DEFINITION_SHAPE('NONE','NONE',#222);
#26=SHAPE_REPRESENTATION('ASSY_CAP',(#223,#224,#225),#226);
#27=APPLICATION_CONTEXT(' ');
#28=PRODUCT_CATEGORY('part','NONE');
#29=PRODUCT_RELATED_PRODUCT_CATEGORY('detail',' ',(#227));
#30=(REPRESENTATION_RELATIONSHIP('','',#33,#26)REPRESENTATION_RELATIONSHIP_WITH_TRANSFORMATION(#230)SHAPE_REPRESENTATION_RELATIONSHIP());
#31=PRODUCT_DEFINITION_SHAPE('NAUO-PROD-DEF','NAUO-PROD-DEF',#232);
#32=PRODUCT_DEFINITION_SHAPE('NONE','NONE',#233);
#33=SHAPE_REPRESENTATION('Cap_holder',(#223),#226);
#34=ADVANCED_BREP_SHAPE_REPRESENTATION('',(#234,#235),#18);
#35=APPLICATION_CONTEXT(' ');
#36=PRODUCT_CATEGORY('part','NONE');
#37=PRODUCT_RELATED_PRODUCT_CATEGORY('detail',' ',(#236));
#38=(REPRESENTATION_RELATIONSHIP('','',#41,#26)REPRESENTATION_RELATIONSHIP_WITH_TRANSFORMATION(#239)SHAPE_REPRESENTATION_RELATIONSHIP());
#39=PRODUCT_DEFINITION_SHAPE('NAUO-PROD-DEF','NAUO-PROD-DEF',#241);
#40=PRODUCT_DEFINITION_SHAPE('NONE','NONE',#242);
#41=SHAPE_REPRESENTATION('Blade',(#223),#226);
#42=ADVANCED_BREP_SHAPE_REPRESENTATION('CAP_Blade',(#243),#18);
#43=STYLED_ITEM('',(#244),#245);
#44=STYLED_ITEM('',(#246),#247);
#45=STYLED_ITEM('',(#248),#249);
#46=STYLED_ITEM('',(#250),#251);
#47=STYLED_ITEM('',(#252),#253);
#48=STYLED_ITEM('',(#254),#255);
#49=STYLED_ITEM('',(#256),#257);
#50=STYLED_ITEM('',(#258),#259);
#51=STYLED_ITEM('',(#260),#261);
#52=STYLED_ITEM('',(#262),#263);
#53=STYLED_ITEM('',(#264),#265);
#54=STYLED_ITEM('',(#266),#267);
#55=STYLED_ITEM('',(#268),#269);
#56=STYLED_ITEM('',(#270),#271);
#57=STYLED_ITEM('',(#272),#273);
#58=STYLED_ITEM('',(#274),#275);
#59=STYLED_ITEM('',(#276),#277);
#60=STYLED_ITEM('',(#278),#279);
#61=STYLED_ITEM('',(#280),#281);
#62=STYLED_ITEM('',(#282),#283);
#63=STYLED_ITEM('',(#284),#285);
#64=STYLED_ITEM('',(#286),#287);
#65=STYLED_ITEM('',(#288),#289);
#66=STYLED_ITEM('',(#290),#291);
#67=STYLED_ITEM('',(#292),#293);
#68=STYLED_ITEM('',(#294),#295);
#69=STYLED_ITEM('',(#296),#297);
#70=STYLED_ITEM('',(#298),#299);
#71=STYLED_ITEM('',(#300),#301);
#72=STYLED_ITEM('',(#302),#303);
#73=STYLED_ITEM('',(#304),#305);
#74=STYLED_ITEM('',(#306),#307);
#75=STYLED_ITEM('',(#308),#309);
#76=STYLED_ITEM('',(#310),#311);
#77=STYLED_ITEM('',(#312),#313);
#78=STYLED_ITEM('',(#314),#315);
#79=STYLED_ITEM('',(#316),#317);
#80=STYLED_ITEM('',(#318),#319);
#81=STYLED_ITEM('',(#320),#321);
#82=STYLED_ITEM('',(#322),#323);
#83=STYLED_ITEM('',(#324),#325);
#84=STYLED_ITEM('',(#326),#327);
#85=STYLED_ITEM('',(#328),#329);
#86=STYLED_ITEM('',(#330),#331);
#87=STYLED_ITEM('',(#332),#333);
#88=STYLED_ITEM('',(#334),#335);
#89=STYLED_ITEM('',(#336),#337);
#90=STYLED_ITEM('',(#338),#339);
#91=STYLED_ITEM('',(#340),#341);
#92=STYLED_ITEM('',(#342),#343);
#93=STYLED_ITEM('',(#344),#345);
#94=STYLED_ITEM('',(#346),#347);
#95=STYLED_ITEM('',(#348),#349);
#96=STYLED_ITEM('',(#350),#351);
#97=STYLED_ITEM('',(#352),#353);
#98=STYLED_ITEM('',(#354),#355);
#99=STYLED_ITEM('',(#356),#357);
#100=STYLED_ITEM('',(#358),#359);
#101=STYLED_ITEM('',(#360),#361);
#102=STYLED_ITEM('',(#362),#363);
#103=STYLED_ITEM('',(#364),#365);
#104=STYLED_ITEM('',(#366),#367);
#105=STYLED_ITEM('',(#368),#369);
#106=STYLED_ITEM('',(#370),#371);
#107=STYLED_ITEM('',(#372),#373);
#108=STYLED_ITEM('',(#374),#375);
#109=STYLED_ITEM('',(#376),#377);
#110=STYLED_ITEM('',(#378),#379);
#111=STYLED_ITEM('',(#380),#381);
#112=STYLED_ITEM('',(#382),#383);
#113=STYLED_ITEM('',(#384),#385);
#114=STYLED_ITEM('',(#386),#387);
#115=STYLED_ITEM('',(#388),#389);
#116=STYLED_ITEM('',(#390),#391);
#117=STYLED_ITEM('',(#392),#393);
#118=STYLED_ITEM('',(#394),#395);
#119=STYLED_ITEM('',(#396),#397);
#120=STYLED_ITEM('',(#398),#399);
#121=STYLED_ITEM('',(#400),#401);
#122=STYLED_ITEM('',(#402),#403);
#123=STYLED_ITEM('',(#404),#405);
#124=STYLED_ITEM('',(#406),#407);
#125=STYLED_ITEM('',(#408),#409);
#126=STYLED_ITEM('',(#410),#411);
#127=STYLED_ITEM('',(#412),#413);
#128=STYLED_ITEM('',(#414),#415);
#129=STYLED_ITEM('',(#416),#417);
#130=STYLED_ITEM('',(#418),#419);
#131=STYLED_ITEM('',(#420),#421);
#132=STYLED_ITEM('',(#422),#423);
#133=STYLED_ITEM('',(#424),#425);
#134=STYLED_ITEM('',(#426),#427);
#135=STYLED_ITEM('',(#428),#429);
#136=STYLED_ITEM('',(#430),#431);
#137=STYLED_ITEM('',(#432),#433);
#138=STYLED_ITEM('',(#434),#435);
#139=STYLED_ITEM('',(#436),#437);
#140=STYLED_ITEM('',(#438),#439);
#141=STYLED_ITEM('',(#440),#441);
#142=STYLED_ITEM('',(#442),#443);
#143=STYLED_ITEM('',(#444),#445);
#144=STYLED_ITEM('',(#446),#447);
#145=STYLED_ITEM('',(#448),#449);
#146=STYLED_ITEM('',(#450),#451);
#147=STYLED_ITEM('',(#452),#453);
#148=STYLED_ITEM('',(#454),#455);
#149=STYLED_ITEM('',(#456),#457);
#150=STYLED_ITEM('',(#458),#459);
#151=STYLED_ITEM('',(#460),#461);
#152=STYLED_ITEM('',(#462),#463);
#153=STYLED_ITEM('',(#464),#465);
#154=STYLED_ITEM('',(#466),#467);
#155=STYLED_ITEM('',(#468),#469);
#156=STYLED_ITEM('',(#470),#471);
#157=STYLED_ITEM('',(#472),#473);
#158=STYLED_ITEM('',(#474),#475);
#159=STYLED_ITEM('',(#476),#477);
#160=STYLED_ITEM('',(#478),#479);
#161=STYLED_ITEM('',(#480),#481);
#162=STYLED_ITEM('',(#482),#483);
#163=STYLED_ITEM('',(#484),#485);
#164=STYLED_ITEM('',(#486),#487);
#165=STYLED_ITEM('',(#488),#489);
#166=STYLED_ITEM('',(#490),#491);
#167=STYLED_ITEM('',(#492),#493);
#168=STYLED_ITEM('',(#494),#495);
#169=STYLED_ITEM('',(#496),#497);
#170=STYLED_ITEM('',(#498),#499);
#171=STYLED_ITEM('',(#500),#501);
#172=STYLED_ITEM('',(#502),#503);
#173=STYLED_ITEM('',(#504),#505);
#174=STYLED_ITEM('',(#506),#234);
#175=STYLED_ITEM('',(#507),#508);
#176=STYLED_ITEM('',(#509),#510);
#177=STYLED_ITEM('',(#511),#512);
#178=STYLED_ITEM('',(#513),#235);
#179=STYLED_ITEM('',(#514),#515);
#180=STYLED_ITEM('',(#516),#517);
#181=STYLED_ITEM('',(#518),#519);
#182=STYLED_ITEM('',(#520),#521);
#183=STYLED_ITEM('',(#522),#523);
#184=STYLED_ITEM('',(#524),#525);
#185=STYLED_ITEM('',(#526),#527);
#186=STYLED_ITEM('',(#528),#529);
#187=STYLED_ITEM('',(#530),#531);
#188=STYLED_ITEM('',(#532),#533);
#189=STYLED_ITEM('',(#534),#535);
#190=STYLED_ITEM('',(#536),#537);
#191=STYLED_ITEM('',(#538),#539);
#192=STYLED_ITEM('',(#540),#541);
#193=STYLED_ITEM('',(#542),#543);
#194=STYLED_ITEM('',(#544),#545);
#195=STYLED_ITEM('',(#546),#547);
#196=STYLED_ITEM('',(#548),#549);
#197=STYLED_ITEM('',(#550),#551);
#198=STYLED_ITEM('',(#552),#553);
#199=STYLED_ITEM('',(#554),#555);
#200=STYLED_ITEM('',(#556),#557);
#201=STYLED_ITEM('',(#558),#559);
#202=STYLED_ITEM('',(#560),#561);
#203=STYLED_ITEM('',(#562),#563);
#204=STYLED_ITEM('',(#564),#565);
#205=STYLED_ITEM('',(#566),#567);
#206=STYLED_ITEM('',(#568),#569);
#207=STYLED_ITEM('',(#570),#571);
#208=STYLED_ITEM('',(#572),#573);
#209=STYLED_ITEM('',(#574),#575);
#210=STYLED_ITEM('',(#576),#577);
#211=STYLED_ITEM('',(#578),#579);
#212=STYLED_ITEM('',(#580),#243);
#215=UNCERTAINTY_MEASURE_WITH_UNIT(LENGTH_MEASURE(1.0E-08),#217,'','');
#217= (CONVERSION_BASED_UNIT('METRE',#583)LENGTH_UNIT()NAMED_UNIT(#586));
#218= (NAMED_UNIT(#588)PLANE_ANGLE_UNIT()SI_UNIT($,.RADIAN.));
#219= (NAMED_UNIT(#588)SOLID_ANGLE_UNIT()SI_UNIT($,.STERADIAN.));
#221=PRODUCT('ASSY_CAP','ASSY_CAP','PART--DESC',(#594));
#222=PRODUCT_DEFINITION('ASSY_CAP','ASSY_CAP',#595,#1);
#223=AXIS2_PLACEMENT_3D('',#596,#597,#598);
#224=AXIS2_PLACEMENT_3D('',#599,#600,#601);
#225=AXIS2_PLACEMENT_3D('',#602,#603,#604);
#226= (GEOMETRIC_REPRESENTATION_CONTEXT(3)GLOBAL_UNCERTAINTY_ASSIGNED_CONTEXT((#607))GLOBAL_UNIT_ASSIGNED_CONTEXT((#609,#610,#611))REPRESENTATION_CONTEXT('NONE','WORKSPACE'));
#227=PRODUCT('Cap_holder','Cap_holder','PART-Cap_holder-DESC',(#613));
#230=ITEM_DEFINED_TRANSFORMATION('','',#223,#224);
#232=NEXT_ASSEMBLY_USAGE_OCCURRENCE('Cap_holder','Cap_holder','Cap_holder',#222,#233,$);
#233=PRODUCT_DEFINITION('Cap_holder','Cap_holder',#614,#5);
#234=MANIFOLD_SOLID_BREP('CAP_Body',#615);
#235=SHELL_BASED_SURFACE_MODEL('Surface',(#616));
#236=PRODUCT('Blade','Blade','PART--DESC',(#617));
#239=ITEM_DEFINED_TRANSFORMATION('','',#223,#225);
#241=NEXT_ASSEMBLY_USAGE_OCCURRENCE('Blade','Blade','Blade',#222,#242,$);
#242=PRODUCT_DEFINITION('Blade','Blade',#618,#11);
#243=MANIFOLD_SOLID_BREP('CAP_Blade',#619);
#244=PRESENTATION_STYLE_ASSIGNMENT((#620));
#245=ADVANCED_FACE('47:3562',(#621,#622),#623,.F.);
#246=PRESENTATION_STYLE_ASSIGNMENT((#624));
#247=ADVANCED_FACE('47:4018',(#625,#626),#627,.T.);
#248=PRESENTATION_STYLE_ASSIGNMENT((#628));
#249=ADVANCED_FACE('47:3810',(#629,#630),#631,.T.);
#250=PRESENTATION_STYLE_ASSIGNMENT((#632));
#251=ADVANCED_FACE('47:3579',(#633,#634),#635,.F.);
#252=PRESENTATION_STYLE_ASSIGNMENT((#636));
#253=ADVANCED_FACE('47:2514',(#637,#638),#639,.F.);
#254=PRESENTATION_STYLE_ASSIGNMENT((#640));
#255=ADVANCED_FACE('47:3458',(#641,#642),#643,.T.);
#256=PRESENTATION_STYLE_ASSIGNMENT((#644));
#257=ADVANCED_FACE('47:2531',(#645,#646),#647,.F.);
#258=PRESENTATION_STYLE_ASSIGNMENT((#648));
#259=ADVANCED_FACE('47:3042',(#649,#650),#651,.T.);
#260=PRESENTATION_STYLE_ASSIGNMENT((#652));
#261=ADVANCED_FACE('47:2548',(#653,#654),#655,.F.);
#262=PRESENTATION_STYLE_ASSIGNMENT((#656));
#263=ADVANCED_FACE('47:2808',(#657,#658),#659,.T.);
#264=PRESENTATION_STYLE_ASSIGNMENT((#660));
#265=ADVANCED_FACE('28:10857',(#661,#662),#663,.F.);
#266=PRESENTATION_STYLE_ASSIGNMENT((#664));
#267=ADVANCED_FACE('46:45',(#665,#666),#667,.F.);
#268=PRESENTATION_STYLE_ASSIGNMENT((#668));
#269=ADVANCED_FACE('46:1399',(#669,#670),#671,.F.);
#270=PRESENTATION_STYLE_ASSIGNMENT((#672));
#271=ADVANCED_FACE('46:1396',(#673,#674),#675,.T.);
#272=PRESENTATION_STYLE_ASSIGNMENT((#676));
#273=ADVANCED_FACE('24:22364',(#677),#678,.T.);
#274=PRESENTATION_STYLE_ASSIGNMENT((#679));
#275=ADVANCED_FACE('24:21861',(#680),#681,.F.);
#276=PRESENTATION_STYLE_ASSIGNMENT((#682));
#277=ADVANCED_FACE('24:10037',(#683),#684,.T.);
#278=PRESENTATION_STYLE_ASSIGNMENT((#685));
#279=ADVANCED_FACE('24:9606',(#686),#687,.F.);
#280=PRESENTATION_STYLE_ASSIGNMENT((#688));
#281=ADVANCED_FACE('42:69',(#689),#690,.T.);
#282=PRESENTATION_STYLE_ASSIGNMENT((#691));
#283=ADVANCED_FACE('18:7674',(#692),#693,.T.);
#284=PRESENTATION_STYLE_ASSIGNMENT((#694));
#285=ADVANCED_FACE('42:115',(#695),#696,.T.);
#286=PRESENTATION_STYLE_ASSIGNMENT((#697));
#287=ADVANCED_FACE('42:2313',(#698),#699,.T.);
#288=PRESENTATION_STYLE_ASSIGNMENT((#700));
#289=ADVANCED_FACE('31:33',(#701,#702),#703,.F.);
#290=PRESENTATION_STYLE_ASSIGNMENT((#704));
#291=ADVANCED_FACE('40:4696',(#705),#706,.T.);
#292=PRESENTATION_STYLE_ASSIGNMENT((#707));
#293=ADVANCED_FACE('40:5300',(#708),#709,.T.);
#294=PRESENTATION_STYLE_ASSIGNMENT((#710));
#295=ADVANCED_FACE('9:14398',(#711),#712,.T.);
#296=PRESENTATION_STYLE_ASSIGNMENT((#713));
#297=ADVANCED_FACE('40:70',(#714),#715,.T.);
#298=PRESENTATION_STYLE_ASSIGNMENT((#716));
#299=ADVANCED_FACE('40:795',(#717),#718,.T.);
#300=PRESENTATION_STYLE_ASSIGNMENT((#719));
#301=ADVANCED_FACE('28:9043',(#720,#721),#722,.T.);
#302=PRESENTATION_STYLE_ASSIGNMENT((#723));
#303=ADVANCED_FACE('40:4693',(#724,#725),#726,.T.);
#304=PRESENTATION_STYLE_ASSIGNMENT((#727));
#305=ADVANCED_FACE('42:112',(#728),#729,.T.);
#306=PRESENTATION_STYLE_ASSIGNMENT((#730));
#307=ADVANCED_FACE('24:10034',(#731),#732,.T.);
#308=PRESENTATION_STYLE_ASSIGNMENT((#733));
#309=ADVANCED_FACE('32:27155',(#734),#735,.T.);
#310=PRESENTATION_STYLE_ASSIGNMENT((#736));
#311=ADVANCED_FACE('32:22118',(#737),#738,.F.);
#312=PRESENTATION_STYLE_ASSIGNMENT((#739));
#313=ADVANCED_FACE('40:67',(#740,#741),#742,.T.);
#314=PRESENTATION_STYLE_ASSIGNMENT((#743));
#315=ADVANCED_FACE('46:42',(#744,#745),#746,.F.);
#316=PRESENTATION_STYLE_ASSIGNMENT((#747));
#317=ADVANCED_FACE('28:10860',(#748,#749),#750,.T.);
#318=PRESENTATION_STYLE_ASSIGNMENT((#751));
#319=ADVANCED_FACE('26:688',(#752),#753,.F.);
#320=PRESENTATION_STYLE_ASSIGNMENT((#754));
#321=ADVANCED_FACE('23:72',(#755),#756,.T.);
#322=PRESENTATION_STYLE_ASSIGNMENT((#757));
#323=ADVANCED_FACE('24:218',(#758,#759),#760,.F.);
#324=PRESENTATION_STYLE_ASSIGNMENT((#761));
#325=ADVANCED_FACE('17:14083',(#762),#763,.T.);
#326=PRESENTATION_STYLE_ASSIGNMENT((#764));
#327=ADVANCED_FACE('17:4304',(#765),#766,.T.);
#328=PRESENTATION_STYLE_ASSIGNMENT((#767));
#329=ADVANCED_FACE('4:485',(#768),#769,.F.);
#330=PRESENTATION_STYLE_ASSIGNMENT((#770));
#331=ADVANCED_FACE('4:479',(#771),#772,.F.);
#332=PRESENTATION_STYLE_ASSIGNMENT((#773));
#333=ADVANCED_FACE('32:25061',(#774),#775,.T.);
#334=PRESENTATION_STYLE_ASSIGNMENT((#776));
#335=ADVANCED_FACE('3:2094',(#777),#778,.T.);
#336=PRESENTATION_STYLE_ASSIGNMENT((#779));
#337=ADVANCED_FACE('32:22121',(#780),#781,.F.);
#338=PRESENTATION_STYLE_ASSIGNMENT((#782));
#339=ADVANCED_FACE('2:2297',(#783),#784,.F.);
#340=PRESENTATION_STYLE_ASSIGNMENT((#785));
#341=ADVANCED_FACE('2:304',(#786),#787,.T.);
#342=PRESENTATION_STYLE_ASSIGNMENT((#788));
#343=ADVANCED_FACE('2:812',(#789),#790,.T.);
#344=PRESENTATION_STYLE_ASSIGNMENT((#791));
#345=ADVANCED_FACE('1:442',(#792,#793),#794,.T.);
#346=PRESENTATION_STYLE_ASSIGNMENT((#795));
#347=ADVANCED_FACE('9:14409',(#796),#797,.T.);
#348=PRESENTATION_STYLE_ASSIGNMENT((#798));
#349=ADVANCED_FACE('17:14196',(#799),#800,.T.);
#350=PRESENTATION_STYLE_ASSIGNMENT((#801));
#351=ADVANCED_FACE('13:1475',(#802,#803),#804,.T.);
#352=PRESENTATION_STYLE_ASSIGNMENT((#805));
#353=ADVANCED_FACE('32:7814',(#806),#807,.T.);
#354=PRESENTATION_STYLE_ASSIGNMENT((#808));
#355=ADVANCED_FACE('1:10086',(#809),#810,.T.);
#356=PRESENTATION_STYLE_ASSIGNMENT((#811));
#357=ADVANCED_FACE('1:15268',(#812),#813,.F.);
#358=PRESENTATION_STYLE_ASSIGNMENT((#814));
#359=ADVANCED_FACE('1:15262',(#815),#816,.F.);
#360=PRESENTATION_STYLE_ASSIGNMENT((#817));
#361=ADVANCED_FACE('3:993',(#818),#819,.T.);
#362=PRESENTATION_STYLE_ASSIGNMENT((#820));
#363=ADVANCED_FACE('3:990',(#821),#822,.T.);
#364=PRESENTATION_STYLE_ASSIGNMENT((#823));
#365=ADVANCED_FACE('3:5345',(#824),#825,.T.);
#366=PRESENTATION_STYLE_ASSIGNMENT((#826));
#367=ADVANCED_FACE('3:6490',(#827),#828,.T.);
#368=PRESENTATION_STYLE_ASSIGNMENT((#829));
#369=ADVANCED_FACE('3:6487',(#830),#831,.T.);
#370=PRESENTATION_STYLE_ASSIGNMENT((#832));
#371=ADVANCED_FACE('4:1732',(#833),#834,.T.);
#372=PRESENTATION_STYLE_ASSIGNMENT((#835));
#373=ADVANCED_FACE('9:1319',(#836),#837,.T.);
#374=PRESENTATION_STYLE_ASSIGNMENT((#838));
#375=ADVANCED_FACE('9:6484',(#839),#840,.T.);
#376=PRESENTATION_STYLE_ASSIGNMENT((#841));
#377=ADVANCED_FACE('9:6475',(#842),#843,.T.);
#378=PRESENTATION_STYLE_ASSIGNMENT((#844));
#379=ADVANCED_FACE('9:14294',(#845),#846,.T.);
#380=PRESENTATION_STYLE_ASSIGNMENT((#847));
#381=ADVANCED_FACE('10:9214',(#848),#849,.T.);
#382=PRESENTATION_STYLE_ASSIGNMENT((#850));
#383=ADVANCED_FACE('10:11961',(#851),#852,.T.);
#384=PRESENTATION_STYLE_ASSIGNMENT((#853));
#385=ADVANCED_FACE('11:6378',(#854),#855,.T.);
#386=PRESENTATION_STYLE_ASSIGNMENT((#856));
#387=ADVANCED_FACE('12:4015',(#857),#858,.T.);
#388=PRESENTATION_STYLE_ASSIGNMENT((#859));
#389=ADVANCED_FACE('12:4012',(#860),#861,.T.);
#390=PRESENTATION_STYLE_ASSIGNMENT((#862));
#391=ADVANCED_FACE('12:4009',(#863),#864,.T.);
#392=PRESENTATION_STYLE_ASSIGNMENT((#865));
#393=ADVANCED_FACE('12:6207',(#866),#867,.T.);
#394=PRESENTATION_STYLE_ASSIGNMENT((#868));
#395=ADVANCED_FACE('12:9099',(#869),#870,.T.);
#396=PRESENTATION_STYLE_ASSIGNMENT((#871));
#397=ADVANCED_FACE('13:1393',(#872),#873,.T.);
#398=PRESENTATION_STYLE_ASSIGNMENT((#874));
#399=ADVANCED_FACE('13:1384',(#875),#876,.T.);
#400=PRESENTATION_STYLE_ASSIGNMENT((#877));
#401=ADVANCED_FACE('13:3377',(#878),#879,.T.);
#402=PRESENTATION_STYLE_ASSIGNMENT((#880));
#403=ADVANCED_FACE('13:7252',(#881),#882,.T.);
#404=PRESENTATION_STYLE_ASSIGNMENT((#883));
#405=ADVANCED_FACE('14:2447',(#884),#885,.T.);
#406=PRESENTATION_STYLE_ASSIGNMENT((#886));
#407=ADVANCED_FACE('17:11179',(#887),#888,.T.);
#408=PRESENTATION_STYLE_ASSIGNMENT((#889));
#409=ADVANCED_FACE('14:2364',(#890),#891,.T.);
#410=PRESENTATION_STYLE_ASSIGNMENT((#892));
#411=ADVANCED_FACE('14:2358',(#893),#894,.T.);
#412=PRESENTATION_STYLE_ASSIGNMENT((#895));
#413=ADVANCED_FACE('16:4511',(#896),#897,.T.);
#414=PRESENTATION_STYLE_ASSIGNMENT((#898));
#415=ADVANCED_FACE('17:9802',(#899),#900,.T.);
#416=PRESENTATION_STYLE_ASSIGNMENT((#901));
#417=ADVANCED_FACE('42:2317',(#902),#903,.T.);
#418=PRESENTATION_STYLE_ASSIGNMENT((#904));
#419=ADVANCED_FACE('17:9793',(#905),#906,.T.);
#420=PRESENTATION_STYLE_ASSIGNMENT((#907));
#421=ADVANCED_FACE('17:11092',(#908),#909,.T.);
#422=PRESENTATION_STYLE_ASSIGNMENT((#910));
#423=ADVANCED_FACE('17:11089',(#911),#912,.T.);
#424=PRESENTATION_STYLE_ASSIGNMENT((#913));
#425=ADVANCED_FACE('17:11086',(#914),#915,.T.);
#426=PRESENTATION_STYLE_ASSIGNMENT((#916));
#427=ADVANCED_FACE('42:1370',(#917),#918,.T.);
#428=PRESENTATION_STYLE_ASSIGNMENT((#919));
#429=ADVANCED_FACE('17:14074',(#920),#921,.T.);
#430=PRESENTATION_STYLE_ASSIGNMENT((#922));
#431=ADVANCED_FACE('18:7346',(#923),#924,.F.);
#432=PRESENTATION_STYLE_ASSIGNMENT((#925));
#433=ADVANCED_FACE('42:2913',(#926),#927,.F.);
#434=PRESENTATION_STYLE_ASSIGNMENT((#928));
#435=ADVANCED_FACE('18:12992',(#929),#930,.F.);
#436=PRESENTATION_STYLE_ASSIGNMENT((#931));
#437=ADVANCED_FACE('18:12989',(#932),#933,.F.);
#438=PRESENTATION_STYLE_ASSIGNMENT((#934));
#439=ADVANCED_FACE('19:5435',(#935),#936,.T.);
#440=PRESENTATION_STYLE_ASSIGNMENT((#937));
#441=ADVANCED_FACE('19:5432',(#938),#939,.T.);
#442=PRESENTATION_STYLE_ASSIGNMENT((#940));
#443=ADVANCED_FACE('20:916',(#941),#942,.T.);
#444=PRESENTATION_STYLE_ASSIGNMENT((#943));
#445=ADVANCED_FACE('21:2439',(#944),#945,.T.);
#446=PRESENTATION_STYLE_ASSIGNMENT((#946));
#447=ADVANCED_FACE('21:2436',(#947),#948,.T.);
#448=PRESENTATION_STYLE_ASSIGNMENT((#949));
#449=ADVANCED_FACE('21:2433',(#950),#951,.T.);
#450=PRESENTATION_STYLE_ASSIGNMENT((#952));
#451=ADVANCED_FACE('21:4140',(#953,#954),#955,.F.);
#452=PRESENTATION_STYLE_ASSIGNMENT((#956));
#453=ADVANCED_FACE('22:2314',(#957),#958,.T.);
#454=PRESENTATION_STYLE_ASSIGNMENT((#959));
#455=ADVANCED_FACE('22:2311',(#960),#961,.T.);
#456=PRESENTATION_STYLE_ASSIGNMENT((#962));
#457=ADVANCED_FACE('22:4186',(#963),#964,.T.);
#458=PRESENTATION_STYLE_ASSIGNMENT((#965));
#459=ADVANCED_FACE('24:9624',(#966),#967,.F.);
#460=PRESENTATION_STYLE_ASSIGNMENT((#968));
#461=ADVANCED_FACE('24:9621',(#969),#970,.F.);
#462=PRESENTATION_STYLE_ASSIGNMENT((#971));
#463=ADVANCED_FACE('24:9618',(#972),#973,.F.);
#464=PRESENTATION_STYLE_ASSIGNMENT((#974));
#465=ADVANCED_FACE('24:9612',(#975),#976,.F.);
#466=PRESENTATION_STYLE_ASSIGNMENT((#977));
#467=ADVANCED_FACE('24:9609',(#978),#979,.F.);
#468=PRESENTATION_STYLE_ASSIGNMENT((#980));
#469=ADVANCED_FACE('24:21879',(#981),#982,.F.);
#470=PRESENTATION_STYLE_ASSIGNMENT((#983));
#471=ADVANCED_FACE('24:21876',(#984),#985,.F.);
#472=PRESENTATION_STYLE_ASSIGNMENT((#986));
#473=ADVANCED_FACE('24:21870',(#987),#988,.F.);
#474=PRESENTATION_STYLE_ASSIGNMENT((#989));
#475=ADVANCED_FACE('24:21867',(#990),#991,.F.);
#476=PRESENTATION_STYLE_ASSIGNMENT((#992));
#477=ADVANCED_FACE('24:21864',(#993),#994,.F.);
#478=PRESENTATION_STYLE_ASSIGNMENT((#995));
#479=ADVANCED_FACE('32:7589',(#996),#997,.T.);
#480=PRESENTATION_STYLE_ASSIGNMENT((#998));
#481=ADVANCED_FACE('32:7586',(#999),#1000,.T.);
#482=PRESENTATION_STYLE_ASSIGNMENT((#1001));
#483=ADVANCED_FACE('32:21844',(#1002),#1003,.T.);
#484=PRESENTATION_STYLE_ASSIGNMENT((#1004));
#485=ADVANCED_FACE('47:1460',(#1005,#1006),#1007,.F.);
#486=PRESENTATION_STYLE_ASSIGNMENT((#1008));
#487=ADVANCED_FACE('47:2388',(#1009,#1010),#1011,.F.);
#488=PRESENTATION_STYLE_ASSIGNMENT((#1012));
#489=ADVANCED_FACE('14:2450',(#1013),#1014,.T.);
#490=PRESENTATION_STYLE_ASSIGNMENT((#1015));
#491=ADVANCED_FACE('17:11182',(#1016),#1017,.T.);
#492=PRESENTATION_STYLE_ASSIGNMENT((#1018));
#493=ADVANCED_FACE('17:9895',(#1019),#1020,.T.);
#494=PRESENTATION_STYLE_ASSIGNMENT((#1021));
#495=ADVANCED_FACE('32:7817',(#1022),#1023,.T.);
#496=PRESENTATION_STYLE_ASSIGNMENT((#1024));
#497=ADVANCED_FACE('47:3576',(#1025,#1026,#1027,#1028),#1029,.F.);
#498=PRESENTATION_STYLE_ASSIGNMENT((#1030));
#499=ADVANCED_FACE('42:2916',(#1031),#1032,.F.);
#500=PRESENTATION_STYLE_ASSIGNMENT((#1033));
#501=ADVANCED_FACE('42:2320',(#1034),#1035,.T.);
#502=PRESENTATION_STYLE_ASSIGNMENT((#1036));
#503=ADVANCED_FACE('42:1373',(#1037),#1038,.T.);
#504=PRESENTATION_STYLE_ASSIGNMENT((#1039));
#505=ADVANCED_FACE('47:39',(#1040,#1041,#1042,#1043),#1044,.T.);
#506=PRESENTATION_STYLE_ASSIGNMENT((#1045));
#507=PRESENTATION_STYLE_ASSIGNMENT((#1046));
#508=FACE_SURFACE('50:499',(#1047),#1048,.T.);
#509=PRESENTATION_STYLE_ASSIGNMENT((#1049));
#510=FACE_SURFACE('50:502',(#1050,#1051),#1052,.T.);
#511=PRESENTATION_STYLE_ASSIGNMENT((#1053));
#512=FACE_SURFACE('50:508',(#1054,#1055),#1056,.T.);
#513=PRESENTATION_STYLE_ASSIGNMENT((#1057));
#514=PRESENTATION_STYLE_ASSIGNMENT((#1058));
#515=ADVANCED_FACE('37:104',(#1059),#1060,.F.);
#516=PRESENTATION_STYLE_ASSIGNMENT((#1061));
#517=ADVANCED_FACE('37:107',(#1062),#1063,.F.);
#518=PRESENTATION_STYLE_ASSIGNMENT((#1064));
#519=ADVANCED_FACE('37:101',(#1065),#1066,.F.);
#520=PRESENTATION_STYLE_ASSIGNMENT((#1067));
#521=ADVANCED_FACE('37:20',(#1068,#1069),#1070,.F.);
#522=PRESENTATION_STYLE_ASSIGNMENT((#1071));
#523=ADVANCED_FACE('37:23',(#1072),#1073,.F.);
#524=PRESENTATION_STYLE_ASSIGNMENT((#1074));
#525=ADVANCED_FACE('37:38',(#1075),#1076,.F.);
#526=PRESENTATION_STYLE_ASSIGNMENT((#1077));
#527=ADVANCED_FACE('37:41',(#1078),#1079,.F.);
#528=PRESENTATION_STYLE_ASSIGNMENT((#1080));
#529=ADVANCED_FACE('37:35',(#1081),#1082,.F.);
#530=PRESENTATION_STYLE_ASSIGNMENT((#1083));
#531=ADVANCED_FACE('37:47',(#1084,#1085),#1086,.T.);
#532=PRESENTATION_STYLE_ASSIGNMENT((#1087));
#533=ADVANCED_FACE('37:50',(#1088,#1089),#1090,.F.);
#534=PRESENTATION_STYLE_ASSIGNMENT((#1091));
#535=ADVANCED_FACE('37:44',(#1092),#1093,.F.);
#536=PRESENTATION_STYLE_ASSIGNMENT((#1094));
#537=ADVANCED_FACE('37:32',(#1095),#1096,.F.);
#538=PRESENTATION_STYLE_ASSIGNMENT((#1097));
#539=ADVANCED_FACE('37:29',(#1098),#1099,.F.);
#540=PRESENTATION_STYLE_ASSIGNMENT((#1100));
#541=ADVANCED_FACE('37:26',(#1101),#1102,.F.);
#542=PRESENTATION_STYLE_ASSIGNMENT((#1103));
#543=ADVANCED_FACE('37:116',(#1104,#1105),#1106,.F.);
#544=PRESENTATION_STYLE_ASSIGNMENT((#1107));
#545=ADVANCED_FACE('37:113',(#1108,#1109),#1110,.F.);
#546=PRESENTATION_STYLE_ASSIGNMENT((#1111));
#547=ADVANCED_FACE('37:53',(#1112),#1113,.F.);
#548=PRESENTATION_STYLE_ASSIGNMENT((#1114));
#549=ADVANCED_FACE('37:56',(#1115),#1116,.F.);
#550=PRESENTATION_STYLE_ASSIGNMENT((#1117));
#551=ADVANCED_FACE('37:59',(#1118),#1119,.F.);
#552=PRESENTATION_STYLE_ASSIGNMENT((#1120));
#553=ADVANCED_FACE('37:62',(#1121),#1122,.F.);
#554=PRESENTATION_STYLE_ASSIGNMENT((#1123));
#555=ADVANCED_FACE('37:65',(#1124),#1125,.F.);
#556=PRESENTATION_STYLE_ASSIGNMENT((#1126));
#557=ADVANCED_FACE('37:68',(#1127),#1128,.F.);
#558=PRESENTATION_STYLE_ASSIGNMENT((#1129));
#559=ADVANCED_FACE('37:71',(#1130),#1131,.F.);
#560=PRESENTATION_STYLE_ASSIGNMENT((#1132));
#561=ADVANCED_FACE('37:74',(#1133),#1134,.F.);
#562=PRESENTATION_STYLE_ASSIGNMENT((#1135));
#563=ADVANCED_FACE('37:77',(#1136),#1137,.F.);
#564=PRESENTATION_STYLE_ASSIGNMENT((#1138));
#565=ADVANCED_FACE('37:80',(#1139),#1140,.F.);
#566=PRESENTATION_STYLE_ASSIGNMENT((#1141));
#567=ADVANCED_FACE('37:83',(#1142),#1143,.F.);
#568=PRESENTATION_STYLE_ASSIGNMENT((#1144));
#569=ADVANCED_FACE('37:86',(#1145),#1146,.F.);
#570=PRESENTATION_STYLE_ASSIGNMENT((#1147));
#571=ADVANCED_FACE('37:89',(#1148),#1149,.F.);
#572=PRESENTATION_STYLE_ASSIGNMENT((#1150));
#573=ADVANCED_FACE('37:92',(#1151),#1152,.F.);
#574=PRESENTATION_STYLE_ASSIGNMENT((#1153));
#575=ADVANCED_FACE('37:95',(#1154),#1155,.F.);
#576=PRESENTATION_STYLE_ASSIGNMENT((#1156));
#577=ADVANCED_FACE('37:98',(#1157),#1158,.F.);
#578=PRESENTATION_STYLE_ASSIGNMENT((#1159));
#579=ADVANCED_FACE('37:110',(#1160),#1161,.F.);
#580=PRESENTATION_STYLE_ASSIGNMENT((#1162));
#583=LENGTH_MEASURE_WITH_UNIT(LENGTH_MEASURE(1.0),#1163);
#586=DIMENSIONAL_EXPONENTS(1.0,0.0,0.0,0.0,0.0,0.0,0.0);
#588=DIMENSIONAL_EXPONENTS(0.0,0.0,0.0,0.0,0.0,0.0,0.0);
#594=PRODUCT_CONTEXT('',#22,'mechanical');
#595=PRODUCT_DEFINITION_FORMATION_WITH_SPECIFIED_SOURCE(' ','NONE',#221,.NOT_KNOWN.);
#596=CARTESIAN_POINT('',(0.0,0.0,0.0));
#597=DIRECTION('',(0.0,0.0,1.0));
#598=DIRECTION('',(1.0,0.0,0.0));
#599=CARTESIAN_POINT('',(0.0,0.0,0.0));
#600=DIRECTION('',(0.0,0.0,1.0));
#601=DIRECTION('',(1.0,0.0,0.0));
#602=CARTESIAN_POINT('',(0.0,0.0,0.0));
#603=DIRECTION('',(0.0,0.0,1.0));
#604=DIRECTION('',(1.0,0.0,0.0));
#607=UNCERTAINTY_MEASURE_WITH_UNIT(LENGTH_MEASURE(1.0E-08),#609,'','');
#609= (CONVERSION_BASED_UNIT('METRE',#1166)LENGTH_UNIT()NAMED_UNIT(#1169));
#610= (NAMED_UNIT(#1171)PLANE_ANGLE_UNIT()SI_UNIT($,.RADIAN.));
#611= (NAMED_UNIT(#1171)SOLID_ANGLE_UNIT()SI_UNIT($,.STERADIAN.));
#613=PRODUCT_CONTEXT('',#27,'mechanical');
#614=PRODUCT_DEFINITION_FORMATION_WITH_SPECIFIED_SOURCE(' ','NONE',#227,.NOT_KNOWN.);
#615=CLOSED_SHELL('',(#245,#247,#249,#251,#253,#255,#257,#259,#261,#263,#265,#267,#269,#271,#273,#275,#277,#279,#281,#283,#285,#287,#289,#291,#293,#295,#297,#299,#301,#303,#305,#307,#309,#311,#313,#315,#317,#319,#321,#323,#325,#327,#329,#331,#333,#335,#337,#339,#341,#343,#345,#347,#349,#351,#353,#355,#357,#359,#361,#363,#365,#367,#369,#371,#373,#375,#377,#379,#381,#383,#385,#387,#389,#391,#393,#395,#397,#399,#401,#403,#405,#407,#409,#411,#413,#415,#417,#419,#421,#423,#425,#427,#429,#431,#433,#435,#437,#439,#441,#443,#445,#447,#449,#451,#453,#455,#457,#459,#461,#463,#465,#467,#469,#471,#473,#475,#477,#479,#481,#483,#485,#487,#489,#491,#493,#495,#497,#499,#501,#503,#505));
#616=CLOSED_SHELL('',(#508,#510,#512));
#617=PRODUCT_CONTEXT('',#35,'mechanical');
#618=PRODUCT_DEFINITION_FORMATION_WITH_SPECIFIED_SOURCE(' ','NONE',#236,.NOT_KNOWN.);
#619=CLOSED_SHELL('',(#515,#517,#519,#521,#523,#525,#527,#529,#531,#533,#535,#537,#539,#541,#543,#545,#547,#549,#551,#553,#555,#557,#559,#561,#563,#565,#567,#569,#571,#573,#575,#577,#579));
#620=SURFACE_STYLE_USAGE(.BOTH.,#1177);
#621=FACE_BOUND('',#1178,.T.);
#622=FACE_OUTER_BOUND('',#1179,.T.);
#623=PLANE('',#1180);
#624=SURFACE_STYLE_USAGE(.BOTH.,#1181);
#625=FACE_OUTER_BOUND('',#1182,.T.);
#626=FACE_OUTER_BOUND('',#1183,.T.);
#627=CYLINDRICAL_SURFACE('',#1184,0.001575);
#628=SURFACE_STYLE_USAGE(.BOTH.,#1185);
#629=FACE_OUTER_BOUND('',#1186,.T.);
#630=FACE_OUTER_BOUND('',#1187,.T.);
#631=CYLINDRICAL_SURFACE('',#1188,0.001575);
#632=SURFACE_STYLE_USAGE(.BOTH.,#1189);
#633=FACE_BOUND('',#1190,.T.);
#634=FACE_OUTER_BOUND('',#1191,.T.);
#635=PLANE('',#1192);
#636=SURFACE_STYLE_USAGE(.BOTH.,#1193);
#637=FACE_BOUND('',#1194,.T.);
#638=FACE_OUTER_BOUND('',#1195,.T.);
#639=PLANE('',#1196);
#640=SURFACE_STYLE_USAGE(.BOTH.,#1197);
#641=FACE_OUTER_BOUND('',#1198,.T.);
#642=FACE_OUTER_BOUND('',#1199,.T.);
#643=CYLINDRICAL_SURFACE('',#1200,0.001);
#644=SURFACE_STYLE_USAGE(.BOTH.,#1201);
#645=FACE_BOUND('',#1202,.T.);
#646=FACE_OUTER_BOUND('',#1203,.T.);
#647=PLANE('',#1204);
#648=SURFACE_STYLE_USAGE(.BOTH.,#1205);
#649=FACE_OUTER_BOUND('',#1206,.T.);
#650=FACE_OUTER_BOUND('',#1207,.T.);
#651=CYLINDRICAL_SURFACE('',#1208,0.0011);
#652=SURFACE_STYLE_USAGE(.BOTH.,#1209);
#653=FACE_BOUND('',#1210,.T.);
#654=FACE_OUTER_BOUND('',#1211,.T.);
#655=PLANE('',#1212);
#656=SURFACE_STYLE_USAGE(.BOTH.,#1213);
#657=FACE_OUTER_BOUND('',#1214,.T.);
#658=FACE_OUTER_BOUND('',#1215,.T.);
#659=CYLINDRICAL_SURFACE('',#1216,0.0011);
#660=SURFACE_STYLE_USAGE(.BOTH.,#1217);
#661=FACE_OUTER_BOUND('',#1218,.T.);
#662=FACE_OUTER_BOUND('',#1219,.T.);
#663=CYLINDRICAL_SURFACE('',#1220,0.0004);
#664=SURFACE_STYLE_USAGE(.BOTH.,#1221);
#665=FACE_BOUND('',#1222,.T.);
#666=FACE_OUTER_BOUND('',#1223,.T.);
#667=PLANE('',#1224);
#668=SURFACE_STYLE_USAGE(.BOTH.,#1225);
#669=FACE_OUTER_BOUND('',#1226,.T.);
#670=FACE_OUTER_BOUND('',#1227,.T.);
#671=CYLINDRICAL_SURFACE('',#1228,0.01455);
#672=SURFACE_STYLE_USAGE(.BOTH.,#1229);
#673=FACE_OUTER_BOUND('',#1230,.T.);
#674=FACE_OUTER_BOUND('',#1231,.T.);
#675=CYLINDRICAL_SURFACE('',#1232,0.0128);
#676=SURFACE_STYLE_USAGE(.BOTH.,#1233);
#677=FACE_OUTER_BOUND('',#1234,.T.);
#678=PLANE('',#1235);
#679=SURFACE_STYLE_USAGE(.BOTH.,#1236);
#680=FACE_OUTER_BOUND('',#1237,.T.);
#681=PLANE('',#1238);
#682=SURFACE_STYLE_USAGE(.BOTH.,#1239);
#683=FACE_OUTER_BOUND('',#1240,.T.);
#684=PLANE('',#1241);
#685=SURFACE_STYLE_USAGE(.BOTH.,#1242);
#686=FACE_OUTER_BOUND('',#1243,.T.);
#687=PLANE('',#1244);
#688=SURFACE_STYLE_USAGE(.BOTH.,#1245);
#689=FACE_OUTER_BOUND('',#1246,.T.);
#690=PLANE('',#1247);
#691=SURFACE_STYLE_USAGE(.BOTH.,#1248);
#692=FACE_OUTER_BOUND('',#1249,.T.);
#693=PLANE('',#1250);
#694=SURFACE_STYLE_USAGE(.BOTH.,#1251);
#695=FACE_OUTER_BOUND('',#1252,.T.);
#696=PLANE('',#1253);
#697=SURFACE_STYLE_USAGE(.BOTH.,#1254);
#698=FACE_OUTER_BOUND('',#1255,.T.);
#699=PLANE('',#1256);
#700=SURFACE_STYLE_USAGE(.BOTH.,#1257);
#701=FACE_OUTER_BOUND('',#1258,.T.);
#702=FACE_BOUND('',#1259,.T.);
#703=PLANE('',#1260);
#704=SURFACE_STYLE_USAGE(.BOTH.,#1261);
#705=FACE_OUTER_BOUND('',#1262,.T.);
#706=PLANE('',#1263);
#707=SURFACE_STYLE_USAGE(.BOTH.,#1264);
#708=FACE_OUTER_BOUND('',#1265,.T.);
#709=PLANE('',#1266);
#710=SURFACE_STYLE_USAGE(.BOTH.,#1267);
#711=FACE_OUTER_BOUND('',#1268,.T.);
#712=PLANE('',#1269);
#713=SURFACE_STYLE_USAGE(.BOTH.,#1270);
#714=FACE_OUTER_BOUND('',#1271,.T.);
#715=PLANE('',#1272);
#716=SURFACE_STYLE_USAGE(.BOTH.,#1273);
#717=FACE_OUTER_BOUND('',#1274,.T.);
#718=PLANE('',#1275);
#719=SURFACE_STYLE_USAGE(.BOTH.,#1276);
#720=FACE_BOUND('',#1277,.T.);
#721=FACE_OUTER_BOUND('',#1278,.T.);
#722=PLANE('',#1279);
#723=SURFACE_STYLE_USAGE(.BOTH.,#1280);
#724=FACE_OUTER_BOUND('',#1281,.T.);
#725=FACE_BOUND('',#1282,.T.);
#726=PLANE('',#1283);
#727=SURFACE_STYLE_USAGE(.BOTH.,#1284);
#728=FACE_OUTER_BOUND('',#1285,.T.);
#729=PLANE('',#1286);
#730=SURFACE_STYLE_USAGE(.BOTH.,#1287);
#731=FACE_OUTER_BOUND('',#1288,.T.);
#732=PLANE('',#1289);
#733=SURFACE_STYLE_USAGE(.BOTH.,#1290);
#734=FACE_OUTER_BOUND('',#1291,.T.);
#735=PLANE('',#1292);
#736=SURFACE_STYLE_USAGE(.BOTH.,#1293);
#737=FACE_OUTER_BOUND('',#1294,.T.);
#738=PLANE('',#1295);
#739=SURFACE_STYLE_USAGE(.BOTH.,#1296);
#740=FACE_OUTER_BOUND('',#1297,.T.);
#741=FACE_BOUND('',#1298,.T.);
#742=PLANE('',#1299);
#743=SURFACE_STYLE_USAGE(.BOTH.,#1300);
#744=FACE_BOUND('',#1301,.T.);
#745=FACE_OUTER_BOUND('',#1302,.T.);
#746=PLANE('',#1303);
#747=SURFACE_STYLE_USAGE(.BOTH.,#1304);
#748=FACE_OUTER_BOUND('',#1305,.T.);
#749=FACE_OUTER_BOUND('',#1306,.T.);
#750=CYLINDRICAL_SURFACE('',#1307,0.001);
#751=SURFACE_STYLE_USAGE(.BOTH.,#1308);
#752=FACE_OUTER_BOUND('',#1309,.T.);
#753=PLANE('',#1310);
#754=SURFACE_STYLE_USAGE(.BOTH.,#1311);
#755=FACE_OUTER_BOUND('',#1312,.T.);
#756=PLANE('',#1313);
#757=SURFACE_STYLE_USAGE(.BOTH.,#1314);
#758=FACE_OUTER_BOUND('',#1315,.T.);
#759=FACE_OUTER_BOUND('',#1316,.T.);
#760=CYLINDRICAL_SURFACE('',#1317,0.0005);
#761=SURFACE_STYLE_USAGE(.BOTH.,#1318);
#762=FACE_OUTER_BOUND('',#1319,.T.);
#763=PLANE('',#1320);
#764=SURFACE_STYLE_USAGE(.BOTH.,#1321);
#765=FACE_OUTER_BOUND('',#1322,.T.);
#766=PLANE('',#1323);
#767=SURFACE_STYLE_USAGE(.BOTH.,#1324);
#768=FACE_OUTER_BOUND('',#1325,.T.);
#769=PLANE('',#1326);
#770=SURFACE_STYLE_USAGE(.BOTH.,#1327);
#771=FACE_OUTER_BOUND('',#1328,.T.);
#772=PLANE('',#1329);
#773=SURFACE_STYLE_USAGE(.BOTH.,#1330);
#774=FACE_OUTER_BOUND('',#1331,.T.);
#775=PLANE('',#1332);
#776=SURFACE_STYLE_USAGE(.BOTH.,#1333);
#777=FACE_OUTER_BOUND('',#1334,.T.);
#778=PLANE('',#1335);
#779=SURFACE_STYLE_USAGE(.BOTH.,#1336);
#780=FACE_OUTER_BOUND('',#1337,.T.);
#781=PLANE('',#1338);
#782=SURFACE_STYLE_USAGE(.BOTH.,#1339);
#783=FACE_OUTER_BOUND('',#1340,.T.);
#784=PLANE('',#1341);
#785=SURFACE_STYLE_USAGE(.BOTH.,#1342);
#786=FACE_OUTER_BOUND('',#1343,.T.);
#787=PLANE('',#1344);
#788=SURFACE_STYLE_USAGE(.BOTH.,#1345);
#789=FACE_OUTER_BOUND('',#1346,.T.);
#790=PLANE('',#1347);
#791=SURFACE_STYLE_USAGE(.BOTH.,#1348);
#792=FACE_OUTER_BOUND('',#1349,.T.);
#793=FACE_BOUND('',#1350,.T.);
#794=PLANE('',#1351);
#795=SURFACE_STYLE_USAGE(.BOTH.,#1352);
#796=FACE_OUTER_BOUND('',#1353,.T.);
#797=PLANE('',#1354);
#798=SURFACE_STYLE_USAGE(.BOTH.,#1355);
#799=FACE_OUTER_BOUND('',#1356,.T.);
#800=PLANE('',#1357);
#801=SURFACE_STYLE_USAGE(.BOTH.,#1358);
#802=FACE_OUTER_BOUND('',#1359,.T.);
#803=FACE_BOUND('',#1360,.T.);
#804=PLANE('',#1361);
#805=SURFACE_STYLE_USAGE(.BOTH.,#1362);
#806=FACE_OUTER_BOUND('',#1363,.T.);
#807=PLANE('',#1364);
#808=SURFACE_STYLE_USAGE(.BOTH.,#1365);
#809=FACE_OUTER_BOUND('',#1366,.T.);
#810=PLANE('',#1367);
#811=SURFACE_STYLE_USAGE(.BOTH.,#1368);
#812=FACE_OUTER_BOUND('',#1369,.T.);
#813=PLANE('',#1370);
#814=SURFACE_STYLE_USAGE(.BOTH.,#1371);
#815=FACE_OUTER_BOUND('',#1372,.T.);
#816=PLANE('',#1373);
#817=SURFACE_STYLE_USAGE(.BOTH.,#1374);
#818=FACE_OUTER_BOUND('',#1375,.T.);
#819=PLANE('',#1376);
#820=SURFACE_STYLE_USAGE(.BOTH.,#1377);
#821=FACE_OUTER_BOUND('',#1378,.T.);
#822=PLANE('',#1379);
#823=SURFACE_STYLE_USAGE(.BOTH.,#1380);
#824=FACE_OUTER_BOUND('',#1381,.T.);
#825=PLANE('',#1382);
#826=SURFACE_STYLE_USAGE(.BOTH.,#1383);
#827=FACE_OUTER_BOUND('',#1384,.T.);
#828=PLANE('',#1385);
#829=SURFACE_STYLE_USAGE(.BOTH.,#1386);
#830=FACE_OUTER_BOUND('',#1387,.T.);
#831=PLANE('',#1388);
#832=SURFACE_STYLE_USAGE(.BOTH.,#1389);
#833=FACE_OUTER_BOUND('',#1390,.T.);
#834=PLANE('',#1391);
#835=SURFACE_STYLE_USAGE(.BOTH.,#1392);
#836=FACE_OUTER_BOUND('',#1393,.T.);
#837=PLANE('',#1394);
#838=SURFACE_STYLE_USAGE(.BOTH.,#1395);
#839=FACE_OUTER_BOUND('',#1396,.T.);
#840=PLANE('',#1397);
#841=SURFACE_STYLE_USAGE(.BOTH.,#1398);
#842=FACE_OUTER_BOUND('',#1399,.T.);
#843=PLANE('',#1400);
#844=SURFACE_STYLE_USAGE(.BOTH.,#1401);
#845=FACE_OUTER_BOUND('',#1402,.T.);
#846=PLANE('',#1403);
#847=SURFACE_STYLE_USAGE(.BOTH.,#1404);
#848=FACE_OUTER_BOUND('',#1405,.T.);
#849=PLANE('',#1406);
#850=SURFACE_STYLE_USAGE(.BOTH.,#1407);
#851=FACE_OUTER_BOUND('',#1408,.T.);
#852=PLANE('',#1409);
#853=SURFACE_STYLE_USAGE(.BOTH.,#1410);
#854=FACE_OUTER_BOUND('',#1411,.T.);
#855=PLANE('',#1412);
#856=SURFACE_STYLE_USAGE(.BOTH.,#1413);
#857=FACE_OUTER_BOUND('',#1414,.T.);
#858=PLANE('',#1415);
#859=SURFACE_STYLE_USAGE(.BOTH.,#1416);
#860=FACE_OUTER_BOUND('',#1417,.T.);
#861=PLANE('',#1418);
#862=SURFACE_STYLE_USAGE(.BOTH.,#1419);
#863=FACE_OUTER_BOUND('',#1420,.T.);
#864=PLANE('',#1421);
#865=SURFACE_STYLE_USAGE(.BOTH.,#1422);
#866=FACE_OUTER_BOUND('',#1423,.T.);
#867=PLANE('',#1424);
#868=SURFACE_STYLE_USAGE(.BOTH.,#1425);
#869=FACE_OUTER_BOUND('',#1426,.T.);
#870=PLANE('',#1427);
#871=SURFACE_STYLE_USAGE(.BOTH.,#1428);
#872=FACE_OUTER_BOUND('',#1429,.T.);
#873=PLANE('',#1430);
#874=SURFACE_STYLE_USAGE(.BOTH.,#1431);
#875=FACE_OUTER_BOUND('',#1432,.T.);
#876=PLANE('',#1433);
#877=SURFACE_STYLE_USAGE(.BOTH.,#1434);
#878=FACE_OUTER_BOUND('',#1435,.T.);
#879=PLANE('',#1436);
#880=SURFACE_STYLE_USAGE(.BOTH.,#1437);
#881=FACE_OUTER_BOUND('',#1438,.T.);
#882=PLANE('',#1439);
#883=SURFACE_STYLE_USAGE(.BOTH.,#1440);
#884=FACE_OUTER_BOUND('',#1441,.T.);
#885=PLANE('',#1442);
#886=SURFACE_STYLE_USAGE(.BOTH.,#1443);
#887=FACE_OUTER_BOUND('',#1444,.T.);
#888=PLANE('',#1445);
#889=SURFACE_STYLE_USAGE(.BOTH.,#1446);
#890=FACE_OUTER_BOUND('',#1447,.T.);
#891=PLANE('',#1448);
#892=SURFACE_STYLE_USAGE(.BOTH.,#1449);
#893=FACE_OUTER_BOUND('',#1450,.T.);
#894=PLANE('',#1451);
#895=SURFACE_STYLE_USAGE(.BOTH.,#1452);
#896=FACE_OUTER_BOUND('',#1453,.T.);
#897=PLANE('',#1454);
#898=SURFACE_STYLE_USAGE(.BOTH.,#1455);
#899=FACE_OUTER_BOUND('',#1456,.T.);
#900=PLANE('',#1457);
#901=SURFACE_STYLE_USAGE(.BOTH.,#1458);
#902=FACE_OUTER_BOUND('',#1459,.T.);
#903=PLANE('',#1460);
#904=SURFACE_STYLE_USAGE(.BOTH.,#1461);
#905=FACE_OUTER_BOUND('',#1462,.T.);
#906=PLANE('',#1463);
#907=SURFACE_STYLE_USAGE(.BOTH.,#1464);
#908=FACE_OUTER_BOUND('',#1465,.T.);
#909=PLANE('',#1466);
#910=SURFACE_STYLE_USAGE(.BOTH.,#1467);
#911=FACE_OUTER_BOUND('',#1468,.T.);
#912=PLANE('',#1469);
#913=SURFACE_STYLE_USAGE(.BOTH.,#1470);
#914=FACE_OUTER_BOUND('',#1471,.T.);
#915=PLANE('',#1472);
#916=SURFACE_STYLE_USAGE(.BOTH.,#1473);
#917=FACE_OUTER_BOUND('',#1474,.T.);
#918=PLANE('',#1475);
#919=SURFACE_STYLE_USAGE(.BOTH.,#1476);
#920=FACE_OUTER_BOUND('',#1477,.T.);
#921=PLANE('',#1478);
#922=SURFACE_STYLE_USAGE(.BOTH.,#1479);
#923=FACE_OUTER_BOUND('',#1480,.T.);
#924=PLANE('',#1481);
#925=SURFACE_STYLE_USAGE(.BOTH.,#1482);
#926=FACE_OUTER_BOUND('',#1483,.T.);
#927=PLANE('',#1484);
#928=SURFACE_STYLE_USAGE(.BOTH.,#1485);
#929=FACE_OUTER_BOUND('',#1486,.T.);
#930=PLANE('',#1487);
#931=SURFACE_STYLE_USAGE(.BOTH.,#1488);
#932=FACE_OUTER_BOUND('',#1489,.T.);
#933=PLANE('',#1490);
#934=SURFACE_STYLE_USAGE(.BOTH.,#1491);
#935=FACE_OUTER_BOUND('',#1492,.T.);
#936=PLANE('',#1493);
#937=SURFACE_STYLE_USAGE(.BOTH.,#1494);
#938=FACE_OUTER_BOUND('',#1495,.T.);
#939=PLANE('',#1496);
#940=SURFACE_STYLE_USAGE(.BOTH.,#1497);
#941=FACE_OUTER_BOUND('',#1498,.T.);
#942=PLANE('',#1499);
#943=SURFACE_STYLE_USAGE(.BOTH.,#1500);
#944=FACE_OUTER_BOUND('',#1501,.T.);
#945=PLANE('',#1502);
#946=SURFACE_STYLE_USAGE(.BOTH.,#1503);
#947=FACE_OUTER_BOUND('',#1504,.T.);
#948=PLANE('',#1505);
#949=SURFACE_STYLE_USAGE(.BOTH.,#1506);
#950=FACE_OUTER_BOUND('',#1507,.T.);
#951=PLANE('',#1508);
#952=SURFACE_STYLE_USAGE(.BOTH.,#1509);
#953=FACE_OUTER_BOUND('',#1510,.T.);
#954=FACE_OUTER_BOUND('',#1511,.T.);
#955=CYLINDRICAL_SURFACE('',#1512,0.0005);
#956=SURFACE_STYLE_USAGE(.BOTH.,#1513);
#957=FACE_OUTER_BOUND('',#1514,.T.);
#958=CYLINDRICAL_SURFACE('',#1515,0.0011);
#959=SURFACE_STYLE_USAGE(.BOTH.,#1516);
#960=FACE_OUTER_BOUND('',#1517,.T.);
#961=PLANE('',#1518);
#962=SURFACE_STYLE_USAGE(.BOTH.,#1519);
#963=FACE_OUTER_BOUND('',#1520,.T.);
#964=PLANE('',#1521);
#965=SURFACE_STYLE_USAGE(.BOTH.,#1522);
#966=FACE_OUTER_BOUND('',#1523,.T.);
#967=PLANE('',#1524);
#968=SURFACE_STYLE_USAGE(.BOTH.,#1525);
#969=FACE_OUTER_BOUND('',#1526,.T.);
#970=PLANE('',#1527);
#971=SURFACE_STYLE_USAGE(.BOTH.,#1528);
#972=FACE_OUTER_BOUND('',#1529,.T.);
#973=PLANE('',#1530);
#974=SURFACE_STYLE_USAGE(.BOTH.,#1531);
#975=FACE_OUTER_BOUND('',#1532,.T.);
#976=PLANE('',#1533);
#977=SURFACE_STYLE_USAGE(.BOTH.,#1534);
#978=FACE_OUTER_BOUND('',#1535,.T.);
#979=PLANE('',#1536);
#980=SURFACE_STYLE_USAGE(.BOTH.,#1537);
#981=FACE_OUTER_BOUND('',#1538,.T.);
#982=PLANE('',#1539);
#983=SURFACE_STYLE_USAGE(.BOTH.,#1540);
#984=FACE_OUTER_BOUND('',#1541,.T.);
#985=PLANE('',#1542);
#986=SURFACE_STYLE_USAGE(.BOTH.,#1543);
#987=FACE_OUTER_BOUND('',#1544,.T.);
#988=PLANE('',#1545);
#989=SURFACE_STYLE_USAGE(.BOTH.,#1546);
#990=FACE_OUTER_BOUND('',#1547,.T.);
#991=PLANE('',#1548);
#992=SURFACE_STYLE_USAGE(.BOTH.,#1549);
#993=FACE_OUTER_BOUND('',#1550,.T.);
#994=PLANE('',#1551);
#995=SURFACE_STYLE_USAGE(.BOTH.,#1552);
#996=FACE_OUTER_BOUND('',#1553,.T.);
#997=PLANE('',#1554);
#998=SURFACE_STYLE_USAGE(.BOTH.,#1555);
#999=FACE_OUTER_BOUND('',#1556,.T.);
#1000=PLANE('',#1557);
#1001=SURFACE_STYLE_USAGE(.BOTH.,#1558);
#1002=FACE_OUTER_BOUND('',#1559,.T.);
#1003=PLANE('',#1560);
#1004=SURFACE_STYLE_USAGE(.BOTH.,#1561);
#1005=FACE_OUTER_BOUND('',#1562,.T.);
#1006=FACE_OUTER_BOUND('',#1563,.T.);
#1007=CYLINDRICAL_SURFACE('',#1564,0.000449999999999999);
#1008=SURFACE_STYLE_USAGE(.BOTH.,#1565);
#1009=FACE_OUTER_BOUND('',#1566,.T.);
#1010=FACE_OUTER_BOUND('',#1567,.T.);
#1011=CYLINDRICAL_SURFACE('',#1568,0.000449999999999999);
#1012=SURFACE_STYLE_USAGE(.BOTH.,#1569);
#1013=FACE_OUTER_BOUND('',#1570,.T.);
#1014=PLANE('',#1571);
#1015=SURFACE_STYLE_USAGE(.BOTH.,#1572);
#1016=FACE_OUTER_BOUND('',#1573,.T.);
#1017=PLANE('',#1574);
#1018=SURFACE_STYLE_USAGE(.BOTH.,#1575);
#1019=FACE_OUTER_BOUND('',#1576,.T.);
#1020=PLANE('',#1577);
#1021=SURFACE_STYLE_USAGE(.BOTH.,#1578);
#1022=FACE_OUTER_BOUND('',#1579,.T.);
#1023=PLANE('',#1580);
#1024=SURFACE_STYLE_USAGE(.BOTH.,#1581);
#1025=FACE_BOUND('',#1582,.T.);
#1026=FACE_BOUND('',#1583,.T.);
#1027=FACE_BOUND('',#1584,.T.);
#1028=FACE_OUTER_BOUND('',#1585,.T.);
#1029=PLANE('',#1586);
#1030=SURFACE_STYLE_USAGE(.BOTH.,#1587);
#1031=FACE_OUTER_BOUND('',#1588,.T.);
#1032=PLANE('',#1589);
#1033=SURFACE_STYLE_USAGE(.BOTH.,#1590);
#1034=FACE_OUTER_BOUND('',#1591,.T.);
#1035=PLANE('',#1592);
#1036=SURFACE_STYLE_USAGE(.BOTH.,#1593);
#1037=FACE_OUTER_BOUND('',#1594,.T.);
#1038=PLANE('',#1595);
#1039=SURFACE_STYLE_USAGE(.BOTH.,#1596);
#1040=FACE_BOUND('',#1597,.T.);
#1041=FACE_BOUND('',#1598,.T.);
#1042=FACE_OUTER_BOUND('',#1599,.T.);
#1043=FACE_BOUND('',#1600,.T.);
#1044=PLANE('',#1601);
#1045=SURFACE_STYLE_USAGE(.BOTH.,#1602);
#1046=SURFACE_STYLE_USAGE(.BOTH.,#1603);
#1047=FACE_BOUND('',#1604,.T.);
#1048=PLANE('',#1605);
#1049=SURFACE_STYLE_USAGE(.BOTH.,#1606);
#1050=FACE_BOUND('',#1607,.T.);
#1051=FACE_BOUND('',#1608,.T.);
#1052=PLANE('',#1609);
#1053=SURFACE_STYLE_USAGE(.BOTH.,#1610);
#1054=FACE_BOUND('',#1611,.T.);
#1055=FACE_BOUND('',#1612,.T.);
#1056=PLANE('',#1613);
#1057=SURFACE_STYLE_USAGE(.BOTH.,#1614);
#1058=SURFACE_STYLE_USAGE(.BOTH.,#1615);
#1059=FACE_OUTER_BOUND('',#1616,.T.);
#1060=PLANE('',#1617);
#1061=SURFACE_STYLE_USAGE(.BOTH.,#1618);
#1062=FACE_OUTER_BOUND('',#1619,.T.);
#1063=PLANE('',#1620);
#1064=SURFACE_STYLE_USAGE(.BOTH.,#1621);
#1065=FACE_OUTER_BOUND('',#1622,.T.);
#1066=PLANE('',#1623);
#1067=SURFACE_STYLE_USAGE(.BOTH.,#1624);
#1068=FACE_OUTER_BOUND('',#1625,.T.);
#1069=FACE_OUTER_BOUND('',#1626,.T.);
#1070=CYLINDRICAL_SURFACE('',#1627,0.0012);
#1071=SURFACE_STYLE_USAGE(.BOTH.,#1628);
#1072=FACE_OUTER_BOUND('',#1629,.T.);
#1073=PLANE('',#1630);
#1074=SURFACE_STYLE_USAGE(.BOTH.,#1631);
#1075=FACE_OUTER_BOUND('',#1632,.T.);
#1076=PLANE('',#1633);
#1077=SURFACE_STYLE_USAGE(.BOTH.,#1634);
#1078=FACE_OUTER_BOUND('',#1635,.T.);
#1079=PLANE('',#1636);
#1080=SURFACE_STYLE_USAGE(.BOTH.,#1637);
#1081=FACE_OUTER_BOUND('',#1638,.T.);
#1082=PLANE('',#1639);
#1083=SURFACE_STYLE_USAGE(.BOTH.,#1640);
#1084=FACE_BOUND('',#1641,.T.);
#1085=FACE_OUTER_BOUND('',#1642,.T.);
#1086=PLANE('',#1643);
#1087=SURFACE_STYLE_USAGE(.BOTH.,#1644);
#1088=FACE_BOUND('',#1645,.T.);
#1089=FACE_OUTER_BOUND('',#1646,.T.);
#1090=PLANE('',#1647);
#1091=SURFACE_STYLE_USAGE(.BOTH.,#1648);
#1092=FACE_OUTER_BOUND('',#1649,.T.);
#1093=PLANE('',#1650);
#1094=SURFACE_STYLE_USAGE(.BOTH.,#1651);
#1095=FACE_OUTER_BOUND('',#1652,.T.);
#1096=PLANE('',#1653);
#1097=SURFACE_STYLE_USAGE(.BOTH.,#1654);
#1098=FACE_OUTER_BOUND('',#1655,.T.);
#1099=PLANE('',#1656);
#1100=SURFACE_STYLE_USAGE(.BOTH.,#1657);
#1101=FACE_OUTER_BOUND('',#1658,.T.);
#1102=PLANE('',#1659);
#1103=SURFACE_STYLE_USAGE(.BOTH.,#1660);
#1104=FACE_BOUND('',#1661,.T.);
#1105=FACE_OUTER_BOUND('',#1662,.T.);
#1106=PLANE('',#1663);
#1107=SURFACE_STYLE_USAGE(.BOTH.,#1664);
#1108=FACE_OUTER_BOUND('',#1665,.T.);
#1109=FACE_BOUND('',#1666,.T.);
#1110=PLANE('',#1667);
#1111=SURFACE_STYLE_USAGE(.BOTH.,#1668);
#1112=FACE_OUTER_BOUND('',#1669,.T.);
#1113=PLANE('',#1670);
#1114=SURFACE_STYLE_USAGE(.BOTH.,#1671);
#1115=FACE_OUTER_BOUND('',#1672,.T.);
#1116=PLANE('',#1673);
#1117=SURFACE_STYLE_USAGE(.BOTH.,#1674);
#1118=FACE_OUTER_BOUND('',#1675,.T.);
#1119=PLANE('',#1676);
#1120=SURFACE_STYLE_USAGE(.BOTH.,#1677);
#1121=FACE_OUTER_BOUND('',#1678,.T.);
#1122=PLANE('',#1679);
#1123=SURFACE_STYLE_USAGE(.BOTH.,#1680);
#1124=FACE_OUTER_BOUND('',#1681,.T.);
#1125=PLANE('',#1682);
#1126=SURFACE_STYLE_USAGE(.BOTH.,#1683);
#1127=FACE_OUTER_BOUND('',#1684,.T.);
#1128=PLANE('',#1685);
#1129=SURFACE_STYLE_USAGE(.BOTH.,#1686);
#1130=FACE_OUTER_BOUND('',#1687,.T.);
#1131=PLANE('',#1688);
#1132=SURFACE_STYLE_USAGE(.BOTH.,#1689);
#1133=FACE_OUTER_BOUND('',#1690,.T.);
#1134=PLANE('',#1691);
#1135=SURFACE_STYLE_USAGE(.BOTH.,#1692);
#1136=FACE_OUTER_BOUND('',#1693,.T.);
#1137=PLANE('',#1694);
#1138=SURFACE_STYLE_USAGE(.BOTH.,#1695);
#1139=FACE_OUTER_BOUND('',#1696,.T.);
#1140=PLANE('',#1697);
#1141=SURFACE_STYLE_USAGE(.BOTH.,#1698);
#1142=FACE_OUTER_BOUND('',#1699,.T.);
#1143=PLANE('',#1700);
#1144=SURFACE_STYLE_USAGE(.BOTH.,#1701);
#1145=FACE_OUTER_BOUND('',#1702,.T.);
#1146=PLANE('',#1703);
#1147=SURFACE_STYLE_USAGE(.BOTH.,#1704);
#1148=FACE_OUTER_BOUND('',#1705,.T.);
#1149=PLANE('',#1706);
#1150=SURFACE_STYLE_USAGE(.BOTH.,#1707);
#1151=FACE_OUTER_BOUND('',#1708,.T.);
#1152=PLANE('',#1709);
#1153=SURFACE_STYLE_USAGE(.BOTH.,#1710);
#1154=FACE_OUTER_BOUND('',#1711,.T.);
#1155=PLANE('',#1712);
#1156=SURFACE_STYLE_USAGE(.BOTH.,#1713);
#1157=FACE_OUTER_BOUND('',#1714,.T.);
#1158=PLANE('',#1715);
#1159=SURFACE_STYLE_USAGE(.BOTH.,#1716);
#1160=FACE_OUTER_BOUND('',#1717,.T.);
#1161=PLANE('',#1718);
#1162=SURFACE_STYLE_USAGE(.BOTH.,#1719);
#1163= (NAMED_UNIT(#586)LENGTH_UNIT()SI_UNIT($,.METRE.));
#1166=LENGTH_MEASURE_WITH_UNIT(LENGTH_MEASURE(1.0),#1721);
#1169=DIMENSIONAL_EXPONENTS(1.0,0.0,0.0,0.0,0.0,0.0,0.0);
#1171=DIMENSIONAL_EXPONENTS(0.0,0.0,0.0,0.0,0.0,0.0,0.0);
#1177=SURFACE_SIDE_STYLE('',(#1722));
#1178=EDGE_LOOP('',(#1723));
#1179=EDGE_LOOP('',(#1724));
#1180=AXIS2_PLACEMENT_3D('',#1725,#1726,#1727);
#1181=SURFACE_SIDE_STYLE('',(#1728));
#1182=EDGE_LOOP('',(#1729));
#1183=EDGE_LOOP('',(#1730));
#1184=AXIS2_PLACEMENT_3D('',#1731,#1732,#1733);
#1185=SURFACE_SIDE_STYLE('',(#1734));
#1186=EDGE_LOOP('',(#1735));
#1187=EDGE_LOOP('',(#1736));
#1188=AXIS2_PLACEMENT_3D('',#1737,#1738,#1739);
#1189=SURFACE_SIDE_STYLE('',(#1740));
#1190=EDGE_LOOP('',(#1741));
#1191=EDGE_LOOP('',(#1742));
#1192=AXIS2_PLACEMENT_3D('',#1743,#1744,#1745);
#1193=SURFACE_SIDE_STYLE('',(#1746));
#1194=EDGE_LOOP('',(#1747));
#1195=EDGE_LOOP('',(#1748));
#1196=AXIS2_PLACEMENT_3D('',#1749,#1750,#1751);
#1197=SURFACE_SIDE_STYLE('',(#1752));
#1198=EDGE_LOOP('',(#1753));
#1199=EDGE_LOOP('',(#1754));
#1200=AXIS2_PLACEMENT_3D('',#1755,#1756,#1757);
#1201=SURFACE_SIDE_STYLE('',(#1758));
#1202=EDGE_LOOP('',(#1759));
#1203=EDGE_LOOP('',(#1760));
#1204=AXIS2_PLACEMENT_3D('',#1761,#1762,#1763);
#1205=SURFACE_SIDE_STYLE('',(#1764));
#1206=EDGE_LOOP('',(#1765));
#1207=EDGE_LOOP('',(#1766));
#1208=AXIS2_PLACEMENT_3D('',#1767,#1768,#1769);
#1209=SURFACE_SIDE_STYLE('',(#1770));
#1210=EDGE_LOOP('',(#1771));
#1211=EDGE_LOOP('',(#1772));
#1212=AXIS2_PLACEMENT_3D('',#1773,#1774,#1775);
#1213=SURFACE_SIDE_STYLE('',(#1776));
#1214=EDGE_LOOP('',(#1777));
#1215=EDGE_LOOP('',(#1778));
#1216=AXIS2_PLACEMENT_3D('',#1779,#1780,#1781);
#1217=SURFACE_SIDE_STYLE('',(#1782));
#1218=EDGE_LOOP('',(#1783));
#1219=EDGE_LOOP('',(#1784));
#1220=AXIS2_PLACEMENT_3D('',#1785,#1786,#1787);
#1221=SURFACE_SIDE_STYLE('',(#1788));
#1222=EDGE_LOOP('',(#1789));
#1223=EDGE_LOOP('',(#1790));
#1224=AXIS2_PLACEMENT_3D('',#1791,#1792,#1793);
#1225=SURFACE_SIDE_STYLE('',(#1794));
#1226=EDGE_LOOP('',(#1795));
#1227=EDGE_LOOP('',(#1796));
#1228=AXIS2_PLACEMENT_3D('',#1797,#1798,#1799);
#1229=SURFACE_SIDE_STYLE('',(#1800));
#1230=EDGE_LOOP('',(#1801));
#1231=EDGE_LOOP('',(#1802));
#1232=AXIS2_PLACEMENT_3D('',#1803,#1804,#1805);
#1233=SURFACE_SIDE_STYLE('',(#1806));
#1234=EDGE_LOOP('',(#1807,#1808,#1809,#1810,#1811,#1812));
#1235=AXIS2_PLACEMENT_3D('',#1813,#1814,#1815);
#1236=SURFACE_SIDE_STYLE('',(#1816));
#1237=EDGE_LOOP('',(#1817,#1818,#1819,#1820,#1821,#1822));
#1238=AXIS2_PLACEMENT_3D('',#1823,#1824,#1825);
#1239=SURFACE_SIDE_STYLE('',(#1826));
#1240=EDGE_LOOP('',(#1827,#1828,#1829,#1830,#1831,#1832));
#1241=AXIS2_PLACEMENT_3D('',#1833,#1834,#1835);
#1242=SURFACE_SIDE_STYLE('',(#1836));
#1243=EDGE_LOOP('',(#1837,#1838,#1839,#1840,#1841,#1842));
#1244=AXIS2_PLACEMENT_3D('',#1843,#1844,#1845);
#1245=SURFACE_SIDE_STYLE('',(#1846));
#1246=EDGE_LOOP('',(#1847,#1848,#1849,#1850,#1851,#1852,#1853,#1854));
#1247=AXIS2_PLACEMENT_3D('',#1855,#1856,#1857);
#1248=SURFACE_SIDE_STYLE('',(#1858));
#1249=EDGE_LOOP('',(#1859,#1860,#1861,#1862));
#1250=AXIS2_PLACEMENT_3D('',#1863,#1864,#1865);
#1251=SURFACE_SIDE_STYLE('',(#1866));
#1252=EDGE_LOOP('',(#1867,#1868,#1869,#1870));
#1253=AXIS2_PLACEMENT_3D('',#1871,#1872,#1873);
#1254=SURFACE_SIDE_STYLE('',(#1874));
#1255=EDGE_LOOP('',(#1875,#1876,#1877,#1878));
#1256=AXIS2_PLACEMENT_3D('',#1879,#1880,#1881);
#1257=SURFACE_SIDE_STYLE('',(#1882));
#1258=EDGE_LOOP('',(#1883,#1884,#1885,#1886));
#1259=EDGE_LOOP('',(#1887));
#1260=AXIS2_PLACEMENT_3D('',#1888,#1889,#1890);
#1261=SURFACE_SIDE_STYLE('',(#1891));
#1262=EDGE_LOOP('',(#1892,#1893,#1894,#1895));
#1263=AXIS2_PLACEMENT_3D('',#1896,#1897,#1898);
#1264=SURFACE_SIDE_STYLE('',(#1899));
#1265=EDGE_LOOP('',(#1900,#1901,#1902,#1903));
#1266=AXIS2_PLACEMENT_3D('',#1904,#1905,#1906);
#1267=SURFACE_SIDE_STYLE('',(#1907));
#1268=EDGE_LOOP('',(#1908,#1909,#1910,#1911));
#1269=AXIS2_PLACEMENT_3D('',#1912,#1913,#1914);
#1270=SURFACE_SIDE_STYLE('',(#1915));
#1271=EDGE_LOOP('',(#1916,#1917,#1918,#1919,#1920,#1921));
#1272=AXIS2_PLACEMENT_3D('',#1922,#1923,#1924);
#1273=SURFACE_SIDE_STYLE('',(#1925));
#1274=EDGE_LOOP('',(#1926,#1927,#1928,#1929));
#1275=AXIS2_PLACEMENT_3D('',#1930,#1931,#1932);
#1276=SURFACE_SIDE_STYLE('',(#1933));
#1277=EDGE_LOOP('',(#1934));
#1278=EDGE_LOOP('',(#1935));
#1279=AXIS2_PLACEMENT_3D('',#1936,#1937,#1938);
#1280=SURFACE_SIDE_STYLE('',(#1939));
#1281=EDGE_LOOP('',(#1940,#1941,#1942,#1943,#1944,#1945,#1946,#1947,#1948,#1949,#1950,#1951,#1952,#1953,#1954,#1955,#1956,#1957,#1958,#1959));
#1282=EDGE_LOOP('',(#1960));
#1283=AXIS2_PLACEMENT_3D('',#1961,#1962,#1963);
#1284=SURFACE_SIDE_STYLE('',(#1964));
#1285=EDGE_LOOP('',(#1965,#1966,#1967,#1968,#1969,#1970,#1971,#1972));
#1286=AXIS2_PLACEMENT_3D('',#1973,#1974,#1975);
#1287=SURFACE_SIDE_STYLE('',(#1976));
#1288=EDGE_LOOP('',(#1977,#1978,#1979,#1980,#1981,#1982,#1983,#1984,#1985,#1986,#1987,#1988,#1989,#1990));
#1289=AXIS2_PLACEMENT_3D('',#1991,#1992,#1993);
#1290=SURFACE_SIDE_STYLE('',(#1994));
#1291=EDGE_LOOP('',(#1995,#1996,#1997,#1998));
#1292=AXIS2_PLACEMENT_3D('',#1999,#2000,#2001);
#1293=SURFACE_SIDE_STYLE('',(#2002));
#1294=EDGE_LOOP('',(#2003,#2004,#2005,#2006));
#1295=AXIS2_PLACEMENT_3D('',#2007,#2008,#2009);
#1296=SURFACE_SIDE_STYLE('',(#2010));
#1297=EDGE_LOOP('',(#2011,#2012,#2013,#2014,#2015,#2016,#2017,#2018,#2019,#2020,#2021,#2022,#2023,#2024,#2025,#2026,#2027,#2028,#2029,#2030,#2031));
#1298=EDGE_LOOP('',(#2032));
#1299=AXIS2_PLACEMENT_3D('',#2033,#2034,#2035);
#1300=SURFACE_SIDE_STYLE('',(#2036));
#1301=EDGE_LOOP('',(#2037));
#1302=EDGE_LOOP('',(#2038,#2039,#2040,#2041,#2042,#2043,#2044,#2045,#2046,#2047,#2048,#2049,#2050,#2051,#2052,#2053,#2054,#2055,#2056,#2057,#2058,#2059,#2060,#2061,#2062,#2063,#2064,#2065,#2066,#2067,#2068,#2069,#2070,#2071,#2072,#2073,#2074,#2075,#2076,#2077,#2078,#2079,#2080));
#1303=AXIS2_PLACEMENT_3D('',#2081,#2082,#2083);
#1304=SURFACE_SIDE_STYLE('',(#2084));
#1305=EDGE_LOOP('',(#2085));
#1306=EDGE_LOOP('',(#2086));
#1307=AXIS2_PLACEMENT_3D('',#2087,#2088,#2089);
#1308=SURFACE_SIDE_STYLE('',(#2090));
#1309=EDGE_LOOP('',(#2091,#2092,#2093,#2094,#2095,#2096));
#1310=AXIS2_PLACEMENT_3D('',#2097,#2098,#2099);
#1311=SURFACE_SIDE_STYLE('',(#2100));
#1312=EDGE_LOOP('',(#2101));
#1313=AXIS2_PLACEMENT_3D('',#2102,#2103,#2104);
#1314=SURFACE_SIDE_STYLE('',(#2105));
#1315=EDGE_LOOP('',(#2106));
#1316=EDGE_LOOP('',(#2107));
#1317=AXIS2_PLACEMENT_3D('',#2108,#2109,#2110);
#1318=SURFACE_SIDE_STYLE('',(#2111));
#1319=EDGE_LOOP('',(#2112,#2113,#2114,#2115));
#1320=AXIS2_PLACEMENT_3D('',#2116,#2117,#2118);
#1321=SURFACE_SIDE_STYLE('',(#2119));
#1322=EDGE_LOOP('',(#2120,#2121,#2122,#2123));
#1323=AXIS2_PLACEMENT_3D('',#2124,#2125,#2126);
#1324=SURFACE_SIDE_STYLE('',(#2127));
#1325=EDGE_LOOP('',(#2128,#2129,#2130,#2131));
#1326=AXIS2_PLACEMENT_3D('',#2132,#2133,#2134);
#1327=SURFACE_SIDE_STYLE('',(#2135));
#1328=EDGE_LOOP('',(#2136,#2137,#2138,#2139,#2140));
#1329=AXIS2_PLACEMENT_3D('',#2141,#2142,#2143);
#1330=SURFACE_SIDE_STYLE('',(#2144));
#1331=EDGE_LOOP('',(#2145,#2146,#2147,#2148));
#1332=AXIS2_PLACEMENT_3D('',#2149,#2150,#2151);
#1333=SURFACE_SIDE_STYLE('',(#2152));
#1334=EDGE_LOOP('',(#2153,#2154,#2155,#2156));
#1335=AXIS2_PLACEMENT_3D('',#2157,#2158,#2159);
#1336=SURFACE_SIDE_STYLE('',(#2160));
#1337=EDGE_LOOP('',(#2161,#2162,#2163,#2164));
#1338=AXIS2_PLACEMENT_3D('',#2165,#2166,#2167);
#1339=SURFACE_SIDE_STYLE('',(#2168));
#1340=EDGE_LOOP('',(#2169,#2170,#2171,#2172));
#1341=AXIS2_PLACEMENT_3D('',#2173,#2174,#2175);
#1342=SURFACE_SIDE_STYLE('',(#2176));
#1343=EDGE_LOOP('',(#2177,#2178,#2179,#2180));
#1344=AXIS2_PLACEMENT_3D('',#2181,#2182,#2183);
#1345=SURFACE_SIDE_STYLE('',(#2184));
#1346=EDGE_LOOP('',(#2185,#2186,#2187,#2188));
#1347=AXIS2_PLACEMENT_3D('',#2189,#2190,#2191);
#1348=SURFACE_SIDE_STYLE('',(#2192));
#1349=EDGE_LOOP('',(#2193,#2194,#2195,#2196));
#1350=EDGE_LOOP('',(#2197,#2198,#2199,#2200));
#1351=AXIS2_PLACEMENT_3D('',#2201,#2202,#2203);
#1352=SURFACE_SIDE_STYLE('',(#2204));
#1353=EDGE_LOOP('',(#2205,#2206,#2207,#2208));
#1354=AXIS2_PLACEMENT_3D('',#2209,#2210,#2211);
#1355=SURFACE_SIDE_STYLE('',(#2212));
#1356=EDGE_LOOP('',(#2213,#2214,#2215,#2216,#2217,#2218,#2219,#2220));
#1357=AXIS2_PLACEMENT_3D('',#2221,#2222,#2223);
#1358=SURFACE_SIDE_STYLE('',(#2224));
#1359=EDGE_LOOP('',(#2225,#2226,#2227,#2228));
#1360=EDGE_LOOP('',(#2229,#2230,#2231,#2232));
#1361=AXIS2_PLACEMENT_3D('',#2233,#2234,#2235);
#1362=SURFACE_SIDE_STYLE('',(#2236));
#1363=EDGE_LOOP('',(#2237,#2238,#2239,#2240,#2241));
#1364=AXIS2_PLACEMENT_3D('',#2242,#2243,#2244);
#1365=SURFACE_SIDE_STYLE('',(#2245));
#1366=EDGE_LOOP('',(#2246,#2247,#2248,#2249,#2250));
#1367=AXIS2_PLACEMENT_3D('',#2251,#2252,#2253);
#1368=SURFACE_SIDE_STYLE('',(#2254));
#1369=EDGE_LOOP('',(#2255,#2256,#2257,#2258));
#1370=AXIS2_PLACEMENT_3D('',#2259,#2260,#2261);
#1371=SURFACE_SIDE_STYLE('',(#2262));
#1372=EDGE_LOOP('',(#2263,#2264,#2265,#2266));
#1373=AXIS2_PLACEMENT_3D('',#2267,#2268,#2269);
#1374=SURFACE_SIDE_STYLE('',(#2270));
#1375=EDGE_LOOP('',(#2271,#2272,#2273,#2274));
#1376=AXIS2_PLACEMENT_3D('',#2275,#2276,#2277);
#1377=SURFACE_SIDE_STYLE('',(#2278));
#1378=EDGE_LOOP('',(#2279,#2280,#2281,#2282));
#1379=AXIS2_PLACEMENT_3D('',#2283,#2284,#2285);
#1380=SURFACE_SIDE_STYLE('',(#2286));
#1381=EDGE_LOOP('',(#2287,#2288,#2289,#2290));
#1382=AXIS2_PLACEMENT_3D('',#2291,#2292,#2293);
#1383=SURFACE_SIDE_STYLE('',(#2294));
#1384=EDGE_LOOP('',(#2295,#2296,#2297,#2298));
#1385=AXIS2_PLACEMENT_3D('',#2299,#2300,#2301);
#1386=SURFACE_SIDE_STYLE('',(#2302));
#1387=EDGE_LOOP('',(#2303,#2304,#2305,#2306));
#1388=AXIS2_PLACEMENT_3D('',#2307,#2308,#2309);
#1389=SURFACE_SIDE_STYLE('',(#2310));
#1390=EDGE_LOOP('',(#2311,#2312,#2313,#2314,#2315,#2316,#2317));
#1391=AXIS2_PLACEMENT_3D('',#2318,#2319,#2320);
#1392=SURFACE_SIDE_STYLE('',(#2321));
#1393=EDGE_LOOP('',(#2322,#2323,#2324,#2325,#2326,#2327));
#1394=AXIS2_PLACEMENT_3D('',#2328,#2329,#2330);
#1395=SURFACE_SIDE_STYLE('',(#2331));
#1396=EDGE_LOOP('',(#2332,#2333,#2334,#2335));
#1397=AXIS2_PLACEMENT_3D('',#2336,#2337,#2338);
#1398=SURFACE_SIDE_STYLE('',(#2339));
#1399=EDGE_LOOP('',(#2340,#2341,#2342,#2343,#2344,#2345));
#1400=AXIS2_PLACEMENT_3D('',#2346,#2347,#2348);
#1401=SURFACE_SIDE_STYLE('',(#2349));
#1402=EDGE_LOOP('',(#2350,#2351,#2352,#2353,#2354,#2355));
#1403=AXIS2_PLACEMENT_3D('',#2356,#2357,#2358);
#1404=SURFACE_SIDE_STYLE('',(#2359));
#1405=EDGE_LOOP('',(#2360,#2361,#2362,#2363));
#1406=AXIS2_PLACEMENT_3D('',#2364,#2365,#2366);
#1407=SURFACE_SIDE_STYLE('',(#2367));
#1408=EDGE_LOOP('',(#2368,#2369,#2370,#2371));
#1409=AXIS2_PLACEMENT_3D('',#2372,#2373,#2374);
#1410=SURFACE_SIDE_STYLE('',(#2375));
#1411=EDGE_LOOP('',(#2376,#2377,#2378,#2379));
#1412=AXIS2_PLACEMENT_3D('',#2380,#2381,#2382);
#1413=SURFACE_SIDE_STYLE('',(#2383));
#1414=EDGE_LOOP('',(#2384,#2385,#2386,#2387,#2388,#2389));
#1415=AXIS2_PLACEMENT_3D('',#2390,#2391,#2392);
#1416=SURFACE_SIDE_STYLE('',(#2393));
#1417=EDGE_LOOP('',(#2394,#2395,#2396,#2397));
#1418=AXIS2_PLACEMENT_3D('',#2398,#2399,#2400);
#1419=SURFACE_SIDE_STYLE('',(#2401));
#1420=EDGE_LOOP('',(#2402,#2403,#2404,#2405));
#1421=AXIS2_PLACEMENT_3D('',#2406,#2407,#2408);
#1422=SURFACE_SIDE_STYLE('',(#2409));
#1423=EDGE_LOOP('',(#2410,#2411,#2412,#2413));
#1424=AXIS2_PLACEMENT_3D('',#2414,#2415,#2416);
#1425=SURFACE_SIDE_STYLE('',(#2417));
#1426=EDGE_LOOP('',(#2418,#2419,#2420,#2421));
#1427=AXIS2_PLACEMENT_3D('',#2422,#2423,#2424);
#1428=SURFACE_SIDE_STYLE('',(#2425));
#1429=EDGE_LOOP('',(#2426,#2427,#2428,#2429));
#1430=AXIS2_PLACEMENT_3D('',#2430,#2431,#2432);
#1431=SURFACE_SIDE_STYLE('',(#2433));
#1432=EDGE_LOOP('',(#2434,#2435,#2436,#2437));
#1433=AXIS2_PLACEMENT_3D('',#2438,#2439,#2440);
#1434=SURFACE_SIDE_STYLE('',(#2441));
#1435=EDGE_LOOP('',(#2442,#2443,#2444,#2445));
#1436=AXIS2_PLACEMENT_3D('',#2446,#2447,#2448);
#1437=SURFACE_SIDE_STYLE('',(#2449));
#1438=EDGE_LOOP('',(#2450,#2451,#2452,#2453));
#1439=AXIS2_PLACEMENT_3D('',#2454,#2455,#2456);
#1440=SURFACE_SIDE_STYLE('',(#2457));
#1441=EDGE_LOOP('',(#2458,#2459,#2460,#2461));
#1442=AXIS2_PLACEMENT_3D('',#2462,#2463,#2464);
#1443=SURFACE_SIDE_STYLE('',(#2465));
#1444=EDGE_LOOP('',(#2466,#2467,#2468,#2469));
#1445=AXIS2_PLACEMENT_3D('',#2470,#2471,#2472);
#1446=SURFACE_SIDE_STYLE('',(#2473));
#1447=EDGE_LOOP('',(#2474,#2475,#2476,#2477));
#1448=AXIS2_PLACEMENT_3D('',#2478,#2479,#2480);
#1449=SURFACE_SIDE_STYLE('',(#2481));
#1450=EDGE_LOOP('',(#2482,#2483,#2484,#2485));
#1451=AXIS2_PLACEMENT_3D('',#2486,#2487,#2488);
#1452=SURFACE_SIDE_STYLE('',(#2489));
#1453=EDGE_LOOP('',(#2490,#2491,#2492,#2493));
#1454=AXIS2_PLACEMENT_3D('',#2494,#2495,#2496);
#1455=SURFACE_SIDE_STYLE('',(#2497));
#1456=EDGE_LOOP('',(#2498,#2499,#2500,#2501,#2502,#2503,#2504));
#1457=AXIS2_PLACEMENT_3D('',#2505,#2506,#2507);
#1458=SURFACE_SIDE_STYLE('',(#2508));
#1459=EDGE_LOOP('',(#2509,#2510,#2511,#2512));
#1460=AXIS2_PLACEMENT_3D('',#2513,#2514,#2515);
#1461=SURFACE_SIDE_STYLE('',(#2516));
#1462=EDGE_LOOP('',(#2517,#2518,#2519,#2520));
#1463=AXIS2_PLACEMENT_3D('',#2521,#2522,#2523);
#1464=SURFACE_SIDE_STYLE('',(#2524));
#1465=EDGE_LOOP('',(#2525,#2526,#2527,#2528,#2529,#2530,#2531));
#1466=AXIS2_PLACEMENT_3D('',#2532,#2533,#2534);
#1467=SURFACE_SIDE_STYLE('',(#2535));
#1468=EDGE_LOOP('',(#2536,#2537,#2538,#2539));
#1469=AXIS2_PLACEMENT_3D('',#2540,#2541,#2542);
#1470=SURFACE_SIDE_STYLE('',(#2543));
#1471=EDGE_LOOP('',(#2544,#2545,#2546,#2547,#2548));
#1472=AXIS2_PLACEMENT_3D('',#2549,#2550,#2551);
#1473=SURFACE_SIDE_STYLE('',(#2552));
#1474=EDGE_LOOP('',(#2553,#2554,#2555,#2556));
#1475=AXIS2_PLACEMENT_3D('',#2557,#2558,#2559);
#1476=SURFACE_SIDE_STYLE('',(#2560));
#1477=EDGE_LOOP('',(#2561,#2562,#2563,#2564));
#1478=AXIS2_PLACEMENT_3D('',#2565,#2566,#2567);
#1479=SURFACE_SIDE_STYLE('',(#2568));
#1480=EDGE_LOOP('',(#2569,#2570,#2571,#2572));
#1481=AXIS2_PLACEMENT_3D('',#2573,#2574,#2575);
#1482=SURFACE_SIDE_STYLE('',(#2576));
#1483=EDGE_LOOP('',(#2577,#2578,#2579,#2580));
#1484=AXIS2_PLACEMENT_3D('',#2581,#2582,#2583);
#1485=SURFACE_SIDE_STYLE('',(#2584));
#1486=EDGE_LOOP('',(#2585,#2586,#2587,#2588));
#1487=AXIS2_PLACEMENT_3D('',#2589,#2590,#2591);
#1488=SURFACE_SIDE_STYLE('',(#2592));
#1489=EDGE_LOOP('',(#2593,#2594,#2595,#2596));
#1490=AXIS2_PLACEMENT_3D('',#2597,#2598,#2599);
#1491=SURFACE_SIDE_STYLE('',(#2600));
#1492=EDGE_LOOP('',(#2601,#2602,#2603,#2604));
#1493=AXIS2_PLACEMENT_3D('',#2605,#2606,#2607);
#1494=SURFACE_SIDE_STYLE('',(#2608));
#1495=EDGE_LOOP('',(#2609,#2610,#2611,#2612));
#1496=AXIS2_PLACEMENT_3D('',#2613,#2614,#2615);
#1497=SURFACE_SIDE_STYLE('',(#2616));
#1498=EDGE_LOOP('',(#2617,#2618,#2619,#2620,#2621));
#1499=AXIS2_PLACEMENT_3D('',#2622,#2623,#2624);
#1500=SURFACE_SIDE_STYLE('',(#2625));
#1501=EDGE_LOOP('',(#2626,#2627,#2628,#2629));
#1502=AXIS2_PLACEMENT_3D('',#2630,#2631,#2632);
#1503=SURFACE_SIDE_STYLE('',(#2633));
#1504=EDGE_LOOP('',(#2634,#2635,#2636,#2637,#2638,#2639,#2640,#2641,#2642,#2643));
#1505=AXIS2_PLACEMENT_3D('',#2644,#2645,#2646);
#1506=SURFACE_SIDE_STYLE('',(#2647));
#1507=EDGE_LOOP('',(#2648,#2649,#2650,#2651));
#1508=AXIS2_PLACEMENT_3D('',#2652,#2653,#2654);
#1509=SURFACE_SIDE_STYLE('',(#2655));
#1510=EDGE_LOOP('',(#2656));
#1511=EDGE_LOOP('',(#2657));
#1512=AXIS2_PLACEMENT_3D('',#2658,#2659,#2660);
#1513=SURFACE_SIDE_STYLE('',(#2661));
#1514=EDGE_LOOP('',(#2662,#2663,#2664,#2665));
#1515=AXIS2_PLACEMENT_3D('',#2666,#2667,#2668);
#1516=SURFACE_SIDE_STYLE('',(#2669));
#1517=EDGE_LOOP('',(#2670,#2671,#2672,#2673));
#1518=AXIS2_PLACEMENT_3D('',#2674,#2675,#2676);
#1519=SURFACE_SIDE_STYLE('',(#2677));
#1520=EDGE_LOOP('',(#2678,#2679,#2680,#2681));
#1521=AXIS2_PLACEMENT_3D('',#2682,#2683,#2684);
#1522=SURFACE_SIDE_STYLE('',(#2685));
#1523=EDGE_LOOP('',(#2686,#2687,#2688,#2689));
#1524=AXIS2_PLACEMENT_3D('',#2690,#2691,#2692);
#1525=SURFACE_SIDE_STYLE('',(#2693));
#1526=EDGE_LOOP('',(#2694,#2695,#2696,#2697));
#1527=AXIS2_PLACEMENT_3D('',#2698,#2699,#2700);
#1528=SURFACE_SIDE_STYLE('',(#2701));
#1529=EDGE_LOOP('',(#2702,#2703,#2704,#2705));
#1530=AXIS2_PLACEMENT_3D('',#2706,#2707,#2708);
#1531=SURFACE_SIDE_STYLE('',(#2709));
#1532=EDGE_LOOP('',(#2710,#2711,#2712,#2713));
#1533=AXIS2_PLACEMENT_3D('',#2714,#2715,#2716);
#1534=SURFACE_SIDE_STYLE('',(#2717));
#1535=EDGE_LOOP('',(#2718,#2719,#2720,#2721));
#1536=AXIS2_PLACEMENT_3D('',#2722,#2723,#2724);
#1537=SURFACE_SIDE_STYLE('',(#2725));
#1538=EDGE_LOOP('',(#2726,#2727,#2728,#2729));
#1539=AXIS2_PLACEMENT_3D('',#2730,#2731,#2732);
#1540=SURFACE_SIDE_STYLE('',(#2733));
#1541=EDGE_LOOP('',(#2734,#2735,#2736,#2737));
#1542=AXIS2_PLACEMENT_3D('',#2738,#2739,#2740);
#1543=SURFACE_SIDE_STYLE('',(#2741));
#1544=EDGE_LOOP('',(#2742,#2743,#2744,#2745));
#1545=AXIS2_PLACEMENT_3D('',#2746,#2747,#2748);
#1546=SURFACE_SIDE_STYLE('',(#2749));
#1547=EDGE_LOOP('',(#2750,#2751,#2752,#2753));
#1548=AXIS2_PLACEMENT_3D('',#2754,#2755,#2756);
#1549=SURFACE_SIDE_STYLE('',(#2757));
#1550=EDGE_LOOP('',(#2758,#2759,#2760,#2761));
#1551=AXIS2_PLACEMENT_3D('',#2762,#2763,#2764);
#1552=SURFACE_SIDE_STYLE('',(#2765));
#1553=EDGE_LOOP('',(#2766,#2767,#2768,#2769));
#1554=AXIS2_PLACEMENT_3D('',#2770,#2771,#2772);
#1555=SURFACE_SIDE_STYLE('',(#2773));
#1556=EDGE_LOOP('',(#2774,#2775,#2776,#2777,#2778,#2779,#2780,#2781));
#1557=AXIS2_PLACEMENT_3D('',#2782,#2783,#2784);
#1558=SURFACE_SIDE_STYLE('',(#2785));
#1559=EDGE_LOOP('',(#2786,#2787,#2788,#2789));
#1560=AXIS2_PLACEMENT_3D('',#2790,#2791,#2792);
#1561=SURFACE_SIDE_STYLE('',(#2793));
#1562=EDGE_LOOP('',(#2794));
#1563=EDGE_LOOP('',(#2795));
#1564=AXIS2_PLACEMENT_3D('',#2796,#2797,#2798);
#1565=SURFACE_SIDE_STYLE('',(#2799));
#1566=EDGE_LOOP('',(#2800));
#1567=EDGE_LOOP('',(#2801));
#1568=AXIS2_PLACEMENT_3D('',#2802,#2803,#2804);
#1569=SURFACE_SIDE_STYLE('',(#2805));
#1570=EDGE_LOOP('',(#2806,#2807,#2808,#2809));
#1571=AXIS2_PLACEMENT_3D('',#2810,#2811,#2812);
#1572=SURFACE_SIDE_STYLE('',(#2813));
#1573=EDGE_LOOP('',(#2814,#2815,#2816,#2817));
#1574=AXIS2_PLACEMENT_3D('',#2818,#2819,#2820);
#1575=SURFACE_SIDE_STYLE('',(#2821));
#1576=EDGE_LOOP('',(#2822,#2823,#2824,#2825));
#1577=AXIS2_PLACEMENT_3D('',#2826,#2827,#2828);
#1578=SURFACE_SIDE_STYLE('',(#2829));
#1579=EDGE_LOOP('',(#2830,#2831,#2832,#2833,#2834));
#1580=AXIS2_PLACEMENT_3D('',#2835,#2836,#2837);
#1581=SURFACE_SIDE_STYLE('',(#2838));
#1582=EDGE_LOOP('',(#2839));
#1583=EDGE_LOOP('',(#2840));
#1584=EDGE_LOOP('',(#2841));
#1585=EDGE_LOOP('',(#2842));
#1586=AXIS2_PLACEMENT_3D('',#2843,#2844,#2845);
#1587=SURFACE_SIDE_STYLE('',(#2846));
#1588=EDGE_LOOP('',(#2847,#2848,#2849,#2850));
#1589=AXIS2_PLACEMENT_3D('',#2851,#2852,#2853);
#1590=SURFACE_SIDE_STYLE('',(#2854));
#1591=EDGE_LOOP('',(#2855,#2856,#2857,#2858));
#1592=AXIS2_PLACEMENT_3D('',#2859,#2860,#2861);
#1593=SURFACE_SIDE_STYLE('',(#2862));
#1594=EDGE_LOOP('',(#2863,#2864,#2865,#2866));
#1595=AXIS2_PLACEMENT_3D('',#2867,#2868,#2869);
#1596=SURFACE_SIDE_STYLE('',(#2870));
#1597=EDGE_LOOP('',(#2871));
#1598=EDGE_LOOP('',(#2872));
#1599=EDGE_LOOP('',(#2873,#2874,#2875,#2876,#2877,#2878,#2879,#2880,#2881,#2882,#2883,#2884,#2885,#2886,#2887,#2888,#2889,#2890,#2891,#2892,#2893,#2894,#2895,#2896,#2897,#2898,#2899));
#1600=EDGE_LOOP('',(#2900));
#1601=AXIS2_PLACEMENT_3D('',#2901,#2902,#2903);
#1602=SURFACE_SIDE_STYLE('',(#2904));
#1603=SURFACE_SIDE_STYLE('',(#2905));
#1604=EDGE_LOOP('',(#2906));
#1605=AXIS2_PLACEMENT_3D('',#2907,#2908,#2909);
#1606=SURFACE_SIDE_STYLE('',(#2910));
#1607=EDGE_LOOP('',(#2911));
#1608=EDGE_LOOP('',(#2912));
#1609=AXIS2_PLACEMENT_3D('',#2913,#2914,#2915);
#1610=SURFACE_SIDE_STYLE('',(#2916));
#1611=EDGE_LOOP('',(#2917));
#1612=EDGE_LOOP('',(#2918));
#1613=AXIS2_PLACEMENT_3D('',#2919,#2920,#2921);
#1614=SURFACE_SIDE_STYLE('',(#2922));
#1615=SURFACE_SIDE_STYLE('',(#2923));
#1616=EDGE_LOOP('',(#2924,#2925,#2926,#2927));
#1617=AXIS2_PLACEMENT_3D('',#2928,#2929,#2930);
#1618=SURFACE_SIDE_STYLE('',(#2931));
#1619=EDGE_LOOP('',(#2932,#2933,#2934,#2935));
#1620=AXIS2_PLACEMENT_3D('',#2936,#2937,#2938);
#1621=SURFACE_SIDE_STYLE('',(#2939));
#1622=EDGE_LOOP('',(#2940,#2941,#2942,#2943));
#1623=AXIS2_PLACEMENT_3D('',#2944,#2945,#2946);
#1624=SURFACE_SIDE_STYLE('',(#2947));
#1625=EDGE_LOOP('',(#2948));
#1626=EDGE_LOOP('',(#2949));
#1627=AXIS2_PLACEMENT_3D('',#2950,#2951,#2952);
#1628=SURFACE_SIDE_STYLE('',(#2953));
#1629=EDGE_LOOP('',(#2954,#2955,#2956,#2957));
#1630=AXIS2_PLACEMENT_3D('',#2958,#2959,#2960);
#1631=SURFACE_SIDE_STYLE('',(#2961));
#1632=EDGE_LOOP('',(#2962,#2963,#2964,#2965));
#1633=AXIS2_PLACEMENT_3D('',#2966,#2967,#2968);
#1634=SURFACE_SIDE_STYLE('',(#2969));
#1635=EDGE_LOOP('',(#2970,#2971,#2972,#2973));
#1636=AXIS2_PLACEMENT_3D('',#2974,#2975,#2976);
#1637=SURFACE_SIDE_STYLE('',(#2977));
#1638=EDGE_LOOP('',(#2978,#2979,#2980,#2981));
#1639=AXIS2_PLACEMENT_3D('',#2982,#2983,#2984);
#1640=SURFACE_SIDE_STYLE('',(#2985));
#1641=EDGE_LOOP('',(#2986,#2987,#2988,#2989));
#1642=EDGE_LOOP('',(#2990,#2991,#2992,#2993));
#1643=AXIS2_PLACEMENT_3D('',#2994,#2995,#2996);
#1644=SURFACE_SIDE_STYLE('',(#2997));
#1645=EDGE_LOOP('',(#2998));
#1646=EDGE_LOOP('',(#2999,#3000,#3001,#3002));
#1647=AXIS2_PLACEMENT_3D('',#3003,#3004,#3005);
#1648=SURFACE_SIDE_STYLE('',(#3006));
#1649=EDGE_LOOP('',(#3007,#3008,#3009,#3010));
#1650=AXIS2_PLACEMENT_3D('',#3011,#3012,#3013);
#1651=SURFACE_SIDE_STYLE('',(#3014));
#1652=EDGE_LOOP('',(#3015,#3016,#3017,#3018));
#1653=AXIS2_PLACEMENT_3D('',#3019,#3020,#3021);
#1654=SURFACE_SIDE_STYLE('',(#3022));
#1655=EDGE_LOOP('',(#3023,#3024,#3025,#3026));
#1656=AXIS2_PLACEMENT_3D('',#3027,#3028,#3029);
#1657=SURFACE_SIDE_STYLE('',(#3030));
#1658=EDGE_LOOP('',(#3031,#3032,#3033,#3034));
#1659=AXIS2_PLACEMENT_3D('',#3035,#3036,#3037);
#1660=SURFACE_SIDE_STYLE('',(#3038));
#1661=EDGE_LOOP('',(#3039));
#1662=EDGE_LOOP('',(#3040,#3041,#3042,#3043,#3044,#3045,#3046,#3047,#3048,#3049,#3050,#3051,#3052,#3053,#3054,#3055,#3056,#3057,#3058,#3059));
#1663=AXIS2_PLACEMENT_3D('',#3060,#3061,#3062);
#1664=SURFACE_SIDE_STYLE('',(#3063));
#1665=EDGE_LOOP('',(#3064,#3065,#3066,#3067,#3068,#3069,#3070,#3071,#3072,#3073,#3074,#3075,#3076,#3077,#3078,#3079,#3080,#3081,#3082,#3083));
#1666=EDGE_LOOP('',(#3084,#3085,#3086,#3087));
#1667=AXIS2_PLACEMENT_3D('',#3088,#3089,#3090);
#1668=SURFACE_SIDE_STYLE('',(#3091));
#1669=EDGE_LOOP('',(#3092,#3093,#3094,#3095));
#1670=AXIS2_PLACEMENT_3D('',#3096,#3097,#3098);
#1671=SURFACE_SIDE_STYLE('',(#3099));
#1672=EDGE_LOOP('',(#3100,#3101,#3102,#3103));
#1673=AXIS2_PLACEMENT_3D('',#3104,#3105,#3106);
#1674=SURFACE_SIDE_STYLE('',(#3107));
#1675=EDGE_LOOP('',(#3108,#3109,#3110,#3111));
#1676=AXIS2_PLACEMENT_3D('',#3112,#3113,#3114);
#1677=SURFACE_SIDE_STYLE('',(#3115));
#1678=EDGE_LOOP('',(#3116,#3117,#3118,#3119));
#1679=AXIS2_PLACEMENT_3D('',#3120,#3121,#3122);
#1680=SURFACE_SIDE_STYLE('',(#3123));
#1681=EDGE_LOOP('',(#3124,#3125,#3126,#3127));
#1682=AXIS2_PLACEMENT_3D('',#3128,#3129,#3130);
#1683=SURFACE_SIDE_STYLE('',(#3131));
#1684=EDGE_LOOP('',(#3132,#3133,#3134,#3135));
#1685=AXIS2_PLACEMENT_3D('',#3136,#3137,#3138);
#1686=SURFACE_SIDE_STYLE('',(#3139));
#1687=EDGE_LOOP('',(#3140,#3141,#3142,#3143));
#1688=AXIS2_PLACEMENT_3D('',#3144,#3145,#3146);
#1689=SURFACE_SIDE_STYLE('',(#3147));
#1690=EDGE_LOOP('',(#3148,#3149,#3150,#3151));
#1691=AXIS2_PLACEMENT_3D('',#3152,#3153,#3154);
#1692=SURFACE_SIDE_STYLE('',(#3155));
#1693=EDGE_LOOP('',(#3156,#3157,#3158,#3159));
#1694=AXIS2_PLACEMENT_3D('',#3160,#3161,#3162);
#1695=SURFACE_SIDE_STYLE('',(#3163));
#1696=EDGE_LOOP('',(#3164,#3165,#3166,#3167));
#1697=AXIS2_PLACEMENT_3D('',#3168,#3169,#3170);
#1698=SURFACE_SIDE_STYLE('',(#3171));
#1699=EDGE_LOOP('',(#3172,#3173,#3174,#3175));
#1700=AXIS2_PLACEMENT_3D('',#3176,#3177,#3178);
#1701=SURFACE_SIDE_STYLE('',(#3179));
#1702=EDGE_LOOP('',(#3180,#3181,#3182,#3183));
#1703=AXIS2_PLACEMENT_3D('',#3184,#3185,#3186);
#1704=SURFACE_SIDE_STYLE('',(#3187));
#1705=EDGE_LOOP('',(#3188,#3189,#3190,#3191));
#1706=AXIS2_PLACEMENT_3D('',#3192,#3193,#3194);
#1707=SURFACE_SIDE_STYLE('',(#3195));
#1708=EDGE_LOOP('',(#3196,#3197,#3198,#3199));
#1709=AXIS2_PLACEMENT_3D('',#3200,#3201,#3202);
#1710=SURFACE_SIDE_STYLE('',(#3203));
#1711=EDGE_LOOP('',(#3204,#3205,#3206,#3207));
#1712=AXIS2_PLACEMENT_3D('',#3208,#3209,#3210);
#1713=SURFACE_SIDE_STYLE('',(#3211));
#1714=EDGE_LOOP('',(#3212,#3213,#3214,#3215));
#1715=AXIS2_PLACEMENT_3D('',#3216,#3217,#3218);
#1716=SURFACE_SIDE_STYLE('',(#3219));
#1717=EDGE_LOOP('',(#3220,#3221,#3222,#3223));
#1718=AXIS2_PLACEMENT_3D('',#3224,#3225,#3226);
#1719=SURFACE_SIDE_STYLE('',(#3227));
#1721= (NAMED_UNIT(#1169)LENGTH_UNIT()SI_UNIT($,.METRE.));
#1722=SURFACE_STYLE_FILL_AREA(#3229);
#1723=ORIENTED_EDGE('',*,*,#3230,.F.);
#1724=ORIENTED_EDGE('',*,*,#3231,.T.);
#1725=CARTESIAN_POINT('',(0.0,0.0,-0.003));
#1726=DIRECTION('',(0.0,0.0,1.0));
#1727=DIRECTION('',(1.0,0.0,0.0));
#1728=SURFACE_STYLE_FILL_AREA(#3232);
#1729=ORIENTED_EDGE('',*,*,#3233,.T.);
#1730=ORIENTED_EDGE('',*,*,#3231,.F.);
#1731=CARTESIAN_POINT('',(-0.0193,0.0257,-0.002));
#1732=DIRECTION('',(0.0,0.0,1.0));
#1733=DIRECTION('',(1.0,0.0,-0.0));
#1734=SURFACE_STYLE_FILL_AREA(#3234);
#1735=ORIENTED_EDGE('',*,*,#3235,.T.);
#1736=ORIENTED_EDGE('',*,*,#3236,.F.);
#1737=CARTESIAN_POINT('',(-0.0193,0.0167,-0.002));
#1738=DIRECTION('',(0.0,0.0,1.0));
#1739=DIRECTION('',(1.0,0.0,-0.0));
#1740=SURFACE_STYLE_FILL_AREA(#3237);
#1741=ORIENTED_EDGE('',*,*,#3238,.F.);
#1742=ORIENTED_EDGE('',*,*,#3236,.T.);
#1743=CARTESIAN_POINT('',(0.0,0.0,-0.003));
#1744=DIRECTION('',(0.0,0.0,1.0));
#1745=DIRECTION('',(1.0,0.0,0.0));
#1746=SURFACE_STYLE_FILL_AREA(#3239);
#1747=ORIENTED_EDGE('',*,*,#3240,.F.);
#1748=ORIENTED_EDGE('',*,*,#3241,.T.);
#1749=CARTESIAN_POINT('',(0.0,0.0,-0.006));
#1750=DIRECTION('',(0.0,0.0,1.0));
#1751=DIRECTION('',(1.0,0.0,0.0));
#1752=SURFACE_STYLE_FILL_AREA(#3242);
#1753=ORIENTED_EDGE('',*,*,#3243,.T.);
#1754=ORIENTED_EDGE('',*,*,#3241,.F.);
#1755=CARTESIAN_POINT('',(-0.0239,0.0134,-0.002));
#1756=DIRECTION('',(0.0,0.0,1.0));
#1757=DIRECTION('',(1.0,0.0,-0.0));
#1758=SURFACE_STYLE_FILL_AREA(#3244);
#1759=ORIENTED_EDGE('',*,*,#3245,.F.);
#1760=ORIENTED_EDGE('',*,*,#3246,.T.);
#1761=CARTESIAN_POINT('',(0.0,0.0,-0.007));
#1762=DIRECTION('',(0.0,0.0,1.0));
#1763=DIRECTION('',(1.0,0.0,0.0));
#1764=SURFACE_STYLE_FILL_AREA(#3247);
#1765=ORIENTED_EDGE('',*,*,#3238,.T.);
#1766=ORIENTED_EDGE('',*,*,#3246,.F.);
#1767=CARTESIAN_POINT('',(-0.0193,0.0167,-0.002));
#1768=DIRECTION('',(0.0,0.0,1.0));
#1769=DIRECTION('',(1.0,0.0,-0.0));
#1770=SURFACE_STYLE_FILL_AREA(#3248);
#1771=ORIENTED_EDGE('',*,*,#3249,.F.);
#1772=ORIENTED_EDGE('',*,*,#3250,.T.);
#1773=CARTESIAN_POINT('',(0.0,0.0,-0.007));
#1774=DIRECTION('',(0.0,0.0,1.0));
#1775=DIRECTION('',(1.0,0.0,0.0));
#1776=SURFACE_STYLE_FILL_AREA(#3251);
#1777=ORIENTED_EDGE('',*,*,#3230,.T.);
#1778=ORIENTED_EDGE('',*,*,#3250,.F.);
#1779=CARTESIAN_POINT('',(-0.0193,0.0257,-0.002));
#1780=DIRECTION('',(0.0,0.0,1.0));
#1781=DIRECTION('',(1.0,0.0,-0.0));
#1782=SURFACE_STYLE_FILL_AREA(#3252);
#1783=ORIENTED_EDGE('',*,*,#3253,.T.);
#1784=ORIENTED_EDGE('',*,*,#3240,.T.);
#1785=CARTESIAN_POINT('',(-0.0239,0.0134,0.003));
#1786=DIRECTION('',(0.0,0.0,1.0));
#1787=DIRECTION('',(1.0,0.0,-0.0));
#1788=SURFACE_STYLE_FILL_AREA(#3254);
#1789=ORIENTED_EDGE('',*,*,#3255,.F.);
#1790=ORIENTED_EDGE('',*,*,#3256,.T.);
#1791=CARTESIAN_POINT('',(0.0,0.0,0.0017));
#1792=DIRECTION('',(0.0,0.0,1.0));
#1793=DIRECTION('',(1.0,0.0,0.0));
#1794=SURFACE_STYLE_FILL_AREA(#3257);
#1795=ORIENTED_EDGE('',*,*,#3258,.T.);
#1796=ORIENTED_EDGE('',*,*,#3256,.F.);
#1797=CARTESIAN_POINT('',(-0.0193,0.0212,-0.002));
#1798=DIRECTION('',(0.0,0.0,1.0));
#1799=DIRECTION('',(1.0,0.0,-0.0));
#1800=SURFACE_STYLE_FILL_AREA(#3259);
#1801=ORIENTED_EDGE('',*,*,#3260,.F.);
#1802=ORIENTED_EDGE('',*,*,#3255,.T.);
#1803=CARTESIAN_POINT('',(-0.0193,0.0212,-0.002));
#1804=DIRECTION('',(0.0,0.0,1.0));
#1805=DIRECTION('',(1.0,0.0,-0.0));
#1806=SURFACE_STYLE_FILL_AREA(#3261);
#1807=ORIENTED_EDGE('',*,*,#3262,.F.);
#1808=ORIENTED_EDGE('',*,*,#3263,.T.);
#1809=ORIENTED_EDGE('',*,*,#3264,.F.);
#1810=ORIENTED_EDGE('',*,*,#3265,.F.);
#1811=ORIENTED_EDGE('',*,*,#3266,.F.);
#1812=ORIENTED_EDGE('',*,*,#3267,.F.);
#1813=CARTESIAN_POINT('',(0.0,0.0,0.0018));
#1814=DIRECTION('',(0.0,0.0,1.0));
#1815=DIRECTION('',(1.0,0.0,0.0));
#1816=SURFACE_STYLE_FILL_AREA(#3268);
#1817=ORIENTED_EDGE('',*,*,#3269,.F.);
#1818=ORIENTED_EDGE('',*,*,#3270,.F.);
#1819=ORIENTED_EDGE('',*,*,#3271,.F.);
#1820=ORIENTED_EDGE('',*,*,#3272,.F.);
#1821=ORIENTED_EDGE('',*,*,#3273,.F.);
#1822=ORIENTED_EDGE('',*,*,#3274,.F.);
#1823=CARTESIAN_POINT('',(-0.0195,0.0059,0.0003));
#1824=DIRECTION('',(0.0,0.0,1.0));
#1825=DIRECTION('',(1.0,0.0,0.0));
#1826=SURFACE_STYLE_FILL_AREA(#3275);
#1827=ORIENTED_EDGE('',*,*,#3276,.F.);
#1828=ORIENTED_EDGE('',*,*,#3277,.T.);
#1829=ORIENTED_EDGE('',*,*,#3278,.F.);
#1830=ORIENTED_EDGE('',*,*,#3279,.F.);
#1831=ORIENTED_EDGE('',*,*,#3280,.F.);
#1832=ORIENTED_EDGE('',*,*,#3281,.F.);
#1833=CARTESIAN_POINT('',(0.0,0.0,0.0018));
#1834=DIRECTION('',(0.0,0.0,1.0));
#1835=DIRECTION('',(1.0,0.0,0.0));
#1836=SURFACE_STYLE_FILL_AREA(#3282);
#1837=ORIENTED_EDGE('',*,*,#3283,.F.);
#1838=ORIENTED_EDGE('',*,*,#3284,.F.);
#1839=ORIENTED_EDGE('',*,*,#3285,.F.);
#1840=ORIENTED_EDGE('',*,*,#3286,.F.);
#1841=ORIENTED_EDGE('',*,*,#3287,.F.);
#1842=ORIENTED_EDGE('',*,*,#3288,.F.);
#1843=CARTESIAN_POINT('',(-0.0073,0.0285,0.0003));
#1844=DIRECTION('',(0.0,0.0,1.0));
#1845=DIRECTION('',(1.0,0.0,0.0));
#1846=SURFACE_STYLE_FILL_AREA(#3289);
#1847=ORIENTED_EDGE('',*,*,#3290,.F.);
#1848=ORIENTED_EDGE('',*,*,#3291,.T.);
#1849=ORIENTED_EDGE('',*,*,#3292,.T.);
#1850=ORIENTED_EDGE('',*,*,#3293,.T.);
#1851=ORIENTED_EDGE('',*,*,#3294,.T.);
#1852=ORIENTED_EDGE('',*,*,#3295,.T.);
#1853=ORIENTED_EDGE('',*,*,#3296,.T.);
#1854=ORIENTED_EDGE('',*,*,#3297,.T.);
#1855=CARTESIAN_POINT('',(0.0,0.0,0.0017));
#1856=DIRECTION('',(0.0,0.0,1.0));
#1857=DIRECTION('',(1.0,0.0,0.0));
#1858=SURFACE_STYLE_FILL_AREA(#3298);
#1859=ORIENTED_EDGE('',*,*,#3299,.F.);
#1860=ORIENTED_EDGE('',*,*,#3300,.F.);
#1861=ORIENTED_EDGE('',*,*,#3301,.F.);
#1862=ORIENTED_EDGE('',*,*,#3302,.F.);
#1863=CARTESIAN_POINT('',(0.0,0.0,0.0017));
#1864=DIRECTION('',(0.0,0.0,1.0));
#1865=DIRECTION('',(1.0,0.0,0.0));
#1866=SURFACE_STYLE_FILL_AREA(#3303);
#1867=ORIENTED_EDGE('',*,*,#3304,.T.);
#1868=ORIENTED_EDGE('',*,*,#3305,.T.);
#1869=ORIENTED_EDGE('',*,*,#3306,.T.);
#1870=ORIENTED_EDGE('',*,*,#3307,.F.);
#1871=CARTESIAN_POINT('',(0.0,0.0,0.0017));
#1872=DIRECTION('',(0.0,0.0,1.0));
#1873=DIRECTION('',(1.0,0.0,0.0));
#1874=SURFACE_STYLE_FILL_AREA(#3308);
#1875=ORIENTED_EDGE('',*,*,#3309,.F.);
#1876=ORIENTED_EDGE('',*,*,#3310,.F.);
#1877=ORIENTED_EDGE('',*,*,#3290,.T.);
#1878=ORIENTED_EDGE('',*,*,#3311,.T.);
#1879=CARTESIAN_POINT('',(-0.017,0.0,0.0079));
#1880=DIRECTION('',(1.0,0.0,0.0));
#1881=DIRECTION('',(0.0,1.0,0.0));
#1882=SURFACE_STYLE_FILL_AREA(#3312);
#1883=ORIENTED_EDGE('',*,*,#3313,.F.);
#1884=ORIENTED_EDGE('',*,*,#3314,.T.);
#1885=ORIENTED_EDGE('',*,*,#3315,.T.);
#1886=ORIENTED_EDGE('',*,*,#3316,.T.);
#1887=ORIENTED_EDGE('',*,*,#3317,.T.);
#1888=CARTESIAN_POINT('',(0.0,0.0,0.0059));
#1889=DIRECTION('',(0.0,0.0,1.0));
#1890=DIRECTION('',(1.0,0.0,0.0));
#1891=SURFACE_STYLE_FILL_AREA(#3318);
#1892=ORIENTED_EDGE('',*,*,#3319,.F.);
#1893=ORIENTED_EDGE('',*,*,#3320,.T.);
#1894=ORIENTED_EDGE('',*,*,#3321,.T.);
#1895=ORIENTED_EDGE('',*,*,#3322,.F.);
#1896=CARTESIAN_POINT('',(0.0,0.0,0.0169));
#1897=DIRECTION('',(0.0,0.0,1.0));
#1898=DIRECTION('',(1.0,0.0,0.0));
#1899=SURFACE_STYLE_FILL_AREA(#3323);
#1900=ORIENTED_EDGE('',*,*,#3324,.T.);
#1901=ORIENTED_EDGE('',*,*,#3325,.F.);
#1902=ORIENTED_EDGE('',*,*,#3320,.F.);
#1903=ORIENTED_EDGE('',*,*,#3326,.T.);
#1904=CARTESIAN_POINT('',(-0.036,0.0,0.0079));
#1905=DIRECTION('',(1.0,0.0,0.0));
#1906=DIRECTION('',(0.0,1.0,0.0));
#1907=SURFACE_STYLE_FILL_AREA(#3327);
#1908=ORIENTED_EDGE('',*,*,#3328,.T.);
#1909=ORIENTED_EDGE('',*,*,#3329,.T.);
#1910=ORIENTED_EDGE('',*,*,#3330,.T.);
#1911=ORIENTED_EDGE('',*,*,#3331,.T.);
#1912=CARTESIAN_POINT('',(0.0,0.0,0.0005));
#1913=DIRECTION('',(0.0,0.0,1.0));
#1914=DIRECTION('',(1.0,0.0,0.0));
#1915=SURFACE_STYLE_FILL_AREA(#3332);
#1916=ORIENTED_EDGE('',*,*,#3333,.T.);
#1917=ORIENTED_EDGE('',*,*,#3334,.T.);
#1918=ORIENTED_EDGE('',*,*,#3335,.T.);
#1919=ORIENTED_EDGE('',*,*,#3336,.T.);
#1920=ORIENTED_EDGE('',*,*,#3337,.T.);
#1921=ORIENTED_EDGE('',*,*,#3338,.T.);
#1922=CARTESIAN_POINT('',(0.0,0.0,0.0169));
#1923=DIRECTION('',(0.0,0.0,1.0));
#1924=DIRECTION('',(1.0,0.0,0.0));
#1925=SURFACE_STYLE_FILL_AREA(#3339);
#1926=ORIENTED_EDGE('',*,*,#3340,.T.);
#1927=ORIENTED_EDGE('',*,*,#3341,.F.);
#1928=ORIENTED_EDGE('',*,*,#3334,.F.);
#1929=ORIENTED_EDGE('',*,*,#3342,.T.);
#1930=CARTESIAN_POINT('',(-0.036,0.0,0.0079));
#1931=DIRECTION('',(1.0,0.0,0.0));
#1932=DIRECTION('',(0.0,1.0,0.0));
#1933=SURFACE_STYLE_FILL_AREA(#3343);
#1934=ORIENTED_EDGE('',*,*,#3253,.F.);
#1935=ORIENTED_EDGE('',*,*,#3344,.T.);
#1936=CARTESIAN_POINT('',(0.0,0.0,0.009));
#1937=DIRECTION('',(0.0,0.0,1.0));
#1938=DIRECTION('',(1.0,0.0,0.0));
#1939=SURFACE_STYLE_FILL_AREA(#3345);
#1940=ORIENTED_EDGE('',*,*,#3324,.F.);
#1941=ORIENTED_EDGE('',*,*,#3346,.F.);
#1942=ORIENTED_EDGE('',*,*,#3347,.F.);
#1943=ORIENTED_EDGE('',*,*,#3348,.F.);
#1944=ORIENTED_EDGE('',*,*,#3349,.T.);
#1945=ORIENTED_EDGE('',*,*,#3350,.F.);
#1946=ORIENTED_EDGE('',*,*,#3351,.F.);
#1947=ORIENTED_EDGE('',*,*,#3352,.T.);
#1948=ORIENTED_EDGE('',*,*,#3353,.F.);
#1949=ORIENTED_EDGE('',*,*,#3354,.F.);
#1950=ORIENTED_EDGE('',*,*,#3355,.T.);
#1951=ORIENTED_EDGE('',*,*,#3356,.T.);
#1952=ORIENTED_EDGE('',*,*,#3357,.T.);
#1953=ORIENTED_EDGE('',*,*,#3358,.F.);
#1954=ORIENTED_EDGE('',*,*,#3359,.F.);
#1955=ORIENTED_EDGE('',*,*,#3360,.F.);
#1956=ORIENTED_EDGE('',*,*,#3361,.T.);
#1957=ORIENTED_EDGE('',*,*,#3362,.F.);
#1958=ORIENTED_EDGE('',*,*,#3363,.T.);
#1959=ORIENTED_EDGE('',*,*,#3364,.T.);
#1960=ORIENTED_EDGE('',*,*,#3365,.F.);
#1961=CARTESIAN_POINT('',(0.0,0.0,0.0079));
#1962=DIRECTION('',(0.0,0.0,1.0));
#1963=DIRECTION('',(1.0,0.0,0.0));
#1964=SURFACE_STYLE_FILL_AREA(#3366);
#1965=ORIENTED_EDGE('',*,*,#3367,.F.);
#1966=ORIENTED_EDGE('',*,*,#3368,.T.);
#1967=ORIENTED_EDGE('',*,*,#3369,.F.);
#1968=ORIENTED_EDGE('',*,*,#3370,.T.);
#1969=ORIENTED_EDGE('',*,*,#3371,.T.);
#1970=ORIENTED_EDGE('',*,*,#3372,.T.);
#1971=ORIENTED_EDGE('',*,*,#3309,.T.);
#1972=ORIENTED_EDGE('',*,*,#3373,.T.);
#1973=CARTESIAN_POINT('',(0.0,0.0,0.0079));
#1974=DIRECTION('',(0.0,0.0,1.0));
#1975=DIRECTION('',(1.0,0.0,0.0));
#1976=SURFACE_STYLE_FILL_AREA(#3374);
#1977=ORIENTED_EDGE('',*,*,#3375,.F.);
#1978=ORIENTED_EDGE('',*,*,#3376,.F.);
#1979=ORIENTED_EDGE('',*,*,#3377,.F.);
#1980=ORIENTED_EDGE('',*,*,#3378,.F.);
#1981=ORIENTED_EDGE('',*,*,#3379,.F.);
#1982=ORIENTED_EDGE('',*,*,#3380,.T.);
#1983=ORIENTED_EDGE('',*,*,#3381,.T.);
#1984=ORIENTED_EDGE('',*,*,#3382,.F.);
#1985=ORIENTED_EDGE('',*,*,#3383,.T.);
#1986=ORIENTED_EDGE('',*,*,#3384,.F.);
#1987=ORIENTED_EDGE('',*,*,#3385,.T.);
#1988=ORIENTED_EDGE('',*,*,#3386,.T.);
#1989=ORIENTED_EDGE('',*,*,#3387,.T.);
#1990=ORIENTED_EDGE('',*,*,#3388,.T.);
#1991=CARTESIAN_POINT('',(0.0,0.0,0.0079));
#1992=DIRECTION('',(0.0,0.0,1.0));
#1993=DIRECTION('',(1.0,0.0,0.0));
#1994=SURFACE_STYLE_FILL_AREA(#3389);
#1995=ORIENTED_EDGE('',*,*,#3390,.F.);
#1996=ORIENTED_EDGE('',*,*,#3391,.T.);
#1997=ORIENTED_EDGE('',*,*,#3392,.T.);
#1998=ORIENTED_EDGE('',*,*,#3393,.F.);
#1999=CARTESIAN_POINT('',(-0.0291,0.00126945734440176,0.003));
#2000=DIRECTION('',(0.0,1.0,0.0));
#2001=DIRECTION('',(-1.0,0.0,0.0));
#2002=SURFACE_STYLE_FILL_AREA(#3394);
#2003=ORIENTED_EDGE('',*,*,#3395,.F.);
#2004=ORIENTED_EDGE('',*,*,#3396,.F.);
#2005=ORIENTED_EDGE('',*,*,#3397,.F.);
#2006=ORIENTED_EDGE('',*,*,#3398,.F.);
#2007=CARTESIAN_POINT('',(-0.00644754500030024,0.0111972333970374,0.005));
#2008=DIRECTION('',(0.0,-1.0,0.0));
#2009=DIRECTION('',(1.0,0.0,0.0));
#2010=SURFACE_STYLE_FILL_AREA(#3399);
#2011=ORIENTED_EDGE('',*,*,#3340,.F.);
#2012=ORIENTED_EDGE('',*,*,#3400,.F.);
#2013=ORIENTED_EDGE('',*,*,#3401,.T.);
#2014=ORIENTED_EDGE('',*,*,#3402,.F.);
#2015=ORIENTED_EDGE('',*,*,#3403,.F.);
#2016=ORIENTED_EDGE('',*,*,#3404,.T.);
#2017=ORIENTED_EDGE('',*,*,#3405,.T.);
#2018=ORIENTED_EDGE('',*,*,#3406,.F.);
#2019=ORIENTED_EDGE('',*,*,#3407,.F.);
#2020=ORIENTED_EDGE('',*,*,#3408,.F.);
#2021=ORIENTED_EDGE('',*,*,#3398,.T.);
#2022=ORIENTED_EDGE('',*,*,#3409,.F.);
#2023=ORIENTED_EDGE('',*,*,#3410,.T.);
#2024=ORIENTED_EDGE('',*,*,#3411,.F.);
#2025=ORIENTED_EDGE('',*,*,#3391,.F.);
#2026=ORIENTED_EDGE('',*,*,#3412,.F.);
#2027=ORIENTED_EDGE('',*,*,#3413,.F.);
#2028=ORIENTED_EDGE('',*,*,#3414,.F.);
#2029=ORIENTED_EDGE('',*,*,#3415,.F.);
#2030=ORIENTED_EDGE('',*,*,#3416,.T.);
#2031=ORIENTED_EDGE('',*,*,#3417,.F.);
#2032=ORIENTED_EDGE('',*,*,#3418,.F.);
#2033=CARTESIAN_POINT('',(0.0,0.0,0.0079));
#2034=DIRECTION('',(0.0,0.0,1.0));
#2035=DIRECTION('',(1.0,0.0,0.0));
#2036=SURFACE_STYLE_FILL_AREA(#3419);
#2037=ORIENTED_EDGE('',*,*,#3258,.F.);
#2038=ORIENTED_EDGE('',*,*,#3420,.F.);
#2039=ORIENTED_EDGE('',*,*,#3421,.F.);
#2040=ORIENTED_EDGE('',*,*,#3422,.F.);
#2041=ORIENTED_EDGE('',*,*,#3423,.F.);
#2042=ORIENTED_EDGE('',*,*,#3424,.T.);
#2043=ORIENTED_EDGE('',*,*,#3425,.F.);
#2044=ORIENTED_EDGE('',*,*,#3426,.F.);
#2045=ORIENTED_EDGE('',*,*,#3427,.T.);
#2046=ORIENTED_EDGE('',*,*,#3428,.F.);
#2047=ORIENTED_EDGE('',*,*,#3429,.T.);
#2048=ORIENTED_EDGE('',*,*,#3430,.T.);
#2049=ORIENTED_EDGE('',*,*,#3431,.T.);
#2050=ORIENTED_EDGE('',*,*,#3432,.T.);
#2051=ORIENTED_EDGE('',*,*,#3433,.T.);
#2052=ORIENTED_EDGE('',*,*,#3434,.T.);
#2053=ORIENTED_EDGE('',*,*,#3435,.T.);
#2054=ORIENTED_EDGE('',*,*,#3436,.T.);
#2055=ORIENTED_EDGE('',*,*,#3437,.T.);
#2056=ORIENTED_EDGE('',*,*,#3438,.T.);
#2057=ORIENTED_EDGE('',*,*,#3439,.T.);
#2058=ORIENTED_EDGE('',*,*,#3440,.T.);
#2059=ORIENTED_EDGE('',*,*,#3441,.T.);
#2060=ORIENTED_EDGE('',*,*,#3442,.T.);
#2061=ORIENTED_EDGE('',*,*,#3443,.T.);
#2062=ORIENTED_EDGE('',*,*,#3444,.F.);
#2063=ORIENTED_EDGE('',*,*,#3445,.F.);
#2064=ORIENTED_EDGE('',*,*,#3446,.T.);
#2065=ORIENTED_EDGE('',*,*,#3447,.T.);
#2066=ORIENTED_EDGE('',*,*,#3448,.F.);
#2067=ORIENTED_EDGE('',*,*,#3449,.T.);
#2068=ORIENTED_EDGE('',*,*,#3450,.T.);
#2069=ORIENTED_EDGE('',*,*,#3451,.F.);
#2070=ORIENTED_EDGE('',*,*,#3452,.F.);
#2071=ORIENTED_EDGE('',*,*,#3453,.T.);
#2072=ORIENTED_EDGE('',*,*,#3454,.T.);
#2073=ORIENTED_EDGE('',*,*,#3455,.T.);
#2074=ORIENTED_EDGE('',*,*,#3456,.T.);
#2075=ORIENTED_EDGE('',*,*,#3457,.T.);
#2076=ORIENTED_EDGE('',*,*,#3458,.T.);
#2077=ORIENTED_EDGE('',*,*,#3459,.T.);
#2078=ORIENTED_EDGE('',*,*,#3460,.T.);
#2079=ORIENTED_EDGE('',*,*,#3461,.F.);
#2080=ORIENTED_EDGE('',*,*,#3462,.T.);
#2081=CARTESIAN_POINT('',(0.0,0.0,-0.002));
#2082=DIRECTION('',(0.0,0.0,1.0));
#2083=DIRECTION('',(1.0,0.0,0.0));
#2084=SURFACE_STYLE_FILL_AREA(#3463);
#2085=ORIENTED_EDGE('',*,*,#3464,.T.);
#2086=ORIENTED_EDGE('',*,*,#3344,.F.);
#2087=CARTESIAN_POINT('',(-0.0239,0.0134,0.003));
#2088=DIRECTION('',(0.0,0.0,1.0));
#2089=DIRECTION('',(1.0,0.0,-0.0));
#2090=SURFACE_STYLE_FILL_AREA(#3465);
#2091=ORIENTED_EDGE('',*,*,#3466,.T.);
#2092=ORIENTED_EDGE('',*,*,#3467,.F.);
#2093=ORIENTED_EDGE('',*,*,#3403,.T.);
#2094=ORIENTED_EDGE('',*,*,#3468,.T.);
#2095=ORIENTED_EDGE('',*,*,#3424,.F.);
#2096=ORIENTED_EDGE('',*,*,#3469,.F.);
#2097=CARTESIAN_POINT('',(0.0,0.0061,0.0));
#2098=DIRECTION('',(2.89120579329468E-16,-1.0,0.0));
#2099=DIRECTION('',(1.0,2.89120579329468E-16,0.0));
#2100=SURFACE_STYLE_FILL_AREA(#3470);
#2101=ORIENTED_EDGE('',*,*,#3471,.T.);
#2102=CARTESIAN_POINT('',(0.0,0.0,0.003));
#2103=DIRECTION('',(0.0,0.0,1.0));
#2104=DIRECTION('',(1.0,0.0,0.0));
#2105=SURFACE_STYLE_FILL_AREA(#3472);
#2106=ORIENTED_EDGE('',*,*,#3418,.T.);
#2107=ORIENTED_EDGE('',*,*,#3471,.F.);
#2108=CARTESIAN_POINT('',(-0.0045,0.0017,0.005));
#2109=DIRECTION('',(0.0,0.0,1.0));
#2110=DIRECTION('',(1.0,0.0,-0.0));
#2111=SURFACE_STYLE_FILL_AREA(#3473);
#2112=ORIENTED_EDGE('',*,*,#3474,.T.);
#2113=ORIENTED_EDGE('',*,*,#3447,.F.);
#2114=ORIENTED_EDGE('',*,*,#3475,.F.);
#2115=ORIENTED_EDGE('',*,*,#3307,.T.);
#2116=CARTESIAN_POINT('',(-0.0239,0.014,0.005));
#2117=DIRECTION('',(-1.0,0.0,0.0));
#2118=DIRECTION('',(0.0,0.0,1.0));
#2119=SURFACE_STYLE_FILL_AREA(#3476);
#2120=ORIENTED_EDGE('',*,*,#3296,.F.);
#2121=ORIENTED_EDGE('',*,*,#3477,.T.);
#2122=ORIENTED_EDGE('',*,*,#3449,.F.);
#2123=ORIENTED_EDGE('',*,*,#3478,.F.);
#2124=CARTESIAN_POINT('',(-0.0146,0.014,0.005));
#2125=DIRECTION('',(1.0,0.0,-0.0));
#2126=DIRECTION('',(-0.0,0.0,-1.0));
#2127=SURFACE_STYLE_FILL_AREA(#3479);
#2128=ORIENTED_EDGE('',*,*,#3415,.T.);
#2129=ORIENTED_EDGE('',*,*,#3480,.T.);
#2130=ORIENTED_EDGE('',*,*,#3481,.F.);
#2131=ORIENTED_EDGE('',*,*,#3482,.F.);
#2132=CARTESIAN_POINT('',(-0.0375970208758886,0.0118,0.005));
#2133=DIRECTION('',(0.0,-1.0,0.0));
#2134=DIRECTION('',(1.0,0.0,0.0));
#2135=SURFACE_STYLE_FILL_AREA(#3483);
#2136=ORIENTED_EDGE('',*,*,#3350,.T.);
#2137=ORIENTED_EDGE('',*,*,#3484,.T.);
#2138=ORIENTED_EDGE('',*,*,#3432,.F.);
#2139=ORIENTED_EDGE('',*,*,#3485,.F.);
#2140=ORIENTED_EDGE('',*,*,#3486,.F.);
#2141=CARTESIAN_POINT('',(-0.0300225463931305,0.014,0.005));
#2142=DIRECTION('',(0.0,1.0,-0.0));
#2143=DIRECTION('',(-1.0,0.0,0.0));
#2144=SURFACE_STYLE_FILL_AREA(#3487);
#2145=ORIENTED_EDGE('',*,*,#3488,.F.);
#2146=ORIENTED_EDGE('',*,*,#3489,.T.);
#2147=ORIENTED_EDGE('',*,*,#3490,.T.);
#2148=ORIENTED_EDGE('',*,*,#3491,.F.);
#2149=CARTESIAN_POINT('',(0.0,0.0,0.003));
#2150=DIRECTION('',(0.0,0.0,1.0));
#2151=DIRECTION('',(1.0,0.0,0.0));
#2152=SURFACE_STYLE_FILL_AREA(#3492);
#2153=ORIENTED_EDGE('',*,*,#3411,.T.);
#2154=ORIENTED_EDGE('',*,*,#3493,.T.);
#2155=ORIENTED_EDGE('',*,*,#3494,.T.);
#2156=ORIENTED_EDGE('',*,*,#3392,.F.);
#2157=CARTESIAN_POINT('',(-0.009,0.00353575368217968,0.005));
#2158=DIRECTION('',(-1.0,0.0,0.0));
#2159=DIRECTION('',(0.0,-1.0,0.0));
#2160=SURFACE_STYLE_FILL_AREA(#3495);
#2161=ORIENTED_EDGE('',*,*,#3490,.F.);
#2162=ORIENTED_EDGE('',*,*,#3496,.T.);
#2163=ORIENTED_EDGE('',*,*,#3407,.T.);
#2164=ORIENTED_EDGE('',*,*,#3497,.F.);
#2165=CARTESIAN_POINT('',(-0.00644754500030024,0.00612723339703744,0.005));
#2166=DIRECTION('',(0.0,-1.0,0.0));
#2167=DIRECTION('',(1.0,0.0,0.0));
#2168=SURFACE_STYLE_FILL_AREA(#3498);
#2169=ORIENTED_EDGE('',*,*,#3499,.T.);
#2170=ORIENTED_EDGE('',*,*,#3388,.F.);
#2171=ORIENTED_EDGE('',*,*,#3500,.T.);
#2172=ORIENTED_EDGE('',*,*,#3501,.F.);
#2173=CARTESIAN_POINT('',(-0.0025,0.014,0.005));
#2174=DIRECTION('',(1.0,0.0,0.0));
#2175=DIRECTION('',(0.0,1.0,0.0));
#2176=SURFACE_STYLE_FILL_AREA(#3502);
#2177=ORIENTED_EDGE('',*,*,#3503,.F.);
#2178=ORIENTED_EDGE('',*,*,#3504,.F.);
#2179=ORIENTED_EDGE('',*,*,#3505,.T.);
#2180=ORIENTED_EDGE('',*,*,#3466,.F.);
#2181=CARTESIAN_POINT('',(0.0,0.0,0.003));
#2182=DIRECTION('',(0.0,0.0,1.0));
#2183=DIRECTION('',(1.0,0.0,0.0));
#2184=SURFACE_STYLE_FILL_AREA(#3506);
#2185=ORIENTED_EDGE('',*,*,#3405,.F.);
#2186=ORIENTED_EDGE('',*,*,#3507,.F.);
#2187=ORIENTED_EDGE('',*,*,#3504,.T.);
#2188=ORIENTED_EDGE('',*,*,#3508,.T.);
#2189=CARTESIAN_POINT('',(0.0,0.0038,0.005));
#2190=DIRECTION('',(0.0,1.0,-0.0));
#2191=DIRECTION('',(-1.0,0.0,0.0));
#2192=SURFACE_STYLE_FILL_AREA(#3509);
#2193=ORIENTED_EDGE('',*,*,#3510,.F.);
#2194=ORIENTED_EDGE('',*,*,#3401,.F.);
#2195=ORIENTED_EDGE('',*,*,#3511,.T.);
#2196=ORIENTED_EDGE('',*,*,#3426,.T.);
#2197=ORIENTED_EDGE('',*,*,#3512,.F.);
#2198=ORIENTED_EDGE('',*,*,#3263,.F.);
#2199=ORIENTED_EDGE('',*,*,#3513,.T.);
#2200=ORIENTED_EDGE('',*,*,#3272,.T.);
#2201=CARTESIAN_POINT('',(0.0,0.0,0.0));
#2202=DIRECTION('',(0.0,-1.0,0.0));
#2203=DIRECTION('',(0.0,0.0,-1.0));
#2204=SURFACE_STYLE_FILL_AREA(#3514);
#2205=ORIENTED_EDGE('',*,*,#3338,.F.);
#2206=ORIENTED_EDGE('',*,*,#3515,.T.);
#2207=ORIENTED_EDGE('',*,*,#3428,.T.);
#2208=ORIENTED_EDGE('',*,*,#3516,.F.);
#2209=CARTESIAN_POINT('',(-0.04,0.0,0.0));
#2210=DIRECTION('',(-1.0,0.0,0.0));
#2211=DIRECTION('',(0.0,0.0,1.0));
#2212=SURFACE_STYLE_FILL_AREA(#3517);
#2213=ORIENTED_EDGE('',*,*,#3474,.F.);
#2214=ORIENTED_EDGE('',*,*,#3306,.F.);
#2215=ORIENTED_EDGE('',*,*,#3518,.T.);
#2216=ORIENTED_EDGE('',*,*,#3373,.F.);
#2217=ORIENTED_EDGE('',*,*,#3311,.F.);
#2218=ORIENTED_EDGE('',*,*,#3297,.F.);
#2219=ORIENTED_EDGE('',*,*,#3478,.T.);
#2220=ORIENTED_EDGE('',*,*,#3448,.T.);
#2221=CARTESIAN_POINT('',(-0.04,0.0462,0.0));
#2222=DIRECTION('',(-0.0,1.0,0.0));
#2223=DIRECTION('',(0.0,0.0,1.0));
#2224=SURFACE_STYLE_FILL_AREA(#3519);
#2225=ORIENTED_EDGE('',*,*,#3376,.T.);
#2226=ORIENTED_EDGE('',*,*,#3520,.T.);
#2227=ORIENTED_EDGE('',*,*,#3461,.T.);
#2228=ORIENTED_EDGE('',*,*,#3521,.F.);
#2229=ORIENTED_EDGE('',*,*,#3522,.F.);
#2230=ORIENTED_EDGE('',*,*,#3277,.F.);
#2231=ORIENTED_EDGE('',*,*,#3523,.T.);
#2232=ORIENTED_EDGE('',*,*,#3287,.T.);
#2233=CARTESIAN_POINT('',(0.0,0.0462,0.0));
#2234=DIRECTION('',(1.0,0.0,-0.0));
#2235=DIRECTION('',(-0.0,0.0,-1.0));
#2236=SURFACE_STYLE_FILL_AREA(#3524);
#2237=ORIENTED_EDGE('',*,*,#3525,.F.);
#2238=ORIENTED_EDGE('',*,*,#3497,.T.);
#2239=ORIENTED_EDGE('',*,*,#3406,.T.);
#2240=ORIENTED_EDGE('',*,*,#3508,.F.);
#2241=ORIENTED_EDGE('',*,*,#3503,.T.);
#2242=CARTESIAN_POINT('',(-0.003,0.0118,0.005));
#2243=DIRECTION('',(1.0,0.0,-0.0));
#2244=DIRECTION('',(-0.0,0.0,-1.0));
#2245=SURFACE_STYLE_FILL_AREA(#3526);
#2246=ORIENTED_EDGE('',*,*,#3462,.F.);
#2247=ORIENTED_EDGE('',*,*,#3520,.F.);
#2248=ORIENTED_EDGE('',*,*,#3375,.T.);
#2249=ORIENTED_EDGE('',*,*,#3499,.F.);
#2250=ORIENTED_EDGE('',*,*,#3527,.T.);
#2251=CARTESIAN_POINT('',(-0.0025,0.014,0.005));
#2252=DIRECTION('',(0.0,-1.0,-0.0));
#2253=DIRECTION('',(0.0,0.0,-1.0));
#2254=SURFACE_STYLE_FILL_AREA(#3528);
#2255=ORIENTED_EDGE('',*,*,#3468,.F.);
#2256=ORIENTED_EDGE('',*,*,#3402,.T.);
#2257=ORIENTED_EDGE('',*,*,#3510,.T.);
#2258=ORIENTED_EDGE('',*,*,#3425,.T.);
#2259=CARTESIAN_POINT('',(0.001,0.0,0.005));
#2260=DIRECTION('',(-1.0,0.0,0.0));
#2261=DIRECTION('',(0.0,0.0,1.0));
#2262=SURFACE_STYLE_FILL_AREA(#3529);
#2263=ORIENTED_EDGE('',*,*,#3404,.F.);
#2264=ORIENTED_EDGE('',*,*,#3467,.T.);
#2265=ORIENTED_EDGE('',*,*,#3505,.F.);
#2266=ORIENTED_EDGE('',*,*,#3507,.T.);
#2267=CARTESIAN_POINT('',(0.0,0.0462,0.005));
#2268=DIRECTION('',(1.0,0.0,-0.0));
#2269=DIRECTION('',(-0.0,0.0,-1.0));
#2270=SURFACE_STYLE_FILL_AREA(#3530);
#2271=ORIENTED_EDGE('',*,*,#3397,.T.);
#2272=ORIENTED_EDGE('',*,*,#3531,.F.);
#2273=ORIENTED_EDGE('',*,*,#3532,.F.);
#2274=ORIENTED_EDGE('',*,*,#3409,.T.);
#2275=CARTESIAN_POINT('',(-0.0046,0.0026,0.005));
#2276=DIRECTION('',(-1.0,0.0,0.0));
#2277=DIRECTION('',(0.0,0.0,1.0));
#2278=SURFACE_STYLE_FILL_AREA(#3533);
#2279=ORIENTED_EDGE('',*,*,#3410,.F.);
#2280=ORIENTED_EDGE('',*,*,#3532,.T.);
#2281=ORIENTED_EDGE('',*,*,#3534,.F.);
#2282=ORIENTED_EDGE('',*,*,#3493,.F.);
#2283=CARTESIAN_POINT('',(-0.00792405817021678,0.0026,0.005));
#2284=DIRECTION('',(0.0,1.0,0.0));
#2285=DIRECTION('',(0.0,-0.0,1.0));
#2286=SURFACE_STYLE_FILL_AREA(#3535);
#2287=ORIENTED_EDGE('',*,*,#3536,.F.);
#2288=ORIENTED_EDGE('',*,*,#3412,.T.);
#2289=ORIENTED_EDGE('',*,*,#3390,.T.);
#2290=ORIENTED_EDGE('',*,*,#3537,.F.);
#2291=CARTESIAN_POINT('',(-0.0291,0.00353575368217968,0.005));
#2292=DIRECTION('',(1.0,0.0,-0.0));
#2293=DIRECTION('',(-0.0,0.0,-1.0));
#2294=SURFACE_STYLE_FILL_AREA(#3538);
#2295=ORIENTED_EDGE('',*,*,#3536,.T.);
#2296=ORIENTED_EDGE('',*,*,#3539,.F.);
#2297=ORIENTED_EDGE('',*,*,#3540,.F.);
#2298=ORIENTED_EDGE('',*,*,#3413,.T.);
#2299=CARTESIAN_POINT('',(-0.0342,0.0026,0.005));
#2300=DIRECTION('',(0.0,1.0,0.0));
#2301=DIRECTION('',(0.0,-0.0,1.0));
#2302=SURFACE_STYLE_FILL_AREA(#3541);
#2303=ORIENTED_EDGE('',*,*,#3540,.T.);
#2304=ORIENTED_EDGE('',*,*,#3542,.F.);
#2305=ORIENTED_EDGE('',*,*,#3480,.F.);
#2306=ORIENTED_EDGE('',*,*,#3414,.T.);
#2307=CARTESIAN_POINT('',(-0.0342,0.00510127122816373,0.005));
#2308=DIRECTION('',(1.0,0.0,-0.0));
#2309=DIRECTION('',(-0.0,0.0,-1.0));
#2310=SURFACE_STYLE_FILL_AREA(#3543);
#2311=ORIENTED_EDGE('',*,*,#3544,.T.);
#2312=ORIENTED_EDGE('',*,*,#3430,.F.);
#2313=ORIENTED_EDGE('',*,*,#3545,.F.);
#2314=ORIENTED_EDGE('',*,*,#3328,.F.);
#2315=ORIENTED_EDGE('',*,*,#3546,.F.);
#2316=ORIENTED_EDGE('',*,*,#3416,.F.);
#2317=ORIENTED_EDGE('',*,*,#3482,.T.);
#2318=CARTESIAN_POINT('',(-0.0352,0.014,0.005));
#2319=DIRECTION('',(-1.0,-0.0,0.0));
#2320=DIRECTION('',(0.0,0.0,1.0));
#2321=SURFACE_STYLE_FILL_AREA(#3547);
#2322=ORIENTED_EDGE('',*,*,#3516,.T.);
#2323=ORIENTED_EDGE('',*,*,#3427,.F.);
#2324=ORIENTED_EDGE('',*,*,#3511,.F.);
#2325=ORIENTED_EDGE('',*,*,#3400,.T.);
#2326=ORIENTED_EDGE('',*,*,#3342,.F.);
#2327=ORIENTED_EDGE('',*,*,#3333,.F.);
#2328=CARTESIAN_POINT('',(-0.0343,0.0,0.005));
#2329=DIRECTION('',(-0.5,-0.866025403784439,0.0));
#2330=DIRECTION('',(0.866025403784439,-0.5,0.0));
#2331=SURFACE_STYLE_FILL_AREA(#3548);
#2332=ORIENTED_EDGE('',*,*,#3549,.F.);
#2333=ORIENTED_EDGE('',*,*,#3336,.F.);
#2334=ORIENTED_EDGE('',*,*,#3550,.T.);
#2335=ORIENTED_EDGE('',*,*,#3330,.F.);
#2336=CARTESIAN_POINT('',(-0.0387,0.0038,0.005));
#2337=DIRECTION('',(1.0,0.0,-0.0));
#2338=DIRECTION('',(-0.0,0.0,-1.0));
#2339=SURFACE_STYLE_FILL_AREA(#3551);
#2340=ORIENTED_EDGE('',*,*,#3546,.T.);
#2341=ORIENTED_EDGE('',*,*,#3331,.F.);
#2342=ORIENTED_EDGE('',*,*,#3550,.F.);
#2343=ORIENTED_EDGE('',*,*,#3335,.F.);
#2344=ORIENTED_EDGE('',*,*,#3341,.T.);
#2345=ORIENTED_EDGE('',*,*,#3417,.T.);
#2346=CARTESIAN_POINT('',(-0.0387,0.0038,0.005));
#2347=DIRECTION('',(0.0,1.0,0.0));
#2348=DIRECTION('',(0.0,-0.0,1.0));
#2349=SURFACE_STYLE_FILL_AREA(#3552);
#2350=ORIENTED_EDGE('',*,*,#3545,.T.);
#2351=ORIENTED_EDGE('',*,*,#3429,.F.);
#2352=ORIENTED_EDGE('',*,*,#3515,.F.);
#2353=ORIENTED_EDGE('',*,*,#3337,.F.);
#2354=ORIENTED_EDGE('',*,*,#3549,.T.);
#2355=ORIENTED_EDGE('',*,*,#3329,.F.);
#2356=CARTESIAN_POINT('',(-0.0352,0.0059,0.005));
#2357=DIRECTION('',(-0.0,1.0,0.0));
#2358=DIRECTION('',(0.0,0.0,1.0));
#2359=SURFACE_STYLE_FILL_AREA(#3553);
#2360=ORIENTED_EDGE('',*,*,#3485,.T.);
#2361=ORIENTED_EDGE('',*,*,#3431,.F.);
#2362=ORIENTED_EDGE('',*,*,#3544,.F.);
#2363=ORIENTED_EDGE('',*,*,#3554,.F.);
#2364=CARTESIAN_POINT('',(-0.0364,0.014,0.005));
#2365=DIRECTION('',(-0.877895572914385,-0.478852130680573,0.0));
#2366=DIRECTION('',(0.478852130680573,-0.877895572914385,0.0));
#2367=SURFACE_STYLE_FILL_AREA(#3555);
#2368=ORIENTED_EDGE('',*,*,#3486,.T.);
#2369=ORIENTED_EDGE('',*,*,#3556,.F.);
#2370=ORIENTED_EDGE('',*,*,#3557,.F.);
#2371=ORIENTED_EDGE('',*,*,#3351,.T.);
#2372=CARTESIAN_POINT('',(-0.0364,0.014,0.005));
#2373=DIRECTION('',(1.0,0.0,-0.0));
#2374=DIRECTION('',(-0.0,0.0,-1.0));
#2375=SURFACE_STYLE_FILL_AREA(#3558);
#2376=ORIENTED_EDGE('',*,*,#3349,.F.);
#2377=ORIENTED_EDGE('',*,*,#3559,.T.);
#2378=ORIENTED_EDGE('',*,*,#3433,.F.);
#2379=ORIENTED_EDGE('',*,*,#3484,.F.);
#2380=CARTESIAN_POINT('',(-0.0385,0.035065180616197,0.005));
#2381=DIRECTION('',(-1.0,-0.0,0.0));
#2382=DIRECTION('',(0.0,0.0,1.0));
#2383=SURFACE_STYLE_FILL_AREA(#3560);
#2384=ORIENTED_EDGE('',*,*,#3346,.T.);
#2385=ORIENTED_EDGE('',*,*,#3326,.F.);
#2386=ORIENTED_EDGE('',*,*,#3319,.T.);
#2387=ORIENTED_EDGE('',*,*,#3561,.T.);
#2388=ORIENTED_EDGE('',*,*,#3436,.F.);
#2389=ORIENTED_EDGE('',*,*,#3562,.F.);
#2390=CARTESIAN_POINT('',(-0.0343,0.0363,0.005));
#2391=DIRECTION('',(0.0,-1.0,0.0));
#2392=DIRECTION('',(0.0,0.0,-1.0));
#2393=SURFACE_STYLE_FILL_AREA(#3563);
#2394=ORIENTED_EDGE('',*,*,#3562,.T.);
#2395=ORIENTED_EDGE('',*,*,#3435,.F.);
#2396=ORIENTED_EDGE('',*,*,#3564,.F.);
#2397=ORIENTED_EDGE('',*,*,#3347,.T.);
#2398=CARTESIAN_POINT('',(-0.0353,0.033,0.005));
#2399=DIRECTION('',(-1.0,0.0,0.0));
#2400=DIRECTION('',(0.0,0.0,1.0));
#2401=SURFACE_STYLE_FILL_AREA(#3565);
#2402=ORIENTED_EDGE('',*,*,#3564,.T.);
#2403=ORIENTED_EDGE('',*,*,#3434,.F.);
#2404=ORIENTED_EDGE('',*,*,#3559,.F.);
#2405=ORIENTED_EDGE('',*,*,#3348,.T.);
#2406=CARTESIAN_POINT('',(-0.0385,0.03,0.005));
#2407=DIRECTION('',(-0.68394112888133,0.729537204140085,0.0));
#2408=DIRECTION('',(-0.729537204140085,-0.68394112888133,0.0));
#2409=SURFACE_STYLE_FILL_AREA(#3566);
#2410=ORIENTED_EDGE('',*,*,#3557,.T.);
#2411=ORIENTED_EDGE('',*,*,#3567,.F.);
#2412=ORIENTED_EDGE('',*,*,#3568,.F.);
#2413=ORIENTED_EDGE('',*,*,#3352,.F.);
#2414=CARTESIAN_POINT('',(-0.0364,0.0292,0.005));
#2415=DIRECTION('',(0.707106781186547,-0.707106781186548,-0.0));
#2416=DIRECTION('',(0.707106781186548,0.707106781186547,0.0));
#2417=SURFACE_STYLE_FILL_AREA(#3569);
#2418=ORIENTED_EDGE('',*,*,#3500,.F.);
#2419=ORIENTED_EDGE('',*,*,#3387,.F.);
#2420=ORIENTED_EDGE('',*,*,#3570,.T.);
#2421=ORIENTED_EDGE('',*,*,#3571,.F.);
#2422=CARTESIAN_POINT('',(-0.0055,0.0322,0.005));
#2423=DIRECTION('',(-0.707106781186547,-0.707106781186548,0.0));
#2424=DIRECTION('',(0.707106781186548,-0.707106781186547,0.0));
#2425=SURFACE_STYLE_FILL_AREA(#3572);
#2426=ORIENTED_EDGE('',*,*,#3573,.F.);
#2427=ORIENTED_EDGE('',*,*,#3378,.T.);
#2428=ORIENTED_EDGE('',*,*,#3574,.T.);
#2429=ORIENTED_EDGE('',*,*,#3459,.F.);
#2430=CARTESIAN_POINT('',(-0.0025,0.014,0.005));
#2431=DIRECTION('',(1.0,0.0,-0.0));
#2432=DIRECTION('',(-0.0,0.0,-1.0));
#2433=SURFACE_STYLE_FILL_AREA(#3575);
#2434=ORIENTED_EDGE('',*,*,#3521,.T.);
#2435=ORIENTED_EDGE('',*,*,#3460,.F.);
#2436=ORIENTED_EDGE('',*,*,#3574,.F.);
#2437=ORIENTED_EDGE('',*,*,#3377,.T.);
#2438=CARTESIAN_POINT('',(1.83690953073357E-18,0.03,0.005));
#2439=DIRECTION('',(0.660526334767063,0.750802877644452,-0.0));
#2440=DIRECTION('',(-0.750802877644452,0.660526334767063,0.0));
#2441=SURFACE_STYLE_FILL_AREA(#3576);
#2442=ORIENTED_EDGE('',*,*,#3570,.F.);
#2443=ORIENTED_EDGE('',*,*,#3386,.F.);
#2444=ORIENTED_EDGE('',*,*,#3577,.T.);
#2445=ORIENTED_EDGE('',*,*,#3578,.F.);
#2446=CARTESIAN_POINT('',(-0.0046,0.0388138529406007,0.005));
#2447=DIRECTION('',(-1.0,-0.0,0.0));
#2448=DIRECTION('',(0.0,0.0,1.0));
#2449=SURFACE_STYLE_FILL_AREA(#3579);
#2450=ORIENTED_EDGE('',*,*,#3568,.T.);
#2451=ORIENTED_EDGE('',*,*,#3580,.F.);
#2452=ORIENTED_EDGE('',*,*,#3581,.F.);
#2453=ORIENTED_EDGE('',*,*,#3353,.T.);
#2454=CARTESIAN_POINT('',(-0.0342,0.04,0.005));
#2455=DIRECTION('',(1.0,0.0,-0.0));
#2456=DIRECTION('',(-0.0,0.0,-1.0));
#2457=SURFACE_STYLE_FILL_AREA(#3582);
#2458=ORIENTED_EDGE('',*,*,#3583,.F.);
#2459=ORIENTED_EDGE('',*,*,#3354,.T.);
#2460=ORIENTED_EDGE('',*,*,#3581,.T.);
#2461=ORIENTED_EDGE('',*,*,#3584,.F.);
#2462=CARTESIAN_POINT('',(-0.031155714778931,0.04,0.005));
#2463=DIRECTION('',(0.0,-1.0,-0.0));
#2464=DIRECTION('',(0.0,0.0,-1.0));
#2465=SURFACE_STYLE_FILL_AREA(#3585);
#2466=ORIENTED_EDGE('',*,*,#3586,.F.);
#2467=ORIENTED_EDGE('',*,*,#3356,.F.);
#2468=ORIENTED_EDGE('',*,*,#3587,.T.);
#2469=ORIENTED_EDGE('',*,*,#3588,.F.);
#2470=CARTESIAN_POINT('',(-0.0315529146197935,0.0414,0.005));
#2471=DIRECTION('',(0.0,-1.0,-0.0));
#2472=DIRECTION('',(0.0,0.0,-1.0));
#2473=SURFACE_STYLE_FILL_AREA(#3589);
#2474=ORIENTED_EDGE('',*,*,#3590,.T.);
#2475=ORIENTED_EDGE('',*,*,#3591,.F.);
#2476=ORIENTED_EDGE('',*,*,#3592,.F.);
#2477=ORIENTED_EDGE('',*,*,#3384,.T.);
#2478=CARTESIAN_POINT('',(-0.008,0.04,0.005));
#2479=DIRECTION('',(-0.813733471206735,-0.581238193719097,0.0));
#2480=DIRECTION('',(0.581238193719097,-0.813733471206735,0.0));
#2481=SURFACE_STYLE_FILL_AREA(#3593);
#2482=ORIENTED_EDGE('',*,*,#3583,.T.);
#2483=ORIENTED_EDGE('',*,*,#3594,.F.);
#2484=ORIENTED_EDGE('',*,*,#3587,.F.);
#2485=ORIENTED_EDGE('',*,*,#3355,.F.);
#2486=CARTESIAN_POINT('',(-0.0304,0.04,0.005));
#2487=DIRECTION('',(0.732793491626299,-0.680451099367278,-0.0));
#2488=DIRECTION('',(0.680451099367278,0.732793491626299,0.0));
#2489=SURFACE_STYLE_FILL_AREA(#3595);
#2490=ORIENTED_EDGE('',*,*,#3596,.F.);
#2491=ORIENTED_EDGE('',*,*,#3381,.F.);
#2492=ORIENTED_EDGE('',*,*,#3597,.T.);
#2493=ORIENTED_EDGE('',*,*,#3456,.F.);
#2494=CARTESIAN_POINT('',(0.00205312260569109,0.043,0.005));
#2495=DIRECTION('',(-0.0,1.0,0.0));
#2496=DIRECTION('',(0.0,0.0,1.0));
#2497=SURFACE_STYLE_FILL_AREA(#3598);
#2498=ORIENTED_EDGE('',*,*,#3599,.F.);
#2499=ORIENTED_EDGE('',*,*,#3292,.F.);
#2500=ORIENTED_EDGE('',*,*,#3600,.T.);
#2501=ORIENTED_EDGE('',*,*,#3371,.F.);
#2502=ORIENTED_EDGE('',*,*,#3601,.T.);
#2503=ORIENTED_EDGE('',*,*,#3602,.T.);
#2504=ORIENTED_EDGE('',*,*,#3453,.F.);
#2505=CARTESIAN_POINT('',(-0.0184,0.014,0.005));
#2506=DIRECTION('',(1.0,0.0,-0.0));
#2507=DIRECTION('',(-0.0,0.0,-1.0));
#2508=SURFACE_STYLE_FILL_AREA(#3603);
#2509=ORIENTED_EDGE('',*,*,#3372,.F.);
#2510=ORIENTED_EDGE('',*,*,#3600,.F.);
#2511=ORIENTED_EDGE('',*,*,#3291,.F.);
#2512=ORIENTED_EDGE('',*,*,#3310,.T.);
#2513=CARTESIAN_POINT('',(-0.0231861460681604,0.0443,0.005));
#2514=DIRECTION('',(0.0,-1.0,-0.0));
#2515=DIRECTION('',(0.0,0.0,-1.0));
#2516=SURFACE_STYLE_FILL_AREA(#3604);
#2517=ORIENTED_EDGE('',*,*,#3605,.F.);
#2518=ORIENTED_EDGE('',*,*,#3606,.T.);
#2519=ORIENTED_EDGE('',*,*,#3454,.F.);
#2520=ORIENTED_EDGE('',*,*,#3602,.F.);
#2521=CARTESIAN_POINT('',(-0.0315529146197935,0.0414,0.005));
#2522=DIRECTION('',(0.0,1.0,0.0));
#2523=DIRECTION('',(0.0,-0.0,1.0));
#2524=SURFACE_STYLE_FILL_AREA(#3607);
#2525=ORIENTED_EDGE('',*,*,#3369,.T.);
#2526=ORIENTED_EDGE('',*,*,#3608,.F.);
#2527=ORIENTED_EDGE('',*,*,#3299,.T.);
#2528=ORIENTED_EDGE('',*,*,#3609,.T.);
#2529=ORIENTED_EDGE('',*,*,#3443,.F.);
#2530=ORIENTED_EDGE('',*,*,#3610,.F.);
#2531=ORIENTED_EDGE('',*,*,#3611,.F.);
#2532=CARTESIAN_POINT('',(-0.02,0.014,0.005));
#2533=DIRECTION('',(-1.0,0.0,0.0));
#2534=DIRECTION('',(0.0,0.0,1.0));
#2535=SURFACE_STYLE_FILL_AREA(#3612);
#2536=ORIENTED_EDGE('',*,*,#3610,.T.);
#2537=ORIENTED_EDGE('',*,*,#3442,.F.);
#2538=ORIENTED_EDGE('',*,*,#3613,.F.);
#2539=ORIENTED_EDGE('',*,*,#3614,.F.);
#2540=CARTESIAN_POINT('',(-0.0315529146197935,0.0414,0.005));
#2541=DIRECTION('',(0.0,1.0,0.0));
#2542=DIRECTION('',(0.0,-0.0,1.0));
#2543=SURFACE_STYLE_FILL_AREA(#3615);
#2544=ORIENTED_EDGE('',*,*,#3616,.F.);
#2545=ORIENTED_EDGE('',*,*,#3357,.F.);
#2546=ORIENTED_EDGE('',*,*,#3586,.T.);
#2547=ORIENTED_EDGE('',*,*,#3613,.T.);
#2548=ORIENTED_EDGE('',*,*,#3441,.F.);
#2549=CARTESIAN_POINT('',(-0.0238,0.014,0.005));
#2550=DIRECTION('',(1.0,0.0,-0.0));
#2551=DIRECTION('',(-0.0,0.0,-1.0));
#2552=SURFACE_STYLE_FILL_AREA(#3617);
#2553=ORIENTED_EDGE('',*,*,#3618,.F.);
#2554=ORIENTED_EDGE('',*,*,#3304,.F.);
#2555=ORIENTED_EDGE('',*,*,#3475,.T.);
#2556=ORIENTED_EDGE('',*,*,#3446,.F.);
#2557=CARTESIAN_POINT('',(-0.0238,0.0442199309870162,0.005));
#2558=DIRECTION('',(0.0,-1.0,-0.0));
#2559=DIRECTION('',(0.0,0.0,-1.0));
#2560=SURFACE_STYLE_FILL_AREA(#3619);
#2561=ORIENTED_EDGE('',*,*,#3616,.T.);
#2562=ORIENTED_EDGE('',*,*,#3440,.F.);
#2563=ORIENTED_EDGE('',*,*,#3620,.F.);
#2564=ORIENTED_EDGE('',*,*,#3358,.T.);
#2565=CARTESIAN_POINT('',(-0.0288461112112066,0.0434771216862166,0.005));
#2566=DIRECTION('',(0.0,1.0,0.0));
#2567=DIRECTION('',(0.0,-0.0,1.0));
#2568=SURFACE_STYLE_FILL_AREA(#3621);
#2569=ORIENTED_EDGE('',*,*,#3609,.F.);
#2570=ORIENTED_EDGE('',*,*,#3302,.T.);
#2571=ORIENTED_EDGE('',*,*,#3622,.T.);
#2572=ORIENTED_EDGE('',*,*,#3444,.T.);
#2573=CARTESIAN_POINT('',(-0.0215,0.0427199309870162,0.005));
#2574=DIRECTION('',(0.0,1.0,0.0));
#2575=DIRECTION('',(0.0,-0.0,1.0));
#2576=SURFACE_STYLE_FILL_AREA(#3623);
#2577=ORIENTED_EDGE('',*,*,#3622,.F.);
#2578=ORIENTED_EDGE('',*,*,#3301,.T.);
#2579=ORIENTED_EDGE('',*,*,#3618,.T.);
#2580=ORIENTED_EDGE('',*,*,#3445,.T.);
#2581=CARTESIAN_POINT('',(-0.0215,0.0442199309870162,0.005));
#2582=DIRECTION('',(1.0,0.0,-0.0));
#2583=DIRECTION('',(-0.0,0.0,-1.0));
#2584=SURFACE_STYLE_FILL_AREA(#3624);
#2585=ORIENTED_EDGE('',*,*,#3625,.F.);
#2586=ORIENTED_EDGE('',*,*,#3294,.F.);
#2587=ORIENTED_EDGE('',*,*,#3626,.T.);
#2588=ORIENTED_EDGE('',*,*,#3451,.T.);
#2589=CARTESIAN_POINT('',(-0.0169,0.0443,0.005));
#2590=DIRECTION('',(-1.0,-0.0,0.0));
#2591=DIRECTION('',(0.0,0.0,1.0));
#2592=SURFACE_STYLE_FILL_AREA(#3627);
#2593=ORIENTED_EDGE('',*,*,#3626,.F.);
#2594=ORIENTED_EDGE('',*,*,#3293,.F.);
#2595=ORIENTED_EDGE('',*,*,#3599,.T.);
#2596=ORIENTED_EDGE('',*,*,#3452,.T.);
#2597=CARTESIAN_POINT('',(-0.0169,0.0428,0.005));
#2598=DIRECTION('',(-0.0,1.0,0.0));
#2599=DIRECTION('',(0.0,0.0,1.0));
#2600=SURFACE_STYLE_FILL_AREA(#3628);
#2601=ORIENTED_EDGE('',*,*,#3573,.T.);
#2602=ORIENTED_EDGE('',*,*,#3458,.F.);
#2603=ORIENTED_EDGE('',*,*,#3629,.F.);
#2604=ORIENTED_EDGE('',*,*,#3379,.T.);
#2605=CARTESIAN_POINT('',(-0.023075547615144,0.0423,0.005));
#2606=DIRECTION('',(0.0,1.0,0.0));
#2607=DIRECTION('',(0.0,-0.0,1.0));
#2608=SURFACE_STYLE_FILL_AREA(#3630);
#2609=ORIENTED_EDGE('',*,*,#3629,.T.);
#2610=ORIENTED_EDGE('',*,*,#3457,.F.);
#2611=ORIENTED_EDGE('',*,*,#3597,.F.);
#2612=ORIENTED_EDGE('',*,*,#3380,.F.);
#2613=CARTESIAN_POINT('',(-0.0072,0.0281428964951821,0.005));
#2614=DIRECTION('',(1.0,0.0,-0.0));
#2615=DIRECTION('',(-0.0,0.0,-1.0));
#2616=SURFACE_STYLE_FILL_AREA(#3631);
#2617=ORIENTED_EDGE('',*,*,#3596,.T.);
#2618=ORIENTED_EDGE('',*,*,#3455,.F.);
#2619=ORIENTED_EDGE('',*,*,#3606,.F.);
#2620=ORIENTED_EDGE('',*,*,#3632,.F.);
#2621=ORIENTED_EDGE('',*,*,#3382,.T.);
#2622=CARTESIAN_POINT('',(-0.0146,0.014,0.005));
#2623=DIRECTION('',(-1.0,0.0,0.0));
#2624=DIRECTION('',(0.0,0.0,1.0));
#2625=SURFACE_STYLE_FILL_AREA(#3633);
#2626=ORIENTED_EDGE('',*,*,#3620,.T.);
#2627=ORIENTED_EDGE('',*,*,#3439,.F.);
#2628=ORIENTED_EDGE('',*,*,#3634,.F.);
#2629=ORIENTED_EDGE('',*,*,#3359,.T.);
#2630=CARTESIAN_POINT('',(-0.0304,0.0281254514017851,0.005));
#2631=DIRECTION('',(-1.0,0.0,0.0));
#2632=DIRECTION('',(0.0,0.0,1.0));
#2633=SURFACE_STYLE_FILL_AREA(#3635);
#2634=ORIENTED_EDGE('',*,*,#3634,.T.);
#2635=ORIENTED_EDGE('',*,*,#3438,.F.);
#2636=ORIENTED_EDGE('',*,*,#3636,.F.);
#2637=ORIENTED_EDGE('',*,*,#3321,.F.);
#2638=ORIENTED_EDGE('',*,*,#3325,.T.);
#2639=ORIENTED_EDGE('',*,*,#3364,.F.);
#2640=ORIENTED_EDGE('',*,*,#3637,.T.);
#2641=ORIENTED_EDGE('',*,*,#3313,.T.);
#2642=ORIENTED_EDGE('',*,*,#3638,.F.);
#2643=ORIENTED_EDGE('',*,*,#3360,.T.);
#2644=CARTESIAN_POINT('',(-0.0510582085335066,0.0422,0.005));
#2645=DIRECTION('',(0.0,1.0,0.0));
#2646=DIRECTION('',(0.0,-0.0,1.0));
#2647=SURFACE_STYLE_FILL_AREA(#3639);
#2648=ORIENTED_EDGE('',*,*,#3640,.F.);
#2649=ORIENTED_EDGE('',*,*,#3361,.F.);
#2650=ORIENTED_EDGE('',*,*,#3638,.T.);
#2651=ORIENTED_EDGE('',*,*,#3316,.F.);
#2652=CARTESIAN_POINT('',(-0.0319,0.0457096569486865,0.005));
#2653=DIRECTION('',(1.0,0.0,-0.0));
#2654=DIRECTION('',(-0.0,0.0,-1.0));
#2655=SURFACE_STYLE_FILL_AREA(#3641);
#2656=ORIENTED_EDGE('',*,*,#3317,.F.);
#2657=ORIENTED_EDGE('',*,*,#3365,.T.);
#2658=CARTESIAN_POINT('',(-0.033,0.0432,0.005));
#2659=DIRECTION('',(-0.0,0.0,-1.0));
#2660=DIRECTION('',(-1.0,0.0,0.0));
#2661=SURFACE_STYLE_FILL_AREA(#3642);
#2662=ORIENTED_EDGE('',*,*,#3640,.T.);
#2663=ORIENTED_EDGE('',*,*,#3315,.F.);
#2664=ORIENTED_EDGE('',*,*,#3643,.F.);
#2665=ORIENTED_EDGE('',*,*,#3362,.T.);
#2666=CARTESIAN_POINT('',(-0.033,0.0432,0.005));
#2667=DIRECTION('',(-0.0,0.0,-1.0));
#2668=DIRECTION('',(-1.0,0.0,0.0));
#2669=SURFACE_STYLE_FILL_AREA(#3644);
#2670=ORIENTED_EDGE('',*,*,#3643,.T.);
#2671=ORIENTED_EDGE('',*,*,#3314,.F.);
#2672=ORIENTED_EDGE('',*,*,#3637,.F.);
#2673=ORIENTED_EDGE('',*,*,#3363,.F.);
#2674=CARTESIAN_POINT('',(-0.0341,0.0432,0.005));
#2675=DIRECTION('',(-1.0,-0.0,0.0));
#2676=DIRECTION('',(0.0,0.0,1.0));
#2677=SURFACE_STYLE_FILL_AREA(#3645);
#2678=ORIENTED_EDGE('',*,*,#3636,.T.);
#2679=ORIENTED_EDGE('',*,*,#3437,.F.);
#2680=ORIENTED_EDGE('',*,*,#3561,.F.);
#2681=ORIENTED_EDGE('',*,*,#3322,.T.);
#2682=CARTESIAN_POINT('',(-0.0374,0.0272014834594707,0.005));
#2683=DIRECTION('',(-1.0,0.0,0.0));
#2684=DIRECTION('',(0.0,0.0,1.0));
#2685=SURFACE_STYLE_FILL_AREA(#3646);
#2686=ORIENTED_EDGE('',*,*,#3284,.T.);
#2687=ORIENTED_EDGE('',*,*,#3647,.F.);
#2688=ORIENTED_EDGE('',*,*,#3280,.T.);
#2689=ORIENTED_EDGE('',*,*,#3648,.T.);
#2690=CARTESIAN_POINT('',(0.00773488237812361,0.023,0.005));
#2691=DIRECTION('',(0.0,-1.0,0.0));
#2692=DIRECTION('',(0.0,0.0,-1.0));
#2693=SURFACE_STYLE_FILL_AREA(#3649);
#2694=ORIENTED_EDGE('',*,*,#3648,.F.);
#2695=ORIENTED_EDGE('',*,*,#3279,.T.);
#2696=ORIENTED_EDGE('',*,*,#3650,.T.);
#2697=ORIENTED_EDGE('',*,*,#3285,.T.);
#2698=CARTESIAN_POINT('',(0.0036,0.023,0.005));
#2699=DIRECTION('',(-1.0,-0.0,0.0));
#2700=DIRECTION('',(0.0,0.0,1.0));
#2701=SURFACE_STYLE_FILL_AREA(#3651);
#2702=ORIENTED_EDGE('',*,*,#3650,.F.);
#2703=ORIENTED_EDGE('',*,*,#3278,.T.);
#2704=ORIENTED_EDGE('',*,*,#3522,.T.);
#2705=ORIENTED_EDGE('',*,*,#3286,.T.);
#2706=CARTESIAN_POINT('',(0.0036,0.019,0.005));
#2707=DIRECTION('',(-0.0,1.0,0.0));
#2708=DIRECTION('',(0.0,0.0,1.0));
#2709=SURFACE_STYLE_FILL_AREA(#3652);
#2710=ORIENTED_EDGE('',*,*,#3523,.F.);
#2711=ORIENTED_EDGE('',*,*,#3276,.T.);
#2712=ORIENTED_EDGE('',*,*,#3653,.T.);
#2713=ORIENTED_EDGE('',*,*,#3288,.T.);
#2714=CARTESIAN_POINT('',(0.00858874930013457,0.0205,0.005));
#2715=DIRECTION('',(0.0,-1.0,0.0));
#2716=DIRECTION('',(0.0,0.0,-1.0));
#2717=SURFACE_STYLE_FILL_AREA(#3654);
#2718=ORIENTED_EDGE('',*,*,#3653,.F.);
#2719=ORIENTED_EDGE('',*,*,#3281,.T.);
#2720=ORIENTED_EDGE('',*,*,#3647,.T.);
#2721=ORIENTED_EDGE('',*,*,#3283,.T.);
#2722=CARTESIAN_POINT('',(0.0022,0.019,0.005));
#2723=DIRECTION('',(1.0,0.0,-0.0));
#2724=DIRECTION('',(-0.0,0.0,-1.0));
#2725=SURFACE_STYLE_FILL_AREA(#3655);
#2726=ORIENTED_EDGE('',*,*,#3270,.T.);
#2727=ORIENTED_EDGE('',*,*,#3656,.F.);
#2728=ORIENTED_EDGE('',*,*,#3265,.T.);
#2729=ORIENTED_EDGE('',*,*,#3657,.T.);
#2730=CARTESIAN_POINT('',(-0.0367530447852373,-0.0015,0.005));
#2731=DIRECTION('',(0.0,-1.0,-0.0));
#2732=DIRECTION('',(0.0,0.0,-1.0));
#2733=SURFACE_STYLE_FILL_AREA(#3658);
#2734=ORIENTED_EDGE('',*,*,#3657,.F.);
#2735=ORIENTED_EDGE('',*,*,#3264,.T.);
#2736=ORIENTED_EDGE('',*,*,#3512,.T.);
#2737=ORIENTED_EDGE('',*,*,#3271,.T.);
#2738=CARTESIAN_POINT('',(-0.0165,0.0,0.005));
#2739=DIRECTION('',(1.0,0.0,-0.0));
#2740=DIRECTION('',(-0.0,0.0,-1.0));
#2741=SURFACE_STYLE_FILL_AREA(#3659);
#2742=ORIENTED_EDGE('',*,*,#3513,.F.);
#2743=ORIENTED_EDGE('',*,*,#3262,.T.);
#2744=ORIENTED_EDGE('',*,*,#3660,.T.);
#2745=ORIENTED_EDGE('',*,*,#3273,.T.);
#2746=CARTESIAN_POINT('',(-0.0153,0.014,0.005));
#2747=DIRECTION('',(-1.0,-0.0,0.0));
#2748=DIRECTION('',(0.0,0.0,1.0));
#2749=SURFACE_STYLE_FILL_AREA(#3661);
#2750=ORIENTED_EDGE('',*,*,#3660,.F.);
#2751=ORIENTED_EDGE('',*,*,#3267,.T.);
#2752=ORIENTED_EDGE('',*,*,#3662,.T.);
#2753=ORIENTED_EDGE('',*,*,#3274,.T.);
#2754=CARTESIAN_POINT('',(-0.0367530447852373,-0.0027,0.005));
#2755=DIRECTION('',(0.0,1.0,0.0));
#2756=DIRECTION('',(0.0,-0.0,1.0));
#2757=SURFACE_STYLE_FILL_AREA(#3663);
#2758=ORIENTED_EDGE('',*,*,#3662,.F.);
#2759=ORIENTED_EDGE('',*,*,#3266,.T.);
#2760=ORIENTED_EDGE('',*,*,#3656,.T.);
#2761=ORIENTED_EDGE('',*,*,#3269,.T.);
#2762=CARTESIAN_POINT('',(-0.0186,-0.0027,0.005));
#2763=DIRECTION('',(1.0,0.0,-0.0));
#2764=DIRECTION('',(-0.0,0.0,-1.0));
#2765=SURFACE_STYLE_FILL_AREA(#3664);
#2766=ORIENTED_EDGE('',*,*,#3422,.T.);
#2767=ORIENTED_EDGE('',*,*,#3665,.F.);
#2768=ORIENTED_EDGE('',*,*,#3488,.T.);
#2769=ORIENTED_EDGE('',*,*,#3666,.T.);
#2770=CARTESIAN_POINT('',(-0.0036,0.00613,0.003));
#2771=DIRECTION('',(0.0,1.0,0.0));
#2772=DIRECTION('',(0.0,-0.0,1.0));
#2773=SURFACE_STYLE_FILL_AREA(#3667);
#2774=ORIENTED_EDGE('',*,*,#3421,.T.);
#2775=ORIENTED_EDGE('',*,*,#3668,.F.);
#2776=ORIENTED_EDGE('',*,*,#3669,.T.);
#2777=ORIENTED_EDGE('',*,*,#3395,.T.);
#2778=ORIENTED_EDGE('',*,*,#3408,.T.);
#2779=ORIENTED_EDGE('',*,*,#3496,.F.);
#2780=ORIENTED_EDGE('',*,*,#3489,.F.);
#2781=ORIENTED_EDGE('',*,*,#3665,.T.);
#2782=CARTESIAN_POINT('',(-0.0036,0.0118,0.003));
#2783=DIRECTION('',(1.0,0.0,-0.0));
#2784=DIRECTION('',(-0.0,0.0,-1.0));
#2785=SURFACE_STYLE_FILL_AREA(#3670);
#2786=ORIENTED_EDGE('',*,*,#3420,.T.);
#2787=ORIENTED_EDGE('',*,*,#3527,.F.);
#2788=ORIENTED_EDGE('',*,*,#3671,.T.);
#2789=ORIENTED_EDGE('',*,*,#3668,.T.);
#2790=CARTESIAN_POINT('',(-0.0025,0.014,0.003));
#2791=DIRECTION('',(0.894427190999916,-0.447213595499958,0.0));
#2792=DIRECTION('',(0.447213595499958,0.894427190999916,0.0));
#2793=SURFACE_STYLE_FILL_AREA(#3672);
#2794=ORIENTED_EDGE('',*,*,#3673,.T.);
#2795=ORIENTED_EDGE('',*,*,#3249,.T.);
#2796=CARTESIAN_POINT('',(-0.0193,0.0257,0.003));
#2797=DIRECTION('',(-0.0,0.0,-1.0));
#2798=DIRECTION('',(-1.0,0.0,0.0));
#2799=SURFACE_STYLE_FILL_AREA(#3674);
#2800=ORIENTED_EDGE('',*,*,#3675,.T.);
#2801=ORIENTED_EDGE('',*,*,#3245,.T.);
#2802=CARTESIAN_POINT('',(-0.0193,0.0167,0.003));
#2803=DIRECTION('',(-0.0,0.0,-1.0));
#2804=DIRECTION('',(-1.0,0.0,0.0));
#2805=SURFACE_STYLE_FILL_AREA(#3676);
#2806=ORIENTED_EDGE('',*,*,#3577,.F.);
#2807=ORIENTED_EDGE('',*,*,#3385,.F.);
#2808=ORIENTED_EDGE('',*,*,#3592,.T.);
#2809=ORIENTED_EDGE('',*,*,#3677,.F.);
#2810=CARTESIAN_POINT('',(-0.031155714778931,0.04,0.005));
#2811=DIRECTION('',(0.0,-1.0,-0.0));
#2812=DIRECTION('',(0.0,0.0,-1.0));
#2813=SURFACE_STYLE_FILL_AREA(#3678);
#2814=ORIENTED_EDGE('',*,*,#3370,.F.);
#2815=ORIENTED_EDGE('',*,*,#3611,.T.);
#2816=ORIENTED_EDGE('',*,*,#3679,.F.);
#2817=ORIENTED_EDGE('',*,*,#3601,.F.);
#2818=CARTESIAN_POINT('',(-0.0315529146197935,0.0414,0.005));
#2819=DIRECTION('',(0.0,-1.0,-0.0));
#2820=DIRECTION('',(0.0,0.0,-1.0));
#2821=SURFACE_STYLE_FILL_AREA(#3680);
#2822=ORIENTED_EDGE('',*,*,#3383,.F.);
#2823=ORIENTED_EDGE('',*,*,#3632,.T.);
#2824=ORIENTED_EDGE('',*,*,#3681,.F.);
#2825=ORIENTED_EDGE('',*,*,#3590,.F.);
#2826=CARTESIAN_POINT('',(-0.0315529146197935,0.0414,0.005));
#2827=DIRECTION('',(0.0,-1.0,-0.0));
#2828=DIRECTION('',(0.0,0.0,-1.0));
#2829=SURFACE_STYLE_FILL_AREA(#3682);
#2830=ORIENTED_EDGE('',*,*,#3491,.T.);
#2831=ORIENTED_EDGE('',*,*,#3525,.T.);
#2832=ORIENTED_EDGE('',*,*,#3469,.T.);
#2833=ORIENTED_EDGE('',*,*,#3423,.T.);
#2834=ORIENTED_EDGE('',*,*,#3666,.F.);
#2835=CARTESIAN_POINT('',(-0.003,0.0118,0.005));
#2836=DIRECTION('',(1.0,0.0,-0.0));
#2837=DIRECTION('',(-0.0,0.0,-1.0));
#2838=SURFACE_STYLE_FILL_AREA(#3683);
#2839=ORIENTED_EDGE('',*,*,#3235,.F.);
#2840=ORIENTED_EDGE('',*,*,#3233,.F.);
#2841=ORIENTED_EDGE('',*,*,#3243,.F.);
#2842=ORIENTED_EDGE('',*,*,#3260,.T.);
#2843=CARTESIAN_POINT('',(0.0,0.0,-0.002));
#2844=DIRECTION('',(0.0,0.0,1.0));
#2845=DIRECTION('',(1.0,0.0,0.0));
#2846=SURFACE_STYLE_FILL_AREA(#3684);
#2847=ORIENTED_EDGE('',*,*,#3305,.F.);
#2848=ORIENTED_EDGE('',*,*,#3685,.T.);
#2849=ORIENTED_EDGE('',*,*,#3367,.T.);
#2850=ORIENTED_EDGE('',*,*,#3518,.F.);
#2851=CARTESIAN_POINT('',(-0.0215,0.0442199309870162,0.005));
#2852=DIRECTION('',(1.0,0.0,-0.0));
#2853=DIRECTION('',(-0.0,0.0,-1.0));
#2854=SURFACE_STYLE_FILL_AREA(#3686);
#2855=ORIENTED_EDGE('',*,*,#3295,.F.);
#2856=ORIENTED_EDGE('',*,*,#3625,.T.);
#2857=ORIENTED_EDGE('',*,*,#3450,.F.);
#2858=ORIENTED_EDGE('',*,*,#3477,.F.);
#2859=CARTESIAN_POINT('',(-0.0231861460681604,0.0443,0.005));
#2860=DIRECTION('',(0.0,-1.0,-0.0));
#2861=DIRECTION('',(0.0,0.0,-1.0));
#2862=SURFACE_STYLE_FILL_AREA(#3687);
#2863=ORIENTED_EDGE('',*,*,#3685,.F.);
#2864=ORIENTED_EDGE('',*,*,#3300,.T.);
#2865=ORIENTED_EDGE('',*,*,#3608,.T.);
#2866=ORIENTED_EDGE('',*,*,#3368,.F.);
#2867=CARTESIAN_POINT('',(-0.0238,0.0442199309870162,0.005));
#2868=DIRECTION('',(0.0,-1.0,-0.0));
#2869=DIRECTION('',(0.0,0.0,-1.0));
#2870=SURFACE_STYLE_FILL_AREA(#3688);
#2871=ORIENTED_EDGE('',*,*,#3675,.F.);
#2872=ORIENTED_EDGE('',*,*,#3673,.F.);
#2873=ORIENTED_EDGE('',*,*,#3671,.F.);
#2874=ORIENTED_EDGE('',*,*,#3501,.T.);
#2875=ORIENTED_EDGE('',*,*,#3571,.T.);
#2876=ORIENTED_EDGE('',*,*,#3578,.T.);
#2877=ORIENTED_EDGE('',*,*,#3677,.T.);
#2878=ORIENTED_EDGE('',*,*,#3591,.T.);
#2879=ORIENTED_EDGE('',*,*,#3681,.T.);
#2880=ORIENTED_EDGE('',*,*,#3605,.T.);
#2881=ORIENTED_EDGE('',*,*,#3679,.T.);
#2882=ORIENTED_EDGE('',*,*,#3614,.T.);
#2883=ORIENTED_EDGE('',*,*,#3588,.T.);
#2884=ORIENTED_EDGE('',*,*,#3594,.T.);
#2885=ORIENTED_EDGE('',*,*,#3584,.T.);
#2886=ORIENTED_EDGE('',*,*,#3580,.T.);
#2887=ORIENTED_EDGE('',*,*,#3567,.T.);
#2888=ORIENTED_EDGE('',*,*,#3556,.T.);
#2889=ORIENTED_EDGE('',*,*,#3554,.T.);
#2890=ORIENTED_EDGE('',*,*,#3481,.T.);
#2891=ORIENTED_EDGE('',*,*,#3542,.T.);
#2892=ORIENTED_EDGE('',*,*,#3539,.T.);
#2893=ORIENTED_EDGE('',*,*,#3537,.T.);
#2894=ORIENTED_EDGE('',*,*,#3393,.T.);
#2895=ORIENTED_EDGE('',*,*,#3494,.F.);
#2896=ORIENTED_EDGE('',*,*,#3534,.T.);
#2897=ORIENTED_EDGE('',*,*,#3531,.T.);
#2898=ORIENTED_EDGE('',*,*,#3396,.T.);
#2899=ORIENTED_EDGE('',*,*,#3669,.F.);
#2900=ORIENTED_EDGE('',*,*,#3464,.F.);
#2901=CARTESIAN_POINT('',(0.0,0.0,0.003));
#2902=DIRECTION('',(0.0,0.0,1.0));
#2903=DIRECTION('',(1.0,0.0,0.0));
#2904=SURFACE_STYLE_FILL_AREA(#3689);
#2905=SURFACE_STYLE_FILL_AREA(#3690);
#2906=ORIENTED_EDGE('',*,*,#3691,.T.);
#2907=CARTESIAN_POINT('',(-0.0193,0.0212,-0.002));
#2908=DIRECTION('',(-0.0,0.0,-1.0));
#2909=DIRECTION('',(-1.0,-0.0,0.0));
#2910=SURFACE_STYLE_FILL_AREA(#3692);
#2911=ORIENTED_EDGE('',*,*,#3693,.T.);
#2912=ORIENTED_EDGE('',*,*,#3694,.T.);
#2913=CARTESIAN_POINT('',(-0.0193,0.0212,-0.002));
#2914=DIRECTION('',(-0.0,0.0,-1.0));
#2915=DIRECTION('',(-1.0,-0.0,0.0));
#2916=SURFACE_STYLE_FILL_AREA(#3695);
#2917=ORIENTED_EDGE('',*,*,#3696,.T.);
#2918=ORIENTED_EDGE('',*,*,#3697,.T.);
#2919=CARTESIAN_POINT('',(-0.0193,0.0212,-0.002));
#2920=DIRECTION('',(-0.0,0.0,-1.0));
#2921=DIRECTION('',(-1.0,-0.0,0.0));
#2922=SURFACE_STYLE_FILL_AREA(#3698);
#2923=SURFACE_STYLE_FILL_AREA(#3699);
#2924=ORIENTED_EDGE('',*,*,#3700,.F.);
#2925=ORIENTED_EDGE('',*,*,#3701,.T.);
#2926=ORIENTED_EDGE('',*,*,#3702,.T.);
#2927=ORIENTED_EDGE('',*,*,#3703,.F.);
#2928=CARTESIAN_POINT('',(-0.0092,0.00126945734440176,0.0031));
#2929=DIRECTION('',(-1.0,1.30377141136962E-15,0.0));
#2930=DIRECTION('',(-1.30377141136962E-15,-1.0,0.0));
#2931=SURFACE_STYLE_FILL_AREA(#3704);
#2932=ORIENTED_EDGE('',*,*,#3705,.F.);
#2933=ORIENTED_EDGE('',*,*,#3706,.T.);
#2934=ORIENTED_EDGE('',*,*,#3700,.T.);
#2935=ORIENTED_EDGE('',*,*,#3707,.F.);
#2936=CARTESIAN_POINT('',(-0.0291,0.00146945734440176,0.0031));
#2937=DIRECTION('',(-0.0,1.0,0.0));
#2938=DIRECTION('',(0.0,0.0,1.0));
#2939=SURFACE_STYLE_FILL_AREA(#3708);
#2940=ORIENTED_EDGE('',*,*,#3702,.F.);
#2941=ORIENTED_EDGE('',*,*,#3709,.T.);
#2942=ORIENTED_EDGE('',*,*,#3710,.T.);
#2943=ORIENTED_EDGE('',*,*,#3711,.F.);
#2944=CARTESIAN_POINT('',(-0.009,0.00265,0.0031));
#2945=DIRECTION('',(-0.0,1.0,0.0));
#2946=DIRECTION('',(0.0,0.0,1.0));
#2947=SURFACE_STYLE_FILL_AREA(#3712);
#2948=ORIENTED_EDGE('',*,*,#3713,.T.);
#2949=ORIENTED_EDGE('',*,*,#3714,.T.);
#2950=CARTESIAN_POINT('',(-0.0239,0.0134,0.0086));
#2951=DIRECTION('',(0.0,0.0,-1.0));
#2952=DIRECTION('',(-1.0,0.0,0.0));
#2953=SURFACE_STYLE_FILL_AREA(#3715);
#2954=ORIENTED_EDGE('',*,*,#3716,.T.);
#2955=ORIENTED_EDGE('',*,*,#3717,.F.);
#2956=ORIENTED_EDGE('',*,*,#3718,.F.);
#2957=ORIENTED_EDGE('',*,*,#3719,.T.);
#2958=CARTESIAN_POINT('',(-0.00525,0.0154712258989435,0.0046));
#2959=DIRECTION('',(-1.0,0.0,0.0));
#2960=DIRECTION('',(0.0,0.0,1.0));
#2961=SURFACE_STYLE_FILL_AREA(#3720);
#2962=ORIENTED_EDGE('',*,*,#3721,.T.);
#2963=ORIENTED_EDGE('',*,*,#3722,.T.);
#2964=ORIENTED_EDGE('',*,*,#3723,.F.);
#2965=ORIENTED_EDGE('',*,*,#3724,.F.);
#2966=CARTESIAN_POINT('',(-0.0115153280998914,0.00375,0.0046));
#2967=DIRECTION('',(0.0,-1.0,0.0));
#2968=DIRECTION('',(0.0,0.0,-1.0));
#2969=SURFACE_STYLE_FILL_AREA(#3725);
#2970=ORIENTED_EDGE('',*,*,#3723,.T.);
#2971=ORIENTED_EDGE('',*,*,#3726,.T.);
#2972=ORIENTED_EDGE('',*,*,#3727,.F.);
#2973=ORIENTED_EDGE('',*,*,#3728,.F.);
#2974=CARTESIAN_POINT('',(-0.03275,0.014,0.0046));
#2975=DIRECTION('',(-1.0,0.0,0.0));
#2976=DIRECTION('',(0.0,0.0,1.0));
#2977=SURFACE_STYLE_FILL_AREA(#3729);
#2978=ORIENTED_EDGE('',*,*,#3730,.T.);
#2979=ORIENTED_EDGE('',*,*,#3731,.T.);
#2980=ORIENTED_EDGE('',*,*,#3721,.F.);
#2981=ORIENTED_EDGE('',*,*,#3732,.T.);
#2982=CARTESIAN_POINT('',(-0.00575,0.0154712258989435,0.0046));
#2983=DIRECTION('',(1.0,0.0,-0.0));
#2984=DIRECTION('',(-0.0,0.0,-1.0));
#2985=SURFACE_STYLE_FILL_AREA(#3733);
#2986=ORIENTED_EDGE('',*,*,#3732,.F.);
#2987=ORIENTED_EDGE('',*,*,#3724,.T.);
#2988=ORIENTED_EDGE('',*,*,#3728,.T.);
#2989=ORIENTED_EDGE('',*,*,#3734,.F.);
#2990=ORIENTED_EDGE('',*,*,#3718,.T.);
#2991=ORIENTED_EDGE('',*,*,#3735,.T.);
#2992=ORIENTED_EDGE('',*,*,#3736,.T.);
#2993=ORIENTED_EDGE('',*,*,#3737,.T.);
#2994=CARTESIAN_POINT('',(-0.0073,0.0285,0.0105));
#2995=DIRECTION('',(0.0,0.0,1.0));
#2996=DIRECTION('',(1.0,0.0,0.0));
#2997=SURFACE_STYLE_FILL_AREA(#3738);
#2998=ORIENTED_EDGE('',*,*,#3713,.F.);
#2999=ORIENTED_EDGE('',*,*,#3731,.F.);
#3000=ORIENTED_EDGE('',*,*,#3739,.F.);
#3001=ORIENTED_EDGE('',*,*,#3726,.F.);
#3002=ORIENTED_EDGE('',*,*,#3722,.F.);
#3003=CARTESIAN_POINT('',(-0.01945,0.0213347286722009,0.0086));
#3004=DIRECTION('',(-0.0,0.0,-1.0));
#3005=DIRECTION('',(-1.0,-0.0,0.0));
#3006=SURFACE_STYLE_FILL_AREA(#3740);
#3007=ORIENTED_EDGE('',*,*,#3727,.T.);
#3008=ORIENTED_EDGE('',*,*,#3739,.T.);
#3009=ORIENTED_EDGE('',*,*,#3730,.F.);
#3010=ORIENTED_EDGE('',*,*,#3734,.T.);
#3011=CARTESIAN_POINT('',(-0.0221612280410141,0.03825,0.0046));
#3012=DIRECTION('',(-0.0,1.0,0.0));
#3013=DIRECTION('',(0.0,0.0,1.0));
#3014=SURFACE_STYLE_FILL_AREA(#3741);
#3015=ORIENTED_EDGE('',*,*,#3742,.T.);
#3016=ORIENTED_EDGE('',*,*,#3719,.F.);
#3017=ORIENTED_EDGE('',*,*,#3737,.F.);
#3018=ORIENTED_EDGE('',*,*,#3743,.T.);
#3019=CARTESIAN_POINT('',(-0.0115153280998914,0.00325,0.0046));
#3020=DIRECTION('',(-0.0,1.0,0.0));
#3021=DIRECTION('',(0.0,0.0,1.0));
#3022=SURFACE_STYLE_FILL_AREA(#3744);
#3023=ORIENTED_EDGE('',*,*,#3745,.T.);
#3024=ORIENTED_EDGE('',*,*,#3743,.F.);
#3025=ORIENTED_EDGE('',*,*,#3736,.F.);
#3026=ORIENTED_EDGE('',*,*,#3746,.T.);
#3027=CARTESIAN_POINT('',(-0.03325,0.014,0.0046));
#3028=DIRECTION('',(1.0,0.0,-0.0));
#3029=DIRECTION('',(-0.0,0.0,-1.0));
#3030=SURFACE_STYLE_FILL_AREA(#3747);
#3031=ORIENTED_EDGE('',*,*,#3748,.T.);
#3032=ORIENTED_EDGE('',*,*,#3746,.F.);
#3033=ORIENTED_EDGE('',*,*,#3735,.F.);
#3034=ORIENTED_EDGE('',*,*,#3717,.T.);
#3035=CARTESIAN_POINT('',(-0.0221612280410141,0.03875,0.0046));
#3036=DIRECTION('',(0.0,-1.0,0.0));
#3037=DIRECTION('',(0.0,0.0,-1.0));
#3038=SURFACE_STYLE_FILL_AREA(#3749);
#3039=ORIENTED_EDGE('',*,*,#3714,.F.);
#3040=ORIENTED_EDGE('',*,*,#3750,.F.);
#3041=ORIENTED_EDGE('',*,*,#3751,.F.);
#3042=ORIENTED_EDGE('',*,*,#3752,.F.);
#3043=ORIENTED_EDGE('',*,*,#3753,.F.);
#3044=ORIENTED_EDGE('',*,*,#3754,.F.);
#3045=ORIENTED_EDGE('',*,*,#3755,.F.);
#3046=ORIENTED_EDGE('',*,*,#3756,.F.);
#3047=ORIENTED_EDGE('',*,*,#3757,.F.);
#3048=ORIENTED_EDGE('',*,*,#3758,.F.);
#3049=ORIENTED_EDGE('',*,*,#3759,.F.);
#3050=ORIENTED_EDGE('',*,*,#3760,.F.);
#3051=ORIENTED_EDGE('',*,*,#3761,.F.);
#3052=ORIENTED_EDGE('',*,*,#3762,.F.);
#3053=ORIENTED_EDGE('',*,*,#3763,.T.);
#3054=ORIENTED_EDGE('',*,*,#3764,.F.);
#3055=ORIENTED_EDGE('',*,*,#3765,.F.);
#3056=ORIENTED_EDGE('',*,*,#3709,.F.);
#3057=ORIENTED_EDGE('',*,*,#3701,.F.);
#3058=ORIENTED_EDGE('',*,*,#3706,.F.);
#3059=ORIENTED_EDGE('',*,*,#3766,.F.);
#3060=CARTESIAN_POINT('',(-0.0073,0.0285,0.0031));
#3061=DIRECTION('',(0.0,0.0,1.0));
#3062=DIRECTION('',(1.0,0.0,0.0));
#3063=SURFACE_STYLE_FILL_AREA(#3767);
#3064=ORIENTED_EDGE('',*,*,#3768,.T.);
#3065=ORIENTED_EDGE('',*,*,#3769,.T.);
#3066=ORIENTED_EDGE('',*,*,#3707,.T.);
#3067=ORIENTED_EDGE('',*,*,#3703,.T.);
#3068=ORIENTED_EDGE('',*,*,#3711,.T.);
#3069=ORIENTED_EDGE('',*,*,#3770,.T.);
#3070=ORIENTED_EDGE('',*,*,#3771,.T.);
#3071=ORIENTED_EDGE('',*,*,#3772,.F.);
#3072=ORIENTED_EDGE('',*,*,#3773,.T.);
#3073=ORIENTED_EDGE('',*,*,#3774,.T.);
#3074=ORIENTED_EDGE('',*,*,#3775,.T.);
#3075=ORIENTED_EDGE('',*,*,#3776,.T.);
#3076=ORIENTED_EDGE('',*,*,#3777,.T.);
#3077=ORIENTED_EDGE('',*,*,#3778,.T.);
#3078=ORIENTED_EDGE('',*,*,#3779,.T.);
#3079=ORIENTED_EDGE('',*,*,#3780,.T.);
#3080=ORIENTED_EDGE('',*,*,#3781,.T.);
#3081=ORIENTED_EDGE('',*,*,#3782,.T.);
#3082=ORIENTED_EDGE('',*,*,#3783,.T.);
#3083=ORIENTED_EDGE('',*,*,#3784,.T.);
#3084=ORIENTED_EDGE('',*,*,#3742,.F.);
#3085=ORIENTED_EDGE('',*,*,#3745,.F.);
#3086=ORIENTED_EDGE('',*,*,#3748,.F.);
#3087=ORIENTED_EDGE('',*,*,#3716,.F.);
#3088=CARTESIAN_POINT('',(-0.01945,0.0213347286722009,0.0076));
#3089=DIRECTION('',(-0.0,0.0,-1.0));
#3090=DIRECTION('',(-1.0,-0.0,0.0));
#3091=SURFACE_STYLE_FILL_AREA(#3785);
#3092=ORIENTED_EDGE('',*,*,#3786,.F.);
#3093=ORIENTED_EDGE('',*,*,#3750,.T.);
#3094=ORIENTED_EDGE('',*,*,#3787,.T.);
#3095=ORIENTED_EDGE('',*,*,#3768,.F.);
#3096=CARTESIAN_POINT('',(-0.0342,0.00265,0.0031));
#3097=DIRECTION('',(-0.0,1.0,0.0));
#3098=DIRECTION('',(0.0,0.0,1.0));
#3099=SURFACE_STYLE_FILL_AREA(#3788);
#3100=ORIENTED_EDGE('',*,*,#3789,.F.);
#3101=ORIENTED_EDGE('',*,*,#3751,.T.);
#3102=ORIENTED_EDGE('',*,*,#3786,.T.);
#3103=ORIENTED_EDGE('',*,*,#3784,.F.);
#3104=CARTESIAN_POINT('',(-0.034,0.0118,0.0031));
#3105=DIRECTION('',(1.0,0.0,0.0));
#3106=DIRECTION('',(0.0,0.0,-1.0));
#3107=SURFACE_STYLE_FILL_AREA(#3790);
#3108=ORIENTED_EDGE('',*,*,#3791,.F.);
#3109=ORIENTED_EDGE('',*,*,#3752,.T.);
#3110=ORIENTED_EDGE('',*,*,#3789,.T.);
#3111=ORIENTED_EDGE('',*,*,#3783,.F.);
#3112=CARTESIAN_POINT('',(-0.0362585786437627,0.0141414213562373,0.0031));
#3113=DIRECTION('',(0.707106781186548,0.707106781186548,0.0));
#3114=DIRECTION('',(-0.707106781186548,0.707106781186548,0.0));
#3115=SURFACE_STYLE_FILL_AREA(#3792);
#3116=ORIENTED_EDGE('',*,*,#3793,.F.);
#3117=ORIENTED_EDGE('',*,*,#3753,.T.);
#3118=ORIENTED_EDGE('',*,*,#3791,.T.);
#3119=ORIENTED_EDGE('',*,*,#3782,.F.);
#3120=CARTESIAN_POINT('',(-0.0362,0.0292,0.0031));
#3121=DIRECTION('',(1.0,0.0,0.0));
#3122=DIRECTION('',(0.0,0.0,-1.0));
#3123=SURFACE_STYLE_FILL_AREA(#3794);
#3124=ORIENTED_EDGE('',*,*,#3795,.F.);
#3125=ORIENTED_EDGE('',*,*,#3754,.T.);
#3126=ORIENTED_EDGE('',*,*,#3793,.T.);
#3127=ORIENTED_EDGE('',*,*,#3781,.F.);
#3128=CARTESIAN_POINT('',(-0.0340585786437627,0.0312585786437627,0.0031));
#3129=DIRECTION('',(0.707106781186546,-0.707106781186549,-0.0));
#3130=DIRECTION('',(0.707106781186549,0.707106781186546,0.0));
#3131=SURFACE_STYLE_FILL_AREA(#3796);
#3132=ORIENTED_EDGE('',*,*,#3797,.F.);
#3133=ORIENTED_EDGE('',*,*,#3755,.T.);
#3134=ORIENTED_EDGE('',*,*,#3795,.T.);
#3135=ORIENTED_EDGE('',*,*,#3780,.F.);
#3136=CARTESIAN_POINT('',(-0.034,0.04,0.0031));
#3137=DIRECTION('',(1.0,0.0,0.0));
#3138=DIRECTION('',(0.0,0.0,-1.0));
#3139=SURFACE_STYLE_FILL_AREA(#3798);
#3140=ORIENTED_EDGE('',*,*,#3799,.F.);
#3141=ORIENTED_EDGE('',*,*,#3756,.T.);
#3142=ORIENTED_EDGE('',*,*,#3797,.T.);
#3143=ORIENTED_EDGE('',*,*,#3779,.F.);
#3144=CARTESIAN_POINT('',(-0.0304,0.0398,0.0031));
#3145=DIRECTION('',(1.82602471155453E-15,-1.0,-0.0));
#3146=DIRECTION('',(1.0,1.82602471155453E-15,0.0));
#3147=SURFACE_STYLE_FILL_AREA(#3800);
#3148=ORIENTED_EDGE('',*,*,#3801,.F.);
#3149=ORIENTED_EDGE('',*,*,#3757,.T.);
#3150=ORIENTED_EDGE('',*,*,#3799,.T.);
#3151=ORIENTED_EDGE('',*,*,#3778,.F.);
#3152=CARTESIAN_POINT('',(-0.0289534413016747,0.0412639097801265,0.0031));
#3153=DIRECTION('',(0.732793491626299,-0.680451099367278,-0.0));
#3154=DIRECTION('',(0.680451099367278,0.732793491626299,0.0));
#3155=SURFACE_STYLE_FILL_AREA(#3802);
#3156=ORIENTED_EDGE('',*,*,#3803,.F.);
#3157=ORIENTED_EDGE('',*,*,#3758,.T.);
#3158=ORIENTED_EDGE('',*,*,#3801,.T.);
#3159=ORIENTED_EDGE('',*,*,#3777,.F.);
#3160=CARTESIAN_POINT('',(-0.009,0.0412,0.0031));
#3161=DIRECTION('',(3.45218602184439E-16,-1.0,-0.0));
#3162=DIRECTION('',(1.0,3.45218602184439E-16,0.0));
#3163=SURFACE_STYLE_FILL_AREA(#3804);
#3164=ORIENTED_EDGE('',*,*,#3805,.F.);
#3165=ORIENTED_EDGE('',*,*,#3759,.T.);
#3166=ORIENTED_EDGE('',*,*,#3803,.T.);
#3167=ORIENTED_EDGE('',*,*,#3776,.F.);
#3168=CARTESIAN_POINT('',(-0.00816274669424134,0.0398837523612562,0.0031));
#3169=DIRECTION('',(-0.813733471206735,-0.581238193719097,0.0));
#3170=DIRECTION('',(0.581238193719097,-0.813733471206735,0.0));
#3171=SURFACE_STYLE_FILL_AREA(#3806);
#3172=ORIENTED_EDGE('',*,*,#3807,.F.);
#3173=ORIENTED_EDGE('',*,*,#3760,.T.);
#3174=ORIENTED_EDGE('',*,*,#3805,.T.);
#3175=ORIENTED_EDGE('',*,*,#3775,.F.);
#3176=CARTESIAN_POINT('',(-0.0046,0.0398,0.0031));
#3177=DIRECTION('',(0.0,-1.0,-0.0));
#3178=DIRECTION('',(0.0,0.0,-1.0));
#3179=SURFACE_STYLE_FILL_AREA(#3808);
#3180=ORIENTED_EDGE('',*,*,#3809,.F.);
#3181=ORIENTED_EDGE('',*,*,#3761,.T.);
#3182=ORIENTED_EDGE('',*,*,#3807,.T.);
#3183=ORIENTED_EDGE('',*,*,#3774,.F.);
#3184=CARTESIAN_POINT('',(-0.0048,0.0313,0.0031));
#3185=DIRECTION('',(-1.0,3.98787005971679E-16,0.0));
#3186=DIRECTION('',(-3.98787005971679E-16,-1.0,0.0));
#3187=SURFACE_STYLE_FILL_AREA(#3810);
#3188=ORIENTED_EDGE('',*,*,#3811,.F.);
#3189=ORIENTED_EDGE('',*,*,#3762,.T.);
#3190=ORIENTED_EDGE('',*,*,#3809,.T.);
#3191=ORIENTED_EDGE('',*,*,#3773,.F.);
#3192=CARTESIAN_POINT('',(-0.00264142135623731,0.0290585786437627,0.0031));
#3193=DIRECTION('',(-0.707106781186546,-0.707106781186549,0.0));
#3194=DIRECTION('',(0.707106781186549,-0.707106781186546,0.0));
#3195=SURFACE_STYLE_FILL_AREA(#3812);
#3196=ORIENTED_EDGE('',*,*,#3813,.F.);
#3197=ORIENTED_EDGE('',*,*,#3763,.F.);
#3198=ORIENTED_EDGE('',*,*,#3811,.T.);
#3199=ORIENTED_EDGE('',*,*,#3772,.T.);
#3200=CARTESIAN_POINT('',(-0.0027,0.0292,0.0031));
#3201=DIRECTION('',(-1.0,0.0,0.0));
#3202=DIRECTION('',(0.0,0.0,1.0));
#3203=SURFACE_STYLE_FILL_AREA(#3814);
#3204=ORIENTED_EDGE('',*,*,#3815,.F.);
#3205=ORIENTED_EDGE('',*,*,#3764,.T.);
#3206=ORIENTED_EDGE('',*,*,#3813,.T.);
#3207=ORIENTED_EDGE('',*,*,#3771,.F.);
#3208=CARTESIAN_POINT('',(-0.00476005685902955,0.011317157547556,0.0031));
#3209=DIRECTION('',(-0.800284295147732,0.599620752592751,0.0));
#3210=DIRECTION('',(-0.599620752592751,-0.800284295147732,0.0));
#3211=SURFACE_STYLE_FILL_AREA(#3816);
#3212=ORIENTED_EDGE('',*,*,#3710,.F.);
#3213=ORIENTED_EDGE('',*,*,#3765,.T.);
#3214=ORIENTED_EDGE('',*,*,#3815,.T.);
#3215=ORIENTED_EDGE('',*,*,#3770,.F.);
#3216=CARTESIAN_POINT('',(-0.0048,0.0026,0.0031));
#3217=DIRECTION('',(-1.0,0.0,0.0));
#3218=DIRECTION('',(0.0,0.0,1.0));
#3219=SURFACE_STYLE_FILL_AREA(#3817);
#3220=ORIENTED_EDGE('',*,*,#3769,.F.);
#3221=ORIENTED_EDGE('',*,*,#3787,.F.);
#3222=ORIENTED_EDGE('',*,*,#3766,.T.);
#3223=ORIENTED_EDGE('',*,*,#3705,.T.);
#3224=CARTESIAN_POINT('',(-0.0289,0.0026,0.0031));
#3225=DIRECTION('',(1.0,0.0,0.0));
#3226=DIRECTION('',(0.0,0.0,-1.0));
#3227=SURFACE_STYLE_FILL_AREA(#3818);
#3229=FILL_AREA_STYLE('',(#3819));
#3230=EDGE_CURVE('47:2812',#3820,#3820,#3821,.F.);
#3231=EDGE_CURVE('47:4025',#3822,#3822,#3823,.F.);
#3232=FILL_AREA_STYLE('',(#3824));
#3233=EDGE_CURVE('47:4022',#3825,#3825,#3826,.T.);
#3234=FILL_AREA_STYLE('',(#3827));
#3235=EDGE_CURVE('47:3814',#3828,#3828,#3829,.T.);
#3236=EDGE_CURVE('47:3817',#3830,#3830,#3831,.F.);
#3237=FILL_AREA_STYLE('',(#3832));
#3238=EDGE_CURVE('47:3046',#3833,#3833,#3834,.F.);
#3239=FILL_AREA_STYLE('',(#3835));
#3240=EDGE_CURVE('46:6233',#3836,#3836,#3837,.F.);
#3241=EDGE_CURVE('47:3465',#3838,#3838,#3839,.F.);
#3242=FILL_AREA_STYLE('',(#3840));
#3243=EDGE_CURVE('47:3462',#3841,#3841,#3842,.T.);
#3244=FILL_AREA_STYLE('',(#3843));
#3245=EDGE_CURVE('47:2428',#3844,#3844,#3845,.F.);
#3246=EDGE_CURVE('47:3049',#3846,#3846,#3847,.F.);
#3247=FILL_AREA_STYLE('',(#3848));
#3248=FILL_AREA_STYLE('',(#3849));
#3249=EDGE_CURVE('47:1500',#3850,#3850,#3851,.F.);
#3250=EDGE_CURVE('47:2815',#3852,#3852,#3853,.F.);
#3251=FILL_AREA_STYLE('',(#3854));
#3252=FILL_AREA_STYLE('',(#3855));
#3253=EDGE_CURVE('28:10867',#3856,#3856,#3857,.T.);
#3254=FILL_AREA_STYLE('',(#3858));
#3255=EDGE_CURVE('46:1406',#3859,#3859,#3860,.F.);
#3256=EDGE_CURVE('46:1416',#3861,#3861,#3862,.F.);
#3257=FILL_AREA_STYLE('',(#3863));
#3258=EDGE_CURVE('46:1413',#3864,#3864,#3865,.T.);
#3259=FILL_AREA_STYLE('',(#3866));
#3260=EDGE_CURVE('46:1403',#3867,#3867,#3868,.T.);
#3261=FILL_AREA_STYLE('',(#3869));
#3262=EDGE_CURVE('24:21927',#3870,#3871,#3872,.T.);
#3263=EDGE_CURVE('24:22370',#3870,#3873,#3874,.T.);
#3264=EDGE_CURVE('24:21921',#3875,#3873,#3876,.T.);
#3265=EDGE_CURVE('24:21918',#3877,#3875,#3878,.T.);
#3266=EDGE_CURVE('24:21933',#3879,#3877,#3880,.T.);
#3267=EDGE_CURVE('24:21930',#3871,#3879,#3881,.T.);
#3268=FILL_AREA_STYLE('',(#3882));
#3269=EDGE_CURVE('24:21912',#3883,#3884,#3885,.T.);
#3270=EDGE_CURVE('24:21882',#3886,#3883,#3887,.T.);
#3271=EDGE_CURVE('24:21888',#3888,#3886,#3889,.T.);
#3272=EDGE_CURVE('24:22090',#3890,#3888,#3891,.T.);
#3273=EDGE_CURVE('24:21900',#3892,#3890,#3893,.T.);
#3274=EDGE_CURVE('24:21906',#3884,#3892,#3894,.T.);
#3275=FILL_AREA_STYLE('',(#3895));
#3276=EDGE_CURVE('24:9675',#3896,#3897,#3898,.T.);
#3277=EDGE_CURVE('24:10043',#3896,#3899,#3900,.T.);
#3278=EDGE_CURVE('24:9669',#3901,#3899,#3902,.T.);
#3279=EDGE_CURVE('24:9666',#3903,#3901,#3904,.T.);
#3280=EDGE_CURVE('24:9663',#3905,#3903,#3906,.T.);
#3281=EDGE_CURVE('24:9678',#3897,#3905,#3907,.T.);
#3282=FILL_AREA_STYLE('',(#3908));
#3283=EDGE_CURVE('24:9657',#3909,#3910,#3911,.T.);
#3284=EDGE_CURVE('24:9627',#3912,#3909,#3913,.T.);
#3285=EDGE_CURVE('24:9633',#3914,#3912,#3915,.T.);
#3286=EDGE_CURVE('24:9639',#3916,#3914,#3917,.T.);
#3287=EDGE_CURVE('24:9835',#3918,#3916,#3919,.T.);
#3288=EDGE_CURVE('24:9651',#3910,#3918,#3920,.T.);
#3289=FILL_AREA_STYLE('',(#3921));
#3290=EDGE_CURVE('42:2342',#3922,#3923,#3924,.T.);
#3291=EDGE_CURVE('18:13305',#3922,#3925,#3926,.T.);
#3292=EDGE_CURVE('18:13322',#3925,#3927,#3928,.T.);
#3293=EDGE_CURVE('18:13034',#3927,#3929,#3930,.T.);
#3294=EDGE_CURVE('18:13031',#3929,#3931,#3932,.T.);
#3295=EDGE_CURVE('42:85',#3931,#3933,#3934,.T.);
#3296=EDGE_CURVE('17:4773',#3933,#3935,#3936,.T.);
#3297=EDGE_CURVE('42:92',#3935,#3923,#3937,.T.);
#3298=FILL_AREA_STYLE('',(#3938));
#3299=EDGE_CURVE('18:7683',#3939,#3940,#3941,.T.);
#3300=EDGE_CURVE('18:7667',#3942,#3939,#3943,.T.);
#3301=EDGE_CURVE('18:7388',#3944,#3942,#3945,.T.);
#3302=EDGE_CURVE('18:7385',#3940,#3944,#3946,.T.);
#3303=FILL_AREA_STYLE('',(#3947));
#3304=EDGE_CURVE('42:135',#3948,#3942,#3949,.T.);
#3305=EDGE_CURVE('42:1389',#3942,#3950,#3951,.F.);
#3306=EDGE_CURVE('42:128',#3950,#3952,#3953,.T.);
#3307=EDGE_CURVE('17:14253',#3948,#3952,#3954,.T.);
#3308=FILL_AREA_STYLE('',(#3955));
#3309=EDGE_CURVE('42:2339',#3956,#3957,#3958,.T.);
#3310=EDGE_CURVE('42:2335',#3922,#3956,#3959,.F.);
#3311=EDGE_CURVE('42:2332',#3923,#3957,#3960,.T.);
#3312=FILL_AREA_STYLE('',(#3961));
#3313=EDGE_CURVE('31:42',#3962,#3963,#3964,.T.);
#3314=EDGE_CURVE('22:2513',#3962,#3965,#3966,.T.);
#3315=EDGE_CURVE('22:2503',#3965,#3967,#3968,.F.);
#3316=EDGE_CURVE('21:2585',#3967,#3963,#3969,.T.);
#3317=EDGE_CURVE('21:2753',#3970,#3970,#3971,.T.);
#3318=FILL_AREA_STYLE('',(#3972));
#3319=EDGE_CURVE('40:4709',#3973,#3974,#3975,.T.);
#3320=EDGE_CURVE('40:5313',#3973,#3976,#3977,.F.);
#3321=EDGE_CURVE('40:4719',#3976,#3978,#3979,.T.);
#3322=EDGE_CURVE('22:4311',#3974,#3978,#3980,.T.);
#3323=FILL_AREA_STYLE('',(#3981));
#3324=EDGE_CURVE('40:5310',#3982,#3983,#3984,.T.);
#3325=EDGE_CURVE('40:5306',#3976,#3983,#3985,.F.);
#3326=EDGE_CURVE('40:5303',#3973,#3982,#3986,.T.);
#3327=FILL_AREA_STYLE('',(#3987));
#3328=EDGE_CURVE('4:1895',#3988,#3989,#3990,.T.);
#3329=EDGE_CURVE('9:14474',#3989,#3991,#3992,.T.);
#3330=EDGE_CURVE('9:6588',#3991,#3993,#3994,.T.);
#3331=EDGE_CURVE('9:6606',#3993,#3988,#3995,.T.);
#3332=FILL_AREA_STYLE('',(#3996));
#3333=EDGE_CURVE('40:35',#3997,#3998,#3999,.T.);
#3334=EDGE_CURVE('40:808',#3998,#4000,#4001,.F.);
#3335=EDGE_CURVE('40:49',#4000,#4002,#4003,.T.);
#3336=EDGE_CURVE('26:2259',#4002,#4004,#4005,.T.);
#3337=EDGE_CURVE('26:2252',#4004,#4006,#4007,.T.);
#3338=EDGE_CURVE('26:2229',#4006,#3997,#4008,.T.);
#3339=FILL_AREA_STYLE('',(#4009));
#3340=EDGE_CURVE('40:805',#4010,#4011,#4012,.T.);
#3341=EDGE_CURVE('40:801',#4000,#4011,#4013,.F.);
#3342=EDGE_CURVE('40:798',#3998,#4010,#4014,.T.);
#3343=FILL_AREA_STYLE('',(#4015));
#3344=EDGE_CURVE('28:10877',#4016,#4016,#4017,.T.);
#3345=FILL_AREA_STYLE('',(#4018));
#3346=EDGE_CURVE('40:4706',#4019,#3982,#4020,.T.);
#3347=EDGE_CURVE('12:4197',#4021,#4019,#4022,.T.);
#3348=EDGE_CURVE('12:4207',#4023,#4021,#4024,.T.);
#3349=EDGE_CURVE('12:134',#4023,#4025,#4026,.T.);
#3350=EDGE_CURVE('11:2952',#4027,#4025,#4028,.F.);
#3351=EDGE_CURVE('10:12205',#4029,#4027,#4030,.T.);
#3352=EDGE_CURVE('12:6313',#4029,#4031,#4032,.T.);
#3353=EDGE_CURVE('13:7471',#4033,#4031,#4034,.T.);
#3354=EDGE_CURVE('14:119',#4035,#4033,#4036,.T.);
#3355=EDGE_CURVE('14:2501',#4035,#4037,#4038,.T.);
#3356=EDGE_CURVE('17:10485',#4037,#4039,#4040,.T.);
#3357=EDGE_CURVE('17:11584',#4039,#4041,#4042,.T.);
#3358=EDGE_CURVE('17:14271',#4043,#4041,#4044,.T.);
#3359=EDGE_CURVE('21:2562',#4045,#4043,#4046,.T.);
#3360=EDGE_CURVE('21:2572',#4047,#4045,#4048,.T.);
#3361=EDGE_CURVE('22:53',#4047,#4049,#4050,.T.);
#3362=EDGE_CURVE('22:2500',#4051,#4049,#4052,.F.);
#3363=EDGE_CURVE('22:2510',#4051,#4053,#4054,.T.);
#3364=EDGE_CURVE('40:4716',#4053,#3983,#4055,.T.);
#3365=EDGE_CURVE('21:4146',#4056,#4056,#4057,.T.);
#3366=FILL_AREA_STYLE('',(#4058));
#3367=EDGE_CURVE('42:1386',#4059,#4060,#4061,.T.);
#3368=EDGE_CURVE('42:138',#4059,#4062,#4063,.T.);
#3369=EDGE_CURVE('18:4218',#4064,#4062,#4065,.T.);
#3370=EDGE_CURVE('17:10468',#4064,#4066,#4067,.T.);
#3371=EDGE_CURVE('18:10026',#4066,#4068,#4069,.T.);
#3372=EDGE_CURVE('42:82',#4068,#3956,#4070,.T.);
#3373=EDGE_CURVE('42:125',#3957,#4060,#4071,.T.);
#3374=FILL_AREA_STYLE('',(#4072));
#3375=EDGE_CURVE('16:511',#4073,#4074,#4075,.T.);
#3376=EDGE_CURVE('24:351',#4076,#4073,#4077,.T.);
#3377=EDGE_CURVE('16:499',#4078,#4076,#4079,.T.);
#3378=EDGE_CURVE('19:101',#4080,#4078,#4081,.T.);
#3379=EDGE_CURVE('19:5559',#4082,#4080,#4083,.T.);
#3380=EDGE_CURVE('19:5569',#4082,#4084,#4085,.T.);
#3381=EDGE_CURVE('20:39',#4084,#4086,#4087,.T.);
#3382=EDGE_CURVE('20:1049',#4088,#4086,#4089,.T.);
#3383=EDGE_CURVE('20:52',#4088,#4090,#4091,.T.);
#3384=EDGE_CURVE('14:2487',#4092,#4090,#4093,.T.);
#3385=EDGE_CURVE('21:72',#4092,#4094,#4095,.T.);
#3386=EDGE_CURVE('16:493',#4094,#4096,#4097,.T.);
#3387=EDGE_CURVE('16:502',#4096,#4098,#4099,.T.);
#3388=EDGE_CURVE('19:128',#4098,#4074,#4100,.F.);
#3389=FILL_AREA_STYLE('',(#4101));
#3390=EDGE_CURVE('3:5363',#4102,#4103,#4104,.T.);
#3391=EDGE_CURVE('17:4722',#4102,#4105,#4106,.T.);
#3392=EDGE_CURVE('32:28832',#4105,#4107,#4108,.T.);
#3393=EDGE_CURVE('3:5468',#4103,#4107,#4109,.T.);
#3394=FILL_AREA_STYLE('',(#4110));
#3395=EDGE_CURVE('32:25083',#4111,#4112,#4113,.F.);
#3396=EDGE_CURVE('32:22101',#4114,#4111,#4115,.F.);
#3397=EDGE_CURVE('31:1345',#4116,#4114,#4117,.F.);
#3398=EDGE_CURVE('32:22131',#4112,#4116,#4118,.F.);
#3399=FILL_AREA_STYLE('',(#4119));
#3400=EDGE_CURVE('40:32',#4120,#4010,#4121,.T.);
#3401=EDGE_CURVE('25:74',#4120,#4122,#4123,.T.);
#3402=EDGE_CURVE('2:257',#4124,#4122,#4125,.T.);
#3403=EDGE_CURVE('26:896',#4126,#4124,#4127,.T.);
#3404=EDGE_CURVE('6:479',#4126,#4128,#4129,.T.);
#3405=EDGE_CURVE('2:848',#4128,#4130,#4131,.T.);
#3406=EDGE_CURVE('17:10314',#4132,#4130,#4133,.T.);
#3407=EDGE_CURVE('32:22134',#4134,#4132,#4135,.F.);
#3408=EDGE_CURVE('32:25073',#4112,#4134,#4136,.T.);
#3409=EDGE_CURVE('8:929',#4137,#4116,#4138,.T.);
#3410=EDGE_CURVE('17:10311',#4137,#4139,#4140,.T.);
#3411=EDGE_CURVE('3:2260',#4105,#4139,#4141,.T.);
#3412=EDGE_CURVE('3:5760',#4142,#4102,#4143,.T.);
#3413=EDGE_CURVE('3:6653',#4144,#4142,#4145,.T.);
#3414=EDGE_CURVE('6:253',#4146,#4144,#4147,.T.);
#3415=EDGE_CURVE('11:2912',#4148,#4146,#4149,.F.);
#3416=EDGE_CURVE('11:6674',#4148,#4150,#4151,.T.);
#3417=EDGE_CURVE('40:53',#4011,#4150,#4152,.T.);
#3418=EDGE_CURVE('24:222',#4153,#4153,#4154,.T.);
#3419=FILL_AREA_STYLE('',(#4155));
#3420=EDGE_CURVE('32:21932',#4156,#4157,#4158,.T.);
#3421=EDGE_CURVE('32:7705',#4159,#4156,#4160,.T.);
#3422=EDGE_CURVE('32:7699',#4161,#4159,#4162,.T.);
#3423=EDGE_CURVE('1:5741',#4163,#4161,#4164,.F.);
#3424=EDGE_CURVE('1:12610',#4163,#4165,#4166,.T.);
#3425=EDGE_CURVE('1:15271',#4167,#4165,#4168,.T.);
#3426=EDGE_CURVE('16:9200',#4169,#4167,#4170,.T.);
#3427=EDGE_CURVE('9:1419',#4169,#4171,#4172,.T.);
#3428=EDGE_CURVE('9:14506',#4173,#4171,#4174,.T.);
#3429=EDGE_CURVE('9:14459',#4173,#4175,#4176,.T.);
#3430=EDGE_CURVE('9:14456',#4175,#4177,#4178,.T.);
#3431=EDGE_CURVE('10:9404',#4177,#4179,#4180,.T.);
#3432=EDGE_CURVE('10:251',#4179,#4181,#4182,.F.);
#3433=EDGE_CURVE('11:3016',#4181,#4183,#4184,.T.);
#3434=EDGE_CURVE('12:4210',#4183,#4185,#4186,.T.);
#3435=EDGE_CURVE('12:4200',#4185,#4187,#4188,.T.);
#3436=EDGE_CURVE('12:4190',#4187,#4189,#4190,.T.);
#3437=EDGE_CURVE('22:4314',#4189,#4191,#4192,.T.);
#3438=EDGE_CURVE('21:2575',#4191,#4193,#4194,.T.);
#3439=EDGE_CURVE('21:2565',#4193,#4195,#4196,.T.);
#3440=EDGE_CURVE('17:14274',#4195,#4197,#4198,.T.);
#3441=EDGE_CURVE('17:11235',#4197,#4199,#4200,.T.);
#3442=EDGE_CURVE('17:10488',#4199,#4201,#4202,.T.);
#3443=EDGE_CURVE('17:11221',#4201,#4203,#4204,.T.);
#3444=EDGE_CURVE('18:7367',#4205,#4203,#4206,.T.);
#3445=EDGE_CURVE('18:7373',#4207,#4205,#4208,.T.);
#3446=EDGE_CURVE('17:11245',#4207,#4209,#4210,.T.);
#3447=EDGE_CURVE('17:14256',#4209,#4211,#4212,.T.);
#3448=EDGE_CURVE('17:14291',#4213,#4211,#4214,.T.);
#3449=EDGE_CURVE('17:4439',#4213,#4215,#4216,.T.);
#3450=EDGE_CURVE('18:2188',#4215,#4217,#4218,.T.);
#3451=EDGE_CURVE('18:13013',#4219,#4217,#4220,.T.);
#3452=EDGE_CURVE('18:13019',#4221,#4219,#4222,.T.);
#3453=EDGE_CURVE('18:2210',#4221,#4223,#4224,.T.);
#3454=EDGE_CURVE('17:4806',#4223,#4225,#4226,.T.);
#3455=EDGE_CURVE('20:1052',#4225,#4227,#4228,.T.);
#3456=EDGE_CURVE('16:4638',#4227,#4229,#4230,.T.);
#3457=EDGE_CURVE('19:5572',#4229,#4231,#4232,.T.);
#3458=EDGE_CURVE('19:5562',#4231,#4233,#4234,.T.);
#3459=EDGE_CURVE('13:1515',#4233,#4235,#4236,.T.);
#3460=EDGE_CURVE('13:1539',#4235,#4237,#4238,.T.);
#3461=EDGE_CURVE('13:1547',#4239,#4237,#4240,.T.);
#3462=EDGE_CURVE('1:10198',#4239,#4157,#4241,.T.);
#3463=FILL_AREA_STYLE('',(#4242));
#3464=EDGE_CURVE('28:10874',#4243,#4243,#4244,.T.);
#3465=FILL_AREA_STYLE('',(#4245));
#3466=EDGE_CURVE('1:12607',#4246,#4247,#4248,.T.);
#3467=EDGE_CURVE('26:2084',#4126,#4247,#4249,.T.);
#3468=EDGE_CURVE('26:2081',#4124,#4165,#4250,.T.);
#3469=EDGE_CURVE('1:12504',#4246,#4163,#4251,.T.);
#3470=FILL_AREA_STYLE('',(#4252));
#3471=EDGE_CURVE('24:225',#4253,#4253,#4254,.T.);
#3472=FILL_AREA_STYLE('',(#4255));
#3473=FILL_AREA_STYLE('',(#4256));
#3474=EDGE_CURVE('17:14233',#3952,#4211,#4257,.T.);
#3475=EDGE_CURVE('17:14230',#3948,#4209,#4258,.T.);
#3476=FILL_AREA_STYLE('',(#4259));
#3477=EDGE_CURVE('17:9927',#3933,#4215,#4260,.T.);
#3478=EDGE_CURVE('17:4414',#3935,#4213,#4261,.T.);
#3479=FILL_AREA_STYLE('',(#4262));
#3480=EDGE_CURVE('5:1741',#4146,#4263,#4264,.T.);
#3481=EDGE_CURVE('4:534',#4265,#4263,#4266,.F.);
#3482=EDGE_CURVE('4:1876',#4148,#4265,#4267,.T.);
#3483=FILL_AREA_STYLE('',(#4268));
#3484=EDGE_CURVE('11:6490',#4025,#4181,#4269,.T.);
#3485=EDGE_CURVE('10:9286',#4270,#4179,#4271,.T.);
#3486=EDGE_CURVE('10:12171',#4027,#4270,#4272,.T.);
#3487=FILL_AREA_STYLE('',(#4273));
#3488=EDGE_CURVE('32:44',#4274,#4275,#4276,.T.);
#3489=EDGE_CURVE('32:25076',#4274,#4277,#4278,.T.);
#3490=EDGE_CURVE('32:22104',#4277,#4279,#4280,.F.);
#3491=EDGE_CURVE('32:51',#4275,#4279,#4281,.T.);
#3492=FILL_AREA_STYLE('',(#4282));
#3493=EDGE_CURVE('3:3897',#4139,#4283,#4284,.T.);
#3494=EDGE_CURVE('3:2135',#4283,#4107,#4285,.T.);
#3495=FILL_AREA_STYLE('',(#4286));
#3496=EDGE_CURVE('32:25080',#4277,#4134,#4287,.T.);
#3497=EDGE_CURVE('2:2315',#4279,#4132,#4288,.T.);
#3498=FILL_AREA_STYLE('',(#4289));
#3499=EDGE_CURVE('2:2309',#4290,#4074,#4291,.F.);
#3500=EDGE_CURVE('10:19062',#4098,#4292,#4293,.T.);
#3501=EDGE_CURVE('2:2342',#4290,#4292,#4294,.F.);
#3502=FILL_AREA_STYLE('',(#4295));
#3503=EDGE_CURVE('2:313',#4296,#4246,#4297,.T.);
#3504=EDGE_CURVE('2:851',#4298,#4296,#4299,.T.);
#3505=EDGE_CURVE('2:275',#4298,#4247,#4300,.T.);
#3506=FILL_AREA_STYLE('',(#4301));
#3507=EDGE_CURVE('2:835',#4298,#4128,#4302,.F.);
#3508=EDGE_CURVE('2:841',#4296,#4130,#4303,.T.);
#3509=FILL_AREA_STYLE('',(#4304));
#3510=EDGE_CURVE('1:15274',#4122,#4167,#4305,.T.);
#3511=EDGE_CURVE('9:1402',#4120,#4169,#4306,.T.);
#3512=EDGE_CURVE('24:22096',#3873,#3888,#4307,.T.);
#3513=EDGE_CURVE('24:22093',#3870,#3890,#4308,.T.);
#3514=FILL_AREA_STYLE('',(#4309));
#3515=EDGE_CURVE('26:3626',#4006,#4173,#4310,.T.);
#3516=EDGE_CURVE('9:1408',#3997,#4171,#4311,.T.);
#3517=FILL_AREA_STYLE('',(#4312));
#3518=EDGE_CURVE('42:1382',#3950,#4060,#4313,.T.);
#3519=FILL_AREA_STYLE('',(#4314));
#3520=EDGE_CURVE('1:10191',#4073,#4239,#4315,.T.);
#3521=EDGE_CURVE('13:1505',#4076,#4237,#4316,.T.);
#3522=EDGE_CURVE('24:9841',#3899,#3916,#4317,.T.);
#3523=EDGE_CURVE('24:9838',#3896,#3918,#4318,.T.);
#3524=FILL_AREA_STYLE('',(#4319));
#3525=EDGE_CURVE('32:7823',#4279,#4246,#4320,.T.);
#3526=FILL_AREA_STYLE('',(#4321));
#3527=EDGE_CURVE('1:10110',#4290,#4157,#4322,.T.);
#3528=FILL_AREA_STYLE('',(#4323));
#3529=FILL_AREA_STYLE('',(#4324));
#3530=FILL_AREA_STYLE('',(#4325));
#3531=EDGE_CURVE('3:1174',#4326,#4114,#4327,.T.);
#3532=EDGE_CURVE('3:1035',#4137,#4326,#4328,.T.);
#3533=FILL_AREA_STYLE('',(#4329));
#3534=EDGE_CURVE('3:1184',#4283,#4326,#4330,.T.);
#3535=FILL_AREA_STYLE('',(#4331));
#3536=EDGE_CURVE('3:6634',#4142,#4332,#4333,.T.);
#3537=EDGE_CURVE('3:5478',#4332,#4103,#4334,.T.);
#3538=FILL_AREA_STYLE('',(#4335));
#3539=EDGE_CURVE('3:6656',#4336,#4332,#4337,.T.);
#3540=EDGE_CURVE('3:6523',#4144,#4336,#4338,.T.);
#3541=FILL_AREA_STYLE('',(#4339));
#3542=EDGE_CURVE('3:6666',#4263,#4336,#4340,.T.);
#3543=FILL_AREA_STYLE('',(#4341));
#3544=EDGE_CURVE('9:14306',#4265,#4177,#4342,.T.);
#3545=EDGE_CURVE('9:14312',#3989,#4175,#4343,.T.);
#3546=EDGE_CURVE('9:6502',#4150,#3988,#4344,.T.);
#3547=FILL_AREA_STYLE('',(#4345));
#3548=FILL_AREA_STYLE('',(#4346));
#3549=EDGE_CURVE('26:3623',#4004,#3991,#4347,.T.);
#3550=EDGE_CURVE('9:6508',#4002,#3993,#4348,.T.);
#3551=FILL_AREA_STYLE('',(#4349));
#3552=FILL_AREA_STYLE('',(#4350));
#3553=FILL_AREA_STYLE('',(#4351));
#3554=EDGE_CURVE('10:9407',#4270,#4265,#4352,.T.);
#3555=FILL_AREA_STYLE('',(#4353));
#3556=EDGE_CURVE('10:12208',#4354,#4270,#4355,.F.);
#3557=EDGE_CURVE('10:17430',#4029,#4354,#4356,.T.);
#3558=FILL_AREA_STYLE('',(#4357));
#3559=EDGE_CURVE('12:4168',#4023,#4183,#4358,.T.);
#3560=FILL_AREA_STYLE('',(#4359));
#3561=EDGE_CURVE('22:4296',#3974,#4189,#4360,.T.);
#3562=EDGE_CURVE('12:4048',#4019,#4187,#4361,.T.);
#3563=FILL_AREA_STYLE('',(#4362));
#3564=EDGE_CURVE('12:4054',#4021,#4185,#4363,.T.);
#3565=FILL_AREA_STYLE('',(#4364));
#3566=FILL_AREA_STYLE('',(#4365));
#3567=EDGE_CURVE('12:6316',#4366,#4354,#4367,.F.);
#3568=EDGE_CURVE('12:6222',#4031,#4366,#4368,.T.);
#3569=FILL_AREA_STYLE('',(#4369));
#3570=EDGE_CURVE('13:3506',#4096,#4370,#4371,.T.);
#3571=EDGE_CURVE('12:9291',#4292,#4370,#4372,.F.);
#3572=FILL_AREA_STYLE('',(#4373));
#3573=EDGE_CURVE('19:5538',#4080,#4233,#4374,.T.);
#3574=EDGE_CURVE('13:1417',#4078,#4235,#4375,.T.);
#3575=FILL_AREA_STYLE('',(#4376));
#3576=FILL_AREA_STYLE('',(#4377));
#3577=EDGE_CURVE('13:7309',#4094,#4378,#4379,.T.);
#3578=EDGE_CURVE('13:3542',#4370,#4378,#4380,.F.);
#3579=FILL_AREA_STYLE('',(#4381));
#3580=EDGE_CURVE('13:7474',#4382,#4366,#4383,.T.);
#3581=EDGE_CURVE('13:7303',#4033,#4382,#4384,.T.);
#3582=FILL_AREA_STYLE('',(#4385));
#3583=EDGE_CURVE('14:2470',#4035,#4386,#4387,.T.);
#3584=EDGE_CURVE('14:2515',#4386,#4382,#4388,.F.);
#3585=FILL_AREA_STYLE('',(#4389));
#3586=EDGE_CURVE('17:11264',#4039,#4390,#4391,.T.);
#3587=EDGE_CURVE('14:2391',#4037,#4392,#4393,.T.);
#3588=EDGE_CURVE('17:11279',#4390,#4392,#4394,.F.);
#3589=FILL_AREA_STYLE('',(#4395));
#3590=EDGE_CURVE('14:2373',#4090,#4396,#4397,.T.);
#3591=EDGE_CURVE('14:2490',#4398,#4396,#4399,.T.);
#3592=EDGE_CURVE('14:2473',#4092,#4398,#4400,.T.);
#3593=FILL_AREA_STYLE('',(#4401));
#3594=EDGE_CURVE('14:2504',#4392,#4386,#4402,.F.);
#3595=FILL_AREA_STYLE('',(#4403));
#3596=EDGE_CURVE('20:1034',#4086,#4227,#4404,.T.);
#3597=EDGE_CURVE('19:5541',#4084,#4229,#4405,.T.);
#3598=FILL_AREA_STYLE('',(#4406));
#3599=EDGE_CURVE('18:13155',#3927,#4221,#4407,.T.);
#3600=EDGE_CURVE('18:14085',#3925,#4068,#4408,.T.);
#3601=EDGE_CURVE('17:9972',#4066,#4409,#4410,.T.);
#3602=EDGE_CURVE('17:9976',#4409,#4223,#4411,.T.);
#3603=FILL_AREA_STYLE('',(#4412));
#3604=FILL_AREA_STYLE('',(#4413));
#3605=EDGE_CURVE('17:9921',#4414,#4409,#4415,.F.);
#3606=EDGE_CURVE('20:1067',#4414,#4225,#4416,.T.);
#3607=FILL_AREA_STYLE('',(#4417));
#3608=EDGE_CURVE('18:9923',#3939,#4062,#4418,.T.);
#3609=EDGE_CURVE('18:7509',#3940,#4203,#4419,.T.);
#3610=EDGE_CURVE('17:11256',#4420,#4201,#4421,.T.);
#3611=EDGE_CURVE('17:11252',#4064,#4420,#4422,.T.);
#3612=FILL_AREA_STYLE('',(#4423));
#3613=EDGE_CURVE('17:11268',#4390,#4199,#4424,.T.);
#3614=EDGE_CURVE('17:11208',#4420,#4390,#4425,.F.);
#3615=FILL_AREA_STYLE('',(#4426));
#3616=EDGE_CURVE('17:14227',#4041,#4197,#4427,.T.);
#3617=FILL_AREA_STYLE('',(#4428));
#3618=EDGE_CURVE('18:7512',#3942,#4207,#4429,.T.);
#3619=FILL_AREA_STYLE('',(#4430));
#3620=EDGE_CURVE('20:2871',#4043,#4195,#4431,.T.);
#3621=FILL_AREA_STYLE('',(#4432));
#3622=EDGE_CURVE('18:7370',#3944,#4205,#4433,.T.);
#3623=FILL_AREA_STYLE('',(#4434));
#3624=FILL_AREA_STYLE('',(#4435));
#3625=EDGE_CURVE('18:13158',#3931,#4217,#4436,.T.);
#3626=EDGE_CURVE('18:13016',#3929,#4219,#4437,.T.);
#3627=FILL_AREA_STYLE('',(#4438));
#3628=FILL_AREA_STYLE('',(#4439));
#3629=EDGE_CURVE('19:5459',#4082,#4231,#4440,.T.);
#3630=FILL_AREA_STYLE('',(#4441));
#3631=FILL_AREA_STYLE('',(#4442));
#3632=EDGE_CURVE('20:1063',#4088,#4414,#4443,.T.);
#3633=FILL_AREA_STYLE('',(#4444));
#3634=EDGE_CURVE('21:2454',#4045,#4193,#4445,.T.);
#3635=FILL_AREA_STYLE('',(#4446));
#3636=EDGE_CURVE('22:4293',#3978,#4191,#4447,.T.);
#3637=EDGE_CURVE('22:2362',#4053,#3962,#4448,.T.);
#3638=EDGE_CURVE('21:2460',#4047,#3963,#4449,.T.);
#3639=FILL_AREA_STYLE('',(#4450));
#3640=EDGE_CURVE('22:2461',#4049,#3967,#4451,.T.);
#3641=FILL_AREA_STYLE('',(#4452));
#3642=FILL_AREA_STYLE('',(#4453));
#3643=EDGE_CURVE('22:2356',#4051,#3965,#4454,.T.);
#3644=FILL_AREA_STYLE('',(#4455));
#3645=FILL_AREA_STYLE('',(#4456));
#3646=FILL_AREA_STYLE('',(#4457));
#3647=EDGE_CURVE('24:9660',#3905,#3909,#4458,.T.);
#3648=EDGE_CURVE('24:9630',#3903,#3912,#4459,.T.);
#3649=FILL_AREA_STYLE('',(#4460));
#3650=EDGE_CURVE('24:9636',#3901,#3914,#4461,.T.);
#3651=FILL_AREA_STYLE('',(#4462));
#3652=FILL_AREA_STYLE('',(#4463));
#3653=EDGE_CURVE('24:9654',#3897,#3910,#4464,.T.);
#3654=FILL_AREA_STYLE('',(#4465));
#3655=FILL_AREA_STYLE('',(#4466));
#3656=EDGE_CURVE('24:21915',#3877,#3883,#4467,.T.);
#3657=EDGE_CURVE('24:21885',#3875,#3886,#4468,.T.);
#3658=FILL_AREA_STYLE('',(#4469));
#3659=FILL_AREA_STYLE('',(#4470));
#3660=EDGE_CURVE('24:21903',#3871,#3892,#4471,.T.);
#3661=FILL_AREA_STYLE('',(#4472));
#3662=EDGE_CURVE('24:21909',#3879,#3884,#4473,.T.);
#3663=FILL_AREA_STYLE('',(#4474));
#3664=FILL_AREA_STYLE('',(#4475));
#3665=EDGE_CURVE('32:7613',#4274,#4159,#4476,.T.);
#3666=EDGE_CURVE('32:7693',#4275,#4161,#4477,.T.);
#3667=FILL_AREA_STYLE('',(#4478));
#3668=EDGE_CURVE('32:7619',#4479,#4156,#4480,.T.);
#3669=EDGE_CURVE('32:28',#4479,#4111,#4481,.T.);
#3670=FILL_AREA_STYLE('',(#4482));
#3671=EDGE_CURVE('32:7847',#4290,#4479,#4483,.T.);
#3672=FILL_AREA_STYLE('',(#4484));
#3673=EDGE_CURVE('47:1466',#4485,#4485,#4486,.T.);
#3674=FILL_AREA_STYLE('',(#4487));
#3675=EDGE_CURVE('47:2394',#4488,#4488,#4489,.T.);
#3676=FILL_AREA_STYLE('',(#4490));
#3677=EDGE_CURVE('14:2512',#4378,#4398,#4491,.F.);
#3678=FILL_AREA_STYLE('',(#4492));
#3679=EDGE_CURVE('17:11276',#4409,#4420,#4493,.F.);
#3680=FILL_AREA_STYLE('',(#4494));
#3681=EDGE_CURVE('17:10000',#4396,#4414,#4495,.F.);
#3682=FILL_AREA_STYLE('',(#4496));
#3683=FILL_AREA_STYLE('',(#4497));
#3684=FILL_AREA_STYLE('',(#4498));
#3685=EDGE_CURVE('42:1379',#3942,#4059,#4499,.F.);
#3686=FILL_AREA_STYLE('',(#4500));
#3687=FILL_AREA_STYLE('',(#4501));
#3688=FILL_AREA_STYLE('',(#4502));
#3689=FILL_AREA_STYLE('',(#4503));
#3690=FILL_AREA_STYLE('',(#4504));
#3691=EDGE_CURVE('',#4505,#4505,#4506,.F.);
#3692=FILL_AREA_STYLE('',(#4507));
#3693=EDGE_CURVE('',#4508,#4508,#4509,.T.);
#3694=EDGE_CURVE('',#4510,#4510,#4511,.T.);
#3695=FILL_AREA_STYLE('',(#4512));
#3696=EDGE_CURVE('',#4513,#4513,#4514,.T.);
#3697=EDGE_CURVE('',#4515,#4515,#4516,.T.);
#3698=FILL_AREA_STYLE('',(#4517));
#3699=FILL_AREA_STYLE('',(#4518));
#3700=EDGE_CURVE('37:317',#4519,#4520,#4521,.T.);
#3701=EDGE_CURVE('37:260',#4519,#4522,#4523,.T.);
#3702=EDGE_CURVE('37:320',#4522,#4524,#4525,.T.);
#3703=EDGE_CURVE('37:200',#4520,#4524,#4526,.T.);
#3704=FILL_AREA_STYLE('',(#4527));
#3705=EDGE_CURVE('37:314',#4528,#4529,#4530,.T.);
#3706=EDGE_CURVE('37:257',#4528,#4519,#4531,.T.);
#3707=EDGE_CURVE('37:197',#4529,#4520,#4532,.T.);
#3708=FILL_AREA_STYLE('',(#4533));
#3709=EDGE_CURVE('37:263',#4522,#4534,#4535,.T.);
#3710=EDGE_CURVE('37:323',#4534,#4536,#4537,.T.);
#3711=EDGE_CURVE('37:203',#4524,#4536,#4538,.T.);
#3712=FILL_AREA_STYLE('',(#4539));
#3713=EDGE_CURVE('37:119',#4540,#4540,#4541,.T.);
#3714=EDGE_CURVE('37:374',#4542,#4542,#4543,.F.);
#3715=FILL_AREA_STYLE('',(#4544));
#3716=EDGE_CURVE('37:188',#4545,#4546,#4547,.T.);
#3717=EDGE_CURVE('37:128',#4548,#4546,#4549,.T.);
#3718=EDGE_CURVE('37:143',#4550,#4548,#4551,.T.);
#3719=EDGE_CURVE('37:131',#4550,#4545,#4552,.T.);
#3720=FILL_AREA_STYLE('',(#4553));
#3721=EDGE_CURVE('37:164',#4554,#4555,#4556,.T.);
#3722=EDGE_CURVE('37:176',#4555,#4557,#4558,.T.);
#3723=EDGE_CURVE('37:161',#4559,#4557,#4560,.T.);
#3724=EDGE_CURVE('37:152',#4554,#4559,#4561,.T.);
#3725=FILL_AREA_STYLE('',(#4562));
#3726=EDGE_CURVE('37:173',#4557,#4563,#4564,.T.);
#3727=EDGE_CURVE('37:158',#4565,#4563,#4566,.T.);
#3728=EDGE_CURVE('37:149',#4559,#4565,#4567,.T.);
#3729=FILL_AREA_STYLE('',(#4568));
#3730=EDGE_CURVE('37:167',#4569,#4570,#4571,.T.);
#3731=EDGE_CURVE('37:179',#4570,#4555,#4572,.T.);
#3732=EDGE_CURVE('37:155',#4554,#4569,#4573,.T.);
#3733=FILL_AREA_STYLE('',(#4574));
#3734=EDGE_CURVE('37:146',#4569,#4565,#4575,.T.);
#3735=EDGE_CURVE('37:140',#4548,#4576,#4577,.T.);
#3736=EDGE_CURVE('37:137',#4576,#4578,#4579,.T.);
#3737=EDGE_CURVE('37:134',#4578,#4550,#4580,.T.);
#3738=FILL_AREA_STYLE('',(#4581));
#3739=EDGE_CURVE('37:170',#4563,#4570,#4582,.T.);
#3740=FILL_AREA_STYLE('',(#4583));
#3741=FILL_AREA_STYLE('',(#4584));
#3742=EDGE_CURVE('37:191',#4585,#4545,#4586,.T.);
#3743=EDGE_CURVE('37:122',#4578,#4585,#4587,.T.);
#3744=FILL_AREA_STYLE('',(#4588));
#3745=EDGE_CURVE('37:182',#4589,#4585,#4590,.F.);
#3746=EDGE_CURVE('37:125',#4576,#4589,#4591,.T.);
#3747=FILL_AREA_STYLE('',(#4592));
#3748=EDGE_CURVE('37:185',#4546,#4589,#4593,.T.);
#3749=FILL_AREA_STYLE('',(#4594));
#3750=EDGE_CURVE('37:311',#4595,#4596,#4597,.T.);
#3751=EDGE_CURVE('37:308',#4598,#4595,#4599,.T.);
#3752=EDGE_CURVE('37:305',#4600,#4598,#4601,.T.);
#3753=EDGE_CURVE('37:302',#4602,#4600,#4603,.T.);
#3754=EDGE_CURVE('37:299',#4604,#4602,#4605,.T.);
#3755=EDGE_CURVE('37:296',#4606,#4604,#4607,.T.);
#3756=EDGE_CURVE('37:293',#4608,#4606,#4609,.T.);
#3757=EDGE_CURVE('37:290',#4610,#4608,#4611,.T.);
#3758=EDGE_CURVE('37:287',#4612,#4610,#4613,.T.);
#3759=EDGE_CURVE('37:284',#4614,#4612,#4615,.T.);
#3760=EDGE_CURVE('37:281',#4616,#4614,#4617,.T.);
#3761=EDGE_CURVE('37:278',#4618,#4616,#4619,.T.);
#3762=EDGE_CURVE('37:275',#4620,#4618,#4621,.T.);
#3763=EDGE_CURVE('37:272',#4620,#4622,#4623,.T.);
#3764=EDGE_CURVE('37:269',#4624,#4622,#4625,.T.);
#3765=EDGE_CURVE('37:266',#4534,#4624,#4626,.T.);
#3766=EDGE_CURVE('37:254',#4596,#4528,#4627,.T.);
#3767=FILL_AREA_STYLE('',(#4628));
#3768=EDGE_CURVE('37:251',#4629,#4630,#4631,.T.);
#3769=EDGE_CURVE('37:194',#4630,#4529,#4632,.T.);
#3770=EDGE_CURVE('37:206',#4536,#4633,#4634,.T.);
#3771=EDGE_CURVE('37:209',#4633,#4635,#4636,.T.);
#3772=EDGE_CURVE('37:212',#4637,#4635,#4638,.T.);
#3773=EDGE_CURVE('37:215',#4637,#4639,#4640,.T.);
#3774=EDGE_CURVE('37:218',#4639,#4641,#4642,.T.);
#3775=EDGE_CURVE('37:221',#4641,#4643,#4644,.T.);
#3776=EDGE_CURVE('37:224',#4643,#4645,#4646,.T.);
#3777=EDGE_CURVE('37:227',#4645,#4647,#4648,.T.);
#3778=EDGE_CURVE('37:230',#4647,#4649,#4650,.T.);
#3779=EDGE_CURVE('37:233',#4649,#4651,#4652,.T.);
#3780=EDGE_CURVE('37:236',#4651,#4653,#4654,.T.);
#3781=EDGE_CURVE('37:239',#4653,#4655,#4656,.T.);
#3782=EDGE_CURVE('37:242',#4655,#4657,#4658,.T.);
#3783=EDGE_CURVE('37:245',#4657,#4659,#4660,.T.);
#3784=EDGE_CURVE('37:248',#4659,#4629,#4661,.T.);
#3785=FILL_AREA_STYLE('',(#4662));
#3786=EDGE_CURVE('37:368',#4595,#4629,#4663,.T.);
#3787=EDGE_CURVE('37:371',#4596,#4630,#4664,.T.);
#3788=FILL_AREA_STYLE('',(#4665));
#3789=EDGE_CURVE('37:365',#4598,#4659,#4666,.T.);
#3790=FILL_AREA_STYLE('',(#4667));
#3791=EDGE_CURVE('37:362',#4600,#4657,#4668,.T.);
#3792=FILL_AREA_STYLE('',(#4669));
#3793=EDGE_CURVE('37:359',#4602,#4655,#4670,.T.);
#3794=FILL_AREA_STYLE('',(#4671));
#3795=EDGE_CURVE('37:356',#4604,#4653,#4672,.T.);
#3796=FILL_AREA_STYLE('',(#4673));
#3797=EDGE_CURVE('37:353',#4606,#4651,#4674,.T.);
#3798=FILL_AREA_STYLE('',(#4675));
#3799=EDGE_CURVE('37:350',#4608,#4649,#4676,.T.);
#3800=FILL_AREA_STYLE('',(#4677));
#3801=EDGE_CURVE('37:347',#4610,#4647,#4678,.T.);
#3802=FILL_AREA_STYLE('',(#4679));
#3803=EDGE_CURVE('37:344',#4612,#4645,#4680,.T.);
#3804=FILL_AREA_STYLE('',(#4681));
#3805=EDGE_CURVE('37:341',#4614,#4643,#4682,.T.);
#3806=FILL_AREA_STYLE('',(#4683));
#3807=EDGE_CURVE('37:338',#4616,#4641,#4684,.T.);
#3808=FILL_AREA_STYLE('',(#4685));
#3809=EDGE_CURVE('37:335',#4618,#4639,#4686,.T.);
#3810=FILL_AREA_STYLE('',(#4687));
#3811=EDGE_CURVE('37:332',#4620,#4637,#4688,.T.);
#3812=FILL_AREA_STYLE('',(#4689));
#3813=EDGE_CURVE('37:329',#4622,#4635,#4690,.T.);
#3814=FILL_AREA_STYLE('',(#4691));
#3815=EDGE_CURVE('37:326',#4624,#4633,#4692,.T.);
#3816=FILL_AREA_STYLE('',(#4693));
#3817=FILL_AREA_STYLE('',(#4694));
#3818=FILL_AREA_STYLE('',(#4695));
#3819=FILL_AREA_STYLE_COLOUR('',#4696);
#3820=VERTEX_POINT('',#4697);
#3821=CIRCLE('',#4698,0.0011);
#3822=VERTEX_POINT('',#4699);
#3823=CIRCLE('',#4700,0.001575);
#3824=FILL_AREA_STYLE_COLOUR('',#4701);
#3825=VERTEX_POINT('',#4702);
#3826=CIRCLE('',#4703,0.001575);
#3827=FILL_AREA_STYLE_COLOUR('',#4704);
#3828=VERTEX_POINT('',#4705);
#3829=CIRCLE('',#4706,0.001575);
#3830=VERTEX_POINT('',#4707);
#3831=CIRCLE('',#4708,0.001575);
#3832=FILL_AREA_STYLE_COLOUR('',#4709);
#3833=VERTEX_POINT('',#4710);
#3834=CIRCLE('',#4711,0.0011);
#3835=FILL_AREA_STYLE_COLOUR('',#4712);
#3836=VERTEX_POINT('',#4713);
#3837=CIRCLE('',#4714,0.0004);
#3838=VERTEX_POINT('',#4715);
#3839=CIRCLE('',#4716,0.001);
#3840=FILL_AREA_STYLE_COLOUR('',#4717);
#3841=VERTEX_POINT('',#4718);
#3842=CIRCLE('',#4719,0.001);
#3843=FILL_AREA_STYLE_COLOUR('',#4720);
#3844=VERTEX_POINT('',#4721);
#3845=CIRCLE('',#4722,0.000449999999999999);
#3846=VERTEX_POINT('',#4723);
#3847=CIRCLE('',#4724,0.0011);
#3848=FILL_AREA_STYLE_COLOUR('',#4725);
#3849=FILL_AREA_STYLE_COLOUR('',#4726);
#3850=VERTEX_POINT('',#4727);
#3851=CIRCLE('',#4728,0.000449999999999999);
#3852=VERTEX_POINT('',#4729);
#3853=CIRCLE('',#4730,0.0011);
#3854=FILL_AREA_STYLE_COLOUR('',#4731);
#3855=FILL_AREA_STYLE_COLOUR('',#4732);
#3856=VERTEX_POINT('',#4733);
#3857=CIRCLE('',#4734,0.0004);
#3858=FILL_AREA_STYLE_COLOUR('',#4735);
#3859=VERTEX_POINT('',#4736);
#3860=CIRCLE('',#4737,0.0128);
#3861=VERTEX_POINT('',#4738);
#3862=CIRCLE('',#4739,0.01455);
#3863=FILL_AREA_STYLE_COLOUR('',#4740);
#3864=VERTEX_POINT('',#4741);
#3865=CIRCLE('',#4742,0.01455);
#3866=FILL_AREA_STYLE_COLOUR('',#4743);
#3867=VERTEX_POINT('',#4744);
#3868=CIRCLE('',#4745,0.0128);
#3869=FILL_AREA_STYLE_COLOUR('',#4746);
#3870=VERTEX_POINT('',#4747);
#3871=VERTEX_POINT('',#4748);
#3872=LINE('',#4749,#4750);
#3873=VERTEX_POINT('',#4751);
#3874=LINE('',#4752,#4753);
#3875=VERTEX_POINT('',#4754);
#3876=LINE('',#4755,#4756);
#3877=VERTEX_POINT('',#4757);
#3878=LINE('',#4758,#4759);
#3879=VERTEX_POINT('',#4760);
#3880=LINE('',#4761,#4762);
#3881=LINE('',#4763,#4764);
#3882=FILL_AREA_STYLE_COLOUR('',#4765);
#3883=VERTEX_POINT('',#4766);
#3884=VERTEX_POINT('',#4767);
#3885=LINE('',#4768,#4769);
#3886=VERTEX_POINT('',#4770);
#3887=LINE('',#4771,#4772);
#3888=VERTEX_POINT('',#4773);
#3889=LINE('',#4774,#4775);
#3890=VERTEX_POINT('',#4776);
#3891=LINE('',#4777,#4778);
#3892=VERTEX_POINT('',#4779);
#3893=LINE('',#4780,#4781);
#3894=LINE('',#4782,#4783);
#3895=FILL_AREA_STYLE_COLOUR('',#4784);
#3896=VERTEX_POINT('',#4785);
#3897=VERTEX_POINT('',#4786);
#3898=LINE('',#4787,#4788);
#3899=VERTEX_POINT('',#4789);
#3900=LINE('',#4790,#4791);
#3901=VERTEX_POINT('',#4792);
#3902=LINE('',#4793,#4794);
#3903=VERTEX_POINT('',#4795);
#3904=LINE('',#4796,#4797);
#3905=VERTEX_POINT('',#4798);
#3906=LINE('',#4799,#4800);
#3907=LINE('',#4801,#4802);
#3908=FILL_AREA_STYLE_COLOUR('',#4803);
#3909=VERTEX_POINT('',#4804);
#3910=VERTEX_POINT('',#4805);
#3911=LINE('',#4806,#4807);
#3912=VERTEX_POINT('',#4808);
#3913=LINE('',#4809,#4810);
#3914=VERTEX_POINT('',#4811);
#3915=LINE('',#4812,#4813);
#3916=VERTEX_POINT('',#4814);
#3917=LINE('',#4815,#4816);
#3918=VERTEX_POINT('',#4817);
#3919=LINE('',#4818,#4819);
#3920=LINE('',#4820,#4821);
#3921=FILL_AREA_STYLE_COLOUR('',#4822);
#3922=VERTEX_POINT('',#4823);
#3923=VERTEX_POINT('',#4824);
#3924=LINE('',#4825,#4826);
#3925=VERTEX_POINT('',#4827);
#3926=LINE('',#4828,#4829);
#3927=VERTEX_POINT('',#4830);
#3928=LINE('',#4831,#4832);
#3929=VERTEX_POINT('',#4833);
#3930=LINE('',#4834,#4835);
#3931=VERTEX_POINT('',#4836);
#3932=LINE('',#4837,#4838);
#3933=VERTEX_POINT('',#4839);
#3934=LINE('',#4840,#4841);
#3935=VERTEX_POINT('',#4842);
#3936=LINE('',#4843,#4844);
#3937=LINE('',#4845,#4846);
#3938=FILL_AREA_STYLE_COLOUR('',#4847);
#3939=VERTEX_POINT('',#4848);
#3940=VERTEX_POINT('',#4849);
#3941=LINE('',#4850,#4851);
#3942=VERTEX_POINT('',#4852);
#3943=LINE('',#4853,#4854);
#3944=VERTEX_POINT('',#4855);
#3945=LINE('',#4856,#4857);
#3946=LINE('',#4858,#4859);
#3947=FILL_AREA_STYLE_COLOUR('',#4860);
#3948=VERTEX_POINT('',#4861);
#3949=LINE('',#4862,#4863);
#3950=VERTEX_POINT('',#4864);
#3951=LINE('',#4865,#4866);
#3952=VERTEX_POINT('',#4867);
#3953=LINE('',#4868,#4869);
#3954=LINE('',#4870,#4871);
#3955=FILL_AREA_STYLE_COLOUR('',#4872);
#3956=VERTEX_POINT('',#4873);
#3957=VERTEX_POINT('',#4874);
#3958=LINE('',#4875,#4876);
#3959=LINE('',#4877,#4878);
#3960=LINE('',#4879,#4880);
#3961=FILL_AREA_STYLE_COLOUR('',#4881);
#3962=VERTEX_POINT('',#4882);
#3963=VERTEX_POINT('',#4883);
#3964=LINE('',#4884,#4885);
#3965=VERTEX_POINT('',#4886);
#3966=LINE('',#4887,#4888);
#3967=VERTEX_POINT('',#4889);
#3968=CIRCLE('',#4890,0.0011);
#3969=LINE('',#4891,#4892);
#3970=VERTEX_POINT('',#4893);
#3971=CIRCLE('',#4894,0.0005);
#3972=FILL_AREA_STYLE_COLOUR('',#4895);
#3973=VERTEX_POINT('',#4896);
#3974=VERTEX_POINT('',#4897);
#3975=LINE('',#4898,#4899);
#3976=VERTEX_POINT('',#4900);
#3977=LINE('',#4901,#4902);
#3978=VERTEX_POINT('',#4903);
#3979=LINE('',#4904,#4905);
#3980=LINE('',#4906,#4907);
#3981=FILL_AREA_STYLE_COLOUR('',#4908);
#3982=VERTEX_POINT('',#4909);
#3983=VERTEX_POINT('',#4910);
#3984=LINE('',#4911,#4912);
#3985=LINE('',#4913,#4914);
#3986=LINE('',#4915,#4916);
#3987=FILL_AREA_STYLE_COLOUR('',#4917);
#3988=VERTEX_POINT('',#4918);
#3989=VERTEX_POINT('',#4919);
#3990=LINE('',#4920,#4921);
#3991=VERTEX_POINT('',#4922);
#3992=LINE('',#4923,#4924);
#3993=VERTEX_POINT('',#4925);
#3994=LINE('',#4926,#4927);
#3995=LINE('',#4928,#4929);
#3996=FILL_AREA_STYLE_COLOUR('',#4930);
#3997=VERTEX_POINT('',#4931);
#3998=VERTEX_POINT('',#4932);
#3999=LINE('',#4933,#4934);
#4000=VERTEX_POINT('',#4935);
#4001=LINE('',#4936,#4937);
#4002=VERTEX_POINT('',#4938);
#4003=LINE('',#4939,#4940);
#4004=VERTEX_POINT('',#4941);
#4005=LINE('',#4942,#4943);
#4006=VERTEX_POINT('',#4944);
#4007=LINE('',#4945,#4946);
#4008=LINE('',#4947,#4948);
#4009=FILL_AREA_STYLE_COLOUR('',#4949);
#4010=VERTEX_POINT('',#4950);
#4011=VERTEX_POINT('',#4951);
#4012=LINE('',#4952,#4953);
#4013=LINE('',#4954,#4955);
#4014=LINE('',#4956,#4957);
#4015=FILL_AREA_STYLE_COLOUR('',#4958);
#4016=VERTEX_POINT('',#4959);
#4017=CIRCLE('',#4960,0.001);
#4018=FILL_AREA_STYLE_COLOUR('',#4961);
#4019=VERTEX_POINT('',#4962);
#4020=LINE('',#4963,#4964);
#4021=VERTEX_POINT('',#4965);
#4022=LINE('',#4966,#4967);
#4023=VERTEX_POINT('',#4968);
#4024=LINE('',#4969,#4970);
#4025=VERTEX_POINT('',#4971);
#4026=LINE('',#4972,#4973);
#4027=VERTEX_POINT('',#4974);
#4028=LINE('',#4975,#4976);
#4029=VERTEX_POINT('',#4977);
#4030=LINE('',#4978,#4979);
#4031=VERTEX_POINT('',#4980);
#4032=LINE('',#4981,#4982);
#4033=VERTEX_POINT('',#4983);
#4034=LINE('',#4984,#4985);
#4035=VERTEX_POINT('',#4986);
#4036=LINE('',#4987,#4988);
#4037=VERTEX_POINT('',#4989);
#4038=LINE('',#4990,#4991);
#4039=VERTEX_POINT('',#4992);
#4040=LINE('',#4993,#4994);
#4041=VERTEX_POINT('',#4995);
#4042=LINE('',#4996,#4997);
#4043=VERTEX_POINT('',#4998);
#4044=LINE('',#4999,#5000);
#4045=VERTEX_POINT('',#5001);
#4046=LINE('',#5002,#5003);
#4047=VERTEX_POINT('',#5004);
#4048=LINE('',#5005,#5006);
#4049=VERTEX_POINT('',#5007);
#4050=LINE('',#5008,#5009);
#4051=VERTEX_POINT('',#5010);
#4052=CIRCLE('',#5011,0.0011);
#4053=VERTEX_POINT('',#5012);
#4054=LINE('',#5013,#5014);
#4055=LINE('',#5015,#5016);
#4056=VERTEX_POINT('',#5017);
#4057=CIRCLE('',#5018,0.0005);
#4058=FILL_AREA_STYLE_COLOUR('',#5019);
#4059=VERTEX_POINT('',#5020);
#4060=VERTEX_POINT('',#5021);
#4061=LINE('',#5022,#5023);
#4062=VERTEX_POINT('',#5024);
#4063=LINE('',#5025,#5026);
#4064=VERTEX_POINT('',#5027);
#4065=LINE('',#5028,#5029);
#4066=VERTEX_POINT('',#5030);
#4067=LINE('',#5031,#5032);
#4068=VERTEX_POINT('',#5033);
#4069=LINE('',#5034,#5035);
#4070=LINE('',#5036,#5037);
#4071=LINE('',#5038,#5039);
#4072=FILL_AREA_STYLE_COLOUR('',#5040);
#4073=VERTEX_POINT('',#5041);
#4074=VERTEX_POINT('',#5042);
#4075=LINE('',#5043,#5044);
#4076=VERTEX_POINT('',#5045);
#4077=LINE('',#5046,#5047);
#4078=VERTEX_POINT('',#5048);
#4079=LINE('',#5049,#5050);
#4080=VERTEX_POINT('',#5051);
#4081=LINE('',#5052,#5053);
#4082=VERTEX_POINT('',#5054);
#4083=LINE('',#5055,#5056);
#4084=VERTEX_POINT('',#5057);
#4085=LINE('',#5058,#5059);
#4086=VERTEX_POINT('',#5060);
#4087=LINE('',#5061,#5062);
#4088=VERTEX_POINT('',#5063);
#4089=LINE('',#5064,#5065);
#4090=VERTEX_POINT('',#5066);
#4091=LINE('',#5067,#5068);
#4092=VERTEX_POINT('',#5069);
#4093=LINE('',#5070,#5071);
#4094=VERTEX_POINT('',#5072);
#4095=LINE('',#5073,#5074);
#4096=VERTEX_POINT('',#5075);
#4097=LINE('',#5076,#5077);
#4098=VERTEX_POINT('',#5078);
#4099=LINE('',#5079,#5080);
#4100=LINE('',#5081,#5082);
#4101=FILL_AREA_STYLE_COLOUR('',#5083);
#4102=VERTEX_POINT('',#5084);
#4103=VERTEX_POINT('',#5085);
#4104=LINE('',#5086,#5087);
#4105=VERTEX_POINT('',#5088);
#4106=LINE('',#5089,#5090);
#4107=VERTEX_POINT('',#5091);
#4108=LINE('',#5092,#5093);
#4109=LINE('',#5094,#5095);
#4110=FILL_AREA_STYLE_COLOUR('',#5096);
#4111=VERTEX_POINT('',#5097);
#4112=VERTEX_POINT('',#5098);
#4113=LINE('',#5099,#5100);
#4114=VERTEX_POINT('',#5101);
#4115=LINE('',#5102,#5103);
#4116=VERTEX_POINT('',#5104);
#4117=LINE('',#5105,#5106);
#4118=LINE('',#5107,#5108);
#4119=FILL_AREA_STYLE_COLOUR('',#5109);
#4120=VERTEX_POINT('',#5110);
#4121=LINE('',#5111,#5112);
#4122=VERTEX_POINT('',#5113);
#4123=LINE('',#5114,#5115);
#4124=VERTEX_POINT('',#5116);
#4125=LINE('',#5117,#5118);
#4126=VERTEX_POINT('',#5119);
#4127=LINE('',#5120,#5121);
#4128=VERTEX_POINT('',#5122);
#4129=LINE('',#5123,#5124);
#4130=VERTEX_POINT('',#5125);
#4131=LINE('',#5126,#5127);
#4132=VERTEX_POINT('',#5128);
#4133=LINE('',#5129,#5130);
#4134=VERTEX_POINT('',#5131);
#4135=LINE('',#5132,#5133);
#4136=LINE('',#5134,#5135);
#4137=VERTEX_POINT('',#5136);
#4138=LINE('',#5137,#5138);
#4139=VERTEX_POINT('',#5139);
#4140=LINE('',#5140,#5141);
#4141=LINE('',#5142,#5143);
#4142=VERTEX_POINT('',#5144);
#4143=LINE('',#5145,#5146);
#4144=VERTEX_POINT('',#5147);
#4145=LINE('',#5148,#5149);
#4146=VERTEX_POINT('',#5150);
#4147=LINE('',#5151,#5152);
#4148=VERTEX_POINT('',#5153);
#4149=LINE('',#5154,#5155);
#4150=VERTEX_POINT('',#5156);
#4151=LINE('',#5157,#5158);
#4152=LINE('',#5159,#5160);
#4153=VERTEX_POINT('',#5161);
#4154=CIRCLE('',#5162,0.0005);
#4155=FILL_AREA_STYLE_COLOUR('',#5163);
#4156=VERTEX_POINT('',#5164);
#4157=VERTEX_POINT('',#5165);
#4158=LINE('',#5166,#5167);
#4159=VERTEX_POINT('',#5168);
#4160=LINE('',#5169,#5170);
#4161=VERTEX_POINT('',#5171);
#4162=LINE('',#5172,#5173);
#4163=VERTEX_POINT('',#5174);
#4164=LINE('',#5175,#5176);
#4165=VERTEX_POINT('',#5177);
#4166=LINE('',#5178,#5179);
#4167=VERTEX_POINT('',#5180);
#4168=LINE('',#5181,#5182);
#4169=VERTEX_POINT('',#5183);
#4170=LINE('',#5184,#5185);
#4171=VERTEX_POINT('',#5186);
#4172=LINE('',#5187,#5188);
#4173=VERTEX_POINT('',#5189);
#4174=LINE('',#5190,#5191);
#4175=VERTEX_POINT('',#5192);
#4176=LINE('',#5193,#5194);
#4177=VERTEX_POINT('',#5195);
#4178=LINE('',#5196,#5197);
#4179=VERTEX_POINT('',#5198);
#4180=LINE('',#5199,#5200);
#4181=VERTEX_POINT('',#5201);
#4182=LINE('',#5202,#5203);
#4183=VERTEX_POINT('',#5204);
#4184=LINE('',#5205,#5206);
#4185=VERTEX_POINT('',#5207);
#4186=LINE('',#5208,#5209);
#4187=VERTEX_POINT('',#5210);
#4188=LINE('',#5211,#5212);
#4189=VERTEX_POINT('',#5213);
#4190=LINE('',#5214,#5215);
#4191=VERTEX_POINT('',#5216);
#4192=LINE('',#5217,#5218);
#4193=VERTEX_POINT('',#5219);
#4194=LINE('',#5220,#5221);
#4195=VERTEX_POINT('',#5222);
#4196=LINE('',#5223,#5224);
#4197=VERTEX_POINT('',#5225);
#4198=LINE('',#5226,#5227);
#4199=VERTEX_POINT('',#5228);
#4200=LINE('',#5229,#5230);
#4201=VERTEX_POINT('',#5231);
#4202=LINE('',#5232,#5233);
#4203=VERTEX_POINT('',#5234);
#4204=LINE('',#5235,#5236);
#4205=VERTEX_POINT('',#5237);
#4206=LINE('',#5238,#5239);
#4207=VERTEX_POINT('',#5240);
#4208=LINE('',#5241,#5242);
#4209=VERTEX_POINT('',#5243);
#4210=LINE('',#5244,#5245);
#4211=VERTEX_POINT('',#5246);
#4212=LINE('',#5247,#5248);
#4213=VERTEX_POINT('',#5249);
#4214=LINE('',#5250,#5251);
#4215=VERTEX_POINT('',#5252);
#4216=LINE('',#5253,#5254);
#4217=VERTEX_POINT('',#5255);
#4218=LINE('',#5256,#5257);
#4219=VERTEX_POINT('',#5258);
#4220=LINE('',#5259,#5260);
#4221=VERTEX_POINT('',#5261);
#4222=LINE('',#5262,#5263);
#4223=VERTEX_POINT('',#5264);
#4224=LINE('',#5265,#5266);
#4225=VERTEX_POINT('',#5267);
#4226=LINE('',#5268,#5269);
#4227=VERTEX_POINT('',#5270);
#4228=LINE('',#5271,#5272);
#4229=VERTEX_POINT('',#5273);
#4230=LINE('',#5274,#5275);
#4231=VERTEX_POINT('',#5276);
#4232=LINE('',#5277,#5278);
#4233=VERTEX_POINT('',#5279);
#4234=LINE('',#5280,#5281);
#4235=VERTEX_POINT('',#5282);
#4236=LINE('',#5283,#5284);
#4237=VERTEX_POINT('',#5285);
#4238=LINE('',#5286,#5287);
#4239=VERTEX_POINT('',#5288);
#4240=LINE('',#5289,#5290);
#4241=LINE('',#5291,#5292);
#4242=FILL_AREA_STYLE_COLOUR('',#5293);
#4243=VERTEX_POINT('',#5294);
#4244=CIRCLE('',#5295,0.001);
#4245=FILL_AREA_STYLE_COLOUR('',#5296);
#4246=VERTEX_POINT('',#5297);
#4247=VERTEX_POINT('',#5298);
#4248=LINE('',#5299,#5300);
#4249=LINE('',#5301,#5302);
#4250=LINE('',#5303,#5304);
#4251=LINE('',#5305,#5306);
#4252=FILL_AREA_STYLE_COLOUR('',#5307);
#4253=VERTEX_POINT('',#5308);
#4254=CIRCLE('',#5309,0.0005);
#4255=FILL_AREA_STYLE_COLOUR('',#5310);
#4256=FILL_AREA_STYLE_COLOUR('',#5311);
#4257=LINE('',#5312,#5313);
#4258=LINE('',#5314,#5315);
#4259=FILL_AREA_STYLE_COLOUR('',#5316);
#4260=LINE('',#5317,#5318);
#4261=LINE('',#5319,#5320);
#4262=FILL_AREA_STYLE_COLOUR('',#5321);
#4263=VERTEX_POINT('',#5322);
#4264=LINE('',#5323,#5324);
#4265=VERTEX_POINT('',#5325);
#4266=LINE('',#5326,#5327);
#4267=LINE('',#5328,#5329);
#4268=FILL_AREA_STYLE_COLOUR('',#5330);
#4269=LINE('',#5331,#5332);
#4270=VERTEX_POINT('',#5333);
#4271=LINE('',#5334,#5335);
#4272=LINE('',#5336,#5337);
#4273=FILL_AREA_STYLE_COLOUR('',#5338);
#4274=VERTEX_POINT('',#5339);
#4275=VERTEX_POINT('',#5340);
#4276=LINE('',#5341,#5342);
#4277=VERTEX_POINT('',#5343);
#4278=LINE('',#5344,#5345);
#4279=VERTEX_POINT('',#5346);
#4280=LINE('',#5347,#5348);
#4281=LINE('',#5349,#5350);
#4282=FILL_AREA_STYLE_COLOUR('',#5351);
#4283=VERTEX_POINT('',#5352);
#4284=LINE('',#5353,#5354);
#4285=LINE('',#5355,#5356);
#4286=FILL_AREA_STYLE_COLOUR('',#5357);
#4287=LINE('',#5358,#5359);
#4288=LINE('',#5360,#5361);
#4289=FILL_AREA_STYLE_COLOUR('',#5362);
#4290=VERTEX_POINT('',#5363);
#4291=LINE('',#5364,#5365);
#4292=VERTEX_POINT('',#5366);
#4293=LINE('',#5367,#5368);
#4294=LINE('',#5369,#5370);
#4295=FILL_AREA_STYLE_COLOUR('',#5371);
#4296=VERTEX_POINT('',#5372);
#4297=LINE('',#5373,#5374);
#4298=VERTEX_POINT('',#5375);
#4299=LINE('',#5376,#5377);
#4300=LINE('',#5378,#5379);
#4301=FILL_AREA_STYLE_COLOUR('',#5380);
#4302=LINE('',#5381,#5382);
#4303=LINE('',#5383,#5384);
#4304=FILL_AREA_STYLE_COLOUR('',#5385);
#4305=LINE('',#5386,#5387);
#4306=LINE('',#5388,#5389);
#4307=LINE('',#5390,#5391);
#4308=LINE('',#5392,#5393);
#4309=FILL_AREA_STYLE_COLOUR('',#5394);
#4310=LINE('',#5395,#5396);
#4311=LINE('',#5397,#5398);
#4312=FILL_AREA_STYLE_COLOUR('',#5399);
#4313=LINE('',#5400,#5401);
#4314=FILL_AREA_STYLE_COLOUR('',#5402);
#4315=LINE('',#5403,#5404);
#4316=LINE('',#5405,#5406);
#4317=LINE('',#5407,#5408);
#4318=LINE('',#5409,#5410);
#4319=FILL_AREA_STYLE_COLOUR('',#5411);
#4320=LINE('',#5412,#5413);
#4321=FILL_AREA_STYLE_COLOUR('',#5414);
#4322=LINE('',#5415,#5416);
#4323=FILL_AREA_STYLE_COLOUR('',#5417);
#4324=FILL_AREA_STYLE_COLOUR('',#5418);
#4325=FILL_AREA_STYLE_COLOUR('',#5419);
#4326=VERTEX_POINT('',#5420);
#4327=LINE('',#5421,#5422);
#4328=LINE('',#5423,#5424);
#4329=FILL_AREA_STYLE_COLOUR('',#5425);
#4330=LINE('',#5426,#5427);
#4331=FILL_AREA_STYLE_COLOUR('',#5428);
#4332=VERTEX_POINT('',#5429);
#4333=LINE('',#5430,#5431);
#4334=LINE('',#5432,#5433);
#4335=FILL_AREA_STYLE_COLOUR('',#5434);
#4336=VERTEX_POINT('',#5435);
#4337=LINE('',#5436,#5437);
#4338=LINE('',#5438,#5439);
#4339=FILL_AREA_STYLE_COLOUR('',#5440);
#4340=LINE('',#5441,#5442);
#4341=FILL_AREA_STYLE_COLOUR('',#5443);
#4342=LINE('',#5444,#5445);
#4343=LINE('',#5446,#5447);
#4344=LINE('',#5448,#5449);
#4345=FILL_AREA_STYLE_COLOUR('',#5450);
#4346=FILL_AREA_STYLE_COLOUR('',#5451);
#4347=LINE('',#5452,#5453);
#4348=LINE('',#5454,#5455);
#4349=FILL_AREA_STYLE_COLOUR('',#5456);
#4350=FILL_AREA_STYLE_COLOUR('',#5457);
#4351=FILL_AREA_STYLE_COLOUR('',#5458);
#4352=LINE('',#5459,#5460);
#4353=FILL_AREA_STYLE_COLOUR('',#5461);
#4354=VERTEX_POINT('',#5462);
#4355=LINE('',#5463,#5464);
#4356=LINE('',#5465,#5466);
#4357=FILL_AREA_STYLE_COLOUR('',#5467);
#4358=LINE('',#5468,#5469);
#4359=FILL_AREA_STYLE_COLOUR('',#5470);
#4360=LINE('',#5471,#5472);
#4361=LINE('',#5473,#5474);
#4362=FILL_AREA_STYLE_COLOUR('',#5475);
#4363=LINE('',#5476,#5477);
#4364=FILL_AREA_STYLE_COLOUR('',#5478);
#4365=FILL_AREA_STYLE_COLOUR('',#5479);
#4366=VERTEX_POINT('',#5480);
#4367=LINE('',#5481,#5482);
#4368=LINE('',#5483,#5484);
#4369=FILL_AREA_STYLE_COLOUR('',#5485);
#4370=VERTEX_POINT('',#5486);
#4371=LINE('',#5487,#5488);
#4372=LINE('',#5489,#5490);
#4373=FILL_AREA_STYLE_COLOUR('',#5491);
#4374=LINE('',#5492,#5493);
#4375=LINE('',#5494,#5495);
#4376=FILL_AREA_STYLE_COLOUR('',#5496);
#4377=FILL_AREA_STYLE_COLOUR('',#5497);
#4378=VERTEX_POINT('',#5498);
#4379=LINE('',#5499,#5500);
#4380=LINE('',#5501,#5502);
#4381=FILL_AREA_STYLE_COLOUR('',#5503);
#4382=VERTEX_POINT('',#5504);
#4383=LINE('',#5505,#5506);
#4384=LINE('',#5507,#5508);
#4385=FILL_AREA_STYLE_COLOUR('',#5509);
#4386=VERTEX_POINT('',#5510);
#4387=LINE('',#5511,#5512);
#4388=LINE('',#5513,#5514);
#4389=FILL_AREA_STYLE_COLOUR('',#5515);
#4390=VERTEX_POINT('',#5516);
#4391=LINE('',#5517,#5518);
#4392=VERTEX_POINT('',#5519);
#4393=LINE('',#5520,#5521);
#4394=LINE('',#5522,#5523);
#4395=FILL_AREA_STYLE_COLOUR('',#5524);
#4396=VERTEX_POINT('',#5525);
#4397=LINE('',#5526,#5527);
#4398=VERTEX_POINT('',#5528);
#4399=LINE('',#5529,#5530);
#4400=LINE('',#5531,#5532);
#4401=FILL_AREA_STYLE_COLOUR('',#5533);
#4402=LINE('',#5534,#5535);
#4403=FILL_AREA_STYLE_COLOUR('',#5536);
#4404=LINE('',#5537,#5538);
#4405=LINE('',#5539,#5540);
#4406=FILL_AREA_STYLE_COLOUR('',#5541);
#4407=LINE('',#5542,#5543);
#4408=LINE('',#5544,#5545);
#4409=VERTEX_POINT('',#5546);
#4410=LINE('',#5547,#5548);
#4411=LINE('',#5549,#5550);
#4412=FILL_AREA_STYLE_COLOUR('',#5551);
#4413=FILL_AREA_STYLE_COLOUR('',#5552);
#4414=VERTEX_POINT('',#5553);
#4415=LINE('',#5554,#5555);
#4416=LINE('',#5556,#5557);
#4417=FILL_AREA_STYLE_COLOUR('',#5558);
#4418=LINE('',#5559,#5560);
#4419=LINE('',#5561,#5562);
#4420=VERTEX_POINT('',#5563);
#4421=LINE('',#5564,#5565);
#4422=LINE('',#5566,#5567);
#4423=FILL_AREA_STYLE_COLOUR('',#5568);
#4424=LINE('',#5569,#5570);
#4425=LINE('',#5571,#5572);
#4426=FILL_AREA_STYLE_COLOUR('',#5573);
#4427=LINE('',#5574,#5575);
#4428=FILL_AREA_STYLE_COLOUR('',#5576);
#4429=LINE('',#5577,#5578);
#4430=FILL_AREA_STYLE_COLOUR('',#5579);
#4431=LINE('',#5580,#5581);
#4432=FILL_AREA_STYLE_COLOUR('',#5582);
#4433=LINE('',#5583,#5584);
#4434=FILL_AREA_STYLE_COLOUR('',#5585);
#4435=FILL_AREA_STYLE_COLOUR('',#5586);
#4436=LINE('',#5587,#5588);
#4437=LINE('',#5589,#5590);
#4438=FILL_AREA_STYLE_COLOUR('',#5591);
#4439=FILL_AREA_STYLE_COLOUR('',#5592);
#4440=LINE('',#5593,#5594);
#4441=FILL_AREA_STYLE_COLOUR('',#5595);
#4442=FILL_AREA_STYLE_COLOUR('',#5596);
#4443=LINE('',#5597,#5598);
#4444=FILL_AREA_STYLE_COLOUR('',#5599);
#4445=LINE('',#5600,#5601);
#4446=FILL_AREA_STYLE_COLOUR('',#5602);
#4447=LINE('',#5603,#5604);
#4448=LINE('',#5605,#5606);
#4449=LINE('',#5607,#5608);
#4450=FILL_AREA_STYLE_COLOUR('',#5609);
#4451=LINE('',#5610,#5611);
#4452=FILL_AREA_STYLE_COLOUR('',#5612);
#4453=FILL_AREA_STYLE_COLOUR('',#5613);
#4454=LINE('',#5614,#5615);
#4455=FILL_AREA_STYLE_COLOUR('',#5616);
#4456=FILL_AREA_STYLE_COLOUR('',#5617);
#4457=FILL_AREA_STYLE_COLOUR('',#5618);
#4458=LINE('',#5619,#5620);
#4459=LINE('',#5621,#5622);
#4460=FILL_AREA_STYLE_COLOUR('',#5623);
#4461=LINE('',#5624,#5625);
#4462=FILL_AREA_STYLE_COLOUR('',#5626);
#4463=FILL_AREA_STYLE_COLOUR('',#5627);
#4464=LINE('',#5628,#5629);
#4465=FILL_AREA_STYLE_COLOUR('',#5630);
#4466=FILL_AREA_STYLE_COLOUR('',#5631);
#4467=LINE('',#5632,#5633);
#4468=LINE('',#5634,#5635);
#4469=FILL_AREA_STYLE_COLOUR('',#5636);
#4470=FILL_AREA_STYLE_COLOUR('',#5637);
#4471=LINE('',#5638,#5639);
#4472=FILL_AREA_STYLE_COLOUR('',#5640);
#4473=LINE('',#5641,#5642);
#4474=FILL_AREA_STYLE_COLOUR('',#5643);
#4475=FILL_AREA_STYLE_COLOUR('',#5644);
#4476=LINE('',#5645,#5646);
#4477=LINE('',#5647,#5648);
#4478=FILL_AREA_STYLE_COLOUR('',#5649);
#4479=VERTEX_POINT('',#5650);
#4480=LINE('',#5651,#5652);
#4481=LINE('',#5653,#5654);
#4482=FILL_AREA_STYLE_COLOUR('',#5655);
#4483=LINE('',#5656,#5657);
#4484=FILL_AREA_STYLE_COLOUR('',#5658);
#4485=VERTEX_POINT('',#5659);
#4486=CIRCLE('',#5660,0.000449999999999999);
#4487=FILL_AREA_STYLE_COLOUR('',#5661);
#4488=VERTEX_POINT('',#5662);
#4489=CIRCLE('',#5663,0.000449999999999999);
#4490=FILL_AREA_STYLE_COLOUR('',#5664);
#4491=LINE('',#5665,#5666);
#4492=FILL_AREA_STYLE_COLOUR('',#5667);
#4493=LINE('',#5668,#5669);
#4494=FILL_AREA_STYLE_COLOUR('',#5670);
#4495=LINE('',#5671,#5672);
#4496=FILL_AREA_STYLE_COLOUR('',#5673);
#4497=FILL_AREA_STYLE_COLOUR('',#5674);
#4498=FILL_AREA_STYLE_COLOUR('',#5675);
#4499=LINE('',#5676,#5677);
#4500=FILL_AREA_STYLE_COLOUR('',#5678);
#4501=FILL_AREA_STYLE_COLOUR('',#5679);
#4502=FILL_AREA_STYLE_COLOUR('',#5680);
#4503=FILL_AREA_STYLE_COLOUR('',#5681);
#4504=FILL_AREA_STYLE_COLOUR('',#5682);
#4505=VERTEX_POINT('',#5683);
#4506=CIRCLE('',#5684,0.0004);
#4507=FILL_AREA_STYLE_COLOUR('',#5685);
#4508=VERTEX_POINT('',#5686);
#4509=CIRCLE('',#5687,0.0011);
#4510=VERTEX_POINT('',#5688);
#4511=CIRCLE('',#5689,0.000449999999999999);
#4512=FILL_AREA_STYLE_COLOUR('',#5690);
#4513=VERTEX_POINT('',#5691);
#4514=CIRCLE('',#5692,0.0011);
#4515=VERTEX_POINT('',#5693);
#4516=CIRCLE('',#5694,0.000449999999999999);
#4517=FILL_AREA_STYLE_COLOUR('',#5695);
#4518=FILL_AREA_STYLE_COLOUR('',#5696);
#4519=VERTEX_POINT('',#5697);
#4520=VERTEX_POINT('',#5698);
#4521=LINE('',#5699,#5700);
#4522=VERTEX_POINT('',#5701);
#4523=LINE('',#5702,#5703);
#4524=VERTEX_POINT('',#5704);
#4525=LINE('',#5705,#5706);
#4526=LINE('',#5707,#5708);
#4527=FILL_AREA_STYLE_COLOUR('',#5709);
#4528=VERTEX_POINT('',#5710);
#4529=VERTEX_POINT('',#5711);
#4530=LINE('',#5712,#5713);
#4531=LINE('',#5714,#5715);
#4532=LINE('',#5716,#5717);
#4533=FILL_AREA_STYLE_COLOUR('',#5718);
#4534=VERTEX_POINT('',#5719);
#4535=LINE('',#5720,#5721);
#4536=VERTEX_POINT('',#5722);
#4537=LINE('',#5723,#5724);
#4538=LINE('',#5725,#5726);
#4539=FILL_AREA_STYLE_COLOUR('',#5727);
#4540=VERTEX_POINT('',#5728);
#4541=CIRCLE('',#5729,0.0012);
#4542=VERTEX_POINT('',#5730);
#4543=CIRCLE('',#5731,0.0012);
#4544=FILL_AREA_STYLE_COLOUR('',#5732);
#4545=VERTEX_POINT('',#5733);
#4546=VERTEX_POINT('',#5734);
#4547=LINE('',#5735,#5736);
#4548=VERTEX_POINT('',#5737);
#4549=LINE('',#5738,#5739);
#4550=VERTEX_POINT('',#5740);
#4551=LINE('',#5741,#5742);
#4552=LINE('',#5743,#5744);
#4553=FILL_AREA_STYLE_COLOUR('',#5745);
#4554=VERTEX_POINT('',#5746);
#4555=VERTEX_POINT('',#5747);
#4556=LINE('',#5748,#5749);
#4557=VERTEX_POINT('',#5750);
#4558=LINE('',#5751,#5752);
#4559=VERTEX_POINT('',#5753);
#4560=LINE('',#5754,#5755);
#4561=LINE('',#5756,#5757);
#4562=FILL_AREA_STYLE_COLOUR('',#5758);
#4563=VERTEX_POINT('',#5759);
#4564=LINE('',#5760,#5761);
#4565=VERTEX_POINT('',#5762);
#4566=LINE('',#5763,#5764);
#4567=LINE('',#5765,#5766);
#4568=FILL_AREA_STYLE_COLOUR('',#5767);
#4569=VERTEX_POINT('',#5768);
#4570=VERTEX_POINT('',#5769);
#4571=LINE('',#5770,#5771);
#4572=LINE('',#5772,#5773);
#4573=LINE('',#5774,#5775);
#4574=FILL_AREA_STYLE_COLOUR('',#5776);
#4575=LINE('',#5777,#5778);
#4576=VERTEX_POINT('',#5779);
#4577=LINE('',#5780,#5781);
#4578=VERTEX_POINT('',#5782);
#4579=LINE('',#5783,#5784);
#4580=LINE('',#5785,#5786);
#4581=FILL_AREA_STYLE_COLOUR('',#5787);
#4582=LINE('',#5788,#5789);
#4583=FILL_AREA_STYLE_COLOUR('',#5790);
#4584=FILL_AREA_STYLE_COLOUR('',#5791);
#4585=VERTEX_POINT('',#5792);
#4586=LINE('',#5793,#5794);
#4587=LINE('',#5795,#5796);
#4588=FILL_AREA_STYLE_COLOUR('',#5797);
#4589=VERTEX_POINT('',#5798);
#4590=LINE('',#5799,#5800);
#4591=LINE('',#5801,#5802);
#4592=FILL_AREA_STYLE_COLOUR('',#5803);
#4593=LINE('',#5804,#5805);
#4594=FILL_AREA_STYLE_COLOUR('',#5806);
#4595=VERTEX_POINT('',#5807);
#4596=VERTEX_POINT('',#5808);
#4597=LINE('',#5809,#5810);
#4598=VERTEX_POINT('',#5811);
#4599=LINE('',#5812,#5813);
#4600=VERTEX_POINT('',#5814);
#4601=LINE('',#5815,#5816);
#4602=VERTEX_POINT('',#5817);
#4603=LINE('',#5818,#5819);
#4604=VERTEX_POINT('',#5820);
#4605=LINE('',#5821,#5822);
#4606=VERTEX_POINT('',#5823);
#4607=LINE('',#5824,#5825);
#4608=VERTEX_POINT('',#5826);
#4609=LINE('',#5827,#5828);
#4610=VERTEX_POINT('',#5829);
#4611=LINE('',#5830,#5831);
#4612=VERTEX_POINT('',#5832);
#4613=LINE('',#5833,#5834);
#4614=VERTEX_POINT('',#5835);
#4615=LINE('',#5836,#5837);
#4616=VERTEX_POINT('',#5838);
#4617=LINE('',#5839,#5840);
#4618=VERTEX_POINT('',#5841);
#4619=LINE('',#5842,#5843);
#4620=VERTEX_POINT('',#5844);
#4621=LINE('',#5845,#5846);
#4622=VERTEX_POINT('',#5847);
#4623=LINE('',#5848,#5849);
#4624=VERTEX_POINT('',#5850);
#4625=LINE('',#5851,#5852);
#4626=LINE('',#5853,#5854);
#4627=LINE('',#5855,#5856);
#4628=FILL_AREA_STYLE_COLOUR('',#5857);
#4629=VERTEX_POINT('',#5858);
#4630=VERTEX_POINT('',#5859);
#4631=LINE('',#5860,#5861);
#4632=LINE('',#5862,#5863);
#4633=VERTEX_POINT('',#5864);
#4634=LINE('',#5865,#5866);
#4635=VERTEX_POINT('',#5867);
#4636=LINE('',#5868,#5869);
#4637=VERTEX_POINT('',#5870);
#4638=LINE('',#5871,#5872);
#4639=VERTEX_POINT('',#5873);
#4640=LINE('',#5874,#5875);
#4641=VERTEX_POINT('',#5876);
#4642=LINE('',#5877,#5878);
#4643=VERTEX_POINT('',#5879);
#4644=LINE('',#5880,#5881);
#4645=VERTEX_POINT('',#5882);
#4646=LINE('',#5883,#5884);
#4647=VERTEX_POINT('',#5885);
#4648=LINE('',#5886,#5887);
#4649=VERTEX_POINT('',#5888);
#4650=LINE('',#5889,#5890);
#4651=VERTEX_POINT('',#5891);
#4652=LINE('',#5892,#5893);
#4653=VERTEX_POINT('',#5894);
#4654=LINE('',#5895,#5896);
#4655=VERTEX_POINT('',#5897);
#4656=LINE('',#5898,#5899);
#4657=VERTEX_POINT('',#5900);
#4658=LINE('',#5901,#5902);
#4659=VERTEX_POINT('',#5903);
#4660=LINE('',#5904,#5905);
#4661=LINE('',#5906,#5907);
#4662=FILL_AREA_STYLE_COLOUR('',#5908);
#4663=LINE('',#5909,#5910);
#4664=LINE('',#5911,#5912);
#4665=FILL_AREA_STYLE_COLOUR('',#5913);
#4666=LINE('',#5914,#5915);
#4667=FILL_AREA_STYLE_COLOUR('',#5916);
#4668=LINE('',#5917,#5918);
#4669=FILL_AREA_STYLE_COLOUR('',#5919);
#4670=LINE('',#5920,#5921);
#4671=FILL_AREA_STYLE_COLOUR('',#5922);
#4672=LINE('',#5923,#5924);
#4673=FILL_AREA_STYLE_COLOUR('',#5925);
#4674=LINE('',#5926,#5927);
#4675=FILL_AREA_STYLE_COLOUR('',#5928);
#4676=LINE('',#5929,#5930);
#4677=FILL_AREA_STYLE_COLOUR('',#5931);
#4678=LINE('',#5932,#5933);
#4679=FILL_AREA_STYLE_COLOUR('',#5934);
#4680=LINE('',#5935,#5936);
#4681=FILL_AREA_STYLE_COLOUR('',#5937);
#4682=LINE('',#5938,#5939);
#4683=FILL_AREA_STYLE_COLOUR('',#5940);
#4684=LINE('',#5941,#5942);
#4685=FILL_AREA_STYLE_COLOUR('',#5943);
#4686=LINE('',#5944,#5945);
#4687=FILL_AREA_STYLE_COLOUR('',#5946);
#4688=LINE('',#5947,#5948);
#4689=FILL_AREA_STYLE_COLOUR('',#5949);
#4690=LINE('',#5950,#5951);
#4691=FILL_AREA_STYLE_COLOUR('',#5952);
#4692=LINE('',#5953,#5954);
#4693=FILL_AREA_STYLE_COLOUR('',#5955);
#4694=FILL_AREA_STYLE_COLOUR('',#5956);
#4695=FILL_AREA_STYLE_COLOUR('',#5957);
#4696=COLOUR_RGB('',0.560784339904785,0.686274528503418,0.560784339904785);
#4697=CARTESIAN_POINT('',(-0.0182,0.0257,-0.003));
#4698=AXIS2_PLACEMENT_3D('',#5958,#5959,#5960);
#4699=CARTESIAN_POINT('',(-0.017725,0.0257,-0.003));
#4700=AXIS2_PLACEMENT_3D('',#5961,#5962,#5963);
#4701=COLOUR_RGB('',0.560784339904785,0.686274528503418,0.560784339904785);
#4702=CARTESIAN_POINT('',(-0.020875,0.0257,-0.002));
#4703=AXIS2_PLACEMENT_3D('',#5964,#5965,#5966);
#4704=COLOUR_RGB('',0.560784339904785,0.686274528503418,0.560784339904785);
#4705=CARTESIAN_POINT('',(-0.020875,0.0167,-0.002));
#4706=AXIS2_PLACEMENT_3D('',#5967,#5968,#5969);
#4707=CARTESIAN_POINT('',(-0.017725,0.0167,-0.003));
#4708=AXIS2_PLACEMENT_3D('',#5970,#5971,#5972);
#4709=COLOUR_RGB('',0.560784339904785,0.686274528503418,0.560784339904785);
#4710=CARTESIAN_POINT('',(-0.0182,0.0167,-0.003));
#4711=AXIS2_PLACEMENT_3D('',#5973,#5974,#5975);
#4712=COLOUR_RGB('',0.560784339904785,0.686274528503418,0.560784339904785);
#4713=CARTESIAN_POINT('',(-0.0235,0.0134,-0.006));
#4714=AXIS2_PLACEMENT_3D('',#5976,#5977,#5978);
#4715=CARTESIAN_POINT('',(-0.0229,0.0134,-0.006));
#4716=AXIS2_PLACEMENT_3D('',#5979,#5980,#5981);
#4717=COLOUR_RGB('',0.560784339904785,0.686274528503418,0.560784339904785);
#4718=CARTESIAN_POINT('',(-0.0249,0.0134,-0.002));
#4719=AXIS2_PLACEMENT_3D('',#5982,#5983,#5984);
#4720=COLOUR_RGB('',0.560784339904785,0.686274528503418,0.560784339904785);
#4721=CARTESIAN_POINT('',(-0.01885,0.0167,-0.007));
#4722=AXIS2_PLACEMENT_3D('',#5985,#5986,#5987);
#4723=CARTESIAN_POINT('',(-0.0182,0.0167,-0.007));
#4724=AXIS2_PLACEMENT_3D('',#5988,#5989,#5990);
#4725=COLOUR_RGB('',0.560784339904785,0.686274528503418,0.560784339904785);
#4726=COLOUR_RGB('',0.560784339904785,0.686274528503418,0.560784339904785);
#4727=CARTESIAN_POINT('',(-0.01885,0.0257,-0.007));
#4728=AXIS2_PLACEMENT_3D('',#5991,#5992,#5993);
#4729=CARTESIAN_POINT('',(-0.0182,0.0257,-0.007));
#4730=AXIS2_PLACEMENT_3D('',#5994,#5995,#5996);
#4731=COLOUR_RGB('',0.560784339904785,0.686274528503418,0.560784339904785);
#4732=COLOUR_RGB('',0.560784339904785,0.686274528503418,0.560784339904785);
#4733=CARTESIAN_POINT('',(-0.0235,0.0134,0.009));
#4734=AXIS2_PLACEMENT_3D('',#5997,#5998,#5999);
#4735=COLOUR_RGB('',0.560784339904785,0.686274528503418,0.560784339904785);
#4736=CARTESIAN_POINT('',(-0.0065,0.0212,0.0017));
#4737=AXIS2_PLACEMENT_3D('',#6000,#6001,#6002);
#4738=CARTESIAN_POINT('',(-0.00475,0.0212,0.0017));
#4739=AXIS2_PLACEMENT_3D('',#6003,#6004,#6005);
#4740=COLOUR_RGB('',0.560784339904785,0.686274528503418,0.560784339904785);
#4741=CARTESIAN_POINT('',(-0.03385,0.0212,-0.002));
#4742=AXIS2_PLACEMENT_3D('',#6006,#6007,#6008);
#4743=COLOUR_RGB('',0.560784339904785,0.686274528503418,0.560784339904785);
#4744=CARTESIAN_POINT('',(-0.0321,0.0212,-0.002));
#4745=AXIS2_PLACEMENT_3D('',#6009,#6010,#6011);
#4746=COLOUR_RGB('',0.560784339904785,0.686274528503418,0.560784339904785);
#4747=CARTESIAN_POINT('',(-0.0153,0.0,0.0018));
#4748=CARTESIAN_POINT('',(-0.0153,-0.0027,0.0018));
#4749=CARTESIAN_POINT('',(-0.0153,0.0,0.0018));
#4750=VECTOR('',#6012,1.0);
#4751=CARTESIAN_POINT('',(-0.0165,0.0,0.0018));
#4752=CARTESIAN_POINT('',(0.0,0.0,0.0018));
#4753=VECTOR('',#6013,1.0);
#4754=CARTESIAN_POINT('',(-0.0165,-0.0015,0.0018));
#4755=CARTESIAN_POINT('',(-0.0165,0.0,0.0018));
#4756=VECTOR('',#6014,1.0);
#4757=CARTESIAN_POINT('',(-0.0186,-0.0015,0.0018));
#4758=CARTESIAN_POINT('',(0.0,-0.0015,0.0018));
#4759=VECTOR('',#6015,1.0);
#4760=CARTESIAN_POINT('',(-0.0186,-0.0027,0.0018));
#4761=CARTESIAN_POINT('',(-0.0186,0.0,0.0018));
#4762=VECTOR('',#6016,1.0);
#4763=CARTESIAN_POINT('',(0.0,-0.0027,0.0018));
#4764=VECTOR('',#6017,1.0);
#4765=COLOUR_RGB('',0.560784339904785,0.686274528503418,0.560784339904785);
#4766=CARTESIAN_POINT('',(-0.0186,-0.0015,0.0003));
#4767=CARTESIAN_POINT('',(-0.0186,-0.0027,0.0003));
#4768=CARTESIAN_POINT('',(-0.0186,-0.0027,0.0003));
#4769=VECTOR('',#6018,1.0);
#4770=CARTESIAN_POINT('',(-0.0165,-0.0015,0.0003));
#4771=CARTESIAN_POINT('',(-0.0367530447852373,-0.0015,0.0003));
#4772=VECTOR('',#6019,1.0);
#4773=CARTESIAN_POINT('',(-0.0165,0.0,0.0003));
#4774=CARTESIAN_POINT('',(-0.0165,0.0,0.0003));
#4775=VECTOR('',#6020,1.0);
#4776=CARTESIAN_POINT('',(-0.0153,0.0,0.0003));
#4777=CARTESIAN_POINT('',(0.0,0.0,0.0003));
#4778=VECTOR('',#6021,1.0);
#4779=CARTESIAN_POINT('',(-0.0153,-0.0027,0.0003));
#4780=CARTESIAN_POINT('',(-0.0153,0.014,0.0003));
#4781=VECTOR('',#6022,1.0);
#4782=CARTESIAN_POINT('',(-0.0367530447852373,-0.0027,0.0003));
#4783=VECTOR('',#6023,1.0);
#4784=COLOUR_RGB('',0.560784339904785,0.686274528503418,0.560784339904785);
#4785=CARTESIAN_POINT('',(0.0,0.0205,0.0018));
#4786=CARTESIAN_POINT('',(0.0022,0.0205,0.0018));
#4787=CARTESIAN_POINT('',(0.0,0.0205,0.0018));
#4788=VECTOR('',#6024,1.0);
#4789=CARTESIAN_POINT('',(0.0,0.019,0.0018));
#4790=CARTESIAN_POINT('',(0.0,0.0462,0.0018));
#4791=VECTOR('',#6025,1.0);
#4792=CARTESIAN_POINT('',(0.0036,0.019,0.0018));
#4793=CARTESIAN_POINT('',(0.0,0.019,0.0018));
#4794=VECTOR('',#6026,1.0);
#4795=CARTESIAN_POINT('',(0.0036,0.023,0.0018));
#4796=CARTESIAN_POINT('',(0.0036,0.0,0.0018));
#4797=VECTOR('',#6027,1.0);
#4798=CARTESIAN_POINT('',(0.0022,0.023,0.0018));
#4799=CARTESIAN_POINT('',(0.0,0.023,0.0018));
#4800=VECTOR('',#6028,1.0);
#4801=CARTESIAN_POINT('',(0.0022,0.0,0.0018));
#4802=VECTOR('',#6029,1.0);
#4803=COLOUR_RGB('',0.560784339904785,0.686274528503418,0.560784339904785);
#4804=CARTESIAN_POINT('',(0.0022,0.023,0.0003));
#4805=CARTESIAN_POINT('',(0.0022,0.0205,0.0003));
#4806=CARTESIAN_POINT('',(0.0022,0.019,0.0003));
#4807=VECTOR('',#6030,1.0);
#4808=CARTESIAN_POINT('',(0.0036,0.023,0.0003));
#4809=CARTESIAN_POINT('',(0.00773488237812361,0.023,0.0003));
#4810=VECTOR('',#6031,1.0);
#4811=CARTESIAN_POINT('',(0.0036,0.019,0.0003));
#4812=CARTESIAN_POINT('',(0.0036,0.023,0.0003));
#4813=VECTOR('',#6032,1.0);
#4814=CARTESIAN_POINT('',(0.0,0.019,0.0003));
#4815=CARTESIAN_POINT('',(0.0036,0.019,0.0003));
#4816=VECTOR('',#6033,1.0);
#4817=CARTESIAN_POINT('',(0.0,0.0205,0.0003));
#4818=CARTESIAN_POINT('',(0.0,0.0462,0.0003));
#4819=VECTOR('',#6034,1.0);
#4820=CARTESIAN_POINT('',(0.00858874930013457,0.0205,0.0003));
#4821=VECTOR('',#6035,1.0);
#4822=COLOUR_RGB('',0.560784339904785,0.686274528503418,0.560784339904785);
#4823=CARTESIAN_POINT('',(-0.017,0.0443,0.0017));
#4824=CARTESIAN_POINT('',(-0.017,0.0462,0.0017));
#4825=CARTESIAN_POINT('',(-0.017,0.0,0.0017));
#4826=VECTOR('',#6036,1.0);
#4827=CARTESIAN_POINT('',(-0.0184,0.0443,0.0017));
#4828=CARTESIAN_POINT('',(-0.0231861460681604,0.0443,0.0017));
#4829=VECTOR('',#6037,1.0);
#4830=CARTESIAN_POINT('',(-0.0184,0.0428,0.0017));
#4831=CARTESIAN_POINT('',(-0.0184,0.014,0.0017));
#4832=VECTOR('',#6038,1.0);
#4833=CARTESIAN_POINT('',(-0.0169,0.0428,0.0017));
#4834=CARTESIAN_POINT('',(-0.0169,0.0428,0.0017));
#4835=VECTOR('',#6039,1.0);
#4836=CARTESIAN_POINT('',(-0.0169,0.0443,0.0017));
#4837=CARTESIAN_POINT('',(-0.0169,0.0443,0.0017));
#4838=VECTOR('',#6040,1.0);
#4839=CARTESIAN_POINT('',(-0.0146,0.0443,0.0017));
#4840=CARTESIAN_POINT('',(0.0,0.0443,0.0017));
#4841=VECTOR('',#6041,1.0);
#4842=CARTESIAN_POINT('',(-0.0146,0.0462,0.0017));
#4843=CARTESIAN_POINT('',(-0.0146,0.0,0.0017));
#4844=VECTOR('',#6042,1.0);
#4845=CARTESIAN_POINT('',(0.0,0.0462,0.0017));
#4846=VECTOR('',#6043,1.0);
#4847=COLOUR_RGB('',0.560784339904785,0.686274528503418,0.560784339904785);
#4848=CARTESIAN_POINT('',(-0.02,0.0442199309870162,0.0017));
#4849=CARTESIAN_POINT('',(-0.02,0.0427199309870162,0.0017));
#4850=CARTESIAN_POINT('',(-0.02,0.0,0.0017));
#4851=VECTOR('',#6044,1.0);
#4852=CARTESIAN_POINT('',(-0.0215,0.0442199309870162,0.0017));
#4853=CARTESIAN_POINT('',(0.0,0.0442199309870162,0.0017));
#4854=VECTOR('',#6045,1.0);
#4855=CARTESIAN_POINT('',(-0.0215,0.0427199309870162,0.0017));
#4856=CARTESIAN_POINT('',(-0.0215,0.0,0.0017));
#4857=VECTOR('',#6046,1.0);
#4858=CARTESIAN_POINT('',(0.0,0.0427199309870162,0.0017));
#4859=VECTOR('',#6047,1.0);
#4860=COLOUR_RGB('',0.560784339904785,0.686274528503418,0.560784339904785);
#4861=CARTESIAN_POINT('',(-0.0239,0.0442199309870162,0.0017));
#4862=CARTESIAN_POINT('',(0.0,0.0442199309870162,0.0017));
#4863=VECTOR('',#6048,1.0);
#4864=CARTESIAN_POINT('',(-0.0215,0.0462,0.0017));
#4865=CARTESIAN_POINT('',(-0.0215,0.0,0.0017));
#4866=VECTOR('',#6049,1.0);
#4867=CARTESIAN_POINT('',(-0.0239,0.0462,0.0017));
#4868=CARTESIAN_POINT('',(0.0,0.0462,0.0017));
#4869=VECTOR('',#6050,1.0);
#4870=CARTESIAN_POINT('',(-0.0239,0.014,0.0017));
#4871=VECTOR('',#6051,1.0);
#4872=COLOUR_RGB('',0.560784339904785,0.686274528503418,0.560784339904785);
#4873=CARTESIAN_POINT('',(-0.017,0.0443,0.0079));
#4874=CARTESIAN_POINT('',(-0.017,0.0462,0.0079));
#4875=CARTESIAN_POINT('',(-0.017,0.0,0.0079));
#4876=VECTOR('',#6052,1.0);
#4877=CARTESIAN_POINT('',(-0.017,0.0443,0.0079));
#4878=VECTOR('',#6053,1.0);
#4879=CARTESIAN_POINT('',(-0.017,0.0462,0.0079));
#4880=VECTOR('',#6054,1.0);
#4881=COLOUR_RGB('',0.560784339904785,0.686274528503418,0.560784339904785);
#4882=CARTESIAN_POINT('',(-0.0341,0.0422,0.0059));
#4883=CARTESIAN_POINT('',(-0.0319,0.0422,0.0059));
#4884=CARTESIAN_POINT('',(-0.0510582085335066,0.0422,0.0059));
#4885=VECTOR('',#6055,1.0);
#4886=CARTESIAN_POINT('',(-0.0341,0.0432,0.0059));
#4887=CARTESIAN_POINT('',(-0.0341,0.0432,0.0059));
#4888=VECTOR('',#6056,1.0);
#4889=CARTESIAN_POINT('',(-0.0319,0.0432,0.0059));
#4890=AXIS2_PLACEMENT_3D('',#6057,#6058,#6059);
#4891=CARTESIAN_POINT('',(-0.0319,0.0457096569486865,0.0059));
#4892=VECTOR('',#6060,1.0);
#4893=CARTESIAN_POINT('',(-0.0325,0.0432,0.0059));
#4894=AXIS2_PLACEMENT_3D('',#6061,#6062,#6063);
#4895=COLOUR_RGB('',0.560784339904785,0.686274528503418,0.560784339904785);
#4896=CARTESIAN_POINT('',(-0.036,0.0363,0.0169));
#4897=CARTESIAN_POINT('',(-0.0374,0.0363,0.0169));
#4898=CARTESIAN_POINT('',(-0.0343,0.0363,0.0169));
#4899=VECTOR('',#6064,1.0);
#4900=CARTESIAN_POINT('',(-0.036,0.0422,0.0169));
#4901=CARTESIAN_POINT('',(-0.036,0.0,0.0169));
#4902=VECTOR('',#6065,1.0);
#4903=CARTESIAN_POINT('',(-0.0374,0.0422,0.0169));
#4904=CARTESIAN_POINT('',(0.0,0.0422,0.0169));
#4905=VECTOR('',#6066,1.0);
#4906=CARTESIAN_POINT('',(-0.0374,0.0272014834594707,0.0169));
#4907=VECTOR('',#6067,1.0);
#4908=COLOUR_RGB('',0.560784339904785,0.686274528503418,0.560784339904785);
#4909=CARTESIAN_POINT('',(-0.036,0.0363,0.0079));
#4910=CARTESIAN_POINT('',(-0.036,0.0422,0.0079));
#4911=CARTESIAN_POINT('',(-0.036,0.0,0.0079));
#4912=VECTOR('',#6068,1.0);
#4913=CARTESIAN_POINT('',(-0.036,0.0422,0.0079));
#4914=VECTOR('',#6069,1.0);
#4915=CARTESIAN_POINT('',(-0.036,0.0363,0.0079));
#4916=VECTOR('',#6070,1.0);
#4917=COLOUR_RGB('',0.560784339904785,0.686274528503418,0.560784339904785);
#4918=CARTESIAN_POINT('',(-0.0352,0.0038,0.0005));
#4919=CARTESIAN_POINT('',(-0.0352,0.0059,0.0005));
#4920=CARTESIAN_POINT('',(-0.0352,0.014,0.0005));
#4921=VECTOR('',#6071,1.0);
#4922=CARTESIAN_POINT('',(-0.0387,0.0059,0.0005));
#4923=CARTESIAN_POINT('',(0.0,0.0059,0.0005));
#4924=VECTOR('',#6072,1.0);
#4925=CARTESIAN_POINT('',(-0.0387,0.0038,0.0005));
#4926=CARTESIAN_POINT('',(-0.0387,0.0038,0.0005));
#4927=VECTOR('',#6073,1.0);
#4928=CARTESIAN_POINT('',(-0.0387,0.0038,0.0005));
#4929=VECTOR('',#6074,1.0);
#4930=COLOUR_RGB('',0.560784339904785,0.686274528503418,0.560784339904785);
#4931=CARTESIAN_POINT('',(-0.04,0.00329089653438087,0.0169));
#4932=CARTESIAN_POINT('',(-0.036,0.000981495457622363,0.0169));
#4933=CARTESIAN_POINT('',(-0.00857499999999999,-0.0148523356749031,0.0169));
#4934=VECTOR('',#6075,1.0);
#4935=CARTESIAN_POINT('',(-0.036,0.0038,0.0169));
#4936=CARTESIAN_POINT('',(-0.036,0.0,0.0169));
#4937=VECTOR('',#6076,1.0);
#4938=CARTESIAN_POINT('',(-0.0387,0.0038,0.0169));
#4939=CARTESIAN_POINT('',(0.0,0.0038,0.0169));
#4940=VECTOR('',#6077,1.0);
#4941=CARTESIAN_POINT('',(-0.0387,0.0059,0.0169));
#4942=CARTESIAN_POINT('',(-0.0387,0.0,0.0169));
#4943=VECTOR('',#6078,1.0);
#4944=CARTESIAN_POINT('',(-0.04,0.0059,0.0169));
#4945=CARTESIAN_POINT('',(0.0,0.0059,0.0169));
#4946=VECTOR('',#6079,1.0);
#4947=CARTESIAN_POINT('',(-0.04,0.0,0.0169));
#4948=VECTOR('',#6080,1.0);
#4949=COLOUR_RGB('',0.560784339904785,0.686274528503418,0.560784339904785);
#4950=CARTESIAN_POINT('',(-0.036,0.000981495457622364,0.0079));
#4951=CARTESIAN_POINT('',(-0.036,0.0038,0.0079));
#4952=CARTESIAN_POINT('',(-0.036,0.0,0.0079));
#4953=VECTOR('',#6081,1.0);
#4954=CARTESIAN_POINT('',(-0.036,0.0038,0.0079));
#4955=VECTOR('',#6082,1.0);
#4956=CARTESIAN_POINT('',(-0.036,0.000981495457622363,0.0079));
#4957=VECTOR('',#6083,1.0);
#4958=COLOUR_RGB('',0.560784339904785,0.686274528503418,0.560784339904785);
#4959=CARTESIAN_POINT('',(-0.0229,0.0134,0.009));
#4960=AXIS2_PLACEMENT_3D('',#6084,#6085,#6086);
#4961=COLOUR_RGB('',0.560784339904785,0.686274528503418,0.560784339904785);
#4962=CARTESIAN_POINT('',(-0.0353,0.0363,0.0079));
#4963=CARTESIAN_POINT('',(-0.0343,0.0363,0.0079));
#4964=VECTOR('',#6087,1.0);
#4965=CARTESIAN_POINT('',(-0.0353,0.033,0.0079));
#4966=CARTESIAN_POINT('',(-0.0353,0.033,0.0079));
#4967=VECTOR('',#6088,1.0);
#4968=CARTESIAN_POINT('',(-0.0385,0.03,0.0079));
#4969=CARTESIAN_POINT('',(-0.0385,0.03,0.0079));
#4970=VECTOR('',#6089,1.0);
#4971=CARTESIAN_POINT('',(-0.0385,0.014,0.0079));
#4972=CARTESIAN_POINT('',(-0.0385,0.0,0.0079));
#4973=VECTOR('',#6090,1.0);
#4974=CARTESIAN_POINT('',(-0.0364,0.014,0.0079));
#4975=CARTESIAN_POINT('',(-0.0300225463931305,0.014,0.0079));
#4976=VECTOR('',#6091,1.0);
#4977=CARTESIAN_POINT('',(-0.0364,0.0292,0.0079));
#4978=CARTESIAN_POINT('',(-0.0364,0.014,0.0079));
#4979=VECTOR('',#6092,1.0);
#4980=CARTESIAN_POINT('',(-0.0342,0.0314,0.0079));
#4981=CARTESIAN_POINT('',(-0.0328,0.0328,0.0079));
#4982=VECTOR('',#6093,1.0);
#4983=CARTESIAN_POINT('',(-0.0342,0.04,0.0079));
#4984=CARTESIAN_POINT('',(-0.0342,0.04,0.0079));
#4985=VECTOR('',#6094,1.0);
#4986=CARTESIAN_POINT('',(-0.0304,0.04,0.0079));
#4987=CARTESIAN_POINT('',(-0.031155714778931,0.04,0.0079));
#4988=VECTOR('',#6095,1.0);
#4989=CARTESIAN_POINT('',(-0.0291,0.0414,0.0079));
#4990=CARTESIAN_POINT('',(-0.0362695890410959,0.0336789041095891,0.0079));
#4991=VECTOR('',#6096,1.0);
#4992=CARTESIAN_POINT('',(-0.0238,0.0414,0.0079));
#4993=CARTESIAN_POINT('',(0.0,0.0414,0.0079));
#4994=VECTOR('',#6097,1.0);
#4995=CARTESIAN_POINT('',(-0.0238,0.0434771216862166,0.0079));
#4996=CARTESIAN_POINT('',(-0.0238,0.0,0.0079));
#4997=VECTOR('',#6098,1.0);
#4998=CARTESIAN_POINT('',(-0.0304,0.0434771216862166,0.0079));
#4999=CARTESIAN_POINT('',(-0.0288461112112066,0.0434771216862166,0.0079));
#5000=VECTOR('',#6099,1.0);
#5001=CARTESIAN_POINT('',(-0.0304,0.0422,0.0079));
#5002=CARTESIAN_POINT('',(-0.0304,0.0281254514017851,0.0079));
#5003=VECTOR('',#6100,1.0);
#5004=CARTESIAN_POINT('',(-0.0319,0.0422,0.0079));
#5005=CARTESIAN_POINT('',(-0.0510582085335066,0.0422,0.0079));
#5006=VECTOR('',#6101,1.0);
#5007=CARTESIAN_POINT('',(-0.0319,0.0432,0.0079));
#5008=CARTESIAN_POINT('',(-0.0319,0.0,0.0079));
#5009=VECTOR('',#6102,1.0);
#5010=CARTESIAN_POINT('',(-0.0341,0.0432,0.0079));
#5011=AXIS2_PLACEMENT_3D('',#6103,#6104,#6105);
#5012=CARTESIAN_POINT('',(-0.0341,0.0422,0.0079));
#5013=CARTESIAN_POINT('',(-0.0341,0.0,0.0079));
#5014=VECTOR('',#6106,1.0);
#5015=CARTESIAN_POINT('',(0.0,0.0422,0.0079));
#5016=VECTOR('',#6107,1.0);
#5017=CARTESIAN_POINT('',(-0.0325,0.0432,0.0079));
#5018=AXIS2_PLACEMENT_3D('',#6108,#6109,#6110);
#5019=COLOUR_RGB('',0.560784339904785,0.686274528503418,0.560784339904785);
#5020=CARTESIAN_POINT('',(-0.0215,0.0442199309870162,0.0079));
#5021=CARTESIAN_POINT('',(-0.0215,0.0462,0.0079));
#5022=CARTESIAN_POINT('',(-0.0215,0.0,0.0079));
#5023=VECTOR('',#6111,1.0);
#5024=CARTESIAN_POINT('',(-0.02,0.0442199309870162,0.0079));
#5025=CARTESIAN_POINT('',(0.0,0.0442199309870162,0.0079));
#5026=VECTOR('',#6112,1.0);
#5027=CARTESIAN_POINT('',(-0.02,0.0414,0.0079));
#5028=CARTESIAN_POINT('',(-0.02,0.014,0.0079));
#5029=VECTOR('',#6113,1.0);
#5030=CARTESIAN_POINT('',(-0.0184,0.0414,0.0079));
#5031=CARTESIAN_POINT('',(0.0,0.0414,0.0079));
#5032=VECTOR('',#6114,1.0);
#5033=CARTESIAN_POINT('',(-0.0184,0.0443,0.0079));
#5034=CARTESIAN_POINT('',(-0.0184,0.0,0.0079));
#5035=VECTOR('',#6115,1.0);
#5036=CARTESIAN_POINT('',(0.0,0.0443,0.0079));
#5037=VECTOR('',#6116,1.0);
#5038=CARTESIAN_POINT('',(0.0,0.0462,0.0079));
#5039=VECTOR('',#6117,1.0);
#5040=COLOUR_RGB('',0.560784339904785,0.686274528503418,0.560784339904785);
#5041=CARTESIAN_POINT('',(0.0,0.014,0.0079));
#5042=CARTESIAN_POINT('',(-0.0025,0.014,0.0079));
#5043=CARTESIAN_POINT('',(-0.0025,0.014,0.0079));
#5044=VECTOR('',#6118,1.0);
#5045=CARTESIAN_POINT('',(0.0,0.03,0.0079));
#5046=CARTESIAN_POINT('',(0.0,0.0462,0.0079));
#5047=VECTOR('',#6119,1.0);
#5048=CARTESIAN_POINT('',(-0.0025,0.032199399983786,0.0079));
#5049=CARTESIAN_POINT('',(1.83690953073357E-18,0.03,0.0079));
#5050=VECTOR('',#6120,1.0);
#5051=CARTESIAN_POINT('',(-0.0025,0.0423,0.0079));
#5052=CARTESIAN_POINT('',(-0.0025,0.014,0.0079));
#5053=VECTOR('',#6121,1.0);
#5054=CARTESIAN_POINT('',(-0.0072,0.0423,0.0079));
#5055=CARTESIAN_POINT('',(-0.023075547615144,0.0423,0.0079));
#5056=VECTOR('',#6122,1.0);
#5057=CARTESIAN_POINT('',(-0.0072,0.043,0.0079));
#5058=CARTESIAN_POINT('',(-0.0072,0.0,0.0079));
#5059=VECTOR('',#6123,1.0);
#5060=CARTESIAN_POINT('',(-0.0146,0.043,0.0079));
#5061=CARTESIAN_POINT('',(0.0,0.043,0.0079));
#5062=VECTOR('',#6124,1.0);
#5063=CARTESIAN_POINT('',(-0.0146,0.0414,0.0079));
#5064=CARTESIAN_POINT('',(-0.0146,0.014,0.0079));
#5065=VECTOR('',#6125,1.0);
#5066=CARTESIAN_POINT('',(-0.009,0.0414,0.0079));
#5067=CARTESIAN_POINT('',(0.0,0.0414,0.0079));
#5068=VECTOR('',#6126,1.0);
#5069=CARTESIAN_POINT('',(-0.008,0.04,0.0079));
#5070=CARTESIAN_POINT('',(-0.008,0.04,0.0079));
#5071=VECTOR('',#6127,1.0);
#5072=CARTESIAN_POINT('',(-0.0046,0.04,0.0079));
#5073=CARTESIAN_POINT('',(0.0,0.04,0.0079));
#5074=VECTOR('',#6128,1.0);
#5075=CARTESIAN_POINT('',(-0.0046,0.0313,0.0079));
#5076=CARTESIAN_POINT('',(-0.0046,0.0,0.0079));
#5077=VECTOR('',#6129,1.0);
#5078=CARTESIAN_POINT('',(-0.0025,0.0292,0.0079));
#5079=CARTESIAN_POINT('',(0.01335,0.01335,0.0079));
#5080=VECTOR('',#6130,1.0);
#5081=CARTESIAN_POINT('',(-0.0025,0.0,0.0079));
#5082=VECTOR('',#6131,1.0);
#5083=COLOUR_RGB('',0.560784339904785,0.686274528503418,0.560784339904785);
#5084=CARTESIAN_POINT('',(-0.0291,0.00126945734440176,0.0079));
#5085=CARTESIAN_POINT('',(-0.0291,0.00126945734440176,0.003));
#5086=CARTESIAN_POINT('',(-0.0291,0.00126945734440176,0.005));
#5087=VECTOR('',#6132,1.0);
#5088=CARTESIAN_POINT('',(-0.009,0.00126945734440176,0.0079));
#5089=CARTESIAN_POINT('',(-0.0291,0.00126945734440176,0.0079));
#5090=VECTOR('',#6133,1.0);
#5091=CARTESIAN_POINT('',(-0.009,0.00126945734440176,0.003));
#5092=CARTESIAN_POINT('',(-0.009,0.00126945734440176,0.0079));
#5093=VECTOR('',#6134,1.0);
#5094=CARTESIAN_POINT('',(-0.0291,0.00126945734440176,0.003));
#5095=VECTOR('',#6135,1.0);
#5096=COLOUR_RGB('',0.560784339904785,0.686274528503418,0.560784339904785);
#5097=CARTESIAN_POINT('',(-0.0036,0.0111972333970374,0.003));
#5098=CARTESIAN_POINT('',(-0.0036,0.0111972333970374,0.0079));
#5099=CARTESIAN_POINT('',(-0.0036,0.0111972333970374,0.003));
#5100=VECTOR('',#6136,1.0);
#5101=CARTESIAN_POINT('',(-0.0046,0.0111972333970374,0.003));
#5102=CARTESIAN_POINT('',(-0.00644754500030024,0.0111972333970374,0.003));
#5103=VECTOR('',#6137,1.0);
#5104=CARTESIAN_POINT('',(-0.0046,0.0111972333970374,0.0079));
#5105=CARTESIAN_POINT('',(-0.0046,0.0111972333970374,0.005));
#5106=VECTOR('',#6138,1.0);
#5107=CARTESIAN_POINT('',(0.0,0.0111972333970374,0.0079));
#5108=VECTOR('',#6139,1.0);
#5109=COLOUR_RGB('',0.560784339904785,0.686274528503418,0.560784339904785);
#5110=CARTESIAN_POINT('',(-0.0343,1.50231459873716E-18,0.0079));
#5111=CARTESIAN_POINT('',(-0.0343,0.0,0.0079));
#5112=VECTOR('',#6140,1.0);
#5113=CARTESIAN_POINT('',(0.001,0.0,0.0079));
#5114=CARTESIAN_POINT('',(0.0,0.0,0.0079));
#5115=VECTOR('',#6141,1.0);
#5116=CARTESIAN_POINT('',(0.001,0.0061,0.0079));
#5117=CARTESIAN_POINT('',(0.001,0.0,0.0079));
#5118=VECTOR('',#6142,1.0);
#5119=CARTESIAN_POINT('',(0.0,0.0061,0.0079));
#5120=CARTESIAN_POINT('',(-1.76363553390975E-18,0.0061,0.0079));
#5121=VECTOR('',#6143,1.0);
#5122=CARTESIAN_POINT('',(0.0,0.0038,0.0079));
#5123=CARTESIAN_POINT('',(0.0,0.0462,0.0079));
#5124=VECTOR('',#6144,1.0);
#5125=CARTESIAN_POINT('',(-0.003,0.0038,0.0079));
#5126=CARTESIAN_POINT('',(0.0,0.0038,0.0079));
#5127=VECTOR('',#6145,1.0);
#5128=CARTESIAN_POINT('',(-0.003,0.00612723339703744,0.0079));
#5129=CARTESIAN_POINT('',(-0.003,0.0118,0.0079));
#5130=VECTOR('',#6146,1.0);
#5131=CARTESIAN_POINT('',(-0.0036,0.00612723339703744,0.0079));
#5132=CARTESIAN_POINT('',(-0.00644754500030024,0.00612723339703744,0.0079));
#5133=VECTOR('',#6147,1.0);
#5134=CARTESIAN_POINT('',(-0.0036,0.00612723339703744,0.0079));
#5135=VECTOR('',#6148,1.0);
#5136=CARTESIAN_POINT('',(-0.0046,0.0026,0.0079));
#5137=CARTESIAN_POINT('',(-0.0046,0.0026,0.0079));
#5138=VECTOR('',#6149,1.0);
#5139=CARTESIAN_POINT('',(-0.009,0.0026,0.0079));
#5140=CARTESIAN_POINT('',(0.0,0.0026,0.0079));
#5141=VECTOR('',#6150,1.0);
#5142=CARTESIAN_POINT('',(-0.009,0.00353575368217968,0.0079));
#5143=VECTOR('',#6151,1.0);
#5144=CARTESIAN_POINT('',(-0.0291,0.0026,0.0079));
#5145=CARTESIAN_POINT('',(-0.0291,0.00353575368217968,0.0079));
#5146=VECTOR('',#6152,1.0);
#5147=CARTESIAN_POINT('',(-0.0342,0.0026,0.0079));
#5148=CARTESIAN_POINT('',(-0.0342,0.0026,0.0079));
#5149=VECTOR('',#6153,1.0);
#5150=CARTESIAN_POINT('',(-0.0342,0.0118,0.0079));
#5151=CARTESIAN_POINT('',(-0.0342,0.00510127122816373,0.0079));
#5152=VECTOR('',#6154,1.0);
#5153=CARTESIAN_POINT('',(-0.0352,0.0118,0.0079));
#5154=CARTESIAN_POINT('',(-0.0375970208758886,0.0118,0.0079));
#5155=VECTOR('',#6155,1.0);
#5156=CARTESIAN_POINT('',(-0.0352,0.0038,0.0079));
#5157=CARTESIAN_POINT('',(-0.0352,0.0,0.0079));
#5158=VECTOR('',#6156,1.0);
#5159=CARTESIAN_POINT('',(-0.0387,0.0038,0.0079));
#5160=VECTOR('',#6157,1.0);
#5161=CARTESIAN_POINT('',(-0.004,0.0017,0.0079));
#5162=AXIS2_PLACEMENT_3D('',#6158,#6159,#6160);
#5163=COLOUR_RGB('',0.560784339904785,0.686274528503418,0.560784339904785);
#5164=CARTESIAN_POINT('',(-0.0036,0.0118,-0.002));
#5165=CARTESIAN_POINT('',(-0.0025,0.014,-0.002));
#5166=CARTESIAN_POINT('',(-0.0076,0.0038,-0.002));
#5167=VECTOR('',#6161,1.0);
#5168=CARTESIAN_POINT('',(-0.0036,0.00613,-0.002));
#5169=CARTESIAN_POINT('',(-0.0036,0.0,-0.002));
#5170=VECTOR('',#6162,1.0);
#5171=CARTESIAN_POINT('',(-0.003,0.00613,-0.002));
#5172=CARTESIAN_POINT('',(0.0,0.00613,-0.002));
#5173=VECTOR('',#6163,1.0);
#5174=CARTESIAN_POINT('',(-0.003,0.0061,-0.002));
#5175=CARTESIAN_POINT('',(-0.003,0.0118,-0.002));
#5176=VECTOR('',#6164,1.0);
#5177=CARTESIAN_POINT('',(0.001,0.0061,-0.002));
#5178=CARTESIAN_POINT('',(-1.76363553390975E-18,0.0061,-0.002));
#5179=VECTOR('',#6165,1.0);
#5180=CARTESIAN_POINT('',(0.001,0.0,-0.002));
#5181=CARTESIAN_POINT('',(0.001,0.0,-0.002));
#5182=VECTOR('',#6166,1.0);
#5183=CARTESIAN_POINT('',(-0.0343,1.50231459873716E-18,-0.002));
#5184=CARTESIAN_POINT('',(0.0,0.0,-0.002));
#5185=VECTOR('',#6167,1.0);
#5186=CARTESIAN_POINT('',(-0.04,0.00329089653438087,-0.002));
#5187=CARTESIAN_POINT('',(-0.0343,0.0,-0.002));
#5188=VECTOR('',#6168,1.0);
#5189=CARTESIAN_POINT('',(-0.04,0.0059,-0.002));
#5190=CARTESIAN_POINT('',(-0.04,0.0,-0.002));
#5191=VECTOR('',#6169,1.0);
#5192=CARTESIAN_POINT('',(-0.0352,0.0059,-0.002));
#5193=CARTESIAN_POINT('',(-0.0352,0.0059,-0.002));
#5194=VECTOR('',#6170,1.0);
#5195=CARTESIAN_POINT('',(-0.0352,0.0118,-0.002));
#5196=CARTESIAN_POINT('',(-0.0352,0.014,-0.002));
#5197=VECTOR('',#6171,1.0);
#5198=CARTESIAN_POINT('',(-0.0364,0.014,-0.002));
#5199=CARTESIAN_POINT('',(-0.0364,0.014,-0.002));
#5200=VECTOR('',#6172,1.0);
#5201=CARTESIAN_POINT('',(-0.0385,0.014,-0.002));
#5202=CARTESIAN_POINT('',(-0.0300225463931305,0.014,-0.002));
#5203=VECTOR('',#6173,1.0);
#5204=CARTESIAN_POINT('',(-0.0385,0.03,-0.002));
#5205=CARTESIAN_POINT('',(-0.0385,0.035065180616197,-0.002));
#5206=VECTOR('',#6174,1.0);
#5207=CARTESIAN_POINT('',(-0.0353,0.033,-0.002));
#5208=CARTESIAN_POINT('',(-0.0385,0.03,-0.002));
#5209=VECTOR('',#6175,1.0);
#5210=CARTESIAN_POINT('',(-0.0353,0.0363,-0.002));
#5211=CARTESIAN_POINT('',(-0.0353,0.033,-0.002));
#5212=VECTOR('',#6176,1.0);
#5213=CARTESIAN_POINT('',(-0.0374,0.0363,-0.002));
#5214=CARTESIAN_POINT('',(-0.0343,0.0363,-0.002));
#5215=VECTOR('',#6177,1.0);
#5216=CARTESIAN_POINT('',(-0.0374,0.0422,-0.002));
#5217=CARTESIAN_POINT('',(-0.0374,0.0272014834594707,-0.002));
#5218=VECTOR('',#6178,1.0);
#5219=CARTESIAN_POINT('',(-0.0304,0.0422,-0.002));
#5220=CARTESIAN_POINT('',(-0.0510582085335066,0.0422,-0.002));
#5221=VECTOR('',#6179,1.0);
#5222=CARTESIAN_POINT('',(-0.0304,0.0434771216862166,-0.002));
#5223=CARTESIAN_POINT('',(-0.0304,0.0281254514017851,-0.002));
#5224=VECTOR('',#6180,1.0);
#5225=CARTESIAN_POINT('',(-0.0238,0.0434771216862166,-0.002));
#5226=CARTESIAN_POINT('',(-0.0288461112112066,0.0434771216862166,-0.002));
#5227=VECTOR('',#6181,1.0);
#5228=CARTESIAN_POINT('',(-0.0238,0.0414,-0.002));
#5229=CARTESIAN_POINT('',(-0.0238,0.014,-0.002));
#5230=VECTOR('',#6182,1.0);
#5231=CARTESIAN_POINT('',(-0.02,0.0414,-0.002));
#5232=CARTESIAN_POINT('',(-0.0315529146197935,0.0414,-0.002));
#5233=VECTOR('',#6183,1.0);
#5234=CARTESIAN_POINT('',(-0.02,0.0427199309870162,-0.002));
#5235=CARTESIAN_POINT('',(-0.02,0.014,-0.002));
#5236=VECTOR('',#6184,1.0);
#5237=CARTESIAN_POINT('',(-0.0215,0.0427199309870162,-0.002));
#5238=CARTESIAN_POINT('',(-0.0215,0.0427199309870162,-0.002));
#5239=VECTOR('',#6185,1.0);
#5240=CARTESIAN_POINT('',(-0.0215,0.0442199309870162,-0.002));
#5241=CARTESIAN_POINT('',(-0.0215,0.0442199309870162,-0.002));
#5242=VECTOR('',#6186,1.0);
#5243=CARTESIAN_POINT('',(-0.0239,0.0442199309870162,-0.002));
#5244=CARTESIAN_POINT('',(-0.0238,0.0442199309870162,-0.002));
#5245=VECTOR('',#6187,1.0);
#5246=CARTESIAN_POINT('',(-0.0239,0.0462,-0.002));
#5247=CARTESIAN_POINT('',(-0.0239,0.014,-0.002));
#5248=VECTOR('',#6188,1.0);
#5249=CARTESIAN_POINT('',(-0.0146,0.0462,-0.002));
#5250=CARTESIAN_POINT('',(0.0,0.0462,-0.002));
#5251=VECTOR('',#6189,1.0);
#5252=CARTESIAN_POINT('',(-0.0146,0.0443,-0.002));
#5253=CARTESIAN_POINT('',(-0.0146,0.014,-0.002));
#5254=VECTOR('',#6190,1.0);
#5255=CARTESIAN_POINT('',(-0.0169,0.0443,-0.002));
#5256=CARTESIAN_POINT('',(-0.0231861460681604,0.0443,-0.002));
#5257=VECTOR('',#6191,1.0);
#5258=CARTESIAN_POINT('',(-0.0169,0.0428,-0.002));
#5259=CARTESIAN_POINT('',(-0.0169,0.0443,-0.002));
#5260=VECTOR('',#6192,1.0);
#5261=CARTESIAN_POINT('',(-0.0184,0.0428,-0.002));
#5262=CARTESIAN_POINT('',(-0.0169,0.0428,-0.002));
#5263=VECTOR('',#6193,1.0);
#5264=CARTESIAN_POINT('',(-0.0184,0.0414,-0.002));
#5265=CARTESIAN_POINT('',(-0.0184,0.014,-0.002));
#5266=VECTOR('',#6194,1.0);
#5267=CARTESIAN_POINT('',(-0.0146,0.0414,-0.002));
#5268=CARTESIAN_POINT('',(-0.0315529146197935,0.0414,-0.002));
#5269=VECTOR('',#6195,1.0);
#5270=CARTESIAN_POINT('',(-0.0146,0.043,-0.002));
#5271=CARTESIAN_POINT('',(-0.0146,0.014,-0.002));
#5272=VECTOR('',#6196,1.0);
#5273=CARTESIAN_POINT('',(-0.0072,0.043,-0.002));
#5274=CARTESIAN_POINT('',(0.00205312260569109,0.043,-0.002));
#5275=VECTOR('',#6197,1.0);
#5276=CARTESIAN_POINT('',(-0.0072,0.0423,-0.002));
#5277=CARTESIAN_POINT('',(-0.0072,0.0281428964951821,-0.002));
#5278=VECTOR('',#6198,1.0);
#5279=CARTESIAN_POINT('',(-0.0025,0.0423,-0.002));
#5280=CARTESIAN_POINT('',(-0.023075547615144,0.0423,-0.002));
#5281=VECTOR('',#6199,1.0);
#5282=CARTESIAN_POINT('',(-0.0025,0.032199399983786,-0.002));
#5283=CARTESIAN_POINT('',(-0.0025,0.014,-0.002));
#5284=VECTOR('',#6200,1.0);
#5285=CARTESIAN_POINT('',(0.0,0.03,-0.002));
#5286=CARTESIAN_POINT('',(1.83690953073357E-18,0.03,-0.002));
#5287=VECTOR('',#6201,1.0);
#5288=CARTESIAN_POINT('',(0.0,0.014,-0.002));
#5289=CARTESIAN_POINT('',(0.0,0.0,-0.002));
#5290=VECTOR('',#6202,1.0);
#5291=CARTESIAN_POINT('',(-0.0025,0.014,-0.002));
#5292=VECTOR('',#6203,1.0);
#5293=COLOUR_RGB('',0.560784339904785,0.686274528503418,0.560784339904785);
#5294=CARTESIAN_POINT('',(-0.0229,0.0134,0.003));
#5295=AXIS2_PLACEMENT_3D('',#6204,#6205,#6206);
#5296=COLOUR_RGB('',0.560784339904785,0.686274528503418,0.560784339904785);
#5297=CARTESIAN_POINT('',(-0.003,0.0061,0.003));
#5298=CARTESIAN_POINT('',(0.0,0.0061,0.003));
#5299=CARTESIAN_POINT('',(-0.003,0.0061,0.003));
#5300=VECTOR('',#6207,1.0);
#5301=CARTESIAN_POINT('',(0.0,0.0061,0.005));
#5302=VECTOR('',#6208,1.0);
#5303=CARTESIAN_POINT('',(0.001,0.0061,0.005));
#5304=VECTOR('',#6209,1.0);
#5305=CARTESIAN_POINT('',(-0.003,0.0061,0.005));
#5306=VECTOR('',#6210,1.0);
#5307=COLOUR_RGB('',0.560784339904785,0.686274528503418,0.560784339904785);
#5308=CARTESIAN_POINT('',(-0.004,0.0017,0.003));
#5309=AXIS2_PLACEMENT_3D('',#6211,#6212,#6213);
#5310=COLOUR_RGB('',0.560784339904785,0.686274528503418,0.560784339904785);
#5311=COLOUR_RGB('',0.560784339904785,0.686274528503418,0.560784339904785);
#5312=CARTESIAN_POINT('',(-0.0239,0.0462,0.005));
#5313=VECTOR('',#6214,1.0);
#5314=CARTESIAN_POINT('',(-0.0239,0.0442199309870162,0.005));
#5315=VECTOR('',#6215,1.0);
#5316=COLOUR_RGB('',0.560784339904785,0.686274528503418,0.560784339904785);
#5317=CARTESIAN_POINT('',(-0.0146,0.0443,0.005));
#5318=VECTOR('',#6216,1.0);
#5319=CARTESIAN_POINT('',(-0.0146,0.0462,0.0));
#5320=VECTOR('',#6217,1.0);
#5321=COLOUR_RGB('',0.560784339904785,0.686274528503418,0.560784339904785);
#5322=CARTESIAN_POINT('',(-0.0342,0.0118,0.003));
#5323=CARTESIAN_POINT('',(-0.0342,0.0118,0.005));
#5324=VECTOR('',#6218,1.0);
#5325=CARTESIAN_POINT('',(-0.0352,0.0118,0.003));
#5326=CARTESIAN_POINT('',(-0.0375970208758886,0.0118,0.003));
#5327=VECTOR('',#6219,1.0);
#5328=CARTESIAN_POINT('',(-0.0352,0.0118,0.005));
#5329=VECTOR('',#6220,1.0);
#5330=COLOUR_RGB('',0.560784339904785,0.686274528503418,0.560784339904785);
#5331=CARTESIAN_POINT('',(-0.0385,0.014,0.005));
#5332=VECTOR('',#6221,1.0);
#5333=CARTESIAN_POINT('',(-0.0364,0.014,0.003));
#5334=CARTESIAN_POINT('',(-0.0364,0.014,0.005));
#5335=VECTOR('',#6222,1.0);
#5336=CARTESIAN_POINT('',(-0.0364,0.014,0.005));
#5337=VECTOR('',#6223,1.0);
#5338=COLOUR_RGB('',0.560784339904785,0.686274528503418,0.560784339904785);
#5339=CARTESIAN_POINT('',(-0.0036,0.00613,0.003));
#5340=CARTESIAN_POINT('',(-0.003,0.00613,0.003));
#5341=CARTESIAN_POINT('',(-0.0036,0.00613,0.003));
#5342=VECTOR('',#6224,1.0);
#5343=CARTESIAN_POINT('',(-0.0036,0.00612723339703744,0.003));
#5344=CARTESIAN_POINT('',(-0.0036,0.00612723339703744,0.003));
#5345=VECTOR('',#6225,1.0);
#5346=CARTESIAN_POINT('',(-0.003,0.00612723339703744,0.003));
#5347=CARTESIAN_POINT('',(-0.00644754500030024,0.00612723339703744,0.003));
#5348=VECTOR('',#6226,1.0);
#5349=CARTESIAN_POINT('',(-0.003,0.0118,0.003));
#5350=VECTOR('',#6227,1.0);
#5351=COLOUR_RGB('',0.560784339904785,0.686274528503418,0.560784339904785);
#5352=CARTESIAN_POINT('',(-0.009,0.0026,0.003));
#5353=CARTESIAN_POINT('',(-0.009,0.0026,0.005));
#5354=VECTOR('',#6228,1.0);
#5355=CARTESIAN_POINT('',(-0.009,0.0,0.003));
#5356=VECTOR('',#6229,1.0);
#5357=COLOUR_RGB('',0.560784339904785,0.686274528503418,0.560784339904785);
#5358=CARTESIAN_POINT('',(-0.0036,0.00612723339703744,0.003));
#5359=VECTOR('',#6230,1.0);
#5360=CARTESIAN_POINT('',(-0.003,0.00612723339703744,0.005));
#5361=VECTOR('',#6231,1.0);
#5362=COLOUR_RGB('',0.560784339904785,0.686274528503418,0.560784339904785);
#5363=CARTESIAN_POINT('',(-0.0025,0.014,0.003));
#5364=CARTESIAN_POINT('',(-0.0025,0.014,0.005));
#5365=VECTOR('',#6232,1.0);
#5366=CARTESIAN_POINT('',(-0.0025,0.0292,0.003));
#5367=CARTESIAN_POINT('',(-0.0025,0.0292,0.005));
#5368=VECTOR('',#6233,1.0);
#5369=CARTESIAN_POINT('',(-0.0025,0.014,0.003));
#5370=VECTOR('',#6234,1.0);
#5371=COLOUR_RGB('',0.560784339904785,0.686274528503418,0.560784339904785);
#5372=CARTESIAN_POINT('',(-0.003,0.0038,0.003));
#5373=CARTESIAN_POINT('',(-0.003,0.0,0.003));
#5374=VECTOR('',#6235,1.0);
#5375=CARTESIAN_POINT('',(0.0,0.0038,0.003));
#5376=CARTESIAN_POINT('',(0.0,0.0038,0.003));
#5377=VECTOR('',#6236,1.0);
#5378=CARTESIAN_POINT('',(0.0,0.0,0.003));
#5379=VECTOR('',#6237,1.0);
#5380=COLOUR_RGB('',0.560784339904785,0.686274528503418,0.560784339904785);
#5381=CARTESIAN_POINT('',(0.0,0.0038,0.005));
#5382=VECTOR('',#6238,1.0);
#5383=CARTESIAN_POINT('',(-0.003,0.0038,0.005));
#5384=VECTOR('',#6239,1.0);
#5385=COLOUR_RGB('',0.560784339904785,0.686274528503418,0.560784339904785);
#5386=CARTESIAN_POINT('',(0.001,0.0,0.005));
#5387=VECTOR('',#6240,1.0);
#5388=CARTESIAN_POINT('',(-0.0343,1.50231459873716E-18,0.005));
#5389=VECTOR('',#6241,1.0);
#5390=CARTESIAN_POINT('',(-0.0165,0.0,0.005));
#5391=VECTOR('',#6242,1.0);
#5392=CARTESIAN_POINT('',(-0.0153,0.0,0.005));
#5393=VECTOR('',#6243,1.0);
#5394=COLOUR_RGB('',0.560784339904785,0.686274528503418,0.560784339904785);
#5395=CARTESIAN_POINT('',(-0.04,0.0059,0.005));
#5396=VECTOR('',#6244,1.0);
#5397=CARTESIAN_POINT('',(-0.04,0.00329089653438087,0.005));
#5398=VECTOR('',#6245,1.0);
#5399=COLOUR_RGB('',0.560784339904785,0.686274528503418,0.560784339904785);
#5400=CARTESIAN_POINT('',(-0.0215,0.0462,0.0079));
#5401=VECTOR('',#6246,1.0);
#5402=COLOUR_RGB('',0.560784339904785,0.686274528503418,0.560784339904785);
#5403=CARTESIAN_POINT('',(0.0,0.014,0.005));
#5404=VECTOR('',#6247,1.0);
#5405=CARTESIAN_POINT('',(0.0,0.03,0.005));
#5406=VECTOR('',#6248,1.0);
#5407=CARTESIAN_POINT('',(0.0,0.019,0.005));
#5408=VECTOR('',#6249,1.0);
#5409=CARTESIAN_POINT('',(0.0,0.0205,0.005));
#5410=VECTOR('',#6250,1.0);
#5411=COLOUR_RGB('',0.560784339904785,0.686274528503418,0.560784339904785);
#5412=CARTESIAN_POINT('',(-0.003,0.0161,0.003));
#5413=VECTOR('',#6251,1.0);
#5414=COLOUR_RGB('',0.560784339904785,0.686274528503418,0.560784339904785);
#5415=CARTESIAN_POINT('',(-0.0025,0.014,0.005));
#5416=VECTOR('',#6252,1.0);
#5417=COLOUR_RGB('',0.560784339904785,0.686274528503418,0.560784339904785);
#5418=COLOUR_RGB('',0.560784339904785,0.686274528503418,0.560784339904785);
#5419=COLOUR_RGB('',0.560784339904785,0.686274528503418,0.560784339904785);
#5420=CARTESIAN_POINT('',(-0.0046,0.0026,0.003));
#5421=CARTESIAN_POINT('',(-0.0046,0.0026,0.003));
#5422=VECTOR('',#6253,1.0);
#5423=CARTESIAN_POINT('',(-0.0046,0.0026,0.005));
#5424=VECTOR('',#6254,1.0);
#5425=COLOUR_RGB('',0.560784339904785,0.686274528503418,0.560784339904785);
#5426=CARTESIAN_POINT('',(-0.00792405817021678,0.0026,0.003));
#5427=VECTOR('',#6255,1.0);
#5428=COLOUR_RGB('',0.560784339904785,0.686274528503418,0.560784339904785);
#5429=CARTESIAN_POINT('',(-0.0291,0.0026,0.003));
#5430=CARTESIAN_POINT('',(-0.0291,0.0026,0.005));
#5431=VECTOR('',#6256,1.0);
#5432=CARTESIAN_POINT('',(-0.0291,0.00353575368217968,0.003));
#5433=VECTOR('',#6257,1.0);
#5434=COLOUR_RGB('',0.560784339904785,0.686274528503418,0.560784339904785);
#5435=CARTESIAN_POINT('',(-0.0342,0.0026,0.003));
#5436=CARTESIAN_POINT('',(-0.0342,0.0026,0.003));
#5437=VECTOR('',#6258,1.0);
#5438=CARTESIAN_POINT('',(-0.0342,0.0026,0.005));
#5439=VECTOR('',#6259,1.0);
#5440=COLOUR_RGB('',0.560784339904785,0.686274528503418,0.560784339904785);
#5441=CARTESIAN_POINT('',(-0.0342,0.00510127122816373,0.003));
#5442=VECTOR('',#6260,1.0);
#5443=COLOUR_RGB('',0.560784339904785,0.686274528503418,0.560784339904785);
#5444=CARTESIAN_POINT('',(-0.0352,0.0118,0.005));
#5445=VECTOR('',#6261,1.0);
#5446=CARTESIAN_POINT('',(-0.0352,0.0059,0.005));
#5447=VECTOR('',#6262,1.0);
#5448=CARTESIAN_POINT('',(-0.0352,0.0038,0.005));
#5449=VECTOR('',#6263,1.0);
#5450=COLOUR_RGB('',0.560784339904785,0.686274528503418,0.560784339904785);
#5451=COLOUR_RGB('',0.560784339904785,0.686274528503418,0.560784339904785);
#5452=CARTESIAN_POINT('',(-0.0387,0.0059,0.005));
#5453=VECTOR('',#6264,1.0);
#5454=CARTESIAN_POINT('',(-0.0387,0.0038,0.005));
#5455=VECTOR('',#6265,1.0);
#5456=COLOUR_RGB('',0.560784339904785,0.686274528503418,0.560784339904785);
#5457=COLOUR_RGB('',0.560784339904785,0.686274528503418,0.560784339904785);
#5458=COLOUR_RGB('',0.560784339904785,0.686274528503418,0.560784339904785);
#5459=CARTESIAN_POINT('',(-0.022168152866242,-0.0120917197452229,0.003));
#5460=VECTOR('',#6266,1.0);
#5461=COLOUR_RGB('',0.560784339904785,0.686274528503418,0.560784339904785);
#5462=CARTESIAN_POINT('',(-0.0364,0.0292,0.003));
#5463=CARTESIAN_POINT('',(-0.0364,0.014,0.003));
#5464=VECTOR('',#6267,1.0);
#5465=CARTESIAN_POINT('',(-0.0364,0.0292,0.005));
#5466=VECTOR('',#6268,1.0);
#5467=COLOUR_RGB('',0.560784339904785,0.686274528503418,0.560784339904785);
#5468=CARTESIAN_POINT('',(-0.0385,0.03,0.005));
#5469=VECTOR('',#6269,1.0);
#5470=COLOUR_RGB('',0.560784339904785,0.686274528503418,0.560784339904785);
#5471=CARTESIAN_POINT('',(-0.0374,0.0363,0.005));
#5472=VECTOR('',#6270,1.0);
#5473=CARTESIAN_POINT('',(-0.0353,0.0363,0.005));
#5474=VECTOR('',#6271,1.0);
#5475=COLOUR_RGB('',0.560784339904785,0.686274528503418,0.560784339904785);
#5476=CARTESIAN_POINT('',(-0.0353,0.033,0.005));
#5477=VECTOR('',#6272,1.0);
#5478=COLOUR_RGB('',0.560784339904785,0.686274528503418,0.560784339904785);
#5479=COLOUR_RGB('',0.560784339904785,0.686274528503418,0.560784339904785);
#5480=CARTESIAN_POINT('',(-0.0342,0.0314,0.003));
#5481=CARTESIAN_POINT('',(-0.0364,0.0292,0.003));
#5482=VECTOR('',#6273,1.0);
#5483=CARTESIAN_POINT('',(-0.0342,0.0314,0.005));
#5484=VECTOR('',#6274,1.0);
#5485=COLOUR_RGB('',0.560784339904785,0.686274528503418,0.560784339904785);
#5486=CARTESIAN_POINT('',(-0.0046,0.0313,0.003));
#5487=CARTESIAN_POINT('',(-0.0046,0.0313,0.005));
#5488=VECTOR('',#6275,1.0);
#5489=CARTESIAN_POINT('',(-0.0055,0.0322,0.003));
#5490=VECTOR('',#6276,1.0);
#5491=COLOUR_RGB('',0.560784339904785,0.686274528503418,0.560784339904785);
#5492=CARTESIAN_POINT('',(-0.0025,0.0423,0.005));
#5493=VECTOR('',#6277,1.0);
#5494=CARTESIAN_POINT('',(-0.0025,0.032199399983786,0.005));
#5495=VECTOR('',#6278,1.0);
#5496=COLOUR_RGB('',0.560784339904785,0.686274528503418,0.560784339904785);
#5497=COLOUR_RGB('',0.560784339904785,0.686274528503418,0.560784339904785);
#5498=CARTESIAN_POINT('',(-0.0046,0.04,0.003));
#5499=CARTESIAN_POINT('',(-0.0046,0.04,0.005));
#5500=VECTOR('',#6279,1.0);
#5501=CARTESIAN_POINT('',(-0.0046,0.0388138529406007,0.003));
#5502=VECTOR('',#6280,1.0);
#5503=COLOUR_RGB('',0.560784339904785,0.686274528503418,0.560784339904785);
#5504=CARTESIAN_POINT('',(-0.0342,0.04,0.003));
#5505=CARTESIAN_POINT('',(-0.0342,0.04,0.003));
#5506=VECTOR('',#6281,1.0);
#5507=CARTESIAN_POINT('',(-0.0342,0.04,0.005));
#5508=VECTOR('',#6282,1.0);
#5509=COLOUR_RGB('',0.560784339904785,0.686274528503418,0.560784339904785);
#5510=CARTESIAN_POINT('',(-0.0304,0.04,0.003));
#5511=CARTESIAN_POINT('',(-0.0304,0.04,0.005));
#5512=VECTOR('',#6283,1.0);
#5513=CARTESIAN_POINT('',(-0.031155714778931,0.04,0.003));
#5514=VECTOR('',#6284,1.0);
#5515=COLOUR_RGB('',0.560784339904785,0.686274528503418,0.560784339904785);
#5516=CARTESIAN_POINT('',(-0.0238,0.0414,0.003));
#5517=CARTESIAN_POINT('',(-0.0238,0.0414,0.005));
#5518=VECTOR('',#6285,1.0);
#5519=CARTESIAN_POINT('',(-0.0291,0.0414,0.003));
#5520=CARTESIAN_POINT('',(-0.0291,0.0414,0.005));
#5521=VECTOR('',#6286,1.0);
#5522=CARTESIAN_POINT('',(-0.0315529146197935,0.0414,0.003));
#5523=VECTOR('',#6287,1.0);
#5524=COLOUR_RGB('',0.560784339904785,0.686274528503418,0.560784339904785);
#5525=CARTESIAN_POINT('',(-0.009,0.0414,0.003));
#5526=CARTESIAN_POINT('',(-0.009,0.0414,0.005));
#5527=VECTOR('',#6288,1.0);
#5528=CARTESIAN_POINT('',(-0.008,0.04,0.003));
#5529=CARTESIAN_POINT('',(-0.008,0.04,0.003));
#5530=VECTOR('',#6289,1.0);
#5531=CARTESIAN_POINT('',(-0.008,0.04,0.005));
#5532=VECTOR('',#6290,1.0);
#5533=COLOUR_RGB('',0.560784339904785,0.686274528503418,0.560784339904785);
#5534=CARTESIAN_POINT('',(-0.0304,0.04,0.003));
#5535=VECTOR('',#6291,1.0);
#5536=COLOUR_RGB('',0.560784339904785,0.686274528503418,0.560784339904785);
#5537=CARTESIAN_POINT('',(-0.0146,0.043,0.005));
#5538=VECTOR('',#6292,1.0);
#5539=CARTESIAN_POINT('',(-0.0072,0.043,0.005));
#5540=VECTOR('',#6293,1.0);
#5541=COLOUR_RGB('',0.560784339904785,0.686274528503418,0.560784339904785);
#5542=CARTESIAN_POINT('',(-0.0184,0.0428,0.005));
#5543=VECTOR('',#6294,1.0);
#5544=CARTESIAN_POINT('',(-0.0184,0.0443,0.005));
#5545=VECTOR('',#6295,1.0);
#5546=CARTESIAN_POINT('',(-0.0184,0.0414,0.003));
#5547=CARTESIAN_POINT('',(-0.0184,0.0414,0.005));
#5548=VECTOR('',#6296,1.0);
#5549=CARTESIAN_POINT('',(-0.0184,0.0414,0.005));
#5550=VECTOR('',#6297,1.0);
#5551=COLOUR_RGB('',0.560784339904785,0.686274528503418,0.560784339904785);
#5552=COLOUR_RGB('',0.560784339904785,0.686274528503418,0.560784339904785);
#5553=CARTESIAN_POINT('',(-0.0146,0.0414,0.003));
#5554=CARTESIAN_POINT('',(-0.0315529146197935,0.0414,0.003));
#5555=VECTOR('',#6298,1.0);
#5556=CARTESIAN_POINT('',(-0.0146,0.0414,0.005));
#5557=VECTOR('',#6299,1.0);
#5558=COLOUR_RGB('',0.560784339904785,0.686274528503418,0.560784339904785);
#5559=CARTESIAN_POINT('',(-0.02,0.0442199309870162,0.005));
#5560=VECTOR('',#6300,1.0);
#5561=CARTESIAN_POINT('',(-0.02,0.0427199309870162,0.005));
#5562=VECTOR('',#6301,1.0);
#5563=CARTESIAN_POINT('',(-0.02,0.0414,0.003));
#5564=CARTESIAN_POINT('',(-0.02,0.0414,0.005));
#5565=VECTOR('',#6302,1.0);
#5566=CARTESIAN_POINT('',(-0.02,0.0414,0.005));
#5567=VECTOR('',#6303,1.0);
#5568=COLOUR_RGB('',0.560784339904785,0.686274528503418,0.560784339904785);
#5569=CARTESIAN_POINT('',(-0.0238,0.0414,0.005));
#5570=VECTOR('',#6304,1.0);
#5571=CARTESIAN_POINT('',(-0.0315529146197935,0.0414,0.003));
#5572=VECTOR('',#6305,1.0);
#5573=COLOUR_RGB('',0.560784339904785,0.686274528503418,0.560784339904785);
#5574=CARTESIAN_POINT('',(-0.0238,0.0434771216862166,0.005));
#5575=VECTOR('',#6306,1.0);
#5576=COLOUR_RGB('',0.560784339904785,0.686274528503418,0.560784339904785);
#5577=CARTESIAN_POINT('',(-0.0215,0.0442199309870162,0.005));
#5578=VECTOR('',#6307,1.0);
#5579=COLOUR_RGB('',0.560784339904785,0.686274528503418,0.560784339904785);
#5580=CARTESIAN_POINT('',(-0.0304,0.0434771216862166,0.005));
#5581=VECTOR('',#6308,1.0);
#5582=COLOUR_RGB('',0.560784339904785,0.686274528503418,0.560784339904785);
#5583=CARTESIAN_POINT('',(-0.0215,0.0427199309870162,0.005));
#5584=VECTOR('',#6309,1.0);
#5585=COLOUR_RGB('',0.560784339904785,0.686274528503418,0.560784339904785);
#5586=COLOUR_RGB('',0.560784339904785,0.686274528503418,0.560784339904785);
#5587=CARTESIAN_POINT('',(-0.0169,0.0443,0.005));
#5588=VECTOR('',#6310,1.0);
#5589=CARTESIAN_POINT('',(-0.0169,0.0428,0.005));
#5590=VECTOR('',#6311,1.0);
#5591=COLOUR_RGB('',0.560784339904785,0.686274528503418,0.560784339904785);
#5592=COLOUR_RGB('',0.560784339904785,0.686274528503418,0.560784339904785);
#5593=CARTESIAN_POINT('',(-0.0072,0.0423,0.005));
#5594=VECTOR('',#6312,1.0);
#5595=COLOUR_RGB('',0.560784339904785,0.686274528503418,0.560784339904785);
#5596=COLOUR_RGB('',0.560784339904785,0.686274528503418,0.560784339904785);
#5597=CARTESIAN_POINT('',(-0.0146,0.0414,0.005));
#5598=VECTOR('',#6313,1.0);
#5599=COLOUR_RGB('',0.560784339904785,0.686274528503418,0.560784339904785);
#5600=CARTESIAN_POINT('',(-0.0304,0.0422,0.005));
#5601=VECTOR('',#6314,1.0);
#5602=COLOUR_RGB('',0.560784339904785,0.686274528503418,0.560784339904785);
#5603=CARTESIAN_POINT('',(-0.0374,0.0422,0.005));
#5604=VECTOR('',#6315,1.0);
#5605=CARTESIAN_POINT('',(-0.0341,0.0422,0.005));
#5606=VECTOR('',#6316,1.0);
#5607=CARTESIAN_POINT('',(-0.0319,0.0422,0.005));
#5608=VECTOR('',#6317,1.0);
#5609=COLOUR_RGB('',0.560784339904785,0.686274528503418,0.560784339904785);
#5610=CARTESIAN_POINT('',(-0.0319,0.0432,0.005));
#5611=VECTOR('',#6318,1.0);
#5612=COLOUR_RGB('',0.560784339904785,0.686274528503418,0.560784339904785);
#5613=COLOUR_RGB('',0.560784339904785,0.686274528503418,0.560784339904785);
#5614=CARTESIAN_POINT('',(-0.0341,0.0432,0.005));
#5615=VECTOR('',#6319,1.0);
#5616=COLOUR_RGB('',0.560784339904785,0.686274528503418,0.560784339904785);
#5617=COLOUR_RGB('',0.560784339904785,0.686274528503418,0.560784339904785);
#5618=COLOUR_RGB('',0.560784339904785,0.686274528503418,0.560784339904785);
#5619=CARTESIAN_POINT('',(0.0022,0.023,0.005));
#5620=VECTOR('',#6320,1.0);
#5621=CARTESIAN_POINT('',(0.0036,0.023,0.005));
#5622=VECTOR('',#6321,1.0);
#5623=COLOUR_RGB('',0.560784339904785,0.686274528503418,0.560784339904785);
#5624=CARTESIAN_POINT('',(0.0036,0.019,0.005));
#5625=VECTOR('',#6322,1.0);
#5626=COLOUR_RGB('',0.560784339904785,0.686274528503418,0.560784339904785);
#5627=COLOUR_RGB('',0.560784339904785,0.686274528503418,0.560784339904785);
#5628=CARTESIAN_POINT('',(0.0022,0.0205,0.005));
#5629=VECTOR('',#6323,1.0);
#5630=COLOUR_RGB('',0.560784339904785,0.686274528503418,0.560784339904785);
#5631=COLOUR_RGB('',0.560784339904785,0.686274528503418,0.560784339904785);
#5632=CARTESIAN_POINT('',(-0.0186,-0.0015,0.005));
#5633=VECTOR('',#6324,1.0);
#5634=CARTESIAN_POINT('',(-0.0165,-0.0015,0.005));
#5635=VECTOR('',#6325,1.0);
#5636=COLOUR_RGB('',0.560784339904785,0.686274528503418,0.560784339904785);
#5637=COLOUR_RGB('',0.560784339904785,0.686274528503418,0.560784339904785);
#5638=CARTESIAN_POINT('',(-0.0153,-0.0027,0.005));
#5639=VECTOR('',#6326,1.0);
#5640=COLOUR_RGB('',0.560784339904785,0.686274528503418,0.560784339904785);
#5641=CARTESIAN_POINT('',(-0.0186,-0.0027,0.005));
#5642=VECTOR('',#6327,1.0);
#5643=COLOUR_RGB('',0.560784339904785,0.686274528503418,0.560784339904785);
#5644=COLOUR_RGB('',0.560784339904785,0.686274528503418,0.560784339904785);
#5645=CARTESIAN_POINT('',(-0.0036,0.00613,0.003));
#5646=VECTOR('',#6328,1.0);
#5647=CARTESIAN_POINT('',(-0.003,0.00613,0.003));
#5648=VECTOR('',#6329,1.0);
#5649=COLOUR_RGB('',0.560784339904785,0.686274528503418,0.560784339904785);
#5650=CARTESIAN_POINT('',(-0.0036,0.0118,0.003));
#5651=CARTESIAN_POINT('',(-0.0036,0.0118,0.003));
#5652=VECTOR('',#6330,1.0);
#5653=CARTESIAN_POINT('',(-0.0036,0.0118,0.003));
#5654=VECTOR('',#6331,1.0);
#5655=COLOUR_RGB('',0.560784339904785,0.686274528503418,0.560784339904785);
#5656=CARTESIAN_POINT('',(-0.0025,0.014,0.003));
#5657=VECTOR('',#6332,1.0);
#5658=COLOUR_RGB('',0.560784339904785,0.686274528503418,0.560784339904785);
#5659=CARTESIAN_POINT('',(-0.01885,0.0257,0.003));
#5660=AXIS2_PLACEMENT_3D('',#6333,#6334,#6335);
#5661=COLOUR_RGB('',0.560784339904785,0.686274528503418,0.560784339904785);
#5662=CARTESIAN_POINT('',(-0.01885,0.0167,0.003));
#5663=AXIS2_PLACEMENT_3D('',#6336,#6337,#6338);
#5664=COLOUR_RGB('',0.560784339904785,0.686274528503418,0.560784339904785);
#5665=CARTESIAN_POINT('',(-0.031155714778931,0.04,0.003));
#5666=VECTOR('',#6339,1.0);
#5667=COLOUR_RGB('',0.560784339904785,0.686274528503418,0.560784339904785);
#5668=CARTESIAN_POINT('',(-0.0315529146197935,0.0414,0.003));
#5669=VECTOR('',#6340,1.0);
#5670=COLOUR_RGB('',0.560784339904785,0.686274528503418,0.560784339904785);
#5671=CARTESIAN_POINT('',(-0.0315529146197935,0.0414,0.003));
#5672=VECTOR('',#6341,1.0);
#5673=COLOUR_RGB('',0.560784339904785,0.686274528503418,0.560784339904785);
#5674=COLOUR_RGB('',0.560784339904785,0.686274528503418,0.560784339904785);
#5675=COLOUR_RGB('',0.560784339904785,0.686274528503418,0.560784339904785);
#5676=CARTESIAN_POINT('',(-0.0215,0.0442199309870162,0.0079));
#5677=VECTOR('',#6342,1.0);
#5678=COLOUR_RGB('',0.560784339904785,0.686274528503418,0.560784339904785);
#5679=COLOUR_RGB('',0.560784339904785,0.686274528503418,0.560784339904785);
#5680=COLOUR_RGB('',0.560784339904785,0.686274528503418,0.560784339904785);
#5681=COLOUR_RGB('',0.560784339904785,0.686274528503418,0.560784339904785);
#5682=COLOUR_RGB('',0.560784339904785,0.686274528503418,0.560784339904785);
#5683=CARTESIAN_POINT('',(-0.0235,0.0134,-0.002));
#5684=AXIS2_PLACEMENT_3D('',#6343,#6344,#6345);
#5685=COLOUR_RGB('',0.560784339904785,0.686274528503418,0.560784339904785);
#5686=CARTESIAN_POINT('',(-0.0204,0.0257,-0.002));
#5687=AXIS2_PLACEMENT_3D('',#6346,#6347,#6348);
#5688=CARTESIAN_POINT('',(-0.01885,0.0257,-0.002));
#5689=AXIS2_PLACEMENT_3D('',#6349,#6350,#6351);
#5690=COLOUR_RGB('',0.560784339904785,0.686274528503418,0.560784339904785);
#5691=CARTESIAN_POINT('',(-0.0204,0.0167,-0.002));
#5692=AXIS2_PLACEMENT_3D('',#6352,#6353,#6354);
#5693=CARTESIAN_POINT('',(-0.01885,0.0167,-0.002));
#5694=AXIS2_PLACEMENT_3D('',#6355,#6356,#6357);
#5695=COLOUR_RGB('',0.560784339904785,0.686274528503418,0.560784339904785);
#5696=COLOUR_RGB('',0.560784339904785,0.686274528503418,0.560784339904785);
#5697=CARTESIAN_POINT('',(-0.0092,0.00146945734440176,0.0031));
#5698=CARTESIAN_POINT('',(-0.0092,0.00146945734440176,0.0076));
#5699=CARTESIAN_POINT('',(-0.0092,0.00146945734440176,0.0031));
#5700=VECTOR('',#6358,1.0);
#5701=CARTESIAN_POINT('',(-0.0092,0.00265,0.0031));
#5702=CARTESIAN_POINT('',(-0.0092,0.00126945734440176,0.0031));
#5703=VECTOR('',#6359,1.0);
#5704=CARTESIAN_POINT('',(-0.0092,0.00265,0.0076));
#5705=CARTESIAN_POINT('',(-0.0092,0.00265,0.0031));
#5706=VECTOR('',#6360,1.0);
#5707=CARTESIAN_POINT('',(-0.0092,0.00126945734440176,0.0076));
#5708=VECTOR('',#6361,1.0);
#5709=COLOUR_RGB('',0.560784339904785,0.686274528503418,0.560784339904785);
#5710=CARTESIAN_POINT('',(-0.0289,0.00146945734440176,0.0031));
#5711=CARTESIAN_POINT('',(-0.0289,0.00146945734440176,0.0076));
#5712=CARTESIAN_POINT('',(-0.0289,0.00146945734440176,0.0031));
#5713=VECTOR('',#6362,1.0);
#5714=CARTESIAN_POINT('',(-0.0291,0.00146945734440176,0.0031));
#5715=VECTOR('',#6363,1.0);
#5716=CARTESIAN_POINT('',(-0.0291,0.00146945734440176,0.0076));
#5717=VECTOR('',#6364,1.0);
#5718=COLOUR_RGB('',0.560784339904785,0.686274528503418,0.560784339904785);
#5719=CARTESIAN_POINT('',(-0.0048,0.00265,0.0031));
#5720=CARTESIAN_POINT('',(-0.009,0.00265,0.0031));
#5721=VECTOR('',#6365,1.0);
#5722=CARTESIAN_POINT('',(-0.0048,0.00265,0.0076));
#5723=CARTESIAN_POINT('',(-0.0048,0.00265,0.0031));
#5724=VECTOR('',#6366,1.0);
#5725=CARTESIAN_POINT('',(-0.009,0.00265,0.0076));
#5726=VECTOR('',#6367,1.0);
#5727=COLOUR_RGB('',0.560784339904785,0.686274528503418,0.560784339904785);
#5728=CARTESIAN_POINT('',(-0.0227,0.0134,0.0086));
#5729=AXIS2_PLACEMENT_3D('',#6368,#6369,#6370);
#5730=CARTESIAN_POINT('',(-0.0227,0.0134,0.0031));
#5731=AXIS2_PLACEMENT_3D('',#6371,#6372,#6373);
#5732=COLOUR_RGB('',0.560784339904785,0.686274528503418,0.560784339904785);
#5733=CARTESIAN_POINT('',(-0.00525,0.00325,0.0076));
#5734=CARTESIAN_POINT('',(-0.00525,0.03875,0.0076));
#5735=CARTESIAN_POINT('',(-0.00525,0.0154712258989435,0.0076));
#5736=VECTOR('',#6374,1.0);
#5737=CARTESIAN_POINT('',(-0.00525,0.03875,0.0105));
#5738=CARTESIAN_POINT('',(-0.00525,0.03875,0.0046));
#5739=VECTOR('',#6375,1.0);
#5740=CARTESIAN_POINT('',(-0.00525,0.00325,0.0105));
#5741=CARTESIAN_POINT('',(-0.00525,0.0154712258989435,0.0105));
#5742=VECTOR('',#6376,1.0);
#5743=CARTESIAN_POINT('',(-0.00525,0.00325,0.0046));
#5744=VECTOR('',#6377,1.0);
#5745=COLOUR_RGB('',0.560784339904785,0.686274528503418,0.560784339904785);
#5746=CARTESIAN_POINT('',(-0.00575,0.00375,0.0105));
#5747=CARTESIAN_POINT('',(-0.00575,0.00375,0.0086));
#5748=CARTESIAN_POINT('',(-0.00575,0.00375,0.0046));
#5749=VECTOR('',#6378,1.0);
#5750=CARTESIAN_POINT('',(-0.03275,0.00375,0.0086));
#5751=CARTESIAN_POINT('',(-0.01945,0.00375,0.0086));
#5752=VECTOR('',#6379,1.0);
#5753=CARTESIAN_POINT('',(-0.03275,0.00375,0.0105));
#5754=CARTESIAN_POINT('',(-0.03275,0.00375,0.0046));
#5755=VECTOR('',#6380,1.0);
#5756=CARTESIAN_POINT('',(-0.0115153280998914,0.00375,0.0105));
#5757=VECTOR('',#6381,1.0);
#5758=COLOUR_RGB('',0.560784339904785,0.686274528503418,0.560784339904785);
#5759=CARTESIAN_POINT('',(-0.03275,0.03825,0.0086));
#5760=CARTESIAN_POINT('',(-0.03275,0.0213347286722009,0.0086));
#5761=VECTOR('',#6382,1.0);
#5762=CARTESIAN_POINT('',(-0.03275,0.03825,0.0105));
#5763=CARTESIAN_POINT('',(-0.03275,0.03825,0.0046));
#5764=VECTOR('',#6383,1.0);
#5765=CARTESIAN_POINT('',(-0.03275,0.014,0.0105));
#5766=VECTOR('',#6384,1.0);
#5767=COLOUR_RGB('',0.560784339904785,0.686274528503418,0.560784339904785);
#5768=CARTESIAN_POINT('',(-0.00575,0.03825,0.0105));
#5769=CARTESIAN_POINT('',(-0.00575,0.03825,0.0086));
#5770=CARTESIAN_POINT('',(-0.00575,0.03825,0.0046));
#5771=VECTOR('',#6385,1.0);
#5772=CARTESIAN_POINT('',(-0.00575,0.0213347286722009,0.0086));
#5773=VECTOR('',#6386,1.0);
#5774=CARTESIAN_POINT('',(-0.00575,0.0285,0.0105));
#5775=VECTOR('',#6387,1.0);
#5776=COLOUR_RGB('',0.560784339904785,0.686274528503418,0.560784339904785);
#5777=CARTESIAN_POINT('',(-0.0073,0.03825,0.0105));
#5778=VECTOR('',#6388,1.0);
#5779=CARTESIAN_POINT('',(-0.03325,0.03875,0.0105));
#5780=CARTESIAN_POINT('',(-0.0221612280410141,0.03875,0.0105));
#5781=VECTOR('',#6389,1.0);
#5782=CARTESIAN_POINT('',(-0.03325,0.00325,0.0105));
#5783=CARTESIAN_POINT('',(-0.03325,0.014,0.0105));
#5784=VECTOR('',#6390,1.0);
#5785=CARTESIAN_POINT('',(-0.0115153280998914,0.00325,0.0105));
#5786=VECTOR('',#6391,1.0);
#5787=COLOUR_RGB('',0.560784339904785,0.686274528503418,0.560784339904785);
#5788=CARTESIAN_POINT('',(-0.01945,0.03825,0.0086));
#5789=VECTOR('',#6392,1.0);
#5790=COLOUR_RGB('',0.560784339904785,0.686274528503418,0.560784339904785);
#5791=COLOUR_RGB('',0.560784339904785,0.686274528503418,0.560784339904785);
#5792=CARTESIAN_POINT('',(-0.03325,0.00325,0.0076));
#5793=CARTESIAN_POINT('',(-0.01945,0.00325,0.0076));
#5794=VECTOR('',#6393,1.0);
#5795=CARTESIAN_POINT('',(-0.03325,0.00325,0.0046));
#5796=VECTOR('',#6394,1.0);
#5797=COLOUR_RGB('',0.560784339904785,0.686274528503418,0.560784339904785);
#5798=CARTESIAN_POINT('',(-0.03325,0.03875,0.0076));
#5799=CARTESIAN_POINT('',(-0.03325,0.014,0.0076));
#5800=VECTOR('',#6395,1.0);
#5801=CARTESIAN_POINT('',(-0.03325,0.03875,0.0046));
#5802=VECTOR('',#6396,1.0);
#5803=COLOUR_RGB('',0.560784339904785,0.686274528503418,0.560784339904785);
#5804=CARTESIAN_POINT('',(-0.0221612280410141,0.03875,0.0076));
#5805=VECTOR('',#6397,1.0);
#5806=COLOUR_RGB('',0.560784339904785,0.686274528503418,0.560784339904785);
#5807=CARTESIAN_POINT('',(-0.034,0.00265,0.0031));
#5808=CARTESIAN_POINT('',(-0.0289,0.00265,0.0031));
#5809=CARTESIAN_POINT('',(-0.0342,0.00265,0.0031));
#5810=VECTOR('',#6398,1.0);
#5811=CARTESIAN_POINT('',(-0.034,0.0118828427124746,0.0031));
#5812=CARTESIAN_POINT('',(-0.034,0.0118,0.0031));
#5813=VECTOR('',#6399,1.0);
#5814=CARTESIAN_POINT('',(-0.0362,0.0140828427124746,0.0031));
#5815=CARTESIAN_POINT('',(-0.0362585786437627,0.0141414213562373,0.0031));
#5816=VECTOR('',#6400,1.0);
#5817=CARTESIAN_POINT('',(-0.0362,0.0291171572875254,0.0031));
#5818=CARTESIAN_POINT('',(-0.0362,0.0292,0.0031));
#5819=VECTOR('',#6401,1.0);
#5820=CARTESIAN_POINT('',(-0.034,0.0313171572875254,0.0031));
#5821=CARTESIAN_POINT('',(-0.0340585786437627,0.0312585786437627,0.0031));
#5822=VECTOR('',#6402,1.0);
#5823=CARTESIAN_POINT('',(-0.034,0.0398,0.0031));
#5824=CARTESIAN_POINT('',(-0.034,0.04,0.0031));
#5825=VECTOR('',#6403,1.0);
#5826=CARTESIAN_POINT('',(-0.0303127860975065,0.0398,0.0031));
#5827=CARTESIAN_POINT('',(-0.0304,0.0398,0.0031));
#5828=VECTOR('',#6404,1.0);
#5829=CARTESIAN_POINT('',(-0.0290127860975065,0.0412,0.0031));
#5830=CARTESIAN_POINT('',(-0.0289534413016747,0.0412639097801265,0.0031));
#5831=VECTOR('',#6405,1.0);
#5832=CARTESIAN_POINT('',(-0.00910292357905836,0.0412,0.0031));
#5833=CARTESIAN_POINT('',(-0.009,0.0412,0.0031));
#5834=VECTOR('',#6406,1.0);
#5835=CARTESIAN_POINT('',(-0.00810292357905836,0.0398,0.0031));
#5836=CARTESIAN_POINT('',(-0.00816274669424134,0.0398837523612562,0.0031));
#5837=VECTOR('',#6407,1.0);
#5838=CARTESIAN_POINT('',(-0.0048,0.0398,0.0031));
#5839=CARTESIAN_POINT('',(-0.0046,0.0398,0.0031));
#5840=VECTOR('',#6408,1.0);
#5841=CARTESIAN_POINT('',(-0.0048,0.0312171572875254,0.0031));
#5842=CARTESIAN_POINT('',(-0.0048,0.0313,0.0031));
#5843=VECTOR('',#6409,1.0);
#5844=CARTESIAN_POINT('',(-0.0027,0.0291171572875254,0.0031));
#5845=CARTESIAN_POINT('',(-0.00264142135623731,0.0290585786437627,0.0031));
#5846=VECTOR('',#6410,1.0);
#5847=CARTESIAN_POINT('',(-0.0027,0.0140666140069331,0.0031));
#5848=CARTESIAN_POINT('',(-0.0027,0.0292,0.0031));
#5849=VECTOR('',#6411,1.0);
#5850=CARTESIAN_POINT('',(-0.0048,0.0112638474039706,0.0031));
#5851=CARTESIAN_POINT('',(-0.00476005685902955,0.011317157547556,0.0031));
#5852=VECTOR('',#6412,1.0);
#5853=CARTESIAN_POINT('',(-0.0048,0.0026,0.0031));
#5854=VECTOR('',#6413,1.0);
#5855=CARTESIAN_POINT('',(-0.0289,0.0026,0.0031));
#5856=VECTOR('',#6414,1.0);
#5857=COLOUR_RGB('',0.560784339904785,0.686274528503418,0.560784339904785);
#5858=CARTESIAN_POINT('',(-0.034,0.00265,0.0076));
#5859=CARTESIAN_POINT('',(-0.0289,0.00265,0.0076));
#5860=CARTESIAN_POINT('',(-0.0342,0.00265,0.0076));
#5861=VECTOR('',#6415,1.0);
#5862=CARTESIAN_POINT('',(-0.0289,0.0026,0.0076));
#5863=VECTOR('',#6416,1.0);
#5864=CARTESIAN_POINT('',(-0.0048,0.0112638474039706,0.0076));
#5865=CARTESIAN_POINT('',(-0.0048,0.0026,0.0076));
#5866=VECTOR('',#6417,1.0);
#5867=CARTESIAN_POINT('',(-0.0027,0.0140666140069331,0.0076));
#5868=CARTESIAN_POINT('',(-0.00476005685902955,0.011317157547556,0.0076));
#5869=VECTOR('',#6418,1.0);
#5870=CARTESIAN_POINT('',(-0.0027,0.0291171572875254,0.0076));
#5871=CARTESIAN_POINT('',(-0.0027,0.0292,0.0076));
#5872=VECTOR('',#6419,1.0);
#5873=CARTESIAN_POINT('',(-0.0048,0.0312171572875254,0.0076));
#5874=CARTESIAN_POINT('',(-0.00264142135623731,0.0290585786437627,0.0076));
#5875=VECTOR('',#6420,1.0);
#5876=CARTESIAN_POINT('',(-0.0048,0.0398,0.0076));
#5877=CARTESIAN_POINT('',(-0.0048,0.0313,0.0076));
#5878=VECTOR('',#6421,1.0);
#5879=CARTESIAN_POINT('',(-0.00810292357905836,0.0398,0.0076));
#5880=CARTESIAN_POINT('',(-0.0046,0.0398,0.0076));
#5881=VECTOR('',#6422,1.0);
#5882=CARTESIAN_POINT('',(-0.00910292357905836,0.0412,0.0076));
#5883=CARTESIAN_POINT('',(-0.00816274669424134,0.0398837523612562,0.0076));
#5884=VECTOR('',#6423,1.0);
#5885=CARTESIAN_POINT('',(-0.0290127860975065,0.0412,0.0076));
#5886=CARTESIAN_POINT('',(-0.009,0.0412,0.0076));
#5887=VECTOR('',#6424,1.0);
#5888=CARTESIAN_POINT('',(-0.0303127860975065,0.0398,0.0076));
#5889=CARTESIAN_POINT('',(-0.0289534413016747,0.0412639097801265,0.0076));
#5890=VECTOR('',#6425,1.0);
#5891=CARTESIAN_POINT('',(-0.034,0.0398,0.0076));
#5892=CARTESIAN_POINT('',(-0.0304,0.0398,0.0076));
#5893=VECTOR('',#6426,1.0);
#5894=CARTESIAN_POINT('',(-0.034,0.0313171572875254,0.0076));
#5895=CARTESIAN_POINT('',(-0.034,0.04,0.0076));
#5896=VECTOR('',#6427,1.0);
#5897=CARTESIAN_POINT('',(-0.0362,0.0291171572875254,0.0076));
#5898=CARTESIAN_POINT('',(-0.0340585786437627,0.0312585786437627,0.0076));
#5899=VECTOR('',#6428,1.0);
#5900=CARTESIAN_POINT('',(-0.0362,0.0140828427124746,0.0076));
#5901=CARTESIAN_POINT('',(-0.0362,0.0292,0.0076));
#5902=VECTOR('',#6429,1.0);
#5903=CARTESIAN_POINT('',(-0.034,0.0118828427124746,0.0076));
#5904=CARTESIAN_POINT('',(-0.0362585786437627,0.0141414213562373,0.0076));
#5905=VECTOR('',#6430,1.0);
#5906=CARTESIAN_POINT('',(-0.034,0.0118,0.0076));
#5907=VECTOR('',#6431,1.0);
#5908=COLOUR_RGB('',0.560784339904785,0.686274528503418,0.560784339904785);
#5909=CARTESIAN_POINT('',(-0.034,0.00265,0.0031));
#5910=VECTOR('',#6432,1.0);
#5911=CARTESIAN_POINT('',(-0.0289,0.00265,0.0031));
#5912=VECTOR('',#6433,1.0);
#5913=COLOUR_RGB('',0.560784339904785,0.686274528503418,0.560784339904785);
#5914=CARTESIAN_POINT('',(-0.034,0.0118828427124746,0.0031));
#5915=VECTOR('',#6434,1.0);
#5916=COLOUR_RGB('',0.560784339904785,0.686274528503418,0.560784339904785);
#5917=CARTESIAN_POINT('',(-0.0362,0.0140828427124746,0.0031));
#5918=VECTOR('',#6435,1.0);
#5919=COLOUR_RGB('',0.560784339904785,0.686274528503418,0.560784339904785);
#5920=CARTESIAN_POINT('',(-0.0362,0.0291171572875254,0.0031));
#5921=VECTOR('',#6436,1.0);
#5922=COLOUR_RGB('',0.560784339904785,0.686274528503418,0.560784339904785);
#5923=CARTESIAN_POINT('',(-0.034,0.0313171572875254,0.0031));
#5924=VECTOR('',#6437,1.0);
#5925=COLOUR_RGB('',0.560784339904785,0.686274528503418,0.560784339904785);
#5926=CARTESIAN_POINT('',(-0.034,0.0398,0.0031));
#5927=VECTOR('',#6438,1.0);
#5928=COLOUR_RGB('',0.560784339904785,0.686274528503418,0.560784339904785);
#5929=CARTESIAN_POINT('',(-0.0303127860975065,0.0398,0.0031));
#5930=VECTOR('',#6439,1.0);
#5931=COLOUR_RGB('',0.560784339904785,0.686274528503418,0.560784339904785);
#5932=CARTESIAN_POINT('',(-0.0290127860975065,0.0412,0.0031));
#5933=VECTOR('',#6440,1.0);
#5934=COLOUR_RGB('',0.560784339904785,0.686274528503418,0.560784339904785);
#5935=CARTESIAN_POINT('',(-0.00910292357905836,0.0412,0.0031));
#5936=VECTOR('',#6441,1.0);
#5937=COLOUR_RGB('',0.560784339904785,0.686274528503418,0.560784339904785);
#5938=CARTESIAN_POINT('',(-0.00810292357905836,0.0398,0.0031));
#5939=VECTOR('',#6442,1.0);
#5940=COLOUR_RGB('',0.560784339904785,0.686274528503418,0.560784339904785);
#5941=CARTESIAN_POINT('',(-0.0048,0.0398,0.0031));
#5942=VECTOR('',#6443,1.0);
#5943=COLOUR_RGB('',0.560784339904785,0.686274528503418,0.560784339904785);
#5944=CARTESIAN_POINT('',(-0.0048,0.0312171572875254,0.0031));
#5945=VECTOR('',#6444,1.0);
#5946=COLOUR_RGB('',0.560784339904785,0.686274528503418,0.560784339904785);
#5947=CARTESIAN_POINT('',(-0.0027,0.0291171572875254,0.0031));
#5948=VECTOR('',#6445,1.0);
#5949=COLOUR_RGB('',0.560784339904785,0.686274528503418,0.560784339904785);
#5950=CARTESIAN_POINT('',(-0.0027,0.0140666140069331,0.0031));
#5951=VECTOR('',#6446,1.0);
#5952=COLOUR_RGB('',0.560784339904785,0.686274528503418,0.560784339904785);
#5953=CARTESIAN_POINT('',(-0.0048,0.0112638474039706,0.0031));
#5954=VECTOR('',#6447,1.0);
#5955=COLOUR_RGB('',0.560784339904785,0.686274528503418,0.560784339904785);
#5956=COLOUR_RGB('',0.560784339904785,0.686274528503418,0.560784339904785);
#5957=COLOUR_RGB('',0.560784339904785,0.686274528503418,0.560784339904785);
#5958=CARTESIAN_POINT('',(-0.0193,0.0257,-0.003));
#5959=DIRECTION('',(0.0,0.0,1.0));
#5960=DIRECTION('',(1.0,0.0,-0.0));
#5961=CARTESIAN_POINT('',(-0.0193,0.0257,-0.003));
#5962=DIRECTION('',(0.0,0.0,1.0));
#5963=DIRECTION('',(1.0,0.0,-0.0));
#5964=CARTESIAN_POINT('',(-0.0193,0.0257,-0.002));
#5965=DIRECTION('',(0.0,0.0,-1.0));
#5966=DIRECTION('',(-1.0,0.0,0.0));
#5967=CARTESIAN_POINT('',(-0.0193,0.0167,-0.002));
#5968=DIRECTION('',(0.0,0.0,-1.0));
#5969=DIRECTION('',(-1.0,0.0,0.0));
#5970=CARTESIAN_POINT('',(-0.0193,0.0167,-0.003));
#5971=DIRECTION('',(0.0,0.0,1.0));
#5972=DIRECTION('',(1.0,0.0,-0.0));
#5973=CARTESIAN_POINT('',(-0.0193,0.0167,-0.003));
#5974=DIRECTION('',(0.0,0.0,1.0));
#5975=DIRECTION('',(1.0,0.0,-0.0));
#5976=CARTESIAN_POINT('',(-0.0239,0.0134,-0.006));
#5977=DIRECTION('',(0.0,0.0,1.0));
#5978=DIRECTION('',(1.0,0.0,-0.0));
#5979=CARTESIAN_POINT('',(-0.0239,0.0134,-0.006));
#5980=DIRECTION('',(0.0,0.0,1.0));
#5981=DIRECTION('',(1.0,0.0,-0.0));
#5982=CARTESIAN_POINT('',(-0.0239,0.0134,-0.002));
#5983=DIRECTION('',(0.0,0.0,-1.0));
#5984=DIRECTION('',(-1.0,0.0,0.0));
#5985=CARTESIAN_POINT('',(-0.0193,0.0167,-0.007));
#5986=DIRECTION('',(0.0,0.0,1.0));
#5987=DIRECTION('',(1.0,0.0,-0.0));
#5988=CARTESIAN_POINT('',(-0.0193,0.0167,-0.007));
#5989=DIRECTION('',(0.0,0.0,1.0));
#5990=DIRECTION('',(1.0,0.0,-0.0));
#5991=CARTESIAN_POINT('',(-0.0193,0.0257,-0.007));
#5992=DIRECTION('',(0.0,0.0,1.0));
#5993=DIRECTION('',(1.0,0.0,-0.0));
#5994=CARTESIAN_POINT('',(-0.0193,0.0257,-0.007));
#5995=DIRECTION('',(0.0,0.0,1.0));
#5996=DIRECTION('',(1.0,0.0,-0.0));
#5997=CARTESIAN_POINT('',(-0.0239,0.0134,0.009));
#5998=DIRECTION('',(0.0,0.0,1.0));
#5999=DIRECTION('',(1.0,0.0,-0.0));
#6000=CARTESIAN_POINT('',(-0.0193,0.0212,0.0017));
#6001=DIRECTION('',(0.0,0.0,1.0));
#6002=DIRECTION('',(1.0,0.0,-0.0));
#6003=CARTESIAN_POINT('',(-0.0193,0.0212,0.0017));
#6004=DIRECTION('',(0.0,0.0,1.0));
#6005=DIRECTION('',(1.0,0.0,-0.0));
#6006=CARTESIAN_POINT('',(-0.0193,0.0212,-0.002));
#6007=DIRECTION('',(0.0,0.0,-1.0));
#6008=DIRECTION('',(-1.0,0.0,0.0));
#6009=CARTESIAN_POINT('',(-0.0193,0.0212,-0.002));
#6010=DIRECTION('',(0.0,0.0,-1.0));
#6011=DIRECTION('',(-1.0,0.0,0.0));
#6012=DIRECTION('',(0.0,-1.0,0.0));
#6013=DIRECTION('',(-1.0,0.0,0.0));
#6014=DIRECTION('',(-0.0,1.0,0.0));
#6015=DIRECTION('',(1.0,0.0,0.0));
#6016=DIRECTION('',(0.0,1.0,0.0));
#6017=DIRECTION('',(-1.0,0.0,0.0));
#6018=DIRECTION('',(0.0,-1.0,0.0));
#6019=DIRECTION('',(-1.0,0.0,0.0));
#6020=DIRECTION('',(0.0,-1.0,0.0));
#6021=DIRECTION('',(-1.0,0.0,0.0));
#6022=DIRECTION('',(0.0,1.0,0.0));
#6023=DIRECTION('',(1.0,0.0,0.0));
#6024=DIRECTION('',(1.0,0.0,-0.0));
#6025=DIRECTION('',(0.0,-1.0,0.0));
#6026=DIRECTION('',(-1.0,0.0,0.0));
#6027=DIRECTION('',(0.0,-1.0,0.0));
#6028=DIRECTION('',(1.0,0.0,-0.0));
#6029=DIRECTION('',(0.0,1.0,0.0));
#6030=DIRECTION('',(0.0,-1.0,0.0));
#6031=DIRECTION('',(-1.0,0.0,0.0));
#6032=DIRECTION('',(0.0,1.0,0.0));
#6033=DIRECTION('',(1.0,0.0,0.0));
#6034=DIRECTION('',(0.0,-1.0,0.0));
#6035=DIRECTION('',(-1.0,0.0,0.0));
#6036=DIRECTION('',(0.0,1.0,0.0));
#6037=DIRECTION('',(-1.0,0.0,0.0));
#6038=DIRECTION('',(0.0,-1.0,0.0));
#6039=DIRECTION('',(1.0,0.0,0.0));
#6040=DIRECTION('',(0.0,1.0,0.0));
#6041=DIRECTION('',(1.0,0.0,0.0));
#6042=DIRECTION('',(0.0,1.0,0.0));
#6043=DIRECTION('',(-1.0,0.0,0.0));
#6044=DIRECTION('',(0.0,-1.0,0.0));
#6045=DIRECTION('',(1.0,0.0,0.0));
#6046=DIRECTION('',(-0.0,1.0,0.0));
#6047=DIRECTION('',(-1.0,0.0,0.0));
#6048=DIRECTION('',(1.0,0.0,0.0));
#6049=DIRECTION('',(0.0,-1.0,0.0));
#6050=DIRECTION('',(-1.0,0.0,0.0));
#6051=DIRECTION('',(0.0,1.0,-0.0));
#6052=DIRECTION('',(0.0,1.0,0.0));
#6053=DIRECTION('',(0.0,0.0,-1.0));
#6054=DIRECTION('',(0.0,0.0,1.0));
#6055=DIRECTION('',(1.0,0.0,0.0));
#6056=DIRECTION('',(0.0,1.0,0.0));
#6057=CARTESIAN_POINT('',(-0.033,0.0432,0.0059));
#6058=DIRECTION('',(0.0,0.0,1.0));
#6059=DIRECTION('',(1.0,0.0,-0.0));
#6060=DIRECTION('',(0.0,-1.0,0.0));
#6061=CARTESIAN_POINT('',(-0.033,0.0432,0.0059));
#6062=DIRECTION('',(0.0,0.0,1.0));
#6063=DIRECTION('',(1.0,0.0,-0.0));
#6064=DIRECTION('',(-1.0,0.0,0.0));
#6065=DIRECTION('',(0.0,-1.0,0.0));
#6066=DIRECTION('',(-1.0,0.0,0.0));
#6067=DIRECTION('',(0.0,1.0,-0.0));
#6068=DIRECTION('',(0.0,1.0,0.0));
#6069=DIRECTION('',(0.0,0.0,1.0));
#6070=DIRECTION('',(0.0,0.0,-1.0));
#6071=DIRECTION('',(0.0,1.0,0.0));
#6072=DIRECTION('',(-1.0,0.0,0.0));
#6073=DIRECTION('',(0.0,-1.0,0.0));
#6074=DIRECTION('',(1.0,0.0,0.0));
#6075=DIRECTION('',(0.866025403784439,-0.5,0.0));
#6076=DIRECTION('',(0.0,-1.0,0.0));
#6077=DIRECTION('',(-1.0,0.0,0.0));
#6078=DIRECTION('',(0.0,1.0,0.0));
#6079=DIRECTION('',(-1.0,0.0,0.0));
#6080=DIRECTION('',(0.0,-1.0,0.0));
#6081=DIRECTION('',(0.0,1.0,0.0));
#6082=DIRECTION('',(0.0,0.0,1.0));
#6083=DIRECTION('',(0.0,0.0,-1.0));
#6084=CARTESIAN_POINT('',(-0.0239,0.0134,0.009));
#6085=DIRECTION('',(0.0,0.0,1.0));
#6086=DIRECTION('',(1.0,0.0,-0.0));
#6087=DIRECTION('',(-1.0,0.0,0.0));
#6088=DIRECTION('',(0.0,1.0,-0.0));
#6089=DIRECTION('',(0.729537204140085,0.68394112888133,-0.0));
#6090=DIRECTION('',(0.0,-1.0,0.0));
#6091=DIRECTION('',(1.0,-0.0,0.0));
#6092=DIRECTION('',(0.0,-1.0,0.0));
#6093=DIRECTION('',(0.707106781186548,0.707106781186547,0.0));
#6094=DIRECTION('',(0.0,-1.0,0.0));
#6095=DIRECTION('',(-1.0,0.0,0.0));
#6096=DIRECTION('',(0.680451099367278,0.732793491626299,0.0));
#6097=DIRECTION('',(1.0,0.0,0.0));
#6098=DIRECTION('',(0.0,1.0,0.0));
#6099=DIRECTION('',(1.0,0.0,0.0));
#6100=DIRECTION('',(0.0,1.0,-0.0));
#6101=DIRECTION('',(1.0,0.0,0.0));
#6102=DIRECTION('',(0.0,1.0,0.0));
#6103=CARTESIAN_POINT('',(-0.033,0.0432,0.0079));
#6104=DIRECTION('',(0.0,0.0,1.0));
#6105=DIRECTION('',(1.0,0.0,-0.0));
#6106=DIRECTION('',(0.0,-1.0,0.0));
#6107=DIRECTION('',(-1.0,0.0,0.0));
#6108=CARTESIAN_POINT('',(-0.033,0.0432,0.0079));
#6109=DIRECTION('',(0.0,0.0,1.0));
#6110=DIRECTION('',(1.0,0.0,-0.0));
#6111=DIRECTION('',(0.0,1.0,0.0));
#6112=DIRECTION('',(1.0,0.0,0.0));
#6113=DIRECTION('',(0.0,1.0,-0.0));
#6114=DIRECTION('',(1.0,0.0,0.0));
#6115=DIRECTION('',(0.0,1.0,0.0));
#6116=DIRECTION('',(1.0,0.0,0.0));
#6117=DIRECTION('',(-1.0,0.0,0.0));
#6118=DIRECTION('',(-1.0,0.0,0.0));
#6119=DIRECTION('',(0.0,-1.0,0.0));
#6120=DIRECTION('',(0.750802877644452,-0.660526334767063,0.0));
#6121=DIRECTION('',(0.0,-1.0,0.0));
#6122=DIRECTION('',(1.0,0.0,0.0));
#6123=DIRECTION('',(0.0,1.0,0.0));
#6124=DIRECTION('',(-1.0,0.0,0.0));
#6125=DIRECTION('',(0.0,1.0,-0.0));
#6126=DIRECTION('',(1.0,0.0,0.0));
#6127=DIRECTION('',(-0.581238193719097,0.813733471206735,0.0));
#6128=DIRECTION('',(1.0,0.0,0.0));
#6129=DIRECTION('',(0.0,-1.0,0.0));
#6130=DIRECTION('',(0.707106781186548,-0.707106781186547,0.0));
#6131=DIRECTION('',(0.0,1.0,0.0));
#6132=DIRECTION('',(-0.0,-0.0,-1.0));
#6133=DIRECTION('',(1.0,0.0,-0.0));
#6134=DIRECTION('',(-0.0,-0.0,-1.0));
#6135=DIRECTION('',(1.0,0.0,0.0));
#6136=DIRECTION('',(0.0,0.0,-1.0));
#6137=DIRECTION('',(-1.0,0.0,0.0));
#6138=DIRECTION('',(0.0,0.0,1.0));
#6139=DIRECTION('',(1.0,0.0,-0.0));
#6140=DIRECTION('',(-0.866025403784439,0.5,0.0));
#6141=DIRECTION('',(1.0,0.0,0.0));
#6142=DIRECTION('',(0.0,-1.0,0.0));
#6143=DIRECTION('',(1.0,2.89120579329468E-16,-0.0));
#6144=DIRECTION('',(0.0,-1.0,0.0));
#6145=DIRECTION('',(-1.0,0.0,0.0));
#6146=DIRECTION('',(0.0,-1.0,0.0));
#6147=DIRECTION('',(-1.0,0.0,0.0));
#6148=DIRECTION('',(0.0,-1.0,0.0));
#6149=DIRECTION('',(0.0,1.0,-0.0));
#6150=DIRECTION('',(-1.0,0.0,0.0));
#6151=DIRECTION('',(0.0,1.0,-0.0));
#6152=DIRECTION('',(0.0,-1.0,0.0));
#6153=DIRECTION('',(1.0,0.0,0.0));
#6154=DIRECTION('',(0.0,-1.0,0.0));
#6155=DIRECTION('',(-1.0,0.0,0.0));
#6156=DIRECTION('',(0.0,-1.0,0.0));
#6157=DIRECTION('',(1.0,0.0,0.0));
#6158=CARTESIAN_POINT('',(-0.0045,0.0017,0.0079));
#6159=DIRECTION('',(0.0,0.0,1.0));
#6160=DIRECTION('',(1.0,0.0,-0.0));
#6161=DIRECTION('',(0.447213595499958,0.894427190999916,-0.0));
#6162=DIRECTION('',(-0.0,1.0,0.0));
#6163=DIRECTION('',(-1.0,0.0,0.0));
#6164=DIRECTION('',(0.0,-1.0,0.0));
#6165=DIRECTION('',(1.0,2.89120579329468E-16,-0.0));
#6166=DIRECTION('',(0.0,1.0,-0.0));
#6167=DIRECTION('',(1.0,0.0,0.0));
#6168=DIRECTION('',(-0.866025403784439,0.5,0.0));
#6169=DIRECTION('',(0.0,-1.0,0.0));
#6170=DIRECTION('',(1.0,0.0,0.0));
#6171=DIRECTION('',(0.0,1.0,0.0));
#6172=DIRECTION('',(-0.478852130680573,0.877895572914385,0.0));
#6173=DIRECTION('',(1.0,-0.0,0.0));
#6174=DIRECTION('',(0.0,1.0,0.0));
#6175=DIRECTION('',(0.729537204140085,0.68394112888133,-0.0));
#6176=DIRECTION('',(0.0,1.0,-0.0));
#6177=DIRECTION('',(-1.0,0.0,0.0));
#6178=DIRECTION('',(0.0,1.0,-0.0));
#6179=DIRECTION('',(1.0,0.0,0.0));
#6180=DIRECTION('',(0.0,1.0,-0.0));
#6181=DIRECTION('',(1.0,0.0,0.0));
#6182=DIRECTION('',(0.0,-1.0,0.0));
#6183=DIRECTION('',(1.0,0.0,0.0));
#6184=DIRECTION('',(0.0,1.0,-0.0));
#6185=DIRECTION('',(1.0,0.0,0.0));
#6186=DIRECTION('',(0.0,-1.0,0.0));
#6187=DIRECTION('',(-1.0,0.0,0.0));
#6188=DIRECTION('',(0.0,1.0,-0.0));
#6189=DIRECTION('',(-1.0,0.0,0.0));
#6190=DIRECTION('',(0.0,-1.0,0.0));
#6191=DIRECTION('',(-1.0,0.0,0.0));
#6192=DIRECTION('',(0.0,1.0,0.0));
#6193=DIRECTION('',(1.0,0.0,0.0));
#6194=DIRECTION('',(0.0,-1.0,0.0));
#6195=DIRECTION('',(1.0,0.0,0.0));
#6196=DIRECTION('',(0.0,1.0,-0.0));
#6197=DIRECTION('',(1.0,0.0,0.0));
#6198=DIRECTION('',(0.0,-1.0,0.0));
#6199=DIRECTION('',(1.0,0.0,0.0));
#6200=DIRECTION('',(0.0,-1.0,0.0));
#6201=DIRECTION('',(0.750802877644452,-0.660526334767063,0.0));
#6202=DIRECTION('',(0.0,1.0,0.0));
#6203=DIRECTION('',(-1.0,0.0,0.0));
#6204=CARTESIAN_POINT('',(-0.0239,0.0134,0.003));
#6205=DIRECTION('',(0.0,0.0,1.0));
#6206=DIRECTION('',(1.0,0.0,-0.0));
#6207=DIRECTION('',(1.0,0.0,0.0));
#6208=DIRECTION('',(-0.0,-0.0,-1.0));
#6209=DIRECTION('',(-0.0,-0.0,-1.0));
#6210=DIRECTION('',(-0.0,-0.0,-1.0));
#6211=CARTESIAN_POINT('',(-0.0045,0.0017,0.003));
#6212=DIRECTION('',(0.0,0.0,1.0));
#6213=DIRECTION('',(1.0,0.0,-0.0));
#6214=DIRECTION('',(0.0,-0.0,-1.0));
#6215=DIRECTION('',(0.0,0.0,-1.0));
#6216=DIRECTION('',(0.0,0.0,-1.0));
#6217=DIRECTION('',(0.0,0.0,-1.0));
#6218=DIRECTION('',(-0.0,-0.0,-1.0));
#6219=DIRECTION('',(-1.0,0.0,0.0));
#6220=DIRECTION('',(-0.0,-0.0,-1.0));
#6221=DIRECTION('',(-0.0,-0.0,-1.0));
#6222=DIRECTION('',(-0.0,-0.0,-1.0));
#6223=DIRECTION('',(-0.0,-0.0,-1.0));
#6224=DIRECTION('',(1.0,0.0,0.0));
#6225=DIRECTION('',(0.0,-1.0,0.0));
#6226=DIRECTION('',(-1.0,0.0,0.0));
#6227=DIRECTION('',(0.0,-1.0,0.0));
#6228=DIRECTION('',(-0.0,-0.0,-1.0));
#6229=DIRECTION('',(0.0,-1.0,0.0));
#6230=DIRECTION('',(0.0,0.0,1.0));
#6231=DIRECTION('',(0.0,0.0,1.0));
#6232=DIRECTION('',(0.0,0.0,-1.0));
#6233=DIRECTION('',(-0.0,-0.0,-1.0));
#6234=DIRECTION('',(0.0,-1.0,0.0));
#6235=DIRECTION('',(0.0,1.0,0.0));
#6236=DIRECTION('',(-1.0,0.0,0.0));
#6237=DIRECTION('',(0.0,1.0,0.0));
#6238=DIRECTION('',(0.0,-0.0,-1.0));
#6239=DIRECTION('',(-0.0,0.0,1.0));
#6240=DIRECTION('',(-0.0,-0.0,-1.0));
#6241=DIRECTION('',(-0.0,-0.0,-1.0));
#6242=DIRECTION('',(-0.0,-0.0,-1.0));
#6243=DIRECTION('',(-0.0,-0.0,-1.0));
#6244=DIRECTION('',(-0.0,-0.0,-1.0));
#6245=DIRECTION('',(-0.0,-0.0,-1.0));
#6246=DIRECTION('',(0.0,0.0,1.0));
#6247=DIRECTION('',(-0.0,-0.0,-1.0));
#6248=DIRECTION('',(-0.0,-0.0,-1.0));
#6249=DIRECTION('',(-0.0,-0.0,-1.0));
#6250=DIRECTION('',(-0.0,-0.0,-1.0));
#6251=DIRECTION('',(0.0,-1.0,0.0));
#6252=DIRECTION('',(-0.0,-0.0,-1.0));
#6253=DIRECTION('',(0.0,1.0,0.0));
#6254=DIRECTION('',(-0.0,-0.0,-1.0));
#6255=DIRECTION('',(1.0,0.0,0.0));
#6256=DIRECTION('',(-0.0,-0.0,-1.0));
#6257=DIRECTION('',(0.0,-1.0,0.0));
#6258=DIRECTION('',(1.0,0.0,0.0));
#6259=DIRECTION('',(-0.0,-0.0,-1.0));
#6260=DIRECTION('',(0.0,-1.0,0.0));
#6261=DIRECTION('',(-0.0,-0.0,-1.0));
#6262=DIRECTION('',(-0.0,-0.0,-1.0));
#6263=DIRECTION('',(-0.0,-0.0,-1.0));
#6264=DIRECTION('',(-0.0,-0.0,-1.0));
#6265=DIRECTION('',(-0.0,-0.0,-1.0));
#6266=DIRECTION('',(0.478852130680573,-0.877895572914385,0.0));
#6267=DIRECTION('',(0.0,1.0,0.0));
#6268=DIRECTION('',(-0.0,-0.0,-1.0));
#6269=DIRECTION('',(-0.0,-0.0,-1.0));
#6270=DIRECTION('',(-0.0,-0.0,-1.0));
#6271=DIRECTION('',(-0.0,-0.0,-1.0));
#6272=DIRECTION('',(-0.0,-0.0,-1.0));
#6273=DIRECTION('',(0.707106781186548,0.707106781186547,0.0));
#6274=DIRECTION('',(-0.0,-0.0,-1.0));
#6275=DIRECTION('',(-0.0,-0.0,-1.0));
#6276=DIRECTION('',(0.707106781186548,-0.707106781186547,0.0));
#6277=DIRECTION('',(-0.0,-0.0,-1.0));
#6278=DIRECTION('',(-0.0,-0.0,-1.0));
#6279=DIRECTION('',(-0.0,-0.0,-1.0));
#6280=DIRECTION('',(0.0,-1.0,0.0));
#6281=DIRECTION('',(0.0,-1.0,0.0));
#6282=DIRECTION('',(-0.0,-0.0,-1.0));
#6283=DIRECTION('',(-0.0,-0.0,-1.0));
#6284=DIRECTION('',(1.0,0.0,0.0));
#6285=DIRECTION('',(-0.0,-0.0,-1.0));
#6286=DIRECTION('',(-0.0,-0.0,-1.0));
#6287=DIRECTION('',(1.0,0.0,0.0));
#6288=DIRECTION('',(-0.0,-0.0,-1.0));
#6289=DIRECTION('',(-0.581238193719097,0.813733471206734,0.0));
#6290=DIRECTION('',(-0.0,-0.0,-1.0));
#6291=DIRECTION('',(0.680451099367278,0.732793491626299,0.0));
#6292=DIRECTION('',(-0.0,-0.0,-1.0));
#6293=DIRECTION('',(-0.0,-0.0,-1.0));
#6294=DIRECTION('',(-0.0,-0.0,-1.0));
#6295=DIRECTION('',(0.0,0.0,1.0));
#6296=DIRECTION('',(-0.0,-0.0,-1.0));
#6297=DIRECTION('',(-0.0,-0.0,-1.0));
#6298=DIRECTION('',(1.0,0.0,0.0));
#6299=DIRECTION('',(-0.0,-0.0,-1.0));
#6300=DIRECTION('',(0.0,0.0,1.0));
#6301=DIRECTION('',(-0.0,-0.0,-1.0));
#6302=DIRECTION('',(-0.0,-0.0,-1.0));
#6303=DIRECTION('',(-0.0,-0.0,-1.0));
#6304=DIRECTION('',(-0.0,-0.0,-1.0));
#6305=DIRECTION('',(1.0,0.0,0.0));
#6306=DIRECTION('',(-0.0,-0.0,-1.0));
#6307=DIRECTION('',(-0.0,-0.0,-1.0));
#6308=DIRECTION('',(-0.0,-0.0,-1.0));
#6309=DIRECTION('',(-0.0,-0.0,-1.0));
#6310=DIRECTION('',(-0.0,-0.0,-1.0));
#6311=DIRECTION('',(-0.0,-0.0,-1.0));
#6312=DIRECTION('',(-0.0,-0.0,-1.0));
#6313=DIRECTION('',(-0.0,-0.0,-1.0));
#6314=DIRECTION('',(-0.0,-0.0,-1.0));
#6315=DIRECTION('',(-0.0,-0.0,-1.0));
#6316=DIRECTION('',(-0.0,-0.0,-1.0));
#6317=DIRECTION('',(-0.0,-0.0,-1.0));
#6318=DIRECTION('',(-0.0,-0.0,-1.0));
#6319=DIRECTION('',(-0.0,-0.0,-1.0));
#6320=DIRECTION('',(-0.0,-0.0,-1.0));
#6321=DIRECTION('',(-0.0,-0.0,-1.0));
#6322=DIRECTION('',(-0.0,-0.0,-1.0));
#6323=DIRECTION('',(-0.0,-0.0,-1.0));
#6324=DIRECTION('',(-0.0,-0.0,-1.0));
#6325=DIRECTION('',(-0.0,-0.0,-1.0));
#6326=DIRECTION('',(-0.0,-0.0,-1.0));
#6327=DIRECTION('',(-0.0,-0.0,-1.0));
#6328=DIRECTION('',(-0.0,-0.0,-1.0));
#6329=DIRECTION('',(-0.0,-0.0,-1.0));
#6330=DIRECTION('',(-0.0,-0.0,-1.0));
#6331=DIRECTION('',(0.0,-1.0,0.0));
#6332=DIRECTION('',(-0.447213595499958,-0.894427190999916,0.0));
#6333=CARTESIAN_POINT('',(-0.0193,0.0257,0.003));
#6334=DIRECTION('',(0.0,0.0,1.0));
#6335=DIRECTION('',(1.0,0.0,0.0));
#6336=CARTESIAN_POINT('',(-0.0193,0.0167,0.003));
#6337=DIRECTION('',(0.0,0.0,1.0));
#6338=DIRECTION('',(1.0,0.0,0.0));
#6339=DIRECTION('',(1.0,0.0,0.0));
#6340=DIRECTION('',(1.0,0.0,0.0));
#6341=DIRECTION('',(1.0,0.0,0.0));
#6342=DIRECTION('',(0.0,0.0,-1.0));
#6343=CARTESIAN_POINT('',(-0.0239,0.0134,-0.002));
#6344=DIRECTION('',(0.0,0.0,1.0));
#6345=DIRECTION('',(1.0,0.0,-0.0));
#6346=CARTESIAN_POINT('',(-0.0193,0.0257,-0.002));
#6347=DIRECTION('',(0.0,0.0,-1.0));
#6348=DIRECTION('',(-1.0,0.0,0.0));
#6349=CARTESIAN_POINT('',(-0.0193,0.0257,-0.002));
#6350=DIRECTION('',(0.0,0.0,1.0));
#6351=DIRECTION('',(1.0,0.0,-0.0));
#6352=CARTESIAN_POINT('',(-0.0193,0.0167,-0.002));
#6353=DIRECTION('',(0.0,0.0,-1.0));
#6354=DIRECTION('',(-1.0,0.0,0.0));
#6355=CARTESIAN_POINT('',(-0.0193,0.0167,-0.002));
#6356=DIRECTION('',(0.0,0.0,1.0));
#6357=DIRECTION('',(1.0,0.0,-0.0));
#6358=DIRECTION('',(-0.0,-0.0,1.0));
#6359=DIRECTION('',(1.30377141136962E-15,1.0,0.0));
#6360=DIRECTION('',(-0.0,-0.0,1.0));
#6361=DIRECTION('',(1.30377141136962E-15,1.0,0.0));
#6362=DIRECTION('',(-0.0,-0.0,1.0));
#6363=DIRECTION('',(1.0,0.0,0.0));
#6364=DIRECTION('',(1.0,0.0,0.0));
#6365=DIRECTION('',(1.0,0.0,0.0));
#6366=DIRECTION('',(-0.0,-0.0,1.0));
#6367=DIRECTION('',(1.0,0.0,0.0));
#6368=CARTESIAN_POINT('',(-0.0239,0.0134,0.0086));
#6369=DIRECTION('',(0.0,-0.0,1.0));
#6370=DIRECTION('',(1.0,0.0,-0.0));
#6371=CARTESIAN_POINT('',(-0.0239,0.0134,0.0031));
#6372=DIRECTION('',(0.0,0.0,1.0));
#6373=DIRECTION('',(1.0,0.0,-0.0));
#6374=DIRECTION('',(0.0,1.0,0.0));
#6375=DIRECTION('',(-0.0,-0.0,-1.0));
#6376=DIRECTION('',(0.0,1.0,-0.0));
#6377=DIRECTION('',(0.0,-0.0,-1.0));
#6378=DIRECTION('',(0.0,0.0,-1.0));
#6379=DIRECTION('',(-1.0,0.0,0.0));
#6380=DIRECTION('',(0.0,0.0,-1.0));
#6381=DIRECTION('',(-1.0,0.0,0.0));
#6382=DIRECTION('',(0.0,1.0,0.0));
#6383=DIRECTION('',(-0.0,-0.0,-1.0));
#6384=DIRECTION('',(0.0,1.0,-0.0));
#6385=DIRECTION('',(-0.0,-0.0,-1.0));
#6386=DIRECTION('',(-0.0,-1.0,0.0));
#6387=DIRECTION('',(0.0,1.0,0.0));
#6388=DIRECTION('',(-1.0,0.0,0.0));
#6389=DIRECTION('',(-1.0,0.0,0.0));
#6390=DIRECTION('',(0.0,-1.0,0.0));
#6391=DIRECTION('',(1.0,0.0,0.0));
#6392=DIRECTION('',(1.0,0.0,0.0));
#6393=DIRECTION('',(1.0,0.0,0.0));
#6394=DIRECTION('',(0.0,0.0,-1.0));
#6395=DIRECTION('',(0.0,1.0,0.0));
#6396=DIRECTION('',(-0.0,-0.0,-1.0));
#6397=DIRECTION('',(-1.0,0.0,0.0));
#6398=DIRECTION('',(1.0,0.0,0.0));
#6399=DIRECTION('',(0.0,-1.0,0.0));
#6400=DIRECTION('',(0.707106781186548,-0.707106781186548,0.0));
#6401=DIRECTION('',(0.0,-1.0,0.0));
#6402=DIRECTION('',(-0.707106781186549,-0.707106781186546,0.0));
#6403=DIRECTION('',(0.0,-1.0,0.0));
#6404=DIRECTION('',(-1.0,-1.82602471155453E-15,0.0));
#6405=DIRECTION('',(-0.680451099367278,-0.732793491626299,0.0));
#6406=DIRECTION('',(-1.0,-3.45218602184439E-16,0.0));
#6407=DIRECTION('',(-0.581238193719097,0.813733471206735,0.0));
#6408=DIRECTION('',(-1.0,0.0,0.0));
#6409=DIRECTION('',(3.98787005971679E-16,1.0,0.0));
#6410=DIRECTION('',(-0.707106781186549,0.707106781186546,0.0));
#6411=DIRECTION('',(0.0,-1.0,0.0));
#6412=DIRECTION('',(0.599620752592751,0.800284295147732,0.0));
#6413=DIRECTION('',(0.0,1.0,0.0));
#6414=DIRECTION('',(0.0,-1.0,0.0));
#6415=DIRECTION('',(1.0,0.0,0.0));
#6416=DIRECTION('',(0.0,-1.0,0.0));
#6417=DIRECTION('',(0.0,1.0,0.0));
#6418=DIRECTION('',(0.599620752592751,0.800284295147732,0.0));
#6419=DIRECTION('',(0.0,-1.0,0.0));
#6420=DIRECTION('',(-0.707106781186549,0.707106781186546,0.0));
#6421=DIRECTION('',(3.98787005971679E-16,1.0,0.0));
#6422=DIRECTION('',(-1.0,0.0,0.0));
#6423=DIRECTION('',(-0.581238193719097,0.813733471206735,0.0));
#6424=DIRECTION('',(-1.0,-3.45218602184439E-16,0.0));
#6425=DIRECTION('',(-0.680451099367278,-0.732793491626299,0.0));
#6426=DIRECTION('',(-1.0,-1.82602471155453E-15,0.0));
#6427=DIRECTION('',(0.0,-1.0,0.0));
#6428=DIRECTION('',(-0.707106781186549,-0.707106781186546,0.0));
#6429=DIRECTION('',(0.0,-1.0,0.0));
#6430=DIRECTION('',(0.707106781186548,-0.707106781186548,0.0));
#6431=DIRECTION('',(0.0,-1.0,0.0));
#6432=DIRECTION('',(-0.0,-0.0,1.0));
#6433=DIRECTION('',(-0.0,-0.0,1.0));
#6434=DIRECTION('',(-0.0,-0.0,1.0));
#6435=DIRECTION('',(-0.0,-0.0,1.0));
#6436=DIRECTION('',(-0.0,-0.0,1.0));
#6437=DIRECTION('',(-0.0,-0.0,1.0));
#6438=DIRECTION('',(-0.0,-0.0,1.0));
#6439=DIRECTION('',(-0.0,-0.0,1.0));
#6440=DIRECTION('',(-0.0,-0.0,1.0));
#6441=DIRECTION('',(-0.0,-0.0,1.0));
#6442=DIRECTION('',(-0.0,-0.0,1.0));
#6443=DIRECTION('',(-0.0,-0.0,1.0));
#6444=DIRECTION('',(-0.0,-0.0,1.0));
#6445=DIRECTION('',(-0.0,-0.0,1.0));
#6446=DIRECTION('',(-0.0,-0.0,1.0));
#6447=DIRECTION('',(-0.0,-0.0,1.0));
ENDSEC;
END-ISO-10303-21;
