Data from Parasolid IGES Translator 28.1.247, Copyright(c) 2006 Siemens S      1
PLM Software. All Rights Reserved.                                      S      2
1H,,1H;,6HNoname,30HGBN8002GT-40_.info-1-14-14.igs,27HBy Siemens PLM IncG      1
orporated,27HXPlus GENERIC/IGES 28.1.247,32,38, 6,308,15,6HNoname,1.000,G      2
2,2HMM,1,1.000,15H20260515.045016,1.0e-05,0.00,6HNoname,6HNoname,11,0,  G      3
15H20260515.045016;                                                     G      4
     110       1       0       1       0       0       0       000010001D      1
     110       1       0       1       0       0       0               0D      2
     110       2       0       1       0       0       0       000010001D      3
     110       1       0       1       0       0       0               0D      4
     120       3       0       1       0       0       0       000010001D      5
     120       1       0       1       0       0       0               0D      6
     126       4       0       1       0       0       0       000010501D      7
     126       1       0       3       0       0       0               0D      8
     126       7       0       1       0       0       0       000010501D      9
     126       1       0       2       0       0       0               0D     10
     126       9       0       1       0       0       0       000010501D     11
     126       1       0       3       0       0       0               0D     12
     126      12       0       1       0       0       0       000010501D     13
     126       1       0       2       0       0       0               0D     14
     102      14       0       1       0       0       0       000010501D     15
     102       1       0       1       0       0       0               0D     16
     124      15       0       1       0       0       0       000010001D     17
     124       1       0       1       0       0       0               0D     18
     100      16       0       1       0       0      17       000010001D     19
     100       1       0       1       0       0       0               0D     20
     110      17       0       1       0       0       0       000010001D     21
     110       1       0       1       0       0       0               0D     22
     124      18       0       1       0       0       0       000010001D     23
     124       1       0       1       0       0       0               0D     24
     100      19       0       1       0       0      23       000010001D     25
     100       1       0       1       0       0       0               0D     26
     110      20       0       1       0       0       0       000010001D     27
     110       1       0       1       0       0       0               0D     28
     102      21       0       1       0       0       0       000010001D     29
     102       1       0       1       0       0       0               0D     30
     142      22       0       1       0       0       0       000010001D     31
     142       1       0       1       0       0       0               0D     32
     144      23       0       1       0       0       0       000000001D     33
     144       1       0       1       0       0       0               0D     34
     110      24       0       1       0       0       0       000010001D     35
     110       1       0       1       0       0       0               0D     36
     110      25       0       1       0       0       0       000010001D     37
     110       1       0       1       0       0       0               0D     38
     120      26       0       1       0       0       0       000010001D     39
     120       1       0       1       0       0       0               0D     40
     126      27       0       1       0       0       0       000010501D     41
     126       1       0       4       0       0       0               0D     42
     126      31       0       1       0       0       0       000010501D     43
     126       1       0       2       0       0       0               0D     44
     126      33       0       1       0       0       0       000010501D     45
     126       1       0       4       0       0       0               0D     46
     126      37       0       1       0       0       0       000010501D     47
     126       1       0       2       0       0       0               0D     48
     102      39       0       1       0       0       0       000010501D     49
     102       1       0       1       0       0       0               0D     50
     124      40       0       1       0       0       0       000010001D     51
     124       1       0       1       0       0       0               0D     52
     100      41       0       1       0       0      51       000010001D     53
     100       1       0       1       0       0       0               0D     54
     110      42       0       1       0       0       0       000010001D     55
     110       1       0       1       0       0       0               0D     56
     124      43       0       1       0       0       0       000010001D     57
     124       1       0       1       0       0       0               0D     58
     100      44       0       1       0       0      57       000010001D     59
     100       1       0       1       0       0       0               0D     60
     110      45       0       1       0       0       0       000010001D     61
     110       1       0       1       0       0       0               0D     62
     102      46       0       1       0       0       0       000010001D     63
     102       1       0       1       0       0       0               0D     64
     142      47       0       1       0       0       0       000010001D     65
     142       1       0       1       0       0       0               0D     66
     144      48       0       1       0       0       0       000000001D     67
     144       1       0       1       0       0       0               0D     68
     110      49       0       1       0       0       0       000010001D     69
     110       1       0       1       0       0       0               0D     70
     122      50       0       1       0       0       0       000010001D     71
     122       1       0       1       0       0       0               0D     72
     126      51       0       1       0       0       0       000010501D     73
     126       1       0       2       0       0       0               0D     74
     126      53       0       1       0       0       0       000010501D     75
     126       1       0       2       0       0       0               0D     76
     126      55       0       1       0       0       0       000010501D     77
     126       1       0       2       0       0       0               0D     78
     126      57       0       1       0       0       0       000010501D     79
     126       1       0       2       0       0       0               0D     80
     102      59       0       1       0       0       0       000010501D     81
     102       1       0       1       0       0       0               0D     82
     110      60       0       1       0       0       0       000010001D     83
     110       1       0       1       0       0       0               0D     84
     110      61       0       1       0       0       0       000010001D     85
     110       1       0       1       0       0       0               0D     86
     110      62       0       1       0       0       0       000010001D     87
     110       1       0       1       0       0       0               0D     88
     110      63       0       1       0       0       0       000010001D     89
     110       1       0       1       0       0       0               0D     90
     102      64       0       1       0       0       0       000010001D     91
     102       1       0       1       0       0       0               0D     92
     142      65       0       1       0       0       0       000010001D     93
     142       1       0       1       0       0       0               0D     94
     144      66       0       1       0       0       0       000000001D     95
     144       1       0       1       0       0       0               0D     96
     110      67       0       1       0       0       0       000010001D     97
     110       1       0       1       0       0       0               0D     98
     122      68       0       1       0       0       0       000010001D     99
     122       1       0       1       0       0       0               0D    100
     126      69       0       1       0       0       0       000010501D    101
     126       1       0       2       0       0       0               0D    102
     126      71       0       1       0       0       0       000010501D    103
     126       1       0       3       0       0       0               0D    104
     126      74       0       1       0       0       0       000010501D    105
     126       1       0       2       0       0       0               0D    106
     126      76       0       1       0       0       0       000010501D    107
     126       1       0       3       0       0       0               0D    108
     102      79       0       1       0       0       0       000010501D    109
     102       1       0       1       0       0       0               0D    110
     110      80       0       1       0       0       0       000010001D    111
     110       1       0       2       0       0       0               0D    112
     110      82       0       1       0       0       0       000010001D    113
     110       1       0       1       0       0       0               0D    114
     110      83       0       1       0       0       0       000010001D    115
     110       1       0       1       0       0       0               0D    116
     110      84       0       1       0       0       0       000010001D    117
     110       1       0       1       0       0       0               0D    118
     102      85       0       1       0       0       0       000010001D    119
     102       1       0       1       0       0       0               0D    120
     142      86       0       1       0       0       0       000010001D    121
     142       1       0       1       0       0       0               0D    122
     144      87       0       1       0       0       0       000000001D    123
     144       1       0       1       0       0       0               0D    124
     110      88       0       1       0       0       0       000010001D    125
     110       1       0       1       0       0       0               0D    126
     122      89       0       1       0       0       0       000010001D    127
     122       1       0       1       0       0       0               0D    128
     126      90       0       1       0       0       0       000010501D    129
     126       1       0       2       0       0       0               0D    130
     126      92       0       1       0       0       0       000010501D    131
     126       1       0       3       0       0       0               0D    132
     126      95       0       1       0       0       0       000010501D    133
     126       1       0       2       0       0       0               0D    134
     126      97       0       1       0       0       0       000010501D    135
     126       1       0       3       0       0       0               0D    136
     102     100       0       1       0       0       0       000010501D    137
     102       1       0       1       0       0       0               0D    138
     110     101       0       1       0       0       0       000010001D    139
     110       1       0       2       0       0       0               0D    140
     110     103       0       1       0       0       0       000010001D    141
     110       1       0       1       0       0       0               0D    142
     110     104       0       1       0       0       0       000010001D    143
     110       1       0       1       0       0       0               0D    144
     110     105       0       1       0       0       0       000010001D    145
     110       1       0       1       0       0       0               0D    146
     102     106       0       1       0       0       0       000010001D    147
     102       1       0       1       0       0       0               0D    148
     142     107       0       1       0       0       0       000010001D    149
     142       1       0       1       0       0       0               0D    150
     144     108       0       1       0       0       0       000000001D    151
     144       1       0       1       0       0       0               0D    152
     110     109       0       1       0       0       0       000010001D    153
     110       1       0       1       0       0       0               0D    154
     122     110       0       1       0       0       0       000010001D    155
     122       1       0       1       0       0       0               0D    156
     126     111       0       1       0       0       0       000010501D    157
     126       1       0       2       0       0       0               0D    158
     126     113       0       1       0       0       0       000010501D    159
     126       1       0       3       0       0       0               0D    160
     126     116       0       1       0       0       0       000010501D    161
     126       1       0       2       0       0       0               0D    162
     126     118       0       1       0       0       0       000010501D    163
     126       1       0       3       0       0       0               0D    164
     102     121       0       1       0       0       0       000010501D    165
     102       1       0       1       0       0       0               0D    166
     110     122       0       1       0       0       0       000010001D    167
     110       1       0       2       0       0       0               0D    168
     110     124       0       1       0       0       0       000010001D    169
     110       1       0       1       0       0       0               0D    170
     110     125       0       1       0       0       0       000010001D    171
     110       1       0       2       0       0       0               0D    172
     110     127       0       1       0       0       0       000010001D    173
     110       1       0       1       0       0       0               0D    174
     102     128       0       1       0       0       0       000010001D    175
     102       1       0       1       0       0       0               0D    176
     142     129       0       1       0       0       0       000010001D    177
     142       1       0       1       0       0       0               0D    178
     144     130       0       1       0       0       0       000000001D    179
     144       1       0       1       0       0       0               0D    180
     110     131       0       1       0       0       0       000010001D    181
     110       1       0       1       0       0       0               0D    182
     122     132       0       1       0       0       0       000010001D    183
     122       1       0       1       0       0       0               0D    184
     126     133       0       1       0       0       0       000010501D    185
     126       1       0       2       0       0       0               0D    186
     126     135       0       1       0       0       0       000010501D    187
     126       1       0       3       0       0       0               0D    188
     126     138       0       1       0       0       0       000010501D    189
     126       1       0       2       0       0       0               0D    190
     126     140       0       1       0       0       0       000010501D    191
     126       1       0       3       0       0       0               0D    192
     102     143       0       1       0       0       0       000010501D    193
     102       1       0       1       0       0       0               0D    194
     110     144       0       1       0       0       0       000010001D    195
     110       1       0       2       0       0       0               0D    196
     110     146       0       1       0       0       0       000010001D    197
     110       1       0       1       0       0       0               0D    198
     110     147       0       1       0       0       0       000010001D    199
     110       1       0       2       0       0       0               0D    200
     110     149       0       1       0       0       0       000010001D    201
     110       1       0       1       0       0       0               0D    202
     102     150       0       1       0       0       0       000010001D    203
     102       1       0       1       0       0       0               0D    204
     142     151       0       1       0       0       0       000010001D    205
     142       1       0       1       0       0       0               0D    206
     144     152       0       1       0       0       0       000000001D    207
     144       1       0       1       0       0       0               0D    208
     110     153       0       1       0       0       0       000010001D    209
     110       1       0       1       0       0       0               0D    210
     122     154       0       1       0       0       0       000010001D    211
     122       1       0       1       0       0       0               0D    212
     126     155       0       1       0       0       0       000010501D    213
     126       1       0       2       0       0       0               0D    214
     126     157       0       1       0       0       0       000010501D    215
     126       1       0       2       0       0       0               0D    216
     126     159       0       1       0       0       0       000010501D    217
     126       1       0       2       0       0       0               0D    218
     126     161       0       1       0       0       0       000010501D    219
     126       1       0       2       0       0       0               0D    220
     102     163       0       1       0       0       0       000010501D    221
     102       1       0       1       0       0       0               0D    222
     110     164       0       1       0       0       0       000010001D    223
     110       1       0       1       0       0       0               0D    224
     110     165       0       1       0       0       0       000010001D    225
     110       1       0       1       0       0       0               0D    226
     110     166       0       1       0       0       0       000010001D    227
     110       1       0       1       0       0       0               0D    228
     110     167       0       1       0       0       0       000010001D    229
     110       1       0       1       0       0       0               0D    230
     102     168       0       1       0       0       0       000010001D    231
     102       1       0       1       0       0       0               0D    232
     142     169       0       1       0       0       0       000010001D    233
     142       1       0       1       0       0       0               0D    234
     144     170       0       1       0       0       0       000000001D    235
     144       1       0       1       0       0       0               0D    236
     110     171       0       1       0       0       0       000010001D    237
     110       1       0       1       0       0       0               0D    238
     110     172       0       1       0       0       0       000010001D    239
     110       1       0       1       0       0       0               0D    240
     120     173       0       1       0       0       0       000010001D    241
     120       1       0       1       0       0       0               0D    242
     126     174       0       1       0       0       0       000010501D    243
     126       1       0       2       0       0       0               0D    244
     126     176       0       1       0       0       0       000010501D    245
     126       1       0       3       0       0       0               0D    246
     126     179       0       1       0       0       0       000010501D    247
     126       1       0       2       0       0       0               0D    248
     126     181       0       1       0       0       0       000010501D    249
     126       1       0       3       0       0       0               0D    250
     102     184       0       1       0       0       0       000010501D    251
     102       1       0       1       0       0       0               0D    252
     110     185       0       1       0       0       0       000010001D    253
     110       1       0       1       0       0       0               0D    254
     124     186       0       1       0       0       0       000010001D    255
     124       1       0       1       0       0       0               0D    256
     100     187       0       1       0       0     255       000010001D    257
     100       1       0       1       0       0       0               0D    258
     110     188       0       1       0       0       0       000010001D    259
     110       1       0       1       0       0       0               0D    260
     124     189       0       1       0       0       0       000010001D    261
     124       1       0       1       0       0       0               0D    262
     100     190       0       1       0       0     261       000010001D    263
     100       1       0       1       0       0       0               0D    264
     102     191       0       1       0       0       0       000010001D    265
     102       1       0       1       0       0       0               0D    266
     142     192       0       1       0       0       0       000010001D    267
     142       1       0       1       0       0       0               0D    268
     144     193       0       1       0       0       0       000000001D    269
     144       1       0       1       0       0       0               0D    270
     110     194       0       1       0       0       0       000010001D    271
     110       1       0       1       0       0       0               0D    272
     122     195       0       1       0       0       0       000010001D    273
     122       1       0       1       0       0       0               0D    274
     126     196       0       1       0       0       0       000010501D    275
     126       1       0       2       0       0       0               0D    276
     126     198       0       1       0       0       0       000010501D    277
     126       1       0       2       0       0       0               0D    278
     126     200       0       1       0       0       0       000010501D    279
     126       1       0       2       0       0       0               0D    280
     126     202       0       1       0       0       0       000010501D    281
     126       1       0       2       0       0       0               0D    282
     102     204       0       1       0       0       0       000010501D    283
     102       1       0       1       0       0       0               0D    284
     110     205       0       1       0       0       0       000010001D    285
     110       1       0       1       0       0       0               0D    286
     110     206       0       1       0       0       0       000010001D    287
     110       1       0       1       0       0       0               0D    288
     110     207       0       1       0       0       0       000010001D    289
     110       1       0       1       0       0       0               0D    290
     110     208       0       1       0       0       0       000010001D    291
     110       1       0       1       0       0       0               0D    292
     102     209       0       1       0       0       0       000010001D    293
     102       1       0       1       0       0       0               0D    294
     142     210       0       1       0       0       0       000010001D    295
     142       1       0       1       0       0       0               0D    296
     144     211       0       1       0       0       0       000000001D    297
     144       1       0       1       0       0       0               0D    298
     110     212       0       1       0       0       0       000010001D    299
     110       1       0       1       0       0       0               0D    300
     122     213       0       1       0       0       0       000010001D    301
     122       1       0       1       0       0       0               0D    302
     126     214       0       1       0       0       0       000010501D    303
     126       1       0       2       0       0       0               0D    304
     126     216       0       1       0       0       0       000010501D    305
     126       1       0       2       0       0       0               0D    306
     126     218       0       1       0       0       0       000010501D    307
     126       1       0       2       0       0       0               0D    308
     126     220       0       1       0       0       0       000010501D    309
     126       1       0       2       0       0       0               0D    310
     102     222       0       1       0       0       0       000010501D    311
     102       1       0       1       0       0       0               0D    312
     110     223       0       1       0       0       0       000010001D    313
     110       1       0       2       0       0       0               0D    314
     110     225       0       1       0       0       0       000010001D    315
     110       1       0       1       0       0       0               0D    316
     110     226       0       1       0       0       0       000010001D    317
     110       1       0       1       0       0       0               0D    318
     110     227       0       1       0       0       0       000010001D    319
     110       1       0       1       0       0       0               0D    320
     102     228       0       1       0       0       0       000010001D    321
     102       1       0       1       0       0       0               0D    322
     142     229       0       1       0       0       0       000010001D    323
     142       1       0       1       0       0       0               0D    324
     144     230       0       1       0       0       0       000000001D    325
     144       1       0       1       0       0       0               0D    326
     110     231       0       1       0       0       0       000010001D    327
     110       1       0       1       0       0       0               0D    328
     110     232       0       1       0       0       0       000010001D    329
     110       1       0       1       0       0       0               0D    330
     120     233       0       1       0       0       0       000010001D    331
     120       1       0       1       0       0       0               0D    332
     126     234       0       1       0       0       0       000010501D    333
     126       1       0       4       0       0       0               0D    334
     126     238       0       1       0       0       0       000010501D    335
     126       1       0       2       0       0       0               0D    336
     126     240       0       1       0       0       0       000010501D    337
     126       1       0       4       0       0       0               0D    338
     126     244       0       1       0       0       0       000010501D    339
     126       1       0       2       0       0       0               0D    340
     102     246       0       1       0       0       0       000010501D    341
     102       1       0       1       0       0       0               0D    342
     124     247       0       1       0       0       0       000010001D    343
     124       1       0       1       0       0       0               0D    344
     100     248       0       1       0       0     343       000010001D    345
     100       1       0       1       0       0       0               0D    346
     110     249       0       1       0       0       0       000010001D    347
     110       1       0       1       0       0       0               0D    348
     124     250       0       1       0       0       0       000010001D    349
     124       1       0       1       0       0       0               0D    350
     100     251       0       1       0       0     349       000010001D    351
     100       1       0       1       0       0       0               0D    352
     110     252       0       1       0       0       0       000010001D    353
     110       1       0       1       0       0       0               0D    354
     102     253       0       1       0       0       0       000010001D    355
     102       1       0       1       0       0       0               0D    356
     142     254       0       1       0       0       0       000010001D    357
     142       1       0       1       0       0       0               0D    358
     144     255       0       1       0       0       0       000000001D    359
     144       1       0       1       0       0       0               0D    360
     110     256       0       1       0       0       0       000010001D    361
     110       1       0       1       0       0       0               0D    362
     122     257       0       1       0       0       0       000010001D    363
     122       1       0       1       0       0       0               0D    364
     126     258       0       1       0       0       0       000010501D    365
     126       1       0       2       0       0       0               0D    366
     126     260       0       1       0       0       0       000010501D    367
     126       1       0       2       0       0       0               0D    368
     126     262       0       1       0       0       0       000010501D    369
     126       1       0       2       0       0       0               0D    370
     126     264       0       1       0       0       0       000010501D    371
     126       1       0       2       0       0       0               0D    372
     102     266       0       1       0       0       0       000010501D    373
     102       1       0       1       0       0       0               0D    374
     110     267       0       1       0       0       0       000010001D    375
     110       1       0       1       0       0       0               0D    376
     110     268       0       1       0       0       0       000010001D    377
     110       1       0       1       0       0       0               0D    378
     110     269       0       1       0       0       0       000010001D    379
     110       1       0       1       0       0       0               0D    380
     110     270       0       1       0       0       0       000010001D    381
     110       1       0       1       0       0       0               0D    382
     102     271       0       1       0       0       0       000010001D    383
     102       1       0       1       0       0       0               0D    384
     142     272       0       1       0       0       0       000010001D    385
     142       1       0       1       0       0       0               0D    386
     144     273       0       1       0       0       0       000000001D    387
     144       1       0       1       0       0       0               0D    388
     110     274       0       1       0       0       0       000010001D    389
     110       1       0       1       0       0       0               0D    390
     110     275       0       1       0       0       0       000010001D    391
     110       1       0       1       0       0       0               0D    392
     120     276       0       1       0       0       0       000010001D    393
     120       1       0       1       0       0       0               0D    394
     126     277       0       1       0       0       0       000010501D    395
     126       1       0       2       0       0       0               0D    396
     126     279       0       1       0       0       0       000010501D    397
     126       1       0       4       0       0       0               0D    398
     126     283       0       1       0       0       0       000010501D    399
     126       1       0       2       0       0       0               0D    400
     126     285       0       1       0       0       0       000010501D    401
     126       1       0       4       0       0       0               0D    402
     102     289       0       1       0       0       0       000010501D    403
     102       1       0       1       0       0       0               0D    404
     110     290       0       1       0       0       0       000010001D    405
     110       1       0       1       0       0       0               0D    406
     124     291       0       1       0       0       0       000010001D    407
     124       1       0       1       0       0       0               0D    408
     100     292       0       1       0       0     407       000010001D    409
     100       1       0       1       0       0       0               0D    410
     110     293       0       1       0       0       0       000010001D    411
     110       1       0       1       0       0       0               0D    412
     124     294       0       1       0       0       0       000010001D    413
     124       1       0       1       0       0       0               0D    414
     100     295       0       1       0       0     413       000010001D    415
     100       1       0       1       0       0       0               0D    416
     102     296       0       1       0       0       0       000010001D    417
     102       1       0       1       0       0       0               0D    418
     142     297       0       1       0       0       0       000010001D    419
     142       1       0       1       0       0       0               0D    420
     144     298       0       1       0       0       0       000000001D    421
     144       1       0       1       0       0       0               0D    422
     110     299       0       1       0       0       0       000010001D    423
     110       1       0       1       0       0       0               0D    424
     110     300       0       1       0       0       0       000010001D    425
     110       1       0       1       0       0       0               0D    426
     120     301       0       1       0       0       0       000010001D    427
     120       1       0       1       0       0       0               0D    428
     126     302       0       1       0       0       0       000010501D    429
     126       1       0       4       0       0       0               0D    430
     126     306       0       1       0       0       0       000010501D    431
     126       1       0       2       0       0       0               0D    432
     126     308       0       1       0       0       0       000010501D    433
     126       1       0       4       0       0       0               0D    434
     126     312       0       1       0       0       0       000010501D    435
     126       1       0       2       0       0       0               0D    436
     102     314       0       1       0       0       0       000010501D    437
     102       1       0       1       0       0       0               0D    438
     124     315       0       1       0       0       0       000010001D    439
     124       1       0       1       0       0       0               0D    440
     100     316       0       1       0       0     439       000010001D    441
     100       1       0       1       0       0       0               0D    442
     110     317       0       1       0       0       0       000010001D    443
     110       1       0       1       0       0       0               0D    444
     124     318       0       1       0       0       0       000010001D    445
     124       1       0       1       0       0       0               0D    446
     100     319       0       1       0       0     445       000010001D    447
     100       1       0       1       0       0       0               0D    448
     110     320       0       1       0       0       0       000010001D    449
     110       1       0       1       0       0       0               0D    450
     102     321       0       1       0       0       0       000010001D    451
     102       1       0       1       0       0       0               0D    452
     142     322       0       1       0       0       0       000010001D    453
     142       1       0       1       0       0       0               0D    454
     144     323       0       1       0       0       0       000000001D    455
     144       1       0       1       0       0       0               0D    456
     110     324       0       1       0       0       0       000010001D    457
     110       1       0       1       0       0       0               0D    458
     122     325       0       1       0       0       0       000010001D    459
     122       1       0       1       0       0       0               0D    460
     126     326       0       1       0       0       0       000010501D    461
     126       1       0       2       0       0       0               0D    462
     126     328       0       1       0       0       0       000010501D    463
     126       1       0      19       0       0       0               0D    464
     126     347       0       1       0       0       0       000010501D    465
     126       1       0      19       0       0       0               0D    466
     126     366       0       1       0       0       0       000010501D    467
     126       1       0       2       0       0       0               0D    468
     126     368       0       1       0       0       0       000010501D    469
     126       1       0      36       0       0       0               0D    470
     102     404       0       1       0       0       0       000010501D    471
     102       1       0       1       0       0       0               0D    472
     110     405       0       1       0       0       0       000010001D    473
     110       1       0       1       0       0       0               0D    474
     124     406       0       1       0       0       0       000010001D    475
     124       1       0       1       0       0       0               0D    476
     100     407       0       1       0       0     475       000010001D    477
     100       1       0       1       0       0       0               0D    478
     124     408       0       1       0       0       0       000010001D    479
     124       1       0       1       0       0       0               0D    480
     100     409       0       1       0       0     479       000010001D    481
     100       1       0       1       0       0       0               0D    482
     110     410       0       1       0       0       0       000010001D    483
     110       1       0       1       0       0       0               0D    484
     124     411       0       1       0       0       0       000010001D    485
     124       1       0       1       0       0       0               0D    486
     100     412       0       1       0       0     485       000010001D    487
     100       1       0       1       0       0       0               0D    488
     102     413       0       1       0       0       0       000010001D    489
     102       1       0       1       0       0       0               0D    490
     142     414       0       1       0       0       0       000010001D    491
     142       1       0       1       0       0       0               0D    492
     126     415       0       1       0       0       0       000010501D    493
     126       1       0      11       0       0       0               0D    494
     126     426       0       1       0       0       0       000010501D    495
     126       1       0       3       0       0       0               0D    496
     126     429       0       1       0       0       0       000010501D    497
     126       1       0       8       0       0       0               0D    498
     126     437       0       1       0       0       0       000010501D    499
     126       1       0       5       0       0       0               0D    500
     126     442       0       1       0       0       0       000010501D    501
     126       1       0      12       0       0       0               0D    502
     126     454       0       1       0       0       0       000010501D    503
     126       1       0       5       0       0       0               0D    504
     126     459       0       1       0       0       0       000010501D    505
     126       1       0       8       0       0       0               0D    506
     126     467       0       1       0       0       0       000010501D    507
     126       1       0       4       0       0       0               0D    508
     126     471       0       1       0       0       0       000010501D    509
     126       1       0       8       0       0       0               0D    510
     126     479       0       1       0       0       0       000010501D    511
     126       1       0       5       0       0       0               0D    512
     126     484       0       1       0       0       0       000010501D    513
     126       1       0      12       0       0       0               0D    514
     126     496       0       1       0       0       0       000010501D    515
     126       1       0       5       0       0       0               0D    516
     126     501       0       1       0       0       0       000010501D    517
     126       1       0       8       0       0       0               0D    518
     126     509       0       1       0       0       0       000010501D    519
     126       1       0       4       0       0       0               0D    520
     126     513       0       1       0       0       0       000010501D    521
     126       1       0       8       0       0       0               0D    522
     126     521       0       1       0       0       0       000010501D    523
     126       1       0       5       0       0       0               0D    524
     126     526       0       1       0       0       0       000010501D    525
     126       1       0      12       0       0       0               0D    526
     126     538       0       1       0       0       0       000010501D    527
     126       1       0       5       0       0       0               0D    528
     126     543       0       1       0       0       0       000010501D    529
     126       1       0       7       0       0       0               0D    530
     126     550       0       1       0       0       0       000010501D    531
     126       1       0       4       0       0       0               0D    532
     126     554       0       1       0       0       0       000010501D    533
     126       1       0       8       0       0       0               0D    534
     126     562       0       1       0       0       0       000010501D    535
     126       1       0       5       0       0       0               0D    536
     126     567       0       1       0       0       0       000010501D    537
     126       1       0      12       0       0       0               0D    538
     126     579       0       1       0       0       0       000010501D    539
     126       1       0       5       0       0       0               0D    540
     126     584       0       1       0       0       0       000010501D    541
     126       1       0       8       0       0       0               0D    542
     126     592       0       1       0       0       0       000010501D    543
     126       1       0       4       0       0       0               0D    544
     126     596       0       1       0       0       0       000010501D    545
     126       1       0       8       0       0       0               0D    546
     126     604       0       1       0       0       0       000010501D    547
     126       1       0       5       0       0       0               0D    548
     126     609       0       1       0       0       0       000010501D    549
     126       1       0      12       0       0       0               0D    550
     126     621       0       1       0       0       0       000010501D    551
     126       1       0       5       0       0       0               0D    552
     126     626       0       1       0       0       0       000010501D    553
     126       1       0       8       0       0       0               0D    554
     126     634       0       1       0       0       0       000010501D    555
     126       1       0       3       0       0       0               0D    556
     126     637       0       1       0       0       0       000010501D    557
     126       1       0      20       0       0       0               0D    558
     126     657       0       1       0       0       0       000010501D    559
     126       1       0       3       0       0       0               0D    560
     126     660       0       1       0       0       0       000010501D    561
     126       1       0      12       0       0       0               0D    562
     102     672       0       1       0       0       0       000010501D    563
     102       1       0       3       0       0       0               0D    564
     124     675       0       1       0       0       0       000010001D    565
     124       1       0       1       0       0       0               0D    566
     100     676       0       1       0       0     565       000010001D    567
     100       1       0       1       0       0       0               0D    568
     110     677       0       1       0       0       0       000010001D    569
     110       1       0       1       0       0       0               0D    570
     124     678       0       1       0       0       0       000010001D    571
     124       1       0       2       0       0       0               0D    572
     100     680       0       1       0       0     571       000010001D    573
     100       1       0       2       0       0       0               0D    574
     124     682       0       1       0       0       0       000010001D    575
     124       1       0       2       0       0       0               0D    576
     100     684       0       1       0       0     575       000010001D    577
     100       1       0       2       0       0       0               0D    578
     124     686       0       1       0       0       0       000010001D    579
     124       1       0       1       0       0       0               0D    580
     100     687       0       1       0       0     579       000010001D    581
     100       1       0       2       0       0       0               0D    582
     124     689       0       1       0       0       0       000010001D    583
     124       1       0       2       0       0       0               0D    584
     100     691       0       1       0       0     583       000010001D    585
     100       1       0       2       0       0       0               0D    586
     124     693       0       1       0       0       0       000010001D    587
     124       1       0       2       0       0       0               0D    588
     100     695       0       1       0       0     587       000010001D    589
     100       1       0       2       0       0       0               0D    590
     110     697       0       1       0       0       0       000010001D    591
     110       1       0       1       0       0       0               0D    592
     124     698       0       1       0       0       0       000010001D    593
     124       1       0       2       0       0       0               0D    594
     100     700       0       1       0       0     593       000010001D    595
     100       1       0       2       0       0       0               0D    596
     124     702       0       1       0       0       0       000010001D    597
     124       1       0       2       0       0       0               0D    598
     100     704       0       1       0       0     597       000010001D    599
     100       1       0       2       0       0       0               0D    600
     124     706       0       1       0       0       0       000010001D    601
     124       1       0       2       0       0       0               0D    602
     100     708       0       1       0       0     601       000010001D    603
     100       1       0       2       0       0       0               0D    604
     124     710       0       1       0       0       0       000010001D    605
     124       1       0       2       0       0       0               0D    606
     100     712       0       1       0       0     605       000010001D    607
     100       1       0       2       0       0       0               0D    608
     124     714       0       1       0       0       0       000010001D    609
     124       1       0       2       0       0       0               0D    610
     100     716       0       1       0       0     609       000010001D    611
     100       1       0       2       0       0       0               0D    612
     110     718       0       1       0       0       0       000010001D    613
     110       1       0       1       0       0       0               0D    614
     124     719       0       1       0       0       0       000010001D    615
     124       1       0       2       0       0       0               0D    616
     100     721       0       1       0       0     615       000010001D    617
     100       1       0       2       0       0       0               0D    618
     124     723       0       1       0       0       0       000010001D    619
     124       1       0       2       0       0       0               0D    620
     100     725       0       1       0       0     619       000010001D    621
     100       1       0       2       0       0       0               0D    622
     124     727       0       1       0       0       0       000010001D    623
     124       1       0       1       0       0       0               0D    624
     100     728       0       1       0       0     623       000010001D    625
     100       1       0       2       0       0       0               0D    626
     124     730       0       1       0       0       0       000010001D    627
     124       1       0       2       0       0       0               0D    628
     100     732       0       1       0       0     627       000010001D    629
     100       1       0       2       0       0       0               0D    630
     124     734       0       1       0       0       0       000010001D    631
     124       1       0       2       0       0       0               0D    632
     100     736       0       1       0       0     631       000010001D    633
     100       1       0       2       0       0       0               0D    634
     110     738       0       1       0       0       0       000010001D    635
     110       1       0       1       0       0       0               0D    636
     124     739       0       1       0       0       0       000010001D    637
     124       1       0       2       0       0       0               0D    638
     100     741       0       1       0       0     637       000010001D    639
     100       1       0       2       0       0       0               0D    640
     124     743       0       1       0       0       0       000010001D    641
     124       1       0       2       0       0       0               0D    642
     100     745       0       1       0       0     641       000010001D    643
     100       1       0       2       0       0       0               0D    644
     124     747       0       1       0       0       0       000010001D    645
     124       1       0       1       0       0       0               0D    646
     100     748       0       1       0       0     645       000010001D    647
     100       1       0       2       0       0       0               0D    648
     124     750       0       1       0       0       0       000010001D    649
     124       1       0       2       0       0       0               0D    650
     100     752       0       1       0       0     649       000010001D    651
     100       1       0       2       0       0       0               0D    652
     124     754       0       1       0       0       0       000010001D    653
     124       1       0       2       0       0       0               0D    654
     100     756       0       1       0       0     653       000010001D    655
     100       1       0       2       0       0       0               0D    656
     110     758       0       1       0       0       0       000010001D    657
     110       1       0       1       0       0       0               0D    658
     124     759       0       1       0       0       0       000010001D    659
     124       1       0       2       0       0       0               0D    660
     100     761       0       1       0       0     659       000010001D    661
     100       1       0       2       0       0       0               0D    662
     124     763       0       1       0       0       0       000010001D    663
     124       1       0       2       0       0       0               0D    664
     100     765       0       1       0       0     663       000010001D    665
     100       1       0       2       0       0       0               0D    666
     124     767       0       1       0       0       0       000010001D    667
     124       1       0       2       0       0       0               0D    668
     100     769       0       1       0       0     667       000010001D    669
     100       1       0       2       0       0       0               0D    670
     124     771       0       1       0       0       0       000010001D    671
     124       1       0       2       0       0       0               0D    672
     100     773       0       1       0       0     671       000010001D    673
     100       1       0       2       0       0       0               0D    674
     124     775       0       1       0       0       0       000010001D    675
     124       1       0       2       0       0       0               0D    676
     100     777       0       1       0       0     675       000010001D    677
     100       1       0       2       0       0       0               0D    678
     110     779       0       1       0       0       0       000010001D    679
     110       1       0       1       0       0       0               0D    680
     124     780       0       1       0       0       0       000010001D    681
     124       1       0       1       0       0       0               0D    682
     100     781       0       1       0       0     681       000010001D    683
     100       1       0       1       0       0       0               0D    684
     110     782       0       1       0       0       0       000010001D    685
     110       1       0       1       0       0       0               0D    686
     124     783       0       1       0       0       0       000010001D    687
     124       1       0       1       0       0       0               0D    688
     100     784       0       1       0       0     687       000010001D    689
     100       1       0       1       0       0       0               0D    690
     102     785       0       1       0       0       0       000010001D    691
     102       1       0       3       0       0       0               0D    692
     142     788       0       1       0       0       0       000010001D    693
     142       1       0       1       0       0       0               0D    694
     144     789       0       1       0       0       0       000000001D    695
     144       1       0       1       0       0       0               0D    696
     110     790       0       1       0       0       0       000010001D    697
     110       1       0       1       0       0       0               0D    698
     122     791       0       1       0       0       0       000010001D    699
     122       1       0       1       0       0       0               0D    700
     126     792       0       1       0       0       0       000010501D    701
     126       1       0      19       0       0       0               0D    702
     126     811       0       1       0       0       0       000010501D    703
     126       1       0       2       0       0       0               0D    704
     126     813       0       1       0       0       0       000010501D    705
     126       1       0      36       0       0       0               0D    706
     126     849       0       1       0       0       0       000010501D    707
     126       1       0       2       0       0       0               0D    708
     126     851       0       1       0       0       0       000010501D    709
     126       1       0      19       0       0       0               0D    710
     102     870       0       1       0       0       0       000010501D    711
     102       1       0       1       0       0       0               0D    712
     124     871       0       1       0       0       0       000010001D    713
     124       1       0       1       0       0       0               0D    714
     100     872       0       1       0       0     713       000010001D    715
     100       1       0       1       0       0       0               0D    716
     110     873       0       1       0       0       0       000010001D    717
     110       1       0       1       0       0       0               0D    718
     124     874       0       1       0       0       0       000010001D    719
     124       1       0       1       0       0       0               0D    720
     100     875       0       1       0       0     719       000010001D    721
     100       1       0       1       0       0       0               0D    722
     110     876       0       1       0       0       0       000010001D    723
     110       1       0       1       0       0       0               0D    724
     124     877       0       1       0       0       0       000010001D    725
     124       1       0       1       0       0       0               0D    726
     100     878       0       1       0       0     725       000010001D    727
     100       1       0       1       0       0       0               0D    728
     102     879       0       1       0       0       0       000010001D    729
     102       1       0       1       0       0       0               0D    730
     142     880       0       1       0       0       0       000010001D    731
     142       1       0       1       0       0       0               0D    732
     126     881       0       1       0       0       0       000010501D    733
     126       1       0       3       0       0       0               0D    734
     126     884       0       1       0       0       0       000010501D    735
     126       1       0      11       0       0       0               0D    736
     126     895       0       1       0       0       0       000010501D    737
     126       1       0      11       0       0       0               0D    738
     126     906       0       1       0       0       0       000010501D    739
     126       1       0       3       0       0       0               0D    740
     126     909       0       1       0       0       0       000010501D    741
     126       1       0      20       0       0       0               0D    742
     126     929       0       1       0       0       0       000010501D    743
     126       1       0       3       0       0       0               0D    744
     126     932       0       1       0       0       0       000010501D    745
     126       1       0       7       0       0       0               0D    746
     126     939       0       1       0       0       0       000010501D    747
     126       1       0       6       0       0       0               0D    748
     126     945       0       1       0       0       0       000010501D    749
     126       1       0      12       0       0       0               0D    750
     126     957       0       1       0       0       0       000010501D    751
     126       1       0       6       0       0       0               0D    752
     126     963       0       1       0       0       0       000010501D    753
     126       1       0       7       0       0       0               0D    754
     126     970       0       1       0       0       0       000010501D    755
     126       1       0       4       0       0       0               0D    756
     126     974       0       1       0       0       0       000010501D    757
     126       1       0       7       0       0       0               0D    758
     126     981       0       1       0       0       0       000010501D    759
     126       1       0       5       0       0       0               0D    760
     126     986       0       1       0       0       0       000010501D    761
     126       1       0      12       0       0       0               0D    762
     126     998       0       1       0       0       0       000010501D    763
     126       1       0       6       0       0       0               0D    764
     126    1004       0       1       0       0       0       000010501D    765
     126       1       0       7       0       0       0               0D    766
     126    1011       0       1       0       0       0       000010501D    767
     126       1       0       4       0       0       0               0D    768
     126    1015       0       1       0       0       0       000010501D    769
     126       1       0       7       0       0       0               0D    770
     126    1022       0       1       0       0       0       000010501D    771
     126       1       0       6       0       0       0               0D    772
     126    1028       0       1       0       0       0       000010501D    773
     126       1       0      12       0       0       0               0D    774
     126    1040       0       1       0       0       0       000010501D    775
     126       1       0       6       0       0       0               0D    776
     126    1046       0       1       0       0       0       000010501D    777
     126       1       0       7       0       0       0               0D    778
     126    1053       0       1       0       0       0       000010501D    779
     126       1       0       4       0       0       0               0D    780
     126    1057       0       1       0       0       0       000010501D    781
     126       1       0       7       0       0       0               0D    782
     126    1064       0       1       0       0       0       000010501D    783
     126       1       0       6       0       0       0               0D    784
     126    1070       0       1       0       0       0       000010501D    785
     126       1       0      12       0       0       0               0D    786
     126    1082       0       1       0       0       0       000010501D    787
     126       1       0       6       0       0       0               0D    788
     126    1088       0       1       0       0       0       000010501D    789
     126       1       0       7       0       0       0               0D    790
     126    1095       0       1       0       0       0       000010501D    791
     126       1       0       4       0       0       0               0D    792
     126    1099       0       1       0       0       0       000010501D    793
     126       1       0       7       0       0       0               0D    794
     126    1106       0       1       0       0       0       000010501D    795
     126       1       0       6       0       0       0               0D    796
     126    1112       0       1       0       0       0       000010501D    797
     126       1       0      12       0       0       0               0D    798
     126    1124       0       1       0       0       0       000010501D    799
     126       1       0       6       0       0       0               0D    800
     126    1130       0       1       0       0       0       000010501D    801
     126       1       0       7       0       0       0               0D    802
     102    1137       0       1       0       0       0       000010501D    803
     102       1       0       3       0       0       0               0D    804
     110    1140       0       1       0       0       0       000010001D    805
     110       1       0       1       0       0       0               0D    806
     124    1141       0       1       0       0       0       000010001D    807
     124       1       0       1       0       0       0               0D    808
     100    1142       0       1       0       0     807       000010001D    809
     100       1       0       1       0       0       0               0D    810
     124    1143       0       1       0       0       0       000010001D    811
     124       1       0       1       0       0       0               0D    812
     100    1144       0       1       0       0     811       000010001D    813
     100       1       0       1       0       0       0               0D    814
     110    1145       0       1       0       0       0       000010001D    815
     110       1       0       1       0       0       0               0D    816
     124    1146       0       1       0       0       0       000010001D    817
     124       1       0       1       0       0       0               0D    818
     100    1147       0       1       0       0     817       000010001D    819
     100       1       0       1       0       0       0               0D    820
     110    1148       0       1       0       0       0       000010001D    821
     110       1       0       1       0       0       0               0D    822
     124    1149       0       1       0       0       0       000010001D    823
     124       1       0       2       0       0       0               0D    824
     100    1151       0       1       0       0     823       000010001D    825
     100       1       0       2       0       0       0               0D    826
     124    1153       0       1       0       0       0       000010001D    827
     124       1       0       2       0       0       0               0D    828
     100    1155       0       1       0       0     827       000010001D    829
     100       1       0       2       0       0       0               0D    830
     124    1157       0       1       0       0       0       000010001D    831
     124       1       0       2       0       0       0               0D    832
     100    1159       0       1       0       0     831       000010001D    833
     100       1       0       2       0       0       0               0D    834
     124    1161       0       1       0       0       0       000010001D    835
     124       1       0       2       0       0       0               0D    836
     100    1163       0       1       0       0     835       000010001D    837
     100       1       0       2       0       0       0               0D    838
     124    1165       0       1       0       0       0       000010001D    839
     124       1       0       2       0       0       0               0D    840
     100    1167       0       1       0       0     839       000010001D    841
     100       1       0       2       0       0       0               0D    842
     110    1169       0       1       0       0       0       000010001D    843
     110       1       0       1       0       0       0               0D    844
     124    1170       0       1       0       0       0       000010001D    845
     124       1       0       2       0       0       0               0D    846
     100    1172       0       1       0       0     845       000010001D    847
     100       1       0       2       0       0       0               0D    848
     124    1174       0       1       0       0       0       000010001D    849
     124       1       0       2       0       0       0               0D    850
     100    1176       0       1       0       0     849       000010001D    851
     100       1       0       2       0       0       0               0D    852
     124    1178       0       1       0       0       0       000010001D    853
     124       1       0       1       0       0       0               0D    854
     100    1179       0       1       0       0     853       000010001D    855
     100       1       0       2       0       0       0               0D    856
     124    1181       0       1       0       0       0       000010001D    857
     124       1       0       2       0       0       0               0D    858
     100    1183       0       1       0       0     857       000010001D    859
     100       1       0       2       0       0       0               0D    860
     124    1185       0       1       0       0       0       000010001D    861
     124       1       0       2       0       0       0               0D    862
     100    1187       0       1       0       0     861       000010001D    863
     100       1       0       2       0       0       0               0D    864
     110    1189       0       1       0       0       0       000010001D    865
     110       1       0       1       0       0       0               0D    866
     124    1190       0       1       0       0       0       000010001D    867
     124       1       0       2       0       0       0               0D    868
     100    1192       0       1       0       0     867       000010001D    869
     100       1       0       2       0       0       0               0D    870
     124    1194       0       1       0       0       0       000010001D    871
     124       1       0       2       0       0       0               0D    872
     100    1196       0       1       0       0     871       000010001D    873
     100       1       0       2       0       0       0               0D    874
     124    1198       0       1       0       0       0       000010001D    875
     124       1       0       1       0       0       0               0D    876
     100    1199       0       1       0       0     875       000010001D    877
     100       1       0       2       0       0       0               0D    878
     124    1201       0       1       0       0       0       000010001D    879
     124       1       0       2       0       0       0               0D    880
     100    1203       0       1       0       0     879       000010001D    881
     100       1       0       2       0       0       0               0D    882
     124    1205       0       1       0       0       0       000010001D    883
     124       1       0       2       0       0       0               0D    884
     100    1207       0       1       0       0     883       000010001D    885
     100       1       0       2       0       0       0               0D    886
     110    1209       0       1       0       0       0       000010001D    887
     110       1       0       1       0       0       0               0D    888
     124    1210       0       1       0       0       0       000010001D    889
     124       1       0       2       0       0       0               0D    890
     100    1212       0       1       0       0     889       000010001D    891
     100       1       0       2       0       0       0               0D    892
     124    1214       0       1       0       0       0       000010001D    893
     124       1       0       2       0       0       0               0D    894
     100    1216       0       1       0       0     893       000010001D    895
     100       1       0       2       0       0       0               0D    896
     124    1218       0       1       0       0       0       000010001D    897
     124       1       0       2       0       0       0               0D    898
     100    1220       0       1       0       0     897       000010001D    899
     100       1       0       2       0       0       0               0D    900
     124    1222       0       1       0       0       0       000010001D    901
     124       1       0       2       0       0       0               0D    902
     100    1224       0       1       0       0     901       000010001D    903
     100       1       0       2       0       0       0               0D    904
     124    1226       0       1       0       0       0       000010001D    905
     124       1       0       2       0       0       0               0D    906
     100    1228       0       1       0       0     905       000010001D    907
     100       1       0       2       0       0       0               0D    908
     110    1230       0       1       0       0       0       000010001D    909
     110       1       0       1       0       0       0               0D    910
     124    1231       0       1       0       0       0       000010001D    911
     124       1       0       2       0       0       0               0D    912
     100    1233       0       1       0       0     911       000010001D    913
     100       1       0       2       0       0       0               0D    914
     124    1235       0       1       0       0       0       000010001D    915
     124       1       0       2       0       0       0               0D    916
     100    1237       0       1       0       0     915       000010001D    917
     100       1       0       2       0       0       0               0D    918
     124    1239       0       1       0       0       0       000010001D    919
     124       1       0       1       0       0       0               0D    920
     100    1240       0       1       0       0     919       000010001D    921
     100       1       0       2       0       0       0               0D    922
     124    1242       0       1       0       0       0       000010001D    923
     124       1       0       2       0       0       0               0D    924
     100    1244       0       1       0       0     923       000010001D    925
     100       1       0       2       0       0       0               0D    926
     124    1246       0       1       0       0       0       000010001D    927
     124       1       0       2       0       0       0               0D    928
     100    1248       0       1       0       0     927       000010001D    929
     100       1       0       2       0       0       0               0D    930
     102    1250       0       1       0       0       0       000010001D    931
     102       1       0       3       0       0       0               0D    932
     142    1253       0       1       0       0       0       000010001D    933
     142       1       0       1       0       0       0               0D    934
     144    1254       0       1       0       0       0       000000001D    935
     144       1       0       1       0       0       0               0D    936
     110    1255       0       1       0       0       0       000010001D    937
     110       1       0       2       0       0       0               0D    938
     110    1257       0       1       0       0       0       000010001D    939
     110       1       0       2       0       0       0               0D    940
     120    1259       0       1       0       0       0       000010001D    941
     120       1       0       1       0       0       0               0D    942
     126    1260       0       1       0       0       0       000010501D    943
     126       1       0       4       0       0       0               0D    944
     126    1264       0       1       0       0       0       000010501D    945
     126       1       0       2       0       0       0               0D    946
     126    1266       0       1       0       0       0       000010501D    947
     126       1       0       4       0       0       0               0D    948
     126    1270       0       1       0       0       0       000010501D    949
     126       1       0       2       0       0       0               0D    950
     102    1272       0       1       0       0       0       000010501D    951
     102       1       0       1       0       0       0               0D    952
     124    1273       0       1       0       0       0       000010001D    953
     124       1       0       2       0       0       0               0D    954
     100    1275       0       1       0       0     953       000010001D    955
     100       1       0       2       0       0       0               0D    956
     110    1277       0       1       0       0       0       000010001D    957
     110       1       0       2       0       0       0               0D    958
     124    1279       0       1       0       0       0       000010001D    959
     124       1       0       2       0       0       0               0D    960
     100    1281       0       1       0       0     959       000010001D    961
     100       1       0       2       0       0       0               0D    962
     110    1283       0       1       0       0       0       000010001D    963
     110       1       0       2       0       0       0               0D    964
     102    1285       0       1       0       0       0       000010001D    965
     102       1       0       1       0       0       0               0D    966
     142    1286       0       1       0       0       0       000010001D    967
     142       1       0       1       0       0       0               0D    968
     144    1287       0       1       0       0       0       000000001D    969
     144       1       0       1       0       0       0               0D    970
     110    1288       0       1       0       0       0       000010001D    971
     110       1       0       1       0       0       0               0D    972
     110    1289       0       1       0       0       0       000010001D    973
     110       1       0       2       0       0       0               0D    974
     120    1291       0       1       0       0       0       000010001D    975
     120       1       0       1       0       0       0               0D    976
     126    1292       0       1       0       0       0       000010501D    977
     126       1       0       3       0       0       0               0D    978
     126    1295       0       1       0       0       0       000010501D    979
     126       1       0       2       0       0       0               0D    980
     126    1297       0       1       0       0       0       000010501D    981
     126       1       0       4       0       0       0               0D    982
     126    1301       0       1       0       0       0       000010501D    983
     126       1       0       2       0       0       0               0D    984
     102    1303       0       1       0       0       0       000010501D    985
     102       1       0       1       0       0       0               0D    986
     124    1304       0       1       0       0       0       000010001D    987
     124       1       0       1       0       0       0               0D    988
     100    1305       0       1       0       0     987       000010001D    989
     100       1       0       2       0       0       0               0D    990
     110    1307       0       1       0       0       0       000010001D    991
     110       1       0       2       0       0       0               0D    992
     124    1309       0       1       0       0       0       000010001D    993
     124       1       0       1       0       0       0               0D    994
     100    1310       0       1       0       0     993       000010001D    995
     100       1       0       2       0       0       0               0D    996
     110    1312       0       1       0       0       0       000010001D    997
     110       1       0       2       0       0       0               0D    998
     102    1314       0       1       0       0       0       000010001D    999
     102       1       0       1       0       0       0               0D   1000
     142    1315       0       1       0       0       0       000010001D   1001
     142       1       0       1       0       0       0               0D   1002
     144    1316       0       1       0       0       0       000000001D   1003
     144       1       0       1       0       0       0               0D   1004
     110    1317       0       1       0       0       0       000010001D   1005
     110       1       0       2       0       0       0               0D   1006
     110    1319       0       1       0       0       0       000010001D   1007
     110       1       0       2       0       0       0               0D   1008
     120    1321       0       1       0       0       0       000010001D   1009
     120       1       0       1       0       0       0               0D   1010
     126    1322       0       1       0       0       0       000010501D   1011
     126       1       0       4       0       0       0               0D   1012
     126    1326       0       1       0       0       0       000010501D   1013
     126       1       0       2       0       0       0               0D   1014
     126    1328       0       1       0       0       0       000010501D   1015
     126       1       0       4       0       0       0               0D   1016
     126    1332       0       1       0       0       0       000010501D   1017
     126       1       0       2       0       0       0               0D   1018
     102    1334       0       1       0       0       0       000010501D   1019
     102       1       0       1       0       0       0               0D   1020
     124    1335       0       1       0       0       0       000010001D   1021
     124       1       0       2       0       0       0               0D   1022
     100    1337       0       1       0       0    1021       000010001D   1023
     100       1       0       2       0       0       0               0D   1024
     110    1339       0       1       0       0       0       000010001D   1025
     110       1       0       2       0       0       0               0D   1026
     124    1341       0       1       0       0       0       000010001D   1027
     124       1       0       2       0       0       0               0D   1028
     100    1343       0       1       0       0    1027       000010001D   1029
     100       1       0       2       0       0       0               0D   1030
     110    1345       0       1       0       0       0       000010001D   1031
     110       1       0       2       0       0       0               0D   1032
     102    1347       0       1       0       0       0       000010001D   1033
     102       1       0       1       0       0       0               0D   1034
     142    1348       0       1       0       0       0       000010001D   1035
     142       1       0       1       0       0       0               0D   1036
     144    1349       0       1       0       0       0       000000001D   1037
     144       1       0       1       0       0       0               0D   1038
     110    1350       0       1       0       0       0       000010001D   1039
     110       1       0       2       0       0       0               0D   1040
     110    1352       0       1       0       0       0       000010001D   1041
     110       1       0       2       0       0       0               0D   1042
     120    1354       0       1       0       0       0       000010001D   1043
     120       1       0       1       0       0       0               0D   1044
     126    1355       0       1       0       0       0       000010501D   1045
     126       1       0       4       0       0       0               0D   1046
     126    1359       0       1       0       0       0       000010501D   1047
     126       1       0       2       0       0       0               0D   1048
     126    1361       0       1       0       0       0       000010501D   1049
     126       1       0       4       0       0       0               0D   1050
     126    1365       0       1       0       0       0       000010501D   1051
     126       1       0       2       0       0       0               0D   1052
     102    1367       0       1       0       0       0       000010501D   1053
     102       1       0       1       0       0       0               0D   1054
     124    1368       0       1       0       0       0       000010001D   1055
     124       1       0       2       0       0       0               0D   1056
     100    1370       0       1       0       0    1055       000010001D   1057
     100       1       0       2       0       0       0               0D   1058
     110    1372       0       1       0       0       0       000010001D   1059
     110       1       0       2       0       0       0               0D   1060
     124    1374       0       1       0       0       0       000010001D   1061
     124       1       0       2       0       0       0               0D   1062
     100    1376       0       1       0       0    1061       000010001D   1063
     100       1       0       2       0       0       0               0D   1064
     110    1378       0       1       0       0       0       000010001D   1065
     110       1       0       2       0       0       0               0D   1066
     102    1380       0       1       0       0       0       000010001D   1067
     102       1       0       1       0       0       0               0D   1068
     142    1381       0       1       0       0       0       000010001D   1069
     142       1       0       1       0       0       0               0D   1070
     144    1382       0       1       0       0       0       000000001D   1071
     144       1       0       1       0       0       0               0D   1072
     110    1383       0       1       0       0       0       000010001D   1073
     110       1       0       2       0       0       0               0D   1074
     110    1385       0       1       0       0       0       000010001D   1075
     110       1       0       2       0       0       0               0D   1076
     120    1387       0       1       0       0       0       000010001D   1077
     120       1       0       1       0       0       0               0D   1078
     126    1388       0       1       0       0       0       000010501D   1079
     126       1       0       4       0       0       0               0D   1080
     126    1392       0       1       0       0       0       000010501D   1081
     126       1       0       2       0       0       0               0D   1082
     126    1394       0       1       0       0       0       000010501D   1083
     126       1       0       4       0       0       0               0D   1084
     126    1398       0       1       0       0       0       000010501D   1085
     126       1       0       2       0       0       0               0D   1086
     102    1400       0       1       0       0       0       000010501D   1087
     102       1       0       1       0       0       0               0D   1088
     124    1401       0       1       0       0       0       000010001D   1089
     124       1       0       2       0       0       0               0D   1090
     100    1403       0       1       0       0    1089       000010001D   1091
     100       1       0       2       0       0       0               0D   1092
     110    1405       0       1       0       0       0       000010001D   1093
     110       1       0       2       0       0       0               0D   1094
     124    1407       0       1       0       0       0       000010001D   1095
     124       1       0       2       0       0       0               0D   1096
     100    1409       0       1       0       0    1095       000010001D   1097
     100       1       0       2       0       0       0               0D   1098
     110    1411       0       1       0       0       0       000010001D   1099
     110       1       0       1       0       0       0               0D   1100
     102    1412       0       1       0       0       0       000010001D   1101
     102       1       0       1       0       0       0               0D   1102
     142    1413       0       1       0       0       0       000010001D   1103
     142       1       0       1       0       0       0               0D   1104
     144    1414       0       1       0       0       0       000000001D   1105
     144       1       0       1       0       0       0               0D   1106
     110    1415       0       1       0       0       0       000010001D   1107
     110       1       0       2       0       0       0               0D   1108
     110    1417       0       1       0       0       0       000010001D   1109
     110       1       0       2       0       0       0               0D   1110
     120    1419       0       1       0       0       0       000010001D   1111
     120       1       0       1       0       0       0               0D   1112
     126    1420       0       1       0       0       0       000010501D   1113
     126       1       0       4       0       0       0               0D   1114
     126    1424       0       1       0       0       0       000010501D   1115
     126       1       0       2       0       0       0               0D   1116
     126    1426       0       1       0       0       0       000010501D   1117
     126       1       0       4       0       0       0               0D   1118
     126    1430       0       1       0       0       0       000010501D   1119
     126       1       0       2       0       0       0               0D   1120
     102    1432       0       1       0       0       0       000010501D   1121
     102       1       0       1       0       0       0               0D   1122
     124    1433       0       1       0       0       0       000010001D   1123
     124       1       0       2       0       0       0               0D   1124
     100    1435       0       1       0       0    1123       000010001D   1125
     100       1       0       2       0       0       0               0D   1126
     110    1437       0       1       0       0       0       000010001D   1127
     110       1       0       2       0       0       0               0D   1128
     124    1439       0       1       0       0       0       000010001D   1129
     124       1       0       2       0       0       0               0D   1130
     100    1441       0       1       0       0    1129       000010001D   1131
     100       1       0       2       0       0       0               0D   1132
     110    1443       0       1       0       0       0       000010001D   1133
     110       1       0       2       0       0       0               0D   1134
     102    1445       0       1       0       0       0       000010001D   1135
     102       1       0       1       0       0       0               0D   1136
     142    1446       0       1       0       0       0       000010001D   1137
     142       1       0       1       0       0       0               0D   1138
     144    1447       0       1       0       0       0       000000001D   1139
     144       1       0       1       0       0       0               0D   1140
     110    1448       0       1       0       0       0       000010001D   1141
     110       1       0       2       0       0       0               0D   1142
     110    1450       0       1       0       0       0       000010001D   1143
     110       1       0       2       0       0       0               0D   1144
     120    1452       0       1       0       0       0       000010001D   1145
     120       1       0       1       0       0       0               0D   1146
     126    1453       0       1       0       0       0       000010501D   1147
     126       1       0       4       0       0       0               0D   1148
     126    1457       0       1       0       0       0       000010501D   1149
     126       1       0       2       0       0       0               0D   1150
     126    1459       0       1       0       0       0       000010501D   1151
     126       1       0       4       0       0       0               0D   1152
     126    1463       0       1       0       0       0       000010501D   1153
     126       1       0       2       0       0       0               0D   1154
     102    1465       0       1       0       0       0       000010501D   1155
     102       1       0       1       0       0       0               0D   1156
     124    1466       0       1       0       0       0       000010001D   1157
     124       1       0       2       0       0       0               0D   1158
     100    1468       0       1       0       0    1157       000010001D   1159
     100       1       0       2       0       0       0               0D   1160
     110    1470       0       1       0       0       0       000010001D   1161
     110       1       0       2       0       0       0               0D   1162
     124    1472       0       1       0       0       0       000010001D   1163
     124       1       0       2       0       0       0               0D   1164
     100    1474       0       1       0       0    1163       000010001D   1165
     100       1       0       2       0       0       0               0D   1166
     110    1476       0       1       0       0       0       000010001D   1167
     110       1       0       2       0       0       0               0D   1168
     102    1478       0       1       0       0       0       000010001D   1169
     102       1       0       1       0       0       0               0D   1170
     142    1479       0       1       0       0       0       000010001D   1171
     142       1       0       1       0       0       0               0D   1172
     144    1480       0       1       0       0       0       000000001D   1173
     144       1       0       1       0       0       0               0D   1174
     110    1481       0       1       0       0       0       000010001D   1175
     110       1       0       2       0       0       0               0D   1176
     110    1483       0       1       0       0       0       000010001D   1177
     110       1       0       2       0       0       0               0D   1178
     120    1485       0       1       0       0       0       000010001D   1179
     120       1       0       1       0       0       0               0D   1180
     126    1486       0       1       0       0       0       000010501D   1181
     126       1       0       4       0       0       0               0D   1182
     126    1490       0       1       0       0       0       000010501D   1183
     126       1       0       2       0       0       0               0D   1184
     126    1492       0       1       0       0       0       000010501D   1185
     126       1       0       4       0       0       0               0D   1186
     126    1496       0       1       0       0       0       000010501D   1187
     126       1       0       2       0       0       0               0D   1188
     102    1498       0       1       0       0       0       000010501D   1189
     102       1       0       1       0       0       0               0D   1190
     124    1499       0       1       0       0       0       000010001D   1191
     124       1       0       2       0       0       0               0D   1192
     100    1501       0       1       0       0    1191       000010001D   1193
     100       1       0       2       0       0       0               0D   1194
     110    1503       0       1       0       0       0       000010001D   1195
     110       1       0       2       0       0       0               0D   1196
     124    1505       0       1       0       0       0       000010001D   1197
     124       1       0       2       0       0       0               0D   1198
     100    1507       0       1       0       0    1197       000010001D   1199
     100       1       0       2       0       0       0               0D   1200
     110    1509       0       1       0       0       0       000010001D   1201
     110       1       0       2       0       0       0               0D   1202
     102    1511       0       1       0       0       0       000010001D   1203
     102       1       0       1       0       0       0               0D   1204
     142    1512       0       1       0       0       0       000010001D   1205
     142       1       0       1       0       0       0               0D   1206
     144    1513       0       1       0       0       0       000000001D   1207
     144       1       0       1       0       0       0               0D   1208
     110    1514       0       1       0       0       0       000010001D   1209
     110       1       0       2       0       0       0               0D   1210
     110    1516       0       1       0       0       0       000010001D   1211
     110       1       0       2       0       0       0               0D   1212
     120    1518       0       1       0       0       0       000010001D   1213
     120       1       0       1       0       0       0               0D   1214
     126    1519       0       1       0       0       0       000010501D   1215
     126       1       0       4       0       0       0               0D   1216
     126    1523       0       1       0       0       0       000010501D   1217
     126       1       0       2       0       0       0               0D   1218
     126    1525       0       1       0       0       0       000010501D   1219
     126       1       0       4       0       0       0               0D   1220
     126    1529       0       1       0       0       0       000010501D   1221
     126       1       0       2       0       0       0               0D   1222
     102    1531       0       1       0       0       0       000010501D   1223
     102       1       0       1       0       0       0               0D   1224
     124    1532       0       1       0       0       0       000010001D   1225
     124       1       0       2       0       0       0               0D   1226
     100    1534       0       1       0       0    1225       000010001D   1227
     100       1       0       2       0       0       0               0D   1228
     110    1536       0       1       0       0       0       000010001D   1229
     110       1       0       2       0       0       0               0D   1230
     124    1538       0       1       0       0       0       000010001D   1231
     124       1       0       2       0       0       0               0D   1232
     100    1540       0       1       0       0    1231       000010001D   1233
     100       1       0       2       0       0       0               0D   1234
     110    1542       0       1       0       0       0       000010001D   1235
     110       1       0       2       0       0       0               0D   1236
     102    1544       0       1       0       0       0       000010001D   1237
     102       1       0       1       0       0       0               0D   1238
     142    1545       0       1       0       0       0       000010001D   1239
     142       1       0       1       0       0       0               0D   1240
     144    1546       0       1       0       0       0       000000001D   1241
     144       1       0       1       0       0       0               0D   1242
     110    1547       0       1       0       0       0       000010001D   1243
     110       1       0       2       0       0       0               0D   1244
     110    1549       0       1       0       0       0       000010001D   1245
     110       1       0       2       0       0       0               0D   1246
     120    1551       0       1       0       0       0       000010001D   1247
     120       1       0       1       0       0       0               0D   1248
     126    1552       0       1       0       0       0       000010501D   1249
     126       1       0       4       0       0       0               0D   1250
     126    1556       0       1       0       0       0       000010501D   1251
     126       1       0       2       0       0       0               0D   1252
     126    1558       0       1       0       0       0       000010501D   1253
     126       1       0       4       0       0       0               0D   1254
     126    1562       0       1       0       0       0       000010501D   1255
     126       1       0       2       0       0       0               0D   1256
     102    1564       0       1       0       0       0       000010501D   1257
     102       1       0       1       0       0       0               0D   1258
     124    1565       0       1       0       0       0       000010001D   1259
     124       1       0       2       0       0       0               0D   1260
     100    1567       0       1       0       0    1259       000010001D   1261
     100       1       0       2       0       0       0               0D   1262
     110    1569       0       1       0       0       0       000010001D   1263
     110       1       0       2       0       0       0               0D   1264
     124    1571       0       1       0       0       0       000010001D   1265
     124       1       0       2       0       0       0               0D   1266
     100    1573       0       1       0       0    1265       000010001D   1267
     100       1       0       2       0       0       0               0D   1268
     110    1575       0       1       0       0       0       000010001D   1269
     110       1       0       1       0       0       0               0D   1270
     102    1576       0       1       0       0       0       000010001D   1271
     102       1       0       1       0       0       0               0D   1272
     142    1577       0       1       0       0       0       000010001D   1273
     142       1       0       1       0       0       0               0D   1274
     144    1578       0       1       0       0       0       000000001D   1275
     144       1       0       1       0       0       0               0D   1276
     110    1579       0       1       0       0       0       000010001D   1277
     110       1       0       2       0       0       0               0D   1278
     110    1581       0       1       0       0       0       000010001D   1279
     110       1       0       2       0       0       0               0D   1280
     120    1583       0       1       0       0       0       000010001D   1281
     120       1       0       1       0       0       0               0D   1282
     126    1584       0       1       0       0       0       000010501D   1283
     126       1       0       4       0       0       0               0D   1284
     126    1588       0       1       0       0       0       000010501D   1285
     126       1       0       2       0       0       0               0D   1286
     126    1590       0       1       0       0       0       000010501D   1287
     126       1       0       4       0       0       0               0D   1288
     126    1594       0       1       0       0       0       000010501D   1289
     126       1       0       2       0       0       0               0D   1290
     102    1596       0       1       0       0       0       000010501D   1291
     102       1       0       1       0       0       0               0D   1292
     124    1597       0       1       0       0       0       000010001D   1293
     124       1       0       2       0       0       0               0D   1294
     100    1599       0       1       0       0    1293       000010001D   1295
     100       1       0       2       0       0       0               0D   1296
     110    1601       0       1       0       0       0       000010001D   1297
     110       1       0       2       0       0       0               0D   1298
     124    1603       0       1       0       0       0       000010001D   1299
     124       1       0       2       0       0       0               0D   1300
     100    1605       0       1       0       0    1299       000010001D   1301
     100       1       0       2       0       0       0               0D   1302
     110    1607       0       1       0       0       0       000010001D   1303
     110       1       0       2       0       0       0               0D   1304
     102    1609       0       1       0       0       0       000010001D   1305
     102       1       0       1       0       0       0               0D   1306
     142    1610       0       1       0       0       0       000010001D   1307
     142       1       0       1       0       0       0               0D   1308
     144    1611       0       1       0       0       0       000000001D   1309
     144       1       0       1       0       0       0               0D   1310
     110    1612       0       1       0       0       0       000010001D   1311
     110       1       0       1       0       0       0               0D   1312
     110    1613       0       1       0       0       0       000010001D   1313
     110       1       0       1       0       0       0               0D   1314
     120    1614       0       1       0       0       0       000010001D   1315
     120       1       0       1       0       0       0               0D   1316
     126    1615       0       1       0       0       0       000010501D   1317
     126       1       0       4       0       0       0               0D   1318
     126    1619       0       1       0       0       0       000010501D   1319
     126       1       0       2       0       0       0               0D   1320
     126    1621       0       1       0       0       0       000010501D   1321
     126       1       0       4       0       0       0               0D   1322
     126    1625       0       1       0       0       0       000010501D   1323
     126       1       0       2       0       0       0               0D   1324
     102    1627       0       1       0       0       0       000010501D   1325
     102       1       0       1       0       0       0               0D   1326
     124    1628       0       1       0       0       0       000010001D   1327
     124       1       0       1       0       0       0               0D   1328
     100    1629       0       1       0       0    1327       000010001D   1329
     100       1       0       2       0       0       0               0D   1330
     110    1631       0       1       0       0       0       000010001D   1331
     110       1       0       2       0       0       0               0D   1332
     124    1633       0       1       0       0       0       000010001D   1333
     124       1       0       1       0       0       0               0D   1334
     100    1634       0       1       0       0    1333       000010001D   1335
     100       1       0       2       0       0       0               0D   1336
     110    1636       0       1       0       0       0       000010001D   1337
     110       1       0       2       0       0       0               0D   1338
     102    1638       0       1       0       0       0       000010001D   1339
     102       1       0       1       0       0       0               0D   1340
     142    1639       0       1       0       0       0       000010001D   1341
     142       1       0       1       0       0       0               0D   1342
     144    1640       0       1       0       0       0       000000001D   1343
     144       1       0       1       0       0       0               0D   1344
     110    1641       0       1       0       0       0       000010001D   1345
     110       1       0       2       0       0       0               0D   1346
     110    1643       0       1       0       0       0       000010001D   1347
     110       1       0       2       0       0       0               0D   1348
     120    1645       0       1       0       0       0       000010001D   1349
     120       1       0       1       0       0       0               0D   1350
     126    1646       0       1       0       0       0       000010501D   1351
     126       1       0       4       0       0       0               0D   1352
     126    1650       0       1       0       0       0       000010501D   1353
     126       1       0       2       0       0       0               0D   1354
     126    1652       0       1       0       0       0       000010501D   1355
     126       1       0       4       0       0       0               0D   1356
     126    1656       0       1       0       0       0       000010501D   1357
     126       1       0       2       0       0       0               0D   1358
     102    1658       0       1       0       0       0       000010501D   1359
     102       1       0       1       0       0       0               0D   1360
     124    1659       0       1       0       0       0       000010001D   1361
     124       1       0       2       0       0       0               0D   1362
     100    1661       0       1       0       0    1361       000010001D   1363
     100       1       0       2       0       0       0               0D   1364
     110    1663       0       1       0       0       0       000010001D   1365
     110       1       0       2       0       0       0               0D   1366
     124    1665       0       1       0       0       0       000010001D   1367
     124       1       0       2       0       0       0               0D   1368
     100    1667       0       1       0       0    1367       000010001D   1369
     100       1       0       2       0       0       0               0D   1370
     110    1669       0       1       0       0       0       000010001D   1371
     110       1       0       2       0       0       0               0D   1372
     102    1671       0       1       0       0       0       000010001D   1373
     102       1       0       1       0       0       0               0D   1374
     142    1672       0       1       0       0       0       000010001D   1375
     142       1       0       1       0       0       0               0D   1376
     144    1673       0       1       0       0       0       000000001D   1377
     144       1       0       1       0       0       0               0D   1378
     110    1674       0       1       0       0       0       000010001D   1379
     110       1       0       2       0       0       0               0D   1380
     110    1676       0       1       0       0       0       000010001D   1381
     110       1       0       2       0       0       0               0D   1382
     120    1678       0       1       0       0       0       000010001D   1383
     120       1       0       1       0       0       0               0D   1384
     126    1679       0       1       0       0       0       000010501D   1385
     126       1       0       4       0       0       0               0D   1386
     126    1683       0       1       0       0       0       000010501D   1387
     126       1       0       2       0       0       0               0D   1388
     126    1685       0       1       0       0       0       000010501D   1389
     126       1       0       4       0       0       0               0D   1390
     126    1689       0       1       0       0       0       000010501D   1391
     126       1       0       2       0       0       0               0D   1392
     102    1691       0       1       0       0       0       000010501D   1393
     102       1       0       1       0       0       0               0D   1394
     124    1692       0       1       0       0       0       000010001D   1395
     124       1       0       2       0       0       0               0D   1396
     100    1694       0       1       0       0    1395       000010001D   1397
     100       1       0       2       0       0       0               0D   1398
     110    1696       0       1       0       0       0       000010001D   1399
     110       1       0       2       0       0       0               0D   1400
     124    1698       0       1       0       0       0       000010001D   1401
     124       1       0       2       0       0       0               0D   1402
     100    1700       0       1       0       0    1401       000010001D   1403
     100       1       0       2       0       0       0               0D   1404
     110    1702       0       1       0       0       0       000010001D   1405
     110       1       0       2       0       0       0               0D   1406
     102    1704       0       1       0       0       0       000010001D   1407
     102       1       0       1       0       0       0               0D   1408
     142    1705       0       1       0       0       0       000010001D   1409
     142       1       0       1       0       0       0               0D   1410
     144    1706       0       1       0       0       0       000000001D   1411
     144       1       0       1       0       0       0               0D   1412
     110    1707       0       1       0       0       0       000010001D   1413
     110       1       0       2       0       0       0               0D   1414
     110    1709       0       1       0       0       0       000010001D   1415
     110       1       0       2       0       0       0               0D   1416
     120    1711       0       1       0       0       0       000010001D   1417
     120       1       0       1       0       0       0               0D   1418
     126    1712       0       1       0       0       0       000010501D   1419
     126       1       0       4       0       0       0               0D   1420
     126    1716       0       1       0       0       0       000010501D   1421
     126       1       0       2       0       0       0               0D   1422
     126    1718       0       1       0       0       0       000010501D   1423
     126       1       0       4       0       0       0               0D   1424
     126    1722       0       1       0       0       0       000010501D   1425
     126       1       0       2       0       0       0               0D   1426
     102    1724       0       1       0       0       0       000010501D   1427
     102       1       0       1       0       0       0               0D   1428
     124    1725       0       1       0       0       0       000010001D   1429
     124       1       0       2       0       0       0               0D   1430
     100    1727       0       1       0       0    1429       000010001D   1431
     100       1       0       2       0       0       0               0D   1432
     110    1729       0       1       0       0       0       000010001D   1433
     110       1       0       2       0       0       0               0D   1434
     124    1731       0       1       0       0       0       000010001D   1435
     124       1       0       2       0       0       0               0D   1436
     100    1733       0       1       0       0    1435       000010001D   1437
     100       1       0       2       0       0       0               0D   1438
     110    1735       0       1       0       0       0       000010001D   1439
     110       1       0       1       0       0       0               0D   1440
     102    1736       0       1       0       0       0       000010001D   1441
     102       1       0       1       0       0       0               0D   1442
     142    1737       0       1       0       0       0       000010001D   1443
     142       1       0       1       0       0       0               0D   1444
     144    1738       0       1       0       0       0       000000001D   1445
     144       1       0       1       0       0       0               0D   1446
     110    1739       0       1       0       0       0       000010001D   1447
     110       1       0       2       0       0       0               0D   1448
     110    1741       0       1       0       0       0       000010001D   1449
     110       1       0       2       0       0       0               0D   1450
     120    1743       0       1       0       0       0       000010001D   1451
     120       1       0       1       0       0       0               0D   1452
     126    1744       0       1       0       0       0       000010501D   1453
     126       1       0       4       0       0       0               0D   1454
     126    1748       0       1       0       0       0       000010501D   1455
     126       1       0       2       0       0       0               0D   1456
     126    1750       0       1       0       0       0       000010501D   1457
     126       1       0       4       0       0       0               0D   1458
     126    1754       0       1       0       0       0       000010501D   1459
     126       1       0       2       0       0       0               0D   1460
     102    1756       0       1       0       0       0       000010501D   1461
     102       1       0       1       0       0       0               0D   1462
     124    1757       0       1       0       0       0       000010001D   1463
     124       1       0       2       0       0       0               0D   1464
     100    1759       0       1       0       0    1463       000010001D   1465
     100       1       0       2       0       0       0               0D   1466
     110    1761       0       1       0       0       0       000010001D   1467
     110       1       0       2       0       0       0               0D   1468
     124    1763       0       1       0       0       0       000010001D   1469
     124       1       0       2       0       0       0               0D   1470
     100    1765       0       1       0       0    1469       000010001D   1471
     100       1       0       2       0       0       0               0D   1472
     110    1767       0       1       0       0       0       000010001D   1473
     110       1       0       2       0       0       0               0D   1474
     102    1769       0       1       0       0       0       000010001D   1475
     102       1       0       1       0       0       0               0D   1476
     142    1770       0       1       0       0       0       000010001D   1477
     142       1       0       1       0       0       0               0D   1478
     144    1771       0       1       0       0       0       000000001D   1479
     144       1       0       1       0       0       0               0D   1480
     110    1772       0       1       0       0       0       000010001D   1481
     110       1       0       1       0       0       0               0D   1482
     110    1773       0       1       0       0       0       000010001D   1483
     110       1       0       2       0       0       0               0D   1484
     120    1775       0       1       0       0       0       000010001D   1485
     120       1       0       1       0       0       0               0D   1486
     126    1776       0       1       0       0       0       000010501D   1487
     126       1       0       3       0       0       0               0D   1488
     126    1779       0       1       0       0       0       000010501D   1489
     126       1       0       2       0       0       0               0D   1490
     126    1781       0       1       0       0       0       000010501D   1491
     126       1       0       4       0       0       0               0D   1492
     126    1785       0       1       0       0       0       000010501D   1493
     126       1       0       2       0       0       0               0D   1494
     102    1787       0       1       0       0       0       000010501D   1495
     102       1       0       1       0       0       0               0D   1496
     124    1788       0       1       0       0       0       000010001D   1497
     124       1       0       1       0       0       0               0D   1498
     100    1789       0       1       0       0    1497       000010001D   1499
     100       1       0       2       0       0       0               0D   1500
     110    1791       0       1       0       0       0       000010001D   1501
     110       1       0       2       0       0       0               0D   1502
     124    1793       0       1       0       0       0       000010001D   1503
     124       1       0       1       0       0       0               0D   1504
     100    1794       0       1       0       0    1503       000010001D   1505
     100       1       0       2       0       0       0               0D   1506
     110    1796       0       1       0       0       0       000010001D   1507
     110       1       0       2       0       0       0               0D   1508
     102    1798       0       1       0       0       0       000010001D   1509
     102       1       0       1       0       0       0               0D   1510
     142    1799       0       1       0       0       0       000010001D   1511
     142       1       0       1       0       0       0               0D   1512
     144    1800       0       1       0       0       0       000000001D   1513
     144       1       0       1       0       0       0               0D   1514
     110    1801       0       1       0       0       0       000010001D   1515
     110       1       0       2       0       0       0               0D   1516
     110    1803       0       1       0       0       0       000010001D   1517
     110       1       0       2       0       0       0               0D   1518
     120    1805       0       1       0       0       0       000010001D   1519
     120       1       0       1       0       0       0               0D   1520
     126    1806       0       1       0       0       0       000010501D   1521
     126       1       0       3       0       0       0               0D   1522
     126    1809       0       1       0       0       0       000010501D   1523
     126       1       0       2       0       0       0               0D   1524
     126    1811       0       1       0       0       0       000010501D   1525
     126       1       0       4       0       0       0               0D   1526
     126    1815       0       1       0       0       0       000010501D   1527
     126       1       0       2       0       0       0               0D   1528
     102    1817       0       1       0       0       0       000010501D   1529
     102       1       0       1       0       0       0               0D   1530
     124    1818       0       1       0       0       0       000010001D   1531
     124       1       0       2       0       0       0               0D   1532
     100    1820       0       1       0       0    1531       000010001D   1533
     100       1       0       2       0       0       0               0D   1534
     110    1822       0       1       0       0       0       000010001D   1535
     110       1       0       2       0       0       0               0D   1536
     124    1824       0       1       0       0       0       000010001D   1537
     124       1       0       2       0       0       0               0D   1538
     100    1826       0       1       0       0    1537       000010001D   1539
     100       1       0       2       0       0       0               0D   1540
     110    1828       0       1       0       0       0       000010001D   1541
     110       1       0       2       0       0       0               0D   1542
     102    1830       0       1       0       0       0       000010001D   1543
     102       1       0       1       0       0       0               0D   1544
     142    1831       0       1       0       0       0       000010001D   1545
     142       1       0       1       0       0       0               0D   1546
     144    1832       0       1       0       0       0       000000001D   1547
     144       1       0       1       0       0       0               0D   1548
     110    1833       0       1       0       0       0       000010001D   1549
     110       1       0       2       0       0       0               0D   1550
     110    1835       0       1       0       0       0       000010001D   1551
     110       1       0       2       0       0       0               0D   1552
     120    1837       0       1       0       0       0       000010001D   1553
     120       1       0       1       0       0       0               0D   1554
     126    1838       0       1       0       0       0       000010501D   1555
     126       1       0       4       0       0       0               0D   1556
     126    1842       0       1       0       0       0       000010501D   1557
     126       1       0       2       0       0       0               0D   1558
     126    1844       0       1       0       0       0       000010501D   1559
     126       1       0       4       0       0       0               0D   1560
     126    1848       0       1       0       0       0       000010501D   1561
     126       1       0       2       0       0       0               0D   1562
     102    1850       0       1       0       0       0       000010501D   1563
     102       1       0       1       0       0       0               0D   1564
     124    1851       0       1       0       0       0       000010001D   1565
     124       1       0       2       0       0       0               0D   1566
     100    1853       0       1       0       0    1565       000010001D   1567
     100       1       0       2       0       0       0               0D   1568
     110    1855       0       1       0       0       0       000010001D   1569
     110       1       0       2       0       0       0               0D   1570
     124    1857       0       1       0       0       0       000010001D   1571
     124       1       0       2       0       0       0               0D   1572
     100    1859       0       1       0       0    1571       000010001D   1573
     100       1       0       2       0       0       0               0D   1574
     110    1861       0       1       0       0       0       000010001D   1575
     110       1       0       2       0       0       0               0D   1576
     102    1863       0       1       0       0       0       000010001D   1577
     102       1       0       1       0       0       0               0D   1578
     142    1864       0       1       0       0       0       000010001D   1579
     142       1       0       1       0       0       0               0D   1580
     144    1865       0       1       0       0       0       000000001D   1581
     144       1       0       1       0       0       0               0D   1582
     110    1866       0       1       0       0       0       000010001D   1583
     110       1       0       2       0       0       0               0D   1584
     110    1868       0       1       0       0       0       000010001D   1585
     110       1       0       2       0       0       0               0D   1586
     120    1870       0       1       0       0       0       000010001D   1587
     120       1       0       1       0       0       0               0D   1588
     126    1871       0       1       0       0       0       000010501D   1589
     126       1       0       4       0       0       0               0D   1590
     126    1875       0       1       0       0       0       000010501D   1591
     126       1       0       2       0       0       0               0D   1592
     126    1877       0       1       0       0       0       000010501D   1593
     126       1       0       4       0       0       0               0D   1594
     126    1881       0       1       0       0       0       000010501D   1595
     126       1       0       2       0       0       0               0D   1596
     102    1883       0       1       0       0       0       000010501D   1597
     102       1       0       1       0       0       0               0D   1598
     124    1884       0       1       0       0       0       000010001D   1599
     124       1       0       2       0       0       0               0D   1600
     100    1886       0       1       0       0    1599       000010001D   1601
     100       1       0       2       0       0       0               0D   1602
     110    1888       0       1       0       0       0       000010001D   1603
     110       1       0       2       0       0       0               0D   1604
     124    1890       0       1       0       0       0       000010001D   1605
     124       1       0       2       0       0       0               0D   1606
     100    1892       0       1       0       0    1605       000010001D   1607
     100       1       0       2       0       0       0               0D   1608
     110    1894       0       1       0       0       0       000010001D   1609
     110       1       0       2       0       0       0               0D   1610
     102    1896       0       1       0       0       0       000010001D   1611
     102       1       0       1       0       0       0               0D   1612
     142    1897       0       1       0       0       0       000010001D   1613
     142       1       0       1       0       0       0               0D   1614
     144    1898       0       1       0       0       0       000000001D   1615
     144       1       0       1       0       0       0               0D   1616
     110    1899       0       1       0       0       0       000010001D   1617
     110       1       0       2       0       0       0               0D   1618
     110    1901       0       1       0       0       0       000010001D   1619
     110       1       0       2       0       0       0               0D   1620
     120    1903       0       1       0       0       0       000010001D   1621
     120       1       0       1       0       0       0               0D   1622
     126    1904       0       1       0       0       0       000010501D   1623
     126       1       0       4       0       0       0               0D   1624
     126    1908       0       1       0       0       0       000010501D   1625
     126       1       0       2       0       0       0               0D   1626
     126    1910       0       1       0       0       0       000010501D   1627
     126       1       0       4       0       0       0               0D   1628
     126    1914       0       1       0       0       0       000010501D   1629
     126       1       0       2       0       0       0               0D   1630
     102    1916       0       1       0       0       0       000010501D   1631
     102       1       0       1       0       0       0               0D   1632
     124    1917       0       1       0       0       0       000010001D   1633
     124       1       0       2       0       0       0               0D   1634
     100    1919       0       1       0       0    1633       000010001D   1635
     100       1       0       2       0       0       0               0D   1636
     110    1921       0       1       0       0       0       000010001D   1637
     110       1       0       2       0       0       0               0D   1638
     124    1923       0       1       0       0       0       000010001D   1639
     124       1       0       2       0       0       0               0D   1640
     100    1925       0       1       0       0    1639       000010001D   1641
     100       1       0       2       0       0       0               0D   1642
     110    1927       0       1       0       0       0       000010001D   1643
     110       1       0       2       0       0       0               0D   1644
     102    1929       0       1       0       0       0       000010001D   1645
     102       1       0       1       0       0       0               0D   1646
     142    1930       0       1       0       0       0       000010001D   1647
     142       1       0       1       0       0       0               0D   1648
     144    1931       0       1       0       0       0       000000001D   1649
     144       1       0       1       0       0       0               0D   1650
     110    1932       0       1       0       0       0       000010001D   1651
     110       1       0       2       0       0       0               0D   1652
     110    1934       0       1       0       0       0       000010001D   1653
     110       1       0       2       0       0       0               0D   1654
     120    1936       0       1       0       0       0       000010001D   1655
     120       1       0       1       0       0       0               0D   1656
     126    1937       0       1       0       0       0       000010501D   1657
     126       1       0       4       0       0       0               0D   1658
     126    1941       0       1       0       0       0       000010501D   1659
     126       1       0       2       0       0       0               0D   1660
     126    1943       0       1       0       0       0       000010501D   1661
     126       1       0       4       0       0       0               0D   1662
     126    1947       0       1       0       0       0       000010501D   1663
     126       1       0       2       0       0       0               0D   1664
     102    1949       0       1       0       0       0       000010501D   1665
     102       1       0       1       0       0       0               0D   1666
     124    1950       0       1       0       0       0       000010001D   1667
     124       1       0       2       0       0       0               0D   1668
     100    1952       0       1       0       0    1667       000010001D   1669
     100       1       0       2       0       0       0               0D   1670
     110    1954       0       1       0       0       0       000010001D   1671
     110       1       0       2       0       0       0               0D   1672
     124    1956       0       1       0       0       0       000010001D   1673
     124       1       0       2       0       0       0               0D   1674
     100    1958       0       1       0       0    1673       000010001D   1675
     100       1       0       2       0       0       0               0D   1676
     110    1960       0       1       0       0       0       000010001D   1677
     110       1       0       2       0       0       0               0D   1678
     102    1962       0       1       0       0       0       000010001D   1679
     102       1       0       1       0       0       0               0D   1680
     142    1963       0       1       0       0       0       000010001D   1681
     142       1       0       1       0       0       0               0D   1682
     144    1964       0       1       0       0       0       000000001D   1683
     144       1       0       1       0       0       0               0D   1684
     110    1965       0       1       0       0       0       000010001D   1685
     110       1       0       2       0       0       0               0D   1686
     110    1967       0       1       0       0       0       000010001D   1687
     110       1       0       2       0       0       0               0D   1688
     120    1969       0       1       0       0       0       000010001D   1689
     120       1       0       1       0       0       0               0D   1690
     126    1970       0       1       0       0       0       000010501D   1691
     126       1       0       4       0       0       0               0D   1692
     126    1974       0       1       0       0       0       000010501D   1693
     126       1       0       2       0       0       0               0D   1694
     126    1976       0       1       0       0       0       000010501D   1695
     126       1       0       4       0       0       0               0D   1696
     126    1980       0       1       0       0       0       000010501D   1697
     126       1       0       2       0       0       0               0D   1698
     102    1982       0       1       0       0       0       000010501D   1699
     102       1       0       1       0       0       0               0D   1700
     124    1983       0       1       0       0       0       000010001D   1701
     124       1       0       2       0       0       0               0D   1702
     100    1985       0       1       0       0    1701       000010001D   1703
     100       1       0       2       0       0       0               0D   1704
     110    1987       0       1       0       0       0       000010001D   1705
     110       1       0       2       0       0       0               0D   1706
     124    1989       0       1       0       0       0       000010001D   1707
     124       1       0       2       0       0       0               0D   1708
     100    1991       0       1       0       0    1707       000010001D   1709
     100       1       0       2       0       0       0               0D   1710
     110    1993       0       1       0       0       0       000010001D   1711
     110       1       0       2       0       0       0               0D   1712
     102    1995       0       1       0       0       0       000010001D   1713
     102       1       0       1       0       0       0               0D   1714
     142    1996       0       1       0       0       0       000010001D   1715
     142       1       0       1       0       0       0               0D   1716
     144    1997       0       1       0       0       0       000000001D   1717
     144       1       0       1       0       0       0               0D   1718
     110    1998       0       1       0       0       0       000010001D   1719
     110       1       0       2       0       0       0               0D   1720
     110    2000       0       1       0       0       0       000010001D   1721
     110       1       0       2       0       0       0               0D   1722
     120    2002       0       1       0       0       0       000010001D   1723
     120       1       0       1       0       0       0               0D   1724
     126    2003       0       1       0       0       0       000010501D   1725
     126       1       0       4       0       0       0               0D   1726
     126    2007       0       1       0       0       0       000010501D   1727
     126       1       0       2       0       0       0               0D   1728
     126    2009       0       1       0       0       0       000010501D   1729
     126       1       0       4       0       0       0               0D   1730
     126    2013       0       1       0       0       0       000010501D   1731
     126       1       0       2       0       0       0               0D   1732
     102    2015       0       1       0       0       0       000010501D   1733
     102       1       0       1       0       0       0               0D   1734
     124    2016       0       1       0       0       0       000010001D   1735
     124       1       0       2       0       0       0               0D   1736
     100    2018       0       1       0       0    1735       000010001D   1737
     100       1       0       2       0       0       0               0D   1738
     110    2020       0       1       0       0       0       000010001D   1739
     110       1       0       2       0       0       0               0D   1740
     124    2022       0       1       0       0       0       000010001D   1741
     124       1       0       2       0       0       0               0D   1742
     100    2024       0       1       0       0    1741       000010001D   1743
     100       1       0       2       0       0       0               0D   1744
     110    2026       0       1       0       0       0       000010001D   1745
     110       1       0       2       0       0       0               0D   1746
     102    2028       0       1       0       0       0       000010001D   1747
     102       1       0       1       0       0       0               0D   1748
     142    2029       0       1       0       0       0       000010001D   1749
     142       1       0       1       0       0       0               0D   1750
     144    2030       0       1       0       0       0       000000001D   1751
     144       1       0       1       0       0       0               0D   1752
     110    2031       0       1       0       0       0       000010001D   1753
     110       1       0       2       0       0       0               0D   1754
     110    2033       0       1       0       0       0       000010001D   1755
     110       1       0       2       0       0       0               0D   1756
     120    2035       0       1       0       0       0       000010001D   1757
     120       1       0       1       0       0       0               0D   1758
     126    2036       0       1       0       0       0       000010501D   1759
     126       1       0       4       0       0       0               0D   1760
     126    2040       0       1       0       0       0       000010501D   1761
     126       1       0       2       0       0       0               0D   1762
     126    2042       0       1       0       0       0       000010501D   1763
     126       1       0       4       0       0       0               0D   1764
     126    2046       0       1       0       0       0       000010501D   1765
     126       1       0       2       0       0       0               0D   1766
     102    2048       0       1       0       0       0       000010501D   1767
     102       1       0       1       0       0       0               0D   1768
     124    2049       0       1       0       0       0       000010001D   1769
     124       1       0       2       0       0       0               0D   1770
     100    2051       0       1       0       0    1769       000010001D   1771
     100       1       0       2       0       0       0               0D   1772
     110    2053       0       1       0       0       0       000010001D   1773
     110       1       0       2       0       0       0               0D   1774
     124    2055       0       1       0       0       0       000010001D   1775
     124       1       0       2       0       0       0               0D   1776
     100    2057       0       1       0       0    1775       000010001D   1777
     100       1       0       2       0       0       0               0D   1778
     110    2059       0       1       0       0       0       000010001D   1779
     110       1       0       2       0       0       0               0D   1780
     102    2061       0       1       0       0       0       000010001D   1781
     102       1       0       1       0       0       0               0D   1782
     142    2062       0       1       0       0       0       000010001D   1783
     142       1       0       1       0       0       0               0D   1784
     144    2063       0       1       0       0       0       000000001D   1785
     144       1       0       1       0       0       0               0D   1786
110,0.,0.,2.,0.,0.,-998.;                                              1P      1
110,-4.2,0.,2.,-4.2,0.,-2.;                                            3P      2
120,1,3,0.,6.28318530717959;                                           5P      3
126,1,1,1,0,1,0,1.5707963267949,1.5707963267949,                       7P      4
3.14159265358979,3.14159265358979,1.,1.,0.,1.5707963267949,0.,         7P      5
0.,0.,0.,1.5707963267949,3.14159265358979,0.,0.,1.;                    7P      6
126,1,1,1,0,1,0,0.,0.,0.004,0.004,1.,1.,0.,0.,0.,1.,0.,0.,0.,          9P      7
0.004,0.,0.,1.;                                                        9P      8
126,1,1,1,0,1,0,-3.14159265358979,-3.14159265358979,                  11P      9
-1.5707963267949,-1.5707963267949,1.,1.,1.,0.,0.,1.,                  11P     10
1.5707963267949,0.,-3.14159265358979,-1.5707963267949,0.,0.,1.;       11P     11
126,1,1,1,0,1,0,-0.004,-0.004,0.,0.,1.,1.,1.,1.5707963267949,0.,      13P     12
0.,1.5707963267949,0.,-0.004,0.,0.,0.,1.;                             13P     13
102,4,7,9,11,13;                                                      15P     14
124,1.,0.,0.,0.,0.,1.,0.,0.,0.,0.,1.,2.;                              17P     15
100,0.,0.,0.,0.,4.2,-4.2,0.;                                          19P     16
110,-4.2,0.,2.,-4.2,0.,-2.;                                           21P     17
124,1.,0.,0.,0.,0.,-1.,0.,0.,0.,0.,-1.,-2.;                           23P     18
100,0.,0.,0.,-4.2,-0.,0.,-4.2;                                        25P     19
110,0.,4.2,-2.,0.,4.2,2.;                                             27P     20
102,4,19,21,25,27;                                                    29P     21
142,1,5,15,29,2;                                                      31P     22
144,5,1,0,31;                                                         33P     23
110,0.,0.,2.,0.,0.,-998.;                                             35P     24
110,-4.83,0.,-2.,-4.83,0.,2.;                                         37P     25
120,35,37,0.,6.28318530717959;                                        39P     26
126,1,1,1,0,1,0,-4.71238898038469,-4.71238898038469,                  41P     27
-3.14159265358979,-3.14159265358979,1.,1.,1.,4.71238898038469,        41P     28
0.,1.,6.28318530717959,0.,-4.71238898038469,-3.14159265358979,        41P     29
0.,0.,1.;                                                             41P     30
126,1,1,1,0,1,0,0.,0.,0.004,0.004,1.,1.,1.,6.28318530717959,0.,       43P     31
0.,6.28318530717959,0.,0.,0.004,0.,0.,1.;                             43P     32
126,1,1,1,0,1,0,3.14159265358979,3.14159265358979,                    45P     33
4.71238898038469,4.71238898038469,1.,1.,0.,6.28318530717959,0.,       45P     34
0.,4.71238898038469,0.,3.14159265358979,4.71238898038469,0.,0.,       45P     35
1.;                                                                   45P     36
126,1,1,1,0,1,0,-0.004,-0.004,0.,0.,1.,1.,0.,4.71238898038469,        47P     37
0.,1.,4.71238898038469,0.,-0.004,0.,0.,0.,1.;                         47P     38
102,4,41,43,45,47;                                                    49P     39
124,1.,0.,0.,0.,0.,-1.,0.,0.,0.,0.,-1.,2.;                            51P     40
100,0.,0.,0.,-0.,4.83,-4.83,-0.;                                      53P     41
110,-4.83,0.,2.,-4.83,0.,-2.;                                         55P     42
124,1.,0.,0.,0.,0.,1.,0.,0.,0.,0.,1.,-2.;                             57P     43
100,0.,0.,0.,-4.83,0.,-0.,-4.83;                                      59P     44
110,-0.,-4.83,-2.,-0.,-4.83,2.;                                       61P     45
102,4,53,55,59,61;                                                    63P     46
142,1,39,49,63,2;                                                     65P     47
144,39,1,0,65;                                                        67P     48
110,0.,4.2,2.,0.,4.2,-2.;                                             69P     49
122,69,188.25982457490088,4.2,2.;                                     71P     50
126,1,1,1,0,1,0,0.1977401754251,0.1977401754251,0.386,0.386,1.,       73P     51
1.,0.,1.,0.,0.,0.,0.,0.1977401754251,0.386,0.,0.,1.;                  73P     52
126,1,1,1,0,1,0,0.,0.,0.004,0.004,1.,1.,0.,0.,0.,1.,0.,0.,0.,         75P     53
0.004,0.,0.,1.;                                                       75P     54
126,1,1,1,0,1,0,-0.386,-0.386,-0.1977401754251,-0.1977401754251,      77P     55
1.,1.,1.,0.,0.,1.,1.,0.,-0.386,-0.1977401754251,0.,0.,1.;             77P     56
126,1,1,1,0,1,0,-0.004,-0.004,0.,0.,1.,1.,1.,1.,0.,0.,1.,0.,          79P     57
-0.004,0.,0.,0.,1.;                                                   79P     58
102,4,73,75,77,79;                                                    81P     59
110,188.25982457490088,4.2,2.,0.,4.2,2.;                              83P     60
110,0.,4.2,2.,0.,4.2,-2.;                                             85P     61
110,0.,4.2,-2.,188.25982457490093,4.2,-2.;                            87P     62
110,188.25982457490088,4.2,-2.,188.25982457490088,4.2,2.;             89P     63
102,4,83,85,87,89;                                                    91P     64
142,1,71,81,91,2;                                                     93P     65
144,71,1,0,93;                                                        95P     66
110,189.74017542509912,4.2,2.,189.74017542509912,4.2,-2.;             97P     67
122,97,190.25982457490088,4.2,2.;                                     99P     68
126,1,1,1,0,1,0,0.,0.,0.004,0.004,1.,1.,0.,0.,0.,1.,0.,0.,0.,        101P     69
0.004,0.,0.,1.;                                                      101P     70
126,1,1,1,0,1,0,-0.1962598245749,-0.1962598245749,                   103P     71
-0.1957401754251,-0.1957401754251,1.,1.,1.,0.,0.,1.,                 103P     72
1.00000000000011,0.,-0.1962598245749,-0.1957401754251,0.,0.,1.;      103P     73
126,1,1,1,0,1,0,-0.004,-0.004,0.,0.,1.,1.,1.,1.00000000000011,       105P     74
0.,0.,1.00000000000011,0.,-0.004,0.,0.,0.,1.;                        105P     75
126,1,1,1,0,1,0,0.1957401754251,0.1957401754251,0.1962598245749,     107P     76
0.1962598245749,1.,1.,0.,1.00000000000011,0.,0.,0.,0.,               107P     77
0.1957401754251,0.1962598245749,0.,0.,1.;                            107P     78
102,4,101,103,105,107;                                               109P     79
110,189.74017542509912,4.19999999999997,2.,189.74017542509912,       111P     80
4.19999999999997,-2.;                                                111P     81
110,189.74017542509912,4.2,-2.,190.25982457490093,4.2,-2.;           113P     82
110,190.25982457490088,4.2,-2.,190.25982457490088,4.2,2.;            115P     83
110,190.25982457490088,4.2,2.,189.74017542509912,4.2,2.;             117P     84
102,4,111,113,115,117;                                               119P     85
142,1,99,109,119,2;                                                  121P     86
144,99,1,0,121;                                                      123P     87
110,191.74017542509912,4.2,2.,191.74017542509912,4.2,-2.;            125P     88
122,125,192.25982457490088,4.2,2.;                                   127P     89
126,1,1,1,0,1,0,0.,0.,0.004,0.004,1.,1.,0.,0.,0.,1.,0.,0.,0.,        129P     90
0.004,0.,0.,1.;                                                      129P     91
126,1,1,1,0,1,0,-0.1942598245749,-0.1942598245749,                   131P     92
-0.1937401754251,-0.1937401754251,1.,1.,1.,0.,0.,1.,                 131P     93
1.00000000000011,0.,-0.1942598245749,-0.1937401754251,0.,0.,1.;      131P     94
126,1,1,1,0,1,0,-0.004,-0.004,0.,0.,1.,1.,1.,1.00000000000011,       133P     95
0.,0.,1.00000000000011,0.,-0.004,0.,0.,0.,1.;                        133P     96
126,1,1,1,0,1,0,0.1937401754251,0.1937401754251,0.1942598245749,     135P     97
0.1942598245749,1.,1.,0.,1.00000000000011,0.,0.,0.,0.,               135P     98
0.1937401754251,0.1942598245749,0.,0.,1.;                            135P     99
102,4,129,131,133,135;                                               137P    100
110,191.74017542509912,4.19999999999997,2.,191.74017542509912,       139P    101
4.19999999999997,-2.;                                                139P    102
110,191.74017542509912,4.2,-2.,192.25982457490096,4.2,-2.;           141P    103
110,192.25982457490088,4.2,-2.,192.25982457490088,4.2,2.;            143P    104
110,192.25982457490088,4.2,2.,191.74017542509912,4.2,2.;             145P    105
102,4,139,141,143,145;                                               147P    106
142,1,127,137,147,2;                                                 149P    107
144,127,1,0,149;                                                     151P    108
110,193.74017542509912,4.2,2.,193.74017542509912,4.2,-2.;            153P    109
122,153,194.25982457490088,4.2,2.;                                   155P    110
126,1,1,1,0,1,0,0.,0.,0.004,0.004,1.,1.,0.,0.,0.,1.,0.,0.,0.,        157P    111
0.004,0.,0.,1.;                                                      157P    112
126,1,1,1,0,1,0,-0.1922598245749,-0.1922598245749,                   159P    113
-0.1917401754251,-0.1917401754251,1.,1.,1.,0.,0.,1.,                 159P    114
1.00000000000017,0.,-0.1922598245749,-0.1917401754251,0.,0.,1.;      159P    115
126,1,1,1,0,1,0,-0.004,-0.004,0.,0.,1.,1.,1.,1.00000000000017,       161P    116
0.,0.,1.00000000000017,0.,-0.004,0.,0.,0.,1.;                        161P    117
126,1,1,1,0,1,0,0.1917401754251,0.1917401754251,0.1922598245749,     163P    118
0.1922598245749,1.,1.,0.,1.00000000000017,0.,0.,0.,0.,               163P    119
0.1917401754251,0.1922598245749,0.,0.,1.;                            163P    120
102,4,157,159,161,163;                                               165P    121
110,193.74017542509912,4.19999999999997,2.,193.74017542509912,       167P    122
4.19999999999997,-2.;                                                167P    123
110,193.74017542509912,4.2,-2.,194.25982457490096,4.2,-2.;           169P    124
110,194.25982457490088,4.19999999999998,-2.,194.25982457490088,      171P    125
4.19999999999998,2.;                                                 171P    126
110,194.25982457490088,4.2,2.,193.74017542509912,4.2,2.;             173P    127
102,4,167,169,171,173;                                               175P    128
142,1,155,165,175,2;                                                 177P    129
144,155,1,0,177;                                                     179P    130
110,195.74017542509915,4.2,2.,195.74017542509915,4.2,-2.;            181P    131
122,181,196.25982457490088,4.2,2.;                                   183P    132
126,1,1,1,0,1,0,0.,0.,0.004,0.004,1.,1.,0.,0.,0.,1.,0.,0.,0.,        185P    133
0.004,0.,0.,1.;                                                      185P    134
126,1,1,1,0,1,0,-0.1902598245749,-0.1902598245749,                   187P    135
-0.1897401754251,-0.1897401754251,1.,1.,1.,0.,0.,1.,                 187P    136
1.00000000000011,0.,-0.1902598245749,-0.1897401754251,0.,0.,1.;      187P    137
126,1,1,1,0,1,0,-0.004,-0.004,0.,0.,1.,1.,1.,1.00000000000011,       189P    138
0.,0.,1.00000000000011,0.,-0.004,0.,0.,0.,1.;                        189P    139
126,1,1,1,0,1,0,0.1897401754251,0.1897401754251,0.1902598245749,     191P    140
0.1902598245749,1.,1.,0.,1.00000000000011,0.,0.,0.,0.,               191P    141
0.1897401754251,0.1902598245749,0.,0.,1.;                            191P    142
102,4,185,187,189,191;                                               193P    143
110,195.74017542509915,4.19999999999997,2.,195.74017542509915,       195P    144
4.19999999999997,-2.;                                                195P    145
110,195.74017542509915,4.2,-2.,196.25982457490096,4.2,-2.;           197P    146
110,196.25982457490088,4.19999999999998,-2.,196.25982457490088,      199P    147
4.19999999999998,2.;                                                 199P    148
110,196.25982457490088,4.2,2.,195.74017542509915,4.2,2.;             201P    149
102,4,195,197,199,201;                                               203P    150
142,1,183,193,203,2;                                                 205P    151
144,183,1,0,205;                                                     207P    152
110,0.,4.83,-2.,0.,4.83,2.;                                          209P    153
122,209,386.,4.83,-2.;                                               211P    154
126,1,1,1,0,1,0,0.,0.,0.386,0.386,1.,1.,0.,1.,0.,0.,0.,0.,0.,        213P    155
0.386,0.,0.,1.;                                                      213P    156
126,1,1,1,0,1,0,-0.004,-0.004,0.,0.,1.,1.,0.,0.,0.,1.,0.,0.,         215P    157
-0.004,0.,0.,0.,1.;                                                  215P    158
126,1,1,1,0,1,0,-0.386,-0.386,0.,0.,1.,1.,1.,0.,0.,1.,1.,0.,         217P    159
-0.386,0.,0.,0.,1.;                                                  217P    160
126,1,1,1,0,1,0,0.,0.,0.004,0.004,1.,1.,1.,1.,0.,0.,1.,0.,0.,        219P    161
0.004,0.,0.,1.;                                                      219P    162
102,4,213,215,217,219;                                               221P    163
110,386.,4.83,-2.,0.,4.83,-2.;                                       223P    164
110,0.,4.83,-2.,0.,4.83,2.;                                          225P    165
110,0.,4.83,2.,386.,4.83,2.;                                         227P    166
110,386.,4.83,2.,386.,4.83,-2.;                                      229P    167
102,4,223,225,227,229;                                               231P    168
142,1,211,221,231,2;                                                 233P    169
144,211,1,0,233;                                                     235P    170
110,0.,0.,2.,0.,0.,-998.;                                            237P    171
110,-4.83,0.,-2.,-4.83,0.,2.;                                        239P    172
120,237,239,0.,6.28318530717959;                                     241P    173
126,1,1,1,0,1,0,-0.004,-0.004,0.,0.,1.,1.,0.,0.,0.,1.,0.,0.,         243P    174
-0.004,0.,0.,0.,1.;                                                  243P    175
126,1,1,1,0,1,0,-3.14159265358979,-3.14159265358979,                 245P    176
-1.5707963267949,-1.5707963267949,1.,1.,1.,0.,0.,1.,                 245P    177
1.5707963267949,0.,-3.14159265358979,-1.5707963267949,0.,0.,1.;      245P    178
126,1,1,1,0,1,0,0.,0.,0.004,0.004,1.,1.,1.,1.5707963267949,0.,       247P    179
0.,1.5707963267949,0.,0.,0.004,0.,0.,1.;                             247P    180
126,1,1,1,0,1,0,1.5707963267949,1.5707963267949,                     249P    181
3.14159265358979,3.14159265358979,1.,1.,0.,1.5707963267949,0.,       249P    182
0.,0.,0.,1.5707963267949,3.14159265358979,0.,0.,1.;                  249P    183
102,4,243,245,247,249;                                               251P    184
110,-4.83,0.,-2.,-4.83,0.,2.;                                        253P    185
124,1.,0.,0.,0.,0.,-1.,0.,0.,0.,0.,-1.,2.;                           255P    186
100,0.,0.,0.,-4.83,-0.,0.,-4.83;                                     257P    187
110,0.,4.83,2.,0.,4.83,-2.;                                          259P    188
124,1.,0.,0.,0.,0.,1.,0.,0.,0.,0.,1.,-2.;                            261P    189
100,0.,0.,0.,0.,4.83,-4.83,0.;                                       263P    190
102,4,253,257,259,263;                                               265P    191
142,1,241,251,265,2;                                                 267P    192
144,241,1,0,267;                                                     269P    193
110,-0.,-4.83,2.,-0.,-4.83,-2.;                                      271P    194
122,271,386.,-4.83,2.;                                               273P    195
126,1,1,1,0,1,0,0.,0.,0.386,0.386,1.,1.,1.,0.,0.,1.,1.,0.,-0.,       275P    196
0.386,0.,0.,1.;                                                      275P    197
126,1,1,1,0,1,0,-0.004,-0.004,0.,0.,1.,1.,1.,1.,0.,0.,1.,0.,         277P    198
-0.004,0.,0.,0.,1.;                                                  277P    199
126,1,1,1,0,1,0,-0.386,-0.386,0.,0.,1.,1.,0.,1.,0.,0.,0.,0.,         279P    200
-0.386,0.,0.,0.,1.;                                                  279P    201
126,1,1,1,0,1,0,0.,0.,0.004,0.004,1.,1.,0.,0.,0.,1.,0.,0.,0.,        281P    202
0.004,0.,0.,1.;                                                      281P    203
102,4,275,277,279,281;                                               283P    204
110,-0.,-4.83,-2.,386.,-4.83,-2.;                                    285P    205
110,386.,-4.83,-2.,386.,-4.83,2.;                                    287P    206
110,386.,-4.83,2.,-0.,-4.83,2.;                                      289P    207
110,-0.,-4.83,2.,-0.,-4.83,-2.;                                      291P    208
102,4,285,287,289,291;                                               293P    209
142,1,273,283,293,2;                                                 295P    210
144,273,1,0,295;                                                     297P    211
110,197.74017542509915,4.2,2.,197.74017542509915,4.2,-2.;            299P    212
122,299,386.,4.2,2.;                                                 301P    213
126,1,1,1,0,1,0,0.,0.,0.004,0.004,1.,1.,0.,0.,0.,1.,0.,0.,0.,        303P    214
0.004,0.,0.,1.;                                                      303P    215
126,1,1,1,0,1,0,-0.1882598245749,-0.1882598245749,0.,0.,1.,1.,       305P    216
1.,0.,0.,1.,1.,0.,-0.1882598245749,0.,0.,0.,1.;                      305P    217
126,1,1,1,0,1,0,-0.004,-0.004,0.,0.,1.,1.,1.,1.,0.,0.,1.,0.,         307P    218
-0.004,0.,0.,0.,1.;                                                  307P    219
126,1,1,1,0,1,0,0.,0.,0.1882598245749,0.1882598245749,1.,1.,0.,      309P    220
1.,0.,0.,0.,0.,0.,0.1882598245749,0.,0.,1.;                          309P    221
102,4,303,305,307,309;                                               311P    222
110,197.74017542509915,4.19999999999997,2.,197.74017542509915,       313P    223
4.19999999999997,-2.;                                                313P    224
110,197.74017542509915,4.2,-2.,386.,4.2,-2.;                         315P    225
110,386.,4.2,-2.,386.,4.2,2.;                                        317P    226
110,386.,4.2,2.,197.74017542509915,4.2,2.;                           319P    227
102,4,313,315,317,319;                                               321P    228
142,1,301,311,321,2;                                                 323P    229
144,301,1,0,323;                                                     325P    230
110,386.,0.,2.,386.,0.,-998.;                                        327P    231
110,381.80000000000001,0.,2.,381.80000000000001,0.,-2.;              329P    232
120,327,329,0.,6.28318530717959;                                     331P    233
126,1,1,1,0,1,0,-7.85398163397448,-7.85398163397448,                 333P    234
-4.71238898038469,-4.71238898038469,1.,1.,1.,1.5707963267949,0.,     333P    235
1.,4.71238898038469,0.,-7.85398163397448,-4.71238898038469,0.,       333P    236
0.,1.;                                                               333P    237
126,1,1,1,0,1,0,-0.004,-0.004,0.,0.,1.,1.,1.,4.71238898038469,       335P    238
0.,0.,4.71238898038469,0.,-0.004,0.,0.,0.,1.;                        335P    239
126,1,1,1,0,1,0,4.71238898038469,4.71238898038469,                   337P    240
7.85398163397448,7.85398163397448,1.,1.,0.,4.71238898038469,0.,      337P    241
0.,1.5707963267949,0.,4.71238898038469,7.85398163397448,0.,0.,       337P    242
1.;                                                                  337P    243
126,1,1,1,0,1,0,0.,0.,0.004,0.004,1.,1.,0.,1.5707963267949,0.,       339P    244
1.,1.5707963267949,0.,0.,0.004,0.,0.,1.;                             339P    245
102,4,333,335,337,339;                                               341P    246
124,1.,0.,0.,386.,0.,-1.,0.,0.,0.,0.,-1.,-2.;                        343P    247
100,0.,0.,0.,0.,-4.2,-0.,4.2;                                        345P    248
110,386.,-4.2,-2.,386.,-4.2,2.;                                      347P    249
124,1.,0.,0.,386.,0.,1.,0.,0.,0.,0.,1.,2.;                           349P    250
100,0.,0.,0.,-0.,-4.2,0.,4.2;                                        351P    251
110,386.,4.2,2.,386.,4.2,-2.;                                        353P    252
102,4,345,347,351,353;                                               355P    253
142,1,331,341,355,2;                                                 357P    254
144,331,1,0,357;                                                     359P    255
110,-0.,-4.2,-2.,-0.,-4.2,2.;                                        361P    256
122,361,386.,-4.2,-2.;                                               363P    257
126,1,1,1,0,1,0,-0.386,-0.386,0.,0.,1.,1.,0.,1.,0.,0.,0.,0.,         365P    258
-0.386,0.,0.,0.,1.;                                                  365P    259
126,1,1,1,0,1,0,-0.004,-0.004,0.,0.,1.,1.,0.,0.,0.,1.,0.,0.,         367P    260
-0.004,0.,0.,0.,1.;                                                  367P    261
126,1,1,1,0,1,0,-0.,-0.,0.386,0.386,1.,1.,1.,0.,0.,1.,1.,0.,-0.,     369P    262
0.386,0.,0.,1.;                                                      369P    263
126,1,1,1,0,1,0,0.,0.,0.004,0.004,1.,1.,1.,1.,0.,0.,1.,0.,0.,        371P    264
0.004,0.,0.,1.;                                                      371P    265
102,4,365,367,369,371;                                               373P    266
110,386.,-4.2,-2.,-0.,-4.2,-2.;                                      375P    267
110,-0.,-4.2,-2.,-0.,-4.2,2.;                                        377P    268
110,-0.,-4.2,2.,386.,-4.2,2.;                                        379P    269
110,386.,-4.2,2.,386.,-4.2,-2.;                                      381P    270
102,4,375,377,379,381;                                               383P    271
142,1,363,373,383,2;                                                 385P    272
144,363,1,0,385;                                                     387P    273
110,0.,0.,2.,0.,0.,-998.;                                            389P    274
110,-4.2,0.,2.,-4.2,0.,-2.;                                          391P    275
120,389,391,0.,6.28318530717959;                                     393P    276
126,1,1,1,0,1,0,-0.004,-0.004,0.,0.,1.,1.,1.,6.28318530717959,       395P    277
0.,0.,6.28318530717959,0.,-0.004,0.,0.,0.,1.;                        395P    278
126,1,1,1,0,1,0,3.14159265358979,3.14159265358979,                   397P    279
4.71238898038469,4.71238898038469,1.,1.,0.,6.28318530717959,0.,      397P    280
0.,4.71238898038469,0.,3.14159265358979,4.71238898038469,0.,0.,      397P    281
1.;                                                                  397P    282
126,1,1,1,0,1,0,0.,0.,0.004,0.004,1.,1.,0.,4.71238898038469,0.,      399P    283
1.,4.71238898038469,0.,0.,0.004,0.,0.,1.;                            399P    284
126,1,1,1,0,1,0,-4.71238898038469,-4.71238898038469,                 401P    285
-3.14159265358979,-3.14159265358979,1.,1.,1.,4.71238898038469,       401P    286
0.,1.,6.28318530717959,0.,-4.71238898038469,-3.14159265358979,       401P    287
0.,0.,1.;                                                            401P    288
102,4,395,397,399,401;                                               403P    289
110,-4.2,0.,-2.,-4.2,0.,2.;                                          405P    290
124,1.,0.,0.,0.,0.,1.,0.,0.,0.,0.,1.,2.;                             407P    291
100,0.,0.,0.,-4.2,0.,-0.,-4.2;                                       409P    292
110,-0.,-4.2,2.,-0.,-4.2,-2.;                                        411P    293
124,1.,0.,0.,0.,0.,-1.,0.,0.,0.,0.,-1.,-2.;                          413P    294
100,0.,0.,0.,-0.,4.2,-4.2,-0.;                                       415P    295
102,4,405,409,411,415;                                               417P    296
142,1,393,403,417,2;                                                 419P    297
144,393,1,0,419;                                                     421P    298
110,386.,-0.,2.,386.,-0.,-998.;                                      423P    299
110,381.17000000000002,-0.,-2.,381.17000000000002,-0.,2.;            425P    300
120,423,425,0.,6.28318530717959;                                     427P    301
126,1,1,1,0,1,0,4.71238898038469,4.71238898038469,                   429P    302
7.85398163397448,7.85398163397448,1.,1.,0.,4.71238898038469,0.,      429P    303
0.,1.5707963267949,0.,4.71238898038469,7.85398163397448,0.,0.,       429P    304
1.;                                                                  429P    305
126,1,1,1,0,1,0,-0.004,-0.004,0.,0.,1.,1.,0.,1.5707963267949,0.,     431P    306
1.,1.5707963267949,0.,-0.004,0.,0.,0.,1.;                            431P    307
126,1,1,1,0,1,0,-7.85398163397448,-7.85398163397448,                 433P    308
-4.71238898038469,-4.71238898038469,1.,1.,1.,1.5707963267949,0.,     433P    309
1.,4.71238898038469,0.,-7.85398163397448,-4.71238898038469,0.,       433P    310
0.,1.;                                                               433P    311
126,1,1,1,0,1,0,0.,0.,0.004,0.004,1.,1.,1.,4.71238898038469,0.,      435P    312
0.,4.71238898038469,0.,0.,0.004,0.,0.,1.;                            435P    313
102,4,429,431,433,435;                                               437P    314
124,1.,0.,0.,386.,0.,1.,0.,-0.,0.,0.,1.,-2.;                         439P    315
100,0.,0.,0.,-0.,-4.83,0.,4.83;                                      441P    316
110,386.,4.83,-2.,386.,4.83,2.;                                      443P    317
124,1.,0.,0.,386.,0.,-1.,0.,-0.,0.,0.,-1.,2.;                        445P    318
100,0.,0.,0.,0.,-4.83,-0.,4.83;                                      447P    319
110,386.,-4.83,2.,386.,-4.83,-2.;                                    449P    320
102,4,441,443,447,449;                                               451P    321
142,1,427,437,451,2;                                                 453P    322
144,427,1,0,453;                                                     455P    323
110,-7.20396,-4.83,2.,393.20396,-4.83,2.;                            457P    324
122,457,-7.20396,4.83,2.;                                            459P    325
126,1,1,1,0,1,0,0.,0.,0.386,0.386,1.,1.,0.98200844778495,1.,0.,      461P    326
0.01799155221505,1.,0.,0.,0.386,0.,0.,1.;                            461P    327
126,16,2,1,0,1,0,1.5707963267949,1.5707963267949,                    463P    328
1.5707963267949,1.76714586764426,1.76714586764426,                   463P    329
1.96349540849362,1.96349540849362,2.15984494934298,                  463P    330
2.15984494934298,2.35619449019234,2.35619449019234,                  463P    331
2.55254403104171,2.55254403104171,2.74889357189107,                  463P    332
2.74889357189107,2.94524311274043,2.94524311274043,                  463P    333
3.14159265358979,3.14159265358979,3.14159265358979,1.,1.,1.,1.,      463P    334
1.,1.,1.,1.,1.,1.,1.,1.,1.,1.,1.,1.,1.,0.01799155221505,1.,0.,       463P    335
0.01680348011544,1.,0.,0.01563823648808,0.99039264020162,0.,         463P    336
0.01447299286073,0.98078528040323,0.,0.01337535736475,               463P    337
0.96193976625564,0.,0.01227772186877,0.94309425210806,0.,            463P    338
0.01128987602072,0.91573480615127,0.,0.01030203017267,               463P    339
0.88837536019449,0.,0.0094619363345,0.85355339059327,0.,             463P    340
0.00862184249633,0.81873142099206,0.,0.0079617850031,                463P    341
0.7777851165098,0.,0.00730172750988,0.73683881202754,0.,             463P    342
0.0068470720009,0.69134171618254,0.,0.00639241649192,                463P    343
0.64584462033755,0.,0.00616063512343,0.59754516100806,0.,            463P    344
0.00592885375494,0.54924570167858,0.,0.00592885375494,0.5,0.,        463P    345
1.5707963267949,3.14159265358979,0.,0.,1.;                           463P    346
126,16,2,1,0,1,0,3.14159265358979,3.14159265358979,                  465P    347
3.14159265358979,3.33794219443916,3.33794219443916,                  465P    348
3.53429173528852,3.53429173528852,3.73064127613788,                  465P    349
3.73064127613788,3.92699081698724,3.92699081698724,                  465P    350
4.1233403578366,4.1233403578366,4.31968989868597,                    465P    351
4.31968989868597,4.51603943953533,4.51603943953533,                  465P    352
4.71238898038469,4.71238898038469,4.71238898038469,1.,1.,1.,1.,      465P    353
1.,1.,1.,1.,1.,1.,1.,1.,1.,1.,1.,1.,1.,0.00592885375494,0.5,0.,      465P    354
0.00592885375494,0.45075429832142,0.,0.00616063512343,               465P    355
0.40245483899194,0.,0.00639241649192,0.35415537966245,0.,            465P    356
0.0068470720009,0.30865828381746,0.,0.00730172750988,                465P    357
0.26316118797246,0.,0.0079617850031,0.2222148834902,0.,              465P    358
0.00862184249633,0.18126857900794,0.,0.0094619363345,                465P    359
0.14644660940673,0.,0.01030203017267,0.11162463980551,0.,            465P    360
0.01128987602072,0.08426519384873,0.,0.01227772186877,               465P    361
0.05690574789194,0.,0.01337535736475,0.03806023374436,0.,            465P    362
0.01447299286073,0.01921471959677,0.,0.01563823648808,               465P    363
0.00960735979838,0.,0.01680348011544,0.,0.,0.01799155221505,0.,      465P    364
0.,3.14159265358979,4.71238898038469,0.,0.,1.;                       465P    365
126,1,1,1,0,1,0,-0.,-0.,0.386,0.386,1.,1.,0.01799155221505,0.,       467P    366
0.,0.98200844778495,0.,0.,-0.,0.386,0.,0.,1.;                        467P    367
126,32,2,1,0,1,0,4.71238898038469,4.71238898038469,                  469P    368
4.71238898038469,4.90873852123405,4.90873852123405,                  469P    369
5.10508806208341,5.10508806208341,5.30143760293278,                  469P    370
5.30143760293278,5.49778714378214,5.49778714378214,                  469P    371
5.6941366846315,5.6941366846315,5.89048622548086,                    469P    372
5.89048622548086,6.08683576633022,6.08683576633022,                  469P    373
6.28318530717959,6.28318530717959,6.47953484802895,                  469P    374
6.47953484802895,6.67588438887831,6.67588438887831,                  469P    375
6.87223392972767,6.87223392972767,7.06858347057703,                  469P    376
7.06858347057703,7.2649330114264,7.2649330114264,                    469P    377
7.46128255227576,7.46128255227576,7.65763209312512,                  469P    378
7.65763209312512,7.85398163397448,7.85398163397448,                  469P    379
7.85398163397448,1.,1.,1.,1.,1.,1.,1.,1.,1.,1.,1.,1.,1.,1.,1.,       469P    380
1.,1.,1.,1.,1.,1.,1.,1.,1.,1.,1.,1.,1.,1.,1.,1.,1.,1.,               469P    381
0.98200844778495,0.,0.,0.98319651988456,0.,0.,0.98436176351192,      469P    382
0.00960735979838,0.,0.98552700713927,0.01921471959677,0.,            469P    383
0.98662464263525,0.03806023374436,0.,0.98772227813123,               469P    384
0.05690574789195,0.,0.98871012397928,0.08426519384873,0.,            469P    385
0.98969796982733,0.11162463980551,0.,0.9905380636655,                469P    386
0.14644660940673,0.,0.99137815750367,0.18126857900793,0.,            469P    387
0.9920382149969,0.2222148834902,0.,0.99269827249012,                 469P    388
0.26316118797246,0.,0.9931529279991,0.30865828381745,0.,             469P    389
0.99360758350808,0.35415537966245,0.,0.99383936487657,               469P    390
0.40245483899194,0.,0.99407114624506,0.45075429832142,0.,            469P    391
0.99407114624506,0.5,0.,0.99407114624506,0.54924570167858,0.,        469P    392
0.99383936487657,0.59754516100806,0.,0.99360758350808,               469P    393
0.64584462033755,0.,0.9931529279991,0.69134171618255,0.,             469P    394
0.99269827249012,0.73683881202754,0.,0.9920382149969,                469P    395
0.7777851165098,0.,0.99137815750367,0.81873142099207,0.,             469P    396
0.9905380636655,0.85355339059327,0.,0.98969796982733,                469P    397
0.88837536019449,0.,0.98871012397928,0.91573480615127,0.,            469P    398
0.98772227813123,0.94309425210805,0.,0.98662464263525,               469P    399
0.96193976625564,0.,0.98552700713927,0.98078528040323,0.,            469P    400
0.98436176351192,0.99039264020161,0.,0.98319651988456,1.,0.,         469P    401
0.98200844778495,1.,0.,4.71238898038469,7.85398163397448,0.,0.,      469P    402
1.;                                                                  469P    403
102,5,461,463,465,467,469;                                           471P    404
110,386.,4.83,2.,0.,4.83,2.;                                         473P    405
124,1.,0.,0.,0.,0.,1.,0.,0.,0.,0.,1.,2.;                             475P    406
100,0.,0.,0.,0.,4.83,-4.83,0.;                                       477P    407
124,1.,0.,0.,0.,0.,1.,0.,0.,0.,0.,1.,2.;                             479P    408
100,0.,0.,0.,-4.83,0.,-0.,-4.83;                                     481P    409
110,-0.,-4.83,2.,386.,-4.83,2.;                                      483P    410
124,1.,0.,0.,386.,0.,1.,0.,-0.,0.,0.,1.,2.;                          485P    411
100,0.,0.,0.,-0.,-4.83,0.,4.83;                                      487P    412
102,5,473,477,481,483,487;                                           489P    413
142,1,459,471,489,2;                                                 491P    414
126,8,2,1,0,1,0,-3.14159265358979,-3.14159265358979,                 493P    415
-3.14159265358979,-2.74889357189107,-2.74889357189107,               493P    416
-2.35619449019234,-2.35619449019234,-1.96349540849362,               493P    417
-1.96349540849362,-1.5707963267949,-1.5707963267949,                 493P    418
-1.5707963267949,1.,1.,1.,1.,1.,1.,1.,1.,1.,0.00750224920626,        493P    419
0.5,0.,0.00750224920626,0.58648363799116,0.,0.00830069985492,        493P    420
0.6663841010283,0.,0.00909915050358,0.74628456406544,0.,             493P    421
0.01057449492761,0.80743773095067,0.,0.01204983935165,               493P    422
0.8685908978359,0.,0.01397746973653,0.90168675326578,0.,             493P    423
0.01590510012141,0.93478260869565,0.,0.01799155221505,               493P    424
0.93478260869565,0.,-3.14159265358979,-1.5707963267949,0.,0.,1.;     493P    425
126,1,1,1,0,1,0,-0.386,-0.386,-0.1977401754251,-0.1977401754251,     495P    426
1.,1.,0.01799155221505,0.93478260869565,0.,0.48816163420269,         495P    427
0.93478260869565,0.,-0.386,-0.1977401754251,0.,0.,1.;                495P    428
126,4,2,1,0,1,0,-1.57079632679527,-1.57079632679527,                 497P    429
-1.57079632679527,-0.85080174988778,-0.85080174988778,               497P    430
-0.13080717298029,-0.13080717298029,-0.13080717298029,1.,1.,1.,      497P    431
1.,1.,0.48816163420269,0.93478260869565,0.,0.48830264031313,         497P    432
0.93478260869565,0.,0.48840865001903,0.93092871591668,0.,            497P    433
0.48851465972493,0.92707482313771,0.,0.48853305178112,               497P    434
0.92128003823403,0.,-1.57079632679527,-0.13080717298029,0.,0.,       497P    435
1.;                                                                  497P    436
126,2,2,1,0,1,0,3.27240019813182,3.27240019813182,                   499P    437
3.27240019813182,3.59519009946479,3.59519009946479,                  499P    438
3.59519009946479,1.,1.,1.,0.48853305178112,0.92128003823403,0.,      499P    439
0.48858608827833,0.9045698777642,0.,0.48876426691523,                499P    440
0.88942008051113,0.,3.27240019813182,3.59519009946479,0.,0.,1.;      499P    441
126,8,2,1,0,1,0,3.59518989882732,3.59518989882732,                   501P    442
3.59518989882732,4.15378943970589,4.15378943970589,                  501P    443
4.71238898058446,4.71238898058446,5.27098852146303,                  501P    444
5.27098852146303,5.8295880623416,5.8295880623416,                    501P    445
5.8295880623416,1.,1.,1.,1.,1.,1.,1.,1.,1.,0.48876426691523,         501P    446
0.88942008051113,0.,0.48893846289997,0.8746089042599,0.,             501P    447
0.48927556298648,0.86587588069973,0.,0.489612663073,                 501P    448
0.85714285713956,0.,0.49001018761095,0.85714285714285,0.,            501P    449
0.49040771214891,0.85714285714614,0.,0.49074481223534,               501P    450
0.86587588071189,0.,0.49108191232176,0.87460890427765,0.,            501P    451
0.49125610830636,0.88942008053176,0.,3.59518989882732,               501P    452
5.8295880623416,0.,0.,1.;                                            501P    453
126,2,2,1,0,1,0,5.82958786152629,5.82958786152629,                   503P    454
5.82958786152629,6.15237775534703,6.15237775534703,                  503P    455
6.15237775534703,1.,1.,1.,0.49125610830636,0.88942008053176,0.,      503P    456
0.49143428693896,0.9045698774277,0.,0.49148732343785,                503P    457
0.92128003748578,0.,5.82958786152629,6.15237775534703,0.,0.,1.;      503P    458
126,4,2,1,0,1,0,-3.01078552921248,-3.01078552921248,                 505P    459
-3.01078552921248,-2.29079092800341,-2.29079092800341,               505P    460
-1.57079632679434,-1.57079632679434,-1.57079632679434,1.,1.,1.,      505P    461
1.,1.,0.49148732343785,0.92128003748578,0.,0.49150571548793,         505P    462
0.92707482264007,0.,0.49161172519547,0.93092871566786,0.,            505P    463
0.49171773490302,0.93478260869565,0.,0.49185874101866,               505P    464
0.93478260869565,0.,-3.01078552921248,-1.57079632679434,0.,0.,       505P    465
1.;                                                                  505P    466
126,1,1,1,0,1,0,-0.1962598245749,-0.1962598245749,                   507P    467
-0.1957401754251,-0.1957401754251,1.,1.,0.49185874101866,            507P    468
0.93478260869565,0.,0.49315654039735,0.93478260869565,0.,            507P    469
-0.1962598245749,-0.1957401754251,0.,0.,1.;                          507P    470
126,4,2,1,0,1,0,-1.57079632679527,-1.57079632679527,                 509P    471
-1.57079632679527,-0.85080174988778,-0.85080174988778,               509P    472
-0.13080717298029,-0.13080717298029,-0.13080717298029,1.,1.,1.,      509P    473
1.,1.,0.49315654039735,0.93478260869565,0.,0.4932975465078,          509P    474
0.93478260869565,0.,0.49340355621369,0.93092871591668,0.,            509P    475
0.49350956591959,0.92707482313771,0.,0.49352795797578,               509P    476
0.92128003823403,0.,-1.57079632679527,-0.13080717298029,0.,0.,       509P    477
1.;                                                                  509P    478
126,2,2,1,0,1,0,3.27240019813181,3.27240019813181,                   511P    479
3.27240019813181,3.59519008106335,3.59519008106335,                  511P    480
3.59519008106335,1.,1.,1.,0.49352795797578,0.92128003823403,0.,      511P    481
0.49358099446992,0.90456987873355,0.,0.49375917308976,               511P    482
0.88942008222341,0.,3.27240019813181,3.59519008106335,0.,0.,1.;      511P    483
126,8,2,1,0,1,0,3.59518986567157,3.59518986567157,                   513P    484
3.59518986567157,4.15378942326063,4.15378942326063,                  513P    485
4.71238898084968,4.71238898084968,5.27098853843873,                  513P    486
5.27098853843873,5.82958809602778,5.82958809602778,                  513P    487
5.82958809602778,1.,1.,1.,1.,1.,1.,1.,1.,1.,0.49375917308976,        513P    488
0.88942008222341,0.,0.49393336906814,0.87460890526579,0.,            513P    489
0.49427046916182,0.86587588120049,0.,0.49460756925549,               513P    490
0.85714285713519,0.,0.49500509380598,0.85714285714285,0.,            513P    491
0.49540261835647,0.85714285715052,0.,0.49573971844995,               513P    492
0.86587588122881,0.,0.49607681854343,0.8746089053071,0.,             513P    493
0.49625101452148,0.88942008227143,0.,3.59518986567157,               513P    494
5.82958809602778,0.,0.,1.;                                           513P    495
126,2,2,1,0,1,0,5.82958788022209,5.82958788022209,                   515P    496
5.82958788022209,6.15237775534697,6.15237775534697,                  515P    497
6.15237775534697,1.,1.,1.,0.49625101452148,0.88942008227143,0.,      515P    498
0.49642919313675,0.90456987841255,0.,0.49648222963252,               515P    499
0.92128003748578,0.,5.82958788022209,6.15237775534697,0.,0.,1.;      515P    500
126,4,2,1,0,1,0,-3.01078552921248,-3.01078552921248,                 517P    501
-3.01078552921248,-2.29079092800341,-2.29079092800341,               517P    502
-1.57079632679434,-1.57079632679434,-1.57079632679434,1.,1.,1.,      517P    503
1.,1.,0.49648222963252,0.92128003748578,0.,0.49650062168259,         517P    504
0.92707482264007,0.,0.49660663139014,0.93092871566786,0.,            517P    505
0.49671264109768,0.93478260869565,0.,0.49685364721332,               517P    506
0.93478260869565,0.,-3.01078552921248,-1.57079632679434,0.,0.,       517P    507
1.;                                                                  517P    508
126,1,1,1,0,1,0,-0.1942598245749,-0.1942598245749,                   519P    509
-0.1937401754251,-0.1937401754251,1.,1.,0.49685364721332,            519P    510
0.93478260869565,0.,0.49815144659202,0.93478260869565,0.,            519P    511
-0.1942598245749,-0.1937401754251,0.,0.,1.;                          519P    512
126,4,2,1,0,1,0,-1.57079632679545,-1.57079632679545,                 521P    513
-1.57079632679545,-0.85080174988775,-0.85080174988775,               521P    514
-0.13080717298004,-0.13080717298004,-0.13080717298004,1.,1.,1.,      521P    515
1.,1.,0.49815144659202,0.93478260869565,0.,0.49829245270246,         521P    516
0.93478260869565,0.,0.49839846240836,0.93092871591668,0.,            521P    517
0.49850447211425,0.92707482313771,0.,0.49852286417045,               521P    518
0.92128003823403,0.,-1.57079632679545,-0.13080717298004,0.,0.,       521P    519
1.;                                                                  521P    520
126,2,2,1,0,1,0,3.27240019813222,3.27240019813222,                   523P    521
3.27240019813222,3.59519032862417,3.59519032862417,                  523P    522
3.59519032862417,1.,1.,1.,0.49852286417045,0.92128003823403,0.,      523P    523
0.49857590070597,0.90456986569255,0.,0.49875407955535,               523P    524
0.88942005918752,0.,3.27240019813222,3.59519032862417,0.,0.,1.;      523P    525
126,8,2,1,0,1,0,3.59519031172743,3.59519031172743,                   525P    526
3.59519031172743,4.15378964769451,4.15378964769451,                  525P    527
4.71238898366159,4.71238898366159,5.27098831962867,                  525P    528
5.27098831962867,5.82958765559575,5.82958765559575,                  525P    529
5.82958765559575,1.,1.,1.,1.,1.,1.,1.,1.,1.,0.49875407955535,        525P    530
0.88942005918752,0.,0.49892827562028,0.87460889164399,0.,            525P    531
0.49926537562028,0.86587587436643,0.,0.49960247562028,               525P    532
0.85714285708887,0.,0.50000000000454,0.85714285714286,0.,            525P    533
0.50039752438881,0.85714285719685,0.,0.50073462438743,               525P    534
0.86587587456599,0.,0.50107172438605,0.87460889193513,0.,            525P    535
0.50124592044863,0.88942005952598,0.,3.59519031172743,               525P    536
5.82958765559575,0.,0.,1.;                                           525P    537
126,2,2,1,0,1,0,5.82958763578228,5.82958763578228,                   527P    538
5.82958763578228,6.15237775534712,6.15237775534712,                  527P    539
6.15237775534712,1.,1.,1.,0.50124592044863,0.88942005952598,0.,      527P    540
0.50142409929054,0.90456986553597,0.,0.50147713582718,               527P    541
0.92128003748578,0.,5.82958763578228,6.15237775534712,0.,0.,1.;      527P    542
126,4,2,1,0,1,0,-3.01078552921198,-3.01078552921198,                 529P    543
-3.01078552921198,-2.29079092800344,-2.29079092800344,               529P    544
-1.5707963267949,-1.5707963267949,-1.5707963267949,1.,1.,1.,1.,      529P    545
1.,0.50147713582718,0.92128003748578,0.,0.50149552787725,            529P    546
0.92707482264007,0.,0.5016015375848,0.93092871566786,0.,             529P    547
0.50170754729234,0.93478260869565,0.,0.50184855340798,               529P    548
0.93478260869565,0.,-3.01078552921198,-1.5707963267949,0.,0.,1.;     529P    549
126,1,1,1,0,1,0,-0.1922598245749,-0.1922598245749,                   531P    550
-0.1917401754251,-0.1917401754251,1.,1.,0.50184855340798,            531P    551
0.93478260869565,0.,0.50314635278668,0.93478260869565,0.,            531P    552
-0.1922598245749,-0.1917401754251,0.,0.,1.;                          531P    553
126,4,2,1,0,1,0,-1.57079632679545,-1.57079632679545,                 533P    554
-1.57079632679545,-0.85080174988779,-0.85080174988779,               533P    555
-0.13080717298013,-0.13080717298013,-0.13080717298013,1.,1.,1.,      533P    556
1.,1.,0.50314635278668,0.93478260869565,0.,0.50328735889712,         533P    557
0.93478260869565,0.,0.50339336860302,0.93092871591668,0.,            533P    558
0.50349937830892,0.92707482313771,0.,0.50351777036511,               533P    559
0.92128003823403,0.,-1.57079632679545,-0.13080717298013,0.,0.,       533P    560
1.;                                                                  533P    561
126,2,2,1,0,1,0,3.27240019813207,3.27240019813207,                   535P    562
3.27240019813207,3.59519009946471,3.59519009946471,                  535P    563
3.59519009946471,1.,1.,1.,0.50351777036511,0.92128003823403,0.,      535P    564
0.50357080686232,0.9045698777642,0.,0.50374898549922,                535P    565
0.88942008051113,0.,3.27240019813207,3.59519009946471,0.,0.,1.;      535P    566
126,8,2,1,0,1,0,3.59518989882732,3.59518989882732,                   537P    567
3.59518989882732,4.15378943970589,4.15378943970589,                  537P    568
4.71238898058446,4.71238898058446,5.27098852146303,                  537P    569
5.27098852146303,5.8295880623416,5.8295880623416,                    537P    570
5.8295880623416,1.,1.,1.,1.,1.,1.,1.,1.,1.,0.50374898549922,         537P    571
0.88942008051113,0.,0.50392318148396,0.8746089042599,0.,             537P    572
0.50426028157047,0.86587588069973,0.,0.50459738165698,               537P    573
0.85714285713956,0.,0.50499490619494,0.85714285714285,0.,            537P    574
0.5053924307329,0.85714285714614,0.,0.50572953081932,                537P    575
0.86587588071189,0.,0.50606663090575,0.87460890427765,0.,            537P    576
0.50624082689035,0.88942008053176,0.,3.59518989882732,               537P    577
5.8295880623416,0.,0.,1.;                                            537P    578
126,2,2,1,0,1,0,5.8295878615262,5.8295878615262,5.8295878615262,     539P    579
6.15237775534728,6.15237775534728,6.15237775534728,1.,1.,1.,         539P    580
0.50624082689035,0.88942008053176,0.,0.50641900552295,               539P    581
0.9045698774277,0.,0.50647204202184,0.92128003748578,0.,             539P    582
5.8295878615262,6.15237775534728,0.,0.,1.;                           539P    583
126,4,2,1,0,1,0,-3.01078552921159,-3.01078552921159,                 541P    584
-3.01078552921159,-2.29079092800334,-2.29079092800334,               541P    585
-1.57079632679508,-1.57079632679508,-1.57079632679508,1.,1.,1.,      541P    586
1.,1.,0.50647204202184,0.92128003748578,0.,0.50649043407192,         541P    587
0.92707482264007,0.,0.50659644377946,0.93092871566786,0.,            541P    588
0.50670245348701,0.93478260869565,0.,0.50684345960264,               541P    589
0.93478260869565,0.,-3.01078552921159,-1.57079632679508,0.,0.,       541P    590
1.;                                                                  541P    591
126,1,1,1,0,1,0,-0.1902598245749,-0.1902598245749,                   543P    592
-0.1897401754251,-0.1897401754251,1.,1.,0.50684345960264,            543P    593
0.93478260869565,0.,0.50814125898134,0.93478260869565,0.,            543P    594
-0.1902598245749,-0.1897401754251,0.,0.,1.;                          543P    595
126,4,2,1,0,1,0,-1.57079632679545,-1.57079632679545,                 545P    596
-1.57079632679545,-0.85080174988779,-0.85080174988779,               545P    597
-0.13080717298013,-0.13080717298013,-0.13080717298013,1.,1.,1.,      545P    598
1.,1.,0.50814125898134,0.93478260869565,0.,0.50828226509179,         545P    599
0.93478260869565,0.,0.50838827479768,0.93092871591668,0.,            545P    600
0.50849428450358,0.92707482313771,0.,0.50851267655977,               545P    601
0.92128003823403,0.,-1.57079632679545,-0.13080717298013,0.,0.,       545P    602
1.;                                                                  545P    603
126,2,2,1,0,1,0,3.27240019813206,3.27240019813206,                   547P    604
3.27240019813206,3.59519008106327,3.59519008106327,                  547P    605
3.59519008106327,1.,1.,1.,0.50851267655977,0.92128003823403,0.,      547P    606
0.50856571305391,0.90456987873355,0.,0.50874389167374,               547P    607
0.88942008222341,0.,3.27240019813206,3.59519008106327,0.,0.,1.;      547P    608
126,8,2,1,0,1,0,3.59518986567157,3.59518986567157,                   549P    609
3.59518986567157,4.15378942326063,4.15378942326063,                  549P    610
4.71238898084968,4.71238898084968,5.27098853843873,                  549P    611
5.27098853843873,5.82958809602778,5.82958809602778,                  549P    612
5.82958809602778,1.,1.,1.,1.,1.,1.,1.,1.,1.,0.50874389167374,        549P    613
0.88942008222341,0.,0.50891808765213,0.87460890526579,0.,            549P    614
0.5092551877458,0.86587588120049,0.,0.50959228783948,                549P    615
0.85714285713519,0.,0.50998981238997,0.85714285714285,0.,            549P    616
0.51038733694046,0.85714285715052,0.,0.51072443703394,               549P    617
0.86587588122881,0.,0.51106153712742,0.8746089053071,0.,             549P    618
0.51123573310547,0.88942008227143,0.,3.59518986567157,               549P    619
5.82958809602778,0.,0.,1.;                                           549P    620
126,2,2,1,0,1,0,5.82958788022201,5.82958788022201,                   551P    621
5.82958788022201,6.15237775534721,6.15237775534721,                  551P    622
6.15237775534721,1.,1.,1.,0.51123573310547,0.88942008227143,0.,      551P    623
0.51141391172074,0.90456987841255,0.,0.5114669482165,                551P    624
0.92128003748578,0.,5.82958788022201,6.15237775534721,0.,0.,1.;      551P    625
126,4,2,1,0,1,0,-3.01078552921159,-3.01078552921159,                 553P    626
-3.01078552921159,-2.29079092800334,-2.29079092800334,               553P    627
-1.57079632679508,-1.57079632679508,-1.57079632679508,1.,1.,1.,      553P    628
1.,1.,0.5114669482165,0.92128003748578,0.,0.51148534026658,          553P    629
0.92707482264007,0.,0.51159134997412,0.93092871566786,0.,            553P    630
0.51169735968167,0.93478260869565,0.,0.51183836579731,               553P    631
0.93478260869565,0.,-3.01078552921159,-1.57079632679508,0.,0.,       553P    632
1.;                                                                  553P    633
126,1,1,1,0,1,0,-0.1882598245749,-0.1882598245749,0.,0.,1.,1.,       555P    634
0.51183836579731,0.93478260869565,0.,0.98200844778495,               555P    635
0.93478260869565,0.,-0.1882598245749,0.,0.,0.,1.;                    555P    636
126,16,2,1,0,1,0,-7.85398163397448,-7.85398163397448,                557P    637
-7.85398163397448,-7.46128255227576,-7.46128255227576,               557P    638
-7.06858347057703,-7.06858347057703,-6.67588438887831,               557P    639
-6.67588438887831,-6.28318530717959,-6.28318530717959,               557P    640
-5.89048622548086,-5.89048622548086,-5.49778714378214,               557P    641
-5.49778714378214,-5.10508806208341,-5.10508806208341,               557P    642
-4.71238898038469,-4.71238898038469,-4.71238898038469,1.,1.,1.,      557P    643
1.,1.,1.,1.,1.,1.,1.,1.,1.,1.,1.,1.,1.,1.,0.98200844778495,          557P    644
0.93478260869565,0.,0.98409489987859,0.93478260869565,0.,            557P    645
0.98602253026347,0.90168675326578,0.,0.98795016064835,               557P    646
0.8685908978359,0.,0.98942550507239,0.80743773095067,0.,             557P    647
0.99090084949642,0.74628456406544,0.,0.99169930014508,               557P    648
0.6663841010283,0.,0.99249775079374,0.58648363799116,0.,             557P    649
0.99249775079374,0.5,0.,0.99249775079374,0.41351636200884,0.,        557P    650
0.99169930014508,0.3336158989717,0.,0.99090084949642,                557P    651
0.25371543593456,0.,0.98942550507239,0.19256226904933,0.,            557P    652
0.98795016064835,0.1314091021641,0.,0.98602253026347,                557P    653
0.09831324673422,0.,0.98409489987859,0.06521739130435,0.,            557P    654
0.98200844778495,0.06521739130435,0.,-7.85398163397448,              557P    655
-4.71238898038469,0.,0.,1.;                                          557P    656
126,1,1,1,0,1,0,-0.386,-0.386,0.,0.,1.,1.,0.98200844778495,          559P    657
0.06521739130435,0.,0.01799155221505,0.06521739130435,0.,-0.386,     559P    658
0.,0.,0.,1.;                                                         559P    659
126,8,2,1,0,1,0,-4.71238898038469,-4.71238898038469,                 561P    660
-4.71238898038469,-4.31968989868597,-4.31968989868597,               561P    661
-3.92699081698724,-3.92699081698724,-3.53429173528852,               561P    662
-3.53429173528852,-3.14159265358979,-3.14159265358979,               561P    663
-3.14159265358979,1.,1.,1.,1.,1.,1.,1.,1.,1.,0.01799155221505,       561P    664
0.06521739130435,0.,0.01590510012141,0.06521739130435,0.,            561P    665
0.01397746973653,0.09831324673422,0.,0.01204983935165,               561P    666
0.1314091021641,0.,0.01057449492761,0.19256226904933,0.,             561P    667
0.00909915050358,0.25371543593456,0.,0.00830069985492,               561P    668
0.3336158989717,0.,0.00750224920626,0.41351636200884,0.,             561P    669
0.00750224920626,0.5,0.,-4.71238898038469,-3.14159265358979,0.,      561P    670
0.,1.;                                                               561P    671
102,35,493,495,497,499,501,503,505,507,509,511,513,515,517,519,      563P    672
521,523,525,527,529,531,533,535,537,539,541,543,545,547,549,551,     563P    673
553,555,557,559,561;                                                 563P    674
124,1.,0.,0.,0.,0.,-1.,0.,0.,0.,0.,-1.,2.;                           565P    675
100,0.,0.,0.,-4.2,-0.,0.,-4.2;                                       567P    676
110,0.,4.2,2.,188.25982457490088,4.2,2.;                             569P    677
124,1.,0.,0.,188.25982457490093,0.,-1.,0.,4.05000000000004,0.,       571P    678
0.,-1.,2.;                                                           571P    679
100,0.,0.,0.,-0.00000000000006,-0.14999999999997,                    573P    680
0.14871854003001,-0.01956516934072;                                  573P    681
124,1.,0.,0.,189.3999999999987,0.,1.,0.,4.19999999999956,0.,0.,      575P    682
1.,2.;                                                               575P    683
100,0.,0.,0.,-0.99145688506777,-0.1304348306588,                     577P    684
-0.89887651414569,-0.43820202226207;                                 577P    685
124,1.,0.,0.,189.,0.,1.,0.,4.00499999999995,0.,0.,1.,2.;             579P    686
100,0.,0.,0.,-0.49887651414698,-0.24320202226246,                    581P    687
0.49887651424415,-0.24320202206314;                                  581P    688
124,1.,0.,0.,188.60000000000119,0.,1.,0.,4.19999999999967,0.,0.,     583P    689
1.,2.;                                                               583P    690
100,0.,0.,0.,0.89887651424298,-0.43820202206285,                     585P    691
0.99145688411698,-0.13043483788706;                                  585P    692
124,1.,0.,0.,189.74017542509904,0.,-1.,0.,4.05000000000005,0.,       587P    693
0.,-1.,2.;                                                           587P    694
100,0.,0.,0.,-0.14871854098089,-0.01956516211256,                    589P    695
0.00000000000008,-0.14999999999992;                                  589P    696
110,189.74017542509912,4.2,2.,190.25982457490088,4.2,2.;             591P    697
124,1.,0.,0.,190.25982457490093,0.,-1.,0.,4.05000000000004,0.,       593P    698
0.,-1.,2.;                                                           593P    699
100,0.,0.,0.,-0.00000000000006,-0.14999999999997,                    595P    700
0.14871854003001,-0.01956516934072;                                  595P    701
124,1.,0.,0.,191.39999999999867,0.,1.,0.,4.19999999999955,0.,0.,     597P    702
1.,2.;                                                               597P    703
100,0.,0.,0.,-0.99145688506774,-0.13043483065879,                    599P    704
-0.89887652220921,-0.43820200572143;                                 599P    705
124,1.,0.,0.,190.99999999999997,0.,1.,0.,4.00499999999994,0.,0.,     601P    706
1.,2.;                                                               601P    707
100,0.,0.,0.,-0.49887652221051,-0.24320200572182,                    603P    708
0.49887652243668,-0.24320200525788;                                  603P    709
124,1.,0.,0.,190.60000000000099,0.,1.,0.,4.19999999999976,0.,0.,     605P    710
1.,2.;                                                               605P    711
100,0.,0.,0.,0.8988765224357,-0.43820200525772,0.99145688411718,     607P    712
-0.13043483788716;                                                   607P    713
124,1.,0.,0.,191.74017542509904,0.,-1.,0.,4.05000000000005,0.,       609P    714
0.,-1.,2.;                                                           609P    715
100,0.,0.,0.,-0.14871854098089,-0.01956516211255,                    611P    716
0.00000000000008,-0.14999999999992;                                  611P    717
110,191.74017542509912,4.2,2.,192.25982457490088,4.2,2.;             613P    718
124,1.,0.,0.,192.25982457490096,0.,-1.,0.,4.05000000000008,0.,       615P    719
0.,-1.,2.;                                                           615P    720
100,0.,0.,0.,-0.00000000000008,-0.14999999999992,                    617P    721
0.14871854002997,-0.01956516934068;                                  617P    722
124,1.,0.,0.,193.40000000000029,0.,1.,0.,4.20000000000017,0.,0.,     619P    723
1.,2.;                                                               619P    724
100,0.,0.,0.,-0.99145688506938,-0.13043483065941,                    621P    725
-0.89887641372908,-0.43820222824877;                                 621P    726
124,1.,0.,0.,193.,0.,1.,0.,4.005,0.,0.,1.,2.;                        623P    727
100,0.,0.,0.,-0.49887641372878,-0.2432022282486,                     625P    728
0.49887641532268,-0.24320222497906;                                  625P    729
124,1.,0.,0.,192.60000000000176,0.,1.,0.,4.1999999999995,0.,0.,      627P    730
1.,2.;                                                               627P    731
100,0.,0.,0.,0.89887641532094,-0.43820222497856,0.9914568841164,     629P    732
-0.1304348378869;                                                    629P    733
124,1.,0.,0.,193.74017542509912,0.,-1.,0.,4.04999999999996,0.,       631P    734
0.,-1.,2.;                                                           631P    735
100,0.,0.,0.,-0.14871854098097,-0.01956516211264,0.,                 633P    736
-0.15000000000001;                                                   633P    737
110,193.74017542509912,4.2,2.,194.25982457490088,4.2,2.;             635P    738
124,1.,0.,0.,194.25982457490096,0.,-1.,0.,4.05000000000007,0.,       637P    739
0.,-1.,2.;                                                           637P    740
100,0.,0.,0.,-0.00000000000008,-0.14999999999991,                    639P    741
0.14871854002996,-0.01956516934069;                                  639P    742
124,1.,0.,0.,195.39999999999969,0.,1.,0.,4.19999999999994,0.,0.,     641P    743
1.,2.;                                                               641P    744
100,0.,0.,0.,-0.99145688506877,-0.13043483065918,                    643P    745
-0.89887651414667,-0.43820202226245;                                 643P    746
124,1.,0.,0.,195.,0.,1.,0.,4.00499999999995,0.,0.,1.,2.;             645P    747
100,0.,0.,0.,-0.49887651414698,-0.24320202226246,                    647P    748
0.49887651424415,-0.24320202206314;                                  647P    749
124,1.,0.,0.,194.60000000000215,0.,1.,0.,4.19999999999929,0.,0.,     649P    750
1.,2.;                                                               649P    751
100,0.,0.,0.,0.898876514242,-0.43820202206247,0.99145688411598,      651P    752
-0.13043483788668;                                                   651P    753
124,1.,0.,0.,195.74017542509915,0.,-1.,0.,4.0499999999999,0.,0.,     653P    754
-1.,2.;                                                              653P    755
100,0.,0.,0.,-0.14871854098103,-0.01956516211271,                    655P    756
-0.00000000000003,-0.15000000000008;                                 655P    757
110,195.74017542509915,4.2,2.,196.25982457490088,4.2,2.;             657P    758
124,1.,0.,0.,196.25982457490096,0.,-1.,0.,4.05000000000007,0.,       659P    759
0.,-1.,2.;                                                           659P    760
100,0.,0.,0.,-0.00000000000008,-0.14999999999991,                    661P    761
0.14871854002996,-0.01956516934069;                                  661P    762
124,1.,0.,0.,197.39999999999966,0.,1.,0.,4.19999999999993,0.,0.,     663P    763
1.,2.;                                                               663P    764
100,0.,0.,0.,-0.99145688506874,-0.13043483065917,                    665P    765
-0.89887652221019,-0.43820200572181;                                 665P    766
124,1.,0.,0.,196.99999999999997,0.,1.,0.,4.00499999999994,0.,0.,     667P    767
1.,2.;                                                               667P    768
100,0.,0.,0.,-0.49887652221051,-0.24320200572182,                    669P    769
0.49887652243668,-0.24320200525788;                                  669P    770
124,1.,0.,0.,196.60000000000196,0.,1.,0.,4.19999999999938,0.,0.,     671P    771
1.,2.;                                                               671P    772
100,0.,0.,0.,0.89887652243473,-0.43820200525734,                     673P    773
0.99145688411618,-0.13043483788678;                                  673P    774
124,1.,0.,0.,197.74017542509918,0.,-1.,0.,4.0499999999999,0.,0.,     675P    775
-1.,2.;                                                              675P    776
100,0.,0.,0.,-0.14871854098103,-0.01956516211271,                    677P    777
-0.00000000000003,-0.15000000000008;                                 677P    778
110,197.74017542509915,4.2,2.,386.,4.2,2.;                           679P    779
124,1.,0.,0.,386.,0.,-1.,0.,0.,0.,0.,-1.,2.;                         681P    780
100,0.,0.,0.,0.,-4.2,-0.,4.2;                                        683P    781
110,386.,-4.2,2.,-0.,-4.2,2.;                                        685P    782
124,1.,0.,0.,0.,0.,-1.,0.,0.,0.,0.,-1.,2.;                           687P    783
100,0.,0.,0.,-0.,4.2,-4.2,-0.;                                       689P    784
102,35,567,569,573,577,581,585,589,591,595,599,603,607,611,613,      691P    785
617,621,625,629,633,635,639,643,647,651,655,657,661,665,669,673,     691P    786
677,679,683,685,689;                                                 691P    787
142,1,459,563,691,2;                                                 693P    788
144,459,1,1,491,693;                                                 695P    789
110,393.20396,-4.83,-2.,-7.20396,-4.83,-2.;                          697P    790
122,697,393.20396,4.83,-2.;                                          699P    791
126,16,2,1,0,1,0,-3.14159265358979,-3.14159265358979,                701P    792
-3.14159265358979,-2.94524311274043,-2.94524311274043,               701P    793
-2.74889357189107,-2.74889357189107,-2.55254403104171,               701P    794
-2.55254403104171,-2.35619449019234,-2.35619449019234,               701P    795
-2.15984494934298,-2.15984494934298,-1.96349540849362,               701P    796
-1.96349540849362,-1.76714586764426,-1.76714586764426,               701P    797
-1.5707963267949,-1.5707963267949,-1.5707963267949,1.,1.,1.,1.,      701P    798
1.,1.,1.,1.,1.,1.,1.,1.,1.,1.,1.,1.,1.,0.99407114624506,0.5,0.,      701P    799
0.99407114624506,0.54924570167858,0.,0.99383936487657,               701P    800
0.59754516100806,0.,0.99360758350808,0.64584462033755,0.,            701P    801
0.9931529279991,0.69134171618254,0.,0.99269827249012,                701P    802
0.73683881202754,0.,0.9920382149969,0.7777851165098,0.,              701P    803
0.99137815750367,0.81873142099206,0.,0.9905380636655,                701P    804
0.85355339059327,0.,0.98969796982733,0.88837536019449,0.,            701P    805
0.98871012397928,0.91573480615127,0.,0.98772227813123,               701P    806
0.94309425210806,0.,0.98662464263525,0.96193976625564,0.,            701P    807
0.98552700713927,0.98078528040323,0.,0.98436176351192,               701P    808
0.99039264020162,0.,0.98319651988456,1.,0.,0.98200844778495,1.,      701P    809
0.,-3.14159265358979,-1.5707963267949,0.,0.,1.;                      701P    810
126,1,1,1,0,1,0,-0.386,-0.386,0.,0.,1.,1.,0.98200844778495,1.,       703P    811
0.,0.01799155221505,1.,0.,-0.386,0.,0.,0.,1.;                        703P    812
126,32,2,1,0,1,0,-7.85398163397448,-7.85398163397448,                705P    813
-7.85398163397448,-7.65763209312512,-7.65763209312512,               705P    814
-7.46128255227576,-7.46128255227576,-7.2649330114264,                705P    815
-7.2649330114264,-7.06858347057703,-7.06858347057703,                705P    816
-6.87223392972767,-6.87223392972767,-6.67588438887831,               705P    817
-6.67588438887831,-6.47953484802895,-6.47953484802895,               705P    818
-6.28318530717959,-6.28318530717959,-6.08683576633022,               705P    819
-6.08683576633022,-5.89048622548086,-5.89048622548086,               705P    820
-5.6941366846315,-5.6941366846315,-5.49778714378214,                 705P    821
-5.49778714378214,-5.30143760293278,-5.30143760293278,               705P    822
-5.10508806208341,-5.10508806208341,-4.90873852123405,               705P    823
-4.90873852123405,-4.71238898038469,-4.71238898038469,               705P    824
-4.71238898038469,1.,1.,1.,1.,1.,1.,1.,1.,1.,1.,1.,1.,1.,1.,1.,      705P    825
1.,1.,1.,1.,1.,1.,1.,1.,1.,1.,1.,1.,1.,1.,1.,1.,1.,1.,               705P    826
0.01799155221505,1.,0.,0.01680348011544,1.,0.,0.01563823648808,      705P    827
0.99039264020161,0.,0.01447299286073,0.98078528040323,0.,            705P    828
0.01337535736475,0.96193976625564,0.,0.01227772186877,               705P    829
0.94309425210805,0.,0.01128987602072,0.91573480615127,0.,            705P    830
0.01030203017267,0.88837536019449,0.,0.0094619363345,                705P    831
0.85355339059327,0.,0.00862184249633,0.81873142099207,0.,            705P    832
0.0079617850031,0.7777851165098,0.,0.00730172750988,                 705P    833
0.73683881202754,0.,0.0068470720009,0.69134171618255,0.,             705P    834
0.00639241649192,0.64584462033755,0.,0.00616063512343,               705P    835
0.59754516100806,0.,0.00592885375494,0.54924570167858,0.,            705P    836
0.00592885375494,0.5,0.,0.00592885375494,0.45075429832142,0.,        705P    837
0.00616063512343,0.40245483899194,0.,0.00639241649192,               705P    838
0.35415537966245,0.,0.0068470720009,0.30865828381745,0.,             705P    839
0.00730172750988,0.26316118797246,0.,0.0079617850031,                705P    840
0.2222148834902,0.,0.00862184249633,0.18126857900793,0.,             705P    841
0.0094619363345,0.14644660940673,0.,0.01030203017267,                705P    842
0.11162463980551,0.,0.01128987602072,0.08426519384873,0.,            705P    843
0.01227772186877,0.05690574789195,0.,0.01337535736475,               705P    844
0.03806023374436,0.,0.01447299286073,0.01921471959677,0.,            705P    845
0.01563823648808,0.00960735979838,0.,0.01680348011544,0.,0.,         705P    846
0.01799155221505,0.,0.,-7.85398163397448,-4.71238898038469,0.,       705P    847
0.,1.;                                                               705P    848
126,1,1,1,0,1,0,-0.386,-0.386,0.,0.,1.,1.,0.01799155221505,0.,       707P    849
0.,0.98200844778495,0.,0.,-0.386,0.,0.,0.,1.;                        707P    850
126,16,2,1,0,1,0,-4.71238898038469,-4.71238898038469,                709P    851
-4.71238898038469,-4.51603943953533,-4.51603943953533,               709P    852
-4.31968989868597,-4.31968989868597,-4.1233403578366,                709P    853
-4.1233403578366,-3.92699081698724,-3.92699081698724,                709P    854
-3.73064127613788,-3.73064127613788,-3.53429173528852,               709P    855
-3.53429173528852,-3.33794219443916,-3.33794219443916,               709P    856
-3.14159265358979,-3.14159265358979,-3.14159265358979,1.,1.,1.,      709P    857
1.,1.,1.,1.,1.,1.,1.,1.,1.,1.,1.,1.,1.,1.,0.98200844778495,0.,       709P    858
0.,0.98319651988456,0.,0.,0.98436176351192,0.00960735979838,0.,      709P    859
0.98552700713927,0.01921471959677,0.,0.98662464263525,               709P    860
0.03806023374436,0.,0.98772227813123,0.05690574789194,0.,            709P    861
0.98871012397928,0.08426519384873,0.,0.98969796982733,               709P    862
0.11162463980551,0.,0.9905380636655,0.14644660940673,0.,             709P    863
0.99137815750367,0.18126857900794,0.,0.9920382149969,                709P    864
0.2222148834902,0.,0.99269827249012,0.26316118797246,0.,             709P    865
0.9931529279991,0.30865828381746,0.,0.99360758350808,                709P    866
0.35415537966245,0.,0.99383936487657,0.40245483899194,0.,            709P    867
0.99407114624506,0.45075429832142,0.,0.99407114624506,0.5,0.,        709P    868
-4.71238898038469,-3.14159265358979,0.,0.,1.;                        709P    869
102,5,701,703,705,707,709;                                           711P    870
124,1.,0.,0.,0.,0.,-1.,0.,0.,0.,0.,-1.,-2.;                          713P    871
100,0.,0.,0.,-4.83,-0.,0.,-4.83;                                     715P    872
110,0.,4.83,-2.,386.,4.83,-2.;                                       717P    873
124,1.,0.,0.,386.,0.,-1.,0.,-0.,0.,0.,-1.,-2.;                       719P    874
100,0.,0.,0.,0.,-4.83,-0.,4.83;                                      721P    875
110,386.,-4.83,-2.,-0.,-4.83,-2.;                                    723P    876
124,1.,0.,0.,0.,0.,-1.,0.,0.,0.,0.,-1.,-2.;                          725P    877
100,0.,0.,0.,-0.,4.83,-4.83,-0.;                                     727P    878
102,5,715,717,721,723,727;                                           729P    879
142,1,699,711,729,2;                                                 731P    880
126,1,1,1,0,1,0,0.1977401754251,0.1977401754251,0.386,0.386,1.,      733P    881
1.,0.51183836579731,0.93478260869565,0.,0.98200844778495,            733P    882
0.93478260869565,0.,0.1977401754251,0.386,0.,0.,1.;                  733P    883
126,8,2,1,0,1,0,1.5707963267949,1.5707963267949,1.5707963267949,     735P    884
1.96349540849362,1.96349540849362,2.35619449019234,                  735P    885
2.35619449019234,2.74889357189107,2.74889357189107,                  735P    886
3.14159265358979,3.14159265358979,3.14159265358979,1.,1.,1.,1.,      735P    887
1.,1.,1.,1.,1.,0.98200844778495,0.93478260869565,0.,                 735P    888
0.98409489987859,0.93478260869565,0.,0.98602253026347,               735P    889
0.90168675326578,0.,0.98795016064835,0.8685908978359,0.,             735P    890
0.98942550507239,0.80743773095067,0.,0.99090084949642,               735P    891
0.74628456406544,0.,0.99169930014508,0.6663841010283,0.,             735P    892
0.99249775079374,0.58648363799116,0.,0.99249775079374,0.5,0.,        735P    893
1.5707963267949,3.14159265358979,0.,0.,1.;                           735P    894
126,8,2,1,0,1,0,3.14159265358979,3.14159265358979,                   737P    895
3.14159265358979,3.53429173528852,3.53429173528852,                  737P    896
3.92699081698724,3.92699081698724,4.31968989868597,                  737P    897
4.31968989868597,4.71238898038469,4.71238898038469,                  737P    898
4.71238898038469,1.,1.,1.,1.,1.,1.,1.,1.,1.,0.99249775079374,        737P    899
0.5,0.,0.99249775079374,0.41351636200884,0.,0.99169930014508,        737P    900
0.3336158989717,0.,0.99090084949642,0.25371543593456,0.,             737P    901
0.98942550507239,0.19256226904933,0.,0.98795016064835,               737P    902
0.1314091021641,0.,0.98602253026347,0.09831324673422,0.,             737P    903
0.98409489987859,0.06521739130435,0.,0.98200844778495,               737P    904
0.06521739130435,0.,3.14159265358979,4.71238898038469,0.,0.,1.;      737P    905
126,1,1,1,0,1,0,0.,0.,0.386,0.386,1.,1.,0.98200844778495,            739P    906
0.06521739130435,0.,0.01799155221505,0.06521739130435,0.,-0.,        739P    907
0.386,0.,0.,1.;                                                      739P    908
126,16,2,1,0,1,0,4.71238898038469,4.71238898038469,                  741P    909
4.71238898038469,5.10508806208341,5.10508806208341,                  741P    910
5.49778714378214,5.49778714378214,5.89048622548086,                  741P    911
5.89048622548086,6.28318530717959,6.28318530717959,                  741P    912
6.67588438887831,6.67588438887831,7.06858347057703,                  741P    913
7.06858347057703,7.46128255227576,7.46128255227576,                  741P    914
7.85398163397448,7.85398163397448,7.85398163397448,1.,1.,1.,1.,      741P    915
1.,1.,1.,1.,1.,1.,1.,1.,1.,1.,1.,1.,1.,0.01799155221505,             741P    916
0.06521739130435,0.,0.01590510012141,0.06521739130435,0.,            741P    917
0.01397746973653,0.09831324673422,0.,0.01204983935165,               741P    918
0.1314091021641,0.,0.01057449492761,0.19256226904933,0.,             741P    919
0.00909915050358,0.25371543593456,0.,0.00830069985492,               741P    920
0.3336158989717,0.,0.00750224920626,0.41351636200884,0.,             741P    921
0.00750224920626,0.5,0.,0.00750224920626,0.58648363799116,0.,        741P    922
0.00830069985492,0.6663841010283,0.,0.00909915050358,                741P    923
0.74628456406544,0.,0.01057449492761,0.80743773095067,0.,            741P    924
0.01204983935165,0.8685908978359,0.,0.01397746973653,                741P    925
0.90168675326578,0.,0.01590510012141,0.93478260869565,0.,            741P    926
0.01799155221505,0.93478260869565,0.,4.71238898038469,               741P    927
7.85398163397448,0.,0.,1.;                                           741P    928
126,1,1,1,0,1,0,0.,0.,0.1882598245749,0.1882598245749,1.,1.,         743P    929
0.01799155221505,0.93478260869565,0.,0.48816163420269,               743P    930
0.93478260869565,0.,0.,0.1882598245749,0.,0.,1.;                     743P    931
126,4,2,1,0,1,0,1.57079632679508,1.57079632679508,                   745P    932
1.57079632679508,2.29079092800334,2.29079092800334,                  745P    933
3.01078552921159,3.01078552921159,3.01078552921159,1.,1.,1.,1.,      745P    934
1.,0.48816163420269,0.93478260869565,0.,0.48830264031833,            745P    935
0.93478260869565,0.,0.48840865002588,0.93092871566786,0.,            745P    936
0.48851465973342,0.92707482264007,0.,0.4885330517835,                745P    937
0.92128003748578,0.,1.57079632679508,3.01078552921159,0.,0.,1.;      745P    938
126,2,2,1,0,1,0,-6.15237775534721,-6.15237775534721,                 747P    939
-6.15237775534721,-5.82958788022201,-5.82958788022201,               747P    940
-5.82958788022201,1.,1.,1.,0.4885330517835,0.92128003748578,0.,      747P    941
0.48858608827926,0.90456987841255,0.,0.48876426689453,               747P    942
0.88942008227143,0.,-6.15237775534721,-5.82958788022201,0.,0.,       747P    943
1.;                                                                  747P    944
126,8,2,1,0,1,0,-5.82958809602778,-5.82958809602778,                 749P    945
-5.82958809602778,-5.27098853843873,-5.27098853843873,               749P    946
-4.71238898084968,-4.71238898084968,-4.15378942326063,               749P    947
-4.15378942326063,-3.59518986567157,-3.59518986567157,               749P    948
-3.59518986567157,1.,1.,1.,1.,1.,1.,1.,1.,1.,0.48876426689453,       749P    949
0.88942008227143,0.,0.48893846287258,0.8746089053071,0.,             749P    950
0.48927556296606,0.86587588122881,0.,0.48961266305954,               749P    951
0.85714285715052,0.,0.49001018761003,0.85714285714285,0.,            749P    952
0.49040771216052,0.85714285713519,0.,0.4907448122542,                749P    953
0.86587588120049,0.,0.49108191234787,0.87460890526579,0.,            749P    954
0.49125610832626,0.88942008222341,0.,-5.82958809602778,              749P    955
-3.59518986567157,0.,0.,1.;                                          749P    956
126,2,2,1,0,1,0,-3.59519008106327,-3.59519008106327,                 751P    957
-3.59519008106327,-3.27240019813206,-3.27240019813206,               751P    958
-3.27240019813206,1.,1.,1.,0.49125610832626,0.88942008222341,0.,     751P    959
0.49143428694609,0.90456987873355,0.,0.49148732344023,               751P    960
0.92128003823403,0.,-3.59519008106327,-3.27240019813206,0.,0.,       751P    961
1.;                                                                  751P    962
126,4,2,1,0,1,0,0.13080717298013,0.13080717298013,                   753P    963
0.13080717298013,0.85080174988751,0.85080174988751,                  753P    964
1.5707963267949,1.5707963267949,1.5707963267949,1.,1.,1.,1.,1.,      753P    965
0.49148732344023,0.92128003823403,0.,0.49150571549642,               753P    966
0.9270748231377,0.,0.49161172520232,0.93092871591668,0.,             753P    967
0.49171773490821,0.93478260869565,0.,0.49185874101866,               753P    968
0.93478260869565,0.,0.13080717298013,1.5707963267949,0.,0.,1.;       753P    969
126,1,1,1,0,1,0,0.1897401754251,0.1897401754251,0.1902598245749,     755P    970
0.1902598245749,1.,1.,0.49185874101866,0.93478260869565,0.,          755P    971
0.49315654039735,0.93478260869565,0.,0.1897401754251,                755P    972
0.1902598245749,0.,0.,1.;                                            755P    973
126,4,2,1,0,1,0,1.57079632679508,1.57079632679508,                   757P    974
1.57079632679508,2.29079092800334,2.29079092800334,                  757P    975
3.01078552921159,3.01078552921159,3.01078552921159,1.,1.,1.,1.,      757P    976
1.,0.49315654039735,0.93478260869565,0.,0.49329754651299,            757P    977
0.93478260869565,0.,0.49340355622054,0.93092871566786,0.,            757P    978
0.49350956592808,0.92707482264007,0.,0.49352795797816,               757P    979
0.92128003748578,0.,1.57079632679508,3.01078552921159,0.,0.,1.;      757P    980
126,2,2,1,0,1,0,-6.15237775534728,-6.15237775534728,                 759P    981
-6.15237775534728,-5.8295878615262,-5.8295878615262,                 759P    982
-5.8295878615262,1.,1.,1.,0.49352795797816,0.92128003748578,0.,      759P    983
0.49358099447705,0.9045698774277,0.,0.49375917310965,                759P    984
0.88942008053176,0.,-6.15237775534728,-5.8295878615262,0.,0.,1.;     759P    985
126,8,2,1,0,1,0,-5.8295880623416,-5.8295880623416,                   761P    986
-5.8295880623416,-5.27098852146303,-5.27098852146303,                761P    987
-4.71238898058446,-4.71238898058446,-4.15378943970589,               761P    988
-4.15378943970589,-3.59518989882732,-3.59518989882732,               761P    989
-3.59518989882732,1.,1.,1.,1.,1.,1.,1.,1.,1.,0.49375917310965,       761P    990
0.88942008053176,0.,0.49393336909425,0.87460890427765,0.,            761P    991
0.49427046918068,0.86587588071189,0.,0.4946075692671,                761P    992
0.85714285714614,0.,0.49500509380506,0.85714285714285,0.,            761P    993
0.49540261834302,0.85714285713956,0.,0.49573971842953,               761P    994
0.86587588069973,0.,0.49607681851604,0.8746089042599,0.,             761P    995
0.49625101450078,0.88942008051113,0.,-5.8295880623416,               761P    996
-3.59518989882732,0.,0.,1.;                                          761P    997
126,2,2,1,0,1,0,-3.59519009946471,-3.59519009946471,                 763P    998
-3.59519009946471,-3.27240019813207,-3.27240019813207,               763P    999
-3.27240019813207,1.,1.,1.,0.49625101450078,0.88942008051113,0.,     763P   1000
0.49642919313768,0.9045698777642,0.,0.49648222963489,                763P   1001
0.92128003823403,0.,-3.59519009946471,-3.27240019813207,0.,0.,       763P   1002
1.;                                                                  763P   1003
126,4,2,1,0,1,0,0.13080717298013,0.13080717298013,                   765P   1004
0.13080717298013,0.85080174988751,0.85080174988751,                  765P   1005
1.5707963267949,1.5707963267949,1.5707963267949,1.,1.,1.,1.,1.,      765P   1006
0.49648222963489,0.92128003823403,0.,0.49650062169108,               765P   1007
0.9270748231377,0.,0.49660663139698,0.93092871591668,0.,             765P   1008
0.49671264110288,0.93478260869565,0.,0.49685364721332,               765P   1009
0.93478260869565,0.,0.13080717298013,1.5707963267949,0.,0.,1.;       765P   1010
126,1,1,1,0,1,0,0.1917401754251,0.1917401754251,0.1922598245749,     767P   1011
0.1922598245749,1.,1.,0.49685364721332,0.93478260869565,0.,          767P   1012
0.49815144659202,0.93478260869565,0.,0.1917401754251,                767P   1013
0.1922598245749,0.,0.,1.;                                            767P   1014
126,4,2,1,0,1,0,1.5707963267949,1.5707963267949,1.5707963267949,     769P   1015
2.29079092800344,2.29079092800344,3.01078552921198,                  769P   1016
3.01078552921198,3.01078552921198,1.,1.,1.,1.,1.,                    769P   1017
0.49815144659202,0.93478260869565,0.,0.49829245270766,               769P   1018
0.93478260869565,0.,0.4983984624152,0.93092871566786,0.,             769P   1019
0.49850447212275,0.92707482264007,0.,0.49852286417282,               769P   1020
0.92128003748578,0.,1.5707963267949,3.01078552921198,0.,0.,1.;       769P   1021
126,2,2,1,0,1,0,-6.15237775534712,-6.15237775534712,                 771P   1022
-6.15237775534712,-5.82958763578228,-5.82958763578228,               771P   1023
-5.82958763578228,1.,1.,1.,0.49852286417282,0.92128003748578,0.,     771P   1024
0.49857590070946,0.90456986553597,0.,0.49875407955137,               771P   1025
0.88942005952598,0.,-6.15237775534712,-5.82958763578228,0.,0.,       771P   1026
1.;                                                                  771P   1027
126,8,2,1,0,1,0,-5.82958765559575,-5.82958765559575,                 773P   1028
-5.82958765559575,-5.27098831962867,-5.27098831962867,               773P   1029
-4.71238898366159,-4.71238898366159,-4.15378964769451,               773P   1030
-4.15378964769451,-3.59519031172743,-3.59519031172743,               773P   1031
-3.59519031172743,1.,1.,1.,1.,1.,1.,1.,1.,1.,0.49875407955137,       773P   1032
0.88942005952598,0.,0.49892827561395,0.87460889193513,0.,            773P   1033
0.49926537561257,0.86587587456599,0.,0.49960247561119,               773P   1034
0.85714285719685,0.,0.49999999999546,0.85714285714286,0.,            773P   1035
0.50039752437972,0.85714285708887,0.,0.50073462437972,               773P   1036
0.86587587436643,0.,0.50107172437972,0.87460889164399,0.,            773P   1037
0.50124592044465,0.88942005918752,0.,-5.82958765559575,              773P   1038
-3.59519031172743,0.,0.,1.;                                          773P   1039
126,2,2,1,0,1,0,-3.59519032862417,-3.59519032862417,                 775P   1040
-3.59519032862417,-3.27240019813222,-3.27240019813222,               775P   1041
-3.27240019813222,1.,1.,1.,0.50124592044465,0.88942005918752,0.,     775P   1042
0.50142409929403,0.90456986569255,0.,0.50147713582955,               775P   1043
0.92128003823403,0.,-3.59519032862417,-3.27240019813222,0.,0.,       775P   1044
1.;                                                                  775P   1045
126,4,2,1,0,1,0,0.13080717298004,0.13080717298004,                   777P   1046
0.13080717298004,0.85080174988747,0.85080174988747,                  777P   1047
1.5707963267949,1.5707963267949,1.5707963267949,1.,1.,1.,1.,1.,      777P   1048
0.50147713582955,0.92128003823403,0.,0.50149552788575,               777P   1049
0.9270748231377,0.,0.50160153759164,0.93092871591668,0.,             777P   1050
0.50170754729754,0.93478260869565,0.,0.50184855340798,               777P   1051
0.93478260869565,0.,0.13080717298004,1.5707963267949,0.,0.,1.;       777P   1052
126,1,1,1,0,1,0,0.1937401754251,0.1937401754251,0.1942598245749,     779P   1053
0.1942598245749,1.,1.,0.50184855340798,0.93478260869565,0.,          779P   1054
0.50314635278668,0.93478260869565,0.,0.1937401754251,                779P   1055
0.1942598245749,0.,0.,1.;                                            779P   1056
126,4,2,1,0,1,0,1.57079632679434,1.57079632679434,                   781P   1057
1.57079632679434,2.29079092800341,2.29079092800341,                  781P   1058
3.01078552921248,3.01078552921248,3.01078552921248,1.,1.,1.,1.,      781P   1059
1.,0.50314635278668,0.93478260869565,0.,0.50328735890232,            781P   1060
0.93478260869565,0.,0.50339336860986,0.93092871566786,0.,            781P   1061
0.50349937831741,0.92707482264007,0.,0.50351777036748,               781P   1062
0.92128003748578,0.,1.57079632679434,3.01078552921248,0.,0.,1.;      781P   1063
126,2,2,1,0,1,0,-6.15237775534697,-6.15237775534697,                 783P   1064
-6.15237775534697,-5.82958788022209,-5.82958788022209,               783P   1065
-5.82958788022209,1.,1.,1.,0.50351777036748,0.92128003748578,0.,     783P   1066
0.50357080686325,0.90456987841255,0.,0.50374898547852,               783P   1067
0.88942008227143,0.,-6.15237775534697,-5.82958788022209,0.,0.,       783P   1068
1.;                                                                  783P   1069
126,8,2,1,0,1,0,-5.82958809602778,-5.82958809602778,                 785P   1070
-5.82958809602778,-5.27098853843873,-5.27098853843873,               785P   1071
-4.71238898084968,-4.71238898084968,-4.15378942326063,               785P   1072
-4.15378942326063,-3.59518986567157,-3.59518986567157,               785P   1073
-3.59518986567157,1.,1.,1.,1.,1.,1.,1.,1.,1.,0.50374898547852,       785P   1074
0.88942008227143,0.,0.50392318145657,0.8746089053071,0.,             785P   1075
0.50426028155005,0.86587588122881,0.,0.50459738164353,               785P   1076
0.85714285715052,0.,0.50499490619402,0.85714285714285,0.,            785P   1077
0.50539243074451,0.85714285713519,0.,0.50572953083818,               785P   1078
0.86587588120049,0.,0.50606663093186,0.87460890526579,0.,            785P   1079
0.50624082691024,0.88942008222341,0.,-5.82958809602778,              785P   1080
-3.59518986567157,0.,0.,1.;                                          785P   1081
126,2,2,1,0,1,0,-3.59519008106335,-3.59519008106335,                 787P   1082
-3.59519008106335,-3.27240019813181,-3.27240019813181,               787P   1083
-3.27240019813181,1.,1.,1.,0.50624082691024,0.88942008222341,0.,     787P   1084
0.50641900553008,0.90456987873355,0.,0.50647204202422,               787P   1085
0.92128003823403,0.,-3.59519008106335,-3.27240019813181,0.,0.,       787P   1086
1.;                                                                  787P   1087
126,4,2,1,0,1,0,0.13080717298029,0.13080717298029,                   789P   1088
0.13080717298029,0.85080174988759,0.85080174988759,                  789P   1089
1.5707963267949,1.5707963267949,1.5707963267949,1.,1.,1.,1.,1.,      789P   1090
0.50647204202422,0.92128003823403,0.,0.50649043408041,               789P   1091
0.9270748231377,0.,0.50659644378631,0.93092871591668,0.,             789P   1092
0.5067024534922,0.93478260869565,0.,0.50684345960264,                789P   1093
0.93478260869565,0.,0.13080717298029,1.5707963267949,0.,0.,1.;       789P   1094
126,1,1,1,0,1,0,0.1957401754251,0.1957401754251,0.1962598245749,     791P   1095
0.1962598245749,1.,1.,0.50684345960264,0.93478260869565,0.,          791P   1096
0.50814125898134,0.93478260869565,0.,0.1957401754251,                791P   1097
0.1962598245749,0.,0.,1.;                                            791P   1098
126,4,2,1,0,1,0,1.57079632679434,1.57079632679434,                   793P   1099
1.57079632679434,2.29079092800341,2.29079092800341,                  793P   1100
3.01078552921248,3.01078552921248,3.01078552921248,1.,1.,1.,1.,      793P   1101
1.,0.50814125898134,0.93478260869565,0.,0.50828226509698,            793P   1102
0.93478260869565,0.,0.50838827480453,0.93092871566786,0.,            793P   1103
0.50849428451207,0.92707482264007,0.,0.50851267656215,               793P   1104
0.92128003748578,0.,1.57079632679434,3.01078552921248,0.,0.,1.;      793P   1105
126,2,2,1,0,1,0,-6.15237775534703,-6.15237775534703,                 795P   1106
-6.15237775534703,-5.82958786152629,-5.82958786152629,               795P   1107
-5.82958786152629,1.,1.,1.,0.50851267656215,0.92128003748578,0.,     795P   1108
0.50856571306104,0.9045698774277,0.,0.50874389169364,                795P   1109
0.88942008053176,0.,-6.15237775534703,-5.82958786152629,0.,0.,       795P   1110
1.;                                                                  795P   1111
126,8,2,1,0,1,0,-5.8295880623416,-5.8295880623416,                   797P   1112
-5.8295880623416,-5.27098852146303,-5.27098852146303,                797P   1113
-4.71238898058446,-4.71238898058446,-4.15378943970589,               797P   1114
-4.15378943970589,-3.59518989882732,-3.59518989882732,               797P   1115
-3.59518989882732,1.,1.,1.,1.,1.,1.,1.,1.,1.,0.50874389169364,       797P   1116
0.88942008053176,0.,0.50891808767824,0.87460890427765,0.,            797P   1117
0.50925518776466,0.86587588071189,0.,0.50959228785109,               797P   1118
0.85714285714614,0.,0.50998981238905,0.85714285714285,0.,            797P   1119
0.510387336927,0.85714285713956,0.,0.51072443701352,                 797P   1120
0.86587588069973,0.,0.51106153710003,0.8746089042599,0.,             797P   1121
0.51123573308477,0.88942008051113,0.,-5.8295880623416,               797P   1122
-3.59518989882732,0.,0.,1.;                                          797P   1123
126,2,2,1,0,1,0,-3.59519009946479,-3.59519009946479,                 799P   1124
-3.59519009946479,-3.27240019813182,-3.27240019813182,               799P   1125
-3.27240019813182,1.,1.,1.,0.51123573308477,0.88942008051113,0.,     799P   1126
0.51141391172167,0.9045698777642,0.,0.51146694821888,                799P   1127
0.92128003823403,0.,-3.59519009946479,-3.27240019813182,0.,0.,       799P   1128
1.;                                                                  799P   1129
126,4,2,1,0,1,0,0.13080717298029,0.13080717298029,                   801P   1130
0.13080717298029,0.85080174988759,0.85080174988759,                  801P   1131
1.5707963267949,1.5707963267949,1.5707963267949,1.,1.,1.,1.,1.,      801P   1132
0.51146694821888,0.92128003823403,0.,0.51148534027507,               801P   1133
0.9270748231377,0.,0.51159134998097,0.93092871591668,0.,             801P   1134
0.51169735968687,0.93478260869565,0.,0.51183836579731,               801P   1135
0.93478260869565,0.,0.13080717298029,1.5707963267949,0.,0.,1.;       801P   1136
102,35,733,735,737,739,741,743,745,747,749,751,753,755,757,759,      803P   1137
761,763,765,767,769,771,773,775,777,779,781,783,785,787,789,791,     803P   1138
793,795,797,799,801;                                                 803P   1139
110,188.25982457490093,4.2,-2.,0.,4.2,-2.;                           805P   1140
124,1.,0.,0.,0.,0.,1.,0.,0.,0.,0.,1.,-2.;                            807P   1141
100,0.,0.,0.,0.,4.2,-4.2,0.;                                         809P   1142
124,1.,0.,0.,0.,0.,1.,0.,0.,0.,0.,1.,-2.;                            811P   1143
100,0.,0.,0.,-4.2,0.,-0.,-4.2;                                       813P   1144
110,-0.,-4.2,-2.,386.,-4.2,-2.;                                      815P   1145
124,1.,0.,0.,386.,0.,1.,0.,0.,0.,0.,1.,-2.;                          817P   1146
100,0.,0.,0.,-0.,-4.2,0.,4.2;                                        819P   1147
110,386.,4.2,-2.,197.74017542509915,4.2,-2.;                         821P   1148
124,1.,0.,0.,197.74017542509918,0.,1.,0.,4.0499999999999,0.,0.,      823P   1149
1.,-2.;                                                              823P   1150
100,0.,0.,0.,-0.00000000000003,0.15000000000008,                     825P   1151
-0.14871854098103,0.01956516211271;                                  825P   1152
124,1.,0.,0.,196.60000000000196,0.,-1.,0.,4.19999999999938,0.,       827P   1153
0.,-1.,-2.;                                                          827P   1154
100,0.,0.,0.,0.99145688411618,0.13043483788678,0.89887652243473,     829P   1155
0.43820200525734;                                                    829P   1156
124,1.,0.,0.,196.99999999999997,0.,-1.,0.,4.00499999999994,0.,       831P   1157
0.,-1.,-2.;                                                          831P   1158
100,0.,0.,0.,0.49887652243668,0.24320200525788,                      833P   1159
-0.49887652221051,0.24320200572182;                                  833P   1160
124,1.,0.,0.,197.39999999999966,0.,-1.,0.,4.19999999999993,0.,       835P   1161
0.,-1.,-2.;                                                          835P   1162
100,0.,0.,0.,-0.89887652221019,0.43820200572181,                     837P   1163
-0.99145688506874,0.13043483065917;                                  837P   1164
124,1.,0.,0.,196.25982457490096,0.,1.,0.,4.05000000000007,0.,0.,     839P   1165
1.,-2.;                                                              839P   1166
100,0.,0.,0.,0.14871854002996,0.01956516934069,0.,                   841P   1167
0.14999999999991;                                                    841P   1168
110,196.25982457490096,4.2,-2.,195.74017542509915,4.2,-2.;           843P   1169
124,1.,0.,0.,195.74017542509915,0.,1.,0.,4.0499999999999,0.,0.,      845P   1170
1.,-2.;                                                              845P   1171
100,0.,0.,0.,-0.00000000000003,0.15000000000008,                     847P   1172
-0.14871854098103,0.01956516211271;                                  847P   1173
124,1.,0.,0.,194.60000000000215,0.,-1.,0.,4.19999999999929,0.,       849P   1174
0.,-1.,-2.;                                                          849P   1175
100,0.,0.,0.,0.99145688411598,0.13043483788668,0.898876514242,       851P   1176
0.43820202206247;                                                    851P   1177
124,1.,0.,0.,195.,0.,-1.,0.,4.00499999999995,0.,0.,-1.,-2.;          853P   1178
100,0.,0.,0.,0.49887651424415,0.24320202206314,                      855P   1179
-0.49887651414698,0.24320202226246;                                  855P   1180
124,1.,0.,0.,195.39999999999969,0.,-1.,0.,4.19999999999994,0.,       857P   1181
0.,-1.,-2.;                                                          857P   1182
100,0.,0.,0.,-0.89887651414667,0.43820202226245,                     859P   1183
-0.99145688506877,0.13043483065918;                                  859P   1184
124,1.,0.,0.,194.25982457490096,0.,1.,0.,4.05000000000007,0.,0.,     861P   1185
1.,-2.;                                                              861P   1186
100,0.,0.,0.,0.14871854002996,0.01956516934069,0.,                   863P   1187
0.14999999999991;                                                    863P   1188
110,194.25982457490096,4.2,-2.,193.74017542509912,4.2,-2.;           865P   1189
124,1.,0.,0.,193.74017542509912,0.,1.,0.,4.04999999999996,0.,0.,     867P   1190
1.,-2.;                                                              867P   1191
100,0.,0.,0.,0.,0.15000000000001,-0.14871854098097,                  869P   1192
0.01956516211264;                                                    869P   1193
124,1.,0.,0.,192.60000000000176,0.,-1.,0.,4.1999999999995,0.,0.,     871P   1194
-1.,-2.;                                                             871P   1195
100,0.,0.,0.,0.9914568841164,0.1304348378869,0.89887641532094,       873P   1196
0.43820222497856;                                                    873P   1197
124,1.,0.,0.,193.,0.,-1.,0.,4.005,0.,0.,-1.,-2.;                     875P   1198
100,0.,0.,0.,0.49887641532268,0.24320222497906,                      877P   1199
-0.49887641372878,0.2432022282486;                                   877P   1200
124,1.,0.,0.,193.40000000000029,0.,-1.,0.,4.20000000000017,0.,       879P   1201
0.,-1.,-2.;                                                          879P   1202
100,0.,0.,0.,-0.89887641372908,0.43820222824877,                     881P   1203
-0.99145688506938,0.13043483065941;                                  881P   1204
124,1.,0.,0.,192.25982457490096,0.,1.,0.,4.05000000000008,0.,0.,     883P   1205
1.,-2.;                                                              883P   1206
100,0.,0.,0.,0.14871854002997,0.01956516934068,0.,                   885P   1207
0.14999999999992;                                                    885P   1208
110,192.25982457490096,4.2,-2.,191.74017542509912,4.2,-2.;           887P   1209
124,1.,0.,0.,191.74017542509904,0.,1.,0.,4.05000000000005,0.,0.,     889P   1210
1.,-2.;                                                              889P   1211
100,0.,0.,0.,0.00000000000008,0.14999999999992,                      891P   1212
-0.14871854098089,0.01956516211255;                                  891P   1213
124,1.,0.,0.,190.60000000000099,0.,-1.,0.,4.19999999999976,0.,       893P   1214
0.,-1.,-2.;                                                          893P   1215
100,0.,0.,0.,0.99145688411718,0.13043483788716,0.8988765224357,      895P   1216
0.43820200525772;                                                    895P   1217
124,1.,0.,0.,190.99999999999997,0.,-1.,0.,4.00499999999994,0.,       897P   1218
0.,-1.,-2.;                                                          897P   1219
100,0.,0.,0.,0.49887652243668,0.24320200525788,                      899P   1220
-0.49887652221051,0.24320200572182;                                  899P   1221
124,1.,0.,0.,191.39999999999867,0.,-1.,0.,4.19999999999955,0.,       901P   1222
0.,-1.,-2.;                                                          901P   1223
100,0.,0.,0.,-0.89887652220921,0.43820200572143,                     903P   1224
-0.99145688506774,0.13043483065879;                                  903P   1225
124,1.,0.,0.,190.25982457490093,0.,1.,0.,4.05000000000004,0.,0.,     905P   1226
1.,-2.;                                                              905P   1227
100,0.,0.,0.,0.14871854003001,0.01956516934072,0.,                   907P   1228
0.14999999999997;                                                    907P   1229
110,190.25982457490093,4.2,-2.,189.74017542509912,4.2,-2.;           909P   1230
124,1.,0.,0.,189.74017542509904,0.,1.,0.,4.05000000000005,0.,0.,     911P   1231
1.,-2.;                                                              911P   1232
100,0.,0.,0.,0.00000000000008,0.14999999999992,                      913P   1233
-0.14871854098089,0.01956516211256;                                  913P   1234
124,1.,0.,0.,188.60000000000119,0.,-1.,0.,4.19999999999967,0.,       915P   1235
0.,-1.,-2.;                                                          915P   1236
100,0.,0.,0.,0.99145688411698,0.13043483788706,0.89887651424298,     917P   1237
0.43820202206285;                                                    917P   1238
124,1.,0.,0.,189.,0.,-1.,0.,4.00499999999995,0.,0.,-1.,-2.;          919P   1239
100,0.,0.,0.,0.49887651424415,0.24320202206314,                      921P   1240
-0.49887651414698,0.24320202226246;                                  921P   1241
124,1.,0.,0.,189.3999999999987,0.,-1.,0.,4.19999999999956,0.,0.,     923P   1242
-1.,-2.;                                                             923P   1243
100,0.,0.,0.,-0.89887651414569,0.43820202226207,                     925P   1244
-0.99145688506777,0.1304348306588;                                   925P   1245
124,1.,0.,0.,188.25982457490093,0.,1.,0.,4.05000000000004,0.,0.,     927P   1246
1.,-2.;                                                              927P   1247
100,0.,0.,0.,0.14871854003001,0.01956516934072,0.,                   929P   1248
0.14999999999997;                                                    929P   1249
102,35,805,809,813,815,819,821,825,829,833,837,841,843,847,851,      931P   1250
855,859,863,865,869,873,877,881,885,887,891,895,899,903,907,909,     931P   1251
913,917,921,925,929;                                                 931P   1252
142,1,699,803,931,2;                                                 933P   1253
144,699,1,1,731,933;                                                 935P   1254
110,189.3999999999987,4.19999999999956,2.,189.3999999999987,         937P   1255
4.19999999999956,-998.;                                              937P   1256
110,188.40000000000006,4.19999999999956,-2.,188.40000000000006,      939P   1257
4.19999999999956,2.;                                                 939P   1258
120,937,939,0.,6.28318530717959;                                     941P   1259
126,1,1,1,0,1,0,3.27240019813182,3.27240019813182,                   943P   1260
3.59519009946479,3.59519009946479,1.,1.,0.,6.15237776263756,0.,      943P   1261
0.,5.82958786130459,0.,3.27240019813182,3.59519009946479,0.,0.,      943P   1262
1.;                                                                  943P   1263
126,1,1,1,0,1,0,-0.004,-0.004,0.,0.,1.,1.,0.,5.82958786130459,       945P   1264
0.,1.,5.82958786130459,0.,-0.004,0.,0.,0.,1.;                        945P   1265
126,1,1,1,0,1,0,-3.59519009946479,-3.59519009946479,                 947P   1266
-3.27240019813182,-3.27240019813182,1.,1.,1.,5.82958786130459,       947P   1267
0.,1.,6.15237776263756,0.,-3.59519009946479,-3.27240019813182,       947P   1268
0.,0.,1.;                                                            947P   1269
126,1,1,1,0,1,0,0.,0.,0.004,0.004,1.,1.,1.,6.15237776263756,0.,      949P   1270
0.,6.15237776263756,0.,0.,0.004,0.,0.,1.;                            949P   1271
102,4,943,945,947,949;                                               951P   1272
124,1.,0.,0.,189.3999999999987,0.,1.,0.,4.19999999999956,0.,0.,      953P   1273
1.,-2.;                                                              953P   1274
100,0.,0.,0.,-0.99145688506777,-0.1304348306588,                     955P   1275
-0.89887651414569,-0.43820202226207;                                 955P   1276
110,188.50112348585301,3.7617979777375,-2.,188.50112348585301,       957P   1277
3.7617979777375,2.;                                                  957P   1278
124,1.,0.,0.,189.3999999999987,0.,-1.,0.,4.19999999999956,0.,0.,     959P   1279
-1.,2.;                                                              959P   1280
100,0.,0.,0.,-0.89887651414569,0.43820202226207,                     961P   1281
-0.99145688506777,0.1304348306588;                                   961P   1282
110,188.40854311493095,4.06956516934076,2.,188.40854311493095,       963P   1283
4.06956516934076,-2.;                                                963P   1284
102,4,955,957,961,963;                                               965P   1285
142,1,941,951,965,2;                                                 967P   1286
144,941,1,0,967;                                                     969P   1287
110,189.,4.00499999999995,2.,189.,4.00499999999995,-998.;            971P   1288
110,188.44499999999999,4.00499999999995,-2.,188.44499999999999,      973P   1289
4.00499999999995,2.;                                                 973P   1290
120,971,973,0.,6.28318530717959;                                     975P   1291
126,1,1,1,0,1,0,3.59518989882732,3.59518989882732,                   977P   1292
5.8295880623416,5.8295880623416,1.,1.,0.,5.82958806194206,0.,0.,     977P   1293
3.59518989842778,0.,3.59518989882732,5.8295880623416,0.,0.,1.;       977P   1294
126,1,1,1,0,1,0,-0.004,-0.004,0.,0.,1.,1.,0.,3.59518989842778,       979P   1295
0.,1.,3.59518989842778,0.,-0.004,0.,0.,0.,1.;                        979P   1296
126,1,1,1,0,1,0,-5.8295880623416,-5.8295880623416,                   981P   1297
-3.59518989882732,-3.59518989882732,1.,1.,1.,3.59518989842778,       981P   1298
0.,1.,5.82958806194206,0.,-5.8295880623416,-3.59518989882732,0.,     981P   1299
0.,1.;                                                               981P   1300
126,1,1,1,0,1,0,0.,0.,0.004,0.004,1.,1.,1.,5.82958806194206,0.,      983P   1301
0.,5.82958806194206,0.,0.,0.004,0.,0.,1.;                            983P   1302
102,4,977,979,981,983;                                               985P   1303
124,1.,0.,0.,189.,0.,1.,0.,4.00499999999995,0.,0.,1.,-2.;            987P   1304
100,0.,0.,0.,-0.49887651414698,-0.24320202226246,                    989P   1305
0.49887651424415,-0.24320202206314;                                  989P   1306
110,189.49887651424416,3.76179797793682,-2.,189.49887651424416,      991P   1307
3.76179797793682,2.;                                                 991P   1308
124,1.,0.,0.,189.,0.,-1.,0.,4.00499999999995,0.,0.,-1.,2.;           993P   1309
100,0.,0.,0.,0.49887651424415,0.24320202206314,                      995P   1310
-0.49887651414698,0.24320202226246;                                  995P   1311
110,188.50112348585301,3.7617979777375,2.,188.50112348585301,        997P   1312
3.7617979777375,-2.;                                                 997P   1313
102,4,989,991,995,997;                                               999P   1314
142,1,975,985,999,2;                                                1001P   1315
144,975,1,0,1001;                                                   1003P   1316
110,188.60000000000119,4.19999999999967,2.,188.60000000000119,      1005P   1317
4.19999999999967,-998.;                                             1005P   1318
110,187.60000000000241,4.19999999999967,-2.,187.60000000000241,     1007P   1319
4.19999999999967,2.;                                                1007P   1320
120,1005,1007,0.,6.28318530717959;                                  1009P   1321
126,1,1,1,0,1,0,5.82958786152629,5.82958786152629,                  1011P   1322
6.15237775534703,6.15237775534703,1.,1.,0.,3.59519009924309,0.,     1011P   1323
0.,3.27240020542235,0.,5.82958786152629,6.15237775534703,0.,0.,     1011P   1324
1.;                                                                 1011P   1325
126,1,1,1,0,1,0,-0.004,-0.004,0.,0.,1.,1.,0.,3.27240020542235,      1013P   1326
0.,1.,3.27240020542235,0.,-0.004,0.,0.,0.,1.;                       1013P   1327
126,1,1,1,0,1,0,-6.15237775534703,-6.15237775534703,                1015P   1328
-5.82958786152629,-5.82958786152629,1.,1.,1.,3.27240020542235,      1015P   1329
0.,1.,3.59519009924309,0.,-6.15237775534703,-5.82958786152629,      1015P   1330
0.,0.,1.;                                                           1015P   1331
126,1,1,1,0,1,0,0.,0.,0.004,0.004,1.,1.,1.,3.59519009924309,0.,     1017P   1332
0.,3.59519009924309,0.,0.,0.004,0.,0.,1.;                           1017P   1333
102,4,1011,1013,1015,1017;                                          1019P   1334
124,1.,0.,0.,188.60000000000119,0.,1.,0.,4.19999999999967,0.,0.,    1021P   1335
1.,-2.;                                                             1021P   1336
100,0.,0.,0.,0.89887651424298,-0.43820202206285,                    1023P   1337
0.99145688411698,-0.13043483788706;                                 1023P   1338
110,189.59145688411814,4.0695651621126,-2.,189.59145688411814,      1025P   1339
4.0695651621126,2.;                                                 1025P   1340
124,1.,0.,0.,188.60000000000119,0.,-1.,0.,4.19999999999967,0.,      1027P   1341
0.,-1.,2.;                                                          1027P   1342
100,0.,0.,0.,0.99145688411698,0.13043483788706,0.89887651424298,    1029P   1343
0.43820202206285;                                                   1029P   1344
110,189.49887651424416,3.76179797793682,2.,189.49887651424416,      1031P   1345
3.76179797793682,-2.;                                               1031P   1346
102,4,1023,1025,1029,1031;                                          1033P   1347
142,1,1009,1019,1033,2;                                             1035P   1348
144,1009,1,0,1035;                                                  1037P   1349
110,189.74017542509904,4.05000000000005,2.,189.74017542509904,      1039P   1350
4.05000000000005,-998.;                                             1039P   1351
110,189.59017542509912,4.05000000000005,2.,189.59017542509912,      1041P   1352
4.05000000000005,-2.;                                               1041P   1353
120,1039,1041,0.,6.28318530717959;                                  1043P   1354
126,1,1,1,0,1,0,-3.01078552921248,-3.01078552921248,                1045P   1355
-1.57079632679434,-1.57079632679434,1.,1.,1.,0.13080712437732,      1045P   1356
0.,1.,1.57079632679545,0.,-3.01078552921248,-1.57079632679434,      1045P   1357
0.,0.,1.;                                                           1045P   1358
126,1,1,1,0,1,0,-0.004,-0.004,0.,0.,1.,1.,1.,1.57079632679545,      1047P   1359
0.,0.,1.57079632679545,0.,-0.004,0.,0.,0.,1.;                       1047P   1360
126,1,1,1,0,1,0,1.57079632679434,1.57079632679434,                  1049P   1361
3.01078552921248,3.01078552921248,1.,1.,0.,1.57079632679545,0.,     1049P   1362
0.,0.13080712437732,0.,1.57079632679434,3.01078552921248,0.,0.,     1049P   1363
1.;                                                                 1049P   1364
126,1,1,1,0,1,0,0.,0.,0.004,0.004,1.,1.,0.,0.13080712437732,0.,     1051P   1365
1.,0.13080712437732,0.,0.,0.004,0.,0.,1.;                           1051P   1366
102,4,1045,1047,1049,1051;                                          1053P   1367
124,1.,0.,0.,189.74017542509904,0.,-1.,0.,4.05000000000005,0.,      1055P   1368
0.,-1.,-2.;                                                         1055P   1369
100,0.,0.,0.,-0.14871854098089,-0.01956516211256,                   1057P   1370
0.00000000000008,-0.14999999999992;                                 1057P   1371
110,189.74017542509912,4.19999999999997,-2.,189.74017542509912,     1059P   1372
4.19999999999997,2.;                                                1059P   1373
124,1.,0.,0.,189.74017542509904,0.,1.,0.,4.05000000000005,0.,0.,    1061P   1374
1.,2.;                                                              1061P   1375
100,0.,0.,0.,0.00000000000008,0.14999999999992,                     1063P   1376
-0.14871854098089,0.01956516211256;                                 1063P   1377
110,189.59145688411814,4.0695651621126,2.,189.59145688411814,       1065P   1378
4.0695651621126,-2.;                                                1065P   1379
102,4,1057,1059,1063,1065;                                          1067P   1380
142,1,1043,1053,1067,2;                                             1069P   1381
144,1043,1,0,1069;                                                  1071P   1382
110,188.25982457490093,4.05000000000004,2.,188.25982457490093,      1073P   1383
4.05000000000004,-998.;                                             1073P   1384
110,188.10982457490095,4.05000000000004,2.,188.10982457490095,      1075P   1385
4.05000000000004,-2.;                                               1075P   1386
120,1073,1075,0.,6.28318530717959;                                  1077P   1387
126,1,1,1,0,1,0,-1.5707963267949,-1.5707963267949,                  1079P   1388
-0.13080717298029,-0.13080717298029,1.,1.,1.,1.5707963267949,0.,    1079P   1389
1.,3.0107854806095,0.,-1.5707963267949,-0.13080717298029,0.,0.,     1079P   1390
1.;                                                                 1079P   1391
126,1,1,1,0,1,0,-0.004,-0.004,0.,0.,1.,1.,1.,3.0107854806095,0.,    1081P   1392
0.,3.0107854806095,0.,-0.004,0.,0.,0.,1.;                           1081P   1393
126,1,1,1,0,1,0,0.13080717298029,0.13080717298029,                  1083P   1394
1.57079632679527,1.57079632679527,1.,1.,0.,3.0107854806095,0.,      1083P   1395
0.,1.57079632679453,0.,0.13080717298029,1.57079632679527,0.,0.,     1083P   1396
1.;                                                                 1083P   1397
126,1,1,1,0,1,0,0.,0.,0.004,0.004,1.,1.,0.,1.57079632679453,0.,     1085P   1398
1.,1.57079632679453,0.,0.,0.004,0.,0.,1.;                           1085P   1399
102,4,1079,1081,1083,1085;                                          1087P   1400
124,1.,0.,0.,188.25982457490093,0.,-1.,0.,4.05000000000004,0.,      1089P   1401
0.,-1.,-2.;                                                         1089P   1402
100,0.,0.,0.,0.,-0.14999999999997,0.14871854003001,                 1091P   1403
-0.01956516934072;                                                  1091P   1404
110,188.40854311493095,4.06956516934076,-2.,188.40854311493095,     1093P   1405
4.06956516934076,2.;                                                1093P   1406
124,1.,0.,0.,188.25982457490093,0.,1.,0.,4.05000000000004,0.,0.,    1095P   1407
1.,2.;                                                              1095P   1408
100,0.,0.,0.,0.14871854003001,0.01956516934072,                     1097P   1409
-0.00000000000006,0.14999999999997;                                 1097P   1410
110,188.25982457490088,4.2,2.,188.25982457490088,4.2,-2.;           1099P   1411
102,4,1091,1093,1097,1099;                                          1101P   1412
142,1,1077,1087,1101,2;                                             1103P   1413
144,1077,1,0,1103;                                                  1105P   1414
110,191.39999999999867,4.19999999999955,2.,191.39999999999867,      1107P   1415
4.19999999999955,-998.;                                             1107P   1416
110,190.40000000000006,4.19999999999955,-2.,190.40000000000006,     1109P   1417
4.19999999999955,2.;                                                1109P   1418
120,1107,1109,0.,6.28318530717959;                                  1111P   1419
126,1,1,1,0,1,0,3.27240019813181,3.27240019813181,                  1113P   1420
3.59519008106335,3.59519008106335,1.,1.,0.,6.15237776263757,0.,     1113P   1421
0.,5.82958787970603,0.,3.27240019813181,3.59519008106335,0.,0.,     1113P   1422
1.;                                                                 1113P   1423
126,1,1,1,0,1,0,-0.004,-0.004,0.,0.,1.,1.,0.,5.82958787970603,      1115P   1424
0.,1.,5.82958787970603,0.,-0.004,0.,0.,0.,1.;                       1115P   1425
126,1,1,1,0,1,0,-3.59519008106335,-3.59519008106335,                1117P   1426
-3.27240019813181,-3.27240019813181,1.,1.,1.,5.82958787970603,      1117P   1427
0.,1.,6.15237776263757,0.,-3.59519008106335,-3.27240019813181,      1117P   1428
0.,0.,1.;                                                           1117P   1429
126,1,1,1,0,1,0,0.,0.,0.004,0.004,1.,1.,1.,6.15237776263757,0.,     1119P   1430
0.,6.15237776263757,0.,0.,0.004,0.,0.,1.;                           1119P   1431
102,4,1113,1115,1117,1119;                                          1121P   1432
124,1.,0.,0.,191.39999999999867,0.,1.,0.,4.19999999999955,0.,0.,    1123P   1433
1.,-2.;                                                             1123P   1434
100,0.,0.,0.,-0.99145688506774,-0.13043483065879,                   1125P   1435
-0.89887652220921,-0.43820200572143;                                1125P   1436
110,190.50112347778946,3.76179799427812,-2.,190.50112347778946,     1127P   1437
3.76179799427812,2.;                                                1127P   1438
124,1.,0.,0.,191.39999999999867,0.,-1.,0.,4.19999999999955,0.,      1129P   1439
0.,-1.,2.;                                                          1129P   1440
100,0.,0.,0.,-0.89887652220921,0.43820200572143,                    1131P   1441
-0.99145688506774,0.13043483065879;                                 1131P   1442
110,190.40854311493095,4.06956516934076,2.,190.40854311493095,      1133P   1443
4.06956516934076,-2.;                                               1133P   1444
102,4,1125,1127,1131,1133;                                          1135P   1445
142,1,1111,1121,1135,2;                                             1137P   1446
144,1111,1,0,1137;                                                  1139P   1447
110,190.99999999999997,4.00499999999994,2.,190.99999999999997,      1141P   1448
4.00499999999994,-998.;                                             1141P   1449
110,190.44499999999999,4.00499999999994,-2.,190.44499999999999,     1143P   1450
4.00499999999994,2.;                                                1143P   1451
120,1141,1143,0.,6.28318530717959;                                  1145P   1452
126,1,1,1,0,1,0,3.59518986567157,3.59518986567157,                  1147P   1453
5.82958809602778,5.82958809602778,1.,1.,0.,5.82958809509781,0.,     1147P   1454
0.,3.59518986474159,0.,3.59518986567157,5.82958809602778,0.,0.,     1147P   1455
1.;                                                                 1147P   1456
126,1,1,1,0,1,0,-0.004,-0.004,0.,0.,1.,1.,0.,3.5951898647416,0.,    1149P   1457
1.,3.5951898647416,0.,-0.004,0.,0.,0.,1.;                           1149P   1458
126,1,1,1,0,1,0,-5.82958809602778,-5.82958809602778,                1151P   1459
-3.59518986567157,-3.59518986567157,1.,1.,1.,3.59518986474159,      1151P   1460
0.,1.,5.82958809509781,0.,-5.82958809602778,-3.59518986567157,      1151P   1461
0.,0.,1.;                                                           1151P   1462
126,1,1,1,0,1,0,0.,0.,0.004,0.004,1.,1.,1.,5.8295880950978,0.,      1153P   1463
0.,5.8295880950978,0.,0.,0.004,0.,0.,1.;                            1153P   1464
102,4,1147,1149,1151,1153;                                          1155P   1465
124,1.,0.,0.,190.99999999999997,0.,1.,0.,4.00499999999994,0.,0.,    1157P   1466
1.,-2.;                                                             1157P   1467
100,0.,0.,0.,-0.49887652221051,-0.24320200572182,                   1159P   1468
0.49887652243668,-0.24320200525788;                                 1159P   1469
110,191.49887652243666,3.76179799474205,-2.,191.49887652243666,     1161P   1470
3.76179799474205,2.;                                                1161P   1471
124,1.,0.,0.,190.99999999999997,0.,-1.,0.,4.00499999999994,0.,      1163P   1472
0.,-1.,2.;                                                          1163P   1473
100,0.,0.,0.,0.49887652243668,0.24320200525788,                     1165P   1474
-0.49887652221051,0.24320200572182;                                 1165P   1475
110,190.50112347778946,3.76179799427812,2.,190.50112347778946,      1167P   1476
3.76179799427812,-2.;                                               1167P   1477
102,4,1159,1161,1165,1167;                                          1169P   1478
142,1,1145,1155,1169,2;                                             1171P   1479
144,1145,1,0,1171;                                                  1173P   1480
110,190.60000000000099,4.19999999999976,2.,190.60000000000099,      1175P   1481
4.19999999999976,-998.;                                             1175P   1482
110,189.60000000000198,4.19999999999976,-2.,189.60000000000198,     1177P   1483
4.19999999999976,2.;                                                1177P   1484
120,1175,1177,0.,6.28318530717959;                                  1179P   1485
126,1,1,1,0,1,0,5.82958788022209,5.82958788022209,                  1181P   1486
6.15237775534697,6.15237775534697,1.,1.,0.,3.59519008054729,0.,     1181P   1487
0.,3.27240020542241,0.,5.82958788022209,6.15237775534697,0.,0.,     1181P   1488
1.;                                                                 1181P   1489
126,1,1,1,0,1,0,-0.004,-0.004,0.,0.,1.,1.,0.,3.27240020542241,      1183P   1490
0.,1.,3.27240020542241,0.,-0.004,0.,0.,0.,1.;                       1183P   1491
126,1,1,1,0,1,0,-6.15237775534697,-6.15237775534697,                1185P   1492
-5.82958788022209,-5.82958788022209,1.,1.,1.,3.27240020542241,      1185P   1493
0.,1.,3.59519008054729,0.,-6.15237775534697,-5.82958788022209,      1185P   1494
0.,0.,1.;                                                           1185P   1495
126,1,1,1,0,1,0,0.,0.,0.004,0.004,1.,1.,1.,3.59519008054729,0.,     1187P   1496
0.,3.59519008054729,0.,0.,0.004,0.,0.,1.;                           1187P   1497
102,4,1181,1183,1185,1187;                                          1189P   1498
124,1.,0.,0.,190.60000000000099,0.,1.,0.,4.19999999999976,0.,0.,    1191P   1499
1.,-2.;                                                             1191P   1500
100,0.,0.,0.,0.8988765224357,-0.43820200525772,0.99145688411718,    1193P   1501
-0.13043483788716;                                                  1193P   1502
110,191.59145688411817,4.0695651621126,-2.,191.59145688411817,      1195P   1503
4.0695651621126,2.;                                                 1195P   1504
124,1.,0.,0.,190.60000000000099,0.,-1.,0.,4.19999999999976,0.,      1197P   1505
0.,-1.,2.;                                                          1197P   1506
100,0.,0.,0.,0.99145688411718,0.13043483788716,0.8988765224357,     1199P   1507
0.43820200525772;                                                   1199P   1508
110,191.49887652243666,3.76179799474205,2.,191.49887652243666,      1201P   1509
3.76179799474205,-2.;                                               1201P   1510
102,4,1193,1195,1199,1201;                                          1203P   1511
142,1,1179,1189,1203,2;                                             1205P   1512
144,1179,1,0,1205;                                                  1207P   1513
110,191.74017542509904,4.05000000000005,2.,191.74017542509904,      1209P   1514
4.05000000000005,-998.;                                             1209P   1515
110,191.59017542509912,4.05000000000005,2.,191.59017542509912,      1211P   1516
4.05000000000005,-2.;                                               1211P   1517
120,1209,1211,0.,6.28318530717959;                                  1213P   1518
126,1,1,1,0,1,0,-3.01078552921248,-3.01078552921248,                1215P   1519
-1.57079632679434,-1.57079632679434,1.,1.,1.,0.13080712437731,      1215P   1520
0.,1.,1.57079632679545,0.,-3.01078552921248,-1.57079632679434,      1215P   1521
0.,0.,1.;                                                           1215P   1522
126,1,1,1,0,1,0,-0.004,-0.004,0.,0.,1.,1.,1.,1.57079632679545,      1217P   1523
0.,0.,1.57079632679545,0.,-0.004,0.,0.,0.,1.;                       1217P   1524
126,1,1,1,0,1,0,1.57079632679434,1.57079632679434,                  1219P   1525
3.01078552921248,3.01078552921248,1.,1.,0.,1.57079632679545,0.,     1219P   1526
0.,0.13080712437731,0.,1.57079632679434,3.01078552921248,0.,0.,     1219P   1527
1.;                                                                 1219P   1528
126,1,1,1,0,1,0,0.,0.,0.004,0.004,1.,1.,0.,0.13080712437731,0.,     1221P   1529
1.,0.13080712437731,0.,0.,0.004,0.,0.,1.;                           1221P   1530
102,4,1215,1217,1219,1221;                                          1223P   1531
124,1.,0.,0.,191.74017542509904,0.,-1.,0.,4.05000000000005,0.,      1225P   1532
0.,-1.,-2.;                                                         1225P   1533
100,0.,0.,0.,-0.14871854098089,-0.01956516211255,                   1227P   1534
0.00000000000008,-0.14999999999992;                                 1227P   1535
110,191.74017542509912,4.19999999999997,-2.,191.74017542509912,     1229P   1536
4.19999999999997,2.;                                                1229P   1537
124,1.,0.,0.,191.74017542509904,0.,1.,0.,4.05000000000005,0.,0.,    1231P   1538
1.,2.;                                                              1231P   1539
100,0.,0.,0.,0.00000000000008,0.14999999999992,                     1233P   1540
-0.14871854098089,0.01956516211255;                                 1233P   1541
110,191.59145688411817,4.0695651621126,2.,191.59145688411817,       1235P   1542
4.0695651621126,-2.;                                                1235P   1543
102,4,1227,1229,1233,1235;                                          1237P   1544
142,1,1213,1223,1237,2;                                             1239P   1545
144,1213,1,0,1239;                                                  1241P   1546
110,190.25982457490093,4.05000000000004,2.,190.25982457490093,      1243P   1547
4.05000000000004,-998.;                                             1243P   1548
110,190.10982457490098,4.05000000000004,2.,190.10982457490098,      1245P   1549
4.05000000000004,-2.;                                               1245P   1550
120,1243,1245,0.,6.28318530717959;                                  1247P   1551
126,1,1,1,0,1,0,-1.5707963267949,-1.5707963267949,                  1249P   1552
-0.13080717298029,-0.13080717298029,1.,1.,1.,1.5707963267949,0.,    1249P   1553
1.,3.0107854806095,0.,-1.5707963267949,-0.13080717298029,0.,0.,     1249P   1554
1.;                                                                 1249P   1555
126,1,1,1,0,1,0,-0.004,-0.004,0.,0.,1.,1.,1.,3.0107854806095,0.,    1251P   1556
0.,3.0107854806095,0.,-0.004,0.,0.,0.,1.;                           1251P   1557
126,1,1,1,0,1,0,0.13080717298029,0.13080717298029,                  1253P   1558
1.57079632679527,1.57079632679527,1.,1.,0.,3.0107854806095,0.,      1253P   1559
0.,1.57079632679453,0.,0.13080717298029,1.57079632679527,0.,0.,     1253P   1560
1.;                                                                 1253P   1561
126,1,1,1,0,1,0,0.,0.,0.004,0.004,1.,1.,0.,1.57079632679453,0.,     1255P   1562
1.,1.57079632679453,0.,0.,0.004,0.,0.,1.;                           1255P   1563
102,4,1249,1251,1253,1255;                                          1257P   1564
124,1.,0.,0.,190.25982457490093,0.,-1.,0.,4.05000000000004,0.,      1259P   1565
0.,-1.,-2.;                                                         1259P   1566
100,0.,0.,0.,0.,-0.14999999999997,0.14871854003001,                 1261P   1567
-0.01956516934072;                                                  1261P   1568
110,190.40854311493095,4.06956516934076,-2.,190.40854311493095,     1263P   1569
4.06956516934076,2.;                                                1263P   1570
124,1.,0.,0.,190.25982457490093,0.,1.,0.,4.05000000000004,0.,0.,    1265P   1571
1.,2.;                                                              1265P   1572
100,0.,0.,0.,0.14871854003001,0.01956516934072,                     1267P   1573
-0.00000000000006,0.14999999999997;                                 1267P   1574
110,190.25982457490088,4.2,2.,190.25982457490088,4.2,-2.;           1269P   1575
102,4,1261,1263,1267,1269;                                          1271P   1576
142,1,1247,1257,1271,2;                                             1273P   1577
144,1247,1,0,1273;                                                  1275P   1578
110,193.40000000000029,4.20000000000017,2.,193.40000000000029,      1277P   1579
4.20000000000017,-998.;                                             1277P   1580
110,192.39999999999998,4.20000000000017,-2.,192.39999999999998,     1279P   1581
4.20000000000017,2.;                                                1279P   1582
120,1277,1279,0.,6.28318530717959;                                  1281P   1583
126,1,1,1,0,1,0,3.27240019813222,3.27240019813222,                  1283P   1584
3.59519032862417,3.59519032862417,1.,1.,0.,6.15237776263716,0.,     1283P   1585
0.,5.82958763214521,0.,3.27240019813222,3.59519032862417,0.,0.,     1283P   1586
1.;                                                                 1283P   1587
126,1,1,1,0,1,0,-0.004,-0.004,0.,0.,1.,1.,0.,5.82958763214521,      1285P   1588
0.,1.,5.82958763214521,0.,-0.004,0.,0.,0.,1.;                       1285P   1589
126,1,1,1,0,1,0,-3.59519032862417,-3.59519032862417,                1287P   1590
-3.27240019813222,-3.27240019813222,1.,1.,1.,5.82958763214521,      1287P   1591
0.,1.,6.15237776263716,0.,-3.59519032862417,-3.27240019813222,      1287P   1592
0.,0.,1.;                                                           1287P   1593
126,1,1,1,0,1,0,0.,0.,0.004,0.004,1.,1.,1.,6.15237776263716,0.,     1289P   1594
0.,6.15237776263716,0.,0.,0.004,0.,0.,1.;                           1289P   1595
102,4,1283,1285,1287,1289;                                          1291P   1596
124,1.,0.,0.,193.40000000000029,0.,1.,0.,4.20000000000017,0.,0.,    1293P   1597
1.,-2.;                                                             1293P   1598
100,0.,0.,0.,-0.99145688506938,-0.13043483065941,                   1295P   1599
-0.89887641372908,-0.43820222824877;                                1295P   1600
110,192.50112358627123,3.76179777175141,-2.,192.50112358627123,     1297P   1601
3.76179777175141,2.;                                                1297P   1602
124,1.,0.,0.,193.40000000000029,0.,-1.,0.,4.20000000000017,0.,      1299P   1603
0.,-1.,2.;                                                          1299P   1604
100,0.,0.,0.,-0.89887641372908,0.43820222824877,                    1301P   1605
-0.99145688506938,0.13043483065941;                                 1301P   1606
110,192.40854311493095,4.06956516934076,2.,192.40854311493095,      1303P   1607
4.06956516934076,-2.;                                               1303P   1608
102,4,1295,1297,1301,1303;                                          1305P   1609
142,1,1281,1291,1305,2;                                             1307P   1610
144,1281,1,0,1307;                                                  1309P   1611
110,193.,4.005,2.,193.,4.005,-998.;                                 1311P   1612
110,192.44500000000002,4.005,-2.,192.44500000000002,4.005,2.;       1313P   1613
120,1311,1313,0.,6.28318530717959;                                  1315P   1614
126,1,1,1,0,1,0,3.59519031172743,3.59519031172743,                  1317P   1615
5.82958765559575,5.82958765559575,1.,1.,0.,5.82958764904195,0.,     1317P   1616
0.,3.59519030517363,0.,3.59519031172743,5.82958765559575,0.,0.,     1317P   1617
1.;                                                                 1317P   1618
126,1,1,1,0,1,0,-0.004,-0.004,0.,0.,1.,1.,0.,3.59519030517363,      1319P   1619
0.,1.,3.59519030517363,0.,-0.004,0.,0.,0.,1.;                       1319P   1620
126,1,1,1,0,1,0,-5.82958765559575,-5.82958765559575,                1321P   1621
-3.59519031172743,-3.59519031172743,1.,1.,1.,3.59519030517363,      1321P   1622
0.,1.,5.82958764904195,0.,-5.82958765559575,-3.59519031172743,      1321P   1623
0.,0.,1.;                                                           1321P   1624
126,1,1,1,0,1,0,0.,0.,0.004,0.004,1.,1.,1.,5.82958764904195,0.,     1323P   1625
0.,5.82958764904195,0.,0.,0.004,0.,0.,1.;                           1323P   1626
102,4,1317,1319,1321,1323;                                          1325P   1627
124,1.,0.,0.,193.,0.,1.,0.,4.005,0.,0.,1.,-2.;                      1327P   1628
100,0.,0.,0.,-0.49887641372878,-0.2432022282486,                    1329P   1629
0.49887641532268,-0.24320222497906;                                 1329P   1630
110,193.49887641532268,3.76179777502095,-2.,193.49887641532268,     1331P   1631
3.76179777502095,2.;                                                1331P   1632
124,1.,0.,0.,193.,0.,-1.,0.,4.005,0.,0.,-1.,2.;                     1333P   1633
100,0.,0.,0.,0.49887641532268,0.24320222497906,                     1335P   1634
-0.49887641372878,0.2432022282486;                                  1335P   1635
110,192.50112358627123,3.76179777175141,2.,192.50112358627123,      1337P   1636
3.76179777175141,-2.;                                               1337P   1637
102,4,1329,1331,1335,1337;                                          1339P   1638
142,1,1315,1325,1339,2;                                             1341P   1639
144,1315,1,0,1341;                                                  1343P   1640
110,192.60000000000176,4.1999999999995,2.,192.60000000000176,       1345P   1641
4.1999999999995,-998.;                                              1345P   1642
110,191.60000000000358,4.1999999999995,-2.,191.60000000000358,      1347P   1643
4.1999999999995,2.;                                                 1347P   1644
120,1345,1347,0.,6.28318530717959;                                  1349P   1645
126,1,1,1,0,1,0,5.82958763578228,5.82958763578228,                  1351P   1646
6.15237775534712,6.15237775534712,1.,1.,0.,3.5951903249871,0.,      1351P   1647
0.,3.27240020542226,0.,5.82958763578228,6.15237775534712,0.,0.,     1351P   1648
1.;                                                                 1351P   1649
126,1,1,1,0,1,0,-0.004,-0.004,0.,0.,1.,1.,0.,3.27240020542226,      1353P   1650
0.,1.,3.27240020542226,0.,-0.004,0.,0.,0.,1.;                       1353P   1651
126,1,1,1,0,1,0,-6.15237775534712,-6.15237775534712,                1355P   1652
-5.82958763578228,-5.82958763578228,1.,1.,1.,3.27240020542226,      1355P   1653
0.,1.,3.5951903249871,0.,-6.15237775534712,-5.82958763578228,0.,    1355P   1654
0.,1.;                                                              1355P   1655
126,1,1,1,0,1,0,0.,0.,0.004,0.004,1.,1.,1.,3.5951903249871,0.,      1357P   1656
0.,3.5951903249871,0.,0.,0.004,0.,0.,1.;                            1357P   1657
102,4,1351,1353,1355,1357;                                          1359P   1658
124,1.,0.,0.,192.60000000000176,0.,1.,0.,4.1999999999995,0.,0.,     1361P   1659
1.,-2.;                                                             1361P   1660
100,0.,0.,0.,0.89887641532094,-0.43820222497856,0.9914568841164,    1363P   1661
-0.1304348378869;                                                   1363P   1662
110,193.59145688411817,4.0695651621126,-2.,193.59145688411817,      1365P   1663
4.0695651621126,2.;                                                 1365P   1664
124,1.,0.,0.,192.60000000000176,0.,-1.,0.,4.1999999999995,0.,0.,    1367P   1665
-1.,2.;                                                             1367P   1666
100,0.,0.,0.,0.9914568841164,0.1304348378869,0.89887641532094,      1369P   1667
0.43820222497856;                                                   1369P   1668
110,193.49887641532268,3.76179777502095,2.,193.49887641532268,      1371P   1669
3.76179777502095,-2.;                                               1371P   1670
102,4,1363,1365,1369,1371;                                          1373P   1671
142,1,1349,1359,1373,2;                                             1375P   1672
144,1349,1,0,1375;                                                  1377P   1673
110,193.74017542509912,4.04999999999996,2.,193.74017542509912,      1379P   1674
4.04999999999996,-998.;                                             1379P   1675
110,193.59017542509912,4.04999999999996,2.,193.59017542509912,      1381P   1676
4.04999999999996,-2.;                                               1381P   1677
120,1379,1381,0.,6.28318530717959;                                  1383P   1678
126,1,1,1,0,1,0,-3.01078552921198,-3.01078552921198,                1385P   1679
-1.5707963267949,-1.5707963267949,1.,1.,1.,0.13080712437782,0.,     1385P   1680
1.,1.5707963267949,0.,-3.01078552921198,-1.5707963267949,0.,0.,     1385P   1681
1.;                                                                 1385P   1682
126,1,1,1,0,1,0,-0.004,-0.004,0.,0.,1.,1.,1.,1.5707963267949,0.,    1387P   1683
0.,1.5707963267949,0.,-0.004,0.,0.,0.,1.;                           1387P   1684
126,1,1,1,0,1,0,1.5707963267949,1.5707963267949,                    1389P   1685
3.01078552921198,3.01078552921198,1.,1.,0.,1.5707963267949,0.,      1389P   1686
0.,0.13080712437782,0.,1.5707963267949,3.01078552921198,0.,0.,      1389P   1687
1.;                                                                 1389P   1688
126,1,1,1,0,1,0,0.,0.,0.004,0.004,1.,1.,0.,0.13080712437782,0.,     1391P   1689
1.,0.13080712437782,0.,0.,0.004,0.,0.,1.;                           1391P   1690
102,4,1385,1387,1389,1391;                                          1393P   1691
124,1.,0.,0.,193.74017542509912,0.,-1.,0.,4.04999999999996,0.,      1395P   1692
0.,-1.,-2.;                                                         1395P   1693
100,0.,0.,0.,-0.14871854098097,-0.01956516211264,0.,                1397P   1694
-0.15000000000001;                                                  1397P   1695
110,193.74017542509912,4.19999999999997,-2.,193.74017542509912,     1399P   1696
4.19999999999997,2.;                                                1399P   1697
124,1.,0.,0.,193.74017542509912,0.,1.,0.,4.04999999999996,0.,0.,    1401P   1698
1.,2.;                                                              1401P   1699
100,0.,0.,0.,0.,0.15000000000001,-0.14871854098097,                 1403P   1700
0.01956516211264;                                                   1403P   1701
110,193.59145688411817,4.0695651621126,2.,193.59145688411817,       1405P   1702
4.0695651621126,-2.;                                                1405P   1703
102,4,1397,1399,1403,1405;                                          1407P   1704
142,1,1383,1393,1407,2;                                             1409P   1705
144,1383,1,0,1409;                                                  1411P   1706
110,192.25982457490096,4.05000000000008,2.,192.25982457490096,      1413P   1707
4.05000000000008,-998.;                                             1413P   1708
110,192.10982457490104,4.05000000000008,2.,192.10982457490104,      1415P   1709
4.05000000000008,-2.;                                               1415P   1710
120,1413,1415,0.,6.28318530717959;                                  1417P   1711
126,1,1,1,0,1,0,-1.5707963267949,-1.5707963267949,                  1419P   1712
-0.13080717298004,-0.13080717298004,1.,1.,1.,1.5707963267949,0.,    1419P   1713
1.,3.01078548060976,0.,-1.5707963267949,-0.13080717298004,0.,0.,    1419P   1714
1.;                                                                 1419P   1715
126,1,1,1,0,1,0,-0.004,-0.004,0.,0.,1.,1.,1.,3.01078548060975,      1421P   1716
0.,0.,3.01078548060975,0.,-0.004,0.,0.,0.,1.;                       1421P   1717
126,1,1,1,0,1,0,0.13080717298004,0.13080717298004,                  1423P   1718
1.57079632679545,1.57079632679545,1.,1.,0.,3.01078548060976,0.,     1423P   1719
0.,1.57079632679434,0.,0.13080717298004,1.57079632679545,0.,0.,     1423P   1720
1.;                                                                 1423P   1721
126,1,1,1,0,1,0,0.,0.,0.004,0.004,1.,1.,0.,1.57079632679434,0.,     1425P   1722
1.,1.57079632679434,0.,0.,0.004,0.,0.,1.;                           1425P   1723
102,4,1419,1421,1423,1425;                                          1427P   1724
124,1.,0.,0.,192.25982457490096,0.,-1.,0.,4.05000000000008,0.,      1429P   1725
0.,-1.,-2.;                                                         1429P   1726
100,0.,0.,0.,0.,-0.14999999999992,0.14871854002997,                 1431P   1727
-0.01956516934068;                                                  1431P   1728
110,192.40854311493095,4.06956516934076,-2.,192.40854311493095,     1433P   1729
4.06956516934076,2.;                                                1433P   1730
124,1.,0.,0.,192.25982457490096,0.,1.,0.,4.05000000000008,0.,0.,    1435P   1731
1.,2.;                                                              1435P   1732
100,0.,0.,0.,0.14871854002997,0.01956516934068,                     1437P   1733
-0.00000000000008,0.14999999999992;                                 1437P   1734
110,192.25982457490088,4.2,2.,192.25982457490088,4.2,-2.;           1439P   1735
102,4,1431,1433,1437,1439;                                          1441P   1736
142,1,1417,1427,1441,2;                                             1443P   1737
144,1417,1,0,1443;                                                  1445P   1738
110,195.39999999999969,4.19999999999994,2.,195.39999999999969,      1447P   1739
4.19999999999994,-998.;                                             1447P   1740
110,194.40000000000001,4.19999999999994,-2.,194.40000000000001,     1449P   1741
4.19999999999994,2.;                                                1449P   1742
120,1447,1449,0.,6.28318530717959;                                  1451P   1743
126,1,1,1,0,1,0,3.27240019813207,3.27240019813207,                  1453P   1744
3.59519009946471,3.59519009946471,1.,1.,0.,6.15237776263731,0.,     1453P   1745
0.,5.82958786130467,0.,3.27240019813207,3.59519009946471,0.,0.,     1453P   1746
1.;                                                                 1453P   1747
126,1,1,1,0,1,0,-0.004,-0.004,0.,0.,1.,1.,0.,5.82958786130467,      1455P   1748
0.,1.,5.82958786130467,0.,-0.004,0.,0.,0.,1.;                       1455P   1749
126,1,1,1,0,1,0,-3.59519009946471,-3.59519009946471,                1457P   1750
-3.27240019813207,-3.27240019813207,1.,1.,1.,5.82958786130467,      1457P   1751
0.,1.,6.15237776263731,0.,-3.59519009946471,-3.27240019813207,      1457P   1752
0.,0.,1.;                                                           1457P   1753
126,1,1,1,0,1,0,0.,0.,0.004,0.004,1.,1.,1.,6.15237776263731,0.,     1459P   1754
0.,6.15237776263731,0.,0.,0.004,0.,0.,1.;                           1459P   1755
102,4,1453,1455,1457,1459;                                          1461P   1756
124,1.,0.,0.,195.39999999999969,0.,1.,0.,4.19999999999994,0.,0.,    1463P   1757
1.,-2.;                                                             1463P   1758
100,0.,0.,0.,-0.99145688506877,-0.13043483065918,                   1465P   1759
-0.89887651414667,-0.43820202226245;                                1465P   1760
110,194.50112348585301,3.7617979777375,-2.,194.50112348585301,      1467P   1761
3.7617979777375,2.;                                                 1467P   1762
124,1.,0.,0.,195.39999999999969,0.,-1.,0.,4.19999999999994,0.,      1469P   1763
0.,-1.,2.;                                                          1469P   1764
100,0.,0.,0.,-0.89887651414667,0.43820202226245,                    1471P   1765
-0.99145688506877,0.13043483065918;                                 1471P   1766
110,194.40854311493092,4.06956516934076,2.,194.40854311493092,      1473P   1767
4.06956516934076,-2.;                                               1473P   1768
102,4,1465,1467,1471,1473;                                          1475P   1769
142,1,1451,1461,1475,2;                                             1477P   1770
144,1451,1,0,1477;                                                  1479P   1771
110,195.,4.00499999999995,2.,195.,4.00499999999995,-998.;           1481P   1772
110,194.44499999999999,4.00499999999995,-2.,194.44499999999999,     1483P   1773
4.00499999999995,2.;                                                1483P   1774
120,1481,1483,0.,6.28318530717959;                                  1485P   1775
126,1,1,1,0,1,0,3.59518989882732,3.59518989882732,                  1487P   1776
5.8295880623416,5.8295880623416,1.,1.,0.,5.82958806194206,0.,0.,    1487P   1777
3.59518989842778,0.,3.59518989882732,5.8295880623416,0.,0.,1.;      1487P   1778
126,1,1,1,0,1,0,-0.004,-0.004,0.,0.,1.,1.,0.,3.59518989842778,      1489P   1779
0.,1.,3.59518989842778,0.,-0.004,0.,0.,0.,1.;                       1489P   1780
126,1,1,1,0,1,0,-5.8295880623416,-5.8295880623416,                  1491P   1781
-3.59518989882732,-3.59518989882732,1.,1.,1.,3.59518989842778,      1491P   1782
0.,1.,5.82958806194206,0.,-5.8295880623416,-3.59518989882732,0.,    1491P   1783
0.,1.;                                                              1491P   1784
126,1,1,1,0,1,0,0.,0.,0.004,0.004,1.,1.,1.,5.82958806194206,0.,     1493P   1785
0.,5.82958806194206,0.,0.,0.004,0.,0.,1.;                           1493P   1786
102,4,1487,1489,1491,1493;                                          1495P   1787
124,1.,0.,0.,195.,0.,1.,0.,4.00499999999995,0.,0.,1.,-2.;           1497P   1788
100,0.,0.,0.,-0.49887651414698,-0.24320202226246,                   1499P   1789
0.49887651424415,-0.24320202206314;                                 1499P   1790
110,195.49887651424416,3.76179797793682,-2.,195.49887651424416,     1501P   1791
3.76179797793682,2.;                                                1501P   1792
124,1.,0.,0.,195.,0.,-1.,0.,4.00499999999995,0.,0.,-1.,2.;          1503P   1793
100,0.,0.,0.,0.49887651424415,0.24320202206314,                     1505P   1794
-0.49887651414698,0.24320202226246;                                 1505P   1795
110,194.50112348585301,3.7617979777375,2.,194.50112348585301,       1507P   1796
3.7617979777375,-2.;                                                1507P   1797
102,4,1499,1501,1505,1507;                                          1509P   1798
142,1,1485,1495,1509,2;                                             1511P   1799
144,1485,1,0,1511;                                                  1513P   1800
110,194.60000000000215,4.19999999999929,2.,194.60000000000215,      1515P   1801
4.19999999999929,-998.;                                             1515P   1802
110,193.6000000000044,4.19999999999929,-2.,193.6000000000044,       1517P   1803
4.19999999999929,2.;                                                1517P   1804
120,1515,1517,0.,6.28318530717959;                                  1519P   1805
126,1,1,1,0,1,0,5.8295878615262,5.8295878615262,                    1521P   1806
6.15237775534728,6.15237775534728,1.,1.,0.,3.59519009924318,0.,     1521P   1807
0.,3.2724002054221,0.,5.8295878615262,6.15237775534728,0.,0.,1.;    1521P   1808
126,1,1,1,0,1,0,-0.004,-0.004,0.,0.,1.,1.,0.,3.2724002054221,0.,    1523P   1809
1.,3.2724002054221,0.,-0.004,0.,0.,0.,1.;                           1523P   1810
126,1,1,1,0,1,0,-6.15237775534728,-6.15237775534728,                1525P   1811
-5.8295878615262,-5.8295878615262,1.,1.,1.,3.2724002054221,0.,      1525P   1812
1.,3.59519009924318,0.,-6.15237775534728,-5.8295878615262,0.,0.,    1525P   1813
1.;                                                                 1525P   1814
126,1,1,1,0,1,0,0.,0.,0.004,0.004,1.,1.,1.,3.59519009924318,0.,     1527P   1815
0.,3.59519009924318,0.,0.,0.004,0.,0.,1.;                           1527P   1816
102,4,1521,1523,1525,1527;                                          1529P   1817
124,1.,0.,0.,194.60000000000215,0.,1.,0.,4.19999999999929,0.,0.,    1531P   1818
1.,-2.;                                                             1531P   1819
100,0.,0.,0.,0.898876514242,-0.43820202206247,0.99145688411598,     1533P   1820
-0.13043483788668;                                                  1533P   1821
110,195.59145688411814,4.0695651621126,-2.,195.59145688411814,      1535P   1822
4.0695651621126,2.;                                                 1535P   1823
124,1.,0.,0.,194.60000000000215,0.,-1.,0.,4.19999999999929,0.,      1537P   1824
0.,-1.,2.;                                                          1537P   1825
100,0.,0.,0.,0.99145688411598,0.13043483788668,0.898876514242,      1539P   1826
0.43820202206247;                                                   1539P   1827
110,195.49887651424416,3.76179797793682,2.,195.49887651424416,      1541P   1828
3.76179797793682,-2.;                                               1541P   1829
102,4,1533,1535,1539,1541;                                          1543P   1830
142,1,1519,1529,1543,2;                                             1545P   1831
144,1519,1,0,1545;                                                  1547P   1832
110,195.74017542509915,4.0499999999999,2.,195.74017542509915,       1549P   1833
4.0499999999999,-998.;                                              1549P   1834
110,195.59017542509909,4.0499999999999,2.,195.59017542509909,       1551P   1835
4.0499999999999,-2.;                                                1551P   1836
120,1549,1551,0.,6.28318530717959;                                  1553P   1837
126,1,1,1,0,1,0,-3.01078552921159,-3.01078552921159,                1555P   1838
-1.57079632679508,-1.57079632679508,1.,1.,1.,0.1308071243782,0.,    1555P   1839
1.,1.57079632679471,0.,-3.01078552921159,-1.57079632679508,0.,      1555P   1840
0.,1.;                                                              1555P   1841
126,1,1,1,0,1,0,-0.004,-0.004,0.,0.,1.,1.,1.,1.57079632679471,      1557P   1842
0.,0.,1.57079632679471,0.,-0.004,0.,0.,0.,1.;                       1557P   1843
126,1,1,1,0,1,0,1.57079632679508,1.57079632679508,                  1559P   1844
3.01078552921159,3.01078552921159,1.,1.,0.,1.57079632679471,0.,     1559P   1845
0.,0.1308071243782,0.,1.57079632679508,3.01078552921159,0.,0.,      1559P   1846
1.;                                                                 1559P   1847
126,1,1,1,0,1,0,0.,0.,0.004,0.004,1.,1.,0.,0.1308071243782,0.,      1561P   1848
1.,0.1308071243782,0.,0.,0.004,0.,0.,1.;                            1561P   1849
102,4,1555,1557,1559,1561;                                          1563P   1850
124,1.,0.,0.,195.74017542509915,0.,-1.,0.,4.0499999999999,0.,0.,    1565P   1851
-1.,-2.;                                                            1565P   1852
100,0.,0.,0.,-0.14871854098103,-0.01956516211271,                   1567P   1853
-0.00000000000003,-0.15000000000008;                                1567P   1854
110,195.74017542509915,4.19999999999997,-2.,195.74017542509915,     1569P   1855
4.19999999999997,2.;                                                1569P   1856
124,1.,0.,0.,195.74017542509915,0.,1.,0.,4.0499999999999,0.,0.,     1571P   1857
1.,2.;                                                              1571P   1858
100,0.,0.,0.,-0.00000000000003,0.15000000000008,                    1573P   1859
-0.14871854098103,0.01956516211271;                                 1573P   1860
110,195.59145688411814,4.0695651621126,2.,195.59145688411814,       1575P   1861
4.0695651621126,-2.;                                                1575P   1862
102,4,1567,1569,1573,1575;                                          1577P   1863
142,1,1553,1563,1577,2;                                             1579P   1864
144,1553,1,0,1579;                                                  1581P   1865
110,194.25982457490096,4.05000000000007,2.,194.25982457490096,      1583P   1866
4.05000000000007,-998.;                                             1583P   1867
110,194.10982457490107,4.05000000000007,2.,194.10982457490107,      1585P   1868
4.05000000000007,-2.;                                               1585P   1869
120,1583,1585,0.,6.28318530717959;                                  1587P   1870
126,1,1,1,0,1,0,-1.5707963267949,-1.5707963267949,                  1589P   1871
-0.13080717298013,-0.13080717298013,1.,1.,1.,1.5707963267949,0.,    1589P   1872
1.,3.01078548060967,0.,-1.5707963267949,-0.13080717298013,0.,0.,    1589P   1873
1.;                                                                 1589P   1874
126,1,1,1,0,1,0,-0.004,-0.004,0.,0.,1.,1.,1.,3.01078548060967,      1591P   1875
0.,0.,3.01078548060967,0.,-0.004,0.,0.,0.,1.;                       1591P   1876
126,1,1,1,0,1,0,0.13080717298013,0.13080717298013,                  1593P   1877
1.57079632679545,1.57079632679545,1.,1.,0.,3.01078548060967,0.,     1593P   1878
0.,1.57079632679434,0.,0.13080717298013,1.57079632679545,0.,0.,     1593P   1879
1.;                                                                 1593P   1880
126,1,1,1,0,1,0,0.,0.,0.004,0.004,1.,1.,0.,1.57079632679434,0.,     1595P   1881
1.,1.57079632679434,0.,0.,0.004,0.,0.,1.;                           1595P   1882
102,4,1589,1591,1593,1595;                                          1597P   1883
124,1.,0.,0.,194.25982457490096,0.,-1.,0.,4.05000000000007,0.,      1599P   1884
0.,-1.,-2.;                                                         1599P   1885
100,0.,0.,0.,0.,-0.14999999999991,0.14871854002996,                 1601P   1886
-0.01956516934069;                                                  1601P   1887
110,194.40854311493092,4.06956516934076,-2.,194.40854311493092,     1603P   1888
4.06956516934076,2.;                                                1603P   1889
124,1.,0.,0.,194.25982457490096,0.,1.,0.,4.05000000000007,0.,0.,    1605P   1890
1.,2.;                                                              1605P   1891
100,0.,0.,0.,0.14871854002996,0.01956516934069,                     1607P   1892
-0.00000000000008,0.14999999999991;                                 1607P   1893
110,194.25982457490088,4.19999999999998,2.,194.25982457490088,      1609P   1894
4.19999999999998,-2.;                                               1609P   1895
102,4,1601,1603,1607,1609;                                          1611P   1896
142,1,1587,1597,1611,2;                                             1613P   1897
144,1587,1,0,1613;                                                  1615P   1898
110,196.25982457490096,4.05000000000007,2.,196.25982457490096,      1617P   1899
4.05000000000007,-998.;                                             1617P   1900
110,196.10982457490107,4.05000000000007,2.,196.10982457490107,      1619P   1901
4.05000000000007,-2.;                                               1619P   1902
120,1617,1619,0.,6.28318530717959;                                  1621P   1903
126,1,1,1,0,1,0,-1.5707963267949,-1.5707963267949,                  1623P   1904
-0.13080717298013,-0.13080717298013,1.,1.,1.,1.5707963267949,0.,    1623P   1905
1.,3.01078548060967,0.,-1.5707963267949,-0.13080717298013,0.,0.,    1623P   1906
1.;                                                                 1623P   1907
126,1,1,1,0,1,0,-0.004,-0.004,0.,0.,1.,1.,1.,3.01078548060967,      1625P   1908
0.,0.,3.01078548060967,0.,-0.004,0.,0.,0.,1.;                       1625P   1909
126,1,1,1,0,1,0,0.13080717298013,0.13080717298013,                  1627P   1910
1.57079632679545,1.57079632679545,1.,1.,0.,3.01078548060967,0.,     1627P   1911
0.,1.57079632679434,0.,0.13080717298013,1.57079632679545,0.,0.,     1627P   1912
1.;                                                                 1627P   1913
126,1,1,1,0,1,0,0.,0.,0.004,0.004,1.,1.,0.,1.57079632679434,0.,     1629P   1914
1.,1.57079632679434,0.,0.,0.004,0.,0.,1.;                           1629P   1915
102,4,1623,1625,1627,1629;                                          1631P   1916
124,1.,0.,0.,196.25982457490096,0.,-1.,0.,4.05000000000007,0.,      1633P   1917
0.,-1.,-2.;                                                         1633P   1918
100,0.,0.,0.,0.,-0.14999999999991,0.14871854002996,                 1635P   1919
-0.01956516934069;                                                  1635P   1920
110,196.40854311493092,4.06956516934076,-2.,196.40854311493092,     1637P   1921
4.06956516934076,2.;                                                1637P   1922
124,1.,0.,0.,196.25982457490096,0.,1.,0.,4.05000000000007,0.,0.,    1639P   1923
1.,2.;                                                              1639P   1924
100,0.,0.,0.,0.14871854002996,0.01956516934069,                     1641P   1925
-0.00000000000008,0.14999999999991;                                 1641P   1926
110,196.25982457490088,4.19999999999998,2.,196.25982457490088,      1643P   1927
4.19999999999998,-2.;                                               1643P   1928
102,4,1635,1637,1641,1643;                                          1645P   1929
142,1,1621,1631,1645,2;                                             1647P   1930
144,1621,1,0,1647;                                                  1649P   1931
110,197.39999999999966,4.19999999999993,2.,197.39999999999966,      1651P   1932
4.19999999999993,-998.;                                             1651P   1933
110,196.40000000000001,4.19999999999993,-2.,196.40000000000001,     1653P   1934
4.19999999999993,2.;                                                1653P   1935
120,1651,1653,0.,6.28318530717959;                                  1655P   1936
126,1,1,1,0,1,0,3.27240019813206,3.27240019813206,                  1657P   1937
3.59519008106327,3.59519008106327,1.,1.,0.,6.15237776263732,0.,     1657P   1938
0.,5.82958787970611,0.,3.27240019813206,3.59519008106327,0.,0.,     1657P   1939
1.;                                                                 1657P   1940
126,1,1,1,0,1,0,-0.004,-0.004,0.,0.,1.,1.,0.,5.82958787970611,      1659P   1941
0.,1.,5.82958787970611,0.,-0.004,0.,0.,0.,1.;                       1659P   1942
126,1,1,1,0,1,0,-3.59519008106327,-3.59519008106327,                1661P   1943
-3.27240019813206,-3.27240019813206,1.,1.,1.,5.82958787970611,      1661P   1944
0.,1.,6.15237776263732,0.,-3.59519008106327,-3.27240019813206,      1661P   1945
0.,0.,1.;                                                           1661P   1946
126,1,1,1,0,1,0,0.,0.,0.004,0.004,1.,1.,1.,6.15237776263732,0.,     1663P   1947
0.,6.15237776263732,0.,0.,0.004,0.,0.,1.;                           1663P   1948
102,4,1657,1659,1661,1663;                                          1665P   1949
124,1.,0.,0.,197.39999999999966,0.,1.,0.,4.19999999999993,0.,0.,    1667P   1950
1.,-2.;                                                             1667P   1951
100,0.,0.,0.,-0.99145688506874,-0.13043483065917,                   1669P   1952
-0.89887652221019,-0.43820200572181;                                1669P   1953
110,196.50112347778946,3.76179799427812,-2.,196.50112347778946,     1671P   1954
3.76179799427812,2.;                                                1671P   1955
124,1.,0.,0.,197.39999999999966,0.,-1.,0.,4.19999999999993,0.,      1673P   1956
0.,-1.,2.;                                                          1673P   1957
100,0.,0.,0.,-0.89887652221019,0.43820200572181,                    1675P   1958
-0.99145688506874,0.13043483065917;                                 1675P   1959
110,196.40854311493092,4.06956516934076,2.,196.40854311493092,      1677P   1960
4.06956516934076,-2.;                                               1677P   1961
102,4,1669,1671,1675,1677;                                          1679P   1962
142,1,1655,1665,1679,2;                                             1681P   1963
144,1655,1,0,1681;                                                  1683P   1964
110,196.99999999999997,4.00499999999994,2.,196.99999999999997,      1685P   1965
4.00499999999994,-998.;                                             1685P   1966
110,196.44500000000002,4.00499999999994,-2.,196.44500000000002,     1687P   1967
4.00499999999994,2.;                                                1687P   1968
120,1685,1687,0.,6.28318530717959;                                  1689P   1969
126,1,1,1,0,1,0,3.59518986567157,3.59518986567157,                  1691P   1970
5.82958809602778,5.82958809602778,1.,1.,0.,5.82958809509781,0.,     1691P   1971
0.,3.59518986474159,0.,3.59518986567157,5.82958809602778,0.,0.,     1691P   1972
1.;                                                                 1691P   1973
126,1,1,1,0,1,0,-0.004,-0.004,0.,0.,1.,1.,0.,3.5951898647416,0.,    1693P   1974
1.,3.5951898647416,0.,-0.004,0.,0.,0.,1.;                           1693P   1975
126,1,1,1,0,1,0,-5.82958809602778,-5.82958809602778,                1695P   1976
-3.59518986567157,-3.59518986567157,1.,1.,1.,3.59518986474159,      1695P   1977
0.,1.,5.82958809509781,0.,-5.82958809602778,-3.59518986567157,      1695P   1978
0.,0.,1.;                                                           1695P   1979
126,1,1,1,0,1,0,0.,0.,0.004,0.004,1.,1.,1.,5.8295880950978,0.,      1697P   1980
0.,5.8295880950978,0.,0.,0.004,0.,0.,1.;                            1697P   1981
102,4,1691,1693,1695,1697;                                          1699P   1982
124,1.,0.,0.,196.99999999999997,0.,1.,0.,4.00499999999994,0.,0.,    1701P   1983
1.,-2.;                                                             1701P   1984
100,0.,0.,0.,-0.49887652221051,-0.24320200572182,                   1703P   1985
0.49887652243668,-0.24320200525788;                                 1703P   1986
110,197.49887652243666,3.76179799474205,-2.,197.49887652243666,     1705P   1987
3.76179799474205,2.;                                                1705P   1988
124,1.,0.,0.,196.99999999999997,0.,-1.,0.,4.00499999999994,0.,      1707P   1989
0.,-1.,2.;                                                          1707P   1990
100,0.,0.,0.,0.49887652243668,0.24320200525788,                     1709P   1991
-0.49887652221051,0.24320200572182;                                 1709P   1992
110,196.50112347778946,3.76179799427812,2.,196.50112347778946,      1711P   1993
3.76179799427812,-2.;                                               1711P   1994
102,4,1703,1705,1709,1711;                                          1713P   1995
142,1,1689,1699,1713,2;                                             1715P   1996
144,1689,1,0,1715;                                                  1717P   1997
110,196.60000000000196,4.19999999999938,2.,196.60000000000196,      1719P   1998
4.19999999999938,-998.;                                             1719P   1999
110,195.60000000000403,4.19999999999938,-2.,195.60000000000403,     1721P   2000
4.19999999999938,2.;                                                1721P   2001
120,1719,1721,0.,6.28318530717959;                                  1723P   2002
126,1,1,1,0,1,0,5.82958788022201,5.82958788022201,                  1725P   2003
6.15237775534721,6.15237775534721,1.,1.,0.,3.59519008054737,0.,     1725P   2004
0.,3.27240020542217,0.,5.82958788022201,6.15237775534721,0.,0.,     1725P   2005
1.;                                                                 1725P   2006
126,1,1,1,0,1,0,-0.004,-0.004,0.,0.,1.,1.,0.,3.27240020542217,      1727P   2007
0.,1.,3.27240020542217,0.,-0.004,0.,0.,0.,1.;                       1727P   2008
126,1,1,1,0,1,0,-6.15237775534721,-6.15237775534721,                1729P   2009
-5.82958788022201,-5.82958788022201,1.,1.,1.,3.27240020542217,      1729P   2010
0.,1.,3.59519008054737,0.,-6.15237775534721,-5.82958788022201,      1729P   2011
0.,0.,1.;                                                           1729P   2012
126,1,1,1,0,1,0,0.,0.,0.004,0.004,1.,1.,1.,3.59519008054737,0.,     1731P   2013
0.,3.59519008054737,0.,0.,0.004,0.,0.,1.;                           1731P   2014
102,4,1725,1727,1729,1731;                                          1733P   2015
124,1.,0.,0.,196.60000000000196,0.,1.,0.,4.19999999999938,0.,0.,    1735P   2016
1.,-2.;                                                             1735P   2017
100,0.,0.,0.,0.89887652243473,-0.43820200525734,                    1737P   2018
0.99145688411618,-0.13043483788678;                                 1737P   2019
110,197.59145688411814,4.0695651621126,-2.,197.59145688411814,      1739P   2020
4.0695651621126,2.;                                                 1739P   2021
124,1.,0.,0.,196.60000000000196,0.,-1.,0.,4.19999999999938,0.,      1741P   2022
0.,-1.,2.;                                                          1741P   2023
100,0.,0.,0.,0.99145688411618,0.13043483788678,0.89887652243473,    1743P   2024
0.43820200525734;                                                   1743P   2025
110,197.49887652243666,3.76179799474205,2.,197.49887652243666,      1745P   2026
3.76179799474205,-2.;                                               1745P   2027
102,4,1737,1739,1743,1745;                                          1747P   2028
142,1,1723,1733,1747,2;                                             1749P   2029
144,1723,1,0,1749;                                                  1751P   2030
110,197.74017542509918,4.0499999999999,2.,197.74017542509918,       1753P   2031
4.0499999999999,-998.;                                              1753P   2032
110,197.59017542509909,4.0499999999999,2.,197.59017542509909,       1755P   2033
4.0499999999999,-2.;                                                1755P   2034
120,1753,1755,0.,6.28318530717959;                                  1757P   2035
126,1,1,1,0,1,0,-3.01078552921159,-3.01078552921159,                1759P   2036
-1.57079632679508,-1.57079632679508,1.,1.,1.,0.1308071243782,0.,    1759P   2037
1.,1.57079632679471,0.,-3.01078552921159,-1.57079632679508,0.,      1759P   2038
0.,1.;                                                              1759P   2039
126,1,1,1,0,1,0,-0.004,-0.004,0.,0.,1.,1.,1.,1.57079632679471,      1761P   2040
0.,0.,1.57079632679471,0.,-0.004,0.,0.,0.,1.;                       1761P   2041
126,1,1,1,0,1,0,1.57079632679508,1.57079632679508,                  1763P   2042
3.01078552921159,3.01078552921159,1.,1.,0.,1.57079632679471,0.,     1763P   2043
0.,0.1308071243782,0.,1.57079632679508,3.01078552921159,0.,0.,      1763P   2044
1.;                                                                 1763P   2045
126,1,1,1,0,1,0,0.,0.,0.004,0.004,1.,1.,0.,0.1308071243782,0.,      1765P   2046
1.,0.1308071243782,0.,0.,0.004,0.,0.,1.;                            1765P   2047
102,4,1759,1761,1763,1765;                                          1767P   2048
124,1.,0.,0.,197.74017542509918,0.,-1.,0.,4.0499999999999,0.,0.,    1769P   2049
-1.,-2.;                                                            1769P   2050
100,0.,0.,0.,-0.14871854098103,-0.01956516211271,                   1771P   2051
-0.00000000000003,-0.15000000000008;                                1771P   2052
110,197.74017542509915,4.19999999999997,-2.,197.74017542509915,     1773P   2053
4.19999999999997,2.;                                                1773P   2054
124,1.,0.,0.,197.74017542509918,0.,1.,0.,4.0499999999999,0.,0.,     1775P   2055
1.,2.;                                                              1775P   2056
100,0.,0.,0.,-0.00000000000003,0.15000000000008,                    1777P   2057
-0.14871854098103,0.01956516211271;                                 1777P   2058
110,197.59145688411814,4.0695651621126,2.,197.59145688411814,       1779P   2059
4.0695651621126,-2.;                                                1779P   2060
102,4,1771,1773,1777,1779;                                          1781P   2061
142,1,1757,1767,1781,2;                                             1783P   2062
144,1757,1,0,1783;                                                  1785P   2063
S      2G      4D   1786P   2063                                        T      1
