ISO-10303-21;
HEADER;
FILE_DESCRIPTION(('FreeCAD Model'),'2;1');
FILE_NAME('Open CASCADE Shape Model','2026-06-05T15:46:05',('Author'),(
    ''),'Open CASCADE STEP processor 7.8','FreeCAD','Unknown');
FILE_SCHEMA(('AUTOMOTIVE_DESIGN { 1 0 10303 214 1 1 1 1 }'));
ENDSEC;
DATA;
#1 = APPLICATION_PROTOCOL_DEFINITION('international standard',
  'automotive_design',2000,#2);
#2 = APPLICATION_CONTEXT(
  'core data for automotive mechanical design processes');
#3 = SHAPE_DEFINITION_REPRESENTATION(#4,#10);
#4 = PRODUCT_DEFINITION_SHAPE('','',#5);
#5 = PRODUCT_DEFINITION('design','',#6,#9);
#6 = PRODUCT_DEFINITION_FORMATION('','',#7);
#7 = PRODUCT('Pad','Pad','',(#8));
#8 = PRODUCT_CONTEXT('',#2,'mechanical');
#9 = PRODUCT_DEFINITION_CONTEXT('part definition',#2,'design');
#10 = ADVANCED_BREP_SHAPE_REPRESENTATION('',(#11,#15),#5403);
#11 = AXIS2_PLACEMENT_3D('',#12,#13,#14);
#12 = CARTESIAN_POINT('',(0.,0.,0.));
#13 = DIRECTION('',(0.,0.,1.));
#14 = DIRECTION('',(1.,0.,-0.));
#15 = MANIFOLD_SOLID_BREP('',#16);
#16 = CLOSED_SHELL('',(#17,#57,#93,#129,#162,#198,#234,#265,#298,#331,
    #364,#395,#431,#467,#500,#536,#572,#603,#636,#669,#702,#733,#769,
    #805,#838,#874,#910,#941,#974,#1007,#1040,#1071,#1107,#1143,#1176,
    #1212,#1248,#1279,#1312,#1345,#1378,#1409,#1445,#1481,#1514,#1550,
    #1586,#1617,#1650,#1683,#1716,#1747,#1783,#1819,#1852,#1888,#1924,
    #1955,#1988,#2021,#2054,#2085,#2121,#2157,#2190,#2226,#2262,#2293,
    #2326,#2359,#2392,#2423,#2459,#2495,#2528,#2564,#2600,#2631,#2664,
    #2697,#2730,#2761,#2797,#2833,#2866,#2902,#2938,#2969,#3002,#3035,
    #3068,#3099,#3135,#3171,#3204,#3240,#3276,#3307,#3340,#3373,#3406,
    #3437,#3473,#3509,#3542,#3578,#3614,#3645,#3678,#3711,#3744,#3775,
    #3811,#3847,#3880,#3916,#3952,#3983,#4016,#4049,#4082,#4113,#4149,
    #4185,#4218,#4254,#4290,#4321,#4354,#4387,#4420,#4451,#4487,#4523,
    #4556,#4592,#4628,#4659,#4692,#4725,#4758,#4789,#4825,#4861,#4894,
    #4930,#4966,#4997,#5030,#5063,#5087,#5245));
#17 = ADVANCED_FACE('',(#18),#52,.F.);
#18 = FACE_BOUND('',#19,.F.);
#19 = EDGE_LOOP('',(#20,#30,#38,#46));
#20 = ORIENTED_EDGE('',*,*,#21,.T.);
#21 = EDGE_CURVE('',#22,#24,#26,.T.);
#22 = VERTEX_POINT('',#23);
#23 = CARTESIAN_POINT('',(2.633047643445,-0.316487136154,0.));
#24 = VERTEX_POINT('',#25);
#25 = CARTESIAN_POINT('',(2.633047643445,-0.316487136154,5.));
#26 = LINE('',#27,#28);
#27 = CARTESIAN_POINT('',(2.633047643445,-0.316487136154,0.));
#28 = VECTOR('',#29,1.);
#29 = DIRECTION('',(0.,0.,1.));
#30 = ORIENTED_EDGE('',*,*,#31,.T.);
#31 = EDGE_CURVE('',#24,#32,#34,.T.);
#32 = VERTEX_POINT('',#33);
#33 = CARTESIAN_POINT('',(2.805570116968,-0.336911447644,5.));
#34 = LINE('',#35,#36);
#35 = CARTESIAN_POINT('',(2.633047643445,-0.316487136154,5.));
#36 = VECTOR('',#37,1.);
#37 = DIRECTION('',(0.993065143463,-0.11756538963,0.));
#38 = ORIENTED_EDGE('',*,*,#39,.F.);
#39 = EDGE_CURVE('',#40,#32,#42,.T.);
#40 = VERTEX_POINT('',#41);
#41 = CARTESIAN_POINT('',(2.805570116968,-0.336911447644,0.));
#42 = LINE('',#43,#44);
#43 = CARTESIAN_POINT('',(2.805570116968,-0.336911447644,0.));
#44 = VECTOR('',#45,1.);
#45 = DIRECTION('',(0.,0.,1.));
#46 = ORIENTED_EDGE('',*,*,#47,.F.);
#47 = EDGE_CURVE('',#22,#40,#48,.T.);
#48 = LINE('',#49,#50);
#49 = CARTESIAN_POINT('',(2.633047643445,-0.316487136154,0.));
#50 = VECTOR('',#51,1.);
#51 = DIRECTION('',(0.993065143463,-0.11756538963,0.));
#52 = PLANE('',#53);
#53 = AXIS2_PLACEMENT_3D('',#54,#55,#56);
#54 = CARTESIAN_POINT('',(2.633047643445,-0.316487136154,0.));
#55 = DIRECTION('',(0.11756538963,0.993065143463,-0.));
#56 = DIRECTION('',(0.993065143463,-0.11756538963,0.));
#57 = ADVANCED_FACE('',(#58),#85,.F.);
#58 = FACE_BOUND('',#59,.F.);
#59 = EDGE_LOOP('',(#60,#61,#70,#78));
#60 = ORIENTED_EDGE('',*,*,#39,.T.);
#61 = ORIENTED_EDGE('',*,*,#62,.T.);
#62 = EDGE_CURVE('',#32,#63,#65,.T.);
#63 = VERTEX_POINT('',#64);
#64 = CARTESIAN_POINT('',(2.962677602211,-0.318611893398,5.));
#65 = B_SPLINE_CURVE_WITH_KNOTS('',3,(#66,#67,#68,#69),.UNSPECIFIED.,.F.
  ,.F.,(4,4),(0.,1.),.PIECEWISE_BEZIER_KNOTS.);
#66 = CARTESIAN_POINT('',(2.805570116968,-0.336911447644,5.));
#67 = CARTESIAN_POINT('',(2.822952352948,-0.337804348169,5.));
#68 = CARTESIAN_POINT('',(2.875203466416,-0.338140052945,5.));
#69 = CARTESIAN_POINT('',(2.962677602211,-0.318611893398,5.));
#70 = ORIENTED_EDGE('',*,*,#71,.F.);
#71 = EDGE_CURVE('',#72,#63,#74,.T.);
#72 = VERTEX_POINT('',#73);
#73 = CARTESIAN_POINT('',(2.962677602211,-0.318611893398,0.));
#74 = LINE('',#75,#76);
#75 = CARTESIAN_POINT('',(2.962677602211,-0.318611893398,0.));
#76 = VECTOR('',#77,1.);
#77 = DIRECTION('',(0.,0.,1.));
#78 = ORIENTED_EDGE('',*,*,#79,.F.);
#79 = EDGE_CURVE('',#40,#72,#80,.T.);
#80 = B_SPLINE_CURVE_WITH_KNOTS('',3,(#81,#82,#83,#84),.UNSPECIFIED.,.F.
  ,.F.,(4,4),(0.,1.),.PIECEWISE_BEZIER_KNOTS.);
#81 = CARTESIAN_POINT('',(2.805570116968,-0.336911447644,0.));
#82 = CARTESIAN_POINT('',(2.822952352948,-0.337804348169,0.));
#83 = CARTESIAN_POINT('',(2.875203466416,-0.338140052945,0.));
#84 = CARTESIAN_POINT('',(2.962677602211,-0.318611893398,0.));
#85 = SURFACE_OF_LINEAR_EXTRUSION('',#86,#91);
#86 = B_SPLINE_CURVE_WITH_KNOTS('',3,(#87,#88,#89,#90),.UNSPECIFIED.,.F.
  ,.F.,(4,4),(0.,1.),.PIECEWISE_BEZIER_KNOTS.);
#87 = CARTESIAN_POINT('',(2.805570116968,-0.336911447644,0.));
#88 = CARTESIAN_POINT('',(2.822952352948,-0.337804348169,0.));
#89 = CARTESIAN_POINT('',(2.875203466416,-0.338140052945,0.));
#90 = CARTESIAN_POINT('',(2.962677602211,-0.318611893398,0.));
#91 = VECTOR('',#92,1.);
#92 = DIRECTION('',(-0.,-0.,-1.));
#93 = ADVANCED_FACE('',(#94),#121,.F.);
#94 = FACE_BOUND('',#95,.F.);
#95 = EDGE_LOOP('',(#96,#97,#106,#114));
#96 = ORIENTED_EDGE('',*,*,#71,.T.);
#97 = ORIENTED_EDGE('',*,*,#98,.T.);
#98 = EDGE_CURVE('',#63,#99,#101,.T.);
#99 = VERTEX_POINT('',#100);
#100 = CARTESIAN_POINT('',(3.397962345691,-0.131047183885,5.));
#101 = B_SPLINE_CURVE_WITH_KNOTS('',3,(#102,#103,#104,#105),
  .UNSPECIFIED.,.F.,.F.,(4,4),(0.,1.),.PIECEWISE_BEZIER_KNOTS.);
#102 = CARTESIAN_POINT('',(2.962677602211,-0.318611893398,5.));
#103 = CARTESIAN_POINT('',(3.067061542854,-0.294836396418,5.));
#104 = CARTESIAN_POINT('',(3.216469425217,-0.242979420939,5.));
#105 = CARTESIAN_POINT('',(3.397962345691,-0.131047183885,5.));
#106 = ORIENTED_EDGE('',*,*,#107,.F.);
#107 = EDGE_CURVE('',#108,#99,#110,.T.);
#108 = VERTEX_POINT('',#109);
#109 = CARTESIAN_POINT('',(3.397962345691,-0.131047183885,0.));
#110 = LINE('',#111,#112);
#111 = CARTESIAN_POINT('',(3.397962345691,-0.131047183885,0.));
#112 = VECTOR('',#113,1.);
#113 = DIRECTION('',(0.,0.,1.));
#114 = ORIENTED_EDGE('',*,*,#115,.F.);
#115 = EDGE_CURVE('',#72,#108,#116,.T.);
#116 = B_SPLINE_CURVE_WITH_KNOTS('',3,(#117,#118,#119,#120),
  .UNSPECIFIED.,.F.,.F.,(4,4),(0.,1.),.PIECEWISE_BEZIER_KNOTS.);
#117 = CARTESIAN_POINT('',(2.962677602211,-0.318611893398,0.));
#118 = CARTESIAN_POINT('',(3.067061542854,-0.294836396418,0.));
#119 = CARTESIAN_POINT('',(3.216469425217,-0.242979420939,0.));
#120 = CARTESIAN_POINT('',(3.397962345691,-0.131047183885,0.));
#121 = SURFACE_OF_LINEAR_EXTRUSION('',#122,#127);
#122 = B_SPLINE_CURVE_WITH_KNOTS('',3,(#123,#124,#125,#126),
  .UNSPECIFIED.,.F.,.F.,(4,4),(0.,1.),.PIECEWISE_BEZIER_KNOTS.);
#123 = CARTESIAN_POINT('',(2.962677602211,-0.318611893398,0.));
#124 = CARTESIAN_POINT('',(3.067061542854,-0.294836396418,0.));
#125 = CARTESIAN_POINT('',(3.216469425217,-0.242979420939,0.));
#126 = CARTESIAN_POINT('',(3.397962345691,-0.131047183885,0.));
#127 = VECTOR('',#128,1.);
#128 = DIRECTION('',(-0.,-0.,-1.));
#129 = ADVANCED_FACE('',(#130),#157,.T.);
#130 = FACE_BOUND('',#131,.F.);
#131 = EDGE_LOOP('',(#132,#133,#142,#150));
#132 = ORIENTED_EDGE('',*,*,#107,.T.);
#133 = ORIENTED_EDGE('',*,*,#134,.T.);
#134 = EDGE_CURVE('',#99,#135,#137,.T.);
#135 = VERTEX_POINT('',#136);
#136 = CARTESIAN_POINT('',(3.397465896072,0.131245895284,5.));
#137 = CIRCLE('',#138,3.4);
#138 = AXIS2_PLACEMENT_3D('',#139,#140,#141);
#139 = CARTESIAN_POINT('',(2.504827370324E-04,-6.331120976818E-03,5.));
#140 = DIRECTION('',(-0.,0.,1.));
#141 = DIRECTION('',(0.999327018516,-3.6681194973E-02,0.));
#142 = ORIENTED_EDGE('',*,*,#143,.F.);
#143 = EDGE_CURVE('',#144,#135,#146,.T.);
#144 = VERTEX_POINT('',#145);
#145 = CARTESIAN_POINT('',(3.397465896072,0.131245895284,0.));
#146 = LINE('',#147,#148);
#147 = CARTESIAN_POINT('',(3.397465896072,0.131245895284,0.));
#148 = VECTOR('',#149,1.);
#149 = DIRECTION('',(0.,0.,1.));
#150 = ORIENTED_EDGE('',*,*,#151,.F.);
#151 = EDGE_CURVE('',#108,#144,#152,.T.);
#152 = CIRCLE('',#153,3.4);
#153 = AXIS2_PLACEMENT_3D('',#154,#155,#156);
#154 = CARTESIAN_POINT('',(2.504827370324E-04,-6.331120976818E-03,0.));
#155 = DIRECTION('',(-0.,0.,1.));
#156 = DIRECTION('',(0.999327018516,-3.6681194973E-02,0.));
#157 = CYLINDRICAL_SURFACE('',#158,3.4);
#158 = AXIS2_PLACEMENT_3D('',#159,#160,#161);
#159 = CARTESIAN_POINT('',(2.504827370324E-04,-6.331120976818E-03,0.));
#160 = DIRECTION('',(0.,-0.,-1.));
#161 = DIRECTION('',(0.999327018516,-3.6681194973E-02,0.));
#162 = ADVANCED_FACE('',(#163),#190,.F.);
#163 = FACE_BOUND('',#164,.F.);
#164 = EDGE_LOOP('',(#165,#166,#175,#183));
#165 = ORIENTED_EDGE('',*,*,#143,.T.);
#166 = ORIENTED_EDGE('',*,*,#167,.T.);
#167 = EDGE_CURVE('',#135,#168,#170,.T.);
#168 = VERTEX_POINT('',#169);
#169 = CARTESIAN_POINT('',(2.962677602211,0.318611893398,5.));
#170 = B_SPLINE_CURVE_WITH_KNOTS('',3,(#171,#172,#173,#174),
  .UNSPECIFIED.,.F.,.F.,(4,4),(0.,1.),.PIECEWISE_BEZIER_KNOTS.);
#171 = CARTESIAN_POINT('',(3.397465896072,0.131245895284,5.));
#172 = CARTESIAN_POINT('',(3.216469425217,0.242979420939,5.));
#173 = CARTESIAN_POINT('',(3.067061542854,0.294836396418,5.));
#174 = CARTESIAN_POINT('',(2.962677602211,0.318611893398,5.));
#175 = ORIENTED_EDGE('',*,*,#176,.F.);
#176 = EDGE_CURVE('',#177,#168,#179,.T.);
#177 = VERTEX_POINT('',#178);
#178 = CARTESIAN_POINT('',(2.962677602211,0.318611893398,0.));
#179 = LINE('',#180,#181);
#180 = CARTESIAN_POINT('',(2.962677602211,0.318611893398,0.));
#181 = VECTOR('',#182,1.);
#182 = DIRECTION('',(0.,0.,1.));
#183 = ORIENTED_EDGE('',*,*,#184,.F.);
#184 = EDGE_CURVE('',#144,#177,#185,.T.);
#185 = B_SPLINE_CURVE_WITH_KNOTS('',3,(#186,#187,#188,#189),
  .UNSPECIFIED.,.F.,.F.,(4,4),(0.,1.),.PIECEWISE_BEZIER_KNOTS.);
#186 = CARTESIAN_POINT('',(3.397465896072,0.131245895284,0.));
#187 = CARTESIAN_POINT('',(3.216469425217,0.242979420939,0.));
#188 = CARTESIAN_POINT('',(3.067061542854,0.294836396418,0.));
#189 = CARTESIAN_POINT('',(2.962677602211,0.318611893398,0.));
#190 = SURFACE_OF_LINEAR_EXTRUSION('',#191,#196);
#191 = B_SPLINE_CURVE_WITH_KNOTS('',3,(#192,#193,#194,#195),
  .UNSPECIFIED.,.F.,.F.,(4,4),(0.,1.),.PIECEWISE_BEZIER_KNOTS.);
#192 = CARTESIAN_POINT('',(3.397465896072,0.131245895284,0.));
#193 = CARTESIAN_POINT('',(3.216469425217,0.242979420939,0.));
#194 = CARTESIAN_POINT('',(3.067061542854,0.294836396418,0.));
#195 = CARTESIAN_POINT('',(2.962677602211,0.318611893398,0.));
#196 = VECTOR('',#197,1.);
#197 = DIRECTION('',(-0.,-0.,-1.));
#198 = ADVANCED_FACE('',(#199),#226,.F.);
#199 = FACE_BOUND('',#200,.F.);
#200 = EDGE_LOOP('',(#201,#202,#211,#219));
#201 = ORIENTED_EDGE('',*,*,#176,.T.);
#202 = ORIENTED_EDGE('',*,*,#203,.T.);
#203 = EDGE_CURVE('',#168,#204,#206,.T.);
#204 = VERTEX_POINT('',#205);
#205 = CARTESIAN_POINT('',(2.805570116968,0.336911447644,5.));
#206 = B_SPLINE_CURVE_WITH_KNOTS('',3,(#207,#208,#209,#210),
  .UNSPECIFIED.,.F.,.F.,(4,4),(0.,1.),.PIECEWISE_BEZIER_KNOTS.);
#207 = CARTESIAN_POINT('',(2.962677602211,0.318611893398,5.));
#208 = CARTESIAN_POINT('',(2.875203466416,0.338140052945,5.));
#209 = CARTESIAN_POINT('',(2.822952352948,0.337804348169,5.));
#210 = CARTESIAN_POINT('',(2.805570116968,0.336911447644,5.));
#211 = ORIENTED_EDGE('',*,*,#212,.F.);
#212 = EDGE_CURVE('',#213,#204,#215,.T.);
#213 = VERTEX_POINT('',#214);
#214 = CARTESIAN_POINT('',(2.805570116968,0.336911447644,0.));
#215 = LINE('',#216,#217);
#216 = CARTESIAN_POINT('',(2.805570116968,0.336911447644,0.));
#217 = VECTOR('',#218,1.);
#218 = DIRECTION('',(0.,0.,1.));
#219 = ORIENTED_EDGE('',*,*,#220,.F.);
#220 = EDGE_CURVE('',#177,#213,#221,.T.);
#221 = B_SPLINE_CURVE_WITH_KNOTS('',3,(#222,#223,#224,#225),
  .UNSPECIFIED.,.F.,.F.,(4,4),(0.,1.),.PIECEWISE_BEZIER_KNOTS.);
#222 = CARTESIAN_POINT('',(2.962677602211,0.318611893398,0.));
#223 = CARTESIAN_POINT('',(2.875203466416,0.338140052945,0.));
#224 = CARTESIAN_POINT('',(2.822952352948,0.337804348169,0.));
#225 = CARTESIAN_POINT('',(2.805570116968,0.336911447644,0.));
#226 = SURFACE_OF_LINEAR_EXTRUSION('',#227,#232);
#227 = B_SPLINE_CURVE_WITH_KNOTS('',3,(#228,#229,#230,#231),
  .UNSPECIFIED.,.F.,.F.,(4,4),(0.,1.),.PIECEWISE_BEZIER_KNOTS.);
#228 = CARTESIAN_POINT('',(2.962677602211,0.318611893398,0.));
#229 = CARTESIAN_POINT('',(2.875203466416,0.338140052945,0.));
#230 = CARTESIAN_POINT('',(2.822952352948,0.337804348169,0.));
#231 = CARTESIAN_POINT('',(2.805570116968,0.336911447644,0.));
#232 = VECTOR('',#233,1.);
#233 = DIRECTION('',(-0.,-0.,-1.));
#234 = ADVANCED_FACE('',(#235),#260,.F.);
#235 = FACE_BOUND('',#236,.F.);
#236 = EDGE_LOOP('',(#237,#238,#246,#254));
#237 = ORIENTED_EDGE('',*,*,#212,.T.);
#238 = ORIENTED_EDGE('',*,*,#239,.T.);
#239 = EDGE_CURVE('',#204,#240,#242,.T.);
#240 = VERTEX_POINT('',#241);
#241 = CARTESIAN_POINT('',(2.633047643445,0.316487136154,5.));
#242 = LINE('',#243,#244);
#243 = CARTESIAN_POINT('',(2.805570116968,0.336911447644,5.));
#244 = VECTOR('',#245,1.);
#245 = DIRECTION('',(-0.993065143463,-0.11756538963,0.));
#246 = ORIENTED_EDGE('',*,*,#247,.F.);
#247 = EDGE_CURVE('',#248,#240,#250,.T.);
#248 = VERTEX_POINT('',#249);
#249 = CARTESIAN_POINT('',(2.633047643445,0.316487136154,0.));
#250 = LINE('',#251,#252);
#251 = CARTESIAN_POINT('',(2.633047643445,0.316487136154,0.));
#252 = VECTOR('',#253,1.);
#253 = DIRECTION('',(0.,0.,1.));
#254 = ORIENTED_EDGE('',*,*,#255,.F.);
#255 = EDGE_CURVE('',#213,#248,#256,.T.);
#256 = LINE('',#257,#258);
#257 = CARTESIAN_POINT('',(2.805570116968,0.336911447644,0.));
#258 = VECTOR('',#259,1.);
#259 = DIRECTION('',(-0.993065143463,-0.11756538963,0.));
#260 = PLANE('',#261);
#261 = AXIS2_PLACEMENT_3D('',#262,#263,#264);
#262 = CARTESIAN_POINT('',(2.805570116968,0.336911447644,0.));
#263 = DIRECTION('',(0.11756538963,-0.993065143463,0.));
#264 = DIRECTION('',(-0.993065143463,-0.11756538963,0.));
#265 = ADVANCED_FACE('',(#266),#293,.F.);
#266 = FACE_BOUND('',#267,.F.);
#267 = EDGE_LOOP('',(#268,#269,#278,#286));
#268 = ORIENTED_EDGE('',*,*,#247,.T.);
#269 = ORIENTED_EDGE('',*,*,#270,.T.);
#270 = EDGE_CURVE('',#240,#271,#273,.T.);
#271 = VERTEX_POINT('',#272);
#272 = CARTESIAN_POINT('',(2.460995125091,0.439889752415,5.));
#273 = CIRCLE('',#274,0.152);
#274 = AXIS2_PLACEMENT_3D('',#275,#276,#277);
#275 = CARTESIAN_POINT('',(2.610590624012,0.466819043207,5.));
#276 = DIRECTION('',(0.,0.,-1.));
#277 = DIRECTION('',(0.1477435489,-0.989025704296,0.));
#278 = ORIENTED_EDGE('',*,*,#279,.F.);
#279 = EDGE_CURVE('',#280,#271,#282,.T.);
#280 = VERTEX_POINT('',#281);
#281 = CARTESIAN_POINT('',(2.460995125091,0.439889752415,0.));
#282 = LINE('',#283,#284);
#283 = CARTESIAN_POINT('',(2.460995125091,0.439889752415,0.));
#284 = VECTOR('',#285,1.);
#285 = DIRECTION('',(0.,0.,1.));
#286 = ORIENTED_EDGE('',*,*,#287,.F.);
#287 = EDGE_CURVE('',#248,#280,#288,.T.);
#288 = CIRCLE('',#289,0.152);
#289 = AXIS2_PLACEMENT_3D('',#290,#291,#292);
#290 = CARTESIAN_POINT('',(2.610590624012,0.466819043207,0.));
#291 = DIRECTION('',(0.,0.,-1.));
#292 = DIRECTION('',(0.1477435489,-0.989025704296,0.));
#293 = CYLINDRICAL_SURFACE('',#294,0.152);
#294 = AXIS2_PLACEMENT_3D('',#295,#296,#297);
#295 = CARTESIAN_POINT('',(2.610590624012,0.466819043207,0.));
#296 = DIRECTION('',(0.,0.,-1.));
#297 = DIRECTION('',(0.1477435489,-0.989025704296,0.));
#298 = ADVANCED_FACE('',(#299),#326,.T.);
#299 = FACE_BOUND('',#300,.F.);
#300 = EDGE_LOOP('',(#301,#302,#311,#319));
#301 = ORIENTED_EDGE('',*,*,#279,.T.);
#302 = ORIENTED_EDGE('',*,*,#303,.T.);
#303 = EDGE_CURVE('',#271,#304,#306,.T.);
#304 = VERTEX_POINT('',#305);
#305 = CARTESIAN_POINT('',(2.427150199028,0.599117610623,5.));
#306 = CIRCLE('',#307,2.499999999999);
#307 = AXIS2_PLACEMENT_3D('',#308,#309,#310);
#308 = CARTESIAN_POINT('',(7.274181257344E-13,1.56624713199E-13,5.));
#309 = DIRECTION('',(0.,-0.,1.));
#310 = DIRECTION('',(0.984398050036,0.175955900966,0.));
#311 = ORIENTED_EDGE('',*,*,#312,.F.);
#312 = EDGE_CURVE('',#313,#304,#315,.T.);
#313 = VERTEX_POINT('',#314);
#314 = CARTESIAN_POINT('',(2.427150199028,0.599117610623,0.));
#315 = LINE('',#316,#317);
#316 = CARTESIAN_POINT('',(2.427150199028,0.599117610623,0.));
#317 = VECTOR('',#318,1.);
#318 = DIRECTION('',(0.,0.,1.));
#319 = ORIENTED_EDGE('',*,*,#320,.F.);
#320 = EDGE_CURVE('',#280,#313,#321,.T.);
#321 = CIRCLE('',#322,2.499999999999);
#322 = AXIS2_PLACEMENT_3D('',#323,#324,#325);
#323 = CARTESIAN_POINT('',(7.274181257344E-13,1.56624713199E-13,0.));
#324 = DIRECTION('',(0.,-0.,1.));
#325 = DIRECTION('',(0.984398050036,0.175955900966,0.));
#326 = CYLINDRICAL_SURFACE('',#327,2.499999999999);
#327 = AXIS2_PLACEMENT_3D('',#328,#329,#330);
#328 = CARTESIAN_POINT('',(7.274181257344E-13,1.56624713199E-13,0.));
#329 = DIRECTION('',(-0.,0.,-1.));
#330 = DIRECTION('',(0.984398050036,0.175955900966,0.));
#331 = ADVANCED_FACE('',(#332),#359,.F.);
#332 = FACE_BOUND('',#333,.F.);
#333 = EDGE_LOOP('',(#334,#335,#344,#352));
#334 = ORIENTED_EDGE('',*,*,#312,.T.);
#335 = ORIENTED_EDGE('',*,*,#336,.T.);
#336 = EDGE_CURVE('',#304,#337,#339,.T.);
#337 = VERTEX_POINT('',#338);
#338 = CARTESIAN_POINT('',(2.534135629761,0.781831573917,5.));
#339 = CIRCLE('',#340,0.152);
#340 = AXIS2_PLACEMENT_3D('',#341,#342,#343);
#341 = CARTESIAN_POINT('',(2.574765616888,0.635362450393,5.));
#342 = DIRECTION('',(0.,0.,-1.));
#343 = DIRECTION('',(-0.971154064871,-0.238452893218,-0.));
#344 = ORIENTED_EDGE('',*,*,#345,.F.);
#345 = EDGE_CURVE('',#346,#337,#348,.T.);
#346 = VERTEX_POINT('',#347);
#347 = CARTESIAN_POINT('',(2.534135629761,0.781831573917,0.));
#348 = LINE('',#349,#350);
#349 = CARTESIAN_POINT('',(2.534135629761,0.781831573917,0.));
#350 = VECTOR('',#351,1.);
#351 = DIRECTION('',(0.,0.,1.));
#352 = ORIENTED_EDGE('',*,*,#353,.F.);
#353 = EDGE_CURVE('',#313,#346,#354,.T.);
#354 = CIRCLE('',#355,0.152);
#355 = AXIS2_PLACEMENT_3D('',#356,#357,#358);
#356 = CARTESIAN_POINT('',(2.574765616888,0.635362450393,0.));
#357 = DIRECTION('',(0.,0.,-1.));
#358 = DIRECTION('',(-0.971154064871,-0.238452893218,-0.));
#359 = CYLINDRICAL_SURFACE('',#360,0.152);
#360 = AXIS2_PLACEMENT_3D('',#361,#362,#363);
#361 = CARTESIAN_POINT('',(2.574765616888,0.635362450393,0.));
#362 = DIRECTION('',(0.,0.,-1.));
#363 = DIRECTION('',(-0.971154064871,-0.238452893218,-0.));
#364 = ADVANCED_FACE('',(#365),#390,.F.);
#365 = FACE_BOUND('',#366,.F.);
#366 = EDGE_LOOP('',(#367,#368,#376,#384));
#367 = ORIENTED_EDGE('',*,*,#345,.T.);
#368 = ORIENTED_EDGE('',*,*,#369,.T.);
#369 = EDGE_CURVE('',#337,#370,#372,.T.);
#370 = VERTEX_POINT('',#371);
#371 = CARTESIAN_POINT('',(2.700050067683,0.833344248666,5.));
#372 = LINE('',#373,#374);
#373 = CARTESIAN_POINT('',(2.534135629761,0.781831573917,5.));
#374 = VECTOR('',#375,1.);
#375 = DIRECTION('',(0.955028302874,0.296514655135,0.));
#376 = ORIENTED_EDGE('',*,*,#377,.F.);
#377 = EDGE_CURVE('',#378,#370,#380,.T.);
#378 = VERTEX_POINT('',#379);
#379 = CARTESIAN_POINT('',(2.700050067683,0.833344248666,0.));
#380 = LINE('',#381,#382);
#381 = CARTESIAN_POINT('',(2.700050067683,0.833344248666,0.));
#382 = VECTOR('',#383,1.);
#383 = DIRECTION('',(0.,0.,1.));
#384 = ORIENTED_EDGE('',*,*,#385,.F.);
#385 = EDGE_CURVE('',#346,#378,#386,.T.);
#386 = LINE('',#387,#388);
#387 = CARTESIAN_POINT('',(2.534135629761,0.781831573917,0.));
#388 = VECTOR('',#389,1.);
#389 = DIRECTION('',(0.955028302874,0.296514655135,0.));
#390 = PLANE('',#391);
#391 = AXIS2_PLACEMENT_3D('',#392,#393,#394);
#392 = CARTESIAN_POINT('',(2.534135629761,0.781831573917,0.));
#393 = DIRECTION('',(-0.296514655135,0.955028302874,0.));
#394 = DIRECTION('',(0.955028302874,0.296514655135,0.));
#395 = ADVANCED_FACE('',(#396),#423,.F.);
#396 = FACE_BOUND('',#397,.F.);
#397 = EDGE_LOOP('',(#398,#399,#408,#416));
#398 = ORIENTED_EDGE('',*,*,#377,.T.);
#399 = ORIENTED_EDGE('',*,*,#400,.T.);
#400 = EDGE_CURVE('',#370,#401,#403,.T.);
#401 = VERTEX_POINT('',#402);
#402 = CARTESIAN_POINT('',(2.836131797924,0.913963094474,5.));
#403 = B_SPLINE_CURVE_WITH_KNOTS('',3,(#404,#405,#406,#407),
  .UNSPECIFIED.,.F.,.F.,(4,4),(0.,1.),.PIECEWISE_BEZIER_KNOTS.);
#404 = CARTESIAN_POINT('',(2.700050067683,0.833344248666,5.));
#405 = CARTESIAN_POINT('',(2.716292705768,0.83959853576,5.));
#406 = CARTESIAN_POINT('',(2.764163016567,0.860544296675,5.));
#407 = CARTESIAN_POINT('',(2.836131797924,0.913963094474,5.));
#408 = ORIENTED_EDGE('',*,*,#409,.F.);
#409 = EDGE_CURVE('',#410,#401,#412,.T.);
#410 = VERTEX_POINT('',#411);
#411 = CARTESIAN_POINT('',(2.836131797924,0.913963094474,0.));
#412 = LINE('',#413,#414);
#413 = CARTESIAN_POINT('',(2.836131797924,0.913963094474,0.));
#414 = VECTOR('',#415,1.);
#415 = DIRECTION('',(0.,0.,1.));
#416 = ORIENTED_EDGE('',*,*,#417,.F.);
#417 = EDGE_CURVE('',#378,#410,#418,.T.);
#418 = B_SPLINE_CURVE_WITH_KNOTS('',3,(#419,#420,#421,#422),
  .UNSPECIFIED.,.F.,.F.,(4,4),(0.,1.),.PIECEWISE_BEZIER_KNOTS.);
#419 = CARTESIAN_POINT('',(2.700050067683,0.833344248666,0.));
#420 = CARTESIAN_POINT('',(2.716292705768,0.83959853576,0.));
#421 = CARTESIAN_POINT('',(2.764163016567,0.860544296675,0.));
#422 = CARTESIAN_POINT('',(2.836131797924,0.913963094474,0.));
#423 = SURFACE_OF_LINEAR_EXTRUSION('',#424,#429);
#424 = B_SPLINE_CURVE_WITH_KNOTS('',3,(#425,#426,#427,#428),
  .UNSPECIFIED.,.F.,.F.,(4,4),(0.,1.),.PIECEWISE_BEZIER_KNOTS.);
#425 = CARTESIAN_POINT('',(2.700050067683,0.833344248666,0.));
#426 = CARTESIAN_POINT('',(2.716292705768,0.83959853576,0.));
#427 = CARTESIAN_POINT('',(2.764163016567,0.860544296675,0.));
#428 = CARTESIAN_POINT('',(2.836131797924,0.913963094474,0.));
#429 = VECTOR('',#430,1.);
#430 = DIRECTION('',(-0.,-0.,-1.));
#431 = ADVANCED_FACE('',(#432),#459,.F.);
#432 = FACE_BOUND('',#433,.F.);
#433 = EDGE_LOOP('',(#434,#435,#444,#452));
#434 = ORIENTED_EDGE('',*,*,#409,.T.);
#435 = ORIENTED_EDGE('',*,*,#436,.T.);
#436 = EDGE_CURVE('',#401,#437,#439,.T.);
#437 = VERTEX_POINT('',#438);
#438 = CARTESIAN_POINT('',(3.157494757804,1.262358238209,5.));
#439 = B_SPLINE_CURVE_WITH_KNOTS('',3,(#440,#441,#442,#443),
  .UNSPECIFIED.,.F.,.F.,(4,4),(0.,1.),.PIECEWISE_BEZIER_KNOTS.);
#440 = CARTESIAN_POINT('',(2.836131797924,0.913963094474,5.));
#441 = CARTESIAN_POINT('',(2.92182090692,0.978139865352,5.));
#442 = CARTESIAN_POINT('',(3.037219667063,1.086283230269,5.));
#443 = CARTESIAN_POINT('',(3.157494757804,1.262358238209,5.));
#444 = ORIENTED_EDGE('',*,*,#445,.F.);
#445 = EDGE_CURVE('',#446,#437,#448,.T.);
#446 = VERTEX_POINT('',#447);
#447 = CARTESIAN_POINT('',(3.157494757804,1.262358238209,0.));
#448 = LINE('',#449,#450);
#449 = CARTESIAN_POINT('',(3.157494757804,1.262358238209,0.));
#450 = VECTOR('',#451,1.);
#451 = DIRECTION('',(0.,0.,1.));
#452 = ORIENTED_EDGE('',*,*,#453,.F.);
#453 = EDGE_CURVE('',#410,#446,#454,.T.);
#454 = B_SPLINE_CURVE_WITH_KNOTS('',3,(#455,#456,#457,#458),
  .UNSPECIFIED.,.F.,.F.,(4,4),(0.,1.),.PIECEWISE_BEZIER_KNOTS.);
#455 = CARTESIAN_POINT('',(2.836131797924,0.913963094474,0.));
#456 = CARTESIAN_POINT('',(2.92182090692,0.978139865352,0.));
#457 = CARTESIAN_POINT('',(3.037219667063,1.086283230269,0.));
#458 = CARTESIAN_POINT('',(3.157494757804,1.262358238209,0.));
#459 = SURFACE_OF_LINEAR_EXTRUSION('',#460,#465);
#460 = B_SPLINE_CURVE_WITH_KNOTS('',3,(#461,#462,#463,#464),
  .UNSPECIFIED.,.F.,.F.,(4,4),(0.,1.),.PIECEWISE_BEZIER_KNOTS.);
#461 = CARTESIAN_POINT('',(2.836131797924,0.913963094474,0.));
#462 = CARTESIAN_POINT('',(2.92182090692,0.978139865352,0.));
#463 = CARTESIAN_POINT('',(3.037219667063,1.086283230269,0.));
#464 = CARTESIAN_POINT('',(3.157494757804,1.262358238209,0.));
#465 = VECTOR('',#466,1.);
#466 = DIRECTION('',(-0.,-0.,-1.));
#467 = ADVANCED_FACE('',(#468),#495,.T.);
#468 = FACE_BOUND('',#469,.F.);
#469 = EDGE_LOOP('',(#470,#471,#480,#488));
#470 = ORIENTED_EDGE('',*,*,#445,.T.);
#471 = ORIENTED_EDGE('',*,*,#472,.T.);
#472 = EDGE_CURVE('',#437,#473,#475,.T.);
#473 = VERTEX_POINT('',#474);
#474 = CARTESIAN_POINT('',(3.050357021987,1.501772965004,5.));
#475 = CIRCLE('',#476,3.399999999999);
#476 = AXIS2_PLACEMENT_3D('',#477,#478,#479);
#477 = CARTESIAN_POINT('',(2.803926260543E-03,-5.681886302149E-03,5.));
#478 = DIRECTION('',(0.,-0.,1.));
#479 = DIRECTION('',(0.927850244572,0.372952977797,0.));
#480 = ORIENTED_EDGE('',*,*,#481,.F.);
#481 = EDGE_CURVE('',#482,#473,#484,.T.);
#482 = VERTEX_POINT('',#483);
#483 = CARTESIAN_POINT('',(3.050357021987,1.501772965004,0.));
#484 = LINE('',#485,#486);
#485 = CARTESIAN_POINT('',(3.050357021987,1.501772965004,0.));
#486 = VECTOR('',#487,1.);
#487 = DIRECTION('',(0.,0.,1.));
#488 = ORIENTED_EDGE('',*,*,#489,.F.);
#489 = EDGE_CURVE('',#446,#482,#490,.T.);
#490 = CIRCLE('',#491,3.399999999999);
#491 = AXIS2_PLACEMENT_3D('',#492,#493,#494);
#492 = CARTESIAN_POINT('',(2.803926260543E-03,-5.681886302149E-03,0.));
#493 = DIRECTION('',(0.,-0.,1.));
#494 = DIRECTION('',(0.927850244572,0.372952977797,0.));
#495 = CYLINDRICAL_SURFACE('',#496,3.399999999999);
#496 = AXIS2_PLACEMENT_3D('',#497,#498,#499);
#497 = CARTESIAN_POINT('',(2.803926260543E-03,-5.681886302149E-03,0.));
#498 = DIRECTION('',(-0.,0.,-1.));
#499 = DIRECTION('',(0.927850244572,0.372952977797,0.));
#500 = ADVANCED_FACE('',(#501),#528,.F.);
#501 = FACE_BOUND('',#502,.F.);
#502 = EDGE_LOOP('',(#503,#504,#513,#521));
#503 = ORIENTED_EDGE('',*,*,#481,.T.);
#504 = ORIENTED_EDGE('',*,*,#505,.T.);
#505 = EDGE_CURVE('',#473,#506,#508,.T.);
#506 = VERTEX_POINT('',#507);
#507 = CARTESIAN_POINT('',(2.576949533994,1.496095990404,5.));
#508 = B_SPLINE_CURVE_WITH_KNOTS('',3,(#509,#510,#511,#512),
  .UNSPECIFIED.,.F.,.F.,(4,4),(0.,1.),.PIECEWISE_BEZIER_KNOTS.);
#509 = CARTESIAN_POINT('',(3.050357021987,1.501772965004,5.));
#510 = CARTESIAN_POINT('',(2.839562399044,1.530228722868,5.));
#511 = CARTESIAN_POINT('',(2.681979374649,1.516832766743,5.));
#512 = CARTESIAN_POINT('',(2.576949533994,1.496095990404,5.));
#513 = ORIENTED_EDGE('',*,*,#514,.F.);
#514 = EDGE_CURVE('',#515,#506,#517,.T.);
#515 = VERTEX_POINT('',#516);
#516 = CARTESIAN_POINT('',(2.576949533994,1.496095990404,0.));
#517 = LINE('',#518,#519);
#518 = CARTESIAN_POINT('',(2.576949533994,1.496095990404,0.));
#519 = VECTOR('',#520,1.);
#520 = DIRECTION('',(0.,0.,1.));
#521 = ORIENTED_EDGE('',*,*,#522,.F.);
#522 = EDGE_CURVE('',#482,#515,#523,.T.);
#523 = B_SPLINE_CURVE_WITH_KNOTS('',3,(#524,#525,#526,#527),
  .UNSPECIFIED.,.F.,.F.,(4,4),(0.,1.),.PIECEWISE_BEZIER_KNOTS.);
#524 = CARTESIAN_POINT('',(3.050357021987,1.501772965004,0.));
#525 = CARTESIAN_POINT('',(2.839562399044,1.530228722868,0.));
#526 = CARTESIAN_POINT('',(2.681979374649,1.516832766743,0.));
#527 = CARTESIAN_POINT('',(2.576949533994,1.496095990404,0.));
#528 = SURFACE_OF_LINEAR_EXTRUSION('',#529,#534);
#529 = B_SPLINE_CURVE_WITH_KNOTS('',3,(#530,#531,#532,#533),
  .UNSPECIFIED.,.F.,.F.,(4,4),(0.,1.),.PIECEWISE_BEZIER_KNOTS.);
#530 = CARTESIAN_POINT('',(3.050357021987,1.501772965004,0.));
#531 = CARTESIAN_POINT('',(2.839562399044,1.530228722868,0.));
#532 = CARTESIAN_POINT('',(2.681979374649,1.516832766743,0.));
#533 = CARTESIAN_POINT('',(2.576949533994,1.496095990404,0.));
#534 = VECTOR('',#535,1.);
#535 = DIRECTION('',(-0.,-0.,-1.));
#536 = ADVANCED_FACE('',(#537),#564,.F.);
#537 = FACE_BOUND('',#538,.F.);
#538 = EDGE_LOOP('',(#539,#540,#549,#557));
#539 = ORIENTED_EDGE('',*,*,#514,.T.);
#540 = ORIENTED_EDGE('',*,*,#541,.T.);
#541 = EDGE_CURVE('',#506,#542,#544,.T.);
#542 = VERTEX_POINT('',#543);
#543 = CARTESIAN_POINT('',(2.425981605226,1.448912093913,5.));
#544 = B_SPLINE_CURVE_WITH_KNOTS('',3,(#545,#546,#547,#548),
  .UNSPECIFIED.,.F.,.F.,(4,4),(0.,1.),.PIECEWISE_BEZIER_KNOTS.);
#545 = CARTESIAN_POINT('',(2.576949533994,1.496095990404,5.));
#546 = CARTESIAN_POINT('',(2.489095116519,1.478356915505,5.));
#547 = CARTESIAN_POINT('',(2.441497892587,1.456797791442,5.));
#548 = CARTESIAN_POINT('',(2.425981605226,1.448912093913,5.));
#549 = ORIENTED_EDGE('',*,*,#550,.F.);
#550 = EDGE_CURVE('',#551,#542,#553,.T.);
#551 = VERTEX_POINT('',#552);
#552 = CARTESIAN_POINT('',(2.425981605226,1.448912093913,0.));
#553 = LINE('',#554,#555);
#554 = CARTESIAN_POINT('',(2.425981605226,1.448912093913,0.));
#555 = VECTOR('',#556,1.);
#556 = DIRECTION('',(0.,0.,1.));
#557 = ORIENTED_EDGE('',*,*,#558,.F.);
#558 = EDGE_CURVE('',#515,#551,#559,.T.);
#559 = B_SPLINE_CURVE_WITH_KNOTS('',3,(#560,#561,#562,#563),
  .UNSPECIFIED.,.F.,.F.,(4,4),(0.,1.),.PIECEWISE_BEZIER_KNOTS.);
#560 = CARTESIAN_POINT('',(2.576949533994,1.496095990404,0.));
#561 = CARTESIAN_POINT('',(2.489095116519,1.478356915505,0.));
#562 = CARTESIAN_POINT('',(2.441497892587,1.456797791442,0.));
#563 = CARTESIAN_POINT('',(2.425981605226,1.448912093913,0.));
#564 = SURFACE_OF_LINEAR_EXTRUSION('',#565,#570);
#565 = B_SPLINE_CURVE_WITH_KNOTS('',3,(#566,#567,#568,#569),
  .UNSPECIFIED.,.F.,.F.,(4,4),(0.,1.),.PIECEWISE_BEZIER_KNOTS.);
#566 = CARTESIAN_POINT('',(2.576949533994,1.496095990404,0.));
#567 = CARTESIAN_POINT('',(2.489095116519,1.478356915505,0.));
#568 = CARTESIAN_POINT('',(2.441497892587,1.456797791442,0.));
#569 = CARTESIAN_POINT('',(2.425981605226,1.448912093913,0.));
#570 = VECTOR('',#571,1.);
#571 = DIRECTION('',(-0.,-0.,-1.));
#572 = ADVANCED_FACE('',(#573),#598,.F.);
#573 = FACE_BOUND('',#574,.F.);
#574 = EDGE_LOOP('',(#575,#576,#584,#592));
#575 = ORIENTED_EDGE('',*,*,#550,.T.);
#576 = ORIENTED_EDGE('',*,*,#577,.T.);
#577 = EDGE_CURVE('',#542,#578,#580,.T.);
#578 = VERTEX_POINT('',#579);
#579 = CARTESIAN_POINT('',(2.276681799089,1.360082345189,5.));
#580 = LINE('',#581,#582);
#581 = CARTESIAN_POINT('',(2.425981605226,1.448912093913,5.));
#582 = VECTOR('',#583,1.);
#583 = DIRECTION('',(-0.859391999034,-0.51131731048,0.));
#584 = ORIENTED_EDGE('',*,*,#585,.F.);
#585 = EDGE_CURVE('',#586,#578,#588,.T.);
#586 = VERTEX_POINT('',#587);
#587 = CARTESIAN_POINT('',(2.276681799089,1.360082345189,0.));
#588 = LINE('',#589,#590);
#589 = CARTESIAN_POINT('',(2.276681799089,1.360082345189,0.));
#590 = VECTOR('',#591,1.);
#591 = DIRECTION('',(0.,0.,1.));
#592 = ORIENTED_EDGE('',*,*,#593,.F.);
#593 = EDGE_CURVE('',#551,#586,#594,.T.);
#594 = LINE('',#595,#596);
#595 = CARTESIAN_POINT('',(2.425981605226,1.448912093913,0.));
#596 = VECTOR('',#597,1.);
#597 = DIRECTION('',(-0.859391999034,-0.51131731048,0.));
#598 = PLANE('',#599);
#599 = AXIS2_PLACEMENT_3D('',#600,#601,#602);
#600 = CARTESIAN_POINT('',(2.425981605226,1.448912093913,0.));
#601 = DIRECTION('',(0.51131731048,-0.859391999034,0.));
#602 = DIRECTION('',(-0.859391999034,-0.51131731048,0.));
#603 = ADVANCED_FACE('',(#604),#631,.F.);
#604 = FACE_BOUND('',#605,.F.);
#605 = EDGE_LOOP('',(#606,#607,#616,#624));
#606 = ORIENTED_EDGE('',*,*,#585,.T.);
#607 = ORIENTED_EDGE('',*,*,#608,.T.);
#608 = EDGE_CURVE('',#578,#609,#611,.T.);
#609 = VERTEX_POINT('',#610);
#610 = CARTESIAN_POINT('',(2.069311636587,1.402836180987,5.));
#611 = CIRCLE('',#612,0.152);
#612 = AXIS2_PLACEMENT_3D('',#613,#614,#615);
#613 = CARTESIAN_POINT('',(2.195020795772,1.488283283319,5.));
#614 = DIRECTION('',(0.,-0.,-1.));
#615 = DIRECTION('',(0.537243442875,-0.843427224536,0.));
#616 = ORIENTED_EDGE('',*,*,#617,.F.);
#617 = EDGE_CURVE('',#618,#609,#620,.T.);
#618 = VERTEX_POINT('',#619);
#619 = CARTESIAN_POINT('',(2.069311636587,1.402836180987,0.));
#620 = LINE('',#621,#622);
#621 = CARTESIAN_POINT('',(2.069311636587,1.402836180987,0.));
#622 = VECTOR('',#623,1.);
#623 = DIRECTION('',(0.,0.,1.));
#624 = ORIENTED_EDGE('',*,*,#625,.F.);
#625 = EDGE_CURVE('',#586,#618,#626,.T.);
#626 = CIRCLE('',#627,0.152);
#627 = AXIS2_PLACEMENT_3D('',#628,#629,#630);
#628 = CARTESIAN_POINT('',(2.195020795772,1.488283283319,0.));
#629 = DIRECTION('',(0.,-0.,-1.));
#630 = DIRECTION('',(0.537243442875,-0.843427224536,0.));
#631 = CYLINDRICAL_SURFACE('',#632,0.152);
#632 = AXIS2_PLACEMENT_3D('',#633,#634,#635);
#633 = CARTESIAN_POINT('',(2.195020795772,1.488283283319,0.));
#634 = DIRECTION('',(0.,-0.,-1.));
#635 = DIRECTION('',(0.537243442875,-0.843427224536,0.));
#636 = ADVANCED_FACE('',(#637),#664,.T.);
#637 = FACE_BOUND('',#638,.F.);
#638 = EDGE_LOOP('',(#639,#640,#649,#657));
#639 = ORIENTED_EDGE('',*,*,#617,.T.);
#640 = ORIENTED_EDGE('',*,*,#641,.T.);
#641 = EDGE_CURVE('',#609,#642,#644,.T.);
#642 = VERTEX_POINT('',#643);
#643 = CARTESIAN_POINT('',(1.973628953586,1.534532095972,5.));
#644 = CIRCLE('',#645,2.500000000001);
#645 = AXIS2_PLACEMENT_3D('',#646,#647,#648);
#646 = CARTESIAN_POINT('',(-9.289236047039E-13,-6.715739075958E-13,5.));
#647 = DIRECTION('',(0.,-0.,1.));
#648 = DIRECTION('',(0.827724654635,0.561134472395,0.));
#649 = ORIENTED_EDGE('',*,*,#650,.F.);
#650 = EDGE_CURVE('',#651,#642,#653,.T.);
#651 = VERTEX_POINT('',#652);
#652 = CARTESIAN_POINT('',(1.973628953586,1.534532095972,0.));
#653 = LINE('',#654,#655);
#654 = CARTESIAN_POINT('',(1.973628953586,1.534532095972,0.));
#655 = VECTOR('',#656,1.);
#656 = DIRECTION('',(0.,0.,1.));
#657 = ORIENTED_EDGE('',*,*,#658,.F.);
#658 = EDGE_CURVE('',#618,#651,#659,.T.);
#659 = CIRCLE('',#660,2.500000000001);
#660 = AXIS2_PLACEMENT_3D('',#661,#662,#663);
#661 = CARTESIAN_POINT('',(-9.289236047039E-13,-6.715739075958E-13,0.));
#662 = DIRECTION('',(0.,-0.,1.));
#663 = DIRECTION('',(0.827724654635,0.561134472395,0.));
#664 = CYLINDRICAL_SURFACE('',#665,2.500000000001);
#665 = AXIS2_PLACEMENT_3D('',#666,#667,#668);
#666 = CARTESIAN_POINT('',(-9.289236047039E-13,-6.715739075958E-13,0.));
#667 = DIRECTION('',(-0.,0.,-1.));
#668 = DIRECTION('',(0.827724654635,0.561134472395,0.));
#669 = ADVANCED_FACE('',(#670),#697,.F.);
#670 = FACE_BOUND('',#671,.F.);
#671 = EDGE_LOOP('',(#672,#673,#682,#690));
#672 = ORIENTED_EDGE('',*,*,#650,.T.);
#673 = ORIENTED_EDGE('',*,*,#674,.T.);
#674 = EDGE_CURVE('',#642,#675,#677,.T.);
#675 = VERTEX_POINT('',#676);
#676 = CARTESIAN_POINT('',(1.997048543793,1.744964502142,5.));
#677 = CIRCLE('',#678,0.152);
#678 = AXIS2_PLACEMENT_3D('',#679,#680,#681);
#679 = CARTESIAN_POINT('',(2.093740243594,1.627684004233,5.));
#680 = DIRECTION('',(0.,0.,-1.));
#681 = DIRECTION('',(-0.790205855315,-0.612841501716,-0.));
#682 = ORIENTED_EDGE('',*,*,#683,.F.);
#683 = EDGE_CURVE('',#684,#675,#686,.T.);
#684 = VERTEX_POINT('',#685);
#685 = CARTESIAN_POINT('',(1.997048543793,1.744964502142,0.));
#686 = LINE('',#687,#688);
#687 = CARTESIAN_POINT('',(1.997048543793,1.744964502142,0.));
#688 = VECTOR('',#689,1.);
#689 = DIRECTION('',(0.,0.,1.));
#690 = ORIENTED_EDGE('',*,*,#691,.F.);
#691 = EDGE_CURVE('',#651,#684,#692,.T.);
#692 = CIRCLE('',#693,0.152);
#693 = AXIS2_PLACEMENT_3D('',#694,#695,#696);
#694 = CARTESIAN_POINT('',(2.093740243594,1.627684004233,0.));
#695 = DIRECTION('',(0.,0.,-1.));
#696 = DIRECTION('',(-0.790205855315,-0.612841501716,-0.));
#697 = CYLINDRICAL_SURFACE('',#698,0.152);
#698 = AXIS2_PLACEMENT_3D('',#699,#700,#701);
#699 = CARTESIAN_POINT('',(2.093740243594,1.627684004233,0.));
#700 = DIRECTION('',(0.,0.,-1.));
#701 = DIRECTION('',(-0.790205855315,-0.612841501716,-0.));
#702 = ADVANCED_FACE('',(#703),#728,.F.);
#703 = FACE_BOUND('',#704,.F.);
#704 = EDGE_LOOP('',(#705,#706,#714,#722));
#705 = ORIENTED_EDGE('',*,*,#683,.T.);
#706 = ORIENTED_EDGE('',*,*,#707,.T.);
#707 = EDGE_CURVE('',#675,#708,#710,.T.);
#708 = VERTEX_POINT('',#709);
#709 = CARTESIAN_POINT('',(2.12766683251,1.859507153688,5.));
#710 = LINE('',#711,#712);
#711 = CARTESIAN_POINT('',(1.997048543793,1.744964502142,5.));
#712 = VECTOR('',#713,1.);
#713 = DIRECTION('',(0.751858392558,0.659324622276,0.));
#714 = ORIENTED_EDGE('',*,*,#715,.F.);
#715 = EDGE_CURVE('',#716,#708,#718,.T.);
#716 = VERTEX_POINT('',#717);
#717 = CARTESIAN_POINT('',(2.12766683251,1.859507153688,0.));
#718 = LINE('',#719,#720);
#719 = CARTESIAN_POINT('',(2.12766683251,1.859507153688,0.));
#720 = VECTOR('',#721,1.);
#721 = DIRECTION('',(0.,0.,1.));
#722 = ORIENTED_EDGE('',*,*,#723,.F.);
#723 = EDGE_CURVE('',#684,#716,#724,.T.);
#724 = LINE('',#725,#726);
#725 = CARTESIAN_POINT('',(1.997048543793,1.744964502142,0.));
#726 = VECTOR('',#727,1.);
#727 = DIRECTION('',(0.751858392558,0.659324622276,0.));
#728 = PLANE('',#729);
#729 = AXIS2_PLACEMENT_3D('',#730,#731,#732);
#730 = CARTESIAN_POINT('',(1.997048543793,1.744964502142,0.));
#731 = DIRECTION('',(-0.659324622276,0.751858392558,0.));
#732 = DIRECTION('',(0.751858392558,0.659324622276,0.));
#733 = ADVANCED_FACE('',(#734),#761,.F.);
#734 = FACE_BOUND('',#735,.F.);
#735 = EDGE_LOOP('',(#736,#737,#746,#754));
#736 = ORIENTED_EDGE('',*,*,#715,.T.);
#737 = ORIENTED_EDGE('',*,*,#738,.T.);
#738 = EDGE_CURVE('',#708,#739,#741,.T.);
#739 = VERTEX_POINT('',#740);
#740 = CARTESIAN_POINT('',(2.219193040328,1.988505560218,5.));
#741 = B_SPLINE_CURVE_WITH_KNOTS('',3,(#742,#743,#744,#745),
  .UNSPECIFIED.,.F.,.F.,(4,4),(0.,1.),.PIECEWISE_BEZIER_KNOTS.);
#742 = CARTESIAN_POINT('',(2.12766683251,1.859507153688,5.));
#743 = CARTESIAN_POINT('',(2.139961373016,1.871827205342,5.));
#744 = CARTESIAN_POINT('',(2.175173669521,1.910432719601,5.));
#745 = CARTESIAN_POINT('',(2.219193040328,1.988505560218,5.));
#746 = ORIENTED_EDGE('',*,*,#747,.F.);
#747 = EDGE_CURVE('',#748,#739,#750,.T.);
#748 = VERTEX_POINT('',#749);
#749 = CARTESIAN_POINT('',(2.219193040328,1.988505560218,0.));
#750 = LINE('',#751,#752);
#751 = CARTESIAN_POINT('',(2.219193040328,1.988505560218,0.));
#752 = VECTOR('',#753,1.);
#753 = DIRECTION('',(0.,0.,1.));
#754 = ORIENTED_EDGE('',*,*,#755,.F.);
#755 = EDGE_CURVE('',#716,#748,#756,.T.);
#756 = B_SPLINE_CURVE_WITH_KNOTS('',3,(#757,#758,#759,#760),
  .UNSPECIFIED.,.F.,.F.,(4,4),(0.,1.),.PIECEWISE_BEZIER_KNOTS.);
#757 = CARTESIAN_POINT('',(2.12766683251,1.859507153688,0.));
#758 = CARTESIAN_POINT('',(2.139961373016,1.871827205342,0.));
#759 = CARTESIAN_POINT('',(2.175173669521,1.910432719601,0.));
#760 = CARTESIAN_POINT('',(2.219193040328,1.988505560218,0.));
#761 = SURFACE_OF_LINEAR_EXTRUSION('',#762,#767);
#762 = B_SPLINE_CURVE_WITH_KNOTS('',3,(#763,#764,#765,#766),
  .UNSPECIFIED.,.F.,.F.,(4,4),(0.,1.),.PIECEWISE_BEZIER_KNOTS.);
#763 = CARTESIAN_POINT('',(2.12766683251,1.859507153688,0.));
#764 = CARTESIAN_POINT('',(2.139961373016,1.871827205342,0.));
#765 = CARTESIAN_POINT('',(2.175173669521,1.910432719601,0.));
#766 = CARTESIAN_POINT('',(2.219193040328,1.988505560218,0.));
#767 = VECTOR('',#768,1.);
#768 = DIRECTION('',(-0.,-0.,-1.));
#769 = ADVANCED_FACE('',(#770),#797,.F.);
#770 = FACE_BOUND('',#771,.F.);
#771 = EDGE_LOOP('',(#772,#773,#782,#790));
#772 = ORIENTED_EDGE('',*,*,#747,.T.);
#773 = ORIENTED_EDGE('',*,*,#774,.T.);
#774 = EDGE_CURVE('',#739,#775,#777,.T.);
#775 = VERTEX_POINT('',#776);
#776 = CARTESIAN_POINT('',(2.371067641354,2.437490452752,5.));
#777 = B_SPLINE_CURVE_WITH_KNOTS('',3,(#778,#779,#780,#781),
  .UNSPECIFIED.,.F.,.F.,(4,4),(0.,1.),.PIECEWISE_BEZIER_KNOTS.);
#778 = CARTESIAN_POINT('',(2.219193040328,1.988505560218,5.));
#779 = CARTESIAN_POINT('',(2.27137089227,2.081986858281,5.));
#780 = CARTESIAN_POINT('',(2.332807036199,2.227717642391,5.));
#781 = CARTESIAN_POINT('',(2.371067641354,2.437490452752,5.));
#782 = ORIENTED_EDGE('',*,*,#783,.F.);
#783 = EDGE_CURVE('',#784,#775,#786,.T.);
#784 = VERTEX_POINT('',#785);
#785 = CARTESIAN_POINT('',(2.371067641354,2.437490452752,0.));
#786 = LINE('',#787,#788);
#787 = CARTESIAN_POINT('',(2.371067641354,2.437490452752,0.));
#788 = VECTOR('',#789,1.);
#789 = DIRECTION('',(0.,0.,1.));
#790 = ORIENTED_EDGE('',*,*,#791,.F.);
#791 = EDGE_CURVE('',#748,#784,#792,.T.);
#792 = B_SPLINE_CURVE_WITH_KNOTS('',3,(#793,#794,#795,#796),
  .UNSPECIFIED.,.F.,.F.,(4,4),(0.,1.),.PIECEWISE_BEZIER_KNOTS.);
#793 = CARTESIAN_POINT('',(2.219193040328,1.988505560218,0.));
#794 = CARTESIAN_POINT('',(2.27137089227,2.081986858281,0.));
#795 = CARTESIAN_POINT('',(2.332807036199,2.227717642391,0.));
#796 = CARTESIAN_POINT('',(2.371067641354,2.437490452752,0.));
#797 = SURFACE_OF_LINEAR_EXTRUSION('',#798,#803);
#798 = B_SPLINE_CURVE_WITH_KNOTS('',3,(#799,#800,#801,#802),
  .UNSPECIFIED.,.F.,.F.,(4,4),(0.,1.),.PIECEWISE_BEZIER_KNOTS.);
#799 = CARTESIAN_POINT('',(2.219193040328,1.988505560218,0.));
#800 = CARTESIAN_POINT('',(2.27137089227,2.081986858281,0.));
#801 = CARTESIAN_POINT('',(2.332807036199,2.227717642391,0.));
#802 = CARTESIAN_POINT('',(2.371067641354,2.437490452752,0.));
#803 = VECTOR('',#804,1.);
#804 = DIRECTION('',(-0.,-0.,-1.));
#805 = ADVANCED_FACE('',(#806),#833,.T.);
#806 = FACE_BOUND('',#807,.F.);
#807 = EDGE_LOOP('',(#808,#809,#818,#826));
#808 = ORIENTED_EDGE('',*,*,#783,.T.);
#809 = ORIENTED_EDGE('',*,*,#810,.T.);
#810 = EDGE_CURVE('',#775,#811,#813,.T.);
#811 = VERTEX_POINT('',#812);
#812 = CARTESIAN_POINT('',(2.175813707176,2.612629845895,5.));
#813 = CIRCLE('',#814,3.4);
#814 = AXIS2_PLACEMENT_3D('',#815,#816,#817);
#815 = CARTESIAN_POINT('',(4.872545459595E-03,-4.050201867716E-03,5.));
#816 = DIRECTION('',(0.,-0.,1.));
#817 = DIRECTION('',(0.695939734087,0.718100192535,0.));
#818 = ORIENTED_EDGE('',*,*,#819,.F.);
#819 = EDGE_CURVE('',#820,#811,#822,.T.);
#820 = VERTEX_POINT('',#821);
#821 = CARTESIAN_POINT('',(2.175813707176,2.612629845895,0.));
#822 = LINE('',#823,#824);
#823 = CARTESIAN_POINT('',(2.175813707176,2.612629845895,0.));
#824 = VECTOR('',#825,1.);
#825 = DIRECTION('',(0.,0.,1.));
#826 = ORIENTED_EDGE('',*,*,#827,.F.);
#827 = EDGE_CURVE('',#784,#820,#828,.T.);
#828 = CIRCLE('',#829,3.4);
#829 = AXIS2_PLACEMENT_3D('',#830,#831,#832);
#830 = CARTESIAN_POINT('',(4.872545459595E-03,-4.050201867716E-03,0.));
#831 = DIRECTION('',(0.,-0.,1.));
#832 = DIRECTION('',(0.695939734087,0.718100192535,0.));
#833 = CYLINDRICAL_SURFACE('',#834,3.4);
#834 = AXIS2_PLACEMENT_3D('',#835,#836,#837);
#835 = CARTESIAN_POINT('',(4.872545459595E-03,-4.050201867716E-03,0.));
#836 = DIRECTION('',(-0.,0.,-1.));
#837 = DIRECTION('',(0.695939734087,0.718100192535,0.));
#838 = ADVANCED_FACE('',(#839),#866,.F.);
#839 = FACE_BOUND('',#840,.F.);
#840 = EDGE_LOOP('',(#841,#842,#851,#859));
#841 = ORIENTED_EDGE('',*,*,#819,.T.);
#842 = ORIENTED_EDGE('',*,*,#843,.T.);
#843 = EDGE_CURVE('',#811,#844,#846,.T.);
#844 = VERTEX_POINT('',#845);
#845 = CARTESIAN_POINT('',(1.745643480498,2.414891499063,5.));
#846 = B_SPLINE_CURVE_WITH_KNOTS('',3,(#847,#848,#849,#850),
  .UNSPECIFIED.,.F.,.F.,(4,4),(0.,1.),.PIECEWISE_BEZIER_KNOTS.);
#847 = CARTESIAN_POINT('',(2.175813707176,2.612629845895,5.));
#848 = CARTESIAN_POINT('',(1.971669237462,2.552887576922,5.));
#849 = CARTESIAN_POINT('',(1.833158607549,2.476554971705,5.));
#850 = CARTESIAN_POINT('',(1.745643480498,2.414891499063,5.));
#851 = ORIENTED_EDGE('',*,*,#852,.F.);
#852 = EDGE_CURVE('',#853,#844,#855,.T.);
#853 = VERTEX_POINT('',#854);
#854 = CARTESIAN_POINT('',(1.745643480498,2.414891499063,0.));
#855 = LINE('',#856,#857);
#856 = CARTESIAN_POINT('',(1.745643480498,2.414891499063,0.));
#857 = VECTOR('',#858,1.);
#858 = DIRECTION('',(0.,0.,1.));
#859 = ORIENTED_EDGE('',*,*,#860,.F.);
#860 = EDGE_CURVE('',#820,#853,#861,.T.);
#861 = B_SPLINE_CURVE_WITH_KNOTS('',3,(#862,#863,#864,#865),
  .UNSPECIFIED.,.F.,.F.,(4,4),(0.,1.),.PIECEWISE_BEZIER_KNOTS.);
#862 = CARTESIAN_POINT('',(2.175813707176,2.612629845895,0.));
#863 = CARTESIAN_POINT('',(1.971669237462,2.552887576922,0.));
#864 = CARTESIAN_POINT('',(1.833158607549,2.476554971705,0.));
#865 = CARTESIAN_POINT('',(1.745643480498,2.414891499063,0.));
#866 = SURFACE_OF_LINEAR_EXTRUSION('',#867,#872);
#867 = B_SPLINE_CURVE_WITH_KNOTS('',3,(#868,#869,#870,#871),
  .UNSPECIFIED.,.F.,.F.,(4,4),(0.,1.),.PIECEWISE_BEZIER_KNOTS.);
#868 = CARTESIAN_POINT('',(2.175813707176,2.612629845895,0.));
#869 = CARTESIAN_POINT('',(1.971669237462,2.552887576922,0.));
#870 = CARTESIAN_POINT('',(1.833158607549,2.476554971705,0.));
#871 = CARTESIAN_POINT('',(1.745643480498,2.414891499063,0.));
#872 = VECTOR('',#873,1.);
#873 = DIRECTION('',(-0.,-0.,-1.));
#874 = ADVANCED_FACE('',(#875),#902,.F.);
#875 = FACE_BOUND('',#876,.F.);
#876 = EDGE_LOOP('',(#877,#878,#887,#895));
#877 = ORIENTED_EDGE('',*,*,#852,.T.);
#878 = ORIENTED_EDGE('',*,*,#879,.T.);
#879 = EDGE_CURVE('',#844,#880,#882,.T.);
#880 = VERTEX_POINT('',#881);
#881 = CARTESIAN_POINT('',(1.626918834588,2.31038267619,5.));
#882 = B_SPLINE_CURVE_WITH_KNOTS('',3,(#883,#884,#885,#886),
  .UNSPECIFIED.,.F.,.F.,(4,4),(0.,1.),.PIECEWISE_BEZIER_KNOTS.);
#883 = CARTESIAN_POINT('',(1.745643480498,2.414891499063,5.));
#884 = CARTESIAN_POINT('',(1.672599608256,2.362952436923,5.));
#885 = CARTESIAN_POINT('',(1.637886266285,2.323897661983,5.));
#886 = CARTESIAN_POINT('',(1.626918834588,2.31038267619,5.));
#887 = ORIENTED_EDGE('',*,*,#888,.F.);
#888 = EDGE_CURVE('',#889,#880,#891,.T.);
#889 = VERTEX_POINT('',#890);
#890 = CARTESIAN_POINT('',(1.626918834588,2.31038267619,0.));
#891 = LINE('',#892,#893);
#892 = CARTESIAN_POINT('',(1.626918834588,2.31038267619,0.));
#893 = VECTOR('',#894,1.);
#894 = DIRECTION('',(0.,0.,1.));
#895 = ORIENTED_EDGE('',*,*,#896,.F.);
#896 = EDGE_CURVE('',#853,#889,#897,.T.);
#897 = B_SPLINE_CURVE_WITH_KNOTS('',3,(#898,#899,#900,#901),
  .UNSPECIFIED.,.F.,.F.,(4,4),(0.,1.),.PIECEWISE_BEZIER_KNOTS.);
#898 = CARTESIAN_POINT('',(1.745643480498,2.414891499063,0.));
#899 = CARTESIAN_POINT('',(1.672599608256,2.362952436923,0.));
#900 = CARTESIAN_POINT('',(1.637886266285,2.323897661983,0.));
#901 = CARTESIAN_POINT('',(1.626918834588,2.31038267619,0.));
#902 = SURFACE_OF_LINEAR_EXTRUSION('',#903,#908);
#903 = B_SPLINE_CURVE_WITH_KNOTS('',3,(#904,#905,#906,#907),
  .UNSPECIFIED.,.F.,.F.,(4,4),(0.,1.),.PIECEWISE_BEZIER_KNOTS.);
#904 = CARTESIAN_POINT('',(1.745643480498,2.414891499063,0.));
#905 = CARTESIAN_POINT('',(1.672599608256,2.362952436923,0.));
#906 = CARTESIAN_POINT('',(1.637886266285,2.323897661983,0.));
#907 = CARTESIAN_POINT('',(1.626918834588,2.31038267619,0.));
#908 = VECTOR('',#909,1.);
#909 = DIRECTION('',(-0.,-0.,-1.));
#910 = ADVANCED_FACE('',(#911),#936,.F.);
#911 = FACE_BOUND('',#912,.F.);
#912 = EDGE_LOOP('',(#913,#914,#922,#930));
#913 = ORIENTED_EDGE('',*,*,#888,.T.);
#914 = ORIENTED_EDGE('',*,*,#915,.T.);
#915 = EDGE_CURVE('',#880,#916,#918,.T.);
#916 = VERTEX_POINT('',#917);
#917 = CARTESIAN_POINT('',(1.526656988667,2.168506960781,5.));
#918 = LINE('',#919,#920);
#919 = CARTESIAN_POINT('',(1.626918834588,2.31038267619,5.));
#920 = VECTOR('',#921,1.);
#921 = DIRECTION('',(-0.57712217064,-0.816657823177,0.));
#922 = ORIENTED_EDGE('',*,*,#923,.F.);
#923 = EDGE_CURVE('',#924,#916,#926,.T.);
#924 = VERTEX_POINT('',#925);
#925 = CARTESIAN_POINT('',(1.526656988667,2.168506960781,0.));
#926 = LINE('',#927,#928);
#927 = CARTESIAN_POINT('',(1.526656988667,2.168506960781,0.));
#928 = VECTOR('',#929,1.);
#929 = DIRECTION('',(0.,0.,1.));
#930 = ORIENTED_EDGE('',*,*,#931,.F.);
#931 = EDGE_CURVE('',#889,#924,#932,.T.);
#932 = LINE('',#933,#934);
#933 = CARTESIAN_POINT('',(1.626918834588,2.31038267619,0.));
#934 = VECTOR('',#935,1.);
#935 = DIRECTION('',(-0.57712217064,-0.816657823177,0.));
#936 = PLANE('',#937);
#937 = AXIS2_PLACEMENT_3D('',#938,#939,#940);
#938 = CARTESIAN_POINT('',(1.626918834588,2.31038267619,0.));
#939 = DIRECTION('',(0.816657823177,-0.57712217064,0.));
#940 = DIRECTION('',(-0.57712217064,-0.816657823177,0.));
#941 = ADVANCED_FACE('',(#942),#969,.F.);
#942 = FACE_BOUND('',#943,.F.);
#943 = EDGE_LOOP('',(#944,#945,#954,#962));
#944 = ORIENTED_EDGE('',*,*,#923,.T.);
#945 = ORIENTED_EDGE('',*,*,#946,.T.);
#946 = EDGE_CURVE('',#916,#947,#949,.T.);
#947 = VERTEX_POINT('',#948);
#948 = CARTESIAN_POINT('',(1.319825367011,2.123219489501,5.));
#949 = CIRCLE('',#950,0.152);
#950 = AXIS2_PLACEMENT_3D('',#951,#952,#953);
#951 = CARTESIAN_POINT('',(1.399911930806,2.252409823115,5.));
#952 = DIRECTION('',(0.,-0.,-1.));
#953 = DIRECTION('',(0.833849064873,-0.551992515357,0.));
#954 = ORIENTED_EDGE('',*,*,#955,.F.);
#955 = EDGE_CURVE('',#956,#947,#958,.T.);
#956 = VERTEX_POINT('',#957);
#957 = CARTESIAN_POINT('',(1.319825367011,2.123219489501,0.));
#958 = LINE('',#959,#960);
#959 = CARTESIAN_POINT('',(1.319825367011,2.123219489501,0.));
#960 = VECTOR('',#961,1.);
#961 = DIRECTION('',(0.,0.,1.));
#962 = ORIENTED_EDGE('',*,*,#963,.F.);
#963 = EDGE_CURVE('',#924,#956,#964,.T.);
#964 = CIRCLE('',#965,0.152);
#965 = AXIS2_PLACEMENT_3D('',#966,#967,#968);
#966 = CARTESIAN_POINT('',(1.399911930806,2.252409823115,0.));
#967 = DIRECTION('',(0.,-0.,-1.));
#968 = DIRECTION('',(0.833849064873,-0.551992515357,0.));
#969 = CYLINDRICAL_SURFACE('',#970,0.152);
#970 = AXIS2_PLACEMENT_3D('',#971,#972,#973);
#971 = CARTESIAN_POINT('',(1.399911930806,2.252409823115,0.));
#972 = DIRECTION('',(0.,-0.,-1.));
#973 = DIRECTION('',(0.833849064873,-0.551992515357,0.));
#974 = ADVANCED_FACE('',(#975),#1002,.T.);
#975 = FACE_BOUND('',#976,.F.);
#976 = EDGE_LOOP('',(#977,#978,#987,#995));
#977 = ORIENTED_EDGE('',*,*,#955,.T.);
#978 = ORIENTED_EDGE('',*,*,#979,.T.);
#979 = EDGE_CURVE('',#947,#980,#982,.T.);
#980 = VERTEX_POINT('',#981);
#981 = CARTESIAN_POINT('',(1.178849332212,2.204612041141,5.));
#982 = CIRCLE('',#983,2.499999999999);
#983 = AXIS2_PLACEMENT_3D('',#984,#985,#986);
#984 = CARTESIAN_POINT('',(5.609956943431E-13,9.767742170652E-13,5.));
#985 = DIRECTION('',(0.,-0.,1.));
#986 = DIRECTION('',(0.527930146804,0.8492877958,0.));
#987 = ORIENTED_EDGE('',*,*,#988,.F.);
#988 = EDGE_CURVE('',#989,#980,#991,.T.);
#989 = VERTEX_POINT('',#990);
#990 = CARTESIAN_POINT('',(1.178849332212,2.204612041141,0.));
#991 = LINE('',#992,#993);
#992 = CARTESIAN_POINT('',(1.178849332212,2.204612041141,0.));
#993 = VECTOR('',#994,1.);
#994 = DIRECTION('',(0.,0.,1.));
#995 = ORIENTED_EDGE('',*,*,#996,.F.);
#996 = EDGE_CURVE('',#956,#989,#997,.T.);
#997 = CIRCLE('',#998,2.499999999999);
#998 = AXIS2_PLACEMENT_3D('',#999,#1000,#1001);
#999 = CARTESIAN_POINT('',(5.609956943431E-13,9.767742170652E-13,0.));
#1000 = DIRECTION('',(0.,-0.,1.));
#1001 = DIRECTION('',(0.527930146804,0.8492877958,0.));
#1002 = CYLINDRICAL_SURFACE('',#1003,2.499999999999);
#1003 = AXIS2_PLACEMENT_3D('',#1004,#1005,#1006);
#1004 = CARTESIAN_POINT('',(5.609956943431E-13,9.767742170652E-13,0.));
#1005 = DIRECTION('',(-0.,0.,-1.));
#1006 = DIRECTION('',(0.527930146804,0.8492877958,0.));
#1007 = ADVANCED_FACE('',(#1008),#1035,.F.);
#1008 = FACE_BOUND('',#1009,.F.);
#1009 = EDGE_LOOP('',(#1010,#1011,#1020,#1028));
#1010 = ORIENTED_EDGE('',*,*,#988,.T.);
#1011 = ORIENTED_EDGE('',*,*,#1012,.T.);
#1012 = EDGE_CURVE('',#980,#1013,#1015,.T.);
#1013 = VERTEX_POINT('',#1014);
#1014 = CARTESIAN_POINT('',(1.114653621986,2.406377215441,5.));
#1015 = CIRCLE('',#1016,0.152);
#1016 = AXIS2_PLACEMENT_3D('',#1017,#1018,#1019);
#1017 = CARTESIAN_POINT('',(1.250688161148,2.338564206696,5.));
#1018 = DIRECTION('',(0.,0.,-1.));
#1019 = DIRECTION('',(-0.47262387458,-0.881264247078,-0.));
#1020 = ORIENTED_EDGE('',*,*,#1021,.F.);
#1021 = EDGE_CURVE('',#1022,#1013,#1024,.T.);
#1022 = VERTEX_POINT('',#1023);
#1023 = CARTESIAN_POINT('',(1.114653621986,2.406377215441,0.));
#1024 = LINE('',#1025,#1026);
#1025 = CARTESIAN_POINT('',(1.114653621986,2.406377215441,0.));
#1026 = VECTOR('',#1027,1.);
#1027 = DIRECTION('',(0.,0.,1.));
#1028 = ORIENTED_EDGE('',*,*,#1029,.F.);
#1029 = EDGE_CURVE('',#989,#1022,#1030,.T.);
#1030 = CIRCLE('',#1031,0.152);
#1031 = AXIS2_PLACEMENT_3D('',#1032,#1033,#1034);
#1032 = CARTESIAN_POINT('',(1.250688161148,2.338564206696,0.));
#1033 = DIRECTION('',(0.,0.,-1.));
#1034 = DIRECTION('',(-0.47262387458,-0.881264247078,-0.));
#1035 = CYLINDRICAL_SURFACE('',#1036,0.152);
#1036 = AXIS2_PLACEMENT_3D('',#1037,#1038,#1039);
#1037 = CARTESIAN_POINT('',(1.250688161148,2.338564206696,0.));
#1038 = DIRECTION('',(0.,0.,-1.));
#1039 = DIRECTION('',(-0.47262387458,-0.881264247078,-0.));
#1040 = ADVANCED_FACE('',(#1041),#1066,.F.);
#1041 = FACE_BOUND('',#1042,.F.);
#1042 = EDGE_LOOP('',(#1043,#1044,#1052,#1060));
#1043 = ORIENTED_EDGE('',*,*,#1021,.T.);
#1044 = ORIENTED_EDGE('',*,*,#1045,.T.);
#1045 = EDGE_CURVE('',#1013,#1046,#1048,.T.);
#1046 = VERTEX_POINT('',#1047);
#1047 = CARTESIAN_POINT('',(1.18739067275,2.564144378744,5.));
#1048 = LINE('',#1049,#1050);
#1049 = CARTESIAN_POINT('',(1.114653621986,2.406377215441,5.));
#1050 = VECTOR('',#1051,1.);
#1051 = DIRECTION('',(0.41868533575,0.90813137245,0.));
#1052 = ORIENTED_EDGE('',*,*,#1053,.F.);
#1053 = EDGE_CURVE('',#1054,#1046,#1056,.T.);
#1054 = VERTEX_POINT('',#1055);
#1055 = CARTESIAN_POINT('',(1.18739067275,2.564144378744,0.));
#1056 = LINE('',#1057,#1058);
#1057 = CARTESIAN_POINT('',(1.18739067275,2.564144378744,0.));
#1058 = VECTOR('',#1059,1.);
#1059 = DIRECTION('',(0.,0.,1.));
#1060 = ORIENTED_EDGE('',*,*,#1061,.F.);
#1061 = EDGE_CURVE('',#1022,#1054,#1062,.T.);
#1062 = LINE('',#1063,#1064);
#1063 = CARTESIAN_POINT('',(1.114653621986,2.406377215441,0.));
#1064 = VECTOR('',#1065,1.);
#1065 = DIRECTION('',(0.41868533575,0.90813137245,0.));
#1066 = PLANE('',#1067);
#1067 = AXIS2_PLACEMENT_3D('',#1068,#1069,#1070);
#1068 = CARTESIAN_POINT('',(1.114653621986,2.406377215441,0.));
#1069 = DIRECTION('',(-0.90813137245,0.41868533575,0.));
#1070 = DIRECTION('',(0.41868533575,0.90813137245,0.));
#1071 = ADVANCED_FACE('',(#1072),#1099,.F.);
#1072 = FACE_BOUND('',#1073,.F.);
#1073 = EDGE_LOOP('',(#1074,#1075,#1084,#1092));
#1074 = ORIENTED_EDGE('',*,*,#1053,.T.);
#1075 = ORIENTED_EDGE('',*,*,#1076,.T.);
#1076 = EDGE_CURVE('',#1046,#1077,#1079,.T.);
#1077 = VERTEX_POINT('',#1078);
#1078 = CARTESIAN_POINT('',(1.218535645323,2.719217349594,5.));
#1079 = B_SPLINE_CURVE_WITH_KNOTS('',3,(#1080,#1081,#1082,#1083),
  .UNSPECIFIED.,.F.,.F.,(4,4),(0.,1.),.PIECEWISE_BEZIER_KNOTS.);
#1080 = CARTESIAN_POINT('',(1.18739067275,2.564144378744,5.));
#1081 = CARTESIAN_POINT('',(1.19361127793,2.580399946104,5.));
#1082 = CARTESIAN_POINT('',(1.210077034182,2.629989969571,5.));
#1083 = CARTESIAN_POINT('',(1.218535645323,2.719217349594,5.));
#1084 = ORIENTED_EDGE('',*,*,#1085,.F.);
#1085 = EDGE_CURVE('',#1086,#1077,#1088,.T.);
#1086 = VERTEX_POINT('',#1087);
#1087 = CARTESIAN_POINT('',(1.218535645323,2.719217349594,0.));
#1088 = LINE('',#1089,#1090);
#1089 = CARTESIAN_POINT('',(1.218535645323,2.719217349594,0.));
#1090 = VECTOR('',#1091,1.);
#1091 = DIRECTION('',(0.,0.,1.));
#1092 = ORIENTED_EDGE('',*,*,#1093,.F.);
#1093 = EDGE_CURVE('',#1054,#1086,#1094,.T.);
#1094 = B_SPLINE_CURVE_WITH_KNOTS('',3,(#1095,#1096,#1097,#1098),
  .UNSPECIFIED.,.F.,.F.,(4,4),(0.,1.),.PIECEWISE_BEZIER_KNOTS.);
#1095 = CARTESIAN_POINT('',(1.18739067275,2.564144378744,0.));
#1096 = CARTESIAN_POINT('',(1.19361127793,2.580399946104,0.));
#1097 = CARTESIAN_POINT('',(1.210077034182,2.629989969571,0.));
#1098 = CARTESIAN_POINT('',(1.218535645323,2.719217349594,0.));
#1099 = SURFACE_OF_LINEAR_EXTRUSION('',#1100,#1105);
#1100 = B_SPLINE_CURVE_WITH_KNOTS('',3,(#1101,#1102,#1103,#1104),
  .UNSPECIFIED.,.F.,.F.,(4,4),(0.,1.),.PIECEWISE_BEZIER_KNOTS.);
#1101 = CARTESIAN_POINT('',(1.18739067275,2.564144378744,0.));
#1102 = CARTESIAN_POINT('',(1.19361127793,2.580399946104,0.));
#1103 = CARTESIAN_POINT('',(1.210077034182,2.629989969571,0.));
#1104 = CARTESIAN_POINT('',(1.218535645323,2.719217349594,0.));
#1105 = VECTOR('',#1106,1.);
#1106 = DIRECTION('',(-0.,-0.,-1.));
#1107 = ADVANCED_FACE('',(#1108),#1135,.F.);
#1108 = FACE_BOUND('',#1109,.F.);
#1109 = EDGE_LOOP('',(#1110,#1111,#1120,#1128));
#1110 = ORIENTED_EDGE('',*,*,#1085,.T.);
#1111 = ORIENTED_EDGE('',*,*,#1112,.T.);
#1112 = EDGE_CURVE('',#1077,#1113,#1115,.T.);
#1113 = VERTEX_POINT('',#1114);
#1114 = CARTESIAN_POINT('',(1.174661389241,3.191158424109,5.));
#1115 = B_SPLINE_CURVE_WITH_KNOTS('',3,(#1116,#1117,#1118,#1119),
  .UNSPECIFIED.,.F.,.F.,(4,4),(0.,1.),.PIECEWISE_BEZIER_KNOTS.);
#1116 = CARTESIAN_POINT('',(1.218535645323,2.719217349594,5.));
#1117 = CARTESIAN_POINT('',(1.22818021559,2.825839409156,5.));
#1118 = CARTESIAN_POINT('',(1.225030875889,2.983959435964,5.));
#1119 = CARTESIAN_POINT('',(1.174661389241,3.191158424109,5.));
#1120 = ORIENTED_EDGE('',*,*,#1121,.F.);
#1121 = EDGE_CURVE('',#1122,#1113,#1124,.T.);
#1122 = VERTEX_POINT('',#1123);
#1123 = CARTESIAN_POINT('',(1.174661389241,3.191158424109,0.));
#1124 = LINE('',#1125,#1126);
#1125 = CARTESIAN_POINT('',(1.174661389241,3.191158424109,0.));
#1126 = VECTOR('',#1127,1.);
#1127 = DIRECTION('',(0.,0.,1.));
#1128 = ORIENTED_EDGE('',*,*,#1129,.F.);
#1129 = EDGE_CURVE('',#1086,#1122,#1130,.T.);
#1130 = B_SPLINE_CURVE_WITH_KNOTS('',3,(#1131,#1132,#1133,#1134),
  .UNSPECIFIED.,.F.,.F.,(4,4),(0.,1.),.PIECEWISE_BEZIER_KNOTS.);
#1131 = CARTESIAN_POINT('',(1.218535645323,2.719217349594,0.));
#1132 = CARTESIAN_POINT('',(1.22818021559,2.825839409156,0.));
#1133 = CARTESIAN_POINT('',(1.225030875889,2.983959435964,0.));
#1134 = CARTESIAN_POINT('',(1.174661389241,3.191158424109,0.));
#1135 = SURFACE_OF_LINEAR_EXTRUSION('',#1136,#1141);
#1136 = B_SPLINE_CURVE_WITH_KNOTS('',3,(#1137,#1138,#1139,#1140),
  .UNSPECIFIED.,.F.,.F.,(4,4),(0.,1.),.PIECEWISE_BEZIER_KNOTS.);
#1137 = CARTESIAN_POINT('',(1.218535645323,2.719217349594,0.));
#1138 = CARTESIAN_POINT('',(1.22818021559,2.825839409156,0.));
#1139 = CARTESIAN_POINT('',(1.225030875889,2.983959435964,0.));
#1140 = CARTESIAN_POINT('',(1.174661389241,3.191158424109,0.));
#1141 = VECTOR('',#1142,1.);
#1142 = DIRECTION('',(-0.,-0.,-1.));
#1143 = ADVANCED_FACE('',(#1144),#1171,.T.);
#1144 = FACE_BOUND('',#1145,.F.);
#1145 = EDGE_LOOP('',(#1146,#1147,#1156,#1164));
#1146 = ORIENTED_EDGE('',*,*,#1121,.T.);
#1147 = ORIENTED_EDGE('',*,*,#1148,.T.);
#1148 = EDGE_CURVE('',#1113,#1149,#1151,.T.);
#1149 = VERTEX_POINT('',#1150);
#1150 = CARTESIAN_POINT('',(0.925052435748,3.271739291434,5.));
#1151 = CIRCLE('',#1152,3.4);
#1152 = AXIS2_PLACEMENT_3D('',#1153,#1154,#1155);
#1153 = CARTESIAN_POINT('',(6.098657283064E-03,-1.718200735775E-03,5.));
#1154 = DIRECTION('',(0.,-0.,1.));
#1155 = DIRECTION('',(0.343694921164,0.939081360248,0.));
#1156 = ORIENTED_EDGE('',*,*,#1157,.F.);
#1157 = EDGE_CURVE('',#1158,#1149,#1160,.T.);
#1158 = VERTEX_POINT('',#1159);
#1159 = CARTESIAN_POINT('',(0.925052435748,3.271739291434,0.));
#1160 = LINE('',#1161,#1162);
#1161 = CARTESIAN_POINT('',(0.925052435748,3.271739291434,0.));
#1162 = VECTOR('',#1163,1.);
#1163 = DIRECTION('',(0.,0.,1.));
#1164 = ORIENTED_EDGE('',*,*,#1165,.F.);
#1165 = EDGE_CURVE('',#1122,#1158,#1166,.T.);
#1166 = CIRCLE('',#1167,3.4);
#1167 = AXIS2_PLACEMENT_3D('',#1168,#1169,#1170);
#1168 = CARTESIAN_POINT('',(6.098657283064E-03,-1.718200735775E-03,0.));
#1169 = DIRECTION('',(0.,-0.,1.));
#1170 = DIRECTION('',(0.343694921164,0.939081360248,0.));
#1171 = CYLINDRICAL_SURFACE('',#1172,3.4);
#1172 = AXIS2_PLACEMENT_3D('',#1173,#1174,#1175);
#1173 = CARTESIAN_POINT('',(6.098657283064E-03,-1.718200735775E-03,0.));
#1174 = DIRECTION('',(-0.,0.,-1.));
#1175 = DIRECTION('',(0.343694921164,0.939081360248,0.));
#1176 = ADVANCED_FACE('',(#1177),#1204,.F.);
#1177 = FACE_BOUND('',#1178,.F.);
#1178 = EDGE_LOOP('',(#1179,#1180,#1189,#1197));
#1179 = ORIENTED_EDGE('',*,*,#1157,.T.);
#1180 = ORIENTED_EDGE('',*,*,#1181,.T.);
#1181 = EDGE_CURVE('',#1149,#1182,#1184,.T.);
#1182 = VERTEX_POINT('',#1183);
#1183 = CARTESIAN_POINT('',(0.612499810551,2.916130328934,5.));
#1184 = B_SPLINE_CURVE_WITH_KNOTS('',3,(#1185,#1186,#1187,#1188),
  .UNSPECIFIED.,.F.,.F.,(4,4),(0.,1.),.PIECEWISE_BEZIER_KNOTS.);
#1185 = CARTESIAN_POINT('',(0.925052435748,3.271739291434,5.));
#1186 = CARTESIAN_POINT('',(0.76285655267,3.134128976671,5.));
#1187 = CARTESIAN_POINT('',(0.667368063481,3.008058323263,5.));
#1188 = CARTESIAN_POINT('',(0.612499810551,2.916130328934,5.));
#1189 = ORIENTED_EDGE('',*,*,#1190,.F.);
#1190 = EDGE_CURVE('',#1191,#1182,#1193,.T.);
#1191 = VERTEX_POINT('',#1192);
#1192 = CARTESIAN_POINT('',(0.612499810551,2.916130328934,0.));
#1193 = LINE('',#1194,#1195);
#1194 = CARTESIAN_POINT('',(0.612499810551,2.916130328934,0.));
#1195 = VECTOR('',#1196,1.);
#1196 = DIRECTION('',(0.,0.,1.));
#1197 = ORIENTED_EDGE('',*,*,#1198,.F.);
#1198 = EDGE_CURVE('',#1158,#1191,#1199,.T.);
#1199 = B_SPLINE_CURVE_WITH_KNOTS('',3,(#1200,#1201,#1202,#1203),
  .UNSPECIFIED.,.F.,.F.,(4,4),(0.,1.),.PIECEWISE_BEZIER_KNOTS.);
#1200 = CARTESIAN_POINT('',(0.925052435748,3.271739291434,0.));
#1201 = CARTESIAN_POINT('',(0.76285655267,3.134128976671,0.));
#1202 = CARTESIAN_POINT('',(0.667368063481,3.008058323263,0.));
#1203 = CARTESIAN_POINT('',(0.612499810551,2.916130328934,0.));
#1204 = SURFACE_OF_LINEAR_EXTRUSION('',#1205,#1210);
#1205 = B_SPLINE_CURVE_WITH_KNOTS('',3,(#1206,#1207,#1208,#1209),
  .UNSPECIFIED.,.F.,.F.,(4,4),(0.,1.),.PIECEWISE_BEZIER_KNOTS.);
#1206 = CARTESIAN_POINT('',(0.925052435748,3.271739291434,0.));
#1207 = CARTESIAN_POINT('',(0.76285655267,3.134128976671,0.));
#1208 = CARTESIAN_POINT('',(0.667368063481,3.008058323263,0.));
#1209 = CARTESIAN_POINT('',(0.612499810551,2.916130328934,0.));
#1210 = VECTOR('',#1211,1.);
#1211 = DIRECTION('',(-0.,-0.,-1.));
#1212 = ADVANCED_FACE('',(#1213),#1240,.F.);
#1213 = FACE_BOUND('',#1214,.F.);
#1214 = EDGE_LOOP('',(#1215,#1216,#1225,#1233));
#1215 = ORIENTED_EDGE('',*,*,#1190,.T.);
#1216 = ORIENTED_EDGE('',*,*,#1217,.T.);
#1217 = EDGE_CURVE('',#1182,#1218,#1220,.T.);
#1218 = VERTEX_POINT('',#1219);
#1219 = CARTESIAN_POINT('',(0.546547017357,2.772367104587,5.));
#1220 = B_SPLINE_CURVE_WITH_KNOTS('',3,(#1221,#1222,#1223,#1224),
  .UNSPECIFIED.,.F.,.F.,(4,4),(0.,1.),.PIECEWISE_BEZIER_KNOTS.);
#1221 = CARTESIAN_POINT('',(0.612499810551,2.916130328934,5.));
#1222 = CARTESIAN_POINT('',(0.566896432635,2.838972015248,5.));
#1223 = CARTESIAN_POINT('',(0.551069224813,2.78917451482,5.));
#1224 = CARTESIAN_POINT('',(0.546547017357,2.772367104587,5.));
#1225 = ORIENTED_EDGE('',*,*,#1226,.F.);
#1226 = EDGE_CURVE('',#1227,#1218,#1229,.T.);
#1227 = VERTEX_POINT('',#1228);
#1228 = CARTESIAN_POINT('',(0.546547017357,2.772367104587,0.));
#1229 = LINE('',#1230,#1231);
#1230 = CARTESIAN_POINT('',(0.546547017357,2.772367104587,0.));
#1231 = VECTOR('',#1232,1.);
#1232 = DIRECTION('',(0.,0.,1.));
#1233 = ORIENTED_EDGE('',*,*,#1234,.F.);
#1234 = EDGE_CURVE('',#1191,#1227,#1235,.T.);
#1235 = B_SPLINE_CURVE_WITH_KNOTS('',3,(#1236,#1237,#1238,#1239),
  .UNSPECIFIED.,.F.,.F.,(4,4),(0.,1.),.PIECEWISE_BEZIER_KNOTS.);
#1236 = CARTESIAN_POINT('',(0.612499810551,2.916130328934,0.));
#1237 = CARTESIAN_POINT('',(0.566896432635,2.838972015248,0.));
#1238 = CARTESIAN_POINT('',(0.551069224813,2.78917451482,0.));
#1239 = CARTESIAN_POINT('',(0.546547017357,2.772367104587,0.));
#1240 = SURFACE_OF_LINEAR_EXTRUSION('',#1241,#1246);
#1241 = B_SPLINE_CURVE_WITH_KNOTS('',3,(#1242,#1243,#1244,#1245),
  .UNSPECIFIED.,.F.,.F.,(4,4),(0.,1.),.PIECEWISE_BEZIER_KNOTS.);
#1242 = CARTESIAN_POINT('',(0.612499810551,2.916130328934,0.));
#1243 = CARTESIAN_POINT('',(0.566896432635,2.838972015248,0.));
#1244 = CARTESIAN_POINT('',(0.551069224813,2.78917451482,0.));
#1245 = CARTESIAN_POINT('',(0.546547017357,2.772367104587,0.));
#1246 = VECTOR('',#1247,1.);
#1247 = DIRECTION('',(-0.,-0.,-1.));
#1248 = ADVANCED_FACE('',(#1249),#1274,.F.);
#1249 = FACE_BOUND('',#1250,.F.);
#1250 = EDGE_LOOP('',(#1251,#1252,#1260,#1268));
#1251 = ORIENTED_EDGE('',*,*,#1226,.T.);
#1252 = ORIENTED_EDGE('',*,*,#1253,.T.);
#1253 = EDGE_CURVE('',#1218,#1254,#1256,.T.);
#1254 = VERTEX_POINT('',#1255);
#1255 = CARTESIAN_POINT('',(0.51265931566,2.601977022586,5.));
#1256 = LINE('',#1257,#1258);
#1257 = CARTESIAN_POINT('',(0.546547017357,2.772367104587,5.));
#1258 = VECTOR('',#1259,1.);
#1259 = DIRECTION('',(-0.195062675953,-0.980790779142,0.));
#1260 = ORIENTED_EDGE('',*,*,#1261,.F.);
#1261 = EDGE_CURVE('',#1262,#1254,#1264,.T.);
#1262 = VERTEX_POINT('',#1263);
#1263 = CARTESIAN_POINT('',(0.51265931566,2.601977022586,0.));
#1264 = LINE('',#1265,#1266);
#1265 = CARTESIAN_POINT('',(0.51265931566,2.601977022586,0.));
#1266 = VECTOR('',#1267,1.);
#1267 = DIRECTION('',(0.,0.,1.));
#1268 = ORIENTED_EDGE('',*,*,#1269,.F.);
#1269 = EDGE_CURVE('',#1227,#1262,#1270,.T.);
#1270 = LINE('',#1271,#1272);
#1271 = CARTESIAN_POINT('',(0.546547017357,2.772367104587,0.));
#1272 = VECTOR('',#1273,1.);
#1273 = DIRECTION('',(-0.195062675953,-0.980790779142,0.));
#1274 = PLANE('',#1275);
#1275 = AXIS2_PLACEMENT_3D('',#1276,#1277,#1278);
#1276 = CARTESIAN_POINT('',(0.546547017357,2.772367104587,0.));
#1277 = DIRECTION('',(0.980790779142,-0.195062675953,0.));
#1278 = DIRECTION('',(-0.195062675953,-0.980790779142,0.));
#1279 = ADVANCED_FACE('',(#1280),#1307,.F.);
#1280 = FACE_BOUND('',#1281,.F.);
#1281 = EDGE_LOOP('',(#1282,#1283,#1292,#1300));
#1282 = ORIENTED_EDGE('',*,*,#1261,.T.);
#1283 = ORIENTED_EDGE('',*,*,#1284,.T.);
#1284 = EDGE_CURVE('',#1254,#1285,#1287,.T.);
#1285 = VERTEX_POINT('',#1286);
#1286 = CARTESIAN_POINT('',(0.342129301242,2.476478859436,5.));
#1287 = CIRCLE('',#1288,0.152);
#1288 = AXIS2_PLACEMENT_3D('',#1289,#1290,#1291);
#1289 = CARTESIAN_POINT('',(0.362745575203,2.627074241994,5.));
#1290 = DIRECTION('',(0.,0.,-1.));
#1291 = DIRECTION('',(0.986274608274,-0.165113285579,0.));
#1292 = ORIENTED_EDGE('',*,*,#1293,.F.);
#1293 = EDGE_CURVE('',#1294,#1285,#1296,.T.);
#1294 = VERTEX_POINT('',#1295);
#1295 = CARTESIAN_POINT('',(0.342129301242,2.476478859436,0.));
#1296 = LINE('',#1297,#1298);
#1297 = CARTESIAN_POINT('',(0.342129301242,2.476478859436,0.));
#1298 = VECTOR('',#1299,1.);
#1299 = DIRECTION('',(0.,0.,1.));
#1300 = ORIENTED_EDGE('',*,*,#1301,.F.);
#1301 = EDGE_CURVE('',#1262,#1294,#1302,.T.);
#1302 = CIRCLE('',#1303,0.152);
#1303 = AXIS2_PLACEMENT_3D('',#1304,#1305,#1306);
#1304 = CARTESIAN_POINT('',(0.362745575203,2.627074241994,0.));
#1305 = DIRECTION('',(0.,0.,-1.));
#1306 = DIRECTION('',(0.986274608274,-0.165113285579,0.));
#1307 = CYLINDRICAL_SURFACE('',#1308,0.152);
#1308 = AXIS2_PLACEMENT_3D('',#1309,#1310,#1311);
#1309 = CARTESIAN_POINT('',(0.362745575203,2.627074241994,0.));
#1310 = DIRECTION('',(0.,0.,-1.));
#1311 = DIRECTION('',(0.986274608274,-0.165113285579,0.));
#1312 = ADVANCED_FACE('',(#1313),#1340,.T.);
#1313 = FACE_BOUND('',#1314,.F.);
#1314 = EDGE_LOOP('',(#1315,#1316,#1325,#1333));
#1315 = ORIENTED_EDGE('',*,*,#1293,.T.);
#1316 = ORIENTED_EDGE('',*,*,#1317,.T.);
#1317 = EDGE_CURVE('',#1285,#1318,#1320,.T.);
#1318 = VERTEX_POINT('',#1319);
#1319 = CARTESIAN_POINT('',(0.18023595179,2.493494536124,5.));
#1320 = CIRCLE('',#1321,2.5);
#1321 = AXIS2_PLACEMENT_3D('',#1322,#1323,#1324);
#1322 = CARTESIAN_POINT('',(-5.415112802609E-14,-4.571898415406E-13,5.)
  );
#1323 = DIRECTION('',(0.,-0.,1.));
#1324 = DIRECTION('',(0.136851720497,0.990591543774,0.));
#1325 = ORIENTED_EDGE('',*,*,#1326,.F.);
#1326 = EDGE_CURVE('',#1327,#1318,#1329,.T.);
#1327 = VERTEX_POINT('',#1328);
#1328 = CARTESIAN_POINT('',(0.18023595179,2.493494536124,0.));
#1329 = LINE('',#1330,#1331);
#1330 = CARTESIAN_POINT('',(0.18023595179,2.493494536124,0.));
#1331 = VECTOR('',#1332,1.);
#1332 = DIRECTION('',(0.,0.,1.));
#1333 = ORIENTED_EDGE('',*,*,#1334,.F.);
#1334 = EDGE_CURVE('',#1294,#1327,#1335,.T.);
#1335 = CIRCLE('',#1336,2.5);
#1336 = AXIS2_PLACEMENT_3D('',#1337,#1338,#1339);
#1337 = CARTESIAN_POINT('',(-5.415112802609E-14,-4.571898415406E-13,0.)
  );
#1338 = DIRECTION('',(0.,-0.,1.));
#1339 = DIRECTION('',(0.136851720497,0.990591543774,0.));
#1340 = CYLINDRICAL_SURFACE('',#1341,2.5);
#1341 = AXIS2_PLACEMENT_3D('',#1342,#1343,#1344);
#1342 = CARTESIAN_POINT('',(-5.415112802609E-14,-4.571898415406E-13,0.)
  );
#1343 = DIRECTION('',(-0.,0.,-1.));
#1344 = DIRECTION('',(0.136851720497,0.990591543774,0.));
#1345 = ADVANCED_FACE('',(#1346),#1373,.F.);
#1346 = FACE_BOUND('',#1347,.F.);
#1347 = EDGE_LOOP('',(#1348,#1349,#1358,#1366));
#1348 = ORIENTED_EDGE('',*,*,#1326,.T.);
#1349 = ORIENTED_EDGE('',*,*,#1350,.T.);
#1350 = EDGE_CURVE('',#1318,#1351,#1353,.T.);
#1351 = VERTEX_POINT('',#1352);
#1352 = CARTESIAN_POINT('',(3.952496262805E-02,2.65170544694,5.));
#1353 = CIRCLE('',#1354,0.152);
#1354 = AXIS2_PLACEMENT_3D('',#1355,#1356,#1357);
#1355 = CARTESIAN_POINT('',(0.191380733496,2.645085412633,5.));
#1356 = DIRECTION('',(0.,0.,-1.));
#1357 = DIRECTION('',(-7.332093227689E-02,-0.997308398085,-0.));
#1358 = ORIENTED_EDGE('',*,*,#1359,.F.);
#1359 = EDGE_CURVE('',#1360,#1351,#1362,.T.);
#1360 = VERTEX_POINT('',#1361);
#1361 = CARTESIAN_POINT('',(3.952496262805E-02,2.65170544694,0.));
#1362 = LINE('',#1363,#1364);
#1363 = CARTESIAN_POINT('',(3.952496262805E-02,2.65170544694,0.));
#1364 = VECTOR('',#1365,1.);
#1365 = DIRECTION('',(0.,0.,1.));
#1366 = ORIENTED_EDGE('',*,*,#1367,.F.);
#1367 = EDGE_CURVE('',#1327,#1360,#1368,.T.);
#1368 = CIRCLE('',#1369,0.152);
#1369 = AXIS2_PLACEMENT_3D('',#1370,#1371,#1372);
#1370 = CARTESIAN_POINT('',(0.191380733496,2.645085412633,0.));
#1371 = DIRECTION('',(0.,0.,-1.));
#1372 = DIRECTION('',(-7.332093227689E-02,-0.997308398085,-0.));
#1373 = CYLINDRICAL_SURFACE('',#1374,0.152);
#1374 = AXIS2_PLACEMENT_3D('',#1375,#1376,#1377);
#1375 = CARTESIAN_POINT('',(0.191380733496,2.645085412633,0.));
#1376 = DIRECTION('',(0.,0.,-1.));
#1377 = DIRECTION('',(-7.332093227689E-02,-0.997308398085,-0.));
#1378 = ADVANCED_FACE('',(#1379),#1404,.F.);
#1379 = FACE_BOUND('',#1380,.F.);
#1380 = EDGE_LOOP('',(#1381,#1382,#1390,#1398));
#1381 = ORIENTED_EDGE('',*,*,#1359,.T.);
#1382 = ORIENTED_EDGE('',*,*,#1383,.T.);
#1383 = EDGE_CURVE('',#1351,#1384,#1386,.T.);
#1384 = VERTEX_POINT('',#1385);
#1385 = CARTESIAN_POINT('',(4.180387856593E-02,2.825417746195,5.));
#1386 = LINE('',#1387,#1388);
#1387 = CARTESIAN_POINT('',(3.952496262805E-02,2.65170544694,5.));
#1388 = VECTOR('',#1389,1.);
#1389 = DIRECTION('',(1.311778075385E-02,0.999913958212,0.));
#1390 = ORIENTED_EDGE('',*,*,#1391,.F.);
#1391 = EDGE_CURVE('',#1392,#1384,#1394,.T.);
#1392 = VERTEX_POINT('',#1393);
#1393 = CARTESIAN_POINT('',(4.180387856593E-02,2.825417746195,0.));
#1394 = LINE('',#1395,#1396);
#1395 = CARTESIAN_POINT('',(4.180387856593E-02,2.825417746195,0.));
#1396 = VECTOR('',#1397,1.);
#1397 = DIRECTION('',(0.,0.,1.));
#1398 = ORIENTED_EDGE('',*,*,#1399,.F.);
#1399 = EDGE_CURVE('',#1360,#1392,#1400,.T.);
#1400 = LINE('',#1401,#1402);
#1401 = CARTESIAN_POINT('',(3.952496262805E-02,2.65170544694,0.));
#1402 = VECTOR('',#1403,1.);
#1403 = DIRECTION('',(1.311778075385E-02,0.999913958212,0.));
#1404 = PLANE('',#1405);
#1405 = AXIS2_PLACEMENT_3D('',#1406,#1407,#1408);
#1406 = CARTESIAN_POINT('',(3.952496262805E-02,2.65170544694,0.));
#1407 = DIRECTION('',(-0.999913958212,1.311778075385E-02,0.));
#1408 = DIRECTION('',(1.311778075385E-02,0.999913958212,0.));
#1409 = ADVANCED_FACE('',(#1410),#1437,.F.);
#1410 = FACE_BOUND('',#1411,.F.);
#1411 = EDGE_LOOP('',(#1412,#1413,#1422,#1430));
#1412 = ORIENTED_EDGE('',*,*,#1391,.T.);
#1413 = ORIENTED_EDGE('',*,*,#1414,.T.);
#1414 = EDGE_CURVE('',#1384,#1415,#1417,.T.);
#1415 = VERTEX_POINT('',#1416);
#1416 = CARTESIAN_POINT('',(7.182367192943E-03,2.979751755911,5.));
#1417 = B_SPLINE_CURVE_WITH_KNOTS('',3,(#1418,#1419,#1420,#1421),
  .UNSPECIFIED.,.F.,.F.,(4,4),(0.,1.),.PIECEWISE_BEZIER_KNOTS.);
#1418 = CARTESIAN_POINT('',(4.180387856593E-02,2.825417746195,5.));
#1419 = CARTESIAN_POINT('',(4.087494927287E-02,2.842798093987,5.));
#1420 = CARTESIAN_POINT('',(3.574708642812E-02,2.894798061093,5.));
#1421 = CARTESIAN_POINT('',(7.182367192943E-03,2.979751755911,5.));
#1422 = ORIENTED_EDGE('',*,*,#1423,.F.);
#1423 = EDGE_CURVE('',#1424,#1415,#1426,.T.);
#1424 = VERTEX_POINT('',#1425);
#1425 = CARTESIAN_POINT('',(7.182367192943E-03,2.979751755911,0.));
#1426 = LINE('',#1427,#1428);
#1427 = CARTESIAN_POINT('',(7.182367192943E-03,2.979751755911,0.));
#1428 = VECTOR('',#1429,1.);
#1429 = DIRECTION('',(0.,0.,1.));
#1430 = ORIENTED_EDGE('',*,*,#1431,.F.);
#1431 = EDGE_CURVE('',#1392,#1424,#1432,.T.);
#1432 = B_SPLINE_CURVE_WITH_KNOTS('',3,(#1433,#1434,#1435,#1436),
  .UNSPECIFIED.,.F.,.F.,(4,4),(0.,1.),.PIECEWISE_BEZIER_KNOTS.);
#1433 = CARTESIAN_POINT('',(4.180387856593E-02,2.825417746195,0.));
#1434 = CARTESIAN_POINT('',(4.087494927287E-02,2.842798093987,0.));
#1435 = CARTESIAN_POINT('',(3.574708642812E-02,2.894798061093,0.));
#1436 = CARTESIAN_POINT('',(7.182367192943E-03,2.979751755911,0.));
#1437 = SURFACE_OF_LINEAR_EXTRUSION('',#1438,#1443);
#1438 = B_SPLINE_CURVE_WITH_KNOTS('',3,(#1439,#1440,#1441,#1442),
  .UNSPECIFIED.,.F.,.F.,(4,4),(0.,1.),.PIECEWISE_BEZIER_KNOTS.);
#1439 = CARTESIAN_POINT('',(4.180387856593E-02,2.825417746195,0.));
#1440 = CARTESIAN_POINT('',(4.087494927287E-02,2.842798093987,0.));
#1441 = CARTESIAN_POINT('',(3.574708642812E-02,2.894798061093,0.));
#1442 = CARTESIAN_POINT('',(7.182367192943E-03,2.979751755911,0.));
#1443 = VECTOR('',#1444,1.);
#1444 = DIRECTION('',(-0.,-0.,-1.));
#1445 = ADVANCED_FACE('',(#1446),#1473,.F.);
#1446 = FACE_BOUND('',#1447,.F.);
#1447 = EDGE_LOOP('',(#1448,#1449,#1458,#1466));
#1448 = ORIENTED_EDGE('',*,*,#1423,.T.);
#1449 = ORIENTED_EDGE('',*,*,#1450,.T.);
#1450 = EDGE_CURVE('',#1415,#1451,#1453,.T.);
#1451 = VERTEX_POINT('',#1452);
#1452 = CARTESIAN_POINT('',(-0.224854488536,3.393046113173,5.));
#1453 = B_SPLINE_CURVE_WITH_KNOTS('',3,(#1454,#1455,#1456,#1457),
  .UNSPECIFIED.,.F.,.F.,(4,4),(0.,1.),.PIECEWISE_BEZIER_KNOTS.);
#1454 = CARTESIAN_POINT('',(7.182367192943E-03,2.979751755911,5.));
#1455 = CARTESIAN_POINT('',(-2.737397803248E-02,3.081078654243,5.));
#1456 = CARTESIAN_POINT('',(-9.456425191764E-02,3.224247534638,5.));
#1457 = CARTESIAN_POINT('',(-0.224854488536,3.393046113173,5.));
#1458 = ORIENTED_EDGE('',*,*,#1459,.F.);
#1459 = EDGE_CURVE('',#1460,#1451,#1462,.T.);
#1460 = VERTEX_POINT('',#1461);
#1461 = CARTESIAN_POINT('',(-0.224854488536,3.393046113173,0.));
#1462 = LINE('',#1463,#1464);
#1463 = CARTESIAN_POINT('',(-0.224854488536,3.393046113173,0.));
#1464 = VECTOR('',#1465,1.);
#1465 = DIRECTION('',(0.,0.,1.));
#1466 = ORIENTED_EDGE('',*,*,#1467,.F.);
#1467 = EDGE_CURVE('',#1424,#1460,#1468,.T.);
#1468 = B_SPLINE_CURVE_WITH_KNOTS('',3,(#1469,#1470,#1471,#1472),
  .UNSPECIFIED.,.F.,.F.,(4,4),(0.,1.),.PIECEWISE_BEZIER_KNOTS.);
#1469 = CARTESIAN_POINT('',(7.182367192943E-03,2.979751755911,0.));
#1470 = CARTESIAN_POINT('',(-2.737397803248E-02,3.081078654243,0.));
#1471 = CARTESIAN_POINT('',(-9.456425191764E-02,3.224247534638,0.));
#1472 = CARTESIAN_POINT('',(-0.224854488536,3.393046113173,0.));
#1473 = SURFACE_OF_LINEAR_EXTRUSION('',#1474,#1479);
#1474 = B_SPLINE_CURVE_WITH_KNOTS('',3,(#1475,#1476,#1477,#1478),
  .UNSPECIFIED.,.F.,.F.,(4,4),(0.,1.),.PIECEWISE_BEZIER_KNOTS.);
#1475 = CARTESIAN_POINT('',(7.182367192943E-03,2.979751755911,0.));
#1476 = CARTESIAN_POINT('',(-2.737397803248E-02,3.081078654243,0.));
#1477 = CARTESIAN_POINT('',(-9.456425191764E-02,3.224247534638,0.));
#1478 = CARTESIAN_POINT('',(-0.224854488536,3.393046113173,0.));
#1479 = VECTOR('',#1480,1.);
#1480 = DIRECTION('',(-0.,-0.,-1.));
#1481 = ADVANCED_FACE('',(#1482),#1509,.T.);
#1482 = FACE_BOUND('',#1483,.F.);
#1483 = EDGE_LOOP('',(#1484,#1485,#1494,#1502));
#1484 = ORIENTED_EDGE('',*,*,#1459,.T.);
#1485 = ORIENTED_EDGE('',*,*,#1486,.T.);
#1486 = EDGE_CURVE('',#1451,#1487,#1489,.T.);
#1487 = VERTEX_POINT('',#1488);
#1488 = CARTESIAN_POINT('',(-0.485658805658,3.365135290666,5.));
#1489 = CIRCLE('',#1490,3.399999999999);
#1490 = AXIS2_PLACEMENT_3D('',#1491,#1492,#1493);
#1491 = CARTESIAN_POINT('',(6.27025585795E-03,9.108929142114E-04,5.));
#1492 = DIRECTION('',(0.,0.,1.));
#1493 = DIRECTION('',(-6.797786599834E-02,0.997686829488,0.));
#1494 = ORIENTED_EDGE('',*,*,#1495,.F.);
#1495 = EDGE_CURVE('',#1496,#1487,#1498,.T.);
#1496 = VERTEX_POINT('',#1497);
#1497 = CARTESIAN_POINT('',(-0.485658805658,3.365135290666,0.));
#1498 = LINE('',#1499,#1500);
#1499 = CARTESIAN_POINT('',(-0.485658805658,3.365135290666,0.));
#1500 = VECTOR('',#1501,1.);
#1501 = DIRECTION('',(0.,0.,1.));
#1502 = ORIENTED_EDGE('',*,*,#1503,.F.);
#1503 = EDGE_CURVE('',#1460,#1496,#1504,.T.);
#1504 = CIRCLE('',#1505,3.399999999999);
#1505 = AXIS2_PLACEMENT_3D('',#1506,#1507,#1508);
#1506 = CARTESIAN_POINT('',(6.27025585795E-03,9.108929142114E-04,0.));
#1507 = DIRECTION('',(0.,0.,1.));
#1508 = DIRECTION('',(-6.797786599834E-02,0.997686829488,0.));
#1509 = CYLINDRICAL_SURFACE('',#1510,3.399999999999);
#1510 = AXIS2_PLACEMENT_3D('',#1511,#1512,#1513);
#1511 = CARTESIAN_POINT('',(6.27025585795E-03,9.108929142114E-04,0.));
#1512 = DIRECTION('',(-0.,-0.,-1.));
#1513 = DIRECTION('',(-6.797786599834E-02,0.997686829488,0.));
#1514 = ADVANCED_FACE('',(#1515),#1542,.F.);
#1515 = FACE_BOUND('',#1516,.F.);
#1516 = EDGE_LOOP('',(#1517,#1518,#1527,#1535));
#1517 = ORIENTED_EDGE('',*,*,#1495,.T.);
#1518 = ORIENTED_EDGE('',*,*,#1519,.T.);
#1519 = EDGE_CURVE('',#1487,#1520,#1522,.T.);
#1520 = VERTEX_POINT('',#1521);
#1521 = CARTESIAN_POINT('',(-0.626550641026,2.91314373272,5.));
#1522 = B_SPLINE_CURVE_WITH_KNOTS('',3,(#1523,#1524,#1525,#1526),
  .UNSPECIFIED.,.F.,.F.,(4,4),(0.,1.),.PIECEWISE_BEZIER_KNOTS.);
#1523 = CARTESIAN_POINT('',(-0.485658805658,3.365135290666,5.));
#1524 = CARTESIAN_POINT('',(-0.577860960413,3.173451003685,5.));
#1525 = CARTESIAN_POINT('',(-0.613816481611,3.019441063377,5.));
#1526 = CARTESIAN_POINT('',(-0.626550641026,2.91314373272,5.));
#1527 = ORIENTED_EDGE('',*,*,#1528,.F.);
#1528 = EDGE_CURVE('',#1529,#1520,#1531,.T.);
#1529 = VERTEX_POINT('',#1530);
#1530 = CARTESIAN_POINT('',(-0.626550641026,2.91314373272,0.));
#1531 = LINE('',#1532,#1533);
#1532 = CARTESIAN_POINT('',(-0.626550641026,2.91314373272,0.));
#1533 = VECTOR('',#1534,1.);
#1534 = DIRECTION('',(0.,0.,1.));
#1535 = ORIENTED_EDGE('',*,*,#1536,.F.);
#1536 = EDGE_CURVE('',#1496,#1529,#1537,.T.);
#1537 = B_SPLINE_CURVE_WITH_KNOTS('',3,(#1538,#1539,#1540,#1541),
  .UNSPECIFIED.,.F.,.F.,(4,4),(0.,1.),.PIECEWISE_BEZIER_KNOTS.);
#1538 = CARTESIAN_POINT('',(-0.485658805658,3.365135290666,0.));
#1539 = CARTESIAN_POINT('',(-0.577860960413,3.173451003685,0.));
#1540 = CARTESIAN_POINT('',(-0.613816481611,3.019441063377,0.));
#1541 = CARTESIAN_POINT('',(-0.626550641026,2.91314373272,0.));
#1542 = SURFACE_OF_LINEAR_EXTRUSION('',#1543,#1548);
#1543 = B_SPLINE_CURVE_WITH_KNOTS('',3,(#1544,#1545,#1546,#1547),
  .UNSPECIFIED.,.F.,.F.,(4,4),(0.,1.),.PIECEWISE_BEZIER_KNOTS.);
#1544 = CARTESIAN_POINT('',(-0.485658805658,3.365135290666,0.));
#1545 = CARTESIAN_POINT('',(-0.577860960413,3.173451003685,0.));
#1546 = CARTESIAN_POINT('',(-0.613816481611,3.019441063377,0.));
#1547 = CARTESIAN_POINT('',(-0.626550641026,2.91314373272,0.));
#1548 = VECTOR('',#1549,1.);
#1549 = DIRECTION('',(-0.,-0.,-1.));
#1550 = ADVANCED_FACE('',(#1551),#1578,.F.);
#1551 = FACE_BOUND('',#1552,.F.);
#1552 = EDGE_LOOP('',(#1553,#1554,#1563,#1571));
#1553 = ORIENTED_EDGE('',*,*,#1528,.T.);
#1554 = ORIENTED_EDGE('',*,*,#1555,.T.);
#1555 = EDGE_CURVE('',#1520,#1556,#1558,.T.);
#1556 = VERTEX_POINT('',#1557);
#1557 = CARTESIAN_POINT('',(-0.628327744399,2.754984074436,5.));
#1558 = B_SPLINE_CURVE_WITH_KNOTS('',3,(#1559,#1560,#1561,#1562),
  .UNSPECIFIED.,.F.,.F.,(4,4),(0.,1.),.PIECEWISE_BEZIER_KNOTS.);
#1559 = CARTESIAN_POINT('',(-0.626550641026,2.91314373272,5.));
#1560 = CARTESIAN_POINT('',(-0.636828286281,2.824107540886,5.));
#1561 = CARTESIAN_POINT('',(-0.631032691936,2.772177755189,5.));
#1562 = CARTESIAN_POINT('',(-0.628327744399,2.754984074436,5.));
#1563 = ORIENTED_EDGE('',*,*,#1564,.F.);
#1564 = EDGE_CURVE('',#1565,#1556,#1567,.T.);
#1565 = VERTEX_POINT('',#1566);
#1566 = CARTESIAN_POINT('',(-0.628327744399,2.754984074436,0.));
#1567 = LINE('',#1568,#1569);
#1568 = CARTESIAN_POINT('',(-0.628327744399,2.754984074436,0.));
#1569 = VECTOR('',#1570,1.);
#1570 = DIRECTION('',(0.,0.,1.));
#1571 = ORIENTED_EDGE('',*,*,#1572,.F.);
#1572 = EDGE_CURVE('',#1529,#1565,#1573,.T.);
#1573 = B_SPLINE_CURVE_WITH_KNOTS('',3,(#1574,#1575,#1576,#1577),
  .UNSPECIFIED.,.F.,.F.,(4,4),(0.,1.),.PIECEWISE_BEZIER_KNOTS.);
#1574 = CARTESIAN_POINT('',(-0.626550641026,2.91314373272,0.));
#1575 = CARTESIAN_POINT('',(-0.636828286281,2.824107540886,0.));
#1576 = CARTESIAN_POINT('',(-0.631032691936,2.772177755189,0.));
#1577 = CARTESIAN_POINT('',(-0.628327744399,2.754984074436,0.));
#1578 = SURFACE_OF_LINEAR_EXTRUSION('',#1579,#1584);
#1579 = B_SPLINE_CURVE_WITH_KNOTS('',3,(#1580,#1581,#1582,#1583),
  .UNSPECIFIED.,.F.,.F.,(4,4),(0.,1.),.PIECEWISE_BEZIER_KNOTS.);
#1580 = CARTESIAN_POINT('',(-0.626550641026,2.91314373272,0.));
#1581 = CARTESIAN_POINT('',(-0.636828286281,2.824107540886,0.));
#1582 = CARTESIAN_POINT('',(-0.631032691936,2.772177755189,0.));
#1583 = CARTESIAN_POINT('',(-0.628327744399,2.754984074436,0.));
#1584 = VECTOR('',#1585,1.);
#1585 = DIRECTION('',(-0.,-0.,-1.));
#1586 = ADVANCED_FACE('',(#1587),#1612,.F.);
#1587 = FACE_BOUND('',#1588,.F.);
#1588 = EDGE_LOOP('',(#1589,#1590,#1598,#1606));
#1589 = ORIENTED_EDGE('',*,*,#1564,.T.);
#1590 = ORIENTED_EDGE('',*,*,#1591,.T.);
#1591 = EDGE_CURVE('',#1556,#1592,#1594,.T.);
#1592 = VERTEX_POINT('',#1593);
#1593 = CARTESIAN_POINT('',(-0.589981810388,2.585541618967,5.));
#1594 = LINE('',#1595,#1596);
#1595 = CARTESIAN_POINT('',(-0.628327744399,2.754984074436,5.));
#1596 = VECTOR('',#1597,1.);
#1597 = DIRECTION('',(0.220724927496,-0.975336099189,0.));
#1598 = ORIENTED_EDGE('',*,*,#1599,.F.);
#1599 = EDGE_CURVE('',#1600,#1592,#1602,.T.);
#1600 = VERTEX_POINT('',#1601);
#1601 = CARTESIAN_POINT('',(-0.589981810388,2.585541618967,0.));
#1602 = LINE('',#1603,#1604);
#1603 = CARTESIAN_POINT('',(-0.589981810388,2.585541618967,0.));
#1604 = VECTOR('',#1605,1.);
#1605 = DIRECTION('',(0.,0.,1.));
#1606 = ORIENTED_EDGE('',*,*,#1607,.F.);
#1607 = EDGE_CURVE('',#1565,#1600,#1608,.T.);
#1608 = LINE('',#1609,#1610);
#1609 = CARTESIAN_POINT('',(-0.628327744399,2.754984074436,0.));
#1610 = VECTOR('',#1611,1.);
#1611 = DIRECTION('',(0.220724927496,-0.975336099189,0.));
#1612 = PLANE('',#1613);
#1613 = AXIS2_PLACEMENT_3D('',#1614,#1615,#1616);
#1614 = CARTESIAN_POINT('',(-0.628327744399,2.754984074436,0.));
#1615 = DIRECTION('',(0.975336099189,0.220724927496,-0.));
#1616 = DIRECTION('',(0.220724927496,-0.975336099189,0.));
#1617 = ADVANCED_FACE('',(#1618),#1645,.F.);
#1618 = FACE_BOUND('',#1619,.F.);
#1619 = EDGE_LOOP('',(#1620,#1621,#1630,#1638));
#1620 = ORIENTED_EDGE('',*,*,#1599,.T.);
#1621 = ORIENTED_EDGE('',*,*,#1622,.T.);
#1622 = EDGE_CURVE('',#1592,#1623,#1625,.T.);
#1623 = VERTEX_POINT('',#1624);
#1624 = CARTESIAN_POINT('',(-0.694724028859,2.40153253647,5.));
#1625 = CIRCLE('',#1626,0.152);
#1626 = AXIS2_PLACEMENT_3D('',#1627,#1628,#1629);
#1627 = CARTESIAN_POINT('',(-0.737142785793,2.547493658212,5.));
#1628 = DIRECTION('',(0.,0.,-1.));
#1629 = DIRECTION('',(0.96816431188,0.250315531283,0.));
#1630 = ORIENTED_EDGE('',*,*,#1631,.F.);
#1631 = EDGE_CURVE('',#1632,#1623,#1634,.T.);
#1632 = VERTEX_POINT('',#1633);
#1633 = CARTESIAN_POINT('',(-0.694724028859,2.40153253647,0.));
#1634 = LINE('',#1635,#1636);
#1635 = CARTESIAN_POINT('',(-0.694724028859,2.40153253647,0.));
#1636 = VECTOR('',#1637,1.);
#1637 = DIRECTION('',(0.,0.,1.));
#1638 = ORIENTED_EDGE('',*,*,#1639,.F.);
#1639 = EDGE_CURVE('',#1600,#1632,#1640,.T.);
#1640 = CIRCLE('',#1641,0.152);
#1641 = AXIS2_PLACEMENT_3D('',#1642,#1643,#1644);
#1642 = CARTESIAN_POINT('',(-0.737142785793,2.547493658212,0.));
#1643 = DIRECTION('',(0.,0.,-1.));
#1644 = DIRECTION('',(0.96816431188,0.250315531283,0.));
#1645 = CYLINDRICAL_SURFACE('',#1646,0.152);
#1646 = AXIS2_PLACEMENT_3D('',#1647,#1648,#1649);
#1647 = CARTESIAN_POINT('',(-0.737142785793,2.547493658212,0.));
#1648 = DIRECTION('',(0.,0.,-1.));
#1649 = DIRECTION('',(0.96816431188,0.250315531283,0.));
#1650 = ADVANCED_FACE('',(#1651),#1678,.T.);
#1651 = FACE_BOUND('',#1652,.F.);
#1652 = EDGE_LOOP('',(#1653,#1654,#1663,#1671));
#1653 = ORIENTED_EDGE('',*,*,#1631,.T.);
#1654 = ORIENTED_EDGE('',*,*,#1655,.T.);
#1655 = EDGE_CURVE('',#1623,#1656,#1658,.T.);
#1656 = VERTEX_POINT('',#1657);
#1657 = CARTESIAN_POINT('',(-0.84954186209,2.351229173126,5.));
#1658 = CIRCLE('',#1659,2.499999999999);
#1659 = AXIS2_PLACEMENT_3D('',#1660,#1661,#1662);
#1660 = CARTESIAN_POINT('',(-2.436939539052E-13,7.442935157087E-13,5.));
#1661 = DIRECTION('',(0.,0.,1.));
#1662 = DIRECTION('',(-0.277889611544,0.960613014588,0.));
#1663 = ORIENTED_EDGE('',*,*,#1664,.F.);
#1664 = EDGE_CURVE('',#1665,#1656,#1667,.T.);
#1665 = VERTEX_POINT('',#1666);
#1666 = CARTESIAN_POINT('',(-0.84954186209,2.351229173126,0.));
#1667 = LINE('',#1668,#1669);
#1668 = CARTESIAN_POINT('',(-0.84954186209,2.351229173126,0.));
#1669 = VECTOR('',#1670,1.);
#1670 = DIRECTION('',(0.,0.,1.));
#1671 = ORIENTED_EDGE('',*,*,#1672,.F.);
#1672 = EDGE_CURVE('',#1632,#1665,#1673,.T.);
#1673 = CIRCLE('',#1674,2.499999999999);
#1674 = AXIS2_PLACEMENT_3D('',#1675,#1676,#1677);
#1675 = CARTESIAN_POINT('',(-2.436939539052E-13,7.442935157087E-13,0.));
#1676 = DIRECTION('',(0.,0.,1.));
#1677 = DIRECTION('',(-0.277889611544,0.960613014588,0.));
#1678 = CYLINDRICAL_SURFACE('',#1679,2.499999999999);
#1679 = AXIS2_PLACEMENT_3D('',#1680,#1681,#1682);
#1680 = CARTESIAN_POINT('',(-2.436939539052E-13,7.442935157087E-13,0.));
#1681 = DIRECTION('',(-0.,-0.,-1.));
#1682 = DIRECTION('',(-0.277889611544,0.960613014588,0.));
#1683 = ADVANCED_FACE('',(#1684),#1711,.F.);
#1684 = FACE_BOUND('',#1685,.F.);
#1685 = EDGE_LOOP('',(#1686,#1687,#1696,#1704));
#1686 = ORIENTED_EDGE('',*,*,#1664,.T.);
#1687 = ORIENTED_EDGE('',*,*,#1688,.T.);
#1688 = EDGE_CURVE('',#1656,#1689,#1691,.T.);
#1689 = VERTEX_POINT('',#1690);
#1690 = CARTESIAN_POINT('',(-1.042437921842,2.438529716675,5.));
#1691 = CIRCLE('',#1692,0.152);
#1692 = AXIS2_PLACEMENT_3D('',#1693,#1694,#1695);
#1693 = CARTESIAN_POINT('',(-0.901018161618,2.494247320879,5.));
#1694 = DIRECTION('',(0.,0.,-1.));
#1695 = DIRECTION('',(0.338659865317,-0.9409088668,0.));
#1696 = ORIENTED_EDGE('',*,*,#1697,.F.);
#1697 = EDGE_CURVE('',#1698,#1689,#1700,.T.);
#1698 = VERTEX_POINT('',#1699);
#1699 = CARTESIAN_POINT('',(-1.042437921842,2.438529716675,0.));
#1700 = LINE('',#1701,#1702);
#1701 = CARTESIAN_POINT('',(-1.042437921842,2.438529716675,0.));
#1702 = VECTOR('',#1703,1.);
#1703 = DIRECTION('',(0.,0.,1.));
#1704 = ORIENTED_EDGE('',*,*,#1705,.F.);
#1705 = EDGE_CURVE('',#1665,#1698,#1706,.T.);
#1706 = CIRCLE('',#1707,0.152);
#1707 = AXIS2_PLACEMENT_3D('',#1708,#1709,#1710);
#1708 = CARTESIAN_POINT('',(-0.901018161618,2.494247320879,0.));
#1709 = DIRECTION('',(0.,0.,-1.));
#1710 = DIRECTION('',(0.338659865317,-0.9409088668,0.));
#1711 = CYLINDRICAL_SURFACE('',#1712,0.152);
#1712 = AXIS2_PLACEMENT_3D('',#1713,#1714,#1715);
#1713 = CARTESIAN_POINT('',(-0.901018161618,2.494247320879,0.));
#1714 = DIRECTION('',(0.,0.,-1.));
#1715 = DIRECTION('',(0.338659865317,-0.9409088668,0.));
#1716 = ADVANCED_FACE('',(#1717),#1742,.F.);
#1717 = FACE_BOUND('',#1718,.F.);
#1718 = EDGE_LOOP('',(#1719,#1720,#1728,#1736));
#1719 = ORIENTED_EDGE('',*,*,#1697,.T.);
#1720 = ORIENTED_EDGE('',*,*,#1721,.T.);
#1721 = EDGE_CURVE('',#1689,#1722,#1724,.T.);
#1722 = VERTEX_POINT('',#1723);
#1723 = CARTESIAN_POINT('',(-1.111011185999,2.598150717215,5.));
#1724 = LINE('',#1725,#1726);
#1725 = CARTESIAN_POINT('',(-1.042437921842,2.438529716675,5.));
#1726 = VECTOR('',#1727,1.);
#1727 = DIRECTION('',(-0.394717957706,0.918802336667,0.));
#1728 = ORIENTED_EDGE('',*,*,#1729,.F.);
#1729 = EDGE_CURVE('',#1730,#1722,#1732,.T.);
#1730 = VERTEX_POINT('',#1731);
#1731 = CARTESIAN_POINT('',(-1.111011185999,2.598150717215,0.));
#1732 = LINE('',#1733,#1734);
#1733 = CARTESIAN_POINT('',(-1.111011185999,2.598150717215,0.));
#1734 = VECTOR('',#1735,1.);
#1735 = DIRECTION('',(0.,0.,1.));
#1736 = ORIENTED_EDGE('',*,*,#1737,.F.);
#1737 = EDGE_CURVE('',#1698,#1730,#1738,.T.);
#1738 = LINE('',#1739,#1740);
#1739 = CARTESIAN_POINT('',(-1.042437921842,2.438529716675,0.));
#1740 = VECTOR('',#1741,1.);
#1741 = DIRECTION('',(-0.394717957706,0.918802336667,0.));
#1742 = PLANE('',#1743);
#1743 = AXIS2_PLACEMENT_3D('',#1744,#1745,#1746);
#1744 = CARTESIAN_POINT('',(-1.042437921842,2.438529716675,0.));
#1745 = DIRECTION('',(-0.918802336667,-0.394717957706,0.));
#1746 = DIRECTION('',(-0.394717957706,0.918802336667,0.));
#1747 = ADVANCED_FACE('',(#1748),#1775,.F.);
#1748 = FACE_BOUND('',#1749,.F.);
#1749 = EDGE_LOOP('',(#1750,#1751,#1760,#1768));
#1750 = ORIENTED_EDGE('',*,*,#1729,.T.);
#1751 = ORIENTED_EDGE('',*,*,#1752,.T.);
#1752 = EDGE_CURVE('',#1722,#1753,#1755,.T.);
#1753 = VERTEX_POINT('',#1754);
#1754 = CARTESIAN_POINT('',(-1.205412807474,2.725060013437,5.));
#1755 = B_SPLINE_CURVE_WITH_KNOTS('',3,(#1756,#1757,#1758,#1759),
  .UNSPECIFIED.,.F.,.F.,(4,4),(0.,1.),.PIECEWISE_BEZIER_KNOTS.);
#1756 = CARTESIAN_POINT('',(-1.111011185999,2.598150717215,5.));
#1757 = CARTESIAN_POINT('',(-1.118929029451,2.61365062541,5.));
#1758 = CARTESIAN_POINT('',(-1.144763857321,2.659069269438,5.));
#1759 = CARTESIAN_POINT('',(-1.205412807474,2.725060013437,5.));
#1760 = ORIENTED_EDGE('',*,*,#1761,.F.);
#1761 = EDGE_CURVE('',#1762,#1753,#1764,.T.);
#1762 = VERTEX_POINT('',#1763);
#1763 = CARTESIAN_POINT('',(-1.205412807474,2.725060013437,0.));
#1764 = LINE('',#1765,#1766);
#1765 = CARTESIAN_POINT('',(-1.205412807474,2.725060013437,0.));
#1766 = VECTOR('',#1767,1.);
#1767 = DIRECTION('',(0.,0.,1.));
#1768 = ORIENTED_EDGE('',*,*,#1769,.F.);
#1769 = EDGE_CURVE('',#1730,#1762,#1770,.T.);
#1770 = B_SPLINE_CURVE_WITH_KNOTS('',3,(#1771,#1772,#1773,#1774),
  .UNSPECIFIED.,.F.,.F.,(4,4),(0.,1.),.PIECEWISE_BEZIER_KNOTS.);
#1771 = CARTESIAN_POINT('',(-1.111011185999,2.598150717215,0.));
#1772 = CARTESIAN_POINT('',(-1.118929029451,2.61365062541,0.));
#1773 = CARTESIAN_POINT('',(-1.144763857321,2.659069269438,0.));
#1774 = CARTESIAN_POINT('',(-1.205412807474,2.725060013437,0.));
#1775 = SURFACE_OF_LINEAR_EXTRUSION('',#1776,#1781);
#1776 = B_SPLINE_CURVE_WITH_KNOTS('',3,(#1777,#1778,#1779,#1780),
  .UNSPECIFIED.,.F.,.F.,(4,4),(0.,1.),.PIECEWISE_BEZIER_KNOTS.);
#1777 = CARTESIAN_POINT('',(-1.111011185999,2.598150717215,0.));
#1778 = CARTESIAN_POINT('',(-1.118929029451,2.61365062541,0.));
#1779 = CARTESIAN_POINT('',(-1.144763857321,2.659069269438,0.));
#1780 = CARTESIAN_POINT('',(-1.205412807474,2.725060013437,0.));
#1781 = VECTOR('',#1782,1.);
#1782 = DIRECTION('',(-0.,-0.,-1.));
#1783 = ADVANCED_FACE('',(#1784),#1811,.F.);
#1784 = FACE_BOUND('',#1785,.F.);
#1785 = EDGE_LOOP('',(#1786,#1787,#1796,#1804));
#1786 = ORIENTED_EDGE('',*,*,#1761,.T.);
#1787 = ORIENTED_EDGE('',*,*,#1788,.T.);
#1788 = EDGE_CURVE('',#1753,#1789,#1791,.T.);
#1789 = VERTEX_POINT('',#1790);
#1790 = CARTESIAN_POINT('',(-1.585490982506,3.008245304414,5.));
#1791 = B_SPLINE_CURVE_WITH_KNOTS('',3,(#1792,#1793,#1794,#1795),
  .UNSPECIFIED.,.F.,.F.,(4,4),(0.,1.),.PIECEWISE_BEZIER_KNOTS.);
#1792 = CARTESIAN_POINT('',(-1.205412807474,2.725060013437,5.));
#1793 = CARTESIAN_POINT('',(-1.278194962169,2.803571409291,5.));
#1794 = CARTESIAN_POINT('',(-1.397808361479,2.907033943204,5.));
#1795 = CARTESIAN_POINT('',(-1.585490982506,3.008245304414,5.));
#1796 = ORIENTED_EDGE('',*,*,#1797,.F.);
#1797 = EDGE_CURVE('',#1798,#1789,#1800,.T.);
#1798 = VERTEX_POINT('',#1799);
#1799 = CARTESIAN_POINT('',(-1.585490982506,3.008245304414,0.));
#1800 = LINE('',#1801,#1802);
#1801 = CARTESIAN_POINT('',(-1.585490982506,3.008245304414,0.));
#1802 = VECTOR('',#1803,1.);
#1803 = DIRECTION('',(0.,0.,1.));
#1804 = ORIENTED_EDGE('',*,*,#1805,.F.);
#1805 = EDGE_CURVE('',#1762,#1798,#1806,.T.);
#1806 = B_SPLINE_CURVE_WITH_KNOTS('',3,(#1807,#1808,#1809,#1810),
  .UNSPECIFIED.,.F.,.F.,(4,4),(0.,1.),.PIECEWISE_BEZIER_KNOTS.);
#1807 = CARTESIAN_POINT('',(-1.205412807474,2.725060013437,0.));
#1808 = CARTESIAN_POINT('',(-1.278194962169,2.803571409291,0.));
#1809 = CARTESIAN_POINT('',(-1.397808361479,2.907033943204,0.));
#1810 = CARTESIAN_POINT('',(-1.585490982506,3.008245304414,0.));
#1811 = SURFACE_OF_LINEAR_EXTRUSION('',#1812,#1817);
#1812 = B_SPLINE_CURVE_WITH_KNOTS('',3,(#1813,#1814,#1815,#1816),
  .UNSPECIFIED.,.F.,.F.,(4,4),(0.,1.),.PIECEWISE_BEZIER_KNOTS.);
#1813 = CARTESIAN_POINT('',(-1.205412807474,2.725060013437,0.));
#1814 = CARTESIAN_POINT('',(-1.278194962169,2.803571409291,0.));
#1815 = CARTESIAN_POINT('',(-1.397808361479,2.907033943204,0.));
#1816 = CARTESIAN_POINT('',(-1.585490982506,3.008245304414,0.));
#1817 = VECTOR('',#1818,1.);
#1818 = DIRECTION('',(-0.,-0.,-1.));
#1819 = ADVANCED_FACE('',(#1820),#1847,.T.);
#1820 = FACE_BOUND('',#1821,.F.);
#1821 = EDGE_LOOP('',(#1822,#1823,#1832,#1840));
#1822 = ORIENTED_EDGE('',*,*,#1797,.T.);
#1823 = ORIENTED_EDGE('',*,*,#1824,.T.);
#1824 = EDGE_CURVE('',#1789,#1825,#1827,.T.);
#1825 = VERTEX_POINT('',#1826);
#1826 = CARTESIAN_POINT('',(-1.812395227495,2.876668826847,5.));
#1827 = CIRCLE('',#1828,3.4);
#1828 = AXIS2_PLACEMENT_3D('',#1829,#1830,#1831);
#1829 = CARTESIAN_POINT('',(5.357670231721E-03,3.382484902093E-03,5.));
#1830 = DIRECTION('',(0.,0.,1.));
#1831 = DIRECTION('',(-0.46789666257,0.883783182209,0.));
#1832 = ORIENTED_EDGE('',*,*,#1833,.F.);
#1833 = EDGE_CURVE('',#1834,#1825,#1836,.T.);
#1834 = VERTEX_POINT('',#1835);
#1835 = CARTESIAN_POINT('',(-1.812395227495,2.876668826847,0.));
#1836 = LINE('',#1837,#1838);
#1837 = CARTESIAN_POINT('',(-1.812395227495,2.876668826847,0.));
#1838 = VECTOR('',#1839,1.);
#1839 = DIRECTION('',(0.,0.,1.));
#1840 = ORIENTED_EDGE('',*,*,#1841,.F.);
#1841 = EDGE_CURVE('',#1798,#1834,#1842,.T.);
#1842 = CIRCLE('',#1843,3.4);
#1843 = AXIS2_PLACEMENT_3D('',#1844,#1845,#1846);
#1844 = CARTESIAN_POINT('',(5.357670231721E-03,3.382484902093E-03,0.));
#1845 = DIRECTION('',(0.,0.,1.));
#1846 = DIRECTION('',(-0.46789666257,0.883783182209,0.));
#1847 = CYLINDRICAL_SURFACE('',#1848,3.4);
#1848 = AXIS2_PLACEMENT_3D('',#1849,#1850,#1851);
#1849 = CARTESIAN_POINT('',(5.357670231721E-03,3.382484902093E-03,0.));
#1850 = DIRECTION('',(-0.,-0.,-1.));
#1851 = DIRECTION('',(-0.46789666257,0.883783182209,0.));
#1852 = ADVANCED_FACE('',(#1853),#1880,.F.);
#1853 = FACE_BOUND('',#1854,.F.);
#1854 = EDGE_LOOP('',(#1855,#1856,#1865,#1873));
#1855 = ORIENTED_EDGE('',*,*,#1833,.T.);
#1856 = ORIENTED_EDGE('',*,*,#1857,.T.);
#1857 = EDGE_CURVE('',#1825,#1858,#1860,.T.);
#1858 = VERTEX_POINT('',#1859);
#1859 = CARTESIAN_POINT('',(-1.757264794736,2.406448120038,5.));
#1860 = B_SPLINE_CURVE_WITH_KNOTS('',3,(#1861,#1862,#1863,#1864),
  .UNSPECIFIED.,.F.,.F.,(4,4),(0.,1.),.PIECEWISE_BEZIER_KNOTS.);
#1861 = CARTESIAN_POINT('',(-1.812395227495,2.876668826847,5.));
#1862 = CARTESIAN_POINT('',(-1.818661063739,2.664054522265,5.));
#1863 = CARTESIAN_POINT('',(-1.788866580685,2.508735012873,5.));
#1864 = CARTESIAN_POINT('',(-1.757264794736,2.406448120038,5.));
#1865 = ORIENTED_EDGE('',*,*,#1866,.F.);
#1866 = EDGE_CURVE('',#1867,#1858,#1869,.T.);
#1867 = VERTEX_POINT('',#1868);
#1868 = CARTESIAN_POINT('',(-1.757264794736,2.406448120038,0.));
#1869 = LINE('',#1870,#1871);
#1870 = CARTESIAN_POINT('',(-1.757264794736,2.406448120038,0.));
#1871 = VECTOR('',#1872,1.);
#1872 = DIRECTION('',(0.,0.,1.));
#1873 = ORIENTED_EDGE('',*,*,#1874,.F.);
#1874 = EDGE_CURVE('',#1834,#1867,#1875,.T.);
#1875 = B_SPLINE_CURVE_WITH_KNOTS('',3,(#1876,#1877,#1878,#1879),
  .UNSPECIFIED.,.F.,.F.,(4,4),(0.,1.),.PIECEWISE_BEZIER_KNOTS.);
#1876 = CARTESIAN_POINT('',(-1.812395227495,2.876668826847,0.));
#1877 = CARTESIAN_POINT('',(-1.818661063739,2.664054522265,0.));
#1878 = CARTESIAN_POINT('',(-1.788866580685,2.508735012873,0.));
#1879 = CARTESIAN_POINT('',(-1.757264794736,2.406448120038,0.));
#1880 = SURFACE_OF_LINEAR_EXTRUSION('',#1881,#1886);
#1881 = B_SPLINE_CURVE_WITH_KNOTS('',3,(#1882,#1883,#1884,#1885),
  .UNSPECIFIED.,.F.,.F.,(4,4),(0.,1.),.PIECEWISE_BEZIER_KNOTS.);
#1882 = CARTESIAN_POINT('',(-1.812395227495,2.876668826847,0.));
#1883 = CARTESIAN_POINT('',(-1.818661063739,2.664054522265,0.));
#1884 = CARTESIAN_POINT('',(-1.788866580685,2.508735012873,0.));
#1885 = CARTESIAN_POINT('',(-1.757264794736,2.406448120038,0.));
#1886 = VECTOR('',#1887,1.);
#1887 = DIRECTION('',(-0.,-0.,-1.));
#1888 = ADVANCED_FACE('',(#1889),#1916,.F.);
#1889 = FACE_BOUND('',#1890,.F.);
#1890 = EDGE_LOOP('',(#1891,#1892,#1901,#1909));
#1891 = ORIENTED_EDGE('',*,*,#1866,.T.);
#1892 = ORIENTED_EDGE('',*,*,#1893,.T.);
#1893 = EDGE_CURVE('',#1858,#1894,#1896,.T.);
#1894 = VERTEX_POINT('',#1895);
#1895 = CARTESIAN_POINT('',(-1.69455893097,2.261239269571,5.));
#1896 = B_SPLINE_CURVE_WITH_KNOTS('',3,(#1897,#1898,#1899,#1900),
  .UNSPECIFIED.,.F.,.F.,(4,4),(0.,1.),.PIECEWISE_BEZIER_KNOTS.);
#1897 = CARTESIAN_POINT('',(-1.757264794736,2.406448120038,5.));
#1898 = CARTESIAN_POINT('',(-1.730439609095,2.320929216493,5.));
#1899 = CARTESIAN_POINT('',(-1.704023323497,2.275846277242,5.));
#1900 = CARTESIAN_POINT('',(-1.69455893097,2.261239269571,5.));
#1901 = ORIENTED_EDGE('',*,*,#1902,.F.);
#1902 = EDGE_CURVE('',#1903,#1894,#1905,.T.);
#1903 = VERTEX_POINT('',#1904);
#1904 = CARTESIAN_POINT('',(-1.69455893097,2.261239269571,0.));
#1905 = LINE('',#1906,#1907);
#1906 = CARTESIAN_POINT('',(-1.69455893097,2.261239269571,0.));
#1907 = VECTOR('',#1908,1.);
#1908 = DIRECTION('',(0.,0.,1.));
#1909 = ORIENTED_EDGE('',*,*,#1910,.F.);
#1910 = EDGE_CURVE('',#1867,#1903,#1911,.T.);
#1911 = B_SPLINE_CURVE_WITH_KNOTS('',3,(#1912,#1913,#1914,#1915),
  .UNSPECIFIED.,.F.,.F.,(4,4),(0.,1.),.PIECEWISE_BEZIER_KNOTS.);
#1912 = CARTESIAN_POINT('',(-1.757264794736,2.406448120038,0.));
#1913 = CARTESIAN_POINT('',(-1.730439609095,2.320929216493,0.));
#1914 = CARTESIAN_POINT('',(-1.704023323497,2.275846277242,0.));
#1915 = CARTESIAN_POINT('',(-1.69455893097,2.261239269571,0.));
#1916 = SURFACE_OF_LINEAR_EXTRUSION('',#1917,#1922);
#1917 = B_SPLINE_CURVE_WITH_KNOTS('',3,(#1918,#1919,#1920,#1921),
  .UNSPECIFIED.,.F.,.F.,(4,4),(0.,1.),.PIECEWISE_BEZIER_KNOTS.);
#1918 = CARTESIAN_POINT('',(-1.757264794736,2.406448120038,0.));
#1919 = CARTESIAN_POINT('',(-1.730439609095,2.320929216493,0.));
#1920 = CARTESIAN_POINT('',(-1.704023323497,2.275846277242,0.));
#1921 = CARTESIAN_POINT('',(-1.69455893097,2.261239269571,0.));
#1922 = VECTOR('',#1923,1.);
#1923 = DIRECTION('',(-0.,-0.,-1.));
#1924 = ADVANCED_FACE('',(#1925),#1950,.F.);
#1925 = FACE_BOUND('',#1926,.F.);
#1926 = EDGE_LOOP('',(#1927,#1928,#1936,#1944));
#1927 = ORIENTED_EDGE('',*,*,#1902,.T.);
#1928 = ORIENTED_EDGE('',*,*,#1929,.T.);
#1929 = EDGE_CURVE('',#1894,#1930,#1932,.T.);
#1930 = VERTEX_POINT('',#1931);
#1931 = CARTESIAN_POINT('',(-1.590609721603,2.122042580521,5.));
#1932 = LINE('',#1933,#1934);
#1933 = CARTESIAN_POINT('',(-1.69455893097,2.261239269571,5.));
#1934 = VECTOR('',#1935,1.);
#1935 = DIRECTION('',(0.598347185757,-0.801236947037,0.));
#1936 = ORIENTED_EDGE('',*,*,#1937,.F.);
#1937 = EDGE_CURVE('',#1938,#1930,#1940,.T.);
#1938 = VERTEX_POINT('',#1939);
#1939 = CARTESIAN_POINT('',(-1.590609721603,2.122042580521,0.));
#1940 = LINE('',#1941,#1942);
#1941 = CARTESIAN_POINT('',(-1.590609721603,2.122042580521,0.));
#1942 = VECTOR('',#1943,1.);
#1943 = DIRECTION('',(0.,0.,1.));
#1944 = ORIENTED_EDGE('',*,*,#1945,.F.);
#1945 = EDGE_CURVE('',#1903,#1938,#1946,.T.);
#1946 = LINE('',#1947,#1948);
#1947 = CARTESIAN_POINT('',(-1.69455893097,2.261239269571,0.));
#1948 = VECTOR('',#1949,1.);
#1949 = DIRECTION('',(0.598347185757,-0.801236947037,0.));
#1950 = PLANE('',#1951);
#1951 = AXIS2_PLACEMENT_3D('',#1952,#1953,#1954);
#1952 = CARTESIAN_POINT('',(-1.69455893097,2.261239269571,0.));
#1953 = DIRECTION('',(0.801236947037,0.598347185757,-0.));
#1954 = DIRECTION('',(0.598347185757,-0.801236947037,0.));
#1955 = ADVANCED_FACE('',(#1956),#1983,.F.);
#1956 = FACE_BOUND('',#1957,.F.);
#1957 = EDGE_LOOP('',(#1958,#1959,#1968,#1976));
#1958 = ORIENTED_EDGE('',*,*,#1937,.T.);
#1959 = ORIENTED_EDGE('',*,*,#1960,.T.);
#1960 = EDGE_CURVE('',#1930,#1961,#1963,.T.);
#1961 = VERTEX_POINT('',#1962);
#1962 = CARTESIAN_POINT('',(-1.611453263001,1.911339420711,5.));
#1963 = CIRCLE('',#1964,0.152);
#1964 = AXIS2_PLACEMENT_3D('',#1965,#1966,#1967);
#1965 = CARTESIAN_POINT('',(-1.709572462394,2.027428277672,5.));
#1966 = DIRECTION('',(0.,0.,-1.));
#1967 = DIRECTION('',(0.782649610466,0.622462518741,0.));
#1968 = ORIENTED_EDGE('',*,*,#1969,.F.);
#1969 = EDGE_CURVE('',#1970,#1961,#1972,.T.);
#1970 = VERTEX_POINT('',#1971);
#1971 = CARTESIAN_POINT('',(-1.611453263001,1.911339420711,0.));
#1972 = LINE('',#1973,#1974);
#1973 = CARTESIAN_POINT('',(-1.611453263001,1.911339420711,0.));
#1974 = VECTOR('',#1975,1.);
#1975 = DIRECTION('',(0.,0.,1.));
#1976 = ORIENTED_EDGE('',*,*,#1977,.F.);
#1977 = EDGE_CURVE('',#1938,#1970,#1978,.T.);
#1978 = CIRCLE('',#1979,0.152);
#1979 = AXIS2_PLACEMENT_3D('',#1980,#1981,#1982);
#1980 = CARTESIAN_POINT('',(-1.709572462394,2.027428277672,0.));
#1981 = DIRECTION('',(0.,0.,-1.));
#1982 = DIRECTION('',(0.782649610466,0.622462518741,0.));
#1983 = CYLINDRICAL_SURFACE('',#1984,0.152);
#1984 = AXIS2_PLACEMENT_3D('',#1985,#1986,#1987);
#1985 = CARTESIAN_POINT('',(-1.709572462394,2.027428277672,0.));
#1986 = DIRECTION('',(0.,0.,-1.));
#1987 = DIRECTION('',(0.782649610466,0.622462518741,0.));
#1988 = ADVANCED_FACE('',(#1989),#2016,.T.);
#1989 = FACE_BOUND('',#1990,.F.);
#1990 = EDGE_LOOP('',(#1991,#1992,#2001,#2009));
#1991 = ORIENTED_EDGE('',*,*,#1969,.T.);
#1992 = ORIENTED_EDGE('',*,*,#1993,.T.);
#1993 = EDGE_CURVE('',#1961,#1994,#1996,.T.);
#1994 = VERTEX_POINT('',#1995);
#1995 = CARTESIAN_POINT('',(-1.732426170168,1.802414925847,5.));
#1996 = CIRCLE('',#1997,2.5);
#1997 = AXIS2_PLACEMENT_3D('',#1998,#1999,#2000);
#1998 = CARTESIAN_POINT('',(1.003641614261E-13,-1.123545700921E-13,5.));
#1999 = DIRECTION('',(0.,0.,1.));
#2000 = DIRECTION('',(-0.6445813052,0.764535768284,0.));
#2001 = ORIENTED_EDGE('',*,*,#2002,.F.);
#2002 = EDGE_CURVE('',#2003,#1994,#2005,.T.);
#2003 = VERTEX_POINT('',#2004);
#2004 = CARTESIAN_POINT('',(-1.732426170168,1.802414925847,0.));
#2005 = LINE('',#2006,#2007);
#2006 = CARTESIAN_POINT('',(-1.732426170168,1.802414925847,0.));
#2007 = VECTOR('',#2008,1.);
#2008 = DIRECTION('',(0.,0.,1.));
#2009 = ORIENTED_EDGE('',*,*,#2010,.F.);
#2010 = EDGE_CURVE('',#1970,#2003,#2011,.T.);
#2011 = CIRCLE('',#2012,2.5);
#2012 = AXIS2_PLACEMENT_3D('',#2013,#2014,#2015);
#2013 = CARTESIAN_POINT('',(1.003641614261E-13,-1.123545700921E-13,0.));
#2014 = DIRECTION('',(0.,0.,1.));
#2015 = DIRECTION('',(-0.6445813052,0.764535768284,0.));
#2016 = CYLINDRICAL_SURFACE('',#2017,2.5);
#2017 = AXIS2_PLACEMENT_3D('',#2018,#2019,#2020);
#2018 = CARTESIAN_POINT('',(1.003641614261E-13,-1.123545700921E-13,0.));
#2019 = DIRECTION('',(-0.,-0.,-1.));
#2020 = DIRECTION('',(-0.6445813052,0.764535768284,0.));
#2021 = ADVANCED_FACE('',(#2022),#2049,.F.);
#2022 = FACE_BOUND('',#2023,.F.);
#2023 = EDGE_LOOP('',(#2024,#2025,#2034,#2042));
#2024 = ORIENTED_EDGE('',*,*,#2002,.T.);
#2025 = ORIENTED_EDGE('',*,*,#2026,.T.);
#2026 = EDGE_CURVE('',#1994,#2027,#2029,.T.);
#2027 = VERTEX_POINT('',#2028);
#2028 = CARTESIAN_POINT('',(-1.944153819374,1.80371004505,5.));
#2029 = CIRCLE('',#2030,0.152);
#2030 = AXIS2_PLACEMENT_3D('',#2031,#2032,#2033);
#2031 = CARTESIAN_POINT('',(-1.837622831095,1.91213120782,5.));
#2032 = DIRECTION('',(0.,-0.,-1.));
#2033 = DIRECTION('',(0.692083295568,-0.721817644558,0.));
#2034 = ORIENTED_EDGE('',*,*,#2035,.F.);
#2035 = EDGE_CURVE('',#2036,#2027,#2038,.T.);
#2036 = VERTEX_POINT('',#2037);
#2037 = CARTESIAN_POINT('',(-1.944153819374,1.80371004505,0.));
#2038 = LINE('',#2039,#2040);
#2039 = CARTESIAN_POINT('',(-1.944153819374,1.80371004505,0.));
#2040 = VECTOR('',#2041,1.);
#2041 = DIRECTION('',(0.,0.,1.));
#2042 = ORIENTED_EDGE('',*,*,#2043,.F.);
#2043 = EDGE_CURVE('',#2003,#2036,#2044,.T.);
#2044 = CIRCLE('',#2045,0.152);
#2045 = AXIS2_PLACEMENT_3D('',#2046,#2047,#2048);
#2046 = CARTESIAN_POINT('',(-1.837622831095,1.91213120782,0.));
#2047 = DIRECTION('',(0.,-0.,-1.));
#2048 = DIRECTION('',(0.692083295568,-0.721817644558,0.));
#2049 = CYLINDRICAL_SURFACE('',#2050,0.152);
#2050 = AXIS2_PLACEMENT_3D('',#2051,#2052,#2053);
#2051 = CARTESIAN_POINT('',(-1.837622831095,1.91213120782,0.));
#2052 = DIRECTION('',(0.,-0.,-1.));
#2053 = DIRECTION('',(0.692083295568,-0.721817644558,0.));
#2054 = ADVANCED_FACE('',(#2055),#2080,.F.);
#2055 = FACE_BOUND('',#2056,.F.);
#2056 = EDGE_LOOP('',(#2057,#2058,#2066,#2074));
#2057 = ORIENTED_EDGE('',*,*,#2035,.T.);
#2058 = ORIENTED_EDGE('',*,*,#2059,.T.);
#2059 = EDGE_CURVE('',#2027,#2060,#2062,.T.);
#2060 = VERTEX_POINT('',#2061);
#2061 = CARTESIAN_POINT('',(-2.071722323284,1.92163982577,5.));
#2062 = LINE('',#2063,#2064);
#2063 = CARTESIAN_POINT('',(-1.944153819374,1.80371004505,5.));
#2064 = VECTOR('',#2065,1.);
#2065 = DIRECTION('',(-0.734303375378,0.678821444054,0.));
#2066 = ORIENTED_EDGE('',*,*,#2067,.F.);
#2067 = EDGE_CURVE('',#2068,#2060,#2070,.T.);
#2068 = VERTEX_POINT('',#2069);
#2069 = CARTESIAN_POINT('',(-2.071722323284,1.92163982577,0.));
#2070 = LINE('',#2071,#2072);
#2071 = CARTESIAN_POINT('',(-2.071722323284,1.92163982577,0.));
#2072 = VECTOR('',#2073,1.);
#2073 = DIRECTION('',(0.,0.,1.));
#2074 = ORIENTED_EDGE('',*,*,#2075,.F.);
#2075 = EDGE_CURVE('',#2036,#2068,#2076,.T.);
#2076 = LINE('',#2077,#2078);
#2077 = CARTESIAN_POINT('',(-1.944153819374,1.80371004505,0.));
#2078 = VECTOR('',#2079,1.);
#2079 = DIRECTION('',(-0.734303375378,0.678821444054,0.));
#2080 = PLANE('',#2081);
#2081 = AXIS2_PLACEMENT_3D('',#2082,#2083,#2084);
#2082 = CARTESIAN_POINT('',(-1.944153819374,1.80371004505,0.));
#2083 = DIRECTION('',(-0.678821444054,-0.734303375378,0.));
#2084 = DIRECTION('',(-0.734303375378,0.678821444054,0.));
#2085 = ADVANCED_FACE('',(#2086),#2113,.F.);
#2086 = FACE_BOUND('',#2087,.F.);
#2087 = EDGE_LOOP('',(#2088,#2089,#2098,#2106));
#2088 = ORIENTED_EDGE('',*,*,#2067,.T.);
#2089 = ORIENTED_EDGE('',*,*,#2090,.T.);
#2090 = EDGE_CURVE('',#2060,#2091,#2093,.T.);
#2091 = VERTEX_POINT('',#2092);
#2092 = CARTESIAN_POINT('',(-2.209581156898,1.999180638246,5.));
#2093 = B_SPLINE_CURVE_WITH_KNOTS('',3,(#2094,#2095,#2096,#2097),
  .UNSPECIFIED.,.F.,.F.,(4,4),(0.,1.),.PIECEWISE_BEZIER_KNOTS.);
#2094 = CARTESIAN_POINT('',(-2.071722323284,1.92163982577,5.));
#2095 = CARTESIAN_POINT('',(-2.085260013832,1.932579219429,5.));
#2096 = CARTESIAN_POINT('',(-2.127334730286,1.963563244211,5.));
#2097 = CARTESIAN_POINT('',(-2.209581156898,1.999180638246,5.));
#2098 = ORIENTED_EDGE('',*,*,#2099,.F.);
#2099 = EDGE_CURVE('',#2100,#2091,#2102,.T.);
#2100 = VERTEX_POINT('',#2101);
#2101 = CARTESIAN_POINT('',(-2.209581156898,1.999180638246,0.));
#2102 = LINE('',#2103,#2104);
#2103 = CARTESIAN_POINT('',(-2.209581156898,1.999180638246,0.));
#2104 = VECTOR('',#2105,1.);
#2105 = DIRECTION('',(0.,0.,1.));
#2106 = ORIENTED_EDGE('',*,*,#2107,.F.);
#2107 = EDGE_CURVE('',#2068,#2100,#2108,.T.);
#2108 = B_SPLINE_CURVE_WITH_KNOTS('',3,(#2109,#2110,#2111,#2112),
  .UNSPECIFIED.,.F.,.F.,(4,4),(0.,1.),.PIECEWISE_BEZIER_KNOTS.);
#2109 = CARTESIAN_POINT('',(-2.071722323284,1.92163982577,0.));
#2110 = CARTESIAN_POINT('',(-2.085260013832,1.932579219429,0.));
#2111 = CARTESIAN_POINT('',(-2.127334730286,1.963563244211,0.));
#2112 = CARTESIAN_POINT('',(-2.209581156898,1.999180638246,0.));
#2113 = SURFACE_OF_LINEAR_EXTRUSION('',#2114,#2119);
#2114 = B_SPLINE_CURVE_WITH_KNOTS('',3,(#2115,#2116,#2117,#2118),
  .UNSPECIFIED.,.F.,.F.,(4,4),(0.,1.),.PIECEWISE_BEZIER_KNOTS.);
#2115 = CARTESIAN_POINT('',(-2.071722323284,1.92163982577,0.));
#2116 = CARTESIAN_POINT('',(-2.085260013832,1.932579219429,0.));
#2117 = CARTESIAN_POINT('',(-2.127334730286,1.963563244211,0.));
#2118 = CARTESIAN_POINT('',(-2.209581156898,1.999180638246,0.));
#2119 = VECTOR('',#2120,1.);
#2120 = DIRECTION('',(-0.,-0.,-1.));
#2121 = ADVANCED_FACE('',(#2122),#2149,.F.);
#2122 = FACE_BOUND('',#2123,.F.);
#2123 = EDGE_LOOP('',(#2124,#2125,#2134,#2142));
#2124 = ORIENTED_EDGE('',*,*,#2099,.T.);
#2125 = ORIENTED_EDGE('',*,*,#2126,.T.);
#2126 = EDGE_CURVE('',#2091,#2127,#2129,.T.);
#2127 = VERTEX_POINT('',#2128);
#2128 = CARTESIAN_POINT('',(-2.671981681868,2.10329155347,5.));
#2129 = B_SPLINE_CURVE_WITH_KNOTS('',3,(#2130,#2131,#2132,#2133),
  .UNSPECIFIED.,.F.,.F.,(4,4),(0.,1.),.PIECEWISE_BEZIER_KNOTS.);
#2130 = CARTESIAN_POINT('',(-2.209581156898,1.999180638246,5.));
#2131 = CARTESIAN_POINT('',(-2.308004425309,2.041301198026,5.));
#2132 = CARTESIAN_POINT('',(-2.45935870665,2.087167773415,5.));
#2133 = CARTESIAN_POINT('',(-2.671981681868,2.10329155347,5.));
#2134 = ORIENTED_EDGE('',*,*,#2135,.F.);
#2135 = EDGE_CURVE('',#2136,#2127,#2138,.T.);
#2136 = VERTEX_POINT('',#2137);
#2137 = CARTESIAN_POINT('',(-2.671981681868,2.10329155347,0.));
#2138 = LINE('',#2139,#2140);
#2139 = CARTESIAN_POINT('',(-2.671981681868,2.10329155347,0.));
#2140 = VECTOR('',#2141,1.);
#2141 = DIRECTION('',(0.,0.,1.));
#2142 = ORIENTED_EDGE('',*,*,#2143,.F.);
#2143 = EDGE_CURVE('',#2100,#2136,#2144,.T.);
#2144 = B_SPLINE_CURVE_WITH_KNOTS('',3,(#2145,#2146,#2147,#2148),
  .UNSPECIFIED.,.F.,.F.,(4,4),(0.,1.),.PIECEWISE_BEZIER_KNOTS.);
#2145 = CARTESIAN_POINT('',(-2.209581156898,1.999180638246,0.));
#2146 = CARTESIAN_POINT('',(-2.308004425309,2.041301198026,0.));
#2147 = CARTESIAN_POINT('',(-2.45935870665,2.087167773415,0.));
#2148 = CARTESIAN_POINT('',(-2.671981681868,2.10329155347,0.));
#2149 = SURFACE_OF_LINEAR_EXTRUSION('',#2150,#2155);
#2150 = B_SPLINE_CURVE_WITH_KNOTS('',3,(#2151,#2152,#2153,#2154),
  .UNSPECIFIED.,.F.,.F.,(4,4),(0.,1.),.PIECEWISE_BEZIER_KNOTS.);
#2151 = CARTESIAN_POINT('',(-2.209581156898,1.999180638246,0.));
#2152 = CARTESIAN_POINT('',(-2.308004425309,2.041301198026,0.));
#2153 = CARTESIAN_POINT('',(-2.45935870665,2.087167773415,0.));
#2154 = CARTESIAN_POINT('',(-2.671981681868,2.10329155347,0.));
#2155 = VECTOR('',#2156,1.);
#2156 = DIRECTION('',(-0.,-0.,-1.));
#2157 = ADVANCED_FACE('',(#2158),#2185,.T.);
#2158 = FACE_BOUND('',#2159,.F.);
#2159 = EDGE_LOOP('',(#2160,#2161,#2170,#2178));
#2160 = ORIENTED_EDGE('',*,*,#2135,.T.);
#2161 = ORIENTED_EDGE('',*,*,#2162,.T.);
#2162 = EDGE_CURVE('',#2127,#2163,#2165,.T.);
#2163 = VERTEX_POINT('',#2164);
#2164 = CARTESIAN_POINT('',(-2.825752049404,1.890800189151,5.));
#2165 = CIRCLE('',#2166,3.4);
#2166 = AXIS2_PLACEMENT_3D('',#2167,#2168,#2169);
#2167 = CARTESIAN_POINT('',(3.518694748984E-03,5.269214522917E-03,5.));
#2168 = DIRECTION('',(0.,0.,1.));
#2169 = DIRECTION('',(-0.786911875476,0.617065393808,0.));
#2170 = ORIENTED_EDGE('',*,*,#2171,.F.);
#2171 = EDGE_CURVE('',#2172,#2163,#2174,.T.);
#2172 = VERTEX_POINT('',#2173);
#2173 = CARTESIAN_POINT('',(-2.825752049404,1.890800189151,0.));
#2174 = LINE('',#2175,#2176);
#2175 = CARTESIAN_POINT('',(-2.825752049404,1.890800189151,0.));
#2176 = VECTOR('',#2177,1.);
#2177 = DIRECTION('',(0.,0.,1.));
#2178 = ORIENTED_EDGE('',*,*,#2179,.F.);
#2179 = EDGE_CURVE('',#2136,#2172,#2180,.T.);
#2180 = CIRCLE('',#2181,3.4);
#2181 = AXIS2_PLACEMENT_3D('',#2182,#2183,#2184);
#2182 = CARTESIAN_POINT('',(3.518694748984E-03,5.269214522917E-03,0.));
#2183 = DIRECTION('',(0.,0.,1.));
#2184 = DIRECTION('',(-0.786911875476,0.617065393808,0.));
#2185 = CYLINDRICAL_SURFACE('',#2186,3.4);
#2186 = AXIS2_PLACEMENT_3D('',#2187,#2188,#2189);
#2187 = CARTESIAN_POINT('',(3.518694748984E-03,5.269214522917E-03,0.));
#2188 = DIRECTION('',(-0.,-0.,-1.));
#2189 = DIRECTION('',(-0.786911875476,0.617065393808,0.));
#2190 = ADVANCED_FACE('',(#2191),#2218,.F.);
#2191 = FACE_BOUND('',#2192,.F.);
#2192 = EDGE_LOOP('',(#2193,#2194,#2203,#2211));
#2193 = ORIENTED_EDGE('',*,*,#2171,.T.);
#2194 = ORIENTED_EDGE('',*,*,#2195,.T.);
#2195 = EDGE_CURVE('',#2163,#2196,#2198,.T.);
#2196 = VERTEX_POINT('',#2197);
#2197 = CARTESIAN_POINT('',(-2.584131901187,1.483655765507,5.));
#2198 = B_SPLINE_CURVE_WITH_KNOTS('',3,(#2199,#2200,#2201,#2202),
  .UNSPECIFIED.,.F.,.F.,(4,4),(0.,1.),.PIECEWISE_BEZIER_KNOTS.);
#2199 = CARTESIAN_POINT('',(-2.825752049404,1.890800189151,5.));
#2200 = CARTESIAN_POINT('',(-2.744998147127,1.694018811769,5.));
#2201 = CARTESIAN_POINT('',(-2.654605396616,1.5642458875,5.));
#2202 = CARTESIAN_POINT('',(-2.584131901187,1.483655765507,5.));
#2203 = ORIENTED_EDGE('',*,*,#2204,.F.);
#2204 = EDGE_CURVE('',#2205,#2196,#2207,.T.);
#2205 = VERTEX_POINT('',#2206);
#2206 = CARTESIAN_POINT('',(-2.584131901187,1.483655765507,0.));
#2207 = LINE('',#2208,#2209);
#2208 = CARTESIAN_POINT('',(-2.584131901187,1.483655765507,0.));
#2209 = VECTOR('',#2210,1.);
#2210 = DIRECTION('',(0.,0.,1.));
#2211 = ORIENTED_EDGE('',*,*,#2212,.F.);
#2212 = EDGE_CURVE('',#2172,#2205,#2213,.T.);
#2213 = B_SPLINE_CURVE_WITH_KNOTS('',3,(#2214,#2215,#2216,#2217),
  .UNSPECIFIED.,.F.,.F.,(4,4),(0.,1.),.PIECEWISE_BEZIER_KNOTS.);
#2214 = CARTESIAN_POINT('',(-2.825752049404,1.890800189151,0.));
#2215 = CARTESIAN_POINT('',(-2.744998147127,1.694018811769,0.));
#2216 = CARTESIAN_POINT('',(-2.654605396616,1.5642458875,0.));
#2217 = CARTESIAN_POINT('',(-2.584131901187,1.483655765507,0.));
#2218 = SURFACE_OF_LINEAR_EXTRUSION('',#2219,#2224);
#2219 = B_SPLINE_CURVE_WITH_KNOTS('',3,(#2220,#2221,#2222,#2223),
  .UNSPECIFIED.,.F.,.F.,(4,4),(0.,1.),.PIECEWISE_BEZIER_KNOTS.);
#2220 = CARTESIAN_POINT('',(-2.825752049404,1.890800189151,0.));
#2221 = CARTESIAN_POINT('',(-2.744998147127,1.694018811769,0.));
#2222 = CARTESIAN_POINT('',(-2.654605396616,1.5642458875,0.));
#2223 = CARTESIAN_POINT('',(-2.584131901187,1.483655765507,0.));
#2224 = VECTOR('',#2225,1.);
#2225 = DIRECTION('',(-0.,-0.,-1.));
#2226 = ADVANCED_FACE('',(#2227),#2254,.F.);
#2227 = FACE_BOUND('',#2228,.F.);
#2228 = EDGE_LOOP('',(#2229,#2230,#2239,#2247));
#2229 = ORIENTED_EDGE('',*,*,#2204,.T.);
#2230 = ORIENTED_EDGE('',*,*,#2231,.T.);
#2231 = EDGE_CURVE('',#2196,#2232,#2234,.T.);
#2232 = VERTEX_POINT('',#2233);
#2233 = CARTESIAN_POINT('',(-2.467785483792,1.376505652283,5.));
#2234 = B_SPLINE_CURVE_WITH_KNOTS('',3,(#2235,#2236,#2237,#2238),
  .UNSPECIFIED.,.F.,.F.,(4,4),(0.,1.),.PIECEWISE_BEZIER_KNOTS.);
#2235 = CARTESIAN_POINT('',(-2.584131901187,1.483655765507,5.));
#2236 = CARTESIAN_POINT('',(-2.524842202947,1.416441145589,5.));
#2237 = CARTESIAN_POINT('',(-2.482372841859,1.386000302545,5.));
#2238 = CARTESIAN_POINT('',(-2.467785483792,1.376505652283,5.));
#2239 = ORIENTED_EDGE('',*,*,#2240,.F.);
#2240 = EDGE_CURVE('',#2241,#2232,#2243,.T.);
#2241 = VERTEX_POINT('',#2242);
#2242 = CARTESIAN_POINT('',(-2.467785483792,1.376505652283,0.));
#2243 = LINE('',#2244,#2245);
#2244 = CARTESIAN_POINT('',(-2.467785483792,1.376505652283,0.));
#2245 = VECTOR('',#2246,1.);
#2246 = DIRECTION('',(0.,0.,1.));
#2247 = ORIENTED_EDGE('',*,*,#2248,.F.);
#2248 = EDGE_CURVE('',#2205,#2241,#2249,.T.);
#2249 = B_SPLINE_CURVE_WITH_KNOTS('',3,(#2250,#2251,#2252,#2253),
  .UNSPECIFIED.,.F.,.F.,(4,4),(0.,1.),.PIECEWISE_BEZIER_KNOTS.);
#2250 = CARTESIAN_POINT('',(-2.584131901187,1.483655765507,0.));
#2251 = CARTESIAN_POINT('',(-2.524842202947,1.416441145589,0.));
#2252 = CARTESIAN_POINT('',(-2.482372841859,1.386000302545,0.));
#2253 = CARTESIAN_POINT('',(-2.467785483792,1.376505652283,0.));
#2254 = SURFACE_OF_LINEAR_EXTRUSION('',#2255,#2260);
#2255 = B_SPLINE_CURVE_WITH_KNOTS('',3,(#2256,#2257,#2258,#2259),
  .UNSPECIFIED.,.F.,.F.,(4,4),(0.,1.),.PIECEWISE_BEZIER_KNOTS.);
#2256 = CARTESIAN_POINT('',(-2.584131901187,1.483655765507,0.));
#2257 = CARTESIAN_POINT('',(-2.524842202947,1.416441145589,0.));
#2258 = CARTESIAN_POINT('',(-2.482372841859,1.386000302545,0.));
#2259 = CARTESIAN_POINT('',(-2.467785483792,1.376505652283,0.));
#2260 = VECTOR('',#2261,1.);
#2261 = DIRECTION('',(-0.,-0.,-1.));
#2262 = ADVANCED_FACE('',(#2263),#2288,.F.);
#2263 = FACE_BOUND('',#2264,.F.);
#2264 = EDGE_LOOP('',(#2265,#2266,#2274,#2282));
#2265 = ORIENTED_EDGE('',*,*,#2240,.T.);
#2266 = ORIENTED_EDGE('',*,*,#2267,.T.);
#2267 = EDGE_CURVE('',#2232,#2268,#2270,.T.);
#2268 = VERTEX_POINT('',#2269);
#2269 = CARTESIAN_POINT('',(-2.316206761717,1.29162310175,5.));
#2270 = LINE('',#2271,#2272);
#2271 = CARTESIAN_POINT('',(-2.467785483792,1.376505652283,5.));
#2272 = VECTOR('',#2273,1.);
#2273 = DIRECTION('',(0.872509779788,-0.488596647732,0.));
#2274 = ORIENTED_EDGE('',*,*,#2275,.F.);
#2275 = EDGE_CURVE('',#2276,#2268,#2278,.T.);
#2276 = VERTEX_POINT('',#2277);
#2277 = CARTESIAN_POINT('',(-2.316206761717,1.29162310175,0.));
#2278 = LINE('',#2279,#2280);
#2279 = CARTESIAN_POINT('',(-2.316206761717,1.29162310175,0.));
#2280 = VECTOR('',#2281,1.);
#2281 = DIRECTION('',(0.,0.,1.));
#2282 = ORIENTED_EDGE('',*,*,#2283,.F.);
#2283 = EDGE_CURVE('',#2241,#2276,#2284,.T.);
#2284 = LINE('',#2285,#2286);
#2285 = CARTESIAN_POINT('',(-2.467785483792,1.376505652283,0.));
#2286 = VECTOR('',#2287,1.);
#2287 = DIRECTION('',(0.872509779788,-0.488596647732,0.));
#2288 = PLANE('',#2289);
#2289 = AXIS2_PLACEMENT_3D('',#2290,#2291,#2292);
#2290 = CARTESIAN_POINT('',(-2.467785483792,1.376505652283,0.));
#2291 = DIRECTION('',(0.488596647732,0.872509779788,-0.));
#2292 = DIRECTION('',(0.872509779788,-0.488596647732,0.));
#2293 = ADVANCED_FACE('',(#2294),#2321,.F.);
#2294 = FACE_BOUND('',#2295,.F.);
#2295 = EDGE_LOOP('',(#2296,#2297,#2306,#2314));
#2296 = ORIENTED_EDGE('',*,*,#2275,.T.);
#2297 = ORIENTED_EDGE('',*,*,#2298,.T.);
#2298 = EDGE_CURVE('',#2268,#2299,#2301,.T.);
#2299 = VERTEX_POINT('',#2300);
#2300 = CARTESIAN_POINT('',(-2.249547588376,1.090658355137,5.));
#2301 = CIRCLE('',#2302,0.152);
#2302 = AXIS2_PLACEMENT_3D('',#2303,#2304,#2305);
#2303 = CARTESIAN_POINT('',(-2.386401529268,1.156802129315,5.));
#2304 = DIRECTION('',(0.,0.,-1.));
#2305 = DIRECTION('',(0.461807681254,0.886980081814,0.));
#2306 = ORIENTED_EDGE('',*,*,#2307,.F.);
#2307 = EDGE_CURVE('',#2308,#2299,#2310,.T.);
#2308 = VERTEX_POINT('',#2309);
#2309 = CARTESIAN_POINT('',(-2.249547588376,1.090658355137,0.));
#2310 = LINE('',#2311,#2312);
#2311 = CARTESIAN_POINT('',(-2.249547588376,1.090658355137,0.));
#2312 = VECTOR('',#2313,1.);
#2313 = DIRECTION('',(0.,0.,1.));
#2314 = ORIENTED_EDGE('',*,*,#2315,.F.);
#2315 = EDGE_CURVE('',#2276,#2308,#2316,.T.);
#2316 = CIRCLE('',#2317,0.152);
#2317 = AXIS2_PLACEMENT_3D('',#2318,#2319,#2320);
#2318 = CARTESIAN_POINT('',(-2.386401529268,1.156802129315,0.));
#2319 = DIRECTION('',(0.,0.,-1.));
#2320 = DIRECTION('',(0.461807681254,0.886980081814,0.));
#2321 = CYLINDRICAL_SURFACE('',#2322,0.152);
#2322 = AXIS2_PLACEMENT_3D('',#2323,#2324,#2325);
#2323 = CARTESIAN_POINT('',(-2.386401529268,1.156802129315,0.));
#2324 = DIRECTION('',(0.,0.,-1.));
#2325 = DIRECTION('',(0.461807681254,0.886980081814,0.));
#2326 = ADVANCED_FACE('',(#2327),#2354,.T.);
#2327 = FACE_BOUND('',#2328,.F.);
#2328 = EDGE_LOOP('',(#2329,#2330,#2339,#2347));
#2329 = ORIENTED_EDGE('',*,*,#2307,.T.);
#2330 = ORIENTED_EDGE('',*,*,#2331,.T.);
#2331 = EDGE_CURVE('',#2299,#2332,#2334,.T.);
#2332 = VERTEX_POINT('',#2333);
#2333 = CARTESIAN_POINT('',(-2.315758254827,0.941946763464,5.));
#2334 = CIRCLE('',#2335,2.500000000001);
#2335 = AXIS2_PLACEMENT_3D('',#2336,#2337,#2338);
#2336 = CARTESIAN_POINT('',(5.677680547933E-13,-2.546296506978E-13,5.));
#2337 = DIRECTION('',(0.,0.,1.));
#2338 = DIRECTION('',(-0.89981903535,0.436263342055,0.));
#2339 = ORIENTED_EDGE('',*,*,#2340,.F.);
#2340 = EDGE_CURVE('',#2341,#2332,#2343,.T.);
#2341 = VERTEX_POINT('',#2342);
#2342 = CARTESIAN_POINT('',(-2.315758254827,0.941946763464,0.));
#2343 = LINE('',#2344,#2345);
#2344 = CARTESIAN_POINT('',(-2.315758254827,0.941946763464,0.));
#2345 = VECTOR('',#2346,1.);
#2346 = DIRECTION('',(0.,0.,1.));
#2347 = ORIENTED_EDGE('',*,*,#2348,.F.);
#2348 = EDGE_CURVE('',#2308,#2341,#2349,.T.);
#2349 = CIRCLE('',#2350,2.500000000001);
#2350 = AXIS2_PLACEMENT_3D('',#2351,#2352,#2353);
#2351 = CARTESIAN_POINT('',(5.677680547933E-13,-2.546296506978E-13,0.));
#2352 = DIRECTION('',(0.,0.,1.));
#2353 = DIRECTION('',(-0.89981903535,0.436263342055,0.));
#2354 = CYLINDRICAL_SURFACE('',#2355,2.500000000001);
#2355 = AXIS2_PLACEMENT_3D('',#2356,#2357,#2358);
#2356 = CARTESIAN_POINT('',(5.677680547933E-13,-2.546296506978E-13,0.));
#2357 = DIRECTION('',(-0.,-0.,-1.));
#2358 = DIRECTION('',(-0.89981903535,0.436263342055,0.));
#2359 = ADVANCED_FACE('',(#2360),#2387,.F.);
#2360 = FACE_BOUND('',#2361,.F.);
#2361 = EDGE_LOOP('',(#2362,#2363,#2372,#2380));
#2362 = ORIENTED_EDGE('',*,*,#2340,.T.);
#2363 = ORIENTED_EDGE('',*,*,#2364,.T.);
#2364 = EDGE_CURVE('',#2332,#2365,#2367,.T.);
#2365 = VERTEX_POINT('',#2366);
#2366 = CARTESIAN_POINT('',(-2.509707859453,0.857012520445,5.));
#2367 = CIRCLE('',#2368,0.152);
#2368 = AXIS2_PLACEMENT_3D('',#2369,#2370,#2371);
#2369 = CARTESIAN_POINT('',(-2.456485818796,0.999390237761,5.));
#2370 = DIRECTION('',(0.,0.,-1.));
#2371 = DIRECTION('',(0.925839236637,-0.377917594064,0.));
#2372 = ORIENTED_EDGE('',*,*,#2373,.F.);
#2373 = EDGE_CURVE('',#2374,#2365,#2376,.T.);
#2374 = VERTEX_POINT('',#2375);
#2375 = CARTESIAN_POINT('',(-2.509707859453,0.857012520445,0.));
#2376 = LINE('',#2377,#2378);
#2377 = CARTESIAN_POINT('',(-2.509707859453,0.857012520445,0.));
#2378 = VECTOR('',#2379,1.);
#2379 = DIRECTION('',(0.,0.,1.));
#2380 = ORIENTED_EDGE('',*,*,#2381,.F.);
#2381 = EDGE_CURVE('',#2341,#2374,#2382,.T.);
#2382 = CIRCLE('',#2383,0.152);
#2383 = AXIS2_PLACEMENT_3D('',#2384,#2385,#2386);
#2384 = CARTESIAN_POINT('',(-2.456485818796,0.999390237761,0.));
#2385 = DIRECTION('',(0.,0.,-1.));
#2386 = DIRECTION('',(0.925839236637,-0.377917594064,0.));
#2387 = CYLINDRICAL_SURFACE('',#2388,0.152);
#2388 = AXIS2_PLACEMENT_3D('',#2389,#2390,#2391);
#2389 = CARTESIAN_POINT('',(-2.456485818796,0.999390237761,0.));
#2390 = DIRECTION('',(0.,0.,-1.));
#2391 = DIRECTION('',(0.925839236637,-0.377917594064,0.));
#2392 = ADVANCED_FACE('',(#2393),#2418,.F.);
#2393 = FACE_BOUND('',#2394,.F.);
#2394 = EDGE_LOOP('',(#2395,#2396,#2404,#2412));
#2395 = ORIENTED_EDGE('',*,*,#2373,.T.);
#2396 = ORIENTED_EDGE('',*,*,#2397,.T.);
#2397 = EDGE_CURVE('',#2365,#2398,#2400,.T.);
#2398 = VERTEX_POINT('',#2399);
#2399 = CARTESIAN_POINT('',(-2.674213849867,0.912859950899,5.));
#2400 = LINE('',#2401,#2402);
#2401 = CARTESIAN_POINT('',(-2.509707859453,0.857012520445,5.));
#2402 = VECTOR('',#2403,1.);
#2403 = DIRECTION('',(-0.946921068511,0.321466156866,0.));
#2404 = ORIENTED_EDGE('',*,*,#2405,.F.);
#2405 = EDGE_CURVE('',#2406,#2398,#2408,.T.);
#2406 = VERTEX_POINT('',#2407);
#2407 = CARTESIAN_POINT('',(-2.674213849867,0.912859950899,0.));
#2408 = LINE('',#2409,#2410);
#2409 = CARTESIAN_POINT('',(-2.674213849867,0.912859950899,0.));
#2410 = VECTOR('',#2411,1.);
#2411 = DIRECTION('',(0.,0.,1.));
#2412 = ORIENTED_EDGE('',*,*,#2413,.F.);
#2413 = EDGE_CURVE('',#2374,#2406,#2414,.T.);
#2414 = LINE('',#2415,#2416);
#2415 = CARTESIAN_POINT('',(-2.509707859453,0.857012520445,0.));
#2416 = VECTOR('',#2417,1.);
#2417 = DIRECTION('',(-0.946921068511,0.321466156866,0.));
#2418 = PLANE('',#2419);
#2419 = AXIS2_PLACEMENT_3D('',#2420,#2421,#2422);
#2420 = CARTESIAN_POINT('',(-2.509707859453,0.857012520445,0.));
#2421 = DIRECTION('',(-0.321466156866,-0.946921068511,0.));
#2422 = DIRECTION('',(-0.946921068511,0.321466156866,0.));
#2423 = ADVANCED_FACE('',(#2424),#2451,.F.);
#2424 = FACE_BOUND('',#2425,.F.);
#2425 = EDGE_LOOP('',(#2426,#2427,#2436,#2444));
#2426 = ORIENTED_EDGE('',*,*,#2405,.T.);
#2427 = ORIENTED_EDGE('',*,*,#2428,.T.);
#2428 = EDGE_CURVE('',#2398,#2429,#2431,.T.);
#2429 = VERTEX_POINT('',#2430);
#2430 = CARTESIAN_POINT('',(-2.831692850879,0.927624768716,5.));
#2431 = B_SPLINE_CURVE_WITH_KNOTS('',3,(#2432,#2433,#2434,#2435),
  .UNSPECIFIED.,.F.,.F.,(4,4),(0.,1.),.PIECEWISE_BEZIER_KNOTS.);
#2432 = CARTESIAN_POINT('',(-2.674213849867,0.912859950899,5.));
#2433 = CARTESIAN_POINT('',(-2.691030597829,0.917347309478,5.));
#2434 = CARTESIAN_POINT('',(-2.742070102156,0.928539295648,5.));
#2435 = CARTESIAN_POINT('',(-2.831692850879,0.927624768716,5.));
#2436 = ORIENTED_EDGE('',*,*,#2437,.F.);
#2437 = EDGE_CURVE('',#2438,#2429,#2440,.T.);
#2438 = VERTEX_POINT('',#2439);
#2439 = CARTESIAN_POINT('',(-2.831692850879,0.927624768716,0.));
#2440 = LINE('',#2441,#2442);
#2441 = CARTESIAN_POINT('',(-2.831692850879,0.927624768716,0.));
#2442 = VECTOR('',#2443,1.);
#2443 = DIRECTION('',(0.,0.,1.));
#2444 = ORIENTED_EDGE('',*,*,#2445,.F.);
#2445 = EDGE_CURVE('',#2406,#2438,#2446,.T.);
#2446 = B_SPLINE_CURVE_WITH_KNOTS('',3,(#2447,#2448,#2449,#2450),
  .UNSPECIFIED.,.F.,.F.,(4,4),(0.,1.),.PIECEWISE_BEZIER_KNOTS.);
#2447 = CARTESIAN_POINT('',(-2.674213849867,0.912859950899,0.));
#2448 = CARTESIAN_POINT('',(-2.691030597829,0.917347309478,0.));
#2449 = CARTESIAN_POINT('',(-2.742070102156,0.928539295648,0.));
#2450 = CARTESIAN_POINT('',(-2.831692850879,0.927624768716,0.));
#2451 = SURFACE_OF_LINEAR_EXTRUSION('',#2452,#2457);
#2452 = B_SPLINE_CURVE_WITH_KNOTS('',3,(#2453,#2454,#2455,#2456),
  .UNSPECIFIED.,.F.,.F.,(4,4),(0.,1.),.PIECEWISE_BEZIER_KNOTS.);
#2453 = CARTESIAN_POINT('',(-2.674213849867,0.912859950899,0.));
#2454 = CARTESIAN_POINT('',(-2.691030597829,0.917347309478,0.));
#2455 = CARTESIAN_POINT('',(-2.742070102156,0.928539295648,0.));
#2456 = CARTESIAN_POINT('',(-2.831692850879,0.927624768716,0.));
#2457 = VECTOR('',#2458,1.);
#2458 = DIRECTION('',(-0.,-0.,-1.));
#2459 = ADVANCED_FACE('',(#2460),#2487,.F.);
#2460 = FACE_BOUND('',#2461,.F.);
#2461 = EDGE_LOOP('',(#2462,#2463,#2472,#2480));
#2462 = ORIENTED_EDGE('',*,*,#2437,.T.);
#2463 = ORIENTED_EDGE('',*,*,#2464,.T.);
#2464 = EDGE_CURVE('',#2429,#2465,#2467,.T.);
#2465 = VERTEX_POINT('',#2466);
#2466 = CARTESIAN_POINT('',(-3.296462474243,0.834659585128,5.));
#2467 = B_SPLINE_CURVE_WITH_KNOTS('',3,(#2468,#2469,#2470,#2471),
  .UNSPECIFIED.,.F.,.F.,(4,4),(0.,1.),.PIECEWISE_BEZIER_KNOTS.);
#2468 = CARTESIAN_POINT('',(-2.831692850879,0.927624768716,5.));
#2469 = CARTESIAN_POINT('',(-2.938738955752,0.926071464982,5.));
#2470 = CARTESIAN_POINT('',(-3.095663588869,0.90641133428,5.));
#2471 = CARTESIAN_POINT('',(-3.296462474243,0.834659585128,5.));
#2472 = ORIENTED_EDGE('',*,*,#2473,.F.);
#2473 = EDGE_CURVE('',#2474,#2465,#2476,.T.);
#2474 = VERTEX_POINT('',#2475);
#2475 = CARTESIAN_POINT('',(-3.296462474243,0.834659585128,0.));
#2476 = LINE('',#2477,#2478);
#2477 = CARTESIAN_POINT('',(-3.296462474243,0.834659585128,0.));
#2478 = VECTOR('',#2479,1.);
#2479 = DIRECTION('',(0.,0.,1.));
#2480 = ORIENTED_EDGE('',*,*,#2481,.F.);
#2481 = EDGE_CURVE('',#2438,#2474,#2482,.T.);
#2482 = B_SPLINE_CURVE_WITH_KNOTS('',3,(#2483,#2484,#2485,#2486),
  .UNSPECIFIED.,.F.,.F.,(4,4),(0.,1.),.PIECEWISE_BEZIER_KNOTS.);
#2483 = CARTESIAN_POINT('',(-2.831692850879,0.927624768716,0.));
#2484 = CARTESIAN_POINT('',(-2.938738955752,0.926071464982,0.));
#2485 = CARTESIAN_POINT('',(-3.095663588869,0.90641133428,0.));
#2486 = CARTESIAN_POINT('',(-3.296462474243,0.834659585128,0.));
#2487 = SURFACE_OF_LINEAR_EXTRUSION('',#2488,#2493);
#2488 = B_SPLINE_CURVE_WITH_KNOTS('',3,(#2489,#2490,#2491,#2492),
  .UNSPECIFIED.,.F.,.F.,(4,4),(0.,1.),.PIECEWISE_BEZIER_KNOTS.);
#2489 = CARTESIAN_POINT('',(-2.831692850879,0.927624768716,0.));
#2490 = CARTESIAN_POINT('',(-2.938738955752,0.926071464982,0.));
#2491 = CARTESIAN_POINT('',(-3.095663588869,0.90641133428,0.));
#2492 = CARTESIAN_POINT('',(-3.296462474243,0.834659585128,0.));
#2493 = VECTOR('',#2494,1.);
#2494 = DIRECTION('',(-0.,-0.,-1.));
#2495 = ADVANCED_FACE('',(#2496),#2523,.T.);
#2496 = FACE_BOUND('',#2497,.F.);
#2497 = EDGE_LOOP('',(#2498,#2499,#2508,#2516));
#2498 = ORIENTED_EDGE('',*,*,#2473,.T.);
#2499 = ORIENTED_EDGE('',*,*,#2500,.T.);
#2500 = EDGE_CURVE('',#2465,#2501,#2503,.T.);
#2501 = VERTEX_POINT('',#2502);
#2502 = CARTESIAN_POINT('',(-3.350510670819,0.577995021369,5.));
#2503 = CIRCLE('',#2504,3.4);
#2504 = AXIS2_PLACEMENT_3D('',#2505,#2506,#2507);
#2505 = CARTESIAN_POINT('',(1.071304978572E-03,6.244849082854E-03,5.));
#2506 = DIRECTION('',(0.,0.,1.));
#2507 = DIRECTION('',(-0.969862876241,0.243651392954,0.));
#2508 = ORIENTED_EDGE('',*,*,#2509,.F.);
#2509 = EDGE_CURVE('',#2510,#2501,#2512,.T.);
#2510 = VERTEX_POINT('',#2511);
#2511 = CARTESIAN_POINT('',(-3.350510670819,0.577995021369,0.));
#2512 = LINE('',#2513,#2514);
#2513 = CARTESIAN_POINT('',(-3.350510670819,0.577995021369,0.));
#2514 = VECTOR('',#2515,1.);
#2515 = DIRECTION('',(0.,0.,1.));
#2516 = ORIENTED_EDGE('',*,*,#2517,.F.);
#2517 = EDGE_CURVE('',#2474,#2510,#2518,.T.);
#2518 = CIRCLE('',#2519,3.4);
#2519 = AXIS2_PLACEMENT_3D('',#2520,#2521,#2522);
#2520 = CARTESIAN_POINT('',(1.071304978572E-03,6.244849082854E-03,0.));
#2521 = DIRECTION('',(0.,0.,1.));
#2522 = DIRECTION('',(-0.969862876241,0.243651392954,0.));
#2523 = CYLINDRICAL_SURFACE('',#2524,3.4);
#2524 = AXIS2_PLACEMENT_3D('',#2525,#2526,#2527);
#2525 = CARTESIAN_POINT('',(1.071304978572E-03,6.244849082854E-03,0.));
#2526 = DIRECTION('',(-0.,-0.,-1.));
#2527 = DIRECTION('',(-0.969862876241,0.243651392954,0.));
#2528 = ADVANCED_FACE('',(#2529),#2556,.F.);
#2529 = FACE_BOUND('',#2530,.F.);
#2530 = EDGE_LOOP('',(#2531,#2532,#2541,#2549));
#2531 = ORIENTED_EDGE('',*,*,#2509,.T.);
#2532 = ORIENTED_EDGE('',*,*,#2533,.T.);
#2533 = EDGE_CURVE('',#2501,#2534,#2536,.T.);
#2534 = VERTEX_POINT('',#2535);
#2535 = CARTESIAN_POINT('',(-2.964179125821,0.304325850531,5.));
#2536 = B_SPLINE_CURVE_WITH_KNOTS('',3,(#2537,#2538,#2539,#2540),
  .UNSPECIFIED.,.F.,.F.,(4,4),(0.,1.),.PIECEWISE_BEZIER_KNOTS.);
#2537 = CARTESIAN_POINT('',(-3.350510670819,0.577995021369,5.));
#2538 = CARTESIAN_POINT('',(-3.196700113351,0.431071859041,5.));
#2539 = CARTESIAN_POINT('',(-3.061338823139,0.349284437451,5.));
#2540 = CARTESIAN_POINT('',(-2.964179125821,0.304325850531,5.));
#2541 = ORIENTED_EDGE('',*,*,#2542,.F.);
#2542 = EDGE_CURVE('',#2543,#2534,#2545,.T.);
#2543 = VERTEX_POINT('',#2544);
#2544 = CARTESIAN_POINT('',(-2.964179125821,0.304325850531,0.));
#2545 = LINE('',#2546,#2547);
#2546 = CARTESIAN_POINT('',(-2.964179125821,0.304325850531,0.));
#2547 = VECTOR('',#2548,1.);
#2548 = DIRECTION('',(0.,0.,1.));
#2549 = ORIENTED_EDGE('',*,*,#2550,.F.);
#2550 = EDGE_CURVE('',#2510,#2543,#2551,.T.);
#2551 = B_SPLINE_CURVE_WITH_KNOTS('',3,(#2552,#2553,#2554,#2555),
  .UNSPECIFIED.,.F.,.F.,(4,4),(0.,1.),.PIECEWISE_BEZIER_KNOTS.);
#2552 = CARTESIAN_POINT('',(-3.350510670819,0.577995021369,0.));
#2553 = CARTESIAN_POINT('',(-3.196700113351,0.431071859041,0.));
#2554 = CARTESIAN_POINT('',(-3.061338823139,0.349284437451,0.));
#2555 = CARTESIAN_POINT('',(-2.964179125821,0.304325850531,0.));
#2556 = SURFACE_OF_LINEAR_EXTRUSION('',#2557,#2562);
#2557 = B_SPLINE_CURVE_WITH_KNOTS('',3,(#2558,#2559,#2560,#2561),
  .UNSPECIFIED.,.F.,.F.,(4,4),(0.,1.),.PIECEWISE_BEZIER_KNOTS.);
#2558 = CARTESIAN_POINT('',(-3.350510670819,0.577995021369,0.));
#2559 = CARTESIAN_POINT('',(-3.196700113351,0.431071859041,0.));
#2560 = CARTESIAN_POINT('',(-3.061338823139,0.349284437451,0.));
#2561 = CARTESIAN_POINT('',(-2.964179125821,0.304325850531,0.));
#2562 = VECTOR('',#2563,1.);
#2563 = DIRECTION('',(-0.,-0.,-1.));
#2564 = ADVANCED_FACE('',(#2565),#2592,.F.);
#2565 = FACE_BOUND('',#2566,.F.);
#2566 = EDGE_LOOP('',(#2567,#2568,#2577,#2585));
#2567 = ORIENTED_EDGE('',*,*,#2542,.T.);
#2568 = ORIENTED_EDGE('',*,*,#2569,.T.);
#2569 = EDGE_CURVE('',#2534,#2570,#2572,.T.);
#2570 = VERTEX_POINT('',#2571);
#2571 = CARTESIAN_POINT('',(-2.814309507339,0.253761702554,5.));
#2572 = B_SPLINE_CURVE_WITH_KNOTS('',3,(#2573,#2574,#2575,#2576),
  .UNSPECIFIED.,.F.,.F.,(4,4),(0.,1.),.PIECEWISE_BEZIER_KNOTS.);
#2573 = CARTESIAN_POINT('',(-2.964179125821,0.304325850531,5.));
#2574 = CARTESIAN_POINT('',(-2.882676642438,0.267037532648,5.));
#2575 = CARTESIAN_POINT('',(-2.831497544215,0.256502284121,5.));
#2576 = CARTESIAN_POINT('',(-2.814309507339,0.253761702554,5.));
#2577 = ORIENTED_EDGE('',*,*,#2578,.F.);
#2578 = EDGE_CURVE('',#2579,#2570,#2581,.T.);
#2579 = VERTEX_POINT('',#2580);
#2580 = CARTESIAN_POINT('',(-2.814309507339,0.253761702554,0.));
#2581 = LINE('',#2582,#2583);
#2582 = CARTESIAN_POINT('',(-2.814309507339,0.253761702554,0.));
#2583 = VECTOR('',#2584,1.);
#2584 = DIRECTION('',(0.,0.,1.));
#2585 = ORIENTED_EDGE('',*,*,#2586,.F.);
#2586 = EDGE_CURVE('',#2543,#2579,#2587,.T.);
#2587 = B_SPLINE_CURVE_WITH_KNOTS('',3,(#2588,#2589,#2590,#2591),
  .UNSPECIFIED.,.F.,.F.,(4,4),(0.,1.),.PIECEWISE_BEZIER_KNOTS.);
#2588 = CARTESIAN_POINT('',(-2.964179125821,0.304325850531,0.));
#2589 = CARTESIAN_POINT('',(-2.882676642438,0.267037532648,0.));
#2590 = CARTESIAN_POINT('',(-2.831497544215,0.256502284121,0.));
#2591 = CARTESIAN_POINT('',(-2.814309507339,0.253761702554,0.));
#2592 = SURFACE_OF_LINEAR_EXTRUSION('',#2593,#2598);
#2593 = B_SPLINE_CURVE_WITH_KNOTS('',3,(#2594,#2595,#2596,#2597),
  .UNSPECIFIED.,.F.,.F.,(4,4),(0.,1.),.PIECEWISE_BEZIER_KNOTS.);
#2594 = CARTESIAN_POINT('',(-2.964179125821,0.304325850531,0.));
#2595 = CARTESIAN_POINT('',(-2.882676642438,0.267037532648,0.));
#2596 = CARTESIAN_POINT('',(-2.831497544215,0.256502284121,0.));
#2597 = CARTESIAN_POINT('',(-2.814309507339,0.253761702554,0.));
#2598 = VECTOR('',#2599,1.);
#2599 = DIRECTION('',(-0.,-0.,-1.));
#2600 = ADVANCED_FACE('',(#2601),#2626,.F.);
#2601 = FACE_BOUND('',#2602,.F.);
#2602 = EDGE_LOOP('',(#2603,#2604,#2612,#2620));
#2603 = ORIENTED_EDGE('',*,*,#2578,.T.);
#2604 = ORIENTED_EDGE('',*,*,#2605,.T.);
#2605 = EDGE_CURVE('',#2570,#2606,#2608,.T.);
#2606 = VERTEX_POINT('',#2607);
#2607 = CARTESIAN_POINT('',(-2.641310610653,0.23787025466,5.));
#2608 = LINE('',#2609,#2610);
#2609 = CARTESIAN_POINT('',(-2.814309507339,0.253761702554,5.));
#2610 = VECTOR('',#2611,1.);
#2611 = DIRECTION('',(0.99580750639,-9.147354927348E-02,0.));
#2612 = ORIENTED_EDGE('',*,*,#2613,.F.);
#2613 = EDGE_CURVE('',#2614,#2606,#2616,.T.);
#2614 = VERTEX_POINT('',#2615);
#2615 = CARTESIAN_POINT('',(-2.641310610653,0.23787025466,0.));
#2616 = LINE('',#2617,#2618);
#2617 = CARTESIAN_POINT('',(-2.641310610653,0.23787025466,0.));
#2618 = VECTOR('',#2619,1.);
#2619 = DIRECTION('',(0.,0.,1.));
#2620 = ORIENTED_EDGE('',*,*,#2621,.F.);
#2621 = EDGE_CURVE('',#2579,#2614,#2622,.T.);
#2622 = LINE('',#2623,#2624);
#2623 = CARTESIAN_POINT('',(-2.814309507339,0.253761702554,0.));
#2624 = VECTOR('',#2625,1.);
#2625 = DIRECTION('',(0.99580750639,-9.147354927348E-02,0.));
#2626 = PLANE('',#2627);
#2627 = AXIS2_PLACEMENT_3D('',#2628,#2629,#2630);
#2628 = CARTESIAN_POINT('',(-2.814309507339,0.253761702554,0.));
#2629 = DIRECTION('',(9.147354927348E-02,0.99580750639,-0.));
#2630 = DIRECTION('',(0.99580750639,-9.147354927348E-02,0.));
#2631 = ADVANCED_FACE('',(#2632),#2659,.F.);
#2632 = FACE_BOUND('',#2633,.F.);
#2633 = EDGE_LOOP('',(#2634,#2635,#2644,#2652));
#2634 = ORIENTED_EDGE('',*,*,#2613,.T.);
#2635 = ORIENTED_EDGE('',*,*,#2636,.T.);
#2636 = EDGE_CURVE('',#2606,#2637,#2639,.T.);
#2637 = VERTEX_POINT('',#2638);
#2638 = CARTESIAN_POINT('',(-2.498674699223,8.139255164015E-02,5.));
#2639 = CIRCLE('',#2640,0.152);
#2640 = AXIS2_PLACEMENT_3D('',#2641,#2642,#2643);
#2641 = CARTESIAN_POINT('',(-2.650600091954,8.615438358122E-02,5.));
#2642 = DIRECTION('',(0.,0.,-1.));
#2643 = DIRECTION('',(6.111500856185E-02,0.998130730781,0.));
#2644 = ORIENTED_EDGE('',*,*,#2645,.F.);
#2645 = EDGE_CURVE('',#2646,#2637,#2648,.T.);
#2646 = VERTEX_POINT('',#2647);
#2647 = CARTESIAN_POINT('',(-2.498674699223,8.139255164015E-02,0.));
#2648 = LINE('',#2649,#2650);
#2649 = CARTESIAN_POINT('',(-2.498674699223,8.139255164015E-02,0.));
#2650 = VECTOR('',#2651,1.);
#2651 = DIRECTION('',(0.,0.,1.));
#2652 = ORIENTED_EDGE('',*,*,#2653,.F.);
#2653 = EDGE_CURVE('',#2614,#2646,#2654,.T.);
#2654 = CIRCLE('',#2655,0.152);
#2655 = AXIS2_PLACEMENT_3D('',#2656,#2657,#2658);
#2656 = CARTESIAN_POINT('',(-2.650600091954,8.615438358122E-02,0.));
#2657 = DIRECTION('',(0.,0.,-1.));
#2658 = DIRECTION('',(6.111500856185E-02,0.998130730781,0.));
#2659 = CYLINDRICAL_SURFACE('',#2660,0.152);
#2660 = AXIS2_PLACEMENT_3D('',#2661,#2662,#2663);
#2661 = CARTESIAN_POINT('',(-2.650600091954,8.615438358122E-02,0.));
#2662 = DIRECTION('',(0.,0.,-1.));
#2663 = DIRECTION('',(6.111500856185E-02,0.998130730781,0.));
#2664 = ADVANCED_FACE('',(#2665),#2692,.T.);
#2665 = FACE_BOUND('',#2666,.F.);
#2666 = EDGE_LOOP('',(#2667,#2668,#2677,#2685));
#2667 = ORIENTED_EDGE('',*,*,#2645,.T.);
#2668 = ORIENTED_EDGE('',*,*,#2669,.T.);
#2669 = EDGE_CURVE('',#2637,#2670,#2672,.T.);
#2670 = VERTEX_POINT('',#2671);
#2671 = CARTESIAN_POINT('',(-2.498674699223,-8.139255164015E-02,5.));
#2672 = CIRCLE('',#2673,2.5);
#2673 = AXIS2_PLACEMENT_3D('',#2674,#2675,#2676);
#2674 = CARTESIAN_POINT('',(-1.869615573469E-13,9.71445146547E-16,5.));
#2675 = DIRECTION('',(0.,0.,1.));
#2676 = DIRECTION('',(-0.999469879689,3.255702065606E-02,0.));
#2677 = ORIENTED_EDGE('',*,*,#2678,.F.);
#2678 = EDGE_CURVE('',#2679,#2670,#2681,.T.);
#2679 = VERTEX_POINT('',#2680);
#2680 = CARTESIAN_POINT('',(-2.498674699223,-8.139255164015E-02,0.));
#2681 = LINE('',#2682,#2683);
#2682 = CARTESIAN_POINT('',(-2.498674699223,-8.139255164015E-02,0.));
#2683 = VECTOR('',#2684,1.);
#2684 = DIRECTION('',(0.,0.,1.));
#2685 = ORIENTED_EDGE('',*,*,#2686,.F.);
#2686 = EDGE_CURVE('',#2646,#2679,#2687,.T.);
#2687 = CIRCLE('',#2688,2.5);
#2688 = AXIS2_PLACEMENT_3D('',#2689,#2690,#2691);
#2689 = CARTESIAN_POINT('',(-1.869615573469E-13,9.71445146547E-16,0.));
#2690 = DIRECTION('',(0.,0.,1.));
#2691 = DIRECTION('',(-0.999469879689,3.255702065606E-02,0.));
#2692 = CYLINDRICAL_SURFACE('',#2693,2.5);
#2693 = AXIS2_PLACEMENT_3D('',#2694,#2695,#2696);
#2694 = CARTESIAN_POINT('',(-1.869615573469E-13,9.71445146547E-16,0.));
#2695 = DIRECTION('',(-0.,-0.,-1.));
#2696 = DIRECTION('',(-0.999469879689,3.255702065606E-02,0.));
#2697 = ADVANCED_FACE('',(#2698),#2725,.F.);
#2698 = FACE_BOUND('',#2699,.F.);
#2699 = EDGE_LOOP('',(#2700,#2701,#2710,#2718));
#2700 = ORIENTED_EDGE('',*,*,#2678,.T.);
#2701 = ORIENTED_EDGE('',*,*,#2702,.T.);
#2702 = EDGE_CURVE('',#2670,#2703,#2705,.T.);
#2703 = VERTEX_POINT('',#2704);
#2704 = CARTESIAN_POINT('',(-2.641310610653,-0.23787025466,5.));
#2705 = CIRCLE('',#2706,0.152);
#2706 = AXIS2_PLACEMENT_3D('',#2707,#2708,#2709);
#2707 = CARTESIAN_POINT('',(-2.650600091954,-8.615438358122E-02,5.));
#2708 = DIRECTION('',(0.,0.,-1.));
#2709 = DIRECTION('',(0.999509162706,3.132784171753E-02,0.));
#2710 = ORIENTED_EDGE('',*,*,#2711,.F.);
#2711 = EDGE_CURVE('',#2712,#2703,#2714,.T.);
#2712 = VERTEX_POINT('',#2713);
#2713 = CARTESIAN_POINT('',(-2.641310610653,-0.23787025466,0.));
#2714 = LINE('',#2715,#2716);
#2715 = CARTESIAN_POINT('',(-2.641310610653,-0.23787025466,0.));
#2716 = VECTOR('',#2717,1.);
#2717 = DIRECTION('',(0.,0.,1.));
#2718 = ORIENTED_EDGE('',*,*,#2719,.F.);
#2719 = EDGE_CURVE('',#2679,#2712,#2720,.T.);
#2720 = CIRCLE('',#2721,0.152);
#2721 = AXIS2_PLACEMENT_3D('',#2722,#2723,#2724);
#2722 = CARTESIAN_POINT('',(-2.650600091954,-8.615438358122E-02,0.));
#2723 = DIRECTION('',(0.,0.,-1.));
#2724 = DIRECTION('',(0.999509162706,3.132784171753E-02,0.));
#2725 = CYLINDRICAL_SURFACE('',#2726,0.152);
#2726 = AXIS2_PLACEMENT_3D('',#2727,#2728,#2729);
#2727 = CARTESIAN_POINT('',(-2.650600091954,-8.615438358122E-02,0.));
#2728 = DIRECTION('',(0.,0.,-1.));
#2729 = DIRECTION('',(0.999509162706,3.132784171753E-02,0.));
#2730 = ADVANCED_FACE('',(#2731),#2756,.F.);
#2731 = FACE_BOUND('',#2732,.F.);
#2732 = EDGE_LOOP('',(#2733,#2734,#2742,#2750));
#2733 = ORIENTED_EDGE('',*,*,#2711,.T.);
#2734 = ORIENTED_EDGE('',*,*,#2735,.T.);
#2735 = EDGE_CURVE('',#2703,#2736,#2738,.T.);
#2736 = VERTEX_POINT('',#2737);
#2737 = CARTESIAN_POINT('',(-2.814309507339,-0.253761702554,5.));
#2738 = LINE('',#2739,#2740);
#2739 = CARTESIAN_POINT('',(-2.641310610653,-0.23787025466,5.));
#2740 = VECTOR('',#2741,1.);
#2741 = DIRECTION('',(-0.99580750639,-9.147354927349E-02,0.));
#2742 = ORIENTED_EDGE('',*,*,#2743,.F.);
#2743 = EDGE_CURVE('',#2744,#2736,#2746,.T.);
#2744 = VERTEX_POINT('',#2745);
#2745 = CARTESIAN_POINT('',(-2.814309507339,-0.253761702554,0.));
#2746 = LINE('',#2747,#2748);
#2747 = CARTESIAN_POINT('',(-2.814309507339,-0.253761702554,0.));
#2748 = VECTOR('',#2749,1.);
#2749 = DIRECTION('',(0.,0.,1.));
#2750 = ORIENTED_EDGE('',*,*,#2751,.F.);
#2751 = EDGE_CURVE('',#2712,#2744,#2752,.T.);
#2752 = LINE('',#2753,#2754);
#2753 = CARTESIAN_POINT('',(-2.641310610653,-0.23787025466,0.));
#2754 = VECTOR('',#2755,1.);
#2755 = DIRECTION('',(-0.99580750639,-9.147354927349E-02,0.));
#2756 = PLANE('',#2757);
#2757 = AXIS2_PLACEMENT_3D('',#2758,#2759,#2760);
#2758 = CARTESIAN_POINT('',(-2.641310610653,-0.23787025466,0.));
#2759 = DIRECTION('',(9.147354927349E-02,-0.99580750639,0.));
#2760 = DIRECTION('',(-0.99580750639,-9.147354927349E-02,0.));
#2761 = ADVANCED_FACE('',(#2762),#2789,.F.);
#2762 = FACE_BOUND('',#2763,.F.);
#2763 = EDGE_LOOP('',(#2764,#2765,#2774,#2782));
#2764 = ORIENTED_EDGE('',*,*,#2743,.T.);
#2765 = ORIENTED_EDGE('',*,*,#2766,.T.);
#2766 = EDGE_CURVE('',#2736,#2767,#2769,.T.);
#2767 = VERTEX_POINT('',#2768);
#2768 = CARTESIAN_POINT('',(-2.964179125821,-0.304325850531,5.));
#2769 = B_SPLINE_CURVE_WITH_KNOTS('',3,(#2770,#2771,#2772,#2773),
  .UNSPECIFIED.,.F.,.F.,(4,4),(0.,1.),.PIECEWISE_BEZIER_KNOTS.);
#2770 = CARTESIAN_POINT('',(-2.814309507339,-0.253761702554,5.));
#2771 = CARTESIAN_POINT('',(-2.831497544215,-0.256502284121,5.));
#2772 = CARTESIAN_POINT('',(-2.882676642438,-0.267037532648,5.));
#2773 = CARTESIAN_POINT('',(-2.964179125821,-0.304325850531,5.));
#2774 = ORIENTED_EDGE('',*,*,#2775,.F.);
#2775 = EDGE_CURVE('',#2776,#2767,#2778,.T.);
#2776 = VERTEX_POINT('',#2777);
#2777 = CARTESIAN_POINT('',(-2.964179125821,-0.304325850531,0.));
#2778 = LINE('',#2779,#2780);
#2779 = CARTESIAN_POINT('',(-2.964179125821,-0.304325850531,0.));
#2780 = VECTOR('',#2781,1.);
#2781 = DIRECTION('',(0.,0.,1.));
#2782 = ORIENTED_EDGE('',*,*,#2783,.F.);
#2783 = EDGE_CURVE('',#2744,#2776,#2784,.T.);
#2784 = B_SPLINE_CURVE_WITH_KNOTS('',3,(#2785,#2786,#2787,#2788),
  .UNSPECIFIED.,.F.,.F.,(4,4),(0.,1.),.PIECEWISE_BEZIER_KNOTS.);
#2785 = CARTESIAN_POINT('',(-2.814309507339,-0.253761702554,0.));
#2786 = CARTESIAN_POINT('',(-2.831497544215,-0.256502284121,0.));
#2787 = CARTESIAN_POINT('',(-2.882676642438,-0.267037532648,0.));
#2788 = CARTESIAN_POINT('',(-2.964179125821,-0.304325850531,0.));
#2789 = SURFACE_OF_LINEAR_EXTRUSION('',#2790,#2795);
#2790 = B_SPLINE_CURVE_WITH_KNOTS('',3,(#2791,#2792,#2793,#2794),
  .UNSPECIFIED.,.F.,.F.,(4,4),(0.,1.),.PIECEWISE_BEZIER_KNOTS.);
#2791 = CARTESIAN_POINT('',(-2.814309507339,-0.253761702554,0.));
#2792 = CARTESIAN_POINT('',(-2.831497544215,-0.256502284121,0.));
#2793 = CARTESIAN_POINT('',(-2.882676642438,-0.267037532648,0.));
#2794 = CARTESIAN_POINT('',(-2.964179125821,-0.304325850531,0.));
#2795 = VECTOR('',#2796,1.);
#2796 = DIRECTION('',(-0.,-0.,-1.));
#2797 = ADVANCED_FACE('',(#2798),#2825,.F.);
#2798 = FACE_BOUND('',#2799,.F.);
#2799 = EDGE_LOOP('',(#2800,#2801,#2810,#2818));
#2800 = ORIENTED_EDGE('',*,*,#2775,.T.);
#2801 = ORIENTED_EDGE('',*,*,#2802,.T.);
#2802 = EDGE_CURVE('',#2767,#2803,#2805,.T.);
#2803 = VERTEX_POINT('',#2804);
#2804 = CARTESIAN_POINT('',(-3.3509549574,-0.578292608128,5.));
#2805 = B_SPLINE_CURVE_WITH_KNOTS('',3,(#2806,#2807,#2808,#2809),
  .UNSPECIFIED.,.F.,.F.,(4,4),(0.,1.),.PIECEWISE_BEZIER_KNOTS.);
#2806 = CARTESIAN_POINT('',(-2.964179125821,-0.304325850531,5.));
#2807 = CARTESIAN_POINT('',(-3.061338823139,-0.349284437451,5.));
#2808 = CARTESIAN_POINT('',(-3.196700113351,-0.431071859041,5.));
#2809 = CARTESIAN_POINT('',(-3.3509549574,-0.578292608128,5.));
#2810 = ORIENTED_EDGE('',*,*,#2811,.F.);
#2811 = EDGE_CURVE('',#2812,#2803,#2814,.T.);
#2812 = VERTEX_POINT('',#2813);
#2813 = CARTESIAN_POINT('',(-3.3509549574,-0.578292608128,0.));
#2814 = LINE('',#2815,#2816);
#2815 = CARTESIAN_POINT('',(-3.3509549574,-0.578292608128,0.));
#2816 = VECTOR('',#2817,1.);
#2817 = DIRECTION('',(0.,0.,1.));
#2818 = ORIENTED_EDGE('',*,*,#2819,.F.);
#2819 = EDGE_CURVE('',#2776,#2812,#2820,.T.);
#2820 = B_SPLINE_CURVE_WITH_KNOTS('',3,(#2821,#2822,#2823,#2824),
  .UNSPECIFIED.,.F.,.F.,(4,4),(0.,1.),.PIECEWISE_BEZIER_KNOTS.);
#2821 = CARTESIAN_POINT('',(-2.964179125821,-0.304325850531,0.));
#2822 = CARTESIAN_POINT('',(-3.061338823139,-0.349284437451,0.));
#2823 = CARTESIAN_POINT('',(-3.196700113351,-0.431071859041,0.));
#2824 = CARTESIAN_POINT('',(-3.3509549574,-0.578292608128,0.));
#2825 = SURFACE_OF_LINEAR_EXTRUSION('',#2826,#2831);
#2826 = B_SPLINE_CURVE_WITH_KNOTS('',3,(#2827,#2828,#2829,#2830),
  .UNSPECIFIED.,.F.,.F.,(4,4),(0.,1.),.PIECEWISE_BEZIER_KNOTS.);
#2827 = CARTESIAN_POINT('',(-2.964179125821,-0.304325850531,0.));
#2828 = CARTESIAN_POINT('',(-3.061338823139,-0.349284437451,0.));
#2829 = CARTESIAN_POINT('',(-3.196700113351,-0.431071859041,0.));
#2830 = CARTESIAN_POINT('',(-3.3509549574,-0.578292608128,0.));
#2831 = VECTOR('',#2832,1.);
#2832 = DIRECTION('',(-0.,-0.,-1.));
#2833 = ADVANCED_FACE('',(#2834),#2861,.T.);
#2834 = FACE_BOUND('',#2835,.F.);
#2835 = EDGE_LOOP('',(#2836,#2837,#2846,#2854));
#2836 = ORIENTED_EDGE('',*,*,#2811,.T.);
#2837 = ORIENTED_EDGE('',*,*,#2838,.T.);
#2838 = EDGE_CURVE('',#2803,#2839,#2841,.T.);
#2839 = VERTEX_POINT('',#2840);
#2840 = CARTESIAN_POINT('',(-3.295935558816,-0.834750736527,5.));
#2841 = CIRCLE('',#2842,3.4);
#2842 = AXIS2_PLACEMENT_3D('',#2843,#2844,#2845);
#2843 = CARTESIAN_POINT('',(-1.561323155991E-03,6.140692503912E-03,5.));
#2844 = DIRECTION('',(0.,0.,1.));
#2845 = DIRECTION('',(-0.985115774778,-0.171892147245,0.));
#2846 = ORIENTED_EDGE('',*,*,#2847,.F.);
#2847 = EDGE_CURVE('',#2848,#2839,#2850,.T.);
#2848 = VERTEX_POINT('',#2849);
#2849 = CARTESIAN_POINT('',(-3.295935558816,-0.834750736527,0.));
#2850 = LINE('',#2851,#2852);
#2851 = CARTESIAN_POINT('',(-3.295935558816,-0.834750736527,0.));
#2852 = VECTOR('',#2853,1.);
#2853 = DIRECTION('',(0.,0.,1.));
#2854 = ORIENTED_EDGE('',*,*,#2855,.F.);
#2855 = EDGE_CURVE('',#2812,#2848,#2856,.T.);
#2856 = CIRCLE('',#2857,3.4);
#2857 = AXIS2_PLACEMENT_3D('',#2858,#2859,#2860);
#2858 = CARTESIAN_POINT('',(-1.561323155991E-03,6.140692503912E-03,0.));
#2859 = DIRECTION('',(0.,0.,1.));
#2860 = DIRECTION('',(-0.985115774778,-0.171892147245,0.));
#2861 = CYLINDRICAL_SURFACE('',#2862,3.4);
#2862 = AXIS2_PLACEMENT_3D('',#2863,#2864,#2865);
#2863 = CARTESIAN_POINT('',(-1.561323155991E-03,6.140692503912E-03,0.));
#2864 = DIRECTION('',(-0.,-0.,-1.));
#2865 = DIRECTION('',(-0.985115774778,-0.171892147245,0.));
#2866 = ADVANCED_FACE('',(#2867),#2894,.F.);
#2867 = FACE_BOUND('',#2868,.F.);
#2868 = EDGE_LOOP('',(#2869,#2870,#2879,#2887));
#2869 = ORIENTED_EDGE('',*,*,#2847,.T.);
#2870 = ORIENTED_EDGE('',*,*,#2871,.T.);
#2871 = EDGE_CURVE('',#2839,#2872,#2874,.T.);
#2872 = VERTEX_POINT('',#2873);
#2873 = CARTESIAN_POINT('',(-2.831692850879,-0.927624768716,5.));
#2874 = B_SPLINE_CURVE_WITH_KNOTS('',3,(#2875,#2876,#2877,#2878),
  .UNSPECIFIED.,.F.,.F.,(4,4),(0.,1.),.PIECEWISE_BEZIER_KNOTS.);
#2875 = CARTESIAN_POINT('',(-3.295935558816,-0.834750736527,5.));
#2876 = CARTESIAN_POINT('',(-3.095663588869,-0.90641133428,5.));
#2877 = CARTESIAN_POINT('',(-2.938738955752,-0.926071464982,5.));
#2878 = CARTESIAN_POINT('',(-2.831692850879,-0.927624768716,5.));
#2879 = ORIENTED_EDGE('',*,*,#2880,.F.);
#2880 = EDGE_CURVE('',#2881,#2872,#2883,.T.);
#2881 = VERTEX_POINT('',#2882);
#2882 = CARTESIAN_POINT('',(-2.831692850879,-0.927624768716,0.));
#2883 = LINE('',#2884,#2885);
#2884 = CARTESIAN_POINT('',(-2.831692850879,-0.927624768716,0.));
#2885 = VECTOR('',#2886,1.);
#2886 = DIRECTION('',(0.,0.,1.));
#2887 = ORIENTED_EDGE('',*,*,#2888,.F.);
#2888 = EDGE_CURVE('',#2848,#2881,#2889,.T.);
#2889 = B_SPLINE_CURVE_WITH_KNOTS('',3,(#2890,#2891,#2892,#2893),
  .UNSPECIFIED.,.F.,.F.,(4,4),(0.,1.),.PIECEWISE_BEZIER_KNOTS.);
#2890 = CARTESIAN_POINT('',(-3.295935558816,-0.834750736527,0.));
#2891 = CARTESIAN_POINT('',(-3.095663588869,-0.90641133428,0.));
#2892 = CARTESIAN_POINT('',(-2.938738955752,-0.926071464982,0.));
#2893 = CARTESIAN_POINT('',(-2.831692850879,-0.927624768716,0.));
#2894 = SURFACE_OF_LINEAR_EXTRUSION('',#2895,#2900);
#2895 = B_SPLINE_CURVE_WITH_KNOTS('',3,(#2896,#2897,#2898,#2899),
  .UNSPECIFIED.,.F.,.F.,(4,4),(0.,1.),.PIECEWISE_BEZIER_KNOTS.);
#2896 = CARTESIAN_POINT('',(-3.295935558816,-0.834750736527,0.));
#2897 = CARTESIAN_POINT('',(-3.095663588869,-0.90641133428,0.));
#2898 = CARTESIAN_POINT('',(-2.938738955752,-0.926071464982,0.));
#2899 = CARTESIAN_POINT('',(-2.831692850879,-0.927624768716,0.));
#2900 = VECTOR('',#2901,1.);
#2901 = DIRECTION('',(-0.,-0.,-1.));
#2902 = ADVANCED_FACE('',(#2903),#2930,.F.);
#2903 = FACE_BOUND('',#2904,.F.);
#2904 = EDGE_LOOP('',(#2905,#2906,#2915,#2923));
#2905 = ORIENTED_EDGE('',*,*,#2880,.T.);
#2906 = ORIENTED_EDGE('',*,*,#2907,.T.);
#2907 = EDGE_CURVE('',#2872,#2908,#2910,.T.);
#2908 = VERTEX_POINT('',#2909);
#2909 = CARTESIAN_POINT('',(-2.674213849867,-0.912859950899,5.));
#2910 = B_SPLINE_CURVE_WITH_KNOTS('',3,(#2911,#2912,#2913,#2914),
  .UNSPECIFIED.,.F.,.F.,(4,4),(0.,1.),.PIECEWISE_BEZIER_KNOTS.);
#2911 = CARTESIAN_POINT('',(-2.831692850879,-0.927624768716,5.));
#2912 = CARTESIAN_POINT('',(-2.742070102156,-0.928539295648,5.));
#2913 = CARTESIAN_POINT('',(-2.691030597829,-0.917347309478,5.));
#2914 = CARTESIAN_POINT('',(-2.674213849867,-0.912859950899,5.));
#2915 = ORIENTED_EDGE('',*,*,#2916,.F.);
#2916 = EDGE_CURVE('',#2917,#2908,#2919,.T.);
#2917 = VERTEX_POINT('',#2918);
#2918 = CARTESIAN_POINT('',(-2.674213849867,-0.912859950899,0.));
#2919 = LINE('',#2920,#2921);
#2920 = CARTESIAN_POINT('',(-2.674213849867,-0.912859950899,0.));
#2921 = VECTOR('',#2922,1.);
#2922 = DIRECTION('',(0.,0.,1.));
#2923 = ORIENTED_EDGE('',*,*,#2924,.F.);
#2924 = EDGE_CURVE('',#2881,#2917,#2925,.T.);
#2925 = B_SPLINE_CURVE_WITH_KNOTS('',3,(#2926,#2927,#2928,#2929),
  .UNSPECIFIED.,.F.,.F.,(4,4),(0.,1.),.PIECEWISE_BEZIER_KNOTS.);
#2926 = CARTESIAN_POINT('',(-2.831692850879,-0.927624768716,0.));
#2927 = CARTESIAN_POINT('',(-2.742070102156,-0.928539295648,0.));
#2928 = CARTESIAN_POINT('',(-2.691030597829,-0.917347309478,0.));
#2929 = CARTESIAN_POINT('',(-2.674213849867,-0.912859950899,0.));
#2930 = SURFACE_OF_LINEAR_EXTRUSION('',#2931,#2936);
#2931 = B_SPLINE_CURVE_WITH_KNOTS('',3,(#2932,#2933,#2934,#2935),
  .UNSPECIFIED.,.F.,.F.,(4,4),(0.,1.),.PIECEWISE_BEZIER_KNOTS.);
#2932 = CARTESIAN_POINT('',(-2.831692850879,-0.927624768716,0.));
#2933 = CARTESIAN_POINT('',(-2.742070102156,-0.928539295648,0.));
#2934 = CARTESIAN_POINT('',(-2.691030597829,-0.917347309478,0.));
#2935 = CARTESIAN_POINT('',(-2.674213849867,-0.912859950899,0.));
#2936 = VECTOR('',#2937,1.);
#2937 = DIRECTION('',(-0.,-0.,-1.));
#2938 = ADVANCED_FACE('',(#2939),#2964,.F.);
#2939 = FACE_BOUND('',#2940,.F.);
#2940 = EDGE_LOOP('',(#2941,#2942,#2950,#2958));
#2941 = ORIENTED_EDGE('',*,*,#2916,.T.);
#2942 = ORIENTED_EDGE('',*,*,#2943,.T.);
#2943 = EDGE_CURVE('',#2908,#2944,#2946,.T.);
#2944 = VERTEX_POINT('',#2945);
#2945 = CARTESIAN_POINT('',(-2.509707859453,-0.857012520445,5.));
#2946 = LINE('',#2947,#2948);
#2947 = CARTESIAN_POINT('',(-2.674213849867,-0.912859950899,5.));
#2948 = VECTOR('',#2949,1.);
#2949 = DIRECTION('',(0.946921068511,0.321466156866,0.));
#2950 = ORIENTED_EDGE('',*,*,#2951,.F.);
#2951 = EDGE_CURVE('',#2952,#2944,#2954,.T.);
#2952 = VERTEX_POINT('',#2953);
#2953 = CARTESIAN_POINT('',(-2.509707859453,-0.857012520445,0.));
#2954 = LINE('',#2955,#2956);
#2955 = CARTESIAN_POINT('',(-2.509707859453,-0.857012520445,0.));
#2956 = VECTOR('',#2957,1.);
#2957 = DIRECTION('',(0.,0.,1.));
#2958 = ORIENTED_EDGE('',*,*,#2959,.F.);
#2959 = EDGE_CURVE('',#2917,#2952,#2960,.T.);
#2960 = LINE('',#2961,#2962);
#2961 = CARTESIAN_POINT('',(-2.674213849867,-0.912859950899,0.));
#2962 = VECTOR('',#2963,1.);
#2963 = DIRECTION('',(0.946921068511,0.321466156866,0.));
#2964 = PLANE('',#2965);
#2965 = AXIS2_PLACEMENT_3D('',#2966,#2967,#2968);
#2966 = CARTESIAN_POINT('',(-2.674213849867,-0.912859950899,0.));
#2967 = DIRECTION('',(-0.321466156866,0.946921068511,0.));
#2968 = DIRECTION('',(0.946921068511,0.321466156866,0.));
#2969 = ADVANCED_FACE('',(#2970),#2997,.F.);
#2970 = FACE_BOUND('',#2971,.F.);
#2971 = EDGE_LOOP('',(#2972,#2973,#2982,#2990));
#2972 = ORIENTED_EDGE('',*,*,#2951,.T.);
#2973 = ORIENTED_EDGE('',*,*,#2974,.T.);
#2974 = EDGE_CURVE('',#2944,#2975,#2977,.T.);
#2975 = VERTEX_POINT('',#2976);
#2976 = CARTESIAN_POINT('',(-2.315758254827,-0.941946763464,5.));
#2977 = CIRCLE('',#2978,0.152);
#2978 = AXIS2_PLACEMENT_3D('',#2979,#2980,#2981);
#2979 = CARTESIAN_POINT('',(-2.456485818796,-0.999390237761,5.));
#2980 = DIRECTION('',(0.,0.,-1.));
#2981 = DIRECTION('',(-0.350145004323,0.936695508662,0.));
#2982 = ORIENTED_EDGE('',*,*,#2983,.F.);
#2983 = EDGE_CURVE('',#2984,#2975,#2986,.T.);
#2984 = VERTEX_POINT('',#2985);
#2985 = CARTESIAN_POINT('',(-2.315758254827,-0.941946763464,0.));
#2986 = LINE('',#2987,#2988);
#2987 = CARTESIAN_POINT('',(-2.315758254827,-0.941946763464,0.));
#2988 = VECTOR('',#2989,1.);
#2989 = DIRECTION('',(0.,0.,1.));
#2990 = ORIENTED_EDGE('',*,*,#2991,.F.);
#2991 = EDGE_CURVE('',#2952,#2984,#2992,.T.);
#2992 = CIRCLE('',#2993,0.152);
#2993 = AXIS2_PLACEMENT_3D('',#2994,#2995,#2996);
#2994 = CARTESIAN_POINT('',(-2.456485818796,-0.999390237761,0.));
#2995 = DIRECTION('',(0.,0.,-1.));
#2996 = DIRECTION('',(-0.350145004323,0.936695508662,0.));
#2997 = CYLINDRICAL_SURFACE('',#2998,0.152);
#2998 = AXIS2_PLACEMENT_3D('',#2999,#3000,#3001);
#2999 = CARTESIAN_POINT('',(-2.456485818796,-0.999390237761,0.));
#3000 = DIRECTION('',(0.,0.,-1.));
#3001 = DIRECTION('',(-0.350145004323,0.936695508662,0.));
#3002 = ADVANCED_FACE('',(#3003),#3030,.T.);
#3003 = FACE_BOUND('',#3004,.F.);
#3004 = EDGE_LOOP('',(#3005,#3006,#3015,#3023));
#3005 = ORIENTED_EDGE('',*,*,#2983,.T.);
#3006 = ORIENTED_EDGE('',*,*,#3007,.T.);
#3007 = EDGE_CURVE('',#2975,#3008,#3010,.T.);
#3008 = VERTEX_POINT('',#3009);
#3009 = CARTESIAN_POINT('',(-2.249547588376,-1.090658355137,5.));
#3010 = CIRCLE('',#3011,2.500000000001);
#3011 = AXIS2_PLACEMENT_3D('',#3012,#3013,#3014);
#3012 = CARTESIAN_POINT('',(6.39710506789E-13,2.862710068996E-13,5.));
#3013 = DIRECTION('',(0.,0.,1.));
#3014 = DIRECTION('',(-0.926303301931,-0.376778705385,0.));
#3015 = ORIENTED_EDGE('',*,*,#3016,.F.);
#3016 = EDGE_CURVE('',#3017,#3008,#3019,.T.);
#3017 = VERTEX_POINT('',#3018);
#3018 = CARTESIAN_POINT('',(-2.249547588376,-1.090658355137,0.));
#3019 = LINE('',#3020,#3021);
#3020 = CARTESIAN_POINT('',(-2.249547588376,-1.090658355137,0.));
#3021 = VECTOR('',#3022,1.);
#3022 = DIRECTION('',(0.,0.,1.));
#3023 = ORIENTED_EDGE('',*,*,#3024,.F.);
#3024 = EDGE_CURVE('',#2984,#3017,#3025,.T.);
#3025 = CIRCLE('',#3026,2.500000000001);
#3026 = AXIS2_PLACEMENT_3D('',#3027,#3028,#3029);
#3027 = CARTESIAN_POINT('',(6.39710506789E-13,2.862710068996E-13,0.));
#3028 = DIRECTION('',(0.,0.,1.));
#3029 = DIRECTION('',(-0.926303301931,-0.376778705385,0.));
#3030 = CYLINDRICAL_SURFACE('',#3031,2.500000000001);
#3031 = AXIS2_PLACEMENT_3D('',#3032,#3033,#3034);
#3032 = CARTESIAN_POINT('',(6.39710506789E-13,2.862710068996E-13,0.));
#3033 = DIRECTION('',(-0.,-0.,-1.));
#3034 = DIRECTION('',(-0.926303301931,-0.376778705385,0.));
#3035 = ADVANCED_FACE('',(#3036),#3063,.F.);
#3036 = FACE_BOUND('',#3037,.F.);
#3037 = EDGE_LOOP('',(#3038,#3039,#3048,#3056));
#3038 = ORIENTED_EDGE('',*,*,#3016,.T.);
#3039 = ORIENTED_EDGE('',*,*,#3040,.T.);
#3040 = EDGE_CURVE('',#3008,#3041,#3043,.T.);
#3041 = VERTEX_POINT('',#3042);
#3042 = CARTESIAN_POINT('',(-2.316206761717,-1.29162310175,5.));
#3043 = CIRCLE('',#3044,0.152);
#3044 = AXIS2_PLACEMENT_3D('',#3045,#3046,#3047);
#3045 = CARTESIAN_POINT('',(-2.386401529268,-1.156802129315,5.));
#3046 = DIRECTION('',(0.,0.,-1.));
#3047 = DIRECTION('',(0.900354874287,0.435156409061,0.));
#3048 = ORIENTED_EDGE('',*,*,#3049,.F.);
#3049 = EDGE_CURVE('',#3050,#3041,#3052,.T.);
#3050 = VERTEX_POINT('',#3051);
#3051 = CARTESIAN_POINT('',(-2.316206761717,-1.29162310175,0.));
#3052 = LINE('',#3053,#3054);
#3053 = CARTESIAN_POINT('',(-2.316206761717,-1.29162310175,0.));
#3054 = VECTOR('',#3055,1.);
#3055 = DIRECTION('',(0.,0.,1.));
#3056 = ORIENTED_EDGE('',*,*,#3057,.F.);
#3057 = EDGE_CURVE('',#3017,#3050,#3058,.T.);
#3058 = CIRCLE('',#3059,0.152);
#3059 = AXIS2_PLACEMENT_3D('',#3060,#3061,#3062);
#3060 = CARTESIAN_POINT('',(-2.386401529268,-1.156802129315,0.));
#3061 = DIRECTION('',(0.,0.,-1.));
#3062 = DIRECTION('',(0.900354874287,0.435156409061,0.));
#3063 = CYLINDRICAL_SURFACE('',#3064,0.152);
#3064 = AXIS2_PLACEMENT_3D('',#3065,#3066,#3067);
#3065 = CARTESIAN_POINT('',(-2.386401529268,-1.156802129315,0.));
#3066 = DIRECTION('',(0.,0.,-1.));
#3067 = DIRECTION('',(0.900354874287,0.435156409061,0.));
#3068 = ADVANCED_FACE('',(#3069),#3094,.F.);
#3069 = FACE_BOUND('',#3070,.F.);
#3070 = EDGE_LOOP('',(#3071,#3072,#3080,#3088));
#3071 = ORIENTED_EDGE('',*,*,#3049,.T.);
#3072 = ORIENTED_EDGE('',*,*,#3073,.T.);
#3073 = EDGE_CURVE('',#3041,#3074,#3076,.T.);
#3074 = VERTEX_POINT('',#3075);
#3075 = CARTESIAN_POINT('',(-2.467785483792,-1.376505652283,5.));
#3076 = LINE('',#3077,#3078);
#3077 = CARTESIAN_POINT('',(-2.316206761717,-1.29162310175,5.));
#3078 = VECTOR('',#3079,1.);
#3079 = DIRECTION('',(-0.872509779788,-0.488596647732,0.));
#3080 = ORIENTED_EDGE('',*,*,#3081,.F.);
#3081 = EDGE_CURVE('',#3082,#3074,#3084,.T.);
#3082 = VERTEX_POINT('',#3083);
#3083 = CARTESIAN_POINT('',(-2.467785483792,-1.376505652283,0.));
#3084 = LINE('',#3085,#3086);
#3085 = CARTESIAN_POINT('',(-2.467785483792,-1.376505652283,0.));
#3086 = VECTOR('',#3087,1.);
#3087 = DIRECTION('',(0.,0.,1.));
#3088 = ORIENTED_EDGE('',*,*,#3089,.F.);
#3089 = EDGE_CURVE('',#3050,#3082,#3090,.T.);
#3090 = LINE('',#3091,#3092);
#3091 = CARTESIAN_POINT('',(-2.316206761717,-1.29162310175,0.));
#3092 = VECTOR('',#3093,1.);
#3093 = DIRECTION('',(-0.872509779788,-0.488596647732,0.));
#3094 = PLANE('',#3095);
#3095 = AXIS2_PLACEMENT_3D('',#3096,#3097,#3098);
#3096 = CARTESIAN_POINT('',(-2.316206761717,-1.29162310175,0.));
#3097 = DIRECTION('',(0.488596647732,-0.872509779788,0.));
#3098 = DIRECTION('',(-0.872509779788,-0.488596647732,0.));
#3099 = ADVANCED_FACE('',(#3100),#3127,.F.);
#3100 = FACE_BOUND('',#3101,.F.);
#3101 = EDGE_LOOP('',(#3102,#3103,#3112,#3120));
#3102 = ORIENTED_EDGE('',*,*,#3081,.T.);
#3103 = ORIENTED_EDGE('',*,*,#3104,.T.);
#3104 = EDGE_CURVE('',#3074,#3105,#3107,.T.);
#3105 = VERTEX_POINT('',#3106);
#3106 = CARTESIAN_POINT('',(-2.584131901187,-1.483655765507,5.));
#3107 = B_SPLINE_CURVE_WITH_KNOTS('',3,(#3108,#3109,#3110,#3111),
  .UNSPECIFIED.,.F.,.F.,(4,4),(0.,1.),.PIECEWISE_BEZIER_KNOTS.);
#3108 = CARTESIAN_POINT('',(-2.467785483792,-1.376505652283,5.));
#3109 = CARTESIAN_POINT('',(-2.482372841859,-1.386000302545,5.));
#3110 = CARTESIAN_POINT('',(-2.524842202947,-1.416441145589,5.));
#3111 = CARTESIAN_POINT('',(-2.584131901187,-1.483655765507,5.));
#3112 = ORIENTED_EDGE('',*,*,#3113,.F.);
#3113 = EDGE_CURVE('',#3114,#3105,#3116,.T.);
#3114 = VERTEX_POINT('',#3115);
#3115 = CARTESIAN_POINT('',(-2.584131901187,-1.483655765507,0.));
#3116 = LINE('',#3117,#3118);
#3117 = CARTESIAN_POINT('',(-2.584131901187,-1.483655765507,0.));
#3118 = VECTOR('',#3119,1.);
#3119 = DIRECTION('',(0.,0.,1.));
#3120 = ORIENTED_EDGE('',*,*,#3121,.F.);
#3121 = EDGE_CURVE('',#3082,#3114,#3122,.T.);
#3122 = B_SPLINE_CURVE_WITH_KNOTS('',3,(#3123,#3124,#3125,#3126),
  .UNSPECIFIED.,.F.,.F.,(4,4),(0.,1.),.PIECEWISE_BEZIER_KNOTS.);
#3123 = CARTESIAN_POINT('',(-2.467785483792,-1.376505652283,0.));
#3124 = CARTESIAN_POINT('',(-2.482372841859,-1.386000302545,0.));
#3125 = CARTESIAN_POINT('',(-2.524842202947,-1.416441145589,0.));
#3126 = CARTESIAN_POINT('',(-2.584131901187,-1.483655765507,0.));
#3127 = SURFACE_OF_LINEAR_EXTRUSION('',#3128,#3133);
#3128 = B_SPLINE_CURVE_WITH_KNOTS('',3,(#3129,#3130,#3131,#3132),
  .UNSPECIFIED.,.F.,.F.,(4,4),(0.,1.),.PIECEWISE_BEZIER_KNOTS.);
#3129 = CARTESIAN_POINT('',(-2.467785483792,-1.376505652283,0.));
#3130 = CARTESIAN_POINT('',(-2.482372841859,-1.386000302545,0.));
#3131 = CARTESIAN_POINT('',(-2.524842202947,-1.416441145589,0.));
#3132 = CARTESIAN_POINT('',(-2.584131901187,-1.483655765507,0.));
#3133 = VECTOR('',#3134,1.);
#3134 = DIRECTION('',(-0.,-0.,-1.));
#3135 = ADVANCED_FACE('',(#3136),#3163,.F.);
#3136 = FACE_BOUND('',#3137,.F.);
#3137 = EDGE_LOOP('',(#3138,#3139,#3148,#3156));
#3138 = ORIENTED_EDGE('',*,*,#3113,.T.);
#3139 = ORIENTED_EDGE('',*,*,#3140,.T.);
#3140 = EDGE_CURVE('',#3105,#3141,#3143,.T.);
#3141 = VERTEX_POINT('',#3142);
#3142 = CARTESIAN_POINT('',(-2.826036885952,-1.891252755814,5.));
#3143 = B_SPLINE_CURVE_WITH_KNOTS('',3,(#3144,#3145,#3146,#3147),
  .UNSPECIFIED.,.F.,.F.,(4,4),(0.,1.),.PIECEWISE_BEZIER_KNOTS.);
#3144 = CARTESIAN_POINT('',(-2.584131901187,-1.483655765507,5.));
#3145 = CARTESIAN_POINT('',(-2.654605396616,-1.5642458875,5.));
#3146 = CARTESIAN_POINT('',(-2.744998147127,-1.694018811769,5.));
#3147 = CARTESIAN_POINT('',(-2.826036885952,-1.891252755814,5.));
#3148 = ORIENTED_EDGE('',*,*,#3149,.F.);
#3149 = EDGE_CURVE('',#3150,#3141,#3152,.T.);
#3150 = VERTEX_POINT('',#3151);
#3151 = CARTESIAN_POINT('',(-2.826036885952,-1.891252755814,0.));
#3152 = LINE('',#3153,#3154);
#3153 = CARTESIAN_POINT('',(-2.826036885952,-1.891252755814,0.));
#3154 = VECTOR('',#3155,1.);
#3155 = DIRECTION('',(0.,0.,1.));
#3156 = ORIENTED_EDGE('',*,*,#3157,.F.);
#3157 = EDGE_CURVE('',#3114,#3150,#3158,.T.);
#3158 = B_SPLINE_CURVE_WITH_KNOTS('',3,(#3159,#3160,#3161,#3162),
  .UNSPECIFIED.,.F.,.F.,(4,4),(0.,1.),.PIECEWISE_BEZIER_KNOTS.);
#3159 = CARTESIAN_POINT('',(-2.584131901187,-1.483655765507,0.));
#3160 = CARTESIAN_POINT('',(-2.654605396616,-1.5642458875,0.));
#3161 = CARTESIAN_POINT('',(-2.744998147127,-1.694018811769,0.));
#3162 = CARTESIAN_POINT('',(-2.826036885952,-1.891252755814,0.));
#3163 = SURFACE_OF_LINEAR_EXTRUSION('',#3164,#3169);
#3164 = B_SPLINE_CURVE_WITH_KNOTS('',3,(#3165,#3166,#3167,#3168),
  .UNSPECIFIED.,.F.,.F.,(4,4),(0.,1.),.PIECEWISE_BEZIER_KNOTS.);
#3165 = CARTESIAN_POINT('',(-2.584131901187,-1.483655765507,0.));
#3166 = CARTESIAN_POINT('',(-2.654605396616,-1.5642458875,0.));
#3167 = CARTESIAN_POINT('',(-2.744998147127,-1.694018811769,0.));
#3168 = CARTESIAN_POINT('',(-2.826036885952,-1.891252755814,0.));
#3169 = VECTOR('',#3170,1.);
#3170 = DIRECTION('',(-0.,-0.,-1.));
#3171 = ADVANCED_FACE('',(#3172),#3199,.T.);
#3172 = FACE_BOUND('',#3173,.F.);
#3173 = EDGE_LOOP('',(#3174,#3175,#3184,#3192));
#3174 = ORIENTED_EDGE('',*,*,#3149,.T.);
#3175 = ORIENTED_EDGE('',*,*,#3176,.T.);
#3176 = EDGE_CURVE('',#3141,#3177,#3179,.T.);
#3177 = VERTEX_POINT('',#3178);
#3178 = CARTESIAN_POINT('',(-2.671463246059,-2.103160508605,5.));
#3179 = CIRCLE('',#3180,3.4);
#3180 = AXIS2_PLACEMENT_3D('',#3181,#3182,#3183);
#3181 = CARTESIAN_POINT('',(-3.923984331947E-03,4.974754404738E-03,5.));
#3182 = DIRECTION('',(0.,0.,1.));
#3183 = DIRECTION('',(-0.830033206359,-0.557713973594,0.));
#3184 = ORIENTED_EDGE('',*,*,#3185,.F.);
#3185 = EDGE_CURVE('',#3186,#3177,#3188,.T.);
#3186 = VERTEX_POINT('',#3187);
#3187 = CARTESIAN_POINT('',(-2.671463246059,-2.103160508605,0.));
#3188 = LINE('',#3189,#3190);
#3189 = CARTESIAN_POINT('',(-2.671463246059,-2.103160508605,0.));
#3190 = VECTOR('',#3191,1.);
#3191 = DIRECTION('',(0.,0.,1.));
#3192 = ORIENTED_EDGE('',*,*,#3193,.F.);
#3193 = EDGE_CURVE('',#3150,#3186,#3194,.T.);
#3194 = CIRCLE('',#3195,3.4);
#3195 = AXIS2_PLACEMENT_3D('',#3196,#3197,#3198);
#3196 = CARTESIAN_POINT('',(-3.923984331947E-03,4.974754404738E-03,0.));
#3197 = DIRECTION('',(0.,0.,1.));
#3198 = DIRECTION('',(-0.830033206359,-0.557713973594,0.));
#3199 = CYLINDRICAL_SURFACE('',#3200,3.4);
#3200 = AXIS2_PLACEMENT_3D('',#3201,#3202,#3203);
#3201 = CARTESIAN_POINT('',(-3.923984331947E-03,4.974754404738E-03,0.));
#3202 = DIRECTION('',(-0.,-0.,-1.));
#3203 = DIRECTION('',(-0.830033206359,-0.557713973594,0.));
#3204 = ADVANCED_FACE('',(#3205),#3232,.F.);
#3205 = FACE_BOUND('',#3206,.F.);
#3206 = EDGE_LOOP('',(#3207,#3208,#3217,#3225));
#3207 = ORIENTED_EDGE('',*,*,#3185,.T.);
#3208 = ORIENTED_EDGE('',*,*,#3209,.T.);
#3209 = EDGE_CURVE('',#3177,#3210,#3212,.T.);
#3210 = VERTEX_POINT('',#3211);
#3211 = CARTESIAN_POINT('',(-2.209581156898,-1.999180638246,5.));
#3212 = B_SPLINE_CURVE_WITH_KNOTS('',3,(#3213,#3214,#3215,#3216),
  .UNSPECIFIED.,.F.,.F.,(4,4),(0.,1.),.PIECEWISE_BEZIER_KNOTS.);
#3213 = CARTESIAN_POINT('',(-2.671463246059,-2.103160508605,5.));
#3214 = CARTESIAN_POINT('',(-2.45935870665,-2.087167773415,5.));
#3215 = CARTESIAN_POINT('',(-2.308004425309,-2.041301198026,5.));
#3216 = CARTESIAN_POINT('',(-2.209581156898,-1.999180638246,5.));
#3217 = ORIENTED_EDGE('',*,*,#3218,.F.);
#3218 = EDGE_CURVE('',#3219,#3210,#3221,.T.);
#3219 = VERTEX_POINT('',#3220);
#3220 = CARTESIAN_POINT('',(-2.209581156898,-1.999180638246,0.));
#3221 = LINE('',#3222,#3223);
#3222 = CARTESIAN_POINT('',(-2.209581156898,-1.999180638246,0.));
#3223 = VECTOR('',#3224,1.);
#3224 = DIRECTION('',(0.,0.,1.));
#3225 = ORIENTED_EDGE('',*,*,#3226,.F.);
#3226 = EDGE_CURVE('',#3186,#3219,#3227,.T.);
#3227 = B_SPLINE_CURVE_WITH_KNOTS('',3,(#3228,#3229,#3230,#3231),
  .UNSPECIFIED.,.F.,.F.,(4,4),(0.,1.),.PIECEWISE_BEZIER_KNOTS.);
#3228 = CARTESIAN_POINT('',(-2.671463246059,-2.103160508605,0.));
#3229 = CARTESIAN_POINT('',(-2.45935870665,-2.087167773415,0.));
#3230 = CARTESIAN_POINT('',(-2.308004425309,-2.041301198026,0.));
#3231 = CARTESIAN_POINT('',(-2.209581156898,-1.999180638246,0.));
#3232 = SURFACE_OF_LINEAR_EXTRUSION('',#3233,#3238);
#3233 = B_SPLINE_CURVE_WITH_KNOTS('',3,(#3234,#3235,#3236,#3237),
  .UNSPECIFIED.,.F.,.F.,(4,4),(0.,1.),.PIECEWISE_BEZIER_KNOTS.);
#3234 = CARTESIAN_POINT('',(-2.671463246059,-2.103160508605,0.));
#3235 = CARTESIAN_POINT('',(-2.45935870665,-2.087167773415,0.));
#3236 = CARTESIAN_POINT('',(-2.308004425309,-2.041301198026,0.));
#3237 = CARTESIAN_POINT('',(-2.209581156898,-1.999180638246,0.));
#3238 = VECTOR('',#3239,1.);
#3239 = DIRECTION('',(-0.,-0.,-1.));
#3240 = ADVANCED_FACE('',(#3241),#3268,.F.);
#3241 = FACE_BOUND('',#3242,.F.);
#3242 = EDGE_LOOP('',(#3243,#3244,#3253,#3261));
#3243 = ORIENTED_EDGE('',*,*,#3218,.T.);
#3244 = ORIENTED_EDGE('',*,*,#3245,.T.);
#3245 = EDGE_CURVE('',#3210,#3246,#3248,.T.);
#3246 = VERTEX_POINT('',#3247);
#3247 = CARTESIAN_POINT('',(-2.071722323284,-1.92163982577,5.));
#3248 = B_SPLINE_CURVE_WITH_KNOTS('',3,(#3249,#3250,#3251,#3252),
  .UNSPECIFIED.,.F.,.F.,(4,4),(0.,1.),.PIECEWISE_BEZIER_KNOTS.);
#3249 = CARTESIAN_POINT('',(-2.209581156898,-1.999180638246,5.));
#3250 = CARTESIAN_POINT('',(-2.127334730286,-1.963563244211,5.));
#3251 = CARTESIAN_POINT('',(-2.085260013832,-1.932579219429,5.));
#3252 = CARTESIAN_POINT('',(-2.071722323284,-1.92163982577,5.));
#3253 = ORIENTED_EDGE('',*,*,#3254,.F.);
#3254 = EDGE_CURVE('',#3255,#3246,#3257,.T.);
#3255 = VERTEX_POINT('',#3256);
#3256 = CARTESIAN_POINT('',(-2.071722323284,-1.92163982577,0.));
#3257 = LINE('',#3258,#3259);
#3258 = CARTESIAN_POINT('',(-2.071722323284,-1.92163982577,0.));
#3259 = VECTOR('',#3260,1.);
#3260 = DIRECTION('',(0.,0.,1.));
#3261 = ORIENTED_EDGE('',*,*,#3262,.F.);
#3262 = EDGE_CURVE('',#3219,#3255,#3263,.T.);
#3263 = B_SPLINE_CURVE_WITH_KNOTS('',3,(#3264,#3265,#3266,#3267),
  .UNSPECIFIED.,.F.,.F.,(4,4),(0.,1.),.PIECEWISE_BEZIER_KNOTS.);
#3264 = CARTESIAN_POINT('',(-2.209581156898,-1.999180638246,0.));
#3265 = CARTESIAN_POINT('',(-2.127334730286,-1.963563244211,0.));
#3266 = CARTESIAN_POINT('',(-2.085260013832,-1.932579219429,0.));
#3267 = CARTESIAN_POINT('',(-2.071722323284,-1.92163982577,0.));
#3268 = SURFACE_OF_LINEAR_EXTRUSION('',#3269,#3274);
#3269 = B_SPLINE_CURVE_WITH_KNOTS('',3,(#3270,#3271,#3272,#3273),
  .UNSPECIFIED.,.F.,.F.,(4,4),(0.,1.),.PIECEWISE_BEZIER_KNOTS.);
#3270 = CARTESIAN_POINT('',(-2.209581156898,-1.999180638246,0.));
#3271 = CARTESIAN_POINT('',(-2.127334730286,-1.963563244211,0.));
#3272 = CARTESIAN_POINT('',(-2.085260013832,-1.932579219429,0.));
#3273 = CARTESIAN_POINT('',(-2.071722323284,-1.92163982577,0.));
#3274 = VECTOR('',#3275,1.);
#3275 = DIRECTION('',(-0.,-0.,-1.));
#3276 = ADVANCED_FACE('',(#3277),#3302,.F.);
#3277 = FACE_BOUND('',#3278,.F.);
#3278 = EDGE_LOOP('',(#3279,#3280,#3288,#3296));
#3279 = ORIENTED_EDGE('',*,*,#3254,.T.);
#3280 = ORIENTED_EDGE('',*,*,#3281,.T.);
#3281 = EDGE_CURVE('',#3246,#3282,#3284,.T.);
#3282 = VERTEX_POINT('',#3283);
#3283 = CARTESIAN_POINT('',(-1.944153819374,-1.80371004505,5.));
#3284 = LINE('',#3285,#3286);
#3285 = CARTESIAN_POINT('',(-2.071722323284,-1.92163982577,5.));
#3286 = VECTOR('',#3287,1.);
#3287 = DIRECTION('',(0.734303375378,0.678821444054,0.));
#3288 = ORIENTED_EDGE('',*,*,#3289,.F.);
#3289 = EDGE_CURVE('',#3290,#3282,#3292,.T.);
#3290 = VERTEX_POINT('',#3291);
#3291 = CARTESIAN_POINT('',(-1.944153819374,-1.80371004505,0.));
#3292 = LINE('',#3293,#3294);
#3293 = CARTESIAN_POINT('',(-1.944153819374,-1.80371004505,0.));
#3294 = VECTOR('',#3295,1.);
#3295 = DIRECTION('',(0.,0.,1.));
#3296 = ORIENTED_EDGE('',*,*,#3297,.F.);
#3297 = EDGE_CURVE('',#3255,#3290,#3298,.T.);
#3298 = LINE('',#3299,#3300);
#3299 = CARTESIAN_POINT('',(-2.071722323284,-1.92163982577,0.));
#3300 = VECTOR('',#3301,1.);
#3301 = DIRECTION('',(0.734303375378,0.678821444054,0.));
#3302 = PLANE('',#3303);
#3303 = AXIS2_PLACEMENT_3D('',#3304,#3305,#3306);
#3304 = CARTESIAN_POINT('',(-2.071722323284,-1.92163982577,0.));
#3305 = DIRECTION('',(-0.678821444054,0.734303375378,0.));
#3306 = DIRECTION('',(0.734303375378,0.678821444054,0.));
#3307 = ADVANCED_FACE('',(#3308),#3335,.F.);
#3308 = FACE_BOUND('',#3309,.F.);
#3309 = EDGE_LOOP('',(#3310,#3311,#3320,#3328));
#3310 = ORIENTED_EDGE('',*,*,#3289,.T.);
#3311 = ORIENTED_EDGE('',*,*,#3312,.T.);
#3312 = EDGE_CURVE('',#3282,#3313,#3315,.T.);
#3313 = VERTEX_POINT('',#3314);
#3314 = CARTESIAN_POINT('',(-1.732426170168,-1.802414925847,5.));
#3315 = CIRCLE('',#3316,0.152);
#3316 = AXIS2_PLACEMENT_3D('',#3317,#3318,#3319);
#3317 = CARTESIAN_POINT('',(-1.837622831095,-1.91213120782,5.));
#3318 = DIRECTION('',(0.,0.,-1.));
#3319 = DIRECTION('',(-0.700861764993,0.713297123484,0.));
#3320 = ORIENTED_EDGE('',*,*,#3321,.F.);
#3321 = EDGE_CURVE('',#3322,#3313,#3324,.T.);
#3322 = VERTEX_POINT('',#3323);
#3323 = CARTESIAN_POINT('',(-1.732426170168,-1.802414925847,0.));
#3324 = LINE('',#3325,#3326);
#3325 = CARTESIAN_POINT('',(-1.732426170168,-1.802414925847,0.));
#3326 = VECTOR('',#3327,1.);
#3327 = DIRECTION('',(0.,0.,1.));
#3328 = ORIENTED_EDGE('',*,*,#3329,.F.);
#3329 = EDGE_CURVE('',#3290,#3322,#3330,.T.);
#3330 = CIRCLE('',#3331,0.152);
#3331 = AXIS2_PLACEMENT_3D('',#3332,#3333,#3334);
#3332 = CARTESIAN_POINT('',(-1.837622831095,-1.91213120782,0.));
#3333 = DIRECTION('',(0.,0.,-1.));
#3334 = DIRECTION('',(-0.700861764993,0.713297123484,0.));
#3335 = CYLINDRICAL_SURFACE('',#3336,0.152);
#3336 = AXIS2_PLACEMENT_3D('',#3337,#3338,#3339);
#3337 = CARTESIAN_POINT('',(-1.837622831095,-1.91213120782,0.));
#3338 = DIRECTION('',(0.,0.,-1.));
#3339 = DIRECTION('',(-0.700861764993,0.713297123484,0.));
#3340 = ADVANCED_FACE('',(#3341),#3368,.T.);
#3341 = FACE_BOUND('',#3342,.F.);
#3342 = EDGE_LOOP('',(#3343,#3344,#3353,#3361));
#3343 = ORIENTED_EDGE('',*,*,#3321,.T.);
#3344 = ORIENTED_EDGE('',*,*,#3345,.T.);
#3345 = EDGE_CURVE('',#3313,#3346,#3348,.T.);
#3346 = VERTEX_POINT('',#3347);
#3347 = CARTESIAN_POINT('',(-1.611453263001,-1.911339420711,5.));
#3348 = CIRCLE('',#3349,2.499999999999);
#3349 = AXIS2_PLACEMENT_3D('',#3350,#3351,#3352);
#3350 = CARTESIAN_POINT('',(-8.39661673524E-13,-9.372502773886E-13,5.));
#3351 = DIRECTION('',(0.,0.,1.));
#3352 = DIRECTION('',(-0.692970468067,-0.720965970339,0.));
#3353 = ORIENTED_EDGE('',*,*,#3354,.F.);
#3354 = EDGE_CURVE('',#3355,#3346,#3357,.T.);
#3355 = VERTEX_POINT('',#3356);
#3356 = CARTESIAN_POINT('',(-1.611453263001,-1.911339420711,0.));
#3357 = LINE('',#3358,#3359);
#3358 = CARTESIAN_POINT('',(-1.611453263001,-1.911339420711,0.));
#3359 = VECTOR('',#3360,1.);
#3360 = DIRECTION('',(0.,0.,1.));
#3361 = ORIENTED_EDGE('',*,*,#3362,.F.);
#3362 = EDGE_CURVE('',#3322,#3355,#3363,.T.);
#3363 = CIRCLE('',#3364,2.499999999999);
#3364 = AXIS2_PLACEMENT_3D('',#3365,#3366,#3367);
#3365 = CARTESIAN_POINT('',(-8.39661673524E-13,-9.372502773886E-13,0.));
#3366 = DIRECTION('',(0.,0.,1.));
#3367 = DIRECTION('',(-0.692970468067,-0.720965970339,0.));
#3368 = CYLINDRICAL_SURFACE('',#3369,2.499999999999);
#3369 = AXIS2_PLACEMENT_3D('',#3370,#3371,#3372);
#3370 = CARTESIAN_POINT('',(-8.39661673524E-13,-9.372502773886E-13,0.));
#3371 = DIRECTION('',(-0.,-0.,-1.));
#3372 = DIRECTION('',(-0.692970468067,-0.720965970339,0.));
#3373 = ADVANCED_FACE('',(#3374),#3401,.F.);
#3374 = FACE_BOUND('',#3375,.F.);
#3375 = EDGE_LOOP('',(#3376,#3377,#3386,#3394));
#3376 = ORIENTED_EDGE('',*,*,#3354,.T.);
#3377 = ORIENTED_EDGE('',*,*,#3378,.T.);
#3378 = EDGE_CURVE('',#3346,#3379,#3381,.T.);
#3379 = VERTEX_POINT('',#3380);
#3380 = CARTESIAN_POINT('',(-1.590609721603,-2.122042580521,5.));
#3381 = CIRCLE('',#3382,0.152);
#3382 = AXIS2_PLACEMENT_3D('',#3383,#3384,#3385);
#3383 = CARTESIAN_POINT('',(-1.709572462394,-2.027428277672,5.));
#3384 = DIRECTION('',(0.,0.,-1.));
#3385 = DIRECTION('',(0.645521048637,0.763742480007,0.));
#3386 = ORIENTED_EDGE('',*,*,#3387,.F.);
#3387 = EDGE_CURVE('',#3388,#3379,#3390,.T.);
#3388 = VERTEX_POINT('',#3389);
#3389 = CARTESIAN_POINT('',(-1.590609721603,-2.122042580521,0.));
#3390 = LINE('',#3391,#3392);
#3391 = CARTESIAN_POINT('',(-1.590609721603,-2.122042580521,0.));
#3392 = VECTOR('',#3393,1.);
#3393 = DIRECTION('',(0.,0.,1.));
#3394 = ORIENTED_EDGE('',*,*,#3395,.F.);
#3395 = EDGE_CURVE('',#3355,#3388,#3396,.T.);
#3396 = CIRCLE('',#3397,0.152);
#3397 = AXIS2_PLACEMENT_3D('',#3398,#3399,#3400);
#3398 = CARTESIAN_POINT('',(-1.709572462394,-2.027428277672,0.));
#3399 = DIRECTION('',(0.,0.,-1.));
#3400 = DIRECTION('',(0.645521048637,0.763742480007,0.));
#3401 = CYLINDRICAL_SURFACE('',#3402,0.152);
#3402 = AXIS2_PLACEMENT_3D('',#3403,#3404,#3405);
#3403 = CARTESIAN_POINT('',(-1.709572462394,-2.027428277672,0.));
#3404 = DIRECTION('',(0.,0.,-1.));
#3405 = DIRECTION('',(0.645521048637,0.763742480007,0.));
#3406 = ADVANCED_FACE('',(#3407),#3432,.F.);
#3407 = FACE_BOUND('',#3408,.F.);
#3408 = EDGE_LOOP('',(#3409,#3410,#3418,#3426));
#3409 = ORIENTED_EDGE('',*,*,#3387,.T.);
#3410 = ORIENTED_EDGE('',*,*,#3411,.T.);
#3411 = EDGE_CURVE('',#3379,#3412,#3414,.T.);
#3412 = VERTEX_POINT('',#3413);
#3413 = CARTESIAN_POINT('',(-1.69455893097,-2.261239269571,5.));
#3414 = LINE('',#3415,#3416);
#3415 = CARTESIAN_POINT('',(-1.590609721603,-2.122042580521,5.));
#3416 = VECTOR('',#3417,1.);
#3417 = DIRECTION('',(-0.598347185757,-0.801236947037,0.));
#3418 = ORIENTED_EDGE('',*,*,#3419,.F.);
#3419 = EDGE_CURVE('',#3420,#3412,#3422,.T.);
#3420 = VERTEX_POINT('',#3421);
#3421 = CARTESIAN_POINT('',(-1.69455893097,-2.261239269571,0.));
#3422 = LINE('',#3423,#3424);
#3423 = CARTESIAN_POINT('',(-1.69455893097,-2.261239269571,0.));
#3424 = VECTOR('',#3425,1.);
#3425 = DIRECTION('',(0.,0.,1.));
#3426 = ORIENTED_EDGE('',*,*,#3427,.F.);
#3427 = EDGE_CURVE('',#3388,#3420,#3428,.T.);
#3428 = LINE('',#3429,#3430);
#3429 = CARTESIAN_POINT('',(-1.590609721603,-2.122042580521,0.));
#3430 = VECTOR('',#3431,1.);
#3431 = DIRECTION('',(-0.598347185757,-0.801236947037,0.));
#3432 = PLANE('',#3433);
#3433 = AXIS2_PLACEMENT_3D('',#3434,#3435,#3436);
#3434 = CARTESIAN_POINT('',(-1.590609721603,-2.122042580521,0.));
#3435 = DIRECTION('',(0.801236947037,-0.598347185757,0.));
#3436 = DIRECTION('',(-0.598347185757,-0.801236947037,0.));
#3437 = ADVANCED_FACE('',(#3438),#3465,.F.);
#3438 = FACE_BOUND('',#3439,.F.);
#3439 = EDGE_LOOP('',(#3440,#3441,#3450,#3458));
#3440 = ORIENTED_EDGE('',*,*,#3419,.T.);
#3441 = ORIENTED_EDGE('',*,*,#3442,.T.);
#3442 = EDGE_CURVE('',#3412,#3443,#3445,.T.);
#3443 = VERTEX_POINT('',#3444);
#3444 = CARTESIAN_POINT('',(-1.757264794736,-2.406448120038,5.));
#3445 = B_SPLINE_CURVE_WITH_KNOTS('',3,(#3446,#3447,#3448,#3449),
  .UNSPECIFIED.,.F.,.F.,(4,4),(0.,1.),.PIECEWISE_BEZIER_KNOTS.);
#3446 = CARTESIAN_POINT('',(-1.69455893097,-2.261239269571,5.));
#3447 = CARTESIAN_POINT('',(-1.704023323497,-2.275846277242,5.));
#3448 = CARTESIAN_POINT('',(-1.730439609095,-2.320929216493,5.));
#3449 = CARTESIAN_POINT('',(-1.757264794736,-2.406448120038,5.));
#3450 = ORIENTED_EDGE('',*,*,#3451,.F.);
#3451 = EDGE_CURVE('',#3452,#3443,#3454,.T.);
#3452 = VERTEX_POINT('',#3453);
#3453 = CARTESIAN_POINT('',(-1.757264794736,-2.406448120038,0.));
#3454 = LINE('',#3455,#3456);
#3455 = CARTESIAN_POINT('',(-1.757264794736,-2.406448120038,0.));
#3456 = VECTOR('',#3457,1.);
#3457 = DIRECTION('',(0.,0.,1.));
#3458 = ORIENTED_EDGE('',*,*,#3459,.F.);
#3459 = EDGE_CURVE('',#3420,#3452,#3460,.T.);
#3460 = B_SPLINE_CURVE_WITH_KNOTS('',3,(#3461,#3462,#3463,#3464),
  .UNSPECIFIED.,.F.,.F.,(4,4),(0.,1.),.PIECEWISE_BEZIER_KNOTS.);
#3461 = CARTESIAN_POINT('',(-1.69455893097,-2.261239269571,0.));
#3462 = CARTESIAN_POINT('',(-1.704023323497,-2.275846277242,0.));
#3463 = CARTESIAN_POINT('',(-1.730439609095,-2.320929216493,0.));
#3464 = CARTESIAN_POINT('',(-1.757264794736,-2.406448120038,0.));
#3465 = SURFACE_OF_LINEAR_EXTRUSION('',#3466,#3471);
#3466 = B_SPLINE_CURVE_WITH_KNOTS('',3,(#3467,#3468,#3469,#3470),
  .UNSPECIFIED.,.F.,.F.,(4,4),(0.,1.),.PIECEWISE_BEZIER_KNOTS.);
#3467 = CARTESIAN_POINT('',(-1.69455893097,-2.261239269571,0.));
#3468 = CARTESIAN_POINT('',(-1.704023323497,-2.275846277242,0.));
#3469 = CARTESIAN_POINT('',(-1.730439609095,-2.320929216493,0.));
#3470 = CARTESIAN_POINT('',(-1.757264794736,-2.406448120038,0.));
#3471 = VECTOR('',#3472,1.);
#3472 = DIRECTION('',(-0.,-0.,-1.));
#3473 = ADVANCED_FACE('',(#3474),#3501,.F.);
#3474 = FACE_BOUND('',#3475,.F.);
#3475 = EDGE_LOOP('',(#3476,#3477,#3486,#3494));
#3476 = ORIENTED_EDGE('',*,*,#3451,.T.);
#3477 = ORIENTED_EDGE('',*,*,#3478,.T.);
#3478 = EDGE_CURVE('',#3443,#3479,#3481,.T.);
#3479 = VERTEX_POINT('',#3480);
#3480 = CARTESIAN_POINT('',(-1.812471363184,-2.877198120528,5.));
#3481 = B_SPLINE_CURVE_WITH_KNOTS('',3,(#3482,#3483,#3484,#3485),
  .UNSPECIFIED.,.F.,.F.,(4,4),(0.,1.),.PIECEWISE_BEZIER_KNOTS.);
#3482 = CARTESIAN_POINT('',(-1.757264794736,-2.406448120038,5.));
#3483 = CARTESIAN_POINT('',(-1.788866580685,-2.508735012873,5.));
#3484 = CARTESIAN_POINT('',(-1.818661063739,-2.664054522265,5.));
#3485 = CARTESIAN_POINT('',(-1.812471363184,-2.877198120528,5.));
#3486 = ORIENTED_EDGE('',*,*,#3487,.F.);
#3487 = EDGE_CURVE('',#3488,#3479,#3490,.T.);
#3488 = VERTEX_POINT('',#3489);
#3489 = CARTESIAN_POINT('',(-1.812471363184,-2.877198120528,0.));
#3490 = LINE('',#3491,#3492);
#3491 = CARTESIAN_POINT('',(-1.812471363184,-2.877198120528,0.));
#3492 = VECTOR('',#3493,1.);
#3493 = DIRECTION('',(0.,0.,1.));
#3494 = ORIENTED_EDGE('',*,*,#3495,.F.);
#3495 = EDGE_CURVE('',#3452,#3488,#3496,.T.);
#3496 = B_SPLINE_CURVE_WITH_KNOTS('',3,(#3497,#3498,#3499,#3500),
  .UNSPECIFIED.,.F.,.F.,(4,4),(0.,1.),.PIECEWISE_BEZIER_KNOTS.);
#3497 = CARTESIAN_POINT('',(-1.757264794736,-2.406448120038,0.));
#3498 = CARTESIAN_POINT('',(-1.788866580685,-2.508735012873,0.));
#3499 = CARTESIAN_POINT('',(-1.818661063739,-2.664054522265,0.));
#3500 = CARTESIAN_POINT('',(-1.812471363184,-2.877198120528,0.));
#3501 = SURFACE_OF_LINEAR_EXTRUSION('',#3502,#3507);
#3502 = B_SPLINE_CURVE_WITH_KNOTS('',3,(#3503,#3504,#3505,#3506),
  .UNSPECIFIED.,.F.,.F.,(4,4),(0.,1.),.PIECEWISE_BEZIER_KNOTS.);
#3503 = CARTESIAN_POINT('',(-1.757264794736,-2.406448120038,0.));
#3504 = CARTESIAN_POINT('',(-1.788866580685,-2.508735012873,0.));
#3505 = CARTESIAN_POINT('',(-1.818661063739,-2.664054522265,0.));
#3506 = CARTESIAN_POINT('',(-1.812471363184,-2.877198120528,0.));
#3507 = VECTOR('',#3508,1.);
#3508 = DIRECTION('',(-0.,-0.,-1.));
#3509 = ADVANCED_FACE('',(#3510),#3537,.T.);
#3510 = FACE_BOUND('',#3511,.F.);
#3511 = EDGE_LOOP('',(#3512,#3513,#3522,#3530));
#3512 = ORIENTED_EDGE('',*,*,#3487,.T.);
#3513 = ORIENTED_EDGE('',*,*,#3514,.T.);
#3514 = EDGE_CURVE('',#3479,#3515,#3517,.T.);
#3515 = VERTEX_POINT('',#3516);
#3516 = CARTESIAN_POINT('',(-1.585070668577,-3.007914722132,5.));
#3517 = CIRCLE('',#3518,3.4);
#3518 = AXIS2_PLACEMENT_3D('',#3519,#3520,#3521);
#3519 = CARTESIAN_POINT('',(-5.608152968988E-03,2.948636074722E-03,5.));
#3520 = DIRECTION('',(0.,0.,1.));
#3521 = DIRECTION('',(-0.531430355946,-0.847101987236,0.));
#3522 = ORIENTED_EDGE('',*,*,#3523,.F.);
#3523 = EDGE_CURVE('',#3524,#3515,#3526,.T.);
#3524 = VERTEX_POINT('',#3525);
#3525 = CARTESIAN_POINT('',(-1.585070668577,-3.007914722132,0.));
#3526 = LINE('',#3527,#3528);
#3527 = CARTESIAN_POINT('',(-1.585070668577,-3.007914722132,0.));
#3528 = VECTOR('',#3529,1.);
#3529 = DIRECTION('',(0.,0.,1.));
#3530 = ORIENTED_EDGE('',*,*,#3531,.F.);
#3531 = EDGE_CURVE('',#3488,#3524,#3532,.T.);
#3532 = CIRCLE('',#3533,3.4);
#3533 = AXIS2_PLACEMENT_3D('',#3534,#3535,#3536);
#3534 = CARTESIAN_POINT('',(-5.608152968988E-03,2.948636074722E-03,0.));
#3535 = DIRECTION('',(0.,0.,1.));
#3536 = DIRECTION('',(-0.531430355946,-0.847101987236,0.));
#3537 = CYLINDRICAL_SURFACE('',#3538,3.4);
#3538 = AXIS2_PLACEMENT_3D('',#3539,#3540,#3541);
#3539 = CARTESIAN_POINT('',(-5.608152968988E-03,2.948636074722E-03,0.));
#3540 = DIRECTION('',(-0.,-0.,-1.));
#3541 = DIRECTION('',(-0.531430355946,-0.847101987236,0.));
#3542 = ADVANCED_FACE('',(#3543),#3570,.F.);
#3543 = FACE_BOUND('',#3544,.F.);
#3544 = EDGE_LOOP('',(#3545,#3546,#3555,#3563));
#3545 = ORIENTED_EDGE('',*,*,#3523,.T.);
#3546 = ORIENTED_EDGE('',*,*,#3547,.T.);
#3547 = EDGE_CURVE('',#3515,#3548,#3550,.T.);
#3548 = VERTEX_POINT('',#3549);
#3549 = CARTESIAN_POINT('',(-1.205412807474,-2.725060013437,5.));
#3550 = B_SPLINE_CURVE_WITH_KNOTS('',3,(#3551,#3552,#3553,#3554),
  .UNSPECIFIED.,.F.,.F.,(4,4),(0.,1.),.PIECEWISE_BEZIER_KNOTS.);
#3551 = CARTESIAN_POINT('',(-1.585070668577,-3.007914722132,5.));
#3552 = CARTESIAN_POINT('',(-1.397808361479,-2.907033943204,5.));
#3553 = CARTESIAN_POINT('',(-1.278194962169,-2.803571409291,5.));
#3554 = CARTESIAN_POINT('',(-1.205412807474,-2.725060013437,5.));
#3555 = ORIENTED_EDGE('',*,*,#3556,.F.);
#3556 = EDGE_CURVE('',#3557,#3548,#3559,.T.);
#3557 = VERTEX_POINT('',#3558);
#3558 = CARTESIAN_POINT('',(-1.205412807474,-2.725060013437,0.));
#3559 = LINE('',#3560,#3561);
#3560 = CARTESIAN_POINT('',(-1.205412807474,-2.725060013437,0.));
#3561 = VECTOR('',#3562,1.);
#3562 = DIRECTION('',(0.,0.,1.));
#3563 = ORIENTED_EDGE('',*,*,#3564,.F.);
#3564 = EDGE_CURVE('',#3524,#3557,#3565,.T.);
#3565 = B_SPLINE_CURVE_WITH_KNOTS('',3,(#3566,#3567,#3568,#3569),
  .UNSPECIFIED.,.F.,.F.,(4,4),(0.,1.),.PIECEWISE_BEZIER_KNOTS.);
#3566 = CARTESIAN_POINT('',(-1.585070668577,-3.007914722132,0.));
#3567 = CARTESIAN_POINT('',(-1.397808361479,-2.907033943204,0.));
#3568 = CARTESIAN_POINT('',(-1.278194962169,-2.803571409291,0.));
#3569 = CARTESIAN_POINT('',(-1.205412807474,-2.725060013437,0.));
#3570 = SURFACE_OF_LINEAR_EXTRUSION('',#3571,#3576);
#3571 = B_SPLINE_CURVE_WITH_KNOTS('',3,(#3572,#3573,#3574,#3575),
  .UNSPECIFIED.,.F.,.F.,(4,4),(0.,1.),.PIECEWISE_BEZIER_KNOTS.);
#3572 = CARTESIAN_POINT('',(-1.585070668577,-3.007914722132,0.));
#3573 = CARTESIAN_POINT('',(-1.397808361479,-2.907033943204,0.));
#3574 = CARTESIAN_POINT('',(-1.278194962169,-2.803571409291,0.));
#3575 = CARTESIAN_POINT('',(-1.205412807474,-2.725060013437,0.));
#3576 = VECTOR('',#3577,1.);
#3577 = DIRECTION('',(-0.,-0.,-1.));
#3578 = ADVANCED_FACE('',(#3579),#3606,.F.);
#3579 = FACE_BOUND('',#3580,.F.);
#3580 = EDGE_LOOP('',(#3581,#3582,#3591,#3599));
#3581 = ORIENTED_EDGE('',*,*,#3556,.T.);
#3582 = ORIENTED_EDGE('',*,*,#3583,.T.);
#3583 = EDGE_CURVE('',#3548,#3584,#3586,.T.);
#3584 = VERTEX_POINT('',#3585);
#3585 = CARTESIAN_POINT('',(-1.111011185999,-2.598150717215,5.));
#3586 = B_SPLINE_CURVE_WITH_KNOTS('',3,(#3587,#3588,#3589,#3590),
  .UNSPECIFIED.,.F.,.F.,(4,4),(0.,1.),.PIECEWISE_BEZIER_KNOTS.);
#3587 = CARTESIAN_POINT('',(-1.205412807474,-2.725060013437,5.));
#3588 = CARTESIAN_POINT('',(-1.144763857321,-2.659069269438,5.));
#3589 = CARTESIAN_POINT('',(-1.118929029451,-2.61365062541,5.));
#3590 = CARTESIAN_POINT('',(-1.111011185999,-2.598150717215,5.));
#3591 = ORIENTED_EDGE('',*,*,#3592,.F.);
#3592 = EDGE_CURVE('',#3593,#3584,#3595,.T.);
#3593 = VERTEX_POINT('',#3594);
#3594 = CARTESIAN_POINT('',(-1.111011185999,-2.598150717215,0.));
#3595 = LINE('',#3596,#3597);
#3596 = CARTESIAN_POINT('',(-1.111011185999,-2.598150717215,0.));
#3597 = VECTOR('',#3598,1.);
#3598 = DIRECTION('',(0.,0.,1.));
#3599 = ORIENTED_EDGE('',*,*,#3600,.F.);
#3600 = EDGE_CURVE('',#3557,#3593,#3601,.T.);
#3601 = B_SPLINE_CURVE_WITH_KNOTS('',3,(#3602,#3603,#3604,#3605),
  .UNSPECIFIED.,.F.,.F.,(4,4),(0.,1.),.PIECEWISE_BEZIER_KNOTS.);
#3602 = CARTESIAN_POINT('',(-1.205412807474,-2.725060013437,0.));
#3603 = CARTESIAN_POINT('',(-1.144763857321,-2.659069269438,0.));
#3604 = CARTESIAN_POINT('',(-1.118929029451,-2.61365062541,0.));
#3605 = CARTESIAN_POINT('',(-1.111011185999,-2.598150717215,0.));
#3606 = SURFACE_OF_LINEAR_EXTRUSION('',#3607,#3612);
#3607 = B_SPLINE_CURVE_WITH_KNOTS('',3,(#3608,#3609,#3610,#3611),
  .UNSPECIFIED.,.F.,.F.,(4,4),(0.,1.),.PIECEWISE_BEZIER_KNOTS.);
#3608 = CARTESIAN_POINT('',(-1.205412807474,-2.725060013437,0.));
#3609 = CARTESIAN_POINT('',(-1.144763857321,-2.659069269438,0.));
#3610 = CARTESIAN_POINT('',(-1.118929029451,-2.61365062541,0.));
#3611 = CARTESIAN_POINT('',(-1.111011185999,-2.598150717215,0.));
#3612 = VECTOR('',#3613,1.);
#3613 = DIRECTION('',(-0.,-0.,-1.));
#3614 = ADVANCED_FACE('',(#3615),#3640,.F.);
#3615 = FACE_BOUND('',#3616,.F.);
#3616 = EDGE_LOOP('',(#3617,#3618,#3626,#3634));
#3617 = ORIENTED_EDGE('',*,*,#3592,.T.);
#3618 = ORIENTED_EDGE('',*,*,#3619,.T.);
#3619 = EDGE_CURVE('',#3584,#3620,#3622,.T.);
#3620 = VERTEX_POINT('',#3621);
#3621 = CARTESIAN_POINT('',(-1.042437921842,-2.438529716675,5.));
#3622 = LINE('',#3623,#3624);
#3623 = CARTESIAN_POINT('',(-1.111011185999,-2.598150717215,5.));
#3624 = VECTOR('',#3625,1.);
#3625 = DIRECTION('',(0.394717957706,0.918802336667,0.));
#3626 = ORIENTED_EDGE('',*,*,#3627,.F.);
#3627 = EDGE_CURVE('',#3628,#3620,#3630,.T.);
#3628 = VERTEX_POINT('',#3629);
#3629 = CARTESIAN_POINT('',(-1.042437921842,-2.438529716675,0.));
#3630 = LINE('',#3631,#3632);
#3631 = CARTESIAN_POINT('',(-1.042437921842,-2.438529716675,0.));
#3632 = VECTOR('',#3633,1.);
#3633 = DIRECTION('',(0.,0.,1.));
#3634 = ORIENTED_EDGE('',*,*,#3635,.F.);
#3635 = EDGE_CURVE('',#3593,#3628,#3636,.T.);
#3636 = LINE('',#3637,#3638);
#3637 = CARTESIAN_POINT('',(-1.111011185999,-2.598150717215,0.));
#3638 = VECTOR('',#3639,1.);
#3639 = DIRECTION('',(0.394717957706,0.918802336667,0.));
#3640 = PLANE('',#3641);
#3641 = AXIS2_PLACEMENT_3D('',#3642,#3643,#3644);
#3642 = CARTESIAN_POINT('',(-1.111011185999,-2.598150717215,0.));
#3643 = DIRECTION('',(-0.918802336667,0.394717957706,0.));
#3644 = DIRECTION('',(0.394717957706,0.918802336667,0.));
#3645 = ADVANCED_FACE('',(#3646),#3673,.F.);
#3646 = FACE_BOUND('',#3647,.F.);
#3647 = EDGE_LOOP('',(#3648,#3649,#3658,#3666));
#3648 = ORIENTED_EDGE('',*,*,#3627,.T.);
#3649 = ORIENTED_EDGE('',*,*,#3650,.T.);
#3650 = EDGE_CURVE('',#3620,#3651,#3653,.T.);
#3651 = VERTEX_POINT('',#3652);
#3652 = CARTESIAN_POINT('',(-0.84954186209,-2.351229173126,5.));
#3653 = CIRCLE('',#3654,0.152);
#3654 = AXIS2_PLACEMENT_3D('',#3655,#3656,#3657);
#3655 = CARTESIAN_POINT('',(-0.901018161618,-2.494247320879,5.));
#3656 = DIRECTION('',(0.,0.,-1.));
#3657 = DIRECTION('',(-0.930393159366,0.366563185555,0.));
#3658 = ORIENTED_EDGE('',*,*,#3659,.F.);
#3659 = EDGE_CURVE('',#3660,#3651,#3662,.T.);
#3660 = VERTEX_POINT('',#3661);
#3661 = CARTESIAN_POINT('',(-0.84954186209,-2.351229173126,0.));
#3662 = LINE('',#3663,#3664);
#3663 = CARTESIAN_POINT('',(-0.84954186209,-2.351229173126,0.));
#3664 = VECTOR('',#3665,1.);
#3665 = DIRECTION('',(0.,0.,1.));
#3666 = ORIENTED_EDGE('',*,*,#3667,.F.);
#3667 = EDGE_CURVE('',#3628,#3660,#3668,.T.);
#3668 = CIRCLE('',#3669,0.152);
#3669 = AXIS2_PLACEMENT_3D('',#3670,#3671,#3672);
#3670 = CARTESIAN_POINT('',(-0.901018161618,-2.494247320879,0.));
#3671 = DIRECTION('',(0.,0.,-1.));
#3672 = DIRECTION('',(-0.930393159366,0.366563185555,0.));
#3673 = CYLINDRICAL_SURFACE('',#3674,0.152);
#3674 = AXIS2_PLACEMENT_3D('',#3675,#3676,#3677);
#3675 = CARTESIAN_POINT('',(-0.901018161618,-2.494247320879,0.));
#3676 = DIRECTION('',(0.,0.,-1.));
#3677 = DIRECTION('',(-0.930393159366,0.366563185555,0.));
#3678 = ADVANCED_FACE('',(#3679),#3706,.T.);
#3679 = FACE_BOUND('',#3680,.F.);
#3680 = EDGE_LOOP('',(#3681,#3682,#3691,#3699));
#3681 = ORIENTED_EDGE('',*,*,#3659,.T.);
#3682 = ORIENTED_EDGE('',*,*,#3683,.T.);
#3683 = EDGE_CURVE('',#3651,#3684,#3686,.T.);
#3684 = VERTEX_POINT('',#3685);
#3685 = CARTESIAN_POINT('',(-0.694724028859,-2.40153253647,5.));
#3686 = CIRCLE('',#3687,2.5);
#3687 = AXIS2_PLACEMENT_3D('',#3688,#3689,#3690);
#3688 = CARTESIAN_POINT('',(-6.933342788784E-14,-2.260414078137E-13,5.)
  );
#3689 = DIRECTION('',(0.,0.,1.));
#3690 = DIRECTION('',(-0.339816744836,-0.94049166925,0.));
#3691 = ORIENTED_EDGE('',*,*,#3692,.F.);
#3692 = EDGE_CURVE('',#3693,#3684,#3695,.T.);
#3693 = VERTEX_POINT('',#3694);
#3694 = CARTESIAN_POINT('',(-0.694724028859,-2.40153253647,0.));
#3695 = LINE('',#3696,#3697);
#3696 = CARTESIAN_POINT('',(-0.694724028859,-2.40153253647,0.));
#3697 = VECTOR('',#3698,1.);
#3698 = DIRECTION('',(0.,0.,1.));
#3699 = ORIENTED_EDGE('',*,*,#3700,.F.);
#3700 = EDGE_CURVE('',#3660,#3693,#3701,.T.);
#3701 = CIRCLE('',#3702,2.5);
#3702 = AXIS2_PLACEMENT_3D('',#3703,#3704,#3705);
#3703 = CARTESIAN_POINT('',(-6.933342788784E-14,-2.260414078137E-13,0.)
  );
#3704 = DIRECTION('',(0.,0.,1.));
#3705 = DIRECTION('',(-0.339816744836,-0.94049166925,0.));
#3706 = CYLINDRICAL_SURFACE('',#3707,2.5);
#3707 = AXIS2_PLACEMENT_3D('',#3708,#3709,#3710);
#3708 = CARTESIAN_POINT('',(-6.933342788784E-14,-2.260414078137E-13,0.)
  );
#3709 = DIRECTION('',(-0.,-0.,-1.));
#3710 = DIRECTION('',(-0.339816744836,-0.94049166925,0.));
#3711 = ADVANCED_FACE('',(#3712),#3739,.F.);
#3712 = FACE_BOUND('',#3713,.F.);
#3713 = EDGE_LOOP('',(#3714,#3715,#3724,#3732));
#3714 = ORIENTED_EDGE('',*,*,#3692,.T.);
#3715 = ORIENTED_EDGE('',*,*,#3716,.T.);
#3716 = EDGE_CURVE('',#3684,#3717,#3719,.T.);
#3717 = VERTEX_POINT('',#3718);
#3718 = CARTESIAN_POINT('',(-0.589981810388,-2.585541618967,5.));
#3719 = CIRCLE('',#3720,0.152);
#3720 = AXIS2_PLACEMENT_3D('',#3721,#3722,#3723);
#3721 = CARTESIAN_POINT('',(-0.737142785793,-2.547493658212,5.));
#3722 = DIRECTION('',(0.,0.,-1.));
#3723 = DIRECTION('',(0.279070769303,0.960270537776,0.));
#3724 = ORIENTED_EDGE('',*,*,#3725,.F.);
#3725 = EDGE_CURVE('',#3726,#3717,#3728,.T.);
#3726 = VERTEX_POINT('',#3727);
#3727 = CARTESIAN_POINT('',(-0.589981810388,-2.585541618967,0.));
#3728 = LINE('',#3729,#3730);
#3729 = CARTESIAN_POINT('',(-0.589981810388,-2.585541618967,0.));
#3730 = VECTOR('',#3731,1.);
#3731 = DIRECTION('',(0.,0.,1.));
#3732 = ORIENTED_EDGE('',*,*,#3733,.F.);
#3733 = EDGE_CURVE('',#3693,#3726,#3734,.T.);
#3734 = CIRCLE('',#3735,0.152);
#3735 = AXIS2_PLACEMENT_3D('',#3736,#3737,#3738);
#3736 = CARTESIAN_POINT('',(-0.737142785793,-2.547493658212,0.));
#3737 = DIRECTION('',(0.,0.,-1.));
#3738 = DIRECTION('',(0.279070769303,0.960270537776,0.));
#3739 = CYLINDRICAL_SURFACE('',#3740,0.152);
#3740 = AXIS2_PLACEMENT_3D('',#3741,#3742,#3743);
#3741 = CARTESIAN_POINT('',(-0.737142785793,-2.547493658212,0.));
#3742 = DIRECTION('',(0.,0.,-1.));
#3743 = DIRECTION('',(0.279070769303,0.960270537776,0.));
#3744 = ADVANCED_FACE('',(#3745),#3770,.F.);
#3745 = FACE_BOUND('',#3746,.F.);
#3746 = EDGE_LOOP('',(#3747,#3748,#3756,#3764));
#3747 = ORIENTED_EDGE('',*,*,#3725,.T.);
#3748 = ORIENTED_EDGE('',*,*,#3749,.T.);
#3749 = EDGE_CURVE('',#3717,#3750,#3752,.T.);
#3750 = VERTEX_POINT('',#3751);
#3751 = CARTESIAN_POINT('',(-0.628327744399,-2.754984074436,5.));
#3752 = LINE('',#3753,#3754);
#3753 = CARTESIAN_POINT('',(-0.589981810388,-2.585541618967,5.));
#3754 = VECTOR('',#3755,1.);
#3755 = DIRECTION('',(-0.220724927496,-0.975336099189,0.));
#3756 = ORIENTED_EDGE('',*,*,#3757,.F.);
#3757 = EDGE_CURVE('',#3758,#3750,#3760,.T.);
#3758 = VERTEX_POINT('',#3759);
#3759 = CARTESIAN_POINT('',(-0.628327744399,-2.754984074436,0.));
#3760 = LINE('',#3761,#3762);
#3761 = CARTESIAN_POINT('',(-0.628327744399,-2.754984074436,0.));
#3762 = VECTOR('',#3763,1.);
#3763 = DIRECTION('',(0.,0.,1.));
#3764 = ORIENTED_EDGE('',*,*,#3765,.F.);
#3765 = EDGE_CURVE('',#3726,#3758,#3766,.T.);
#3766 = LINE('',#3767,#3768);
#3767 = CARTESIAN_POINT('',(-0.589981810388,-2.585541618967,0.));
#3768 = VECTOR('',#3769,1.);
#3769 = DIRECTION('',(-0.220724927496,-0.975336099189,0.));
#3770 = PLANE('',#3771);
#3771 = AXIS2_PLACEMENT_3D('',#3772,#3773,#3774);
#3772 = CARTESIAN_POINT('',(-0.589981810388,-2.585541618967,0.));
#3773 = DIRECTION('',(0.975336099189,-0.220724927496,0.));
#3774 = DIRECTION('',(-0.220724927496,-0.975336099189,0.));
#3775 = ADVANCED_FACE('',(#3776),#3803,.F.);
#3776 = FACE_BOUND('',#3777,.F.);
#3777 = EDGE_LOOP('',(#3778,#3779,#3788,#3796));
#3778 = ORIENTED_EDGE('',*,*,#3757,.T.);
#3779 = ORIENTED_EDGE('',*,*,#3780,.T.);
#3780 = EDGE_CURVE('',#3750,#3781,#3783,.T.);
#3781 = VERTEX_POINT('',#3782);
#3782 = CARTESIAN_POINT('',(-0.626550641026,-2.91314373272,5.));
#3783 = B_SPLINE_CURVE_WITH_KNOTS('',3,(#3784,#3785,#3786,#3787),
  .UNSPECIFIED.,.F.,.F.,(4,4),(0.,1.),.PIECEWISE_BEZIER_KNOTS.);
#3784 = CARTESIAN_POINT('',(-0.628327744399,-2.754984074436,5.));
#3785 = CARTESIAN_POINT('',(-0.631032691936,-2.772177755189,5.));
#3786 = CARTESIAN_POINT('',(-0.636828286281,-2.824107540886,5.));
#3787 = CARTESIAN_POINT('',(-0.626550641026,-2.91314373272,5.));
#3788 = ORIENTED_EDGE('',*,*,#3789,.F.);
#3789 = EDGE_CURVE('',#3790,#3781,#3792,.T.);
#3790 = VERTEX_POINT('',#3791);
#3791 = CARTESIAN_POINT('',(-0.626550641026,-2.91314373272,0.));
#3792 = LINE('',#3793,#3794);
#3793 = CARTESIAN_POINT('',(-0.626550641026,-2.91314373272,0.));
#3794 = VECTOR('',#3795,1.);
#3795 = DIRECTION('',(0.,0.,1.));
#3796 = ORIENTED_EDGE('',*,*,#3797,.F.);
#3797 = EDGE_CURVE('',#3758,#3790,#3798,.T.);
#3798 = B_SPLINE_CURVE_WITH_KNOTS('',3,(#3799,#3800,#3801,#3802),
  .UNSPECIFIED.,.F.,.F.,(4,4),(0.,1.),.PIECEWISE_BEZIER_KNOTS.);
#3799 = CARTESIAN_POINT('',(-0.628327744399,-2.754984074436,0.));
#3800 = CARTESIAN_POINT('',(-0.631032691936,-2.772177755189,0.));
#3801 = CARTESIAN_POINT('',(-0.636828286281,-2.824107540886,0.));
#3802 = CARTESIAN_POINT('',(-0.626550641026,-2.91314373272,0.));
#3803 = SURFACE_OF_LINEAR_EXTRUSION('',#3804,#3809);
#3804 = B_SPLINE_CURVE_WITH_KNOTS('',3,(#3805,#3806,#3807,#3808),
  .UNSPECIFIED.,.F.,.F.,(4,4),(0.,1.),.PIECEWISE_BEZIER_KNOTS.);
#3805 = CARTESIAN_POINT('',(-0.628327744399,-2.754984074436,0.));
#3806 = CARTESIAN_POINT('',(-0.631032691936,-2.772177755189,0.));
#3807 = CARTESIAN_POINT('',(-0.636828286281,-2.824107540886,0.));
#3808 = CARTESIAN_POINT('',(-0.626550641026,-2.91314373272,0.));
#3809 = VECTOR('',#3810,1.);
#3810 = DIRECTION('',(-0.,-0.,-1.));
#3811 = ADVANCED_FACE('',(#3812),#3839,.F.);
#3812 = FACE_BOUND('',#3813,.F.);
#3813 = EDGE_LOOP('',(#3814,#3815,#3824,#3832));
#3814 = ORIENTED_EDGE('',*,*,#3789,.T.);
#3815 = ORIENTED_EDGE('',*,*,#3816,.T.);
#3816 = EDGE_CURVE('',#3781,#3817,#3819,.T.);
#3817 = VERTEX_POINT('',#3818);
#3818 = CARTESIAN_POINT('',(-0.485513075936,-3.365649791679,5.));
#3819 = B_SPLINE_CURVE_WITH_KNOTS('',3,(#3820,#3821,#3822,#3823),
  .UNSPECIFIED.,.F.,.F.,(4,4),(0.,1.),.PIECEWISE_BEZIER_KNOTS.);
#3820 = CARTESIAN_POINT('',(-0.626550641026,-2.91314373272,5.));
#3821 = CARTESIAN_POINT('',(-0.613816481611,-3.019441063377,5.));
#3822 = CARTESIAN_POINT('',(-0.577860960413,-3.173451003685,5.));
#3823 = CARTESIAN_POINT('',(-0.485513075936,-3.365649791679,5.));
#3824 = ORIENTED_EDGE('',*,*,#3825,.F.);
#3825 = EDGE_CURVE('',#3826,#3817,#3828,.T.);
#3826 = VERTEX_POINT('',#3827);
#3827 = CARTESIAN_POINT('',(-0.485513075936,-3.365649791679,0.));
#3828 = LINE('',#3829,#3830);
#3829 = CARTESIAN_POINT('',(-0.485513075936,-3.365649791679,0.));
#3830 = VECTOR('',#3831,1.);
#3831 = DIRECTION('',(0.,0.,1.));
#3832 = ORIENTED_EDGE('',*,*,#3833,.F.);
#3833 = EDGE_CURVE('',#3790,#3826,#3834,.T.);
#3834 = B_SPLINE_CURVE_WITH_KNOTS('',3,(#3835,#3836,#3837,#3838),
  .UNSPECIFIED.,.F.,.F.,(4,4),(0.,1.),.PIECEWISE_BEZIER_KNOTS.);
#3835 = CARTESIAN_POINT('',(-0.626550641026,-2.91314373272,0.));
#3836 = CARTESIAN_POINT('',(-0.613816481611,-3.019441063377,0.));
#3837 = CARTESIAN_POINT('',(-0.577860960413,-3.173451003685,0.));
#3838 = CARTESIAN_POINT('',(-0.485513075936,-3.365649791679,0.));
#3839 = SURFACE_OF_LINEAR_EXTRUSION('',#3840,#3845);
#3840 = B_SPLINE_CURVE_WITH_KNOTS('',3,(#3841,#3842,#3843,#3844),
  .UNSPECIFIED.,.F.,.F.,(4,4),(0.,1.),.PIECEWISE_BEZIER_KNOTS.);
#3841 = CARTESIAN_POINT('',(-0.626550641026,-2.91314373272,0.));
#3842 = CARTESIAN_POINT('',(-0.613816481611,-3.019441063377,0.));
#3843 = CARTESIAN_POINT('',(-0.577860960413,-3.173451003685,0.));
#3844 = CARTESIAN_POINT('',(-0.485513075936,-3.365649791679,0.));
#3845 = VECTOR('',#3846,1.);
#3846 = DIRECTION('',(-0.,-0.,-1.));
#3847 = ADVANCED_FACE('',(#3848),#3875,.T.);
#3848 = FACE_BOUND('',#3849,.F.);
#3849 = EDGE_LOOP('',(#3850,#3851,#3860,#3868));
#3850 = ORIENTED_EDGE('',*,*,#3825,.T.);
#3851 = ORIENTED_EDGE('',*,*,#3852,.T.);
#3852 = EDGE_CURVE('',#3817,#3853,#3855,.T.);
#3853 = VERTEX_POINT('',#3854);
#3854 = CARTESIAN_POINT('',(-0.224604972583,-3.392573154155,5.));
#3855 = CIRCLE('',#3856,3.400000000002);
#3856 = AXIS2_PLACEMENT_3D('',#3857,#3858,#3859);
#3857 = CARTESIAN_POINT('',(-6.322621009124E-03,4.126717812862E-04,5.));
#3858 = DIRECTION('',(0.,0.,1.));
#3859 = DIRECTION('',(-0.140938369096,-0.990018371606,0.));
#3860 = ORIENTED_EDGE('',*,*,#3861,.F.);
#3861 = EDGE_CURVE('',#3862,#3853,#3864,.T.);
#3862 = VERTEX_POINT('',#3863);
#3863 = CARTESIAN_POINT('',(-0.224604972583,-3.392573154155,0.));
#3864 = LINE('',#3865,#3866);
#3865 = CARTESIAN_POINT('',(-0.224604972583,-3.392573154155,0.));
#3866 = VECTOR('',#3867,1.);
#3867 = DIRECTION('',(0.,0.,1.));
#3868 = ORIENTED_EDGE('',*,*,#3869,.F.);
#3869 = EDGE_CURVE('',#3826,#3862,#3870,.T.);
#3870 = CIRCLE('',#3871,3.400000000002);
#3871 = AXIS2_PLACEMENT_3D('',#3872,#3873,#3874);
#3872 = CARTESIAN_POINT('',(-6.322621009124E-03,4.126717812862E-04,0.));
#3873 = DIRECTION('',(0.,0.,1.));
#3874 = DIRECTION('',(-0.140938369096,-0.990018371606,0.));
#3875 = CYLINDRICAL_SURFACE('',#3876,3.400000000002);
#3876 = AXIS2_PLACEMENT_3D('',#3877,#3878,#3879);
#3877 = CARTESIAN_POINT('',(-6.322621009124E-03,4.126717812862E-04,0.));
#3878 = DIRECTION('',(-0.,-0.,-1.));
#3879 = DIRECTION('',(-0.140938369096,-0.990018371606,0.));
#3880 = ADVANCED_FACE('',(#3881),#3908,.F.);
#3881 = FACE_BOUND('',#3882,.F.);
#3882 = EDGE_LOOP('',(#3883,#3884,#3893,#3901));
#3883 = ORIENTED_EDGE('',*,*,#3861,.T.);
#3884 = ORIENTED_EDGE('',*,*,#3885,.T.);
#3885 = EDGE_CURVE('',#3853,#3886,#3888,.T.);
#3886 = VERTEX_POINT('',#3887);
#3887 = CARTESIAN_POINT('',(7.182367192941E-03,-2.979751755911,5.));
#3888 = B_SPLINE_CURVE_WITH_KNOTS('',3,(#3889,#3890,#3891,#3892),
  .UNSPECIFIED.,.F.,.F.,(4,4),(0.,1.),.PIECEWISE_BEZIER_KNOTS.);
#3889 = CARTESIAN_POINT('',(-0.224604972583,-3.392573154155,5.));
#3890 = CARTESIAN_POINT('',(-9.456425191765E-02,-3.224247534638,5.));
#3891 = CARTESIAN_POINT('',(-2.737397803249E-02,-3.081078654243,5.));
#3892 = CARTESIAN_POINT('',(7.182367192941E-03,-2.979751755911,5.));
#3893 = ORIENTED_EDGE('',*,*,#3894,.F.);
#3894 = EDGE_CURVE('',#3895,#3886,#3897,.T.);
#3895 = VERTEX_POINT('',#3896);
#3896 = CARTESIAN_POINT('',(7.182367192941E-03,-2.979751755911,0.));
#3897 = LINE('',#3898,#3899);
#3898 = CARTESIAN_POINT('',(7.182367192941E-03,-2.979751755911,0.));
#3899 = VECTOR('',#3900,1.);
#3900 = DIRECTION('',(0.,0.,1.));
#3901 = ORIENTED_EDGE('',*,*,#3902,.F.);
#3902 = EDGE_CURVE('',#3862,#3895,#3903,.T.);
#3903 = B_SPLINE_CURVE_WITH_KNOTS('',3,(#3904,#3905,#3906,#3907),
  .UNSPECIFIED.,.F.,.F.,(4,4),(0.,1.),.PIECEWISE_BEZIER_KNOTS.);
#3904 = CARTESIAN_POINT('',(-0.224604972583,-3.392573154155,0.));
#3905 = CARTESIAN_POINT('',(-9.456425191765E-02,-3.224247534638,0.));
#3906 = CARTESIAN_POINT('',(-2.737397803249E-02,-3.081078654243,0.));
#3907 = CARTESIAN_POINT('',(7.182367192941E-03,-2.979751755911,0.));
#3908 = SURFACE_OF_LINEAR_EXTRUSION('',#3909,#3914);
#3909 = B_SPLINE_CURVE_WITH_KNOTS('',3,(#3910,#3911,#3912,#3913),
  .UNSPECIFIED.,.F.,.F.,(4,4),(0.,1.),.PIECEWISE_BEZIER_KNOTS.);
#3910 = CARTESIAN_POINT('',(-0.224604972583,-3.392573154155,0.));
#3911 = CARTESIAN_POINT('',(-9.456425191765E-02,-3.224247534638,0.));
#3912 = CARTESIAN_POINT('',(-2.737397803249E-02,-3.081078654243,0.));
#3913 = CARTESIAN_POINT('',(7.182367192941E-03,-2.979751755911,0.));
#3914 = VECTOR('',#3915,1.);
#3915 = DIRECTION('',(-0.,-0.,-1.));
#3916 = ADVANCED_FACE('',(#3917),#3944,.F.);
#3917 = FACE_BOUND('',#3918,.F.);
#3918 = EDGE_LOOP('',(#3919,#3920,#3929,#3937));
#3919 = ORIENTED_EDGE('',*,*,#3894,.T.);
#3920 = ORIENTED_EDGE('',*,*,#3921,.T.);
#3921 = EDGE_CURVE('',#3886,#3922,#3924,.T.);
#3922 = VERTEX_POINT('',#3923);
#3923 = CARTESIAN_POINT('',(4.180387856593E-02,-2.825417746195,5.));
#3924 = B_SPLINE_CURVE_WITH_KNOTS('',3,(#3925,#3926,#3927,#3928),
  .UNSPECIFIED.,.F.,.F.,(4,4),(0.,1.),.PIECEWISE_BEZIER_KNOTS.);
#3925 = CARTESIAN_POINT('',(7.182367192941E-03,-2.979751755911,5.));
#3926 = CARTESIAN_POINT('',(3.574708642811E-02,-2.894798061093,5.));
#3927 = CARTESIAN_POINT('',(4.087494927286E-02,-2.842798093987,5.));
#3928 = CARTESIAN_POINT('',(4.180387856593E-02,-2.825417746195,5.));
#3929 = ORIENTED_EDGE('',*,*,#3930,.F.);
#3930 = EDGE_CURVE('',#3931,#3922,#3933,.T.);
#3931 = VERTEX_POINT('',#3932);
#3932 = CARTESIAN_POINT('',(4.180387856593E-02,-2.825417746195,0.));
#3933 = LINE('',#3934,#3935);
#3934 = CARTESIAN_POINT('',(4.180387856593E-02,-2.825417746195,0.));
#3935 = VECTOR('',#3936,1.);
#3936 = DIRECTION('',(0.,0.,1.));
#3937 = ORIENTED_EDGE('',*,*,#3938,.F.);
#3938 = EDGE_CURVE('',#3895,#3931,#3939,.T.);
#3939 = B_SPLINE_CURVE_WITH_KNOTS('',3,(#3940,#3941,#3942,#3943),
  .UNSPECIFIED.,.F.,.F.,(4,4),(0.,1.),.PIECEWISE_BEZIER_KNOTS.);
#3940 = CARTESIAN_POINT('',(7.182367192941E-03,-2.979751755911,0.));
#3941 = CARTESIAN_POINT('',(3.574708642811E-02,-2.894798061093,0.));
#3942 = CARTESIAN_POINT('',(4.087494927286E-02,-2.842798093987,0.));
#3943 = CARTESIAN_POINT('',(4.180387856593E-02,-2.825417746195,0.));
#3944 = SURFACE_OF_LINEAR_EXTRUSION('',#3945,#3950);
#3945 = B_SPLINE_CURVE_WITH_KNOTS('',3,(#3946,#3947,#3948,#3949),
  .UNSPECIFIED.,.F.,.F.,(4,4),(0.,1.),.PIECEWISE_BEZIER_KNOTS.);
#3946 = CARTESIAN_POINT('',(7.182367192941E-03,-2.979751755911,0.));
#3947 = CARTESIAN_POINT('',(3.574708642811E-02,-2.894798061093,0.));
#3948 = CARTESIAN_POINT('',(4.087494927286E-02,-2.842798093987,0.));
#3949 = CARTESIAN_POINT('',(4.180387856593E-02,-2.825417746195,0.));
#3950 = VECTOR('',#3951,1.);
#3951 = DIRECTION('',(-0.,-0.,-1.));
#3952 = ADVANCED_FACE('',(#3953),#3978,.F.);
#3953 = FACE_BOUND('',#3954,.F.);
#3954 = EDGE_LOOP('',(#3955,#3956,#3964,#3972));
#3955 = ORIENTED_EDGE('',*,*,#3930,.T.);
#3956 = ORIENTED_EDGE('',*,*,#3957,.T.);
#3957 = EDGE_CURVE('',#3922,#3958,#3960,.T.);
#3958 = VERTEX_POINT('',#3959);
#3959 = CARTESIAN_POINT('',(3.952496262804E-02,-2.65170544694,5.));
#3960 = LINE('',#3961,#3962);
#3961 = CARTESIAN_POINT('',(4.180387856593E-02,-2.825417746195,5.));
#3962 = VECTOR('',#3963,1.);
#3963 = DIRECTION('',(-1.311778075385E-02,0.999913958212,0.));
#3964 = ORIENTED_EDGE('',*,*,#3965,.F.);
#3965 = EDGE_CURVE('',#3966,#3958,#3968,.T.);
#3966 = VERTEX_POINT('',#3967);
#3967 = CARTESIAN_POINT('',(3.952496262804E-02,-2.65170544694,0.));
#3968 = LINE('',#3969,#3970);
#3969 = CARTESIAN_POINT('',(3.952496262804E-02,-2.65170544694,0.));
#3970 = VECTOR('',#3971,1.);
#3971 = DIRECTION('',(0.,0.,1.));
#3972 = ORIENTED_EDGE('',*,*,#3973,.F.);
#3973 = EDGE_CURVE('',#3931,#3966,#3974,.T.);
#3974 = LINE('',#3975,#3976);
#3975 = CARTESIAN_POINT('',(4.180387856593E-02,-2.825417746195,0.));
#3976 = VECTOR('',#3977,1.);
#3977 = DIRECTION('',(-1.311778075385E-02,0.999913958212,0.));
#3978 = PLANE('',#3979);
#3979 = AXIS2_PLACEMENT_3D('',#3980,#3981,#3982);
#3980 = CARTESIAN_POINT('',(4.180387856593E-02,-2.825417746195,0.));
#3981 = DIRECTION('',(-0.999913958212,-1.311778075385E-02,0.));
#3982 = DIRECTION('',(-1.311778075385E-02,0.999913958212,0.));
#3983 = ADVANCED_FACE('',(#3984),#4011,.F.);
#3984 = FACE_BOUND('',#3985,.F.);
#3985 = EDGE_LOOP('',(#3986,#3987,#3996,#4004));
#3986 = ORIENTED_EDGE('',*,*,#3965,.T.);
#3987 = ORIENTED_EDGE('',*,*,#3988,.T.);
#3988 = EDGE_CURVE('',#3958,#3989,#3991,.T.);
#3989 = VERTEX_POINT('',#3990);
#3990 = CARTESIAN_POINT('',(0.18023595179,-2.493494536124,5.));
#3991 = CIRCLE('',#3992,0.152);
#3992 = AXIS2_PLACEMENT_3D('',#3993,#3994,#3995);
#3993 = CARTESIAN_POINT('',(0.191380733496,-2.645085412633,5.));
#3994 = DIRECTION('',(0.,0.,-1.));
#3995 = DIRECTION('',(-0.999051124129,-4.355285727833E-02,-0.));
#3996 = ORIENTED_EDGE('',*,*,#3997,.F.);
#3997 = EDGE_CURVE('',#3998,#3989,#4000,.T.);
#3998 = VERTEX_POINT('',#3999);
#3999 = CARTESIAN_POINT('',(0.18023595179,-2.493494536124,0.));
#4000 = LINE('',#4001,#4002);
#4001 = CARTESIAN_POINT('',(0.18023595179,-2.493494536124,0.));
#4002 = VECTOR('',#4003,1.);
#4003 = DIRECTION('',(0.,0.,1.));
#4004 = ORIENTED_EDGE('',*,*,#4005,.F.);
#4005 = EDGE_CURVE('',#3966,#3998,#4006,.T.);
#4006 = CIRCLE('',#4007,0.152);
#4007 = AXIS2_PLACEMENT_3D('',#4008,#4009,#4010);
#4008 = CARTESIAN_POINT('',(0.191380733496,-2.645085412633,0.));
#4009 = DIRECTION('',(0.,0.,-1.));
#4010 = DIRECTION('',(-0.999051124129,-4.355285727833E-02,-0.));
#4011 = CYLINDRICAL_SURFACE('',#4012,0.152);
#4012 = AXIS2_PLACEMENT_3D('',#4013,#4014,#4015);
#4013 = CARTESIAN_POINT('',(0.191380733496,-2.645085412633,0.));
#4014 = DIRECTION('',(0.,0.,-1.));
#4015 = DIRECTION('',(-0.999051124129,-4.355285727833E-02,-0.));
#4016 = ADVANCED_FACE('',(#4017),#4044,.T.);
#4017 = FACE_BOUND('',#4018,.F.);
#4018 = EDGE_LOOP('',(#4019,#4020,#4029,#4037));
#4019 = ORIENTED_EDGE('',*,*,#3997,.T.);
#4020 = ORIENTED_EDGE('',*,*,#4021,.T.);
#4021 = EDGE_CURVE('',#3989,#4022,#4024,.T.);
#4022 = VERTEX_POINT('',#4023);
#4023 = CARTESIAN_POINT('',(0.342129301242,-2.476478859436,5.));
#4024 = CIRCLE('',#4025,2.5);
#4025 = AXIS2_PLACEMENT_3D('',#4026,#4027,#4028);
#4026 = CARTESIAN_POINT('',(-2.138567101184E-14,2.57571741713E-13,5.));
#4027 = DIRECTION('',(-0.,0.,1.));
#4028 = DIRECTION('',(7.209438071581E-02,-0.99739781445,0.));
#4029 = ORIENTED_EDGE('',*,*,#4030,.F.);
#4030 = EDGE_CURVE('',#4031,#4022,#4033,.T.);
#4031 = VERTEX_POINT('',#4032);
#4032 = CARTESIAN_POINT('',(0.342129301242,-2.476478859436,0.));
#4033 = LINE('',#4034,#4035);
#4034 = CARTESIAN_POINT('',(0.342129301242,-2.476478859436,0.));
#4035 = VECTOR('',#4036,1.);
#4036 = DIRECTION('',(0.,0.,1.));
#4037 = ORIENTED_EDGE('',*,*,#4038,.F.);
#4038 = EDGE_CURVE('',#3998,#4031,#4039,.T.);
#4039 = CIRCLE('',#4040,2.5);
#4040 = AXIS2_PLACEMENT_3D('',#4041,#4042,#4043);
#4041 = CARTESIAN_POINT('',(-2.138567101184E-14,2.57571741713E-13,0.));
#4042 = DIRECTION('',(-0.,0.,1.));
#4043 = DIRECTION('',(7.209438071581E-02,-0.99739781445,0.));
#4044 = CYLINDRICAL_SURFACE('',#4045,2.5);
#4045 = AXIS2_PLACEMENT_3D('',#4046,#4047,#4048);
#4046 = CARTESIAN_POINT('',(-2.138567101184E-14,2.57571741713E-13,0.));
#4047 = DIRECTION('',(0.,-0.,-1.));
#4048 = DIRECTION('',(7.209438071581E-02,-0.99739781445,0.));
#4049 = ADVANCED_FACE('',(#4050),#4077,.F.);
#4050 = FACE_BOUND('',#4051,.F.);
#4051 = EDGE_LOOP('',(#4052,#4053,#4062,#4070));
#4052 = ORIENTED_EDGE('',*,*,#4030,.T.);
#4053 = ORIENTED_EDGE('',*,*,#4054,.T.);
#4054 = EDGE_CURVE('',#4022,#4055,#4057,.T.);
#4055 = VERTEX_POINT('',#4056);
#4056 = CARTESIAN_POINT('',(0.51265931566,-2.601977022586,5.));
#4057 = CIRCLE('',#4058,0.152);
#4058 = AXIS2_PLACEMENT_3D('',#4059,#4060,#4061);
#4059 = CARTESIAN_POINT('',(0.362745575203,-2.627074241994,5.));
#4060 = DIRECTION('',(0.,0.,-1.));
#4061 = DIRECTION('',(-0.135633381322,0.99075909578,0.));
#4062 = ORIENTED_EDGE('',*,*,#4063,.F.);
#4063 = EDGE_CURVE('',#4064,#4055,#4066,.T.);
#4064 = VERTEX_POINT('',#4065);
#4065 = CARTESIAN_POINT('',(0.51265931566,-2.601977022586,0.));
#4066 = LINE('',#4067,#4068);
#4067 = CARTESIAN_POINT('',(0.51265931566,-2.601977022586,0.));
#4068 = VECTOR('',#4069,1.);
#4069 = DIRECTION('',(0.,0.,1.));
#4070 = ORIENTED_EDGE('',*,*,#4071,.F.);
#4071 = EDGE_CURVE('',#4031,#4064,#4072,.T.);
#4072 = CIRCLE('',#4073,0.152);
#4073 = AXIS2_PLACEMENT_3D('',#4074,#4075,#4076);
#4074 = CARTESIAN_POINT('',(0.362745575203,-2.627074241994,0.));
#4075 = DIRECTION('',(0.,0.,-1.));
#4076 = DIRECTION('',(-0.135633381322,0.99075909578,0.));
#4077 = CYLINDRICAL_SURFACE('',#4078,0.152);
#4078 = AXIS2_PLACEMENT_3D('',#4079,#4080,#4081);
#4079 = CARTESIAN_POINT('',(0.362745575203,-2.627074241994,0.));
#4080 = DIRECTION('',(0.,0.,-1.));
#4081 = DIRECTION('',(-0.135633381322,0.99075909578,0.));
#4082 = ADVANCED_FACE('',(#4083),#4108,.F.);
#4083 = FACE_BOUND('',#4084,.F.);
#4084 = EDGE_LOOP('',(#4085,#4086,#4094,#4102));
#4085 = ORIENTED_EDGE('',*,*,#4063,.T.);
#4086 = ORIENTED_EDGE('',*,*,#4087,.T.);
#4087 = EDGE_CURVE('',#4055,#4088,#4090,.T.);
#4088 = VERTEX_POINT('',#4089);
#4089 = CARTESIAN_POINT('',(0.546547017357,-2.772367104587,5.));
#4090 = LINE('',#4091,#4092);
#4091 = CARTESIAN_POINT('',(0.51265931566,-2.601977022586,5.));
#4092 = VECTOR('',#4093,1.);
#4093 = DIRECTION('',(0.195062675953,-0.980790779142,0.));
#4094 = ORIENTED_EDGE('',*,*,#4095,.F.);
#4095 = EDGE_CURVE('',#4096,#4088,#4098,.T.);
#4096 = VERTEX_POINT('',#4097);
#4097 = CARTESIAN_POINT('',(0.546547017357,-2.772367104587,0.));
#4098 = LINE('',#4099,#4100);
#4099 = CARTESIAN_POINT('',(0.546547017357,-2.772367104587,0.));
#4100 = VECTOR('',#4101,1.);
#4101 = DIRECTION('',(0.,0.,1.));
#4102 = ORIENTED_EDGE('',*,*,#4103,.F.);
#4103 = EDGE_CURVE('',#4064,#4096,#4104,.T.);
#4104 = LINE('',#4105,#4106);
#4105 = CARTESIAN_POINT('',(0.51265931566,-2.601977022586,0.));
#4106 = VECTOR('',#4107,1.);
#4107 = DIRECTION('',(0.195062675953,-0.980790779142,0.));
#4108 = PLANE('',#4109);
#4109 = AXIS2_PLACEMENT_3D('',#4110,#4111,#4112);
#4110 = CARTESIAN_POINT('',(0.51265931566,-2.601977022586,0.));
#4111 = DIRECTION('',(0.980790779142,0.195062675953,-0.));
#4112 = DIRECTION('',(0.195062675953,-0.980790779142,0.));
#4113 = ADVANCED_FACE('',(#4114),#4141,.F.);
#4114 = FACE_BOUND('',#4115,.F.);
#4115 = EDGE_LOOP('',(#4116,#4117,#4126,#4134));
#4116 = ORIENTED_EDGE('',*,*,#4095,.T.);
#4117 = ORIENTED_EDGE('',*,*,#4118,.T.);
#4118 = EDGE_CURVE('',#4088,#4119,#4121,.T.);
#4119 = VERTEX_POINT('',#4120);
#4120 = CARTESIAN_POINT('',(0.612499810551,-2.916130328934,5.));
#4121 = B_SPLINE_CURVE_WITH_KNOTS('',3,(#4122,#4123,#4124,#4125),
  .UNSPECIFIED.,.F.,.F.,(4,4),(0.,1.),.PIECEWISE_BEZIER_KNOTS.);
#4122 = CARTESIAN_POINT('',(0.546547017357,-2.772367104587,5.));
#4123 = CARTESIAN_POINT('',(0.551069224813,-2.78917451482,5.));
#4124 = CARTESIAN_POINT('',(0.566896432635,-2.838972015248,5.));
#4125 = CARTESIAN_POINT('',(0.612499810551,-2.916130328934,5.));
#4126 = ORIENTED_EDGE('',*,*,#4127,.F.);
#4127 = EDGE_CURVE('',#4128,#4119,#4130,.T.);
#4128 = VERTEX_POINT('',#4129);
#4129 = CARTESIAN_POINT('',(0.612499810551,-2.916130328934,0.));
#4130 = LINE('',#4131,#4132);
#4131 = CARTESIAN_POINT('',(0.612499810551,-2.916130328934,0.));
#4132 = VECTOR('',#4133,1.);
#4133 = DIRECTION('',(0.,0.,1.));
#4134 = ORIENTED_EDGE('',*,*,#4135,.F.);
#4135 = EDGE_CURVE('',#4096,#4128,#4136,.T.);
#4136 = B_SPLINE_CURVE_WITH_KNOTS('',3,(#4137,#4138,#4139,#4140),
  .UNSPECIFIED.,.F.,.F.,(4,4),(0.,1.),.PIECEWISE_BEZIER_KNOTS.);
#4137 = CARTESIAN_POINT('',(0.546547017357,-2.772367104587,0.));
#4138 = CARTESIAN_POINT('',(0.551069224813,-2.78917451482,0.));
#4139 = CARTESIAN_POINT('',(0.566896432635,-2.838972015248,0.));
#4140 = CARTESIAN_POINT('',(0.612499810551,-2.916130328934,0.));
#4141 = SURFACE_OF_LINEAR_EXTRUSION('',#4142,#4147);
#4142 = B_SPLINE_CURVE_WITH_KNOTS('',3,(#4143,#4144,#4145,#4146),
  .UNSPECIFIED.,.F.,.F.,(4,4),(0.,1.),.PIECEWISE_BEZIER_KNOTS.);
#4143 = CARTESIAN_POINT('',(0.546547017357,-2.772367104587,0.));
#4144 = CARTESIAN_POINT('',(0.551069224813,-2.78917451482,0.));
#4145 = CARTESIAN_POINT('',(0.566896432635,-2.838972015248,0.));
#4146 = CARTESIAN_POINT('',(0.612499810551,-2.916130328934,0.));
#4147 = VECTOR('',#4148,1.);
#4148 = DIRECTION('',(-0.,-0.,-1.));
#4149 = ADVANCED_FACE('',(#4150),#4177,.F.);
#4150 = FACE_BOUND('',#4151,.F.);
#4151 = EDGE_LOOP('',(#4152,#4153,#4162,#4170));
#4152 = ORIENTED_EDGE('',*,*,#4127,.T.);
#4153 = ORIENTED_EDGE('',*,*,#4154,.T.);
#4154 = EDGE_CURVE('',#4119,#4155,#4157,.T.);
#4155 = VERTEX_POINT('',#4156);
#4156 = CARTESIAN_POINT('',(0.925394832889,-3.27215003788,5.));
#4157 = B_SPLINE_CURVE_WITH_KNOTS('',3,(#4158,#4159,#4160,#4161),
  .UNSPECIFIED.,.F.,.F.,(4,4),(0.,1.),.PIECEWISE_BEZIER_KNOTS.);
#4158 = CARTESIAN_POINT('',(0.612499810551,-2.916130328934,5.));
#4159 = CARTESIAN_POINT('',(0.667368063481,-3.008058323263,5.));
#4160 = CARTESIAN_POINT('',(0.76285655267,-3.134128976671,5.));
#4161 = CARTESIAN_POINT('',(0.925394832889,-3.27215003788,5.));
#4162 = ORIENTED_EDGE('',*,*,#4163,.F.);
#4163 = EDGE_CURVE('',#4164,#4155,#4166,.T.);
#4164 = VERTEX_POINT('',#4165);
#4165 = CARTESIAN_POINT('',(0.925394832889,-3.27215003788,0.));
#4166 = LINE('',#4167,#4168);
#4167 = CARTESIAN_POINT('',(0.925394832889,-3.27215003788,0.));
#4168 = VECTOR('',#4169,1.);
#4169 = DIRECTION('',(0.,0.,1.));
#4170 = ORIENTED_EDGE('',*,*,#4171,.F.);
#4171 = EDGE_CURVE('',#4128,#4164,#4172,.T.);
#4172 = B_SPLINE_CURVE_WITH_KNOTS('',3,(#4173,#4174,#4175,#4176),
  .UNSPECIFIED.,.F.,.F.,(4,4),(0.,1.),.PIECEWISE_BEZIER_KNOTS.);
#4173 = CARTESIAN_POINT('',(0.612499810551,-2.916130328934,0.));
#4174 = CARTESIAN_POINT('',(0.667368063481,-3.008058323263,0.));
#4175 = CARTESIAN_POINT('',(0.76285655267,-3.134128976671,0.));
#4176 = CARTESIAN_POINT('',(0.925394832889,-3.27215003788,0.));
#4177 = SURFACE_OF_LINEAR_EXTRUSION('',#4178,#4183);
#4178 = B_SPLINE_CURVE_WITH_KNOTS('',3,(#4179,#4180,#4181,#4182),
  .UNSPECIFIED.,.F.,.F.,(4,4),(0.,1.),.PIECEWISE_BEZIER_KNOTS.);
#4179 = CARTESIAN_POINT('',(0.612499810551,-2.916130328934,0.));
#4180 = CARTESIAN_POINT('',(0.667368063481,-3.008058323263,0.));
#4181 = CARTESIAN_POINT('',(0.76285655267,-3.134128976671,0.));
#4182 = CARTESIAN_POINT('',(0.925394832889,-3.27215003788,0.));
#4183 = VECTOR('',#4184,1.);
#4184 = DIRECTION('',(-0.,-0.,-1.));
#4185 = ADVANCED_FACE('',(#4186),#4213,.T.);
#4186 = FACE_BOUND('',#4187,.F.);
#4187 = EDGE_LOOP('',(#4188,#4189,#4198,#4206));
#4188 = ORIENTED_EDGE('',*,*,#4163,.T.);
#4189 = ORIENTED_EDGE('',*,*,#4190,.T.);
#4190 = EDGE_CURVE('',#4155,#4191,#4193,.T.);
#4191 = VERTEX_POINT('',#4192);
#4192 = CARTESIAN_POINT('',(1.174696963643,-3.190624867265,5.));
#4193 = CIRCLE('',#4194,3.399999999999);
#4194 = AXIS2_PLACEMENT_3D('',#4195,#4196,#4197);
#4195 = CARTESIAN_POINT('',(-5.943850437634E-03,-2.194647215412E-03,5.)
  );
#4196 = DIRECTION('',(-0.,0.,1.));
#4197 = DIRECTION('',(0.273923142155,-0.96175158549,0.));
#4198 = ORIENTED_EDGE('',*,*,#4199,.F.);
#4199 = EDGE_CURVE('',#4200,#4191,#4202,.T.);
#4200 = VERTEX_POINT('',#4201);
#4201 = CARTESIAN_POINT('',(1.174696963643,-3.190624867265,0.));
#4202 = LINE('',#4203,#4204);
#4203 = CARTESIAN_POINT('',(1.174696963643,-3.190624867265,0.));
#4204 = VECTOR('',#4205,1.);
#4205 = DIRECTION('',(0.,0.,1.));
#4206 = ORIENTED_EDGE('',*,*,#4207,.F.);
#4207 = EDGE_CURVE('',#4164,#4200,#4208,.T.);
#4208 = CIRCLE('',#4209,3.399999999999);
#4209 = AXIS2_PLACEMENT_3D('',#4210,#4211,#4212);
#4210 = CARTESIAN_POINT('',(-5.943850437634E-03,-2.194647215412E-03,0.)
  );
#4211 = DIRECTION('',(-0.,0.,1.));
#4212 = DIRECTION('',(0.273923142155,-0.96175158549,0.));
#4213 = CYLINDRICAL_SURFACE('',#4214,3.399999999999);
#4214 = AXIS2_PLACEMENT_3D('',#4215,#4216,#4217);
#4215 = CARTESIAN_POINT('',(-5.943850437634E-03,-2.194647215412E-03,0.)
  );
#4216 = DIRECTION('',(0.,-0.,-1.));
#4217 = DIRECTION('',(0.273923142155,-0.96175158549,0.));
#4218 = ADVANCED_FACE('',(#4219),#4246,.F.);
#4219 = FACE_BOUND('',#4220,.F.);
#4220 = EDGE_LOOP('',(#4221,#4222,#4231,#4239));
#4221 = ORIENTED_EDGE('',*,*,#4199,.T.);
#4222 = ORIENTED_EDGE('',*,*,#4223,.T.);
#4223 = EDGE_CURVE('',#4191,#4224,#4226,.T.);
#4224 = VERTEX_POINT('',#4225);
#4225 = CARTESIAN_POINT('',(1.218535645323,-2.719217349594,5.));
#4226 = B_SPLINE_CURVE_WITH_KNOTS('',3,(#4227,#4228,#4229,#4230),
  .UNSPECIFIED.,.F.,.F.,(4,4),(0.,1.),.PIECEWISE_BEZIER_KNOTS.);
#4227 = CARTESIAN_POINT('',(1.174696963643,-3.190624867265,5.));
#4228 = CARTESIAN_POINT('',(1.225030875889,-2.983959435964,5.));
#4229 = CARTESIAN_POINT('',(1.22818021559,-2.825839409156,5.));
#4230 = CARTESIAN_POINT('',(1.218535645323,-2.719217349594,5.));
#4231 = ORIENTED_EDGE('',*,*,#4232,.F.);
#4232 = EDGE_CURVE('',#4233,#4224,#4235,.T.);
#4233 = VERTEX_POINT('',#4234);
#4234 = CARTESIAN_POINT('',(1.218535645323,-2.719217349594,0.));
#4235 = LINE('',#4236,#4237);
#4236 = CARTESIAN_POINT('',(1.218535645323,-2.719217349594,0.));
#4237 = VECTOR('',#4238,1.);
#4238 = DIRECTION('',(0.,0.,1.));
#4239 = ORIENTED_EDGE('',*,*,#4240,.F.);
#4240 = EDGE_CURVE('',#4200,#4233,#4241,.T.);
#4241 = B_SPLINE_CURVE_WITH_KNOTS('',3,(#4242,#4243,#4244,#4245),
  .UNSPECIFIED.,.F.,.F.,(4,4),(0.,1.),.PIECEWISE_BEZIER_KNOTS.);
#4242 = CARTESIAN_POINT('',(1.174696963643,-3.190624867265,0.));
#4243 = CARTESIAN_POINT('',(1.225030875889,-2.983959435964,0.));
#4244 = CARTESIAN_POINT('',(1.22818021559,-2.825839409156,0.));
#4245 = CARTESIAN_POINT('',(1.218535645323,-2.719217349594,0.));
#4246 = SURFACE_OF_LINEAR_EXTRUSION('',#4247,#4252);
#4247 = B_SPLINE_CURVE_WITH_KNOTS('',3,(#4248,#4249,#4250,#4251),
  .UNSPECIFIED.,.F.,.F.,(4,4),(0.,1.),.PIECEWISE_BEZIER_KNOTS.);
#4248 = CARTESIAN_POINT('',(1.174696963643,-3.190624867265,0.));
#4249 = CARTESIAN_POINT('',(1.225030875889,-2.983959435964,0.));
#4250 = CARTESIAN_POINT('',(1.22818021559,-2.825839409156,0.));
#4251 = CARTESIAN_POINT('',(1.218535645323,-2.719217349594,0.));
#4252 = VECTOR('',#4253,1.);
#4253 = DIRECTION('',(-0.,-0.,-1.));
#4254 = ADVANCED_FACE('',(#4255),#4282,.F.);
#4255 = FACE_BOUND('',#4256,.F.);
#4256 = EDGE_LOOP('',(#4257,#4258,#4267,#4275));
#4257 = ORIENTED_EDGE('',*,*,#4232,.T.);
#4258 = ORIENTED_EDGE('',*,*,#4259,.T.);
#4259 = EDGE_CURVE('',#4224,#4260,#4262,.T.);
#4260 = VERTEX_POINT('',#4261);
#4261 = CARTESIAN_POINT('',(1.18739067275,-2.564144378744,5.));
#4262 = B_SPLINE_CURVE_WITH_KNOTS('',3,(#4263,#4264,#4265,#4266),
  .UNSPECIFIED.,.F.,.F.,(4,4),(0.,1.),.PIECEWISE_BEZIER_KNOTS.);
#4263 = CARTESIAN_POINT('',(1.218535645323,-2.719217349594,5.));
#4264 = CARTESIAN_POINT('',(1.210077034182,-2.629989969571,5.));
#4265 = CARTESIAN_POINT('',(1.19361127793,-2.580399946104,5.));
#4266 = CARTESIAN_POINT('',(1.18739067275,-2.564144378744,5.));
#4267 = ORIENTED_EDGE('',*,*,#4268,.F.);
#4268 = EDGE_CURVE('',#4269,#4260,#4271,.T.);
#4269 = VERTEX_POINT('',#4270);
#4270 = CARTESIAN_POINT('',(1.18739067275,-2.564144378744,0.));
#4271 = LINE('',#4272,#4273);
#4272 = CARTESIAN_POINT('',(1.18739067275,-2.564144378744,0.));
#4273 = VECTOR('',#4274,1.);
#4274 = DIRECTION('',(0.,0.,1.));
#4275 = ORIENTED_EDGE('',*,*,#4276,.F.);
#4276 = EDGE_CURVE('',#4233,#4269,#4277,.T.);
#4277 = B_SPLINE_CURVE_WITH_KNOTS('',3,(#4278,#4279,#4280,#4281),
  .UNSPECIFIED.,.F.,.F.,(4,4),(0.,1.),.PIECEWISE_BEZIER_KNOTS.);
#4278 = CARTESIAN_POINT('',(1.218535645323,-2.719217349594,0.));
#4279 = CARTESIAN_POINT('',(1.210077034182,-2.629989969571,0.));
#4280 = CARTESIAN_POINT('',(1.19361127793,-2.580399946104,0.));
#4281 = CARTESIAN_POINT('',(1.18739067275,-2.564144378744,0.));
#4282 = SURFACE_OF_LINEAR_EXTRUSION('',#4283,#4288);
#4283 = B_SPLINE_CURVE_WITH_KNOTS('',3,(#4284,#4285,#4286,#4287),
  .UNSPECIFIED.,.F.,.F.,(4,4),(0.,1.),.PIECEWISE_BEZIER_KNOTS.);
#4284 = CARTESIAN_POINT('',(1.218535645323,-2.719217349594,0.));
#4285 = CARTESIAN_POINT('',(1.210077034182,-2.629989969571,0.));
#4286 = CARTESIAN_POINT('',(1.19361127793,-2.580399946104,0.));
#4287 = CARTESIAN_POINT('',(1.18739067275,-2.564144378744,0.));
#4288 = VECTOR('',#4289,1.);
#4289 = DIRECTION('',(-0.,-0.,-1.));
#4290 = ADVANCED_FACE('',(#4291),#4316,.F.);
#4291 = FACE_BOUND('',#4292,.F.);
#4292 = EDGE_LOOP('',(#4293,#4294,#4302,#4310));
#4293 = ORIENTED_EDGE('',*,*,#4268,.T.);
#4294 = ORIENTED_EDGE('',*,*,#4295,.T.);
#4295 = EDGE_CURVE('',#4260,#4296,#4298,.T.);
#4296 = VERTEX_POINT('',#4297);
#4297 = CARTESIAN_POINT('',(1.114653621986,-2.406377215441,5.));
#4298 = LINE('',#4299,#4300);
#4299 = CARTESIAN_POINT('',(1.18739067275,-2.564144378744,5.));
#4300 = VECTOR('',#4301,1.);
#4301 = DIRECTION('',(-0.41868533575,0.90813137245,0.));
#4302 = ORIENTED_EDGE('',*,*,#4303,.F.);
#4303 = EDGE_CURVE('',#4304,#4296,#4306,.T.);
#4304 = VERTEX_POINT('',#4305);
#4305 = CARTESIAN_POINT('',(1.114653621986,-2.406377215441,0.));
#4306 = LINE('',#4307,#4308);
#4307 = CARTESIAN_POINT('',(1.114653621986,-2.406377215441,0.));
#4308 = VECTOR('',#4309,1.);
#4309 = DIRECTION('',(0.,0.,1.));
#4310 = ORIENTED_EDGE('',*,*,#4311,.F.);
#4311 = EDGE_CURVE('',#4269,#4304,#4312,.T.);
#4312 = LINE('',#4313,#4314);
#4313 = CARTESIAN_POINT('',(1.18739067275,-2.564144378744,0.));
#4314 = VECTOR('',#4315,1.);
#4315 = DIRECTION('',(-0.41868533575,0.90813137245,0.));
#4316 = PLANE('',#4317);
#4317 = AXIS2_PLACEMENT_3D('',#4318,#4319,#4320);
#4318 = CARTESIAN_POINT('',(1.18739067275,-2.564144378744,0.));
#4319 = DIRECTION('',(-0.90813137245,-0.41868533575,0.));
#4320 = DIRECTION('',(-0.41868533575,0.90813137245,0.));
#4321 = ADVANCED_FACE('',(#4322),#4349,.F.);
#4322 = FACE_BOUND('',#4323,.F.);
#4323 = EDGE_LOOP('',(#4324,#4325,#4334,#4342));
#4324 = ORIENTED_EDGE('',*,*,#4303,.T.);
#4325 = ORIENTED_EDGE('',*,*,#4326,.T.);
#4326 = EDGE_CURVE('',#4296,#4327,#4329,.T.);
#4327 = VERTEX_POINT('',#4328);
#4328 = CARTESIAN_POINT('',(1.178849332212,-2.204612041141,5.));
#4329 = CIRCLE('',#4330,0.152);
#4330 = AXIS2_PLACEMENT_3D('',#4331,#4332,#4333);
#4331 = CARTESIAN_POINT('',(1.250688161148,-2.338564206696,5.));
#4332 = DIRECTION('',(0.,0.,-1.));
#4333 = DIRECTION('',(-0.894964073435,-0.446138215423,-0.));
#4334 = ORIENTED_EDGE('',*,*,#4335,.F.);
#4335 = EDGE_CURVE('',#4336,#4327,#4338,.T.);
#4336 = VERTEX_POINT('',#4337);
#4337 = CARTESIAN_POINT('',(1.178849332212,-2.204612041141,0.));
#4338 = LINE('',#4339,#4340);
#4339 = CARTESIAN_POINT('',(1.178849332212,-2.204612041141,0.));
#4340 = VECTOR('',#4341,1.);
#4341 = DIRECTION('',(0.,0.,1.));
#4342 = ORIENTED_EDGE('',*,*,#4343,.F.);
#4343 = EDGE_CURVE('',#4304,#4336,#4344,.T.);
#4344 = CIRCLE('',#4345,0.152);
#4345 = AXIS2_PLACEMENT_3D('',#4346,#4347,#4348);
#4346 = CARTESIAN_POINT('',(1.250688161148,-2.338564206696,0.));
#4347 = DIRECTION('',(0.,0.,-1.));
#4348 = DIRECTION('',(-0.894964073435,-0.446138215423,-0.));
#4349 = CYLINDRICAL_SURFACE('',#4350,0.152);
#4350 = AXIS2_PLACEMENT_3D('',#4351,#4352,#4353);
#4351 = CARTESIAN_POINT('',(1.250688161148,-2.338564206696,0.));
#4352 = DIRECTION('',(0.,0.,-1.));
#4353 = DIRECTION('',(-0.894964073435,-0.446138215423,-0.));
#4354 = ADVANCED_FACE('',(#4355),#4382,.T.);
#4355 = FACE_BOUND('',#4356,.F.);
#4356 = EDGE_LOOP('',(#4357,#4358,#4367,#4375));
#4357 = ORIENTED_EDGE('',*,*,#4335,.T.);
#4358 = ORIENTED_EDGE('',*,*,#4359,.T.);
#4359 = EDGE_CURVE('',#4327,#4360,#4362,.T.);
#4360 = VERTEX_POINT('',#4361);
#4361 = CARTESIAN_POINT('',(1.319825367011,-2.123219489501,5.));
#4362 = CIRCLE('',#4363,2.499999999999);
#4363 = AXIS2_PLACEMENT_3D('',#4364,#4365,#4366);
#4364 = CARTESIAN_POINT('',(3.801403636317E-13,-6.497025140106E-13,5.));
#4365 = DIRECTION('',(-0.,0.,1.));
#4366 = DIRECTION('',(0.471539732885,-0.881844816456,0.));
#4367 = ORIENTED_EDGE('',*,*,#4368,.F.);
#4368 = EDGE_CURVE('',#4369,#4360,#4371,.T.);
#4369 = VERTEX_POINT('',#4370);
#4370 = CARTESIAN_POINT('',(1.319825367011,-2.123219489501,0.));
#4371 = LINE('',#4372,#4373);
#4372 = CARTESIAN_POINT('',(1.319825367011,-2.123219489501,0.));
#4373 = VECTOR('',#4374,1.);
#4374 = DIRECTION('',(0.,0.,1.));
#4375 = ORIENTED_EDGE('',*,*,#4376,.F.);
#4376 = EDGE_CURVE('',#4336,#4369,#4377,.T.);
#4377 = CIRCLE('',#4378,2.499999999999);
#4378 = AXIS2_PLACEMENT_3D('',#4379,#4380,#4381);
#4379 = CARTESIAN_POINT('',(3.801403636317E-13,-6.497025140106E-13,0.));
#4380 = DIRECTION('',(-0.,0.,1.));
#4381 = DIRECTION('',(0.471539732885,-0.881844816456,0.));
#4382 = CYLINDRICAL_SURFACE('',#4383,2.499999999999);
#4383 = AXIS2_PLACEMENT_3D('',#4384,#4385,#4386);
#4384 = CARTESIAN_POINT('',(3.801403636317E-13,-6.497025140106E-13,0.));
#4385 = DIRECTION('',(0.,-0.,-1.));
#4386 = DIRECTION('',(0.471539732885,-0.881844816456,0.));
#4387 = ADVANCED_FACE('',(#4388),#4415,.F.);
#4388 = FACE_BOUND('',#4389,.F.);
#4389 = EDGE_LOOP('',(#4390,#4391,#4400,#4408));
#4390 = ORIENTED_EDGE('',*,*,#4368,.T.);
#4391 = ORIENTED_EDGE('',*,*,#4392,.T.);
#4392 = EDGE_CURVE('',#4360,#4393,#4395,.T.);
#4393 = VERTEX_POINT('',#4394);
#4394 = CARTESIAN_POINT('',(1.526656988667,-2.168506960781,5.));
#4395 = CIRCLE('',#4396,0.152);
#4396 = AXIS2_PLACEMENT_3D('',#4397,#4398,#4399);
#4397 = CARTESIAN_POINT('',(1.399911930806,-2.252409823115,5.));
#4398 = DIRECTION('',(0.,0.,-1.));
#4399 = DIRECTION('',(-0.526885288126,0.84993640536,0.));
#4400 = ORIENTED_EDGE('',*,*,#4401,.F.);
#4401 = EDGE_CURVE('',#4402,#4393,#4404,.T.);
#4402 = VERTEX_POINT('',#4403);
#4403 = CARTESIAN_POINT('',(1.526656988667,-2.168506960781,0.));
#4404 = LINE('',#4405,#4406);
#4405 = CARTESIAN_POINT('',(1.526656988667,-2.168506960781,0.));
#4406 = VECTOR('',#4407,1.);
#4407 = DIRECTION('',(0.,0.,1.));
#4408 = ORIENTED_EDGE('',*,*,#4409,.F.);
#4409 = EDGE_CURVE('',#4369,#4402,#4410,.T.);
#4410 = CIRCLE('',#4411,0.152);
#4411 = AXIS2_PLACEMENT_3D('',#4412,#4413,#4414);
#4412 = CARTESIAN_POINT('',(1.399911930806,-2.252409823115,0.));
#4413 = DIRECTION('',(0.,0.,-1.));
#4414 = DIRECTION('',(-0.526885288126,0.84993640536,0.));
#4415 = CYLINDRICAL_SURFACE('',#4416,0.152);
#4416 = AXIS2_PLACEMENT_3D('',#4417,#4418,#4419);
#4417 = CARTESIAN_POINT('',(1.399911930806,-2.252409823115,0.));
#4418 = DIRECTION('',(0.,0.,-1.));
#4419 = DIRECTION('',(-0.526885288126,0.84993640536,0.));
#4420 = ADVANCED_FACE('',(#4421),#4446,.F.);
#4421 = FACE_BOUND('',#4422,.F.);
#4422 = EDGE_LOOP('',(#4423,#4424,#4432,#4440));
#4423 = ORIENTED_EDGE('',*,*,#4401,.T.);
#4424 = ORIENTED_EDGE('',*,*,#4425,.T.);
#4425 = EDGE_CURVE('',#4393,#4426,#4428,.T.);
#4426 = VERTEX_POINT('',#4427);
#4427 = CARTESIAN_POINT('',(1.626918834588,-2.31038267619,5.));
#4428 = LINE('',#4429,#4430);
#4429 = CARTESIAN_POINT('',(1.526656988667,-2.168506960781,5.));
#4430 = VECTOR('',#4431,1.);
#4431 = DIRECTION('',(0.57712217064,-0.816657823177,0.));
#4432 = ORIENTED_EDGE('',*,*,#4433,.F.);
#4433 = EDGE_CURVE('',#4434,#4426,#4436,.T.);
#4434 = VERTEX_POINT('',#4435);
#4435 = CARTESIAN_POINT('',(1.626918834588,-2.31038267619,0.));
#4436 = LINE('',#4437,#4438);
#4437 = CARTESIAN_POINT('',(1.626918834588,-2.31038267619,0.));
#4438 = VECTOR('',#4439,1.);
#4439 = DIRECTION('',(0.,0.,1.));
#4440 = ORIENTED_EDGE('',*,*,#4441,.F.);
#4441 = EDGE_CURVE('',#4402,#4434,#4442,.T.);
#4442 = LINE('',#4443,#4444);
#4443 = CARTESIAN_POINT('',(1.526656988667,-2.168506960781,0.));
#4444 = VECTOR('',#4445,1.);
#4445 = DIRECTION('',(0.57712217064,-0.816657823177,0.));
#4446 = PLANE('',#4447);
#4447 = AXIS2_PLACEMENT_3D('',#4448,#4449,#4450);
#4448 = CARTESIAN_POINT('',(1.526656988667,-2.168506960781,0.));
#4449 = DIRECTION('',(0.816657823177,0.57712217064,-0.));
#4450 = DIRECTION('',(0.57712217064,-0.816657823177,0.));
#4451 = ADVANCED_FACE('',(#4452),#4479,.F.);
#4452 = FACE_BOUND('',#4453,.F.);
#4453 = EDGE_LOOP('',(#4454,#4455,#4464,#4472));
#4454 = ORIENTED_EDGE('',*,*,#4433,.T.);
#4455 = ORIENTED_EDGE('',*,*,#4456,.T.);
#4456 = EDGE_CURVE('',#4426,#4457,#4459,.T.);
#4457 = VERTEX_POINT('',#4458);
#4458 = CARTESIAN_POINT('',(1.745643480498,-2.414891499063,5.));
#4459 = B_SPLINE_CURVE_WITH_KNOTS('',3,(#4460,#4461,#4462,#4463),
  .UNSPECIFIED.,.F.,.F.,(4,4),(0.,1.),.PIECEWISE_BEZIER_KNOTS.);
#4460 = CARTESIAN_POINT('',(1.626918834588,-2.31038267619,5.));
#4461 = CARTESIAN_POINT('',(1.637886266285,-2.323897661983,5.));
#4462 = CARTESIAN_POINT('',(1.672599608256,-2.362952436923,5.));
#4463 = CARTESIAN_POINT('',(1.745643480498,-2.414891499063,5.));
#4464 = ORIENTED_EDGE('',*,*,#4465,.F.);
#4465 = EDGE_CURVE('',#4466,#4457,#4468,.T.);
#4466 = VERTEX_POINT('',#4467);
#4467 = CARTESIAN_POINT('',(1.745643480498,-2.414891499063,0.));
#4468 = LINE('',#4469,#4470);
#4469 = CARTESIAN_POINT('',(1.745643480498,-2.414891499063,0.));
#4470 = VECTOR('',#4471,1.);
#4471 = DIRECTION('',(0.,0.,1.));
#4472 = ORIENTED_EDGE('',*,*,#4473,.F.);
#4473 = EDGE_CURVE('',#4434,#4466,#4474,.T.);
#4474 = B_SPLINE_CURVE_WITH_KNOTS('',3,(#4475,#4476,#4477,#4478),
  .UNSPECIFIED.,.F.,.F.,(4,4),(0.,1.),.PIECEWISE_BEZIER_KNOTS.);
#4475 = CARTESIAN_POINT('',(1.626918834588,-2.31038267619,0.));
#4476 = CARTESIAN_POINT('',(1.637886266285,-2.323897661983,0.));
#4477 = CARTESIAN_POINT('',(1.672599608256,-2.362952436923,0.));
#4478 = CARTESIAN_POINT('',(1.745643480498,-2.414891499063,0.));
#4479 = SURFACE_OF_LINEAR_EXTRUSION('',#4480,#4485);
#4480 = B_SPLINE_CURVE_WITH_KNOTS('',3,(#4481,#4482,#4483,#4484),
  .UNSPECIFIED.,.F.,.F.,(4,4),(0.,1.),.PIECEWISE_BEZIER_KNOTS.);
#4481 = CARTESIAN_POINT('',(1.626918834588,-2.31038267619,0.));
#4482 = CARTESIAN_POINT('',(1.637886266285,-2.323897661983,0.));
#4483 = CARTESIAN_POINT('',(1.672599608256,-2.362952436923,0.));
#4484 = CARTESIAN_POINT('',(1.745643480498,-2.414891499063,0.));
#4485 = VECTOR('',#4486,1.);
#4486 = DIRECTION('',(-0.,-0.,-1.));
#4487 = ADVANCED_FACE('',(#4488),#4515,.F.);
#4488 = FACE_BOUND('',#4489,.F.);
#4489 = EDGE_LOOP('',(#4490,#4491,#4500,#4508));
#4490 = ORIENTED_EDGE('',*,*,#4465,.T.);
#4491 = ORIENTED_EDGE('',*,*,#4492,.T.);
#4492 = EDGE_CURVE('',#4457,#4493,#4495,.T.);
#4493 = VERTEX_POINT('',#4494);
#4494 = CARTESIAN_POINT('',(2.176293568159,-2.612865815982,5.));
#4495 = B_SPLINE_CURVE_WITH_KNOTS('',3,(#4496,#4497,#4498,#4499),
  .UNSPECIFIED.,.F.,.F.,(4,4),(0.,1.),.PIECEWISE_BEZIER_KNOTS.);
#4496 = CARTESIAN_POINT('',(1.745643480498,-2.414891499063,5.));
#4497 = CARTESIAN_POINT('',(1.833158607549,-2.476554971705,5.));
#4498 = CARTESIAN_POINT('',(1.971669237462,-2.552887576922,5.));
#4499 = CARTESIAN_POINT('',(2.176293568159,-2.612865815982,5.));
#4500 = ORIENTED_EDGE('',*,*,#4501,.F.);
#4501 = EDGE_CURVE('',#4502,#4493,#4504,.T.);
#4502 = VERTEX_POINT('',#4503);
#4503 = CARTESIAN_POINT('',(2.176293568159,-2.612865815982,0.));
#4504 = LINE('',#4505,#4506);
#4505 = CARTESIAN_POINT('',(2.176293568159,-2.612865815982,0.));
#4506 = VECTOR('',#4507,1.);
#4507 = DIRECTION('',(0.,0.,1.));
#4508 = ORIENTED_EDGE('',*,*,#4509,.F.);
#4509 = EDGE_CURVE('',#4466,#4502,#4510,.T.);
#4510 = B_SPLINE_CURVE_WITH_KNOTS('',3,(#4511,#4512,#4513,#4514),
  .UNSPECIFIED.,.F.,.F.,(4,4),(0.,1.),.PIECEWISE_BEZIER_KNOTS.);
#4511 = CARTESIAN_POINT('',(1.745643480498,-2.414891499063,0.));
#4512 = CARTESIAN_POINT('',(1.833158607549,-2.476554971705,0.));
#4513 = CARTESIAN_POINT('',(1.971669237462,-2.552887576922,0.));
#4514 = CARTESIAN_POINT('',(2.176293568159,-2.612865815982,0.));
#4515 = SURFACE_OF_LINEAR_EXTRUSION('',#4516,#4521);
#4516 = B_SPLINE_CURVE_WITH_KNOTS('',3,(#4517,#4518,#4519,#4520),
  .UNSPECIFIED.,.F.,.F.,(4,4),(0.,1.),.PIECEWISE_BEZIER_KNOTS.);
#4517 = CARTESIAN_POINT('',(1.745643480498,-2.414891499063,0.));
#4518 = CARTESIAN_POINT('',(1.833158607549,-2.476554971705,0.));
#4519 = CARTESIAN_POINT('',(1.971669237462,-2.552887576922,0.));
#4520 = CARTESIAN_POINT('',(2.176293568159,-2.612865815982,0.));
#4521 = VECTOR('',#4522,1.);
#4522 = DIRECTION('',(-0.,-0.,-1.));
#4523 = ADVANCED_FACE('',(#4524),#4551,.T.);
#4524 = FACE_BOUND('',#4525,.F.);
#4525 = EDGE_LOOP('',(#4526,#4527,#4536,#4544));
#4526 = ORIENTED_EDGE('',*,*,#4501,.T.);
#4527 = ORIENTED_EDGE('',*,*,#4528,.T.);
#4528 = EDGE_CURVE('',#4493,#4529,#4531,.T.);
#4529 = VERTEX_POINT('',#4530);
#4530 = CARTESIAN_POINT('',(2.370883123068,-2.436988554908,5.));
#4531 = CIRCLE('',#4532,3.399999999999);
#4532 = AXIS2_PLACEMENT_3D('',#4533,#4534,#4535);
#4533 = CARTESIAN_POINT('',(-4.53733412643E-03,-4.422491769425E-03,5.));
#4534 = DIRECTION('',(-0.,0.,1.));
#4535 = DIRECTION('',(0.641420853614,-0.767189213004,0.));
#4536 = ORIENTED_EDGE('',*,*,#4537,.F.);
#4537 = EDGE_CURVE('',#4538,#4529,#4540,.T.);
#4538 = VERTEX_POINT('',#4539);
#4539 = CARTESIAN_POINT('',(2.370883123068,-2.436988554908,0.));
#4540 = LINE('',#4541,#4542);
#4541 = CARTESIAN_POINT('',(2.370883123068,-2.436988554908,0.));
#4542 = VECTOR('',#4543,1.);
#4543 = DIRECTION('',(0.,0.,1.));
#4544 = ORIENTED_EDGE('',*,*,#4545,.F.);
#4545 = EDGE_CURVE('',#4502,#4538,#4546,.T.);
#4546 = CIRCLE('',#4547,3.399999999999);
#4547 = AXIS2_PLACEMENT_3D('',#4548,#4549,#4550);
#4548 = CARTESIAN_POINT('',(-4.53733412643E-03,-4.422491769425E-03,0.));
#4549 = DIRECTION('',(-0.,0.,1.));
#4550 = DIRECTION('',(0.641420853614,-0.767189213004,0.));
#4551 = CYLINDRICAL_SURFACE('',#4552,3.399999999999);
#4552 = AXIS2_PLACEMENT_3D('',#4553,#4554,#4555);
#4553 = CARTESIAN_POINT('',(-4.53733412643E-03,-4.422491769425E-03,0.));
#4554 = DIRECTION('',(0.,-0.,-1.));
#4555 = DIRECTION('',(0.641420853614,-0.767189213004,0.));
#4556 = ADVANCED_FACE('',(#4557),#4584,.F.);
#4557 = FACE_BOUND('',#4558,.F.);
#4558 = EDGE_LOOP('',(#4559,#4560,#4569,#4577));
#4559 = ORIENTED_EDGE('',*,*,#4537,.T.);
#4560 = ORIENTED_EDGE('',*,*,#4561,.T.);
#4561 = EDGE_CURVE('',#4529,#4562,#4564,.T.);
#4562 = VERTEX_POINT('',#4563);
#4563 = CARTESIAN_POINT('',(2.219193040328,-1.988505560218,5.));
#4564 = B_SPLINE_CURVE_WITH_KNOTS('',3,(#4565,#4566,#4567,#4568),
  .UNSPECIFIED.,.F.,.F.,(4,4),(0.,1.),.PIECEWISE_BEZIER_KNOTS.);
#4565 = CARTESIAN_POINT('',(2.370883123068,-2.436988554908,5.));
#4566 = CARTESIAN_POINT('',(2.332807036199,-2.227717642391,5.));
#4567 = CARTESIAN_POINT('',(2.27137089227,-2.081986858281,5.));
#4568 = CARTESIAN_POINT('',(2.219193040328,-1.988505560218,5.));
#4569 = ORIENTED_EDGE('',*,*,#4570,.F.);
#4570 = EDGE_CURVE('',#4571,#4562,#4573,.T.);
#4571 = VERTEX_POINT('',#4572);
#4572 = CARTESIAN_POINT('',(2.219193040328,-1.988505560218,0.));
#4573 = LINE('',#4574,#4575);
#4574 = CARTESIAN_POINT('',(2.219193040328,-1.988505560218,0.));
#4575 = VECTOR('',#4576,1.);
#4576 = DIRECTION('',(0.,0.,1.));
#4577 = ORIENTED_EDGE('',*,*,#4578,.F.);
#4578 = EDGE_CURVE('',#4538,#4571,#4579,.T.);
#4579 = B_SPLINE_CURVE_WITH_KNOTS('',3,(#4580,#4581,#4582,#4583),
  .UNSPECIFIED.,.F.,.F.,(4,4),(0.,1.),.PIECEWISE_BEZIER_KNOTS.);
#4580 = CARTESIAN_POINT('',(2.370883123068,-2.436988554908,0.));
#4581 = CARTESIAN_POINT('',(2.332807036199,-2.227717642391,0.));
#4582 = CARTESIAN_POINT('',(2.27137089227,-2.081986858281,0.));
#4583 = CARTESIAN_POINT('',(2.219193040328,-1.988505560218,0.));
#4584 = SURFACE_OF_LINEAR_EXTRUSION('',#4585,#4590);
#4585 = B_SPLINE_CURVE_WITH_KNOTS('',3,(#4586,#4587,#4588,#4589),
  .UNSPECIFIED.,.F.,.F.,(4,4),(0.,1.),.PIECEWISE_BEZIER_KNOTS.);
#4586 = CARTESIAN_POINT('',(2.370883123068,-2.436988554908,0.));
#4587 = CARTESIAN_POINT('',(2.332807036199,-2.227717642391,0.));
#4588 = CARTESIAN_POINT('',(2.27137089227,-2.081986858281,0.));
#4589 = CARTESIAN_POINT('',(2.219193040328,-1.988505560218,0.));
#4590 = VECTOR('',#4591,1.);
#4591 = DIRECTION('',(-0.,-0.,-1.));
#4592 = ADVANCED_FACE('',(#4593),#4620,.F.);
#4593 = FACE_BOUND('',#4594,.F.);
#4594 = EDGE_LOOP('',(#4595,#4596,#4605,#4613));
#4595 = ORIENTED_EDGE('',*,*,#4570,.T.);
#4596 = ORIENTED_EDGE('',*,*,#4597,.T.);
#4597 = EDGE_CURVE('',#4562,#4598,#4600,.T.);
#4598 = VERTEX_POINT('',#4599);
#4599 = CARTESIAN_POINT('',(2.12766683251,-1.859507153688,5.));
#4600 = B_SPLINE_CURVE_WITH_KNOTS('',3,(#4601,#4602,#4603,#4604),
  .UNSPECIFIED.,.F.,.F.,(4,4),(0.,1.),.PIECEWISE_BEZIER_KNOTS.);
#4601 = CARTESIAN_POINT('',(2.219193040328,-1.988505560218,5.));
#4602 = CARTESIAN_POINT('',(2.175173669521,-1.910432719601,5.));
#4603 = CARTESIAN_POINT('',(2.139961373016,-1.871827205342,5.));
#4604 = CARTESIAN_POINT('',(2.12766683251,-1.859507153688,5.));
#4605 = ORIENTED_EDGE('',*,*,#4606,.F.);
#4606 = EDGE_CURVE('',#4607,#4598,#4609,.T.);
#4607 = VERTEX_POINT('',#4608);
#4608 = CARTESIAN_POINT('',(2.12766683251,-1.859507153688,0.));
#4609 = LINE('',#4610,#4611);
#4610 = CARTESIAN_POINT('',(2.12766683251,-1.859507153688,0.));
#4611 = VECTOR('',#4612,1.);
#4612 = DIRECTION('',(0.,0.,1.));
#4613 = ORIENTED_EDGE('',*,*,#4614,.F.);
#4614 = EDGE_CURVE('',#4571,#4607,#4615,.T.);
#4615 = B_SPLINE_CURVE_WITH_KNOTS('',3,(#4616,#4617,#4618,#4619),
  .UNSPECIFIED.,.F.,.F.,(4,4),(0.,1.),.PIECEWISE_BEZIER_KNOTS.);
#4616 = CARTESIAN_POINT('',(2.219193040328,-1.988505560218,0.));
#4617 = CARTESIAN_POINT('',(2.175173669521,-1.910432719601,0.));
#4618 = CARTESIAN_POINT('',(2.139961373016,-1.871827205342,0.));
#4619 = CARTESIAN_POINT('',(2.12766683251,-1.859507153688,0.));
#4620 = SURFACE_OF_LINEAR_EXTRUSION('',#4621,#4626);
#4621 = B_SPLINE_CURVE_WITH_KNOTS('',3,(#4622,#4623,#4624,#4625),
  .UNSPECIFIED.,.F.,.F.,(4,4),(0.,1.),.PIECEWISE_BEZIER_KNOTS.);
#4622 = CARTESIAN_POINT('',(2.219193040328,-1.988505560218,0.));
#4623 = CARTESIAN_POINT('',(2.175173669521,-1.910432719601,0.));
#4624 = CARTESIAN_POINT('',(2.139961373016,-1.871827205342,0.));
#4625 = CARTESIAN_POINT('',(2.12766683251,-1.859507153688,0.));
#4626 = VECTOR('',#4627,1.);
#4627 = DIRECTION('',(-0.,-0.,-1.));
#4628 = ADVANCED_FACE('',(#4629),#4654,.F.);
#4629 = FACE_BOUND('',#4630,.F.);
#4630 = EDGE_LOOP('',(#4631,#4632,#4640,#4648));
#4631 = ORIENTED_EDGE('',*,*,#4606,.T.);
#4632 = ORIENTED_EDGE('',*,*,#4633,.T.);
#4633 = EDGE_CURVE('',#4598,#4634,#4636,.T.);
#4634 = VERTEX_POINT('',#4635);
#4635 = CARTESIAN_POINT('',(1.997048543793,-1.744964502142,5.));
#4636 = LINE('',#4637,#4638);
#4637 = CARTESIAN_POINT('',(2.12766683251,-1.859507153688,5.));
#4638 = VECTOR('',#4639,1.);
#4639 = DIRECTION('',(-0.751858392558,0.659324622276,0.));
#4640 = ORIENTED_EDGE('',*,*,#4641,.F.);
#4641 = EDGE_CURVE('',#4642,#4634,#4644,.T.);
#4642 = VERTEX_POINT('',#4643);
#4643 = CARTESIAN_POINT('',(1.997048543793,-1.744964502142,0.));
#4644 = LINE('',#4645,#4646);
#4645 = CARTESIAN_POINT('',(1.997048543793,-1.744964502142,0.));
#4646 = VECTOR('',#4647,1.);
#4647 = DIRECTION('',(0.,0.,1.));
#4648 = ORIENTED_EDGE('',*,*,#4649,.F.);
#4649 = EDGE_CURVE('',#4607,#4642,#4650,.T.);
#4650 = LINE('',#4651,#4652);
#4651 = CARTESIAN_POINT('',(2.12766683251,-1.859507153688,0.));
#4652 = VECTOR('',#4653,1.);
#4653 = DIRECTION('',(-0.751858392558,0.659324622276,0.));
#4654 = PLANE('',#4655);
#4655 = AXIS2_PLACEMENT_3D('',#4656,#4657,#4658);
#4656 = CARTESIAN_POINT('',(2.12766683251,-1.859507153688,0.));
#4657 = DIRECTION('',(-0.659324622276,-0.751858392558,0.));
#4658 = DIRECTION('',(-0.751858392558,0.659324622276,0.));
#4659 = ADVANCED_FACE('',(#4660),#4687,.F.);
#4660 = FACE_BOUND('',#4661,.F.);
#4661 = EDGE_LOOP('',(#4662,#4663,#4672,#4680));
#4662 = ORIENTED_EDGE('',*,*,#4641,.T.);
#4663 = ORIENTED_EDGE('',*,*,#4664,.T.);
#4664 = EDGE_CURVE('',#4634,#4665,#4667,.T.);
#4665 = VERTEX_POINT('',#4666);
#4666 = CARTESIAN_POINT('',(1.973628953586,-1.534532095972,5.));
#4667 = CIRCLE('',#4668,0.152);
#4668 = AXIS2_PLACEMENT_3D('',#4669,#4670,#4671);
#4669 = CARTESIAN_POINT('',(2.093740243594,-1.627684004233,5.));
#4670 = DIRECTION('',(0.,0.,-1.));
#4671 = DIRECTION('',(-0.636129603951,-0.771582223083,-0.));
#4672 = ORIENTED_EDGE('',*,*,#4673,.F.);
#4673 = EDGE_CURVE('',#4674,#4665,#4676,.T.);
#4674 = VERTEX_POINT('',#4675);
#4675 = CARTESIAN_POINT('',(1.973628953586,-1.534532095972,0.));
#4676 = LINE('',#4677,#4678);
#4677 = CARTESIAN_POINT('',(1.973628953586,-1.534532095972,0.));
#4678 = VECTOR('',#4679,1.);
#4679 = DIRECTION('',(0.,0.,1.));
#4680 = ORIENTED_EDGE('',*,*,#4681,.F.);
#4681 = EDGE_CURVE('',#4642,#4674,#4682,.T.);
#4682 = CIRCLE('',#4683,0.152);
#4683 = AXIS2_PLACEMENT_3D('',#4684,#4685,#4686);
#4684 = CARTESIAN_POINT('',(2.093740243594,-1.627684004233,0.));
#4685 = DIRECTION('',(0.,0.,-1.));
#4686 = DIRECTION('',(-0.636129603951,-0.771582223083,-0.));
#4687 = CYLINDRICAL_SURFACE('',#4688,0.152);
#4688 = AXIS2_PLACEMENT_3D('',#4689,#4690,#4691);
#4689 = CARTESIAN_POINT('',(2.093740243594,-1.627684004233,0.));
#4690 = DIRECTION('',(0.,0.,-1.));
#4691 = DIRECTION('',(-0.636129603951,-0.771582223083,-0.));
#4692 = ADVANCED_FACE('',(#4693),#4720,.T.);
#4693 = FACE_BOUND('',#4694,.F.);
#4694 = EDGE_LOOP('',(#4695,#4696,#4705,#4713));
#4695 = ORIENTED_EDGE('',*,*,#4673,.T.);
#4696 = ORIENTED_EDGE('',*,*,#4697,.T.);
#4697 = EDGE_CURVE('',#4665,#4698,#4700,.T.);
#4698 = VERTEX_POINT('',#4699);
#4699 = CARTESIAN_POINT('',(2.069311636587,-1.402836180987,5.));
#4700 = CIRCLE('',#4701,2.499999999999);
#4701 = AXIS2_PLACEMENT_3D('',#4702,#4703,#4704);
#4702 = CARTESIAN_POINT('',(6.094014182167E-13,-4.418687638008E-13,5.));
#4703 = DIRECTION('',(-0.,0.,1.));
#4704 = DIRECTION('',(0.789451581434,-0.613812838389,0.));
#4705 = ORIENTED_EDGE('',*,*,#4706,.F.);
#4706 = EDGE_CURVE('',#4707,#4698,#4709,.T.);
#4707 = VERTEX_POINT('',#4708);
#4708 = CARTESIAN_POINT('',(2.069311636587,-1.402836180987,0.));
#4709 = LINE('',#4710,#4711);
#4710 = CARTESIAN_POINT('',(2.069311636587,-1.402836180987,0.));
#4711 = VECTOR('',#4712,1.);
#4712 = DIRECTION('',(0.,0.,1.));
#4713 = ORIENTED_EDGE('',*,*,#4714,.F.);
#4714 = EDGE_CURVE('',#4674,#4707,#4715,.T.);
#4715 = CIRCLE('',#4716,2.499999999999);
#4716 = AXIS2_PLACEMENT_3D('',#4717,#4718,#4719);
#4717 = CARTESIAN_POINT('',(6.094014182167E-13,-4.418687638008E-13,0.));
#4718 = DIRECTION('',(-0.,0.,1.));
#4719 = DIRECTION('',(0.789451581434,-0.613812838389,0.));
#4720 = CYLINDRICAL_SURFACE('',#4721,2.499999999999);
#4721 = AXIS2_PLACEMENT_3D('',#4722,#4723,#4724);
#4722 = CARTESIAN_POINT('',(6.094014182167E-13,-4.418687638008E-13,0.));
#4723 = DIRECTION('',(0.,-0.,-1.));
#4724 = DIRECTION('',(0.789451581434,-0.613812838389,0.));
#4725 = ADVANCED_FACE('',(#4726),#4753,.F.);
#4726 = FACE_BOUND('',#4727,.F.);
#4727 = EDGE_LOOP('',(#4728,#4729,#4738,#4746));
#4728 = ORIENTED_EDGE('',*,*,#4706,.T.);
#4729 = ORIENTED_EDGE('',*,*,#4730,.T.);
#4730 = EDGE_CURVE('',#4698,#4731,#4733,.T.);
#4731 = VERTEX_POINT('',#4732);
#4732 = CARTESIAN_POINT('',(2.276681799089,-1.360082345189,5.));
#4733 = CIRCLE('',#4734,0.152);
#4734 = AXIS2_PLACEMENT_3D('',#4735,#4736,#4737);
#4735 = CARTESIAN_POINT('',(2.195020795772,-1.488283283319,5.));
#4736 = DIRECTION('',(0.,0.,-1.));
#4737 = DIRECTION('',(-0.82703394201,0.562151989023,0.));
#4738 = ORIENTED_EDGE('',*,*,#4739,.F.);
#4739 = EDGE_CURVE('',#4740,#4731,#4742,.T.);
#4740 = VERTEX_POINT('',#4741);
#4741 = CARTESIAN_POINT('',(2.276681799089,-1.360082345189,0.));
#4742 = LINE('',#4743,#4744);
#4743 = CARTESIAN_POINT('',(2.276681799089,-1.360082345189,0.));
#4744 = VECTOR('',#4745,1.);
#4745 = DIRECTION('',(0.,0.,1.));
#4746 = ORIENTED_EDGE('',*,*,#4747,.F.);
#4747 = EDGE_CURVE('',#4707,#4740,#4748,.T.);
#4748 = CIRCLE('',#4749,0.152);
#4749 = AXIS2_PLACEMENT_3D('',#4750,#4751,#4752);
#4750 = CARTESIAN_POINT('',(2.195020795772,-1.488283283319,0.));
#4751 = DIRECTION('',(0.,0.,-1.));
#4752 = DIRECTION('',(-0.82703394201,0.562151989023,0.));
#4753 = CYLINDRICAL_SURFACE('',#4754,0.152);
#4754 = AXIS2_PLACEMENT_3D('',#4755,#4756,#4757);
#4755 = CARTESIAN_POINT('',(2.195020795772,-1.488283283319,0.));
#4756 = DIRECTION('',(0.,0.,-1.));
#4757 = DIRECTION('',(-0.82703394201,0.562151989023,0.));
#4758 = ADVANCED_FACE('',(#4759),#4784,.F.);
#4759 = FACE_BOUND('',#4760,.F.);
#4760 = EDGE_LOOP('',(#4761,#4762,#4770,#4778));
#4761 = ORIENTED_EDGE('',*,*,#4739,.T.);
#4762 = ORIENTED_EDGE('',*,*,#4763,.T.);
#4763 = EDGE_CURVE('',#4731,#4764,#4766,.T.);
#4764 = VERTEX_POINT('',#4765);
#4765 = CARTESIAN_POINT('',(2.425981605226,-1.448912093913,5.));
#4766 = LINE('',#4767,#4768);
#4767 = CARTESIAN_POINT('',(2.276681799089,-1.360082345189,5.));
#4768 = VECTOR('',#4769,1.);
#4769 = DIRECTION('',(0.859391999034,-0.51131731048,0.));
#4770 = ORIENTED_EDGE('',*,*,#4771,.F.);
#4771 = EDGE_CURVE('',#4772,#4764,#4774,.T.);
#4772 = VERTEX_POINT('',#4773);
#4773 = CARTESIAN_POINT('',(2.425981605226,-1.448912093913,0.));
#4774 = LINE('',#4775,#4776);
#4775 = CARTESIAN_POINT('',(2.425981605226,-1.448912093913,0.));
#4776 = VECTOR('',#4777,1.);
#4777 = DIRECTION('',(0.,0.,1.));
#4778 = ORIENTED_EDGE('',*,*,#4779,.F.);
#4779 = EDGE_CURVE('',#4740,#4772,#4780,.T.);
#4780 = LINE('',#4781,#4782);
#4781 = CARTESIAN_POINT('',(2.276681799089,-1.360082345189,0.));
#4782 = VECTOR('',#4783,1.);
#4783 = DIRECTION('',(0.859391999034,-0.51131731048,0.));
#4784 = PLANE('',#4785);
#4785 = AXIS2_PLACEMENT_3D('',#4786,#4787,#4788);
#4786 = CARTESIAN_POINT('',(2.276681799089,-1.360082345189,0.));
#4787 = DIRECTION('',(0.51131731048,0.859391999034,-0.));
#4788 = DIRECTION('',(0.859391999034,-0.51131731048,0.));
#4789 = ADVANCED_FACE('',(#4790),#4817,.F.);
#4790 = FACE_BOUND('',#4791,.F.);
#4791 = EDGE_LOOP('',(#4792,#4793,#4802,#4810));
#4792 = ORIENTED_EDGE('',*,*,#4771,.T.);
#4793 = ORIENTED_EDGE('',*,*,#4794,.T.);
#4794 = EDGE_CURVE('',#4764,#4795,#4797,.T.);
#4795 = VERTEX_POINT('',#4796);
#4796 = CARTESIAN_POINT('',(2.576949533994,-1.496095990404,5.));
#4797 = B_SPLINE_CURVE_WITH_KNOTS('',3,(#4798,#4799,#4800,#4801),
  .UNSPECIFIED.,.F.,.F.,(4,4),(0.,1.),.PIECEWISE_BEZIER_KNOTS.);
#4798 = CARTESIAN_POINT('',(2.425981605226,-1.448912093913,5.));
#4799 = CARTESIAN_POINT('',(2.441497892587,-1.456797791442,5.));
#4800 = CARTESIAN_POINT('',(2.489095116519,-1.478356915505,5.));
#4801 = CARTESIAN_POINT('',(2.576949533994,-1.496095990404,5.));
#4802 = ORIENTED_EDGE('',*,*,#4803,.F.);
#4803 = EDGE_CURVE('',#4804,#4795,#4806,.T.);
#4804 = VERTEX_POINT('',#4805);
#4805 = CARTESIAN_POINT('',(2.576949533994,-1.496095990404,0.));
#4806 = LINE('',#4807,#4808);
#4807 = CARTESIAN_POINT('',(2.576949533994,-1.496095990404,0.));
#4808 = VECTOR('',#4809,1.);
#4809 = DIRECTION('',(0.,0.,1.));
#4810 = ORIENTED_EDGE('',*,*,#4811,.F.);
#4811 = EDGE_CURVE('',#4772,#4804,#4812,.T.);
#4812 = B_SPLINE_CURVE_WITH_KNOTS('',3,(#4813,#4814,#4815,#4816),
  .UNSPECIFIED.,.F.,.F.,(4,4),(0.,1.),.PIECEWISE_BEZIER_KNOTS.);
#4813 = CARTESIAN_POINT('',(2.425981605226,-1.448912093913,0.));
#4814 = CARTESIAN_POINT('',(2.441497892587,-1.456797791442,0.));
#4815 = CARTESIAN_POINT('',(2.489095116519,-1.478356915505,0.));
#4816 = CARTESIAN_POINT('',(2.576949533994,-1.496095990404,0.));
#4817 = SURFACE_OF_LINEAR_EXTRUSION('',#4818,#4823);
#4818 = B_SPLINE_CURVE_WITH_KNOTS('',3,(#4819,#4820,#4821,#4822),
  .UNSPECIFIED.,.F.,.F.,(4,4),(0.,1.),.PIECEWISE_BEZIER_KNOTS.);
#4819 = CARTESIAN_POINT('',(2.425981605226,-1.448912093913,0.));
#4820 = CARTESIAN_POINT('',(2.441497892587,-1.456797791442,0.));
#4821 = CARTESIAN_POINT('',(2.489095116519,-1.478356915505,0.));
#4822 = CARTESIAN_POINT('',(2.576949533994,-1.496095990404,0.));
#4823 = VECTOR('',#4824,1.);
#4824 = DIRECTION('',(-0.,-0.,-1.));
#4825 = ADVANCED_FACE('',(#4826),#4853,.F.);
#4826 = FACE_BOUND('',#4827,.F.);
#4827 = EDGE_LOOP('',(#4828,#4829,#4838,#4846));
#4828 = ORIENTED_EDGE('',*,*,#4803,.T.);
#4829 = ORIENTED_EDGE('',*,*,#4830,.T.);
#4830 = EDGE_CURVE('',#4795,#4831,#4833,.T.);
#4831 = VERTEX_POINT('',#4832);
#4832 = CARTESIAN_POINT('',(3.050891374488,-1.501793357359,5.));
#4833 = B_SPLINE_CURVE_WITH_KNOTS('',3,(#4834,#4835,#4836,#4837),
  .UNSPECIFIED.,.F.,.F.,(4,4),(0.,1.),.PIECEWISE_BEZIER_KNOTS.);
#4834 = CARTESIAN_POINT('',(2.576949533994,-1.496095990404,5.));
#4835 = CARTESIAN_POINT('',(2.681979374649,-1.516832766743,5.));
#4836 = CARTESIAN_POINT('',(2.839562399044,-1.530228722868,5.));
#4837 = CARTESIAN_POINT('',(3.050891374488,-1.501793357359,5.));
#4838 = ORIENTED_EDGE('',*,*,#4839,.F.);
#4839 = EDGE_CURVE('',#4840,#4831,#4842,.T.);
#4840 = VERTEX_POINT('',#4841);
#4841 = CARTESIAN_POINT('',(3.050891374488,-1.501793357359,0.));
#4842 = LINE('',#4843,#4844);
#4843 = CARTESIAN_POINT('',(3.050891374488,-1.501793357359,0.));
#4844 = VECTOR('',#4845,1.);
#4845 = DIRECTION('',(0.,0.,1.));
#4846 = ORIENTED_EDGE('',*,*,#4847,.F.);
#4847 = EDGE_CURVE('',#4804,#4840,#4848,.T.);
#4848 = B_SPLINE_CURVE_WITH_KNOTS('',3,(#4849,#4850,#4851,#4852),
  .UNSPECIFIED.,.F.,.F.,(4,4),(0.,1.),.PIECEWISE_BEZIER_KNOTS.);
#4849 = CARTESIAN_POINT('',(2.576949533994,-1.496095990404,0.));
#4850 = CARTESIAN_POINT('',(2.681979374649,-1.516832766743,0.));
#4851 = CARTESIAN_POINT('',(2.839562399044,-1.530228722868,0.));
#4852 = CARTESIAN_POINT('',(3.050891374488,-1.501793357359,0.));
#4853 = SURFACE_OF_LINEAR_EXTRUSION('',#4854,#4859);
#4854 = B_SPLINE_CURVE_WITH_KNOTS('',3,(#4855,#4856,#4857,#4858),
  .UNSPECIFIED.,.F.,.F.,(4,4),(0.,1.),.PIECEWISE_BEZIER_KNOTS.);
#4855 = CARTESIAN_POINT('',(2.576949533994,-1.496095990404,0.));
#4856 = CARTESIAN_POINT('',(2.681979374649,-1.516832766743,0.));
#4857 = CARTESIAN_POINT('',(2.839562399044,-1.530228722868,0.));
#4858 = CARTESIAN_POINT('',(3.050891374488,-1.501793357359,0.));
#4859 = VECTOR('',#4860,1.);
#4860 = DIRECTION('',(-0.,-0.,-1.));
#4861 = ADVANCED_FACE('',(#4862),#4889,.T.);
#4862 = FACE_BOUND('',#4863,.F.);
#4863 = EDGE_LOOP('',(#4864,#4865,#4874,#4882));
#4864 = ORIENTED_EDGE('',*,*,#4839,.T.);
#4865 = ORIENTED_EDGE('',*,*,#4866,.T.);
#4866 = EDGE_CURVE('',#4831,#4867,#4869,.T.);
#4867 = VERTEX_POINT('',#4868);
#4868 = CARTESIAN_POINT('',(3.157122051718,-1.261974782061,5.));
#4869 = CIRCLE('',#4870,3.4);
#4870 = AXIS2_PLACEMENT_3D('',#4871,#4872,#4873);
#4871 = CARTESIAN_POINT('',(-2.346271526056E-03,-5.88564731792E-03,5.));
#4872 = DIRECTION('',(-0.,0.,1.));
#4873 = DIRECTION('',(0.898011072357,-0.439972855894,0.));
#4874 = ORIENTED_EDGE('',*,*,#4875,.F.);
#4875 = EDGE_CURVE('',#4876,#4867,#4878,.T.);
#4876 = VERTEX_POINT('',#4877);
#4877 = CARTESIAN_POINT('',(3.157122051718,-1.261974782061,0.));
#4878 = LINE('',#4879,#4880);
#4879 = CARTESIAN_POINT('',(3.157122051718,-1.261974782061,0.));
#4880 = VECTOR('',#4881,1.);
#4881 = DIRECTION('',(0.,0.,1.));
#4882 = ORIENTED_EDGE('',*,*,#4883,.F.);
#4883 = EDGE_CURVE('',#4840,#4876,#4884,.T.);
#4884 = CIRCLE('',#4885,3.4);
#4885 = AXIS2_PLACEMENT_3D('',#4886,#4887,#4888);
#4886 = CARTESIAN_POINT('',(-2.346271526056E-03,-5.88564731792E-03,0.));
#4887 = DIRECTION('',(-0.,0.,1.));
#4888 = DIRECTION('',(0.898011072357,-0.439972855894,0.));
#4889 = CYLINDRICAL_SURFACE('',#4890,3.4);
#4890 = AXIS2_PLACEMENT_3D('',#4891,#4892,#4893);
#4891 = CARTESIAN_POINT('',(-2.346271526056E-03,-5.88564731792E-03,0.));
#4892 = DIRECTION('',(0.,-0.,-1.));
#4893 = DIRECTION('',(0.898011072357,-0.439972855894,0.));
#4894 = ADVANCED_FACE('',(#4895),#4922,.F.);
#4895 = FACE_BOUND('',#4896,.F.);
#4896 = EDGE_LOOP('',(#4897,#4898,#4907,#4915));
#4897 = ORIENTED_EDGE('',*,*,#4875,.T.);
#4898 = ORIENTED_EDGE('',*,*,#4899,.T.);
#4899 = EDGE_CURVE('',#4867,#4900,#4902,.T.);
#4900 = VERTEX_POINT('',#4901);
#4901 = CARTESIAN_POINT('',(2.836131797924,-0.913963094474,5.));
#4902 = B_SPLINE_CURVE_WITH_KNOTS('',3,(#4903,#4904,#4905,#4906),
  .UNSPECIFIED.,.F.,.F.,(4,4),(0.,1.),.PIECEWISE_BEZIER_KNOTS.);
#4903 = CARTESIAN_POINT('',(3.157122051718,-1.261974782061,5.));
#4904 = CARTESIAN_POINT('',(3.037219667063,-1.086283230269,5.));
#4905 = CARTESIAN_POINT('',(2.92182090692,-0.978139865352,5.));
#4906 = CARTESIAN_POINT('',(2.836131797924,-0.913963094474,5.));
#4907 = ORIENTED_EDGE('',*,*,#4908,.F.);
#4908 = EDGE_CURVE('',#4909,#4900,#4911,.T.);
#4909 = VERTEX_POINT('',#4910);
#4910 = CARTESIAN_POINT('',(2.836131797924,-0.913963094474,0.));
#4911 = LINE('',#4912,#4913);
#4912 = CARTESIAN_POINT('',(2.836131797924,-0.913963094474,0.));
#4913 = VECTOR('',#4914,1.);
#4914 = DIRECTION('',(0.,0.,1.));
#4915 = ORIENTED_EDGE('',*,*,#4916,.F.);
#4916 = EDGE_CURVE('',#4876,#4909,#4917,.T.);
#4917 = B_SPLINE_CURVE_WITH_KNOTS('',3,(#4918,#4919,#4920,#4921),
  .UNSPECIFIED.,.F.,.F.,(4,4),(0.,1.),.PIECEWISE_BEZIER_KNOTS.);
#4918 = CARTESIAN_POINT('',(3.157122051718,-1.261974782061,0.));
#4919 = CARTESIAN_POINT('',(3.037219667063,-1.086283230269,0.));
#4920 = CARTESIAN_POINT('',(2.92182090692,-0.978139865352,0.));
#4921 = CARTESIAN_POINT('',(2.836131797924,-0.913963094474,0.));
#4922 = SURFACE_OF_LINEAR_EXTRUSION('',#4923,#4928);
#4923 = B_SPLINE_CURVE_WITH_KNOTS('',3,(#4924,#4925,#4926,#4927),
  .UNSPECIFIED.,.F.,.F.,(4,4),(0.,1.),.PIECEWISE_BEZIER_KNOTS.);
#4924 = CARTESIAN_POINT('',(3.157122051718,-1.261974782061,0.));
#4925 = CARTESIAN_POINT('',(3.037219667063,-1.086283230269,0.));
#4926 = CARTESIAN_POINT('',(2.92182090692,-0.978139865352,0.));
#4927 = CARTESIAN_POINT('',(2.836131797924,-0.913963094474,0.));
#4928 = VECTOR('',#4929,1.);
#4929 = DIRECTION('',(-0.,-0.,-1.));
#4930 = ADVANCED_FACE('',(#4931),#4958,.F.);
#4931 = FACE_BOUND('',#4932,.F.);
#4932 = EDGE_LOOP('',(#4933,#4934,#4943,#4951));
#4933 = ORIENTED_EDGE('',*,*,#4908,.T.);
#4934 = ORIENTED_EDGE('',*,*,#4935,.T.);
#4935 = EDGE_CURVE('',#4900,#4936,#4938,.T.);
#4936 = VERTEX_POINT('',#4937);
#4937 = CARTESIAN_POINT('',(2.700050067683,-0.833344248666,5.));
#4938 = B_SPLINE_CURVE_WITH_KNOTS('',3,(#4939,#4940,#4941,#4942),
  .UNSPECIFIED.,.F.,.F.,(4,4),(0.,1.),.PIECEWISE_BEZIER_KNOTS.);
#4939 = CARTESIAN_POINT('',(2.836131797924,-0.913963094474,5.));
#4940 = CARTESIAN_POINT('',(2.764163016567,-0.860544296675,5.));
#4941 = CARTESIAN_POINT('',(2.716292705768,-0.83959853576,5.));
#4942 = CARTESIAN_POINT('',(2.700050067683,-0.833344248666,5.));
#4943 = ORIENTED_EDGE('',*,*,#4944,.F.);
#4944 = EDGE_CURVE('',#4945,#4936,#4947,.T.);
#4945 = VERTEX_POINT('',#4946);
#4946 = CARTESIAN_POINT('',(2.700050067683,-0.833344248666,0.));
#4947 = LINE('',#4948,#4949);
#4948 = CARTESIAN_POINT('',(2.700050067683,-0.833344248666,0.));
#4949 = VECTOR('',#4950,1.);
#4950 = DIRECTION('',(0.,0.,1.));
#4951 = ORIENTED_EDGE('',*,*,#4952,.F.);
#4952 = EDGE_CURVE('',#4909,#4945,#4953,.T.);
#4953 = B_SPLINE_CURVE_WITH_KNOTS('',3,(#4954,#4955,#4956,#4957),
  .UNSPECIFIED.,.F.,.F.,(4,4),(0.,1.),.PIECEWISE_BEZIER_KNOTS.);
#4954 = CARTESIAN_POINT('',(2.836131797924,-0.913963094474,0.));
#4955 = CARTESIAN_POINT('',(2.764163016567,-0.860544296675,0.));
#4956 = CARTESIAN_POINT('',(2.716292705768,-0.83959853576,0.));
#4957 = CARTESIAN_POINT('',(2.700050067683,-0.833344248666,0.));
#4958 = SURFACE_OF_LINEAR_EXTRUSION('',#4959,#4964);
#4959 = B_SPLINE_CURVE_WITH_KNOTS('',3,(#4960,#4961,#4962,#4963),
  .UNSPECIFIED.,.F.,.F.,(4,4),(0.,1.),.PIECEWISE_BEZIER_KNOTS.);
#4960 = CARTESIAN_POINT('',(2.836131797924,-0.913963094474,0.));
#4961 = CARTESIAN_POINT('',(2.764163016567,-0.860544296675,0.));
#4962 = CARTESIAN_POINT('',(2.716292705768,-0.83959853576,0.));
#4963 = CARTESIAN_POINT('',(2.700050067683,-0.833344248666,0.));
#4964 = VECTOR('',#4965,1.);
#4965 = DIRECTION('',(-0.,-0.,-1.));
#4966 = ADVANCED_FACE('',(#4967),#4992,.F.);
#4967 = FACE_BOUND('',#4968,.F.);
#4968 = EDGE_LOOP('',(#4969,#4970,#4978,#4986));
#4969 = ORIENTED_EDGE('',*,*,#4944,.T.);
#4970 = ORIENTED_EDGE('',*,*,#4971,.T.);
#4971 = EDGE_CURVE('',#4936,#4972,#4974,.T.);
#4972 = VERTEX_POINT('',#4973);
#4973 = CARTESIAN_POINT('',(2.534135629761,-0.781831573917,5.));
#4974 = LINE('',#4975,#4976);
#4975 = CARTESIAN_POINT('',(2.700050067683,-0.833344248666,5.));
#4976 = VECTOR('',#4977,1.);
#4977 = DIRECTION('',(-0.955028302874,0.296514655135,0.));
#4978 = ORIENTED_EDGE('',*,*,#4979,.F.);
#4979 = EDGE_CURVE('',#4980,#4972,#4982,.T.);
#4980 = VERTEX_POINT('',#4981);
#4981 = CARTESIAN_POINT('',(2.534135629761,-0.781831573917,0.));
#4982 = LINE('',#4983,#4984);
#4983 = CARTESIAN_POINT('',(2.534135629761,-0.781831573917,0.));
#4984 = VECTOR('',#4985,1.);
#4985 = DIRECTION('',(0.,0.,1.));
#4986 = ORIENTED_EDGE('',*,*,#4987,.F.);
#4987 = EDGE_CURVE('',#4945,#4980,#4988,.T.);
#4988 = LINE('',#4989,#4990);
#4989 = CARTESIAN_POINT('',(2.700050067683,-0.833344248666,0.));
#4990 = VECTOR('',#4991,1.);
#4991 = DIRECTION('',(-0.955028302874,0.296514655135,0.));
#4992 = PLANE('',#4993);
#4993 = AXIS2_PLACEMENT_3D('',#4994,#4995,#4996);
#4994 = CARTESIAN_POINT('',(2.700050067683,-0.833344248666,0.));
#4995 = DIRECTION('',(-0.296514655135,-0.955028302874,0.));
#4996 = DIRECTION('',(-0.955028302874,0.296514655135,0.));
#4997 = ADVANCED_FACE('',(#4998),#5025,.F.);
#4998 = FACE_BOUND('',#4999,.F.);
#4999 = EDGE_LOOP('',(#5000,#5001,#5010,#5018));
#5000 = ORIENTED_EDGE('',*,*,#4979,.T.);
#5001 = ORIENTED_EDGE('',*,*,#5002,.T.);
#5002 = EDGE_CURVE('',#4972,#5003,#5005,.T.);
#5003 = VERTEX_POINT('',#5004);
#5004 = CARTESIAN_POINT('',(2.427150199028,-0.599117610623,5.));
#5005 = CIRCLE('',#5006,0.152);
#5006 = AXIS2_PLACEMENT_3D('',#5007,#5008,#5009);
#5007 = CARTESIAN_POINT('',(2.574765616888,-0.635362450393,5.));
#5008 = DIRECTION('',(0.,0.,-1.));
#5009 = DIRECTION('',(-0.267302546887,-0.963612654767,-0.));
#5010 = ORIENTED_EDGE('',*,*,#5011,.F.);
#5011 = EDGE_CURVE('',#5012,#5003,#5014,.T.);
#5012 = VERTEX_POINT('',#5013);
#5013 = CARTESIAN_POINT('',(2.427150199028,-0.599117610623,0.));
#5014 = LINE('',#5015,#5016);
#5015 = CARTESIAN_POINT('',(2.427150199028,-0.599117610623,0.));
#5016 = VECTOR('',#5017,1.);
#5017 = DIRECTION('',(0.,0.,1.));
#5018 = ORIENTED_EDGE('',*,*,#5019,.F.);
#5019 = EDGE_CURVE('',#4980,#5012,#5020,.T.);
#5020 = CIRCLE('',#5021,0.152);
#5021 = AXIS2_PLACEMENT_3D('',#5022,#5023,#5024);
#5022 = CARTESIAN_POINT('',(2.574765616888,-0.635362450393,0.));
#5023 = DIRECTION('',(0.,0.,-1.));
#5024 = DIRECTION('',(-0.267302546887,-0.963612654767,-0.));
#5025 = CYLINDRICAL_SURFACE('',#5026,0.152);
#5026 = AXIS2_PLACEMENT_3D('',#5027,#5028,#5029);
#5027 = CARTESIAN_POINT('',(2.574765616888,-0.635362450393,0.));
#5028 = DIRECTION('',(0.,0.,-1.));
#5029 = DIRECTION('',(-0.267302546887,-0.963612654767,-0.));
#5030 = ADVANCED_FACE('',(#5031),#5058,.T.);
#5031 = FACE_BOUND('',#5032,.F.);
#5032 = EDGE_LOOP('',(#5033,#5034,#5043,#5051));
#5033 = ORIENTED_EDGE('',*,*,#5011,.T.);
#5034 = ORIENTED_EDGE('',*,*,#5035,.T.);
#5035 = EDGE_CURVE('',#5003,#5036,#5038,.T.);
#5036 = VERTEX_POINT('',#5037);
#5037 = CARTESIAN_POINT('',(2.460995125091,-0.439889752415,5.));
#5038 = CIRCLE('',#5039,2.500000000001);
#5039 = AXIS2_PLACEMENT_3D('',#5040,#5041,#5042);
#5040 = CARTESIAN_POINT('',(-1.082245404405E-12,2.331745907469E-13,5.));
#5041 = DIRECTION('',(-0.,0.,1.));
#5042 = DIRECTION('',(0.970860079611,-0.239647044249,0.));
#5043 = ORIENTED_EDGE('',*,*,#5044,.F.);
#5044 = EDGE_CURVE('',#5045,#5036,#5047,.T.);
#5045 = VERTEX_POINT('',#5046);
#5046 = CARTESIAN_POINT('',(2.460995125091,-0.439889752415,0.));
#5047 = LINE('',#5048,#5049);
#5048 = CARTESIAN_POINT('',(2.460995125091,-0.439889752415,0.));
#5049 = VECTOR('',#5050,1.);
#5050 = DIRECTION('',(0.,0.,1.));
#5051 = ORIENTED_EDGE('',*,*,#5052,.F.);
#5052 = EDGE_CURVE('',#5012,#5045,#5053,.T.);
#5053 = CIRCLE('',#5054,2.500000000001);
#5054 = AXIS2_PLACEMENT_3D('',#5055,#5056,#5057);
#5055 = CARTESIAN_POINT('',(-1.082245404405E-12,2.331745907469E-13,0.));
#5056 = DIRECTION('',(-0.,0.,1.));
#5057 = DIRECTION('',(0.970860079611,-0.239647044249,0.));
#5058 = CYLINDRICAL_SURFACE('',#5059,2.500000000001);
#5059 = AXIS2_PLACEMENT_3D('',#5060,#5061,#5062);
#5060 = CARTESIAN_POINT('',(-1.082245404405E-12,2.331745907469E-13,0.));
#5061 = DIRECTION('',(0.,-0.,-1.));
#5062 = DIRECTION('',(0.970860079611,-0.239647044249,0.));
#5063 = ADVANCED_FACE('',(#5064),#5082,.F.);
#5064 = FACE_BOUND('',#5065,.F.);
#5065 = EDGE_LOOP('',(#5066,#5067,#5074,#5075));
#5066 = ORIENTED_EDGE('',*,*,#5044,.T.);
#5067 = ORIENTED_EDGE('',*,*,#5068,.T.);
#5068 = EDGE_CURVE('',#5036,#24,#5069,.T.);
#5069 = CIRCLE('',#5070,0.152);
#5070 = AXIS2_PLACEMENT_3D('',#5071,#5072,#5073);
#5071 = CARTESIAN_POINT('',(2.610590624012,-0.466819043207,5.));
#5072 = DIRECTION('',(0.,0.,-1.));
#5073 = DIRECTION('',(-0.984180913954,0.177166386794,0.));
#5074 = ORIENTED_EDGE('',*,*,#21,.F.);
#5075 = ORIENTED_EDGE('',*,*,#5076,.F.);
#5076 = EDGE_CURVE('',#5045,#22,#5077,.T.);
#5077 = CIRCLE('',#5078,0.152);
#5078 = AXIS2_PLACEMENT_3D('',#5079,#5080,#5081);
#5079 = CARTESIAN_POINT('',(2.610590624012,-0.466819043207,0.));
#5080 = DIRECTION('',(0.,0.,-1.));
#5081 = DIRECTION('',(-0.984180913954,0.177166386794,0.));
#5082 = CYLINDRICAL_SURFACE('',#5083,0.152);
#5083 = AXIS2_PLACEMENT_3D('',#5084,#5085,#5086);
#5084 = CARTESIAN_POINT('',(2.610590624012,-0.466819043207,0.));
#5085 = DIRECTION('',(0.,0.,-1.));
#5086 = DIRECTION('',(-0.984180913954,0.177166386794,0.));
#5087 = ADVANCED_FACE('',(#5088),#5240,.F.);
#5088 = FACE_BOUND('',#5089,.F.);
#5089 = EDGE_LOOP('',(#5090,#5091,#5092,#5093,#5094,#5095,#5096,#5097,
    #5098,#5099,#5100,#5101,#5102,#5103,#5104,#5105,#5106,#5107,#5108,
    #5109,#5110,#5111,#5112,#5113,#5114,#5115,#5116,#5117,#5118,#5119,
    #5120,#5121,#5122,#5123,#5124,#5125,#5126,#5127,#5128,#5129,#5130,
    #5131,#5132,#5133,#5134,#5135,#5136,#5137,#5138,#5139,#5140,#5141,
    #5142,#5143,#5144,#5145,#5146,#5147,#5148,#5149,#5150,#5151,#5152,
    #5153,#5154,#5155,#5156,#5157,#5158,#5159,#5160,#5161,#5162,#5163,
    #5164,#5165,#5166,#5167,#5168,#5169,#5170,#5171,#5172,#5173,#5174,
    #5175,#5176,#5177,#5178,#5179,#5180,#5181,#5182,#5183,#5184,#5185,
    #5186,#5187,#5188,#5189,#5190,#5191,#5192,#5193,#5194,#5195,#5196,
    #5197,#5198,#5199,#5200,#5201,#5202,#5203,#5204,#5205,#5206,#5207,
    #5208,#5209,#5210,#5211,#5212,#5213,#5214,#5215,#5216,#5217,#5218,
    #5219,#5220,#5221,#5222,#5223,#5224,#5225,#5226,#5227,#5228,#5229,
    #5230,#5231,#5232,#5233,#5234,#5235,#5236,#5237,#5238,#5239));
#5090 = ORIENTED_EDGE('',*,*,#47,.T.);
#5091 = ORIENTED_EDGE('',*,*,#79,.T.);
#5092 = ORIENTED_EDGE('',*,*,#115,.T.);
#5093 = ORIENTED_EDGE('',*,*,#151,.T.);
#5094 = ORIENTED_EDGE('',*,*,#184,.T.);
#5095 = ORIENTED_EDGE('',*,*,#220,.T.);
#5096 = ORIENTED_EDGE('',*,*,#255,.T.);
#5097 = ORIENTED_EDGE('',*,*,#287,.T.);
#5098 = ORIENTED_EDGE('',*,*,#320,.T.);
#5099 = ORIENTED_EDGE('',*,*,#353,.T.);
#5100 = ORIENTED_EDGE('',*,*,#385,.T.);
#5101 = ORIENTED_EDGE('',*,*,#417,.T.);
#5102 = ORIENTED_EDGE('',*,*,#453,.T.);
#5103 = ORIENTED_EDGE('',*,*,#489,.T.);
#5104 = ORIENTED_EDGE('',*,*,#522,.T.);
#5105 = ORIENTED_EDGE('',*,*,#558,.T.);
#5106 = ORIENTED_EDGE('',*,*,#593,.T.);
#5107 = ORIENTED_EDGE('',*,*,#625,.T.);
#5108 = ORIENTED_EDGE('',*,*,#658,.T.);
#5109 = ORIENTED_EDGE('',*,*,#691,.T.);
#5110 = ORIENTED_EDGE('',*,*,#723,.T.);
#5111 = ORIENTED_EDGE('',*,*,#755,.T.);
#5112 = ORIENTED_EDGE('',*,*,#791,.T.);
#5113 = ORIENTED_EDGE('',*,*,#827,.T.);
#5114 = ORIENTED_EDGE('',*,*,#860,.T.);
#5115 = ORIENTED_EDGE('',*,*,#896,.T.);
#5116 = ORIENTED_EDGE('',*,*,#931,.T.);
#5117 = ORIENTED_EDGE('',*,*,#963,.T.);
#5118 = ORIENTED_EDGE('',*,*,#996,.T.);
#5119 = ORIENTED_EDGE('',*,*,#1029,.T.);
#5120 = ORIENTED_EDGE('',*,*,#1061,.T.);
#5121 = ORIENTED_EDGE('',*,*,#1093,.T.);
#5122 = ORIENTED_EDGE('',*,*,#1129,.T.);
#5123 = ORIENTED_EDGE('',*,*,#1165,.T.);
#5124 = ORIENTED_EDGE('',*,*,#1198,.T.);
#5125 = ORIENTED_EDGE('',*,*,#1234,.T.);
#5126 = ORIENTED_EDGE('',*,*,#1269,.T.);
#5127 = ORIENTED_EDGE('',*,*,#1301,.T.);
#5128 = ORIENTED_EDGE('',*,*,#1334,.T.);
#5129 = ORIENTED_EDGE('',*,*,#1367,.T.);
#5130 = ORIENTED_EDGE('',*,*,#1399,.T.);
#5131 = ORIENTED_EDGE('',*,*,#1431,.T.);
#5132 = ORIENTED_EDGE('',*,*,#1467,.T.);
#5133 = ORIENTED_EDGE('',*,*,#1503,.T.);
#5134 = ORIENTED_EDGE('',*,*,#1536,.T.);
#5135 = ORIENTED_EDGE('',*,*,#1572,.T.);
#5136 = ORIENTED_EDGE('',*,*,#1607,.T.);
#5137 = ORIENTED_EDGE('',*,*,#1639,.T.);
#5138 = ORIENTED_EDGE('',*,*,#1672,.T.);
#5139 = ORIENTED_EDGE('',*,*,#1705,.T.);
#5140 = ORIENTED_EDGE('',*,*,#1737,.T.);
#5141 = ORIENTED_EDGE('',*,*,#1769,.T.);
#5142 = ORIENTED_EDGE('',*,*,#1805,.T.);
#5143 = ORIENTED_EDGE('',*,*,#1841,.T.);
#5144 = ORIENTED_EDGE('',*,*,#1874,.T.);
#5145 = ORIENTED_EDGE('',*,*,#1910,.T.);
#5146 = ORIENTED_EDGE('',*,*,#1945,.T.);
#5147 = ORIENTED_EDGE('',*,*,#1977,.T.);
#5148 = ORIENTED_EDGE('',*,*,#2010,.T.);
#5149 = ORIENTED_EDGE('',*,*,#2043,.T.);
#5150 = ORIENTED_EDGE('',*,*,#2075,.T.);
#5151 = ORIENTED_EDGE('',*,*,#2107,.T.);
#5152 = ORIENTED_EDGE('',*,*,#2143,.T.);
#5153 = ORIENTED_EDGE('',*,*,#2179,.T.);
#5154 = ORIENTED_EDGE('',*,*,#2212,.T.);
#5155 = ORIENTED_EDGE('',*,*,#2248,.T.);
#5156 = ORIENTED_EDGE('',*,*,#2283,.T.);
#5157 = ORIENTED_EDGE('',*,*,#2315,.T.);
#5158 = ORIENTED_EDGE('',*,*,#2348,.T.);
#5159 = ORIENTED_EDGE('',*,*,#2381,.T.);
#5160 = ORIENTED_EDGE('',*,*,#2413,.T.);
#5161 = ORIENTED_EDGE('',*,*,#2445,.T.);
#5162 = ORIENTED_EDGE('',*,*,#2481,.T.);
#5163 = ORIENTED_EDGE('',*,*,#2517,.T.);
#5164 = ORIENTED_EDGE('',*,*,#2550,.T.);
#5165 = ORIENTED_EDGE('',*,*,#2586,.T.);
#5166 = ORIENTED_EDGE('',*,*,#2621,.T.);
#5167 = ORIENTED_EDGE('',*,*,#2653,.T.);
#5168 = ORIENTED_EDGE('',*,*,#2686,.T.);
#5169 = ORIENTED_EDGE('',*,*,#2719,.T.);
#5170 = ORIENTED_EDGE('',*,*,#2751,.T.);
#5171 = ORIENTED_EDGE('',*,*,#2783,.T.);
#5172 = ORIENTED_EDGE('',*,*,#2819,.T.);
#5173 = ORIENTED_EDGE('',*,*,#2855,.T.);
#5174 = ORIENTED_EDGE('',*,*,#2888,.T.);
#5175 = ORIENTED_EDGE('',*,*,#2924,.T.);
#5176 = ORIENTED_EDGE('',*,*,#2959,.T.);
#5177 = ORIENTED_EDGE('',*,*,#2991,.T.);
#5178 = ORIENTED_EDGE('',*,*,#3024,.T.);
#5179 = ORIENTED_EDGE('',*,*,#3057,.T.);
#5180 = ORIENTED_EDGE('',*,*,#3089,.T.);
#5181 = ORIENTED_EDGE('',*,*,#3121,.T.);
#5182 = ORIENTED_EDGE('',*,*,#3157,.T.);
#5183 = ORIENTED_EDGE('',*,*,#3193,.T.);
#5184 = ORIENTED_EDGE('',*,*,#3226,.T.);
#5185 = ORIENTED_EDGE('',*,*,#3262,.T.);
#5186 = ORIENTED_EDGE('',*,*,#3297,.T.);
#5187 = ORIENTED_EDGE('',*,*,#3329,.T.);
#5188 = ORIENTED_EDGE('',*,*,#3362,.T.);
#5189 = ORIENTED_EDGE('',*,*,#3395,.T.);
#5190 = ORIENTED_EDGE('',*,*,#3427,.T.);
#5191 = ORIENTED_EDGE('',*,*,#3459,.T.);
#5192 = ORIENTED_EDGE('',*,*,#3495,.T.);
#5193 = ORIENTED_EDGE('',*,*,#3531,.T.);
#5194 = ORIENTED_EDGE('',*,*,#3564,.T.);
#5195 = ORIENTED_EDGE('',*,*,#3600,.T.);
#5196 = ORIENTED_EDGE('',*,*,#3635,.T.);
#5197 = ORIENTED_EDGE('',*,*,#3667,.T.);
#5198 = ORIENTED_EDGE('',*,*,#3700,.T.);
#5199 = ORIENTED_EDGE('',*,*,#3733,.T.);
#5200 = ORIENTED_EDGE('',*,*,#3765,.T.);
#5201 = ORIENTED_EDGE('',*,*,#3797,.T.);
#5202 = ORIENTED_EDGE('',*,*,#3833,.T.);
#5203 = ORIENTED_EDGE('',*,*,#3869,.T.);
#5204 = ORIENTED_EDGE('',*,*,#3902,.T.);
#5205 = ORIENTED_EDGE('',*,*,#3938,.T.);
#5206 = ORIENTED_EDGE('',*,*,#3973,.T.);
#5207 = ORIENTED_EDGE('',*,*,#4005,.T.);
#5208 = ORIENTED_EDGE('',*,*,#4038,.T.);
#5209 = ORIENTED_EDGE('',*,*,#4071,.T.);
#5210 = ORIENTED_EDGE('',*,*,#4103,.T.);
#5211 = ORIENTED_EDGE('',*,*,#4135,.T.);
#5212 = ORIENTED_EDGE('',*,*,#4171,.T.);
#5213 = ORIENTED_EDGE('',*,*,#4207,.T.);
#5214 = ORIENTED_EDGE('',*,*,#4240,.T.);
#5215 = ORIENTED_EDGE('',*,*,#4276,.T.);
#5216 = ORIENTED_EDGE('',*,*,#4311,.T.);
#5217 = ORIENTED_EDGE('',*,*,#4343,.T.);
#5218 = ORIENTED_EDGE('',*,*,#4376,.T.);
#5219 = ORIENTED_EDGE('',*,*,#4409,.T.);
#5220 = ORIENTED_EDGE('',*,*,#4441,.T.);
#5221 = ORIENTED_EDGE('',*,*,#4473,.T.);
#5222 = ORIENTED_EDGE('',*,*,#4509,.T.);
#5223 = ORIENTED_EDGE('',*,*,#4545,.T.);
#5224 = ORIENTED_EDGE('',*,*,#4578,.T.);
#5225 = ORIENTED_EDGE('',*,*,#4614,.T.);
#5226 = ORIENTED_EDGE('',*,*,#4649,.T.);
#5227 = ORIENTED_EDGE('',*,*,#4681,.T.);
#5228 = ORIENTED_EDGE('',*,*,#4714,.T.);
#5229 = ORIENTED_EDGE('',*,*,#4747,.T.);
#5230 = ORIENTED_EDGE('',*,*,#4779,.T.);
#5231 = ORIENTED_EDGE('',*,*,#4811,.T.);
#5232 = ORIENTED_EDGE('',*,*,#4847,.T.);
#5233 = ORIENTED_EDGE('',*,*,#4883,.T.);
#5234 = ORIENTED_EDGE('',*,*,#4916,.T.);
#5235 = ORIENTED_EDGE('',*,*,#4952,.T.);
#5236 = ORIENTED_EDGE('',*,*,#4987,.T.);
#5237 = ORIENTED_EDGE('',*,*,#5019,.T.);
#5238 = ORIENTED_EDGE('',*,*,#5052,.T.);
#5239 = ORIENTED_EDGE('',*,*,#5076,.T.);
#5240 = PLANE('',#5241);
#5241 = AXIS2_PLACEMENT_3D('',#5242,#5243,#5244);
#5242 = CARTESIAN_POINT('',(-8.6196586875E-16,-1.264222765279E-15,0.));
#5243 = DIRECTION('',(0.,0.,1.));
#5244 = DIRECTION('',(1.,0.,0.));
#5245 = ADVANCED_FACE('',(#5246),#5398,.T.);
#5246 = FACE_BOUND('',#5247,.T.);
#5247 = EDGE_LOOP('',(#5248,#5249,#5250,#5251,#5252,#5253,#5254,#5255,
    #5256,#5257,#5258,#5259,#5260,#5261,#5262,#5263,#5264,#5265,#5266,
    #5267,#5268,#5269,#5270,#5271,#5272,#5273,#5274,#5275,#5276,#5277,
    #5278,#5279,#5280,#5281,#5282,#5283,#5284,#5285,#5286,#5287,#5288,
    #5289,#5290,#5291,#5292,#5293,#5294,#5295,#5296,#5297,#5298,#5299,
    #5300,#5301,#5302,#5303,#5304,#5305,#5306,#5307,#5308,#5309,#5310,
    #5311,#5312,#5313,#5314,#5315,#5316,#5317,#5318,#5319,#5320,#5321,
    #5322,#5323,#5324,#5325,#5326,#5327,#5328,#5329,#5330,#5331,#5332,
    #5333,#5334,#5335,#5336,#5337,#5338,#5339,#5340,#5341,#5342,#5343,
    #5344,#5345,#5346,#5347,#5348,#5349,#5350,#5351,#5352,#5353,#5354,
    #5355,#5356,#5357,#5358,#5359,#5360,#5361,#5362,#5363,#5364,#5365,
    #5366,#5367,#5368,#5369,#5370,#5371,#5372,#5373,#5374,#5375,#5376,
    #5377,#5378,#5379,#5380,#5381,#5382,#5383,#5384,#5385,#5386,#5387,
    #5388,#5389,#5390,#5391,#5392,#5393,#5394,#5395,#5396,#5397));
#5248 = ORIENTED_EDGE('',*,*,#31,.T.);
#5249 = ORIENTED_EDGE('',*,*,#62,.T.);
#5250 = ORIENTED_EDGE('',*,*,#98,.T.);
#5251 = ORIENTED_EDGE('',*,*,#134,.T.);
#5252 = ORIENTED_EDGE('',*,*,#167,.T.);
#5253 = ORIENTED_EDGE('',*,*,#203,.T.);
#5254 = ORIENTED_EDGE('',*,*,#239,.T.);
#5255 = ORIENTED_EDGE('',*,*,#270,.T.);
#5256 = ORIENTED_EDGE('',*,*,#303,.T.);
#5257 = ORIENTED_EDGE('',*,*,#336,.T.);
#5258 = ORIENTED_EDGE('',*,*,#369,.T.);
#5259 = ORIENTED_EDGE('',*,*,#400,.T.);
#5260 = ORIENTED_EDGE('',*,*,#436,.T.);
#5261 = ORIENTED_EDGE('',*,*,#472,.T.);
#5262 = ORIENTED_EDGE('',*,*,#505,.T.);
#5263 = ORIENTED_EDGE('',*,*,#541,.T.);
#5264 = ORIENTED_EDGE('',*,*,#577,.T.);
#5265 = ORIENTED_EDGE('',*,*,#608,.T.);
#5266 = ORIENTED_EDGE('',*,*,#641,.T.);
#5267 = ORIENTED_EDGE('',*,*,#674,.T.);
#5268 = ORIENTED_EDGE('',*,*,#707,.T.);
#5269 = ORIENTED_EDGE('',*,*,#738,.T.);
#5270 = ORIENTED_EDGE('',*,*,#774,.T.);
#5271 = ORIENTED_EDGE('',*,*,#810,.T.);
#5272 = ORIENTED_EDGE('',*,*,#843,.T.);
#5273 = ORIENTED_EDGE('',*,*,#879,.T.);
#5274 = ORIENTED_EDGE('',*,*,#915,.T.);
#5275 = ORIENTED_EDGE('',*,*,#946,.T.);
#5276 = ORIENTED_EDGE('',*,*,#979,.T.);
#5277 = ORIENTED_EDGE('',*,*,#1012,.T.);
#5278 = ORIENTED_EDGE('',*,*,#1045,.T.);
#5279 = ORIENTED_EDGE('',*,*,#1076,.T.);
#5280 = ORIENTED_EDGE('',*,*,#1112,.T.);
#5281 = ORIENTED_EDGE('',*,*,#1148,.T.);
#5282 = ORIENTED_EDGE('',*,*,#1181,.T.);
#5283 = ORIENTED_EDGE('',*,*,#1217,.T.);
#5284 = ORIENTED_EDGE('',*,*,#1253,.T.);
#5285 = ORIENTED_EDGE('',*,*,#1284,.T.);
#5286 = ORIENTED_EDGE('',*,*,#1317,.T.);
#5287 = ORIENTED_EDGE('',*,*,#1350,.T.);
#5288 = ORIENTED_EDGE('',*,*,#1383,.T.);
#5289 = ORIENTED_EDGE('',*,*,#1414,.T.);
#5290 = ORIENTED_EDGE('',*,*,#1450,.T.);
#5291 = ORIENTED_EDGE('',*,*,#1486,.T.);
#5292 = ORIENTED_EDGE('',*,*,#1519,.T.);
#5293 = ORIENTED_EDGE('',*,*,#1555,.T.);
#5294 = ORIENTED_EDGE('',*,*,#1591,.T.);
#5295 = ORIENTED_EDGE('',*,*,#1622,.T.);
#5296 = ORIENTED_EDGE('',*,*,#1655,.T.);
#5297 = ORIENTED_EDGE('',*,*,#1688,.T.);
#5298 = ORIENTED_EDGE('',*,*,#1721,.T.);
#5299 = ORIENTED_EDGE('',*,*,#1752,.T.);
#5300 = ORIENTED_EDGE('',*,*,#1788,.T.);
#5301 = ORIENTED_EDGE('',*,*,#1824,.T.);
#5302 = ORIENTED_EDGE('',*,*,#1857,.T.);
#5303 = ORIENTED_EDGE('',*,*,#1893,.T.);
#5304 = ORIENTED_EDGE('',*,*,#1929,.T.);
#5305 = ORIENTED_EDGE('',*,*,#1960,.T.);
#5306 = ORIENTED_EDGE('',*,*,#1993,.T.);
#5307 = ORIENTED_EDGE('',*,*,#2026,.T.);
#5308 = ORIENTED_EDGE('',*,*,#2059,.T.);
#5309 = ORIENTED_EDGE('',*,*,#2090,.T.);
#5310 = ORIENTED_EDGE('',*,*,#2126,.T.);
#5311 = ORIENTED_EDGE('',*,*,#2162,.T.);
#5312 = ORIENTED_EDGE('',*,*,#2195,.T.);
#5313 = ORIENTED_EDGE('',*,*,#2231,.T.);
#5314 = ORIENTED_EDGE('',*,*,#2267,.T.);
#5315 = ORIENTED_EDGE('',*,*,#2298,.T.);
#5316 = ORIENTED_EDGE('',*,*,#2331,.T.);
#5317 = ORIENTED_EDGE('',*,*,#2364,.T.);
#5318 = ORIENTED_EDGE('',*,*,#2397,.T.);
#5319 = ORIENTED_EDGE('',*,*,#2428,.T.);
#5320 = ORIENTED_EDGE('',*,*,#2464,.T.);
#5321 = ORIENTED_EDGE('',*,*,#2500,.T.);
#5322 = ORIENTED_EDGE('',*,*,#2533,.T.);
#5323 = ORIENTED_EDGE('',*,*,#2569,.T.);
#5324 = ORIENTED_EDGE('',*,*,#2605,.T.);
#5325 = ORIENTED_EDGE('',*,*,#2636,.T.);
#5326 = ORIENTED_EDGE('',*,*,#2669,.T.);
#5327 = ORIENTED_EDGE('',*,*,#2702,.T.);
#5328 = ORIENTED_EDGE('',*,*,#2735,.T.);
#5329 = ORIENTED_EDGE('',*,*,#2766,.T.);
#5330 = ORIENTED_EDGE('',*,*,#2802,.T.);
#5331 = ORIENTED_EDGE('',*,*,#2838,.T.);
#5332 = ORIENTED_EDGE('',*,*,#2871,.T.);
#5333 = ORIENTED_EDGE('',*,*,#2907,.T.);
#5334 = ORIENTED_EDGE('',*,*,#2943,.T.);
#5335 = ORIENTED_EDGE('',*,*,#2974,.T.);
#5336 = ORIENTED_EDGE('',*,*,#3007,.T.);
#5337 = ORIENTED_EDGE('',*,*,#3040,.T.);
#5338 = ORIENTED_EDGE('',*,*,#3073,.T.);
#5339 = ORIENTED_EDGE('',*,*,#3104,.T.);
#5340 = ORIENTED_EDGE('',*,*,#3140,.T.);
#5341 = ORIENTED_EDGE('',*,*,#3176,.T.);
#5342 = ORIENTED_EDGE('',*,*,#3209,.T.);
#5343 = ORIENTED_EDGE('',*,*,#3245,.T.);
#5344 = ORIENTED_EDGE('',*,*,#3281,.T.);
#5345 = ORIENTED_EDGE('',*,*,#3312,.T.);
#5346 = ORIENTED_EDGE('',*,*,#3345,.T.);
#5347 = ORIENTED_EDGE('',*,*,#3378,.T.);
#5348 = ORIENTED_EDGE('',*,*,#3411,.T.);
#5349 = ORIENTED_EDGE('',*,*,#3442,.T.);
#5350 = ORIENTED_EDGE('',*,*,#3478,.T.);
#5351 = ORIENTED_EDGE('',*,*,#3514,.T.);
#5352 = ORIENTED_EDGE('',*,*,#3547,.T.);
#5353 = ORIENTED_EDGE('',*,*,#3583,.T.);
#5354 = ORIENTED_EDGE('',*,*,#3619,.T.);
#5355 = ORIENTED_EDGE('',*,*,#3650,.T.);
#5356 = ORIENTED_EDGE('',*,*,#3683,.T.);
#5357 = ORIENTED_EDGE('',*,*,#3716,.T.);
#5358 = ORIENTED_EDGE('',*,*,#3749,.T.);
#5359 = ORIENTED_EDGE('',*,*,#3780,.T.);
#5360 = ORIENTED_EDGE('',*,*,#3816,.T.);
#5361 = ORIENTED_EDGE('',*,*,#3852,.T.);
#5362 = ORIENTED_EDGE('',*,*,#3885,.T.);
#5363 = ORIENTED_EDGE('',*,*,#3921,.T.);
#5364 = ORIENTED_EDGE('',*,*,#3957,.T.);
#5365 = ORIENTED_EDGE('',*,*,#3988,.T.);
#5366 = ORIENTED_EDGE('',*,*,#4021,.T.);
#5367 = ORIENTED_EDGE('',*,*,#4054,.T.);
#5368 = ORIENTED_EDGE('',*,*,#4087,.T.);
#5369 = ORIENTED_EDGE('',*,*,#4118,.T.);
#5370 = ORIENTED_EDGE('',*,*,#4154,.T.);
#5371 = ORIENTED_EDGE('',*,*,#4190,.T.);
#5372 = ORIENTED_EDGE('',*,*,#4223,.T.);
#5373 = ORIENTED_EDGE('',*,*,#4259,.T.);
#5374 = ORIENTED_EDGE('',*,*,#4295,.T.);
#5375 = ORIENTED_EDGE('',*,*,#4326,.T.);
#5376 = ORIENTED_EDGE('',*,*,#4359,.T.);
#5377 = ORIENTED_EDGE('',*,*,#4392,.T.);
#5378 = ORIENTED_EDGE('',*,*,#4425,.T.);
#5379 = ORIENTED_EDGE('',*,*,#4456,.T.);
#5380 = ORIENTED_EDGE('',*,*,#4492,.T.);
#5381 = ORIENTED_EDGE('',*,*,#4528,.T.);
#5382 = ORIENTED_EDGE('',*,*,#4561,.T.);
#5383 = ORIENTED_EDGE('',*,*,#4597,.T.);
#5384 = ORIENTED_EDGE('',*,*,#4633,.T.);
#5385 = ORIENTED_EDGE('',*,*,#4664,.T.);
#5386 = ORIENTED_EDGE('',*,*,#4697,.T.);
#5387 = ORIENTED_EDGE('',*,*,#4730,.T.);
#5388 = ORIENTED_EDGE('',*,*,#4763,.T.);
#5389 = ORIENTED_EDGE('',*,*,#4794,.T.);
#5390 = ORIENTED_EDGE('',*,*,#4830,.T.);
#5391 = ORIENTED_EDGE('',*,*,#4866,.T.);
#5392 = ORIENTED_EDGE('',*,*,#4899,.T.);
#5393 = ORIENTED_EDGE('',*,*,#4935,.T.);
#5394 = ORIENTED_EDGE('',*,*,#4971,.T.);
#5395 = ORIENTED_EDGE('',*,*,#5002,.T.);
#5396 = ORIENTED_EDGE('',*,*,#5035,.T.);
#5397 = ORIENTED_EDGE('',*,*,#5068,.T.);
#5398 = PLANE('',#5399);
#5399 = AXIS2_PLACEMENT_3D('',#5400,#5401,#5402);
#5400 = CARTESIAN_POINT('',(-8.6196586875E-16,-1.264222765279E-15,5.));
#5401 = DIRECTION('',(0.,0.,1.));
#5402 = DIRECTION('',(1.,0.,0.));
#5403 = ( GEOMETRIC_REPRESENTATION_CONTEXT(3) 
GLOBAL_UNCERTAINTY_ASSIGNED_CONTEXT((#5407)) 
GLOBAL_UNIT_ASSIGNED_CONTEXT((#5404,#5405,#5406)) REPRESENTATION_CONTEXT
('Context #1','3D Context with UNIT and UNCERTAINTY') );
#5404 = ( LENGTH_UNIT() NAMED_UNIT(*) SI_UNIT(.MILLI.,.METRE.) );
#5405 = ( NAMED_UNIT(*) PLANE_ANGLE_UNIT() SI_UNIT($,.RADIAN.) );
#5406 = ( NAMED_UNIT(*) SI_UNIT($,.STERADIAN.) SOLID_ANGLE_UNIT() );
#5407 = UNCERTAINTY_MEASURE_WITH_UNIT(LENGTH_MEASURE(1.E-07),#5404,
  'distance_accuracy_value','confusion accuracy');
#5408 = PRODUCT_RELATED_PRODUCT_CATEGORY('part',$,(#7));
#5409 = MECHANICAL_DESIGN_GEOMETRIC_PRESENTATION_REPRESENTATION('',(
    #5410),#5403);
#5410 = STYLED_ITEM('color',(#5411),#15);
#5411 = PRESENTATION_STYLE_ASSIGNMENT((#5412,#5418));
#5412 = SURFACE_STYLE_USAGE(.BOTH.,#5413);
#5413 = SURFACE_SIDE_STYLE('',(#5414));
#5414 = SURFACE_STYLE_FILL_AREA(#5415);
#5415 = FILL_AREA_STYLE('',(#5416));
#5416 = FILL_AREA_STYLE_COLOUR('',#5417);
#5417 = COLOUR_RGB('',0.678430976034,0.709803998361,0.741176010593);
#5418 = CURVE_STYLE('',#5419,POSITIVE_LENGTH_MEASURE(0.1),#5420);
#5419 = DRAUGHTING_PRE_DEFINED_CURVE_FONT('continuous');
#5420 = COLOUR_RGB('',9.803921802644E-02,9.803921802644E-02,
  9.803921802644E-02);
ENDSEC;
END-ISO-10303-21;
