ISO-10303-21;
HEADER;
FILE_DESCRIPTION(('FreeCAD Model'),'2;1');
FILE_NAME('Open CASCADE Shape Model','2026-07-01T13:51:16',('Author'),(
    ''),'Open CASCADE STEP processor 7.8','FreeCAD','Unknown');
FILE_SCHEMA(('AUTOMOTIVE_DESIGN { 1 0 10303 214 1 1 1 1 }'));
ENDSEC;
DATA;
#1 = APPLICATION_PROTOCOL_DEFINITION('international standard',
  'automotive_design',2000,#2);
#2 = APPLICATION_CONTEXT(
  'core data for automotive mechanical design processes');
#3 = SHAPE_DEFINITION_REPRESENTATION(#4,#10);
#4 = PRODUCT_DEFINITION_SHAPE('','',#5);
#5 = PRODUCT_DEFINITION('design','',#6,#9);
#6 = PRODUCT_DEFINITION_FORMATION('','',#7);
#7 = PRODUCT('GEAR44_M0.6','GEAR44_M0.6','',(#8));
#8 = PRODUCT_CONTEXT('',#2,'mechanical');
#9 = PRODUCT_DEFINITION_CONTEXT('part definition',#2,'design');
#10 = ADVANCED_BREP_SHAPE_REPRESENTATION('',(#11,#15),#9801);
#11 = AXIS2_PLACEMENT_3D('',#12,#13,#14);
#12 = CARTESIAN_POINT('',(0.,0.,0.));
#13 = DIRECTION('',(0.,0.,1.));
#14 = DIRECTION('',(1.,0.,-0.));
#15 = MANIFOLD_SOLID_BREP('',#16);
#16 = CLOSED_SHELL('',(#17,#65,#98,#137,#170,#203,#236,#275,#308,#347,
    #380,#413,#446,#485,#518,#557,#590,#623,#656,#695,#728,#767,#800,
    #833,#866,#905,#938,#977,#1010,#1043,#1076,#1115,#1148,#1187,#1220,
    #1253,#1286,#1325,#1358,#1397,#1430,#1463,#1496,#1535,#1568,#1607,
    #1640,#1673,#1706,#1745,#1778,#1817,#1850,#1883,#1916,#1955,#1988,
    #2027,#2060,#2093,#2126,#2165,#2198,#2237,#2270,#2303,#2336,#2375,
    #2408,#2447,#2480,#2513,#2546,#2585,#2618,#2657,#2690,#2723,#2756,
    #2795,#2828,#2867,#2900,#2933,#2966,#3005,#3038,#3077,#3110,#3143,
    #3176,#3215,#3248,#3287,#3320,#3353,#3386,#3425,#3458,#3497,#3530,
    #3563,#3596,#3635,#3668,#3707,#3740,#3773,#3806,#3845,#3878,#3917,
    #3950,#3983,#4016,#4055,#4088,#4127,#4160,#4193,#4226,#4265,#4298,
    #4337,#4370,#4403,#4436,#4475,#4508,#4547,#4580,#4613,#4646,#4685,
    #4718,#4757,#4790,#4823,#4856,#4895,#4928,#4967,#5000,#5033,#5066,
    #5105,#5138,#5177,#5210,#5243,#5276,#5315,#5348,#5387,#5420,#5453,
    #5486,#5525,#5558,#5597,#5630,#5663,#5696,#5735,#5768,#5807,#5840,
    #5873,#5906,#5945,#5978,#6017,#6050,#6083,#6116,#6155,#6188,#6227,
    #6260,#6293,#6326,#6365,#6398,#6437,#6470,#6503,#6536,#6575,#6608,
    #6647,#6680,#6713,#6746,#6785,#6818,#6857,#6890,#6923,#6956,#6995,
    #7028,#7067,#7100,#7133,#7166,#7205,#7238,#7277,#7310,#7343,#7376,
    #7415,#7448,#7487,#7520,#7553,#7586,#7625,#7658,#7697,#7730,#7763,
    #7796,#7835,#7868,#7907,#7940,#7973,#8006,#8045,#8078,#8117,#8150,
    #8183,#8216,#8255,#8288,#8327,#8360,#8393,#8426,#8465,#8498,#8537,
    #8570,#8603,#8636,#8675,#8708,#8747,#8780,#8813,#8846,#8885,#8918,
    #8957,#8990,#9023,#9056,#9095,#9128,#9167,#9200,#9233,#9257,#9529));
#17 = ADVANCED_FACE('',(#18),#56,.F.);
#18 = FACE_BOUND('',#19,.F.);
#19 = EDGE_LOOP('',(#20,#30,#40,#48));
#20 = ORIENTED_EDGE('',*,*,#21,.T.);
#21 = EDGE_CURVE('',#22,#24,#26,.T.);
#22 = VERTEX_POINT('',#23);
#23 = CARTESIAN_POINT('',(12.621271435293,-0.608974977739,0.));
#24 = VERTEX_POINT('',#25);
#25 = CARTESIAN_POINT('',(12.621271435293,-0.608974977739,12.));
#26 = LINE('',#27,#28);
#27 = CARTESIAN_POINT('',(12.621271435293,-0.608974977739,0.));
#28 = VECTOR('',#29,1.);
#29 = DIRECTION('',(0.,0.,1.));
#30 = ORIENTED_EDGE('',*,*,#31,.T.);
#31 = EDGE_CURVE('',#24,#32,#34,.T.);
#32 = VERTEX_POINT('',#33);
#33 = CARTESIAN_POINT('',(13.798067892274,-0.230123109573,12.));
#34 = B_SPLINE_CURVE_WITH_KNOTS('',4,(#35,#36,#37,#38,#39),
  .UNSPECIFIED.,.F.,.F.,(5,5),(0.,1.),.PIECEWISE_BEZIER_KNOTS.);
#35 = CARTESIAN_POINT('',(12.621271435293,-0.608974977739,12.));
#36 = CARTESIAN_POINT('',(12.79617049716,-0.583594618401,12.));
#37 = CARTESIAN_POINT('',(13.056589583148,-0.528380586835,12.));
#38 = CARTESIAN_POINT('',(13.396341114952,-0.41815975683,12.));
#39 = CARTESIAN_POINT('',(13.798067892274,-0.230123109573,12.));
#40 = ORIENTED_EDGE('',*,*,#41,.F.);
#41 = EDGE_CURVE('',#42,#32,#44,.T.);
#42 = VERTEX_POINT('',#43);
#43 = CARTESIAN_POINT('',(13.798067892274,-0.230123109573,0.));
#44 = LINE('',#45,#46);
#45 = CARTESIAN_POINT('',(13.798067892274,-0.230123109573,0.));
#46 = VECTOR('',#47,1.);
#47 = DIRECTION('',(0.,0.,1.));
#48 = ORIENTED_EDGE('',*,*,#49,.F.);
#49 = EDGE_CURVE('',#22,#42,#50,.T.);
#50 = B_SPLINE_CURVE_WITH_KNOTS('',4,(#51,#52,#53,#54,#55),
  .UNSPECIFIED.,.F.,.F.,(5,5),(0.,1.),.PIECEWISE_BEZIER_KNOTS.);
#51 = CARTESIAN_POINT('',(12.621271435293,-0.608974977739,0.));
#52 = CARTESIAN_POINT('',(12.79617049716,-0.583594618401,0.));
#53 = CARTESIAN_POINT('',(13.056589583148,-0.528380586835,0.));
#54 = CARTESIAN_POINT('',(13.396341114952,-0.41815975683,0.));
#55 = CARTESIAN_POINT('',(13.798067892274,-0.230123109573,0.));
#56 = SURFACE_OF_LINEAR_EXTRUSION('',#57,#63);
#57 = B_SPLINE_CURVE_WITH_KNOTS('',4,(#58,#59,#60,#61,#62),
  .UNSPECIFIED.,.F.,.F.,(5,5),(0.,1.),.PIECEWISE_BEZIER_KNOTS.);
#58 = CARTESIAN_POINT('',(12.621271435293,-0.608974977739,0.));
#59 = CARTESIAN_POINT('',(12.79617049716,-0.583594618401,0.));
#60 = CARTESIAN_POINT('',(13.056589583148,-0.528380586835,0.));
#61 = CARTESIAN_POINT('',(13.396341114952,-0.41815975683,0.));
#62 = CARTESIAN_POINT('',(13.798067892274,-0.230123109573,0.));
#63 = VECTOR('',#64,1.);
#64 = DIRECTION('',(-0.,-0.,-1.));
#65 = ADVANCED_FACE('',(#66),#93,.T.);
#66 = FACE_BOUND('',#67,.F.);
#67 = EDGE_LOOP('',(#68,#69,#78,#86));
#68 = ORIENTED_EDGE('',*,*,#41,.T.);
#69 = ORIENTED_EDGE('',*,*,#70,.T.);
#70 = EDGE_CURVE('',#32,#71,#73,.T.);
#71 = VERTEX_POINT('',#72);
#72 = CARTESIAN_POINT('',(13.798080239033,0.230177577538,12.));
#73 = CIRCLE('',#74,13.799999999994);
#74 = AXIS2_PLACEMENT_3D('',#75,#76,#77);
#75 = CARTESIAN_POINT('',(-6.622695125635E-06,3.973433059427E-04,12.));
#76 = DIRECTION('',(-0.,0.,1.));
#77 = DIRECTION('',(0.9998604721,-1.670438064343E-02,0.));
#78 = ORIENTED_EDGE('',*,*,#79,.F.);
#79 = EDGE_CURVE('',#80,#71,#82,.T.);
#80 = VERTEX_POINT('',#81);
#81 = CARTESIAN_POINT('',(13.798080239033,0.230177577538,0.));
#82 = LINE('',#83,#84);
#83 = CARTESIAN_POINT('',(13.798080239033,0.230177577538,0.));
#84 = VECTOR('',#85,1.);
#85 = DIRECTION('',(0.,0.,1.));
#86 = ORIENTED_EDGE('',*,*,#87,.F.);
#87 = EDGE_CURVE('',#42,#80,#88,.T.);
#88 = CIRCLE('',#89,13.799999999994);
#89 = AXIS2_PLACEMENT_3D('',#90,#91,#92);
#90 = CARTESIAN_POINT('',(-6.622695125635E-06,3.973433059427E-04,0.));
#91 = DIRECTION('',(-0.,0.,1.));
#92 = DIRECTION('',(0.9998604721,-1.670438064343E-02,0.));
#93 = CYLINDRICAL_SURFACE('',#94,13.799999999994);
#94 = AXIS2_PLACEMENT_3D('',#95,#96,#97);
#95 = CARTESIAN_POINT('',(-6.622695125635E-06,3.973433059427E-04,0.));
#96 = DIRECTION('',(0.,0.,-1.));
#97 = DIRECTION('',(0.9998604721,-1.670438064343E-02,0.));
#98 = ADVANCED_FACE('',(#99),#128,.F.);
#99 = FACE_BOUND('',#100,.F.);
#100 = EDGE_LOOP('',(#101,#102,#112,#120));
#101 = ORIENTED_EDGE('',*,*,#79,.T.);
#102 = ORIENTED_EDGE('',*,*,#103,.T.);
#103 = EDGE_CURVE('',#71,#104,#106,.T.);
#104 = VERTEX_POINT('',#105);
#105 = CARTESIAN_POINT('',(12.621273115231,0.608974667529,12.));
#106 = B_SPLINE_CURVE_WITH_KNOTS('',4,(#107,#108,#109,#110,#111),
  .UNSPECIFIED.,.F.,.F.,(5,5),(0.,1.),.PIECEWISE_BEZIER_KNOTS.);
#107 = CARTESIAN_POINT('',(13.798080239033,0.230177577538,12.));
#108 = CARTESIAN_POINT('',(13.396341114952,0.41815975683,12.));
#109 = CARTESIAN_POINT('',(13.056589583148,0.528380586835,12.));
#110 = CARTESIAN_POINT('',(12.79617049716,0.583594618401,12.));
#111 = CARTESIAN_POINT('',(12.621273115231,0.608974667529,12.));
#112 = ORIENTED_EDGE('',*,*,#113,.F.);
#113 = EDGE_CURVE('',#114,#104,#116,.T.);
#114 = VERTEX_POINT('',#115);
#115 = CARTESIAN_POINT('',(12.621273115231,0.608974667529,0.));
#116 = LINE('',#117,#118);
#117 = CARTESIAN_POINT('',(12.621273115231,0.608974667529,0.));
#118 = VECTOR('',#119,1.);
#119 = DIRECTION('',(0.,0.,1.));
#120 = ORIENTED_EDGE('',*,*,#121,.F.);
#121 = EDGE_CURVE('',#80,#114,#122,.T.);
#122 = B_SPLINE_CURVE_WITH_KNOTS('',4,(#123,#124,#125,#126,#127),
  .UNSPECIFIED.,.F.,.F.,(5,5),(0.,1.),.PIECEWISE_BEZIER_KNOTS.);
#123 = CARTESIAN_POINT('',(13.798080239033,0.230177577538,0.));
#124 = CARTESIAN_POINT('',(13.396341114952,0.41815975683,0.));
#125 = CARTESIAN_POINT('',(13.056589583148,0.528380586835,0.));
#126 = CARTESIAN_POINT('',(12.79617049716,0.583594618401,0.));
#127 = CARTESIAN_POINT('',(12.621273115231,0.608974667529,0.));
#128 = SURFACE_OF_LINEAR_EXTRUSION('',#129,#135);
#129 = B_SPLINE_CURVE_WITH_KNOTS('',4,(#130,#131,#132,#133,#134),
  .UNSPECIFIED.,.F.,.F.,(5,5),(0.,1.),.PIECEWISE_BEZIER_KNOTS.);
#130 = CARTESIAN_POINT('',(13.798080239033,0.230177577538,0.));
#131 = CARTESIAN_POINT('',(13.396341114952,0.41815975683,0.));
#132 = CARTESIAN_POINT('',(13.056589583148,0.528380586835,0.));
#133 = CARTESIAN_POINT('',(12.79617049716,0.583594618401,0.));
#134 = CARTESIAN_POINT('',(12.621273115231,0.608974667529,0.));
#135 = VECTOR('',#136,1.);
#136 = DIRECTION('',(-0.,-0.,-1.));
#137 = ADVANCED_FACE('',(#138),#165,.F.);
#138 = FACE_BOUND('',#139,.F.);
#139 = EDGE_LOOP('',(#140,#141,#150,#158));
#140 = ORIENTED_EDGE('',*,*,#113,.T.);
#141 = ORIENTED_EDGE('',*,*,#142,.T.);
#142 = EDGE_CURVE('',#104,#143,#145,.T.);
#143 = VERTEX_POINT('',#144);
#144 = CARTESIAN_POINT('',(12.42293894193,0.82041943241,12.));
#145 = CIRCLE('',#146,0.228);
#146 = AXIS2_PLACEMENT_3D('',#147,#148,#149);
#147 = CARTESIAN_POINT('',(12.650465948127,0.835098037633,12.));
#148 = DIRECTION('',(0.,0.,-1.));
#149 = DIRECTION('',(-0.128038740769,-0.991769167126,-0.));
#150 = ORIENTED_EDGE('',*,*,#151,.F.);
#151 = EDGE_CURVE('',#152,#143,#154,.T.);
#152 = VERTEX_POINT('',#153);
#153 = CARTESIAN_POINT('',(12.42293894193,0.82041943241,0.));
#154 = LINE('',#155,#156);
#155 = CARTESIAN_POINT('',(12.42293894193,0.82041943241,0.));
#156 = VECTOR('',#157,1.);
#157 = DIRECTION('',(0.,0.,1.));
#158 = ORIENTED_EDGE('',*,*,#159,.F.);
#159 = EDGE_CURVE('',#114,#152,#160,.T.);
#160 = CIRCLE('',#161,0.228);
#161 = AXIS2_PLACEMENT_3D('',#162,#163,#164);
#162 = CARTESIAN_POINT('',(12.650465948127,0.835098037633,0.));
#163 = DIRECTION('',(0.,0.,-1.));
#164 = DIRECTION('',(-0.128038740769,-0.991769167126,-0.));
#165 = CYLINDRICAL_SURFACE('',#166,0.228);
#166 = AXIS2_PLACEMENT_3D('',#167,#168,#169);
#167 = CARTESIAN_POINT('',(12.650465948127,0.835098037633,0.));
#168 = DIRECTION('',(0.,0.,-1.));
#169 = DIRECTION('',(-0.128038740769,-0.991769167126,-0.));
#170 = ADVANCED_FACE('',(#171),#198,.T.);
#171 = FACE_BOUND('',#172,.F.);
#172 = EDGE_LOOP('',(#173,#174,#183,#191));
#173 = ORIENTED_EDGE('',*,*,#151,.T.);
#174 = ORIENTED_EDGE('',*,*,#175,.T.);
#175 = EDGE_CURVE('',#143,#176,#178,.T.);
#176 = VERTEX_POINT('',#177);
#177 = CARTESIAN_POINT('',(12.41324919474,0.955899800865,12.));
#178 = CIRCLE('',#179,12.449999999996);
#179 = AXIS2_PLACEMENT_3D('',#180,#181,#182);
#180 = CARTESIAN_POINT('',(3.764988321109E-12,3.48776563186E-13,12.));
#181 = DIRECTION('',(0.,-0.,1.));
#182 = DIRECTION('',(0.997826421039,6.589714316542E-02,0.));
#183 = ORIENTED_EDGE('',*,*,#184,.F.);
#184 = EDGE_CURVE('',#185,#176,#187,.T.);
#185 = VERTEX_POINT('',#186);
#186 = CARTESIAN_POINT('',(12.41324919474,0.955899800865,0.));
#187 = LINE('',#188,#189);
#188 = CARTESIAN_POINT('',(12.41324919474,0.955899800865,0.));
#189 = VECTOR('',#190,1.);
#190 = DIRECTION('',(0.,0.,1.));
#191 = ORIENTED_EDGE('',*,*,#192,.F.);
#192 = EDGE_CURVE('',#152,#185,#193,.T.);
#193 = CIRCLE('',#194,12.449999999996);
#194 = AXIS2_PLACEMENT_3D('',#195,#196,#197);
#195 = CARTESIAN_POINT('',(3.764988321109E-12,3.48776563186E-13,0.));
#196 = DIRECTION('',(0.,-0.,1.));
#197 = DIRECTION('',(0.997826421039,6.589714316542E-02,0.));
#198 = CYLINDRICAL_SURFACE('',#199,12.449999999996);
#199 = AXIS2_PLACEMENT_3D('',#200,#201,#202);
#200 = CARTESIAN_POINT('',(3.764988321109E-12,3.48776563186E-13,0.));
#201 = DIRECTION('',(0.,0.,-1.));
#202 = DIRECTION('',(0.997826421039,6.589714316542E-02,0.));
#203 = ADVANCED_FACE('',(#204),#231,.F.);
#204 = FACE_BOUND('',#205,.F.);
#205 = EDGE_LOOP('',(#206,#207,#216,#224));
#206 = ORIENTED_EDGE('',*,*,#184,.T.);
#207 = ORIENTED_EDGE('',*,*,#208,.T.);
#208 = EDGE_CURVE('',#176,#209,#211,.T.);
#209 = VERTEX_POINT('',#210);
#210 = CARTESIAN_POINT('',(12.579471265922,1.193417712582,12.));
#211 = CIRCLE('',#212,0.228);
#212 = AXIS2_PLACEMENT_3D('',#213,#214,#215);
#213 = CARTESIAN_POINT('',(12.640549294792,0.973750977756,12.));
#214 = DIRECTION('',(0.,0.,-1.));
#215 = DIRECTION('',(-0.996930263386,-7.829463548619E-02,-0.));
#216 = ORIENTED_EDGE('',*,*,#217,.F.);
#217 = EDGE_CURVE('',#218,#209,#220,.T.);
#218 = VERTEX_POINT('',#219);
#219 = CARTESIAN_POINT('',(12.579471265922,1.193417712582,0.));
#220 = LINE('',#221,#222);
#221 = CARTESIAN_POINT('',(12.579471265922,1.193417712582,0.));
#222 = VECTOR('',#223,1.);
#223 = DIRECTION('',(0.,0.,1.));
#224 = ORIENTED_EDGE('',*,*,#225,.F.);
#225 = EDGE_CURVE('',#185,#218,#226,.T.);
#226 = CIRCLE('',#227,0.228);
#227 = AXIS2_PLACEMENT_3D('',#228,#229,#230);
#228 = CARTESIAN_POINT('',(12.640549294792,0.973750977756,0.));
#229 = DIRECTION('',(0.,0.,-1.));
#230 = DIRECTION('',(-0.996930263386,-7.829463548619E-02,-0.));
#231 = CYLINDRICAL_SURFACE('',#232,0.228);
#232 = AXIS2_PLACEMENT_3D('',#233,#234,#235);
#233 = CARTESIAN_POINT('',(12.640549294792,0.973750977756,0.));
#234 = DIRECTION('',(0.,0.,-1.));
#235 = DIRECTION('',(-0.996930263386,-7.829463548619E-02,-0.));
#236 = ADVANCED_FACE('',(#237),#266,.F.);
#237 = FACE_BOUND('',#238,.F.);
#238 = EDGE_LOOP('',(#239,#240,#250,#258));
#239 = ORIENTED_EDGE('',*,*,#217,.T.);
#240 = ORIENTED_EDGE('',*,*,#241,.T.);
#241 = EDGE_CURVE('',#209,#242,#244,.T.);
#242 = VERTEX_POINT('',#243);
#243 = CARTESIAN_POINT('',(13.690373389424,1.735889012445,12.));
#244 = B_SPLINE_CURVE_WITH_KNOTS('',4,(#245,#246,#247,#248,#249),
  .UNSPECIFIED.,.F.,.F.,(5,5),(0.,1.),.PIECEWISE_BEZIER_KNOTS.);
#245 = CARTESIAN_POINT('',(12.579471265922,1.193417712582,12.));
#246 = CARTESIAN_POINT('',(12.748978105788,1.243430468161,12.));
#247 = CARTESIAN_POINT('',(12.998888725001,1.335144000603,12.));
#248 = CARTESIAN_POINT('',(13.319496016496,1.492594625786,12.));
#249 = CARTESIAN_POINT('',(13.690373389424,1.735889012445,12.));
#250 = ORIENTED_EDGE('',*,*,#251,.F.);
#251 = EDGE_CURVE('',#252,#242,#254,.T.);
#252 = VERTEX_POINT('',#253);
#253 = CARTESIAN_POINT('',(13.690373389424,1.735889012445,0.));
#254 = LINE('',#255,#256);
#255 = CARTESIAN_POINT('',(13.690373389424,1.735889012445,0.));
#256 = VECTOR('',#257,1.);
#257 = DIRECTION('',(0.,0.,1.));
#258 = ORIENTED_EDGE('',*,*,#259,.F.);
#259 = EDGE_CURVE('',#218,#252,#260,.T.);
#260 = B_SPLINE_CURVE_WITH_KNOTS('',4,(#261,#262,#263,#264,#265),
  .UNSPECIFIED.,.F.,.F.,(5,5),(0.,1.),.PIECEWISE_BEZIER_KNOTS.);
#261 = CARTESIAN_POINT('',(12.579471265922,1.193417712582,0.));
#262 = CARTESIAN_POINT('',(12.748978105788,1.243430468161,0.));
#263 = CARTESIAN_POINT('',(12.998888725001,1.335144000603,0.));
#264 = CARTESIAN_POINT('',(13.319496016496,1.492594625786,0.));
#265 = CARTESIAN_POINT('',(13.690373389424,1.735889012445,0.));
#266 = SURFACE_OF_LINEAR_EXTRUSION('',#267,#273);
#267 = B_SPLINE_CURVE_WITH_KNOTS('',4,(#268,#269,#270,#271,#272),
  .UNSPECIFIED.,.F.,.F.,(5,5),(0.,1.),.PIECEWISE_BEZIER_KNOTS.);
#268 = CARTESIAN_POINT('',(12.579471265922,1.193417712582,0.));
#269 = CARTESIAN_POINT('',(12.748978105788,1.243430468161,0.));
#270 = CARTESIAN_POINT('',(12.998888725001,1.335144000603,0.));
#271 = CARTESIAN_POINT('',(13.319496016496,1.492594625786,0.));
#272 = CARTESIAN_POINT('',(13.690373389424,1.735889012445,0.));
#273 = VECTOR('',#274,1.);
#274 = DIRECTION('',(-0.,-0.,-1.));
#275 = ADVANCED_FACE('',(#276),#303,.T.);
#276 = FACE_BOUND('',#277,.F.);
#277 = EDGE_LOOP('',(#278,#279,#288,#296));
#278 = ORIENTED_EDGE('',*,*,#251,.T.);
#279 = ORIENTED_EDGE('',*,*,#280,.T.);
#280 = EDGE_CURVE('',#242,#281,#283,.T.);
#281 = VERTEX_POINT('',#282);
#282 = CARTESIAN_POINT('',(13.624877992667,2.191506259387,12.));
#283 = CIRCLE('',#284,13.799999999976);
#284 = AXIS2_PLACEMENT_3D('',#285,#286,#287);
#285 = CARTESIAN_POINT('',(-6.310311611024E-05,3.923564187942E-04,12.));
#286 = DIRECTION('',(0.,-0.,1.));
#287 = DIRECTION('',(0.992060615403,0.125760627248,0.));
#288 = ORIENTED_EDGE('',*,*,#289,.F.);
#289 = EDGE_CURVE('',#290,#281,#292,.T.);
#290 = VERTEX_POINT('',#291);
#291 = CARTESIAN_POINT('',(13.624877992667,2.191506259387,0.));
#292 = LINE('',#293,#294);
#293 = CARTESIAN_POINT('',(13.624877992667,2.191506259387,0.));
#294 = VECTOR('',#295,1.);
#295 = DIRECTION('',(0.,0.,1.));
#296 = ORIENTED_EDGE('',*,*,#297,.F.);
#297 = EDGE_CURVE('',#252,#290,#298,.T.);
#298 = CIRCLE('',#299,13.799999999976);
#299 = AXIS2_PLACEMENT_3D('',#300,#301,#302);
#300 = CARTESIAN_POINT('',(-6.310311611024E-05,3.923564187942E-04,0.));
#301 = DIRECTION('',(0.,-0.,1.));
#302 = DIRECTION('',(0.992060615403,0.125760627248,0.));
#303 = CYLINDRICAL_SURFACE('',#304,13.799999999976);
#304 = AXIS2_PLACEMENT_3D('',#305,#306,#307);
#305 = CARTESIAN_POINT('',(-6.310311611024E-05,3.923564187942E-04,0.));
#306 = DIRECTION('',(0.,0.,-1.));
#307 = DIRECTION('',(0.992060615403,0.125760627248,0.));
#308 = ADVANCED_FACE('',(#309),#338,.F.);
#309 = FACE_BOUND('',#310,.F.);
#310 = EDGE_LOOP('',(#311,#312,#322,#330));
#311 = ORIENTED_EDGE('',*,*,#289,.T.);
#312 = ORIENTED_EDGE('',*,*,#313,.T.);
#313 = EDGE_CURVE('',#281,#314,#316,.T.);
#314 = VERTEX_POINT('',#315);
#315 = CARTESIAN_POINT('',(12.406140621969,2.398970625679,12.));
#316 = B_SPLINE_CURVE_WITH_KNOTS('',4,(#317,#318,#319,#320,#321),
  .UNSPECIFIED.,.F.,.F.,(5,5),(0.,1.),.PIECEWISE_BEZIER_KNOTS.);
#317 = CARTESIAN_POINT('',(13.624877992667,2.191506259387,12.));
#318 = CARTESIAN_POINT('',(13.200475340165,2.32040161267,12.));
#319 = CARTESIAN_POINT('',(12.848495929476,2.38114886925,12.));
#320 = CARTESIAN_POINT('',(12.582869758319,2.39873940148,12.));
#321 = CARTESIAN_POINT('',(12.406140621969,2.398970625679,12.));
#322 = ORIENTED_EDGE('',*,*,#323,.F.);
#323 = EDGE_CURVE('',#324,#314,#326,.T.);
#324 = VERTEX_POINT('',#325);
#325 = CARTESIAN_POINT('',(12.406140621969,2.398970625679,0.));
#326 = LINE('',#327,#328);
#327 = CARTESIAN_POINT('',(12.406140621969,2.398970625679,0.));
#328 = VECTOR('',#329,1.);
#329 = DIRECTION('',(0.,0.,1.));
#330 = ORIENTED_EDGE('',*,*,#331,.F.);
#331 = EDGE_CURVE('',#290,#324,#332,.T.);
#332 = B_SPLINE_CURVE_WITH_KNOTS('',4,(#333,#334,#335,#336,#337),
  .UNSPECIFIED.,.F.,.F.,(5,5),(0.,1.),.PIECEWISE_BEZIER_KNOTS.);
#333 = CARTESIAN_POINT('',(13.624877992667,2.191506259387,0.));
#334 = CARTESIAN_POINT('',(13.200475340165,2.32040161267,0.));
#335 = CARTESIAN_POINT('',(12.848495929476,2.38114886925,0.));
#336 = CARTESIAN_POINT('',(12.582869758319,2.39873940148,0.));
#337 = CARTESIAN_POINT('',(12.406140621969,2.398970625679,0.));
#338 = SURFACE_OF_LINEAR_EXTRUSION('',#339,#345);
#339 = B_SPLINE_CURVE_WITH_KNOTS('',4,(#340,#341,#342,#343,#344),
  .UNSPECIFIED.,.F.,.F.,(5,5),(0.,1.),.PIECEWISE_BEZIER_KNOTS.);
#340 = CARTESIAN_POINT('',(13.624877992667,2.191506259387,0.));
#341 = CARTESIAN_POINT('',(13.200475340165,2.32040161267,0.));
#342 = CARTESIAN_POINT('',(12.848495929476,2.38114886925,0.));
#343 = CARTESIAN_POINT('',(12.582869758319,2.39873940148,0.));
#344 = CARTESIAN_POINT('',(12.406140621969,2.398970625679,0.));
#345 = VECTOR('',#346,1.);
#346 = DIRECTION('',(-0.,-0.,-1.));
#347 = ADVANCED_FACE('',(#348),#375,.F.);
#348 = FACE_BOUND('',#349,.F.);
#349 = EDGE_LOOP('',(#350,#351,#360,#368));
#350 = ORIENTED_EDGE('',*,*,#323,.T.);
#351 = ORIENTED_EDGE('',*,*,#352,.T.);
#352 = EDGE_CURVE('',#314,#353,#355,.T.);
#353 = VERTEX_POINT('',#354);
#354 = CARTESIAN_POINT('',(12.17973347706,2.580037291934,12.));
#355 = CIRCLE('',#356,0.228);
#356 = AXIS2_PLACEMENT_3D('',#357,#358,#359);
#357 = CARTESIAN_POINT('',(12.402855603072,2.626946959212,12.));
#358 = DIRECTION('',(0.,0.,-1.));
#359 = DIRECTION('',(1.4407977619E-02,-0.999896199703,0.));
#360 = ORIENTED_EDGE('',*,*,#361,.F.);
#361 = EDGE_CURVE('',#362,#353,#364,.T.);
#362 = VERTEX_POINT('',#363);
#363 = CARTESIAN_POINT('',(12.17973347706,2.580037291934,0.));
#364 = LINE('',#365,#366);
#365 = CARTESIAN_POINT('',(12.17973347706,2.580037291934,0.));
#366 = VECTOR('',#367,1.);
#367 = DIRECTION('',(0.,0.,1.));
#368 = ORIENTED_EDGE('',*,*,#369,.F.);
#369 = EDGE_CURVE('',#324,#362,#370,.T.);
#370 = CIRCLE('',#371,0.228);
#371 = AXIS2_PLACEMENT_3D('',#372,#373,#374);
#372 = CARTESIAN_POINT('',(12.402855603072,2.626946959212,0.));
#373 = DIRECTION('',(0.,0.,-1.));
#374 = DIRECTION('',(1.4407977619E-02,-0.999896199703,0.));
#375 = CYLINDRICAL_SURFACE('',#376,0.228);
#376 = AXIS2_PLACEMENT_3D('',#377,#378,#379);
#377 = CARTESIAN_POINT('',(12.402855603072,2.626946959212,0.));
#378 = DIRECTION('',(0.,0.,-1.));
#379 = DIRECTION('',(1.4407977619E-02,-0.999896199703,0.));
#380 = ADVANCED_FACE('',(#381),#408,.T.);
#381 = FACE_BOUND('',#382,.F.);
#382 = EDGE_LOOP('',(#383,#384,#393,#401));
#383 = ORIENTED_EDGE('',*,*,#361,.T.);
#384 = ORIENTED_EDGE('',*,*,#385,.T.);
#385 = EDGE_CURVE('',#353,#386,#388,.T.);
#386 = VERTEX_POINT('',#387);
#387 = CARTESIAN_POINT('',(12.150861490799,2.712759670781,12.));
#388 = CIRCLE('',#389,12.450000000107);
#389 = AXIS2_PLACEMENT_3D('',#390,#391,#392);
#390 = CARTESIAN_POINT('',(-1.048103825951E-10,-2.265010401459E-11,12.)
  );
#391 = DIRECTION('',(0.,-0.,1.));
#392 = DIRECTION('',(0.978291845547,0.207231910999,0.));
#393 = ORIENTED_EDGE('',*,*,#394,.F.);
#394 = EDGE_CURVE('',#395,#386,#397,.T.);
#395 = VERTEX_POINT('',#396);
#396 = CARTESIAN_POINT('',(12.150861490799,2.712759670781,0.));
#397 = LINE('',#398,#399);
#398 = CARTESIAN_POINT('',(12.150861490799,2.712759670781,0.));
#399 = VECTOR('',#400,1.);
#400 = DIRECTION('',(0.,0.,1.));
#401 = ORIENTED_EDGE('',*,*,#402,.F.);
#402 = EDGE_CURVE('',#362,#395,#403,.T.);
#403 = CIRCLE('',#404,12.450000000107);
#404 = AXIS2_PLACEMENT_3D('',#405,#406,#407);
#405 = CARTESIAN_POINT('',(-1.048103825951E-10,-2.265010401459E-11,0.));
#406 = DIRECTION('',(0.,-0.,1.));
#407 = DIRECTION('',(0.978291845547,0.207231910999,0.));
#408 = CYLINDRICAL_SURFACE('',#409,12.450000000107);
#409 = AXIS2_PLACEMENT_3D('',#410,#411,#412);
#410 = CARTESIAN_POINT('',(-1.048103825951E-10,-2.265010401459E-11,0.));
#411 = DIRECTION('',(0.,0.,-1.));
#412 = DIRECTION('',(0.978291845547,0.207231910999,0.));
#413 = ADVANCED_FACE('',(#414),#441,.F.);
#414 = FACE_BOUND('',#415,.F.);
#415 = EDGE_LOOP('',(#416,#417,#426,#434));
#416 = ORIENTED_EDGE('',*,*,#394,.T.);
#417 = ORIENTED_EDGE('',*,*,#418,.T.);
#418 = EDGE_CURVE('',#386,#419,#421,.T.);
#419 = VERTEX_POINT('',#420);
#420 = CARTESIAN_POINT('',(12.281589337776,2.971515859808,12.));
#421 = CIRCLE('',#422,0.228);
#422 = AXIS2_PLACEMENT_3D('',#423,#424,#425);
#423 = CARTESIAN_POINT('',(12.37330751622,2.762777325409,12.));
#424 = DIRECTION('',(0.,0.,-1.));
#425 = DIRECTION('',(-0.975640462372,-0.219375678192,-0.));
#426 = ORIENTED_EDGE('',*,*,#427,.F.);
#427 = EDGE_CURVE('',#428,#419,#430,.T.);
#428 = VERTEX_POINT('',#429);
#429 = CARTESIAN_POINT('',(12.281589337776,2.971515859808,0.));
#430 = LINE('',#431,#432);
#431 = CARTESIAN_POINT('',(12.281589337776,2.971515859808,0.));
#432 = VECTOR('',#433,1.);
#433 = DIRECTION('',(0.,0.,1.));
#434 = ORIENTED_EDGE('',*,*,#435,.F.);
#435 = EDGE_CURVE('',#395,#428,#436,.T.);
#436 = CIRCLE('',#437,0.228);
#437 = AXIS2_PLACEMENT_3D('',#438,#439,#440);
#438 = CARTESIAN_POINT('',(12.37330751622,2.762777325409,0.));
#439 = DIRECTION('',(0.,0.,-1.));
#440 = DIRECTION('',(-0.975640462372,-0.219375678192,-0.));
#441 = CYLINDRICAL_SURFACE('',#442,0.228);
#442 = AXIS2_PLACEMENT_3D('',#443,#444,#445);
#443 = CARTESIAN_POINT('',(12.37330751622,2.762777325409,0.));
#444 = DIRECTION('',(0.,0.,-1.));
#445 = DIRECTION('',(-0.975640462372,-0.219375678192,-0.));
#446 = ADVANCED_FACE('',(#447),#476,.F.);
#447 = FACE_BOUND('',#448,.F.);
#448 = EDGE_LOOP('',(#449,#450,#460,#468));
#449 = ORIENTED_EDGE('',*,*,#427,.T.);
#450 = ORIENTED_EDGE('',*,*,#451,.T.);
#451 = EDGE_CURVE('',#419,#452,#454,.T.);
#452 = VERTEX_POINT('',#453);
#453 = CARTESIAN_POINT('',(13.303982364141,3.66656344006,12.));
#454 = B_SPLINE_CURVE_WITH_KNOTS('',4,(#455,#456,#457,#458,#459),
  .UNSPECIFIED.,.F.,.F.,(5,5),(0.,1.),.PIECEWISE_BEZIER_KNOTS.);
#455 = CARTESIAN_POINT('',(12.281589337776,2.971515859808,12.));
#456 = CARTESIAN_POINT('',(12.442253285199,3.045142896149,12.));
#457 = CARTESIAN_POINT('',(12.676567978113,3.171488906426,12.));
#458 = CARTESIAN_POINT('',(12.971504389399,3.372964086109,12.));
#459 = CARTESIAN_POINT('',(13.303982364141,3.66656344006,12.));
#460 = ORIENTED_EDGE('',*,*,#461,.F.);
#461 = EDGE_CURVE('',#462,#452,#464,.T.);
#462 = VERTEX_POINT('',#463);
#463 = CARTESIAN_POINT('',(13.303982364141,3.66656344006,0.));
#464 = LINE('',#465,#466);
#465 = CARTESIAN_POINT('',(13.303982364141,3.66656344006,0.));
#466 = VECTOR('',#467,1.);
#467 = DIRECTION('',(0.,0.,1.));
#468 = ORIENTED_EDGE('',*,*,#469,.F.);
#469 = EDGE_CURVE('',#428,#462,#470,.T.);
#470 = B_SPLINE_CURVE_WITH_KNOTS('',4,(#471,#472,#473,#474,#475),
  .UNSPECIFIED.,.F.,.F.,(5,5),(0.,1.),.PIECEWISE_BEZIER_KNOTS.);
#471 = CARTESIAN_POINT('',(12.281589337776,2.971515859808,0.));
#472 = CARTESIAN_POINT('',(12.442253285199,3.045142896149,0.));
#473 = CARTESIAN_POINT('',(12.676567978113,3.171488906426,0.));
#474 = CARTESIAN_POINT('',(12.971504389399,3.372964086109,0.));
#475 = CARTESIAN_POINT('',(13.303982364141,3.66656344006,0.));
#476 = SURFACE_OF_LINEAR_EXTRUSION('',#477,#483);
#477 = B_SPLINE_CURVE_WITH_KNOTS('',4,(#478,#479,#480,#481,#482),
  .UNSPECIFIED.,.F.,.F.,(5,5),(0.,1.),.PIECEWISE_BEZIER_KNOTS.);
#478 = CARTESIAN_POINT('',(12.281589337776,2.971515859808,0.));
#479 = CARTESIAN_POINT('',(12.442253285199,3.045142896149,0.));
#480 = CARTESIAN_POINT('',(12.676567978113,3.171488906426,0.));
#481 = CARTESIAN_POINT('',(12.971504389399,3.372964086109,0.));
#482 = CARTESIAN_POINT('',(13.303982364141,3.66656344006,0.));
#483 = VECTOR('',#484,1.);
#484 = DIRECTION('',(-0.,-0.,-1.));
#485 = ADVANCED_FACE('',(#486),#513,.T.);
#486 = FACE_BOUND('',#487,.F.);
#487 = EDGE_LOOP('',(#488,#489,#498,#506));
#488 = ORIENTED_EDGE('',*,*,#461,.T.);
#489 = ORIENTED_EDGE('',*,*,#490,.T.);
#490 = EDGE_CURVE('',#452,#491,#493,.T.);
#491 = VERTEX_POINT('',#492);
#492 = CARTESIAN_POINT('',(13.174312521274,4.108222193577,12.));
#493 = CIRCLE('',#494,13.800000000016);
#494 = AXIS2_PLACEMENT_3D('',#495,#496,#497);
#495 = CARTESIAN_POINT('',(-1.18298995349E-04,3.793822753109E-04,12.));
#496 = DIRECTION('',(0.,-0.,1.));
#497 = DIRECTION('',(0.964065265444,0.265665511433,0.));
#498 = ORIENTED_EDGE('',*,*,#499,.F.);
#499 = EDGE_CURVE('',#500,#491,#502,.T.);
#500 = VERTEX_POINT('',#501);
#501 = CARTESIAN_POINT('',(13.174312521274,4.108222193577,0.));
#502 = LINE('',#503,#504);
#503 = CARTESIAN_POINT('',(13.174312521274,4.108222193577,0.));
#504 = VECTOR('',#505,1.);
#505 = DIRECTION('',(0.,0.,1.));
#506 = ORIENTED_EDGE('',*,*,#507,.F.);
#507 = EDGE_CURVE('',#462,#500,#508,.T.);
#508 = CIRCLE('',#509,13.800000000016);
#509 = AXIS2_PLACEMENT_3D('',#510,#511,#512);
#510 = CARTESIAN_POINT('',(-1.18298995349E-04,3.793822753109E-04,0.));
#511 = DIRECTION('',(0.,-0.,1.));
#512 = DIRECTION('',(0.964065265444,0.265665511433,0.));
#513 = CYLINDRICAL_SURFACE('',#514,13.800000000016);
#514 = AXIS2_PLACEMENT_3D('',#515,#516,#517);
#515 = CARTESIAN_POINT('',(-1.18298995349E-04,3.793822753109E-04,0.));
#516 = DIRECTION('',(0.,0.,-1.));
#517 = DIRECTION('',(0.964065265444,0.265665511433,0.));
#518 = ADVANCED_FACE('',(#519),#548,.F.);
#519 = FACE_BOUND('',#520,.F.);
#520 = EDGE_LOOP('',(#521,#522,#532,#540));
#521 = ORIENTED_EDGE('',*,*,#499,.T.);
#522 = ORIENTED_EDGE('',*,*,#523,.T.);
#523 = EDGE_CURVE('',#491,#524,#526,.T.);
#524 = VERTEX_POINT('',#525);
#525 = CARTESIAN_POINT('',(11.938454881999,4.140130459951,12.));
#526 = B_SPLINE_CURVE_WITH_KNOTS('',4,(#527,#528,#529,#530,#531),
  .UNSPECIFIED.,.F.,.F.,(5,5),(0.,1.),.PIECEWISE_BEZIER_KNOTS.);
#527 = CARTESIAN_POINT('',(13.174312521274,4.108222193577,12.));
#528 = CARTESIAN_POINT('',(12.73588595448,4.175406783162,12.));
#529 = CARTESIAN_POINT('',(12.378843950684,4.185443827352,12.));
#530 = CARTESIAN_POINT('',(12.113418077198,4.165052767739,12.));
#531 = CARTESIAN_POINT('',(11.938454881999,4.140130459951,12.));
#532 = ORIENTED_EDGE('',*,*,#533,.F.);
#533 = EDGE_CURVE('',#534,#524,#536,.T.);
#534 = VERTEX_POINT('',#535);
#535 = CARTESIAN_POINT('',(11.938454881999,4.140130459951,0.));
#536 = LINE('',#537,#538);
#537 = CARTESIAN_POINT('',(11.938454881999,4.140130459951,0.));
#538 = VECTOR('',#539,1.);
#539 = DIRECTION('',(0.,0.,1.));
#540 = ORIENTED_EDGE('',*,*,#541,.F.);
#541 = EDGE_CURVE('',#500,#534,#542,.T.);
#542 = B_SPLINE_CURVE_WITH_KNOTS('',4,(#543,#544,#545,#546,#547),
  .UNSPECIFIED.,.F.,.F.,(5,5),(0.,1.),.PIECEWISE_BEZIER_KNOTS.);
#543 = CARTESIAN_POINT('',(13.174312521274,4.108222193577,0.));
#544 = CARTESIAN_POINT('',(12.73588595448,4.175406783162,0.));
#545 = CARTESIAN_POINT('',(12.378843950684,4.185443827352,0.));
#546 = CARTESIAN_POINT('',(12.113418077198,4.165052767739,0.));
#547 = CARTESIAN_POINT('',(11.938454881999,4.140130459951,0.));
#548 = SURFACE_OF_LINEAR_EXTRUSION('',#549,#555);
#549 = B_SPLINE_CURVE_WITH_KNOTS('',4,(#550,#551,#552,#553,#554),
  .UNSPECIFIED.,.F.,.F.,(5,5),(0.,1.),.PIECEWISE_BEZIER_KNOTS.);
#550 = CARTESIAN_POINT('',(13.174312521274,4.108222193577,0.));
#551 = CARTESIAN_POINT('',(12.73588595448,4.175406783162,0.));
#552 = CARTESIAN_POINT('',(12.378843950684,4.185443827352,0.));
#553 = CARTESIAN_POINT('',(12.113418077198,4.165052767739,0.));
#554 = CARTESIAN_POINT('',(11.938454881999,4.140130459951,0.));
#555 = VECTOR('',#556,1.);
#556 = DIRECTION('',(-0.,-0.,-1.));
#557 = ADVANCED_FACE('',(#558),#585,.F.);
#558 = FACE_BOUND('',#559,.F.);
#559 = EDGE_LOOP('',(#560,#561,#570,#578));
#560 = ORIENTED_EDGE('',*,*,#533,.T.);
#561 = ORIENTED_EDGE('',*,*,#562,.T.);
#562 = EDGE_CURVE('',#524,#563,#565,.T.);
#563 = VERTEX_POINT('',#564);
#564 = CARTESIAN_POINT('',(11.688583762049,4.287133032409,12.));
#565 = CIRCLE('',#566,0.228);
#566 = AXIS2_PLACEMENT_3D('',#567,#568,#569);
#567 = CARTESIAN_POINT('',(11.902758884821,4.36531881619,12.));
#568 = DIRECTION('',(0.,0.,-1.));
#569 = DIRECTION('',(0.156561391132,-0.987668229117,0.));
#570 = ORIENTED_EDGE('',*,*,#571,.F.);
#571 = EDGE_CURVE('',#572,#563,#574,.T.);
#572 = VERTEX_POINT('',#573);
#573 = CARTESIAN_POINT('',(11.688583762049,4.287133032409,0.));
#574 = LINE('',#575,#576);
#575 = CARTESIAN_POINT('',(11.688583762049,4.287133032409,0.));
#576 = VECTOR('',#577,1.);
#577 = DIRECTION('',(0.,0.,1.));
#578 = ORIENTED_EDGE('',*,*,#579,.F.);
#579 = EDGE_CURVE('',#534,#572,#580,.T.);
#580 = CIRCLE('',#581,0.228);
#581 = AXIS2_PLACEMENT_3D('',#582,#583,#584);
#582 = CARTESIAN_POINT('',(11.902758884821,4.36531881619,0.));
#583 = DIRECTION('',(0.,0.,-1.));
#584 = DIRECTION('',(0.156561391132,-0.987668229117,0.));
#585 = CYLINDRICAL_SURFACE('',#586,0.228);
#586 = AXIS2_PLACEMENT_3D('',#587,#588,#589);
#587 = CARTESIAN_POINT('',(11.902758884821,4.36531881619,0.));
#588 = DIRECTION('',(0.,0.,-1.));
#589 = DIRECTION('',(0.156561391132,-0.987668229117,0.));
#590 = ADVANCED_FACE('',(#591),#618,.T.);
#591 = FACE_BOUND('',#592,.F.);
#592 = EDGE_LOOP('',(#593,#594,#603,#611));
#593 = ORIENTED_EDGE('',*,*,#571,.T.);
#594 = ORIENTED_EDGE('',*,*,#595,.T.);
#595 = EDGE_CURVE('',#563,#596,#598,.T.);
#596 = VERTEX_POINT('',#597);
#597 = CARTESIAN_POINT('',(11.641117287097,4.414395576753,12.));
#598 = CIRCLE('',#599,12.450000000315);
#599 = AXIS2_PLACEMENT_3D('',#600,#601,#602);
#600 = CARTESIAN_POINT('',(-2.950129029955E-10,-1.100164404022E-10,12.)
  );
#601 = DIRECTION('',(0.,-0.,1.));
#602 = DIRECTION('',(0.938842069241,0.344348034732,0.));
#603 = ORIENTED_EDGE('',*,*,#604,.F.);
#604 = EDGE_CURVE('',#605,#596,#607,.T.);
#605 = VERTEX_POINT('',#606);
#606 = CARTESIAN_POINT('',(11.641117287097,4.414395576753,0.));
#607 = LINE('',#608,#609);
#608 = CARTESIAN_POINT('',(11.641117287097,4.414395576753,0.));
#609 = VECTOR('',#610,1.);
#610 = DIRECTION('',(0.,0.,1.));
#611 = ORIENTED_EDGE('',*,*,#612,.F.);
#612 = EDGE_CURVE('',#572,#605,#613,.T.);
#613 = CIRCLE('',#614,12.450000000315);
#614 = AXIS2_PLACEMENT_3D('',#615,#616,#617);
#615 = CARTESIAN_POINT('',(-2.950129029955E-10,-1.100164404022E-10,0.));
#616 = DIRECTION('',(0.,-0.,1.));
#617 = DIRECTION('',(0.938842069241,0.344348034732,0.));
#618 = CYLINDRICAL_SURFACE('',#619,12.450000000315);
#619 = AXIS2_PLACEMENT_3D('',#620,#621,#622);
#620 = CARTESIAN_POINT('',(-2.950129029955E-10,-1.100164404022E-10,0.));
#621 = DIRECTION('',(0.,0.,-1.));
#622 = DIRECTION('',(0.938842069241,0.344348034732,0.));
#623 = ADVANCED_FACE('',(#624),#651,.F.);
#624 = FACE_BOUND('',#625,.F.);
#625 = EDGE_LOOP('',(#626,#627,#636,#644));
#626 = ORIENTED_EDGE('',*,*,#604,.T.);
#627 = ORIENTED_EDGE('',*,*,#628,.T.);
#628 = EDGE_CURVE('',#596,#629,#631,.T.);
#629 = VERTEX_POINT('',#630);
#630 = CARTESIAN_POINT('',(11.733689667892,4.689122513271,12.));
#631 = CIRCLE('',#632,0.228);
#632 = AXIS2_PLACEMENT_3D('',#633,#634,#635);
#633 = CARTESIAN_POINT('',(11.85418087829,4.495561493909,12.));
#634 = DIRECTION('',(0.,0.,-1.));
#635 = DIRECTION('',(-0.93448943506,-0.355990864717,-0.));
#636 = ORIENTED_EDGE('',*,*,#637,.F.);
#637 = EDGE_CURVE('',#638,#629,#640,.T.);
#638 = VERTEX_POINT('',#639);
#639 = CARTESIAN_POINT('',(11.733689667892,4.689122513271,0.));
#640 = LINE('',#641,#642);
#641 = CARTESIAN_POINT('',(11.733689667892,4.689122513271,0.));
#642 = VECTOR('',#643,1.);
#643 = DIRECTION('',(0.,0.,1.));
#644 = ORIENTED_EDGE('',*,*,#645,.F.);
#645 = EDGE_CURVE('',#605,#638,#646,.T.);
#646 = CIRCLE('',#647,0.228);
#647 = AXIS2_PLACEMENT_3D('',#648,#649,#650);
#648 = CARTESIAN_POINT('',(11.85418087829,4.495561493909,0.));
#649 = DIRECTION('',(0.,0.,-1.));
#650 = DIRECTION('',(-0.93448943506,-0.355990864717,-0.));
#651 = CYLINDRICAL_SURFACE('',#652,0.228);
#652 = AXIS2_PLACEMENT_3D('',#653,#654,#655);
#653 = CARTESIAN_POINT('',(11.85418087829,4.495561493909,0.));
#654 = DIRECTION('',(0.,0.,-1.));
#655 = DIRECTION('',(-0.93448943506,-0.355990864717,-0.));
#656 = ADVANCED_FACE('',(#657),#686,.F.);
#657 = FACE_BOUND('',#658,.F.);
#658 = EDGE_LOOP('',(#659,#660,#670,#678));
#659 = ORIENTED_EDGE('',*,*,#637,.T.);
#660 = ORIENTED_EDGE('',*,*,#661,.T.);
#661 = EDGE_CURVE('',#629,#662,#664,.T.);
#662 = VERTEX_POINT('',#663);
#663 = CARTESIAN_POINT('',(12.646760623442,5.522597209532,12.));
#664 = B_SPLINE_CURVE_WITH_KNOTS('',4,(#665,#666,#667,#668,#669),
  .UNSPECIFIED.,.F.,.F.,(5,5),(0.,1.),.PIECEWISE_BEZIER_KNOTS.);
#665 = CARTESIAN_POINT('',(11.733689667892,4.689122513271,12.));
#666 = CARTESIAN_POINT('',(11.882240068219,4.784864996238,12.));
#667 = CARTESIAN_POINT('',(12.096188863394,4.943271443934,12.));
#668 = CARTESIAN_POINT('',(12.359450339664,5.184669724463,12.));
#669 = CARTESIAN_POINT('',(12.646760623442,5.522597209532,12.));
#670 = ORIENTED_EDGE('',*,*,#671,.F.);
#671 = EDGE_CURVE('',#672,#662,#674,.T.);
#672 = VERTEX_POINT('',#673);
#673 = CARTESIAN_POINT('',(12.646760623442,5.522597209532,0.));
#674 = LINE('',#675,#676);
#675 = CARTESIAN_POINT('',(12.646760623442,5.522597209532,0.));
#676 = VECTOR('',#677,1.);
#677 = DIRECTION('',(0.,0.,1.));
#678 = ORIENTED_EDGE('',*,*,#679,.F.);
#679 = EDGE_CURVE('',#638,#672,#680,.T.);
#680 = B_SPLINE_CURVE_WITH_KNOTS('',4,(#681,#682,#683,#684,#685),
  .UNSPECIFIED.,.F.,.F.,(5,5),(0.,1.),.PIECEWISE_BEZIER_KNOTS.);
#681 = CARTESIAN_POINT('',(11.733689667892,4.689122513271,0.));
#682 = CARTESIAN_POINT('',(11.882240068219,4.784864996238,0.));
#683 = CARTESIAN_POINT('',(12.096188863394,4.943271443934,0.));
#684 = CARTESIAN_POINT('',(12.359450339664,5.184669724463,0.));
#685 = CARTESIAN_POINT('',(12.646760623442,5.522597209532,0.));
#686 = SURFACE_OF_LINEAR_EXTRUSION('',#687,#693);
#687 = B_SPLINE_CURVE_WITH_KNOTS('',4,(#688,#689,#690,#691,#692),
  .UNSPECIFIED.,.F.,.F.,(5,5),(0.,1.),.PIECEWISE_BEZIER_KNOTS.);
#688 = CARTESIAN_POINT('',(11.733689667892,4.689122513271,0.));
#689 = CARTESIAN_POINT('',(11.882240068219,4.784864996238,0.));
#690 = CARTESIAN_POINT('',(12.096188863394,4.943271443934,0.));
#691 = CARTESIAN_POINT('',(12.359450339664,5.184669724463,0.));
#692 = CARTESIAN_POINT('',(12.646760623442,5.522597209532,0.));
#693 = VECTOR('',#694,1.);
#694 = DIRECTION('',(-0.,-0.,-1.));
#695 = ADVANCED_FACE('',(#696),#723,.T.);
#696 = FACE_BOUND('',#697,.F.);
#697 = EDGE_LOOP('',(#698,#699,#708,#716));
#698 = ORIENTED_EDGE('',*,*,#671,.T.);
#699 = ORIENTED_EDGE('',*,*,#700,.T.);
#700 = EDGE_CURVE('',#662,#701,#703,.T.);
#701 = VERTEX_POINT('',#702);
#702 = CARTESIAN_POINT('',(12.455556038528,5.94130657104,12.));
#703 = CIRCLE('',#704,13.79999999998);
#704 = AXIS2_PLACEMENT_3D('',#705,#706,#707);
#705 = CARTESIAN_POINT('',(-1.710865769056E-04,3.586850231763E-04,12.));
#706 = DIRECTION('',(0.,-0.,1.));
#707 = DIRECTION('',(0.916444326814,0.400162211921,0.));
#708 = ORIENTED_EDGE('',*,*,#709,.F.);
#709 = EDGE_CURVE('',#710,#701,#712,.T.);
#710 = VERTEX_POINT('',#711);
#711 = CARTESIAN_POINT('',(12.455556038528,5.94130657104,0.));
#712 = LINE('',#713,#714);
#713 = CARTESIAN_POINT('',(12.455556038528,5.94130657104,0.));
#714 = VECTOR('',#715,1.);
#715 = DIRECTION('',(0.,0.,1.));
#716 = ORIENTED_EDGE('',*,*,#717,.F.);
#717 = EDGE_CURVE('',#672,#710,#718,.T.);
#718 = CIRCLE('',#719,13.79999999998);
#719 = AXIS2_PLACEMENT_3D('',#720,#721,#722);
#720 = CARTESIAN_POINT('',(-1.710865769056E-04,3.586850231763E-04,0.));
#721 = DIRECTION('',(0.,-0.,1.));
#722 = DIRECTION('',(0.916444326814,0.400162211921,0.));
#723 = CYLINDRICAL_SURFACE('',#724,13.79999999998);
#724 = AXIS2_PLACEMENT_3D('',#725,#726,#727);
#725 = CARTESIAN_POINT('',(-1.710865769056E-04,3.586850231763E-04,0.));
#726 = DIRECTION('',(0.,0.,-1.));
#727 = DIRECTION('',(0.916444326814,0.400162211921,0.));
#728 = ADVANCED_FACE('',(#729),#758,.F.);
#729 = FACE_BOUND('',#730,.F.);
#730 = EDGE_LOOP('',(#731,#732,#742,#750));
#731 = ORIENTED_EDGE('',*,*,#709,.T.);
#732 = ORIENTED_EDGE('',*,*,#733,.T.);
#733 = EDGE_CURVE('',#701,#734,#736,.T.);
#734 = VERTEX_POINT('',#735);
#735 = CARTESIAN_POINT('',(11.227736628293,5.797009177209,12.));
#736 = B_SPLINE_CURVE_WITH_KNOTS('',4,(#737,#738,#739,#740,#741),
  .UNSPECIFIED.,.F.,.F.,(5,5),(0.,1.),.PIECEWISE_BEZIER_KNOTS.);
#737 = CARTESIAN_POINT('',(12.455556038528,5.94130657104,12.));
#738 = CARTESIAN_POINT('',(12.012030658023,5.945412712428,12.));
#739 = CARTESIAN_POINT('',(11.657194406693,5.904535218953,12.));
#740 = CARTESIAN_POINT('',(11.397372136238,5.846577670666,12.));
#741 = CARTESIAN_POINT('',(11.227736628293,5.797009177209,12.));
#742 = ORIENTED_EDGE('',*,*,#743,.F.);
#743 = EDGE_CURVE('',#744,#734,#746,.T.);
#744 = VERTEX_POINT('',#745);
#745 = CARTESIAN_POINT('',(11.227736628293,5.797009177209,0.));
#746 = LINE('',#747,#748);
#747 = CARTESIAN_POINT('',(11.227736628293,5.797009177209,0.));
#748 = VECTOR('',#749,1.);
#749 = DIRECTION('',(0.,0.,1.));
#750 = ORIENTED_EDGE('',*,*,#751,.F.);
#751 = EDGE_CURVE('',#710,#744,#752,.T.);
#752 = B_SPLINE_CURVE_WITH_KNOTS('',4,(#753,#754,#755,#756,#757),
  .UNSPECIFIED.,.F.,.F.,(5,5),(0.,1.),.PIECEWISE_BEZIER_KNOTS.);
#753 = CARTESIAN_POINT('',(12.455556038528,5.94130657104,0.));
#754 = CARTESIAN_POINT('',(12.012030658023,5.945412712428,0.));
#755 = CARTESIAN_POINT('',(11.657194406693,5.904535218953,0.));
#756 = CARTESIAN_POINT('',(11.397372136238,5.846577670666,0.));
#757 = CARTESIAN_POINT('',(11.227736628293,5.797009177209,0.));
#758 = SURFACE_OF_LINEAR_EXTRUSION('',#759,#765);
#759 = B_SPLINE_CURVE_WITH_KNOTS('',4,(#760,#761,#762,#763,#764),
  .UNSPECIFIED.,.F.,.F.,(5,5),(0.,1.),.PIECEWISE_BEZIER_KNOTS.);
#760 = CARTESIAN_POINT('',(12.455556038528,5.94130657104,0.));
#761 = CARTESIAN_POINT('',(12.012030658023,5.945412712428,0.));
#762 = CARTESIAN_POINT('',(11.657194406693,5.904535218953,0.));
#763 = CARTESIAN_POINT('',(11.397372136238,5.846577670666,0.));
#764 = CARTESIAN_POINT('',(11.227736628293,5.797009177209,0.));
#765 = VECTOR('',#766,1.);
#766 = DIRECTION('',(-0.,-0.,-1.));
#767 = ADVANCED_FACE('',(#768),#795,.F.);
#768 = FACE_BOUND('',#769,.F.);
#769 = EDGE_LOOP('',(#770,#771,#780,#788));
#770 = ORIENTED_EDGE('',*,*,#743,.T.);
#771 = ORIENTED_EDGE('',*,*,#772,.T.);
#772 = EDGE_CURVE('',#734,#773,#775,.T.);
#773 = VERTEX_POINT('',#774);
#774 = CARTESIAN_POINT('',(10.959488188734,5.906955107414,12.));
#775 = CIRCLE('',#776,0.228);
#776 = AXIS2_PLACEMENT_3D('',#777,#778,#779);
#777 = CARTESIAN_POINT('',(11.160356320397,6.01482537061,12.));
#778 = DIRECTION('',(0.,0.,-1.));
#779 = DIRECTION('',(0.295527666208,-0.955334181586,0.));
#780 = ORIENTED_EDGE('',*,*,#781,.F.);
#781 = EDGE_CURVE('',#782,#773,#784,.T.);
#782 = VERTEX_POINT('',#783);
#783 = CARTESIAN_POINT('',(10.959488188734,5.906955107414,0.));
#784 = LINE('',#785,#786);
#785 = CARTESIAN_POINT('',(10.959488188734,5.906955107414,0.));
#786 = VECTOR('',#787,1.);
#787 = DIRECTION('',(0.,0.,1.));
#788 = ORIENTED_EDGE('',*,*,#789,.F.);
#789 = EDGE_CURVE('',#744,#782,#790,.T.);
#790 = CIRCLE('',#791,0.228);
#791 = AXIS2_PLACEMENT_3D('',#792,#793,#794);
#792 = CARTESIAN_POINT('',(11.160356320397,6.01482537061,0.));
#793 = DIRECTION('',(0.,0.,-1.));
#794 = DIRECTION('',(0.295527666208,-0.955334181586,0.));
#795 = CYLINDRICAL_SURFACE('',#796,0.228);
#796 = AXIS2_PLACEMENT_3D('',#797,#798,#799);
#797 = CARTESIAN_POINT('',(11.160356320397,6.01482537061,0.));
#798 = DIRECTION('',(0.,0.,-1.));
#799 = DIRECTION('',(0.295527666208,-0.955334181586,0.));
#800 = ADVANCED_FACE('',(#801),#828,.T.);
#801 = FACE_BOUND('',#802,.F.);
#802 = EDGE_LOOP('',(#803,#804,#813,#821));
#803 = ORIENTED_EDGE('',*,*,#781,.T.);
#804 = ORIENTED_EDGE('',*,*,#805,.T.);
#805 = EDGE_CURVE('',#773,#806,#808,.T.);
#806 = VERTEX_POINT('',#807);
#807 = CARTESIAN_POINT('',(10.894393505639,6.026167118848,12.));
#808 = CIRCLE('',#809,12.449999999704);
#809 = AXIS2_PLACEMENT_3D('',#810,#811,#812);
#810 = CARTESIAN_POINT('',(2.595088588464E-10,1.417075345955E-10,12.));
#811 = DIRECTION('',(0.,-0.,1.));
#812 = DIRECTION('',(0.880280175802,0.474454225495,0.));
#813 = ORIENTED_EDGE('',*,*,#814,.F.);
#814 = EDGE_CURVE('',#815,#806,#817,.T.);
#815 = VERTEX_POINT('',#816);
#816 = CARTESIAN_POINT('',(10.894393505639,6.026167118848,0.));
#817 = LINE('',#818,#819);
#818 = CARTESIAN_POINT('',(10.894393505639,6.026167118848,0.));
#819 = VECTOR('',#820,1.);
#820 = DIRECTION('',(0.,0.,1.));
#821 = ORIENTED_EDGE('',*,*,#822,.F.);
#822 = EDGE_CURVE('',#782,#815,#823,.T.);
#823 = CIRCLE('',#824,12.449999999704);
#824 = AXIS2_PLACEMENT_3D('',#825,#826,#827);
#825 = CARTESIAN_POINT('',(2.595088588464E-10,1.417075345955E-10,0.));
#826 = DIRECTION('',(0.,-0.,1.));
#827 = DIRECTION('',(0.880280175802,0.474454225495,0.));
#828 = CYLINDRICAL_SURFACE('',#829,12.449999999704);
#829 = AXIS2_PLACEMENT_3D('',#830,#831,#832);
#830 = CARTESIAN_POINT('',(2.595088588464E-10,1.417075345955E-10,0.));
#831 = DIRECTION('',(0.,0.,-1.));
#832 = DIRECTION('',(0.880280175802,0.474454225495,0.));
#833 = ADVANCED_FACE('',(#834),#861,.F.);
#834 = FACE_BOUND('',#835,.F.);
#835 = EDGE_LOOP('',(#836,#837,#846,#854));
#836 = ORIENTED_EDGE('',*,*,#814,.T.);
#837 = ORIENTED_EDGE('',*,*,#838,.T.);
#838 = EDGE_CURVE('',#806,#839,#841,.T.);
#839 = VERTEX_POINT('',#840);
#840 = CARTESIAN_POINT('',(10.946925913536,6.311272154678,12.));
#841 = CIRCLE('',#842,0.228);
#842 = AXIS2_PLACEMENT_3D('',#843,#844,#845);
#843 = CARTESIAN_POINT('',(11.093737302313,6.136828994521,12.));
#844 = DIRECTION('',(0.,0.,-1.));
#845 = DIRECTION('',(-0.874314897694,-0.485359103829,-0.));
#846 = ORIENTED_EDGE('',*,*,#847,.F.);
#847 = EDGE_CURVE('',#848,#839,#850,.T.);
#848 = VERTEX_POINT('',#849);
#849 = CARTESIAN_POINT('',(10.946925913536,6.311272154678,0.));
#850 = LINE('',#851,#852);
#851 = CARTESIAN_POINT('',(10.946925913536,6.311272154678,0.));
#852 = VECTOR('',#853,1.);
#853 = DIRECTION('',(0.,0.,1.));
#854 = ORIENTED_EDGE('',*,*,#855,.F.);
#855 = EDGE_CURVE('',#815,#848,#856,.T.);
#856 = CIRCLE('',#857,0.228);
#857 = AXIS2_PLACEMENT_3D('',#858,#859,#860);
#858 = CARTESIAN_POINT('',(11.093737302313,6.136828994521,0.));
#859 = DIRECTION('',(0.,0.,-1.));
#860 = DIRECTION('',(-0.874314897694,-0.485359103829,-0.));
#861 = CYLINDRICAL_SURFACE('',#862,0.228);
#862 = AXIS2_PLACEMENT_3D('',#863,#864,#865);
#863 = CARTESIAN_POINT('',(11.093737302313,6.136828994521,0.));
#864 = DIRECTION('',(0.,0.,-1.));
#865 = DIRECTION('',(-0.874314897694,-0.485359103829,-0.));
#866 = ADVANCED_FACE('',(#867),#896,.F.);
#867 = FACE_BOUND('',#868,.F.);
#868 = EDGE_LOOP('',(#869,#870,#880,#888));
#869 = ORIENTED_EDGE('',*,*,#847,.T.);
#870 = ORIENTED_EDGE('',*,*,#871,.T.);
#871 = EDGE_CURVE('',#839,#872,#874,.T.);
#872 = VERTEX_POINT('',#873);
#873 = CARTESIAN_POINT('',(11.732087306695,7.266206825672,12.));
#874 = B_SPLINE_CURVE_WITH_KNOTS('',4,(#875,#876,#877,#878,#879),
  .UNSPECIFIED.,.F.,.F.,(5,5),(0.,1.),.PIECEWISE_BEZIER_KNOTS.);
#875 = CARTESIAN_POINT('',(10.946925913536,6.311272154678,12.));
#876 = CARTESIAN_POINT('',(11.080338709001,6.427181043415,12.));
#877 = CARTESIAN_POINT('',(11.269566225944,6.61442323006,12.));
#878 = CARTESIAN_POINT('',(11.495793522725,6.890830438581,12.));
#879 = CARTESIAN_POINT('',(11.732087306695,7.266206825672,12.));
#880 = ORIENTED_EDGE('',*,*,#881,.F.);
#881 = EDGE_CURVE('',#882,#872,#884,.T.);
#882 = VERTEX_POINT('',#883);
#883 = CARTESIAN_POINT('',(11.732087306695,7.266206825672,0.));
#884 = LINE('',#885,#886);
#885 = CARTESIAN_POINT('',(11.732087306695,7.266206825672,0.));
#886 = VECTOR('',#887,1.);
#887 = DIRECTION('',(0.,0.,1.));
#888 = ORIENTED_EDGE('',*,*,#889,.F.);
#889 = EDGE_CURVE('',#848,#882,#890,.T.);
#890 = B_SPLINE_CURVE_WITH_KNOTS('',4,(#891,#892,#893,#894,#895),
  .UNSPECIFIED.,.F.,.F.,(5,5),(0.,1.),.PIECEWISE_BEZIER_KNOTS.);
#891 = CARTESIAN_POINT('',(10.946925913536,6.311272154678,0.));
#892 = CARTESIAN_POINT('',(11.080338709001,6.427181043415,0.));
#893 = CARTESIAN_POINT('',(11.269566225944,6.61442323006,0.));
#894 = CARTESIAN_POINT('',(11.495793522725,6.890830438581,0.));
#895 = CARTESIAN_POINT('',(11.732087306695,7.266206825672,0.));
#896 = SURFACE_OF_LINEAR_EXTRUSION('',#897,#903);
#897 = B_SPLINE_CURVE_WITH_KNOTS('',4,(#898,#899,#900,#901,#902),
  .UNSPECIFIED.,.F.,.F.,(5,5),(0.,1.),.PIECEWISE_BEZIER_KNOTS.);
#898 = CARTESIAN_POINT('',(10.946925913536,6.311272154678,0.));
#899 = CARTESIAN_POINT('',(11.080338709001,6.427181043415,0.));
#900 = CARTESIAN_POINT('',(11.269566225944,6.61442323006,0.));
#901 = CARTESIAN_POINT('',(11.495793522725,6.890830438581,0.));
#902 = CARTESIAN_POINT('',(11.732087306695,7.266206825672,0.));
#903 = VECTOR('',#904,1.);
#904 = DIRECTION('',(-0.,-0.,-1.));
#905 = ADVANCED_FACE('',(#906),#933,.T.);
#906 = FACE_BOUND('',#907,.F.);
#907 = EDGE_LOOP('',(#908,#909,#918,#926));
#908 = ORIENTED_EDGE('',*,*,#881,.T.);
#909 = ORIENTED_EDGE('',*,*,#910,.T.);
#910 = EDGE_CURVE('',#872,#911,#913,.T.);
#911 = VERTEX_POINT('',#912);
#912 = CARTESIAN_POINT('',(11.483240353695,7.653443080031,12.));
#913 = CIRCLE('',#914,13.799999999997);
#914 = AXIS2_PLACEMENT_3D('',#915,#916,#917);
#915 = CARTESIAN_POINT('',(-2.203913773338E-04,3.306859593351E-04,12.));
#916 = DIRECTION('',(0.,-0.,1.));
#917 = DIRECTION('',(0.850167224498,0.526512763747,0.));
#918 = ORIENTED_EDGE('',*,*,#919,.F.);
#919 = EDGE_CURVE('',#920,#911,#922,.T.);
#920 = VERTEX_POINT('',#921);
#921 = CARTESIAN_POINT('',(11.483240353695,7.653443080031,0.));
#922 = LINE('',#923,#924);
#923 = CARTESIAN_POINT('',(11.483240353695,7.653443080031,0.));
#924 = VECTOR('',#925,1.);
#925 = DIRECTION('',(0.,0.,1.));
#926 = ORIENTED_EDGE('',*,*,#927,.F.);
#927 = EDGE_CURVE('',#882,#920,#928,.T.);
#928 = CIRCLE('',#929,13.799999999997);
#929 = AXIS2_PLACEMENT_3D('',#930,#931,#932);
#930 = CARTESIAN_POINT('',(-2.203913773338E-04,3.306859593351E-04,0.));
#931 = DIRECTION('',(0.,-0.,1.));
#932 = DIRECTION('',(0.850167224498,0.526512763747,0.));
#933 = CYLINDRICAL_SURFACE('',#934,13.799999999997);
#934 = AXIS2_PLACEMENT_3D('',#935,#936,#937);
#935 = CARTESIAN_POINT('',(-2.203913773338E-04,3.306859593351E-04,0.));
#936 = DIRECTION('',(0.,0.,-1.));
#937 = DIRECTION('',(0.850167224498,0.526512763747,0.));
#938 = ADVANCED_FACE('',(#939),#968,.F.);
#939 = FACE_BOUND('',#940,.F.);
#940 = EDGE_LOOP('',(#941,#942,#952,#960));
#941 = ORIENTED_EDGE('',*,*,#919,.T.);
#942 = ORIENTED_EDGE('',*,*,#943,.T.);
#943 = EDGE_CURVE('',#911,#944,#946,.T.);
#944 = VERTEX_POINT('',#945);
#945 = CARTESIAN_POINT('',(10.288454034953,7.335877504812,12.));
#946 = B_SPLINE_CURVE_WITH_KNOTS('',4,(#947,#948,#949,#950,#951),
  .UNSPECIFIED.,.F.,.F.,(5,5),(0.,1.),.PIECEWISE_BEZIER_KNOTS.);
#947 = CARTESIAN_POINT('',(11.483240353695,7.653443080031,12.));
#948 = CARTESIAN_POINT('',(11.043645057206,7.594387184023,12.));
#949 = CARTESIAN_POINT('',(10.698238001155,7.50342730077,12.));
#950 = CARTESIAN_POINT('',(10.449308565891,7.409083112357,12.));
#951 = CARTESIAN_POINT('',(10.288454034953,7.335877504812,12.));
#952 = ORIENTED_EDGE('',*,*,#953,.F.);
#953 = EDGE_CURVE('',#954,#944,#956,.T.);
#954 = VERTEX_POINT('',#955);
#955 = CARTESIAN_POINT('',(10.288454034953,7.335877504812,0.));
#956 = LINE('',#957,#958);
#957 = CARTESIAN_POINT('',(10.288454034953,7.335877504812,0.));
#958 = VECTOR('',#959,1.);
#959 = DIRECTION('',(0.,0.,1.));
#960 = ORIENTED_EDGE('',*,*,#961,.F.);
#961 = EDGE_CURVE('',#920,#954,#962,.T.);
#962 = B_SPLINE_CURVE_WITH_KNOTS('',4,(#963,#964,#965,#966,#967),
  .UNSPECIFIED.,.F.,.F.,(5,5),(0.,1.),.PIECEWISE_BEZIER_KNOTS.);
#963 = CARTESIAN_POINT('',(11.483240353695,7.653443080031,0.));
#964 = CARTESIAN_POINT('',(11.043645057206,7.594387184023,0.));
#965 = CARTESIAN_POINT('',(10.698238001155,7.50342730077,0.));
#966 = CARTESIAN_POINT('',(10.449308565891,7.409083112357,0.));
#967 = CARTESIAN_POINT('',(10.288454034953,7.335877504812,0.));
#968 = SURFACE_OF_LINEAR_EXTRUSION('',#969,#975);
#969 = B_SPLINE_CURVE_WITH_KNOTS('',4,(#970,#971,#972,#973,#974),
  .UNSPECIFIED.,.F.,.F.,(5,5),(0.,1.),.PIECEWISE_BEZIER_KNOTS.);
#970 = CARTESIAN_POINT('',(11.483240353695,7.653443080031,0.));
#971 = CARTESIAN_POINT('',(11.043645057206,7.594387184023,0.));
#972 = CARTESIAN_POINT('',(10.698238001155,7.50342730077,0.));
#973 = CARTESIAN_POINT('',(10.449308565891,7.409083112357,0.));
#974 = CARTESIAN_POINT('',(10.288454034953,7.335877504812,0.));
#975 = VECTOR('',#976,1.);
#976 = DIRECTION('',(-0.,-0.,-1.));
#977 = ADVANCED_FACE('',(#978),#1005,.F.);
#978 = FACE_BOUND('',#979,.F.);
#979 = EDGE_LOOP('',(#980,#981,#990,#998));
#980 = ORIENTED_EDGE('',*,*,#953,.T.);
#981 = ORIENTED_EDGE('',*,*,#982,.T.);
#982 = EDGE_CURVE('',#944,#983,#985,.T.);
#983 = VERTEX_POINT('',#984);
#984 = CARTESIAN_POINT('',(10.00728904045,7.406528610684,12.));
#985 = CIRCLE('',#986,0.228);
#986 = AXIS2_PLACEMENT_3D('',#987,#988,#989);
#987 = CARTESIAN_POINT('',(10.1907610851,7.541887425809,12.));
#988 = DIRECTION('',(0.,-0.,-1.));
#989 = DIRECTION('',(0.428477850231,-0.903552285074,0.));
#990 = ORIENTED_EDGE('',*,*,#991,.F.);
#991 = EDGE_CURVE('',#992,#983,#994,.T.);
#992 = VERTEX_POINT('',#993);
#993 = CARTESIAN_POINT('',(10.00728904045,7.406528610684,0.));
#994 = LINE('',#995,#996);
#995 = CARTESIAN_POINT('',(10.00728904045,7.406528610684,0.));
#996 = VECTOR('',#997,1.);
#997 = DIRECTION('',(0.,0.,1.));
#998 = ORIENTED_EDGE('',*,*,#999,.F.);
#999 = EDGE_CURVE('',#954,#992,#1000,.T.);
#1000 = CIRCLE('',#1001,0.228);
#1001 = AXIS2_PLACEMENT_3D('',#1002,#1003,#1004);
#1002 = CARTESIAN_POINT('',(10.1907610851,7.541887425809,0.));
#1003 = DIRECTION('',(0.,-0.,-1.));
#1004 = DIRECTION('',(0.428477850231,-0.903552285074,0.));
#1005 = CYLINDRICAL_SURFACE('',#1006,0.228);
#1006 = AXIS2_PLACEMENT_3D('',#1007,#1008,#1009);
#1007 = CARTESIAN_POINT('',(10.1907610851,7.541887425809,0.));
#1008 = DIRECTION('',(0.,0.,-1.));
#1009 = DIRECTION('',(0.428477850231,-0.903552285074,0.));
#1010 = ADVANCED_FACE('',(#1011),#1038,.T.);
#1011 = FACE_BOUND('',#1012,.F.);
#1012 = EDGE_LOOP('',(#1013,#1014,#1023,#1031));
#1013 = ORIENTED_EDGE('',*,*,#991,.T.);
#1014 = ORIENTED_EDGE('',*,*,#1015,.T.);
#1015 = EDGE_CURVE('',#983,#1016,#1018,.T.);
#1016 = VERTEX_POINT('',#1017);
#1017 = CARTESIAN_POINT('',(9.925891289243,7.515263276434,12.));
#1018 = CIRCLE('',#1019,12.450000000365);
#1019 = AXIS2_PLACEMENT_3D('',#1020,#1021,#1022);
#1020 = CARTESIAN_POINT('',(-2.922107000813E-10,-2.186730796438E-10,12.)
  );
#1021 = DIRECTION('',(0.,-0.,1.));
#1022 = DIRECTION('',(0.803798316502,0.594901896441,0.));
#1023 = ORIENTED_EDGE('',*,*,#1024,.F.);
#1024 = EDGE_CURVE('',#1025,#1016,#1027,.T.);
#1025 = VERTEX_POINT('',#1026);
#1026 = CARTESIAN_POINT('',(9.925891289243,7.515263276434,0.));
#1027 = LINE('',#1028,#1029);
#1028 = CARTESIAN_POINT('',(9.925891289243,7.515263276434,0.));
#1029 = VECTOR('',#1030,1.);
#1030 = DIRECTION('',(0.,0.,1.));
#1031 = ORIENTED_EDGE('',*,*,#1032,.F.);
#1032 = EDGE_CURVE('',#992,#1025,#1033,.T.);
#1033 = CIRCLE('',#1034,12.450000000365);
#1034 = AXIS2_PLACEMENT_3D('',#1035,#1036,#1037);
#1035 = CARTESIAN_POINT('',(-2.922107000813E-10,-2.186730796438E-10,0.)
  );
#1036 = DIRECTION('',(0.,-0.,1.));
#1037 = DIRECTION('',(0.803798316502,0.594901896441,0.));
#1038 = CYLINDRICAL_SURFACE('',#1039,12.450000000365);
#1039 = AXIS2_PLACEMENT_3D('',#1040,#1041,#1042);
#1040 = CARTESIAN_POINT('',(-2.922107000813E-10,-2.186730796438E-10,0.)
  );
#1041 = DIRECTION('',(0.,0.,-1.));
#1042 = DIRECTION('',(0.803798316502,0.594901896441,0.));
#1043 = ADVANCED_FACE('',(#1044),#1071,.F.);
#1044 = FACE_BOUND('',#1045,.F.);
#1045 = EDGE_LOOP('',(#1046,#1047,#1056,#1064));
#1046 = ORIENTED_EDGE('',*,*,#1024,.T.);
#1047 = ORIENTED_EDGE('',*,*,#1048,.T.);
#1048 = EDGE_CURVE('',#1016,#1049,#1051,.T.);
#1049 = VERTEX_POINT('',#1050);
#1050 = CARTESIAN_POINT('',(9.937314315909,7.804942495221,12.));
#1051 = CIRCLE('',#1052,0.228);
#1052 = AXIS2_PLACEMENT_3D('',#1053,#1054,#1055);
#1053 = CARTESIAN_POINT('',(10.107457226558,7.653168353959,12.));
#1054 = DIRECTION('',(0.,0.,-1.));
#1055 = DIRECTION('',(-0.796341830328,-0.604846831247,-0.));
#1056 = ORIENTED_EDGE('',*,*,#1057,.F.);
#1057 = EDGE_CURVE('',#1058,#1049,#1060,.T.);
#1058 = VERTEX_POINT('',#1059);
#1059 = CARTESIAN_POINT('',(9.937314315909,7.804942495221,0.));
#1060 = LINE('',#1061,#1062);
#1061 = CARTESIAN_POINT('',(9.937314315909,7.804942495221,0.));
#1062 = VECTOR('',#1063,1.);
#1063 = DIRECTION('',(0.,0.,1.));
#1064 = ORIENTED_EDGE('',*,*,#1065,.F.);
#1065 = EDGE_CURVE('',#1025,#1058,#1066,.T.);
#1066 = CIRCLE('',#1067,0.228);
#1067 = AXIS2_PLACEMENT_3D('',#1068,#1069,#1070);
#1068 = CARTESIAN_POINT('',(10.107457226558,7.653168353959,0.));
#1069 = DIRECTION('',(0.,0.,-1.));
#1070 = DIRECTION('',(-0.796341830328,-0.604846831247,-0.));
#1071 = CYLINDRICAL_SURFACE('',#1072,0.228);
#1072 = AXIS2_PLACEMENT_3D('',#1073,#1074,#1075);
#1073 = CARTESIAN_POINT('',(10.107457226558,7.653168353959,0.));
#1074 = DIRECTION('',(0.,0.,-1.));
#1075 = DIRECTION('',(-0.796341830328,-0.604846831247,-0.));
#1076 = ADVANCED_FACE('',(#1077),#1106,.F.);
#1077 = FACE_BOUND('',#1078,.F.);
#1078 = EDGE_LOOP('',(#1079,#1080,#1090,#1098));
#1079 = ORIENTED_EDGE('',*,*,#1057,.T.);
#1080 = ORIENTED_EDGE('',*,*,#1081,.T.);
#1081 = EDGE_CURVE('',#1049,#1082,#1084,.T.);
#1082 = VERTEX_POINT('',#1083);
#1083 = CARTESIAN_POINT('',(10.57858252493,8.861897424853,12.));
#1084 = B_SPLINE_CURVE_WITH_KNOTS('',4,(#1085,#1086,#1087,#1088,#1089),
  .UNSPECIFIED.,.F.,.F.,(5,5),(0.,1.),.PIECEWISE_BEZIER_KNOTS.);
#1085 = CARTESIAN_POINT('',(9.937314315909,7.804942495221,12.));
#1086 = CARTESIAN_POINT('',(10.052873606726,7.938658219008,12.));
#1087 = CARTESIAN_POINT('',(10.213527718879,8.150924433644,12.));
#1088 = CARTESIAN_POINT('',(10.398115500794,8.456713716483,12.));
#1089 = CARTESIAN_POINT('',(10.57858252493,8.861897424853,12.));
#1090 = ORIENTED_EDGE('',*,*,#1091,.F.);
#1091 = EDGE_CURVE('',#1092,#1082,#1094,.T.);
#1092 = VERTEX_POINT('',#1093);
#1093 = CARTESIAN_POINT('',(10.57858252493,8.861897424853,0.));
#1094 = LINE('',#1095,#1096);
#1095 = CARTESIAN_POINT('',(10.57858252493,8.861897424853,0.));
#1096 = VECTOR('',#1097,1.);
#1097 = DIRECTION('',(0.,0.,1.));
#1098 = ORIENTED_EDGE('',*,*,#1099,.F.);
#1099 = EDGE_CURVE('',#1058,#1092,#1100,.T.);
#1100 = B_SPLINE_CURVE_WITH_KNOTS('',4,(#1101,#1102,#1103,#1104,#1105),
  .UNSPECIFIED.,.F.,.F.,(5,5),(0.,1.),.PIECEWISE_BEZIER_KNOTS.);
#1101 = CARTESIAN_POINT('',(9.937314315909,7.804942495221,0.));
#1102 = CARTESIAN_POINT('',(10.052873606726,7.938658219008,0.));
#1103 = CARTESIAN_POINT('',(10.213527718879,8.150924433644,0.));
#1104 = CARTESIAN_POINT('',(10.398115500794,8.456713716483,0.));
#1105 = CARTESIAN_POINT('',(10.57858252493,8.861897424853,0.));
#1106 = SURFACE_OF_LINEAR_EXTRUSION('',#1107,#1113);
#1107 = B_SPLINE_CURVE_WITH_KNOTS('',4,(#1108,#1109,#1110,#1111,#1112),
  .UNSPECIFIED.,.F.,.F.,(5,5),(0.,1.),.PIECEWISE_BEZIER_KNOTS.);
#1108 = CARTESIAN_POINT('',(9.937314315909,7.804942495221,0.));
#1109 = CARTESIAN_POINT('',(10.052873606726,7.938658219008,0.));
#1110 = CARTESIAN_POINT('',(10.213527718879,8.150924433644,0.));
#1111 = CARTESIAN_POINT('',(10.398115500794,8.456713716483,0.));
#1112 = CARTESIAN_POINT('',(10.57858252493,8.861897424853,0.));
#1113 = VECTOR('',#1114,1.);
#1114 = DIRECTION('',(-0.,-0.,-1.));
#1115 = ADVANCED_FACE('',(#1116),#1143,.T.);
#1116 = FACE_BOUND('',#1117,.F.);
#1117 = EDGE_LOOP('',(#1118,#1119,#1128,#1136));
#1118 = ORIENTED_EDGE('',*,*,#1091,.T.);
#1119 = ORIENTED_EDGE('',*,*,#1120,.T.);
#1120 = EDGE_CURVE('',#1082,#1121,#1123,.T.);
#1121 = VERTEX_POINT('',#1122);
#1122 = CARTESIAN_POINT('',(10.277159010191,9.209777558619,12.));
#1123 = CIRCLE('',#1124,13.800000000003);
#1124 = AXIS2_PLACEMENT_3D('',#1125,#1126,#1127);
#1125 = CARTESIAN_POINT('',(-2.652096347715E-04,2.959550854875E-04,12.)
  );
#1126 = DIRECTION('',(0.,-0.,1.));
#1127 = DIRECTION('',(0.766583169171,0.642145034041,0.));
#1128 = ORIENTED_EDGE('',*,*,#1129,.F.);
#1129 = EDGE_CURVE('',#1130,#1121,#1132,.T.);
#1130 = VERTEX_POINT('',#1131);
#1131 = CARTESIAN_POINT('',(10.277159010191,9.209777558619,0.));
#1132 = LINE('',#1133,#1134);
#1133 = CARTESIAN_POINT('',(10.277159010191,9.209777558619,0.));
#1134 = VECTOR('',#1135,1.);
#1135 = DIRECTION('',(0.,0.,1.));
#1136 = ORIENTED_EDGE('',*,*,#1137,.F.);
#1137 = EDGE_CURVE('',#1092,#1130,#1138,.T.);
#1138 = CIRCLE('',#1139,13.800000000003);
#1139 = AXIS2_PLACEMENT_3D('',#1140,#1141,#1142);
#1140 = CARTESIAN_POINT('',(-2.652096347715E-04,2.959550854875E-04,0.));
#1141 = DIRECTION('',(0.,-0.,1.));
#1142 = DIRECTION('',(0.766583169171,0.642145034041,0.));
#1143 = CYLINDRICAL_SURFACE('',#1144,13.800000000003);
#1144 = AXIS2_PLACEMENT_3D('',#1145,#1146,#1147);
#1145 = CARTESIAN_POINT('',(-2.652096347715E-04,2.959550854875E-04,0.));
#1146 = DIRECTION('',(0.,0.,-1.));
#1147 = DIRECTION('',(0.766583169171,0.642145034041,0.));
#1148 = ADVANCED_FACE('',(#1149),#1178,.F.);
#1149 = FACE_BOUND('',#1150,.F.);
#1150 = EDGE_LOOP('',(#1151,#1152,#1162,#1170));
#1151 = ORIENTED_EDGE('',*,*,#1129,.T.);
#1152 = ORIENTED_EDGE('',*,*,#1153,.T.);
#1153 = EDGE_CURVE('',#1121,#1154,#1156,.T.);
#1154 = VERTEX_POINT('',#1155);
#1155 = CARTESIAN_POINT('',(9.139728186913,8.725408521341,12.));
#1156 = B_SPLINE_CURVE_WITH_KNOTS('',4,(#1157,#1158,#1159,#1160,#1161),
  .UNSPECIFIED.,.F.,.F.,(5,5),(0.,1.),.PIECEWISE_BEZIER_KNOTS.);
#1157 = CARTESIAN_POINT('',(10.277159010191,9.209777558619,12.));
#1158 = CARTESIAN_POINT('',(9.850442690266,9.088761832955,12.));
#1159 = CARTESIAN_POINT('',(9.521496321084,8.94957124084,12.));
#1160 = CARTESIAN_POINT('',(9.288527206461,8.820760987911,12.));
#1161 = CARTESIAN_POINT('',(9.139728186913,8.725408521341,12.));
#1162 = ORIENTED_EDGE('',*,*,#1163,.F.);
#1163 = EDGE_CURVE('',#1164,#1154,#1166,.T.);
#1164 = VERTEX_POINT('',#1165);
#1165 = CARTESIAN_POINT('',(9.139728186913,8.725408521341,0.));
#1166 = LINE('',#1167,#1168);
#1167 = CARTESIAN_POINT('',(9.139728186913,8.725408521341,0.));
#1168 = VECTOR('',#1169,1.);
#1169 = DIRECTION('',(0.,0.,1.));
#1170 = ORIENTED_EDGE('',*,*,#1171,.F.);
#1171 = EDGE_CURVE('',#1130,#1164,#1172,.T.);
#1172 = B_SPLINE_CURVE_WITH_KNOTS('',4,(#1173,#1174,#1175,#1176,#1177),
  .UNSPECIFIED.,.F.,.F.,(5,5),(0.,1.),.PIECEWISE_BEZIER_KNOTS.);
#1173 = CARTESIAN_POINT('',(10.277159010191,9.209777558619,0.));
#1174 = CARTESIAN_POINT('',(9.850442690266,9.088761832955,0.));
#1175 = CARTESIAN_POINT('',(9.521496321084,8.94957124084,0.));
#1176 = CARTESIAN_POINT('',(9.288527206461,8.820760987911,0.));
#1177 = CARTESIAN_POINT('',(9.139728186913,8.725408521341,0.));
#1178 = SURFACE_OF_LINEAR_EXTRUSION('',#1179,#1185);
#1179 = B_SPLINE_CURVE_WITH_KNOTS('',4,(#1180,#1181,#1182,#1183,#1184),
  .UNSPECIFIED.,.F.,.F.,(5,5),(0.,1.),.PIECEWISE_BEZIER_KNOTS.);
#1180 = CARTESIAN_POINT('',(10.277159010191,9.209777558619,0.));
#1181 = CARTESIAN_POINT('',(9.850442690266,9.088761832955,0.));
#1182 = CARTESIAN_POINT('',(9.521496321084,8.94957124084,0.));
#1183 = CARTESIAN_POINT('',(9.288527206461,8.820760987911,0.));
#1184 = CARTESIAN_POINT('',(9.139728186913,8.725408521341,0.));
#1185 = VECTOR('',#1186,1.);
#1186 = DIRECTION('',(-0.,-0.,-1.));
#1187 = ADVANCED_FACE('',(#1188),#1215,.F.);
#1188 = FACE_BOUND('',#1189,.F.);
#1189 = EDGE_LOOP('',(#1190,#1191,#1200,#1208));
#1190 = ORIENTED_EDGE('',*,*,#1163,.T.);
#1191 = ORIENTED_EDGE('',*,*,#1192,.T.);
#1192 = EDGE_CURVE('',#1154,#1193,#1195,.T.);
#1193 = VERTEX_POINT('',#1194);
#1194 = CARTESIAN_POINT('',(8.851370345942,8.755326550105,12.));
#1195 = CIRCLE('',#1196,0.228);
#1196 = AXIS2_PLACEMENT_3D('',#1197,#1198,#1199);
#1197 = CARTESIAN_POINT('',(9.013711341839,8.915418402026,12.));
#1198 = DIRECTION('',(0.,-0.,-1.));
#1199 = DIRECTION('',(0.552705460851,-0.833376669667,0.));
#1200 = ORIENTED_EDGE('',*,*,#1201,.F.);
#1201 = EDGE_CURVE('',#1202,#1193,#1204,.T.);
#1202 = VERTEX_POINT('',#1203);
#1203 = CARTESIAN_POINT('',(8.851370345942,8.755326550105,0.));
#1204 = LINE('',#1205,#1206);
#1205 = CARTESIAN_POINT('',(8.851370345942,8.755326550105,0.));
#1206 = VECTOR('',#1207,1.);
#1207 = DIRECTION('',(0.,0.,1.));
#1208 = ORIENTED_EDGE('',*,*,#1209,.F.);
#1209 = EDGE_CURVE('',#1164,#1202,#1210,.T.);
#1210 = CIRCLE('',#1211,0.228);
#1211 = AXIS2_PLACEMENT_3D('',#1212,#1213,#1214);
#1212 = CARTESIAN_POINT('',(9.013711341839,8.915418402026,0.));
#1213 = DIRECTION('',(0.,-0.,-1.));
#1214 = DIRECTION('',(0.552705460851,-0.833376669667,0.));
#1215 = CYLINDRICAL_SURFACE('',#1216,0.228);
#1216 = AXIS2_PLACEMENT_3D('',#1217,#1218,#1219);
#1217 = CARTESIAN_POINT('',(9.013711341839,8.915418402026,0.));
#1218 = DIRECTION('',(0.,0.,-1.));
#1219 = DIRECTION('',(0.552705460851,-0.833376669667,0.));
#1220 = ADVANCED_FACE('',(#1221),#1248,.T.);
#1221 = FACE_BOUND('',#1222,.F.);
#1222 = EDGE_LOOP('',(#1223,#1224,#1233,#1241));
#1223 = ORIENTED_EDGE('',*,*,#1201,.T.);
#1224 = ORIENTED_EDGE('',*,*,#1225,.T.);
#1225 = EDGE_CURVE('',#1193,#1226,#1228,.T.);
#1226 = VERTEX_POINT('',#1227);
#1227 = CARTESIAN_POINT('',(8.755326550105,8.851370345942,12.));
#1228 = CIRCLE('',#1229,12.45000000006);
#1229 = AXIS2_PLACEMENT_3D('',#1230,#1231,#1232);
#1230 = CARTESIAN_POINT('',(-4.238920325861E-11,-4.2064129957E-11,12.));
#1231 = DIRECTION('',(0.,-0.,1.));
#1232 = DIRECTION('',(0.710953441441,0.70323908033,0.));
#1233 = ORIENTED_EDGE('',*,*,#1234,.F.);
#1234 = EDGE_CURVE('',#1235,#1226,#1237,.T.);
#1235 = VERTEX_POINT('',#1236);
#1236 = CARTESIAN_POINT('',(8.755326550105,8.851370345942,0.));
#1237 = LINE('',#1238,#1239);
#1238 = CARTESIAN_POINT('',(8.755326550105,8.851370345942,0.));
#1239 = VECTOR('',#1240,1.);
#1240 = DIRECTION('',(0.,0.,1.));
#1241 = ORIENTED_EDGE('',*,*,#1242,.F.);
#1242 = EDGE_CURVE('',#1202,#1235,#1243,.T.);
#1243 = CIRCLE('',#1244,12.45000000006);
#1244 = AXIS2_PLACEMENT_3D('',#1245,#1246,#1247);
#1245 = CARTESIAN_POINT('',(-4.238920325861E-11,-4.2064129957E-11,0.));
#1246 = DIRECTION('',(0.,-0.,1.));
#1247 = DIRECTION('',(0.710953441441,0.70323908033,0.));
#1248 = CYLINDRICAL_SURFACE('',#1249,12.45000000006);
#1249 = AXIS2_PLACEMENT_3D('',#1250,#1251,#1252);
#1250 = CARTESIAN_POINT('',(-4.238920325861E-11,-4.2064129957E-11,0.));
#1251 = DIRECTION('',(0.,0.,-1.));
#1252 = DIRECTION('',(0.710953441441,0.70323908033,0.));
#1253 = ADVANCED_FACE('',(#1254),#1281,.F.);
#1254 = FACE_BOUND('',#1255,.F.);
#1255 = EDGE_LOOP('',(#1256,#1257,#1266,#1274));
#1256 = ORIENTED_EDGE('',*,*,#1234,.T.);
#1257 = ORIENTED_EDGE('',*,*,#1258,.T.);
#1258 = EDGE_CURVE('',#1226,#1259,#1261,.T.);
#1259 = VERTEX_POINT('',#1260);
#1260 = CARTESIAN_POINT('',(8.725407655657,9.139726714156,12.));
#1261 = CIRCLE('',#1262,0.228);
#1262 = AXIS2_PLACEMENT_3D('',#1263,#1264,#1265);
#1263 = CARTESIAN_POINT('',(8.91541846917,9.013711275625,12.));
#1264 = DIRECTION('',(0.,0.,-1.));
#1265 = DIRECTION('',(-0.702157539756,-0.712021621416,-0.));
#1266 = ORIENTED_EDGE('',*,*,#1267,.F.);
#1267 = EDGE_CURVE('',#1268,#1259,#1270,.T.);
#1268 = VERTEX_POINT('',#1269);
#1269 = CARTESIAN_POINT('',(8.725407655657,9.139726714156,0.));
#1270 = LINE('',#1271,#1272);
#1271 = CARTESIAN_POINT('',(8.725407655657,9.139726714156,0.));
#1272 = VECTOR('',#1273,1.);
#1273 = DIRECTION('',(0.,0.,1.));
#1274 = ORIENTED_EDGE('',*,*,#1275,.F.);
#1275 = EDGE_CURVE('',#1235,#1268,#1276,.T.);
#1276 = CIRCLE('',#1277,0.228);
#1277 = AXIS2_PLACEMENT_3D('',#1278,#1279,#1280);
#1278 = CARTESIAN_POINT('',(8.91541846917,9.013711275625,0.));
#1279 = DIRECTION('',(0.,0.,-1.));
#1280 = DIRECTION('',(-0.702157539756,-0.712021621416,-0.));
#1281 = CYLINDRICAL_SURFACE('',#1282,0.228);
#1282 = AXIS2_PLACEMENT_3D('',#1283,#1284,#1285);
#1283 = CARTESIAN_POINT('',(8.91541846917,9.013711275625,0.));
#1284 = DIRECTION('',(0.,0.,-1.));
#1285 = DIRECTION('',(-0.702157539756,-0.712021621416,-0.));
#1286 = ADVANCED_FACE('',(#1287),#1316,.F.);
#1287 = FACE_BOUND('',#1288,.F.);
#1288 = EDGE_LOOP('',(#1289,#1290,#1300,#1308));
#1289 = ORIENTED_EDGE('',*,*,#1267,.T.);
#1290 = ORIENTED_EDGE('',*,*,#1291,.T.);
#1291 = EDGE_CURVE('',#1259,#1292,#1294,.T.);
#1292 = VERTEX_POINT('',#1293);
#1293 = CARTESIAN_POINT('',(9.209728309071,10.277185348065,12.));
#1294 = B_SPLINE_CURVE_WITH_KNOTS('',4,(#1295,#1296,#1297,#1298,#1299),
  .UNSPECIFIED.,.F.,.F.,(5,5),(0.,1.),.PIECEWISE_BEZIER_KNOTS.);
#1295 = CARTESIAN_POINT('',(8.725407655657,9.139726714156,12.));
#1296 = CARTESIAN_POINT('',(8.820760987911,9.288527206461,12.));
#1297 = CARTESIAN_POINT('',(8.94957124084,9.521496321084,12.));
#1298 = CARTESIAN_POINT('',(9.088761832955,9.850442690266,12.));
#1299 = CARTESIAN_POINT('',(9.209728309071,10.277185348065,12.));
#1300 = ORIENTED_EDGE('',*,*,#1301,.F.);
#1301 = EDGE_CURVE('',#1302,#1292,#1304,.T.);
#1302 = VERTEX_POINT('',#1303);
#1303 = CARTESIAN_POINT('',(9.209728309071,10.277185348065,0.));
#1304 = LINE('',#1305,#1306);
#1305 = CARTESIAN_POINT('',(9.209728309071,10.277185348065,0.));
#1306 = VECTOR('',#1307,1.);
#1307 = DIRECTION('',(0.,0.,1.));
#1308 = ORIENTED_EDGE('',*,*,#1309,.F.);
#1309 = EDGE_CURVE('',#1268,#1302,#1310,.T.);
#1310 = B_SPLINE_CURVE_WITH_KNOTS('',4,(#1311,#1312,#1313,#1314,#1315),
  .UNSPECIFIED.,.F.,.F.,(5,5),(0.,1.),.PIECEWISE_BEZIER_KNOTS.);
#1311 = CARTESIAN_POINT('',(8.725407655657,9.139726714156,0.));
#1312 = CARTESIAN_POINT('',(8.820760987911,9.288527206461,0.));
#1313 = CARTESIAN_POINT('',(8.94957124084,9.521496321084,0.));
#1314 = CARTESIAN_POINT('',(9.088761832955,9.850442690266,0.));
#1315 = CARTESIAN_POINT('',(9.209728309071,10.277185348065,0.));
#1316 = SURFACE_OF_LINEAR_EXTRUSION('',#1317,#1323);
#1317 = B_SPLINE_CURVE_WITH_KNOTS('',4,(#1318,#1319,#1320,#1321,#1322),
  .UNSPECIFIED.,.F.,.F.,(5,5),(0.,1.),.PIECEWISE_BEZIER_KNOTS.);
#1318 = CARTESIAN_POINT('',(8.725407655657,9.139726714156,0.));
#1319 = CARTESIAN_POINT('',(8.820760987911,9.288527206461,0.));
#1320 = CARTESIAN_POINT('',(8.94957124084,9.521496321084,0.));
#1321 = CARTESIAN_POINT('',(9.088761832955,9.850442690266,0.));
#1322 = CARTESIAN_POINT('',(9.209728309071,10.277185348065,0.));
#1323 = VECTOR('',#1324,1.);
#1324 = DIRECTION('',(-0.,-0.,-1.));
#1325 = ADVANCED_FACE('',(#1326),#1353,.T.);
#1326 = FACE_BOUND('',#1327,.F.);
#1327 = EDGE_LOOP('',(#1328,#1329,#1338,#1346));
#1328 = ORIENTED_EDGE('',*,*,#1301,.T.);
#1329 = ORIENTED_EDGE('',*,*,#1330,.T.);
#1330 = EDGE_CURVE('',#1292,#1331,#1333,.T.);
#1331 = VERTEX_POINT('',#1332);
#1332 = CARTESIAN_POINT('',(8.861864346119,10.578627524919,12.));
#1333 = CIRCLE('',#1334,13.799999999986);
#1334 = AXIS2_PLACEMENT_3D('',#1335,#1336,#1337);
#1335 = CARTESIAN_POINT('',(-3.046289717856E-04,2.551994362818E-04,12.)
  );
#1336 = DIRECTION('',(0.,-0.,1.));
#1337 = DIRECTION('',(0.667393691163,0.744705083235,0.));
#1338 = ORIENTED_EDGE('',*,*,#1339,.F.);
#1339 = EDGE_CURVE('',#1340,#1331,#1342,.T.);
#1340 = VERTEX_POINT('',#1341);
#1341 = CARTESIAN_POINT('',(8.861864346119,10.578627524919,0.));
#1342 = LINE('',#1343,#1344);
#1343 = CARTESIAN_POINT('',(8.861864346119,10.578627524919,0.));
#1344 = VECTOR('',#1345,1.);
#1345 = DIRECTION('',(0.,0.,1.));
#1346 = ORIENTED_EDGE('',*,*,#1347,.F.);
#1347 = EDGE_CURVE('',#1302,#1340,#1348,.T.);
#1348 = CIRCLE('',#1349,13.799999999986);
#1349 = AXIS2_PLACEMENT_3D('',#1350,#1351,#1352);
#1350 = CARTESIAN_POINT('',(-3.046289717856E-04,2.551994362818E-04,0.));
#1351 = DIRECTION('',(0.,-0.,1.));
#1352 = DIRECTION('',(0.667393691163,0.744705083235,0.));
#1353 = CYLINDRICAL_SURFACE('',#1354,13.799999999986);
#1354 = AXIS2_PLACEMENT_3D('',#1355,#1356,#1357);
#1355 = CARTESIAN_POINT('',(-3.046289717856E-04,2.551994362818E-04,0.));
#1356 = DIRECTION('',(0.,0.,-1.));
#1357 = DIRECTION('',(0.667393691163,0.744705083235,0.));
#1358 = ADVANCED_FACE('',(#1359),#1388,.F.);
#1359 = FACE_BOUND('',#1360,.F.);
#1360 = EDGE_LOOP('',(#1361,#1362,#1372,#1380));
#1361 = ORIENTED_EDGE('',*,*,#1339,.T.);
#1362 = ORIENTED_EDGE('',*,*,#1363,.T.);
#1363 = EDGE_CURVE('',#1331,#1364,#1366,.T.);
#1364 = VERTEX_POINT('',#1365);
#1365 = CARTESIAN_POINT('',(7.804943829787,9.937315382377,12.));
#1366 = B_SPLINE_CURVE_WITH_KNOTS('',4,(#1367,#1368,#1369,#1370,#1371),
  .UNSPECIFIED.,.F.,.F.,(5,5),(0.,1.),.PIECEWISE_BEZIER_KNOTS.);
#1367 = CARTESIAN_POINT('',(8.861864346119,10.578627524919,12.));
#1368 = CARTESIAN_POINT('',(8.456713716483,10.398115500794,12.));
#1369 = CARTESIAN_POINT('',(8.150924433644,10.213527718879,12.));
#1370 = CARTESIAN_POINT('',(7.938658219008,10.052873606726,12.));
#1371 = CARTESIAN_POINT('',(7.804943829787,9.937315382377,12.));
#1372 = ORIENTED_EDGE('',*,*,#1373,.F.);
#1373 = EDGE_CURVE('',#1374,#1364,#1376,.T.);
#1374 = VERTEX_POINT('',#1375);
#1375 = CARTESIAN_POINT('',(7.804943829787,9.937315382377,0.));
#1376 = LINE('',#1377,#1378);
#1377 = CARTESIAN_POINT('',(7.804943829787,9.937315382377,0.));
#1378 = VECTOR('',#1379,1.);
#1379 = DIRECTION('',(0.,0.,1.));
#1380 = ORIENTED_EDGE('',*,*,#1381,.F.);
#1381 = EDGE_CURVE('',#1340,#1374,#1382,.T.);
#1382 = B_SPLINE_CURVE_WITH_KNOTS('',4,(#1383,#1384,#1385,#1386,#1387),
  .UNSPECIFIED.,.F.,.F.,(5,5),(0.,1.),.PIECEWISE_BEZIER_KNOTS.);
#1383 = CARTESIAN_POINT('',(8.861864346119,10.578627524919,0.));
#1384 = CARTESIAN_POINT('',(8.456713716483,10.398115500794,0.));
#1385 = CARTESIAN_POINT('',(8.150924433644,10.213527718879,0.));
#1386 = CARTESIAN_POINT('',(7.938658219008,10.052873606726,0.));
#1387 = CARTESIAN_POINT('',(7.804943829787,9.937315382377,0.));
#1388 = SURFACE_OF_LINEAR_EXTRUSION('',#1389,#1395);
#1389 = B_SPLINE_CURVE_WITH_KNOTS('',4,(#1390,#1391,#1392,#1393,#1394),
  .UNSPECIFIED.,.F.,.F.,(5,5),(0.,1.),.PIECEWISE_BEZIER_KNOTS.);
#1390 = CARTESIAN_POINT('',(8.861864346119,10.578627524919,0.));
#1391 = CARTESIAN_POINT('',(8.456713716483,10.398115500794,0.));
#1392 = CARTESIAN_POINT('',(8.150924433644,10.213527718879,0.));
#1393 = CARTESIAN_POINT('',(7.938658219008,10.052873606726,0.));
#1394 = CARTESIAN_POINT('',(7.804943829787,9.937315382377,0.));
#1395 = VECTOR('',#1396,1.);
#1396 = DIRECTION('',(-0.,-0.,-1.));
#1397 = ADVANCED_FACE('',(#1398),#1425,.F.);
#1398 = FACE_BOUND('',#1399,.F.);
#1399 = EDGE_LOOP('',(#1400,#1401,#1410,#1418));
#1400 = ORIENTED_EDGE('',*,*,#1373,.T.);
#1401 = ORIENTED_EDGE('',*,*,#1402,.T.);
#1402 = EDGE_CURVE('',#1364,#1403,#1405,.T.);
#1403 = VERTEX_POINT('',#1404);
#1404 = CARTESIAN_POINT('',(7.515263276434,9.925891289243,12.));
#1405 = CIRCLE('',#1406,0.228);
#1406 = AXIS2_PLACEMENT_3D('',#1407,#1408,#1409);
#1407 = CARTESIAN_POINT('',(7.653168429054,10.107457169521,12.));
#1408 = DIRECTION('',(0.,-0.,-1.));
#1409 = DIRECTION('',(0.66568158216,-0.746235908526,0.));
#1410 = ORIENTED_EDGE('',*,*,#1411,.F.);
#1411 = EDGE_CURVE('',#1412,#1403,#1414,.T.);
#1412 = VERTEX_POINT('',#1413);
#1413 = CARTESIAN_POINT('',(7.515263276434,9.925891289243,0.));
#1414 = LINE('',#1415,#1416);
#1415 = CARTESIAN_POINT('',(7.515263276434,9.925891289243,0.));
#1416 = VECTOR('',#1417,1.);
#1417 = DIRECTION('',(0.,0.,1.));
#1418 = ORIENTED_EDGE('',*,*,#1419,.F.);
#1419 = EDGE_CURVE('',#1374,#1412,#1420,.T.);
#1420 = CIRCLE('',#1421,0.228);
#1421 = AXIS2_PLACEMENT_3D('',#1422,#1423,#1424);
#1422 = CARTESIAN_POINT('',(7.653168429054,10.107457169521,0.));
#1423 = DIRECTION('',(0.,-0.,-1.));
#1424 = DIRECTION('',(0.66568158216,-0.746235908526,0.));
#1425 = CYLINDRICAL_SURFACE('',#1426,0.228);
#1426 = AXIS2_PLACEMENT_3D('',#1427,#1428,#1429);
#1427 = CARTESIAN_POINT('',(7.653168429054,10.107457169521,0.));
#1428 = DIRECTION('',(0.,0.,-1.));
#1429 = DIRECTION('',(0.66568158216,-0.746235908526,0.));
#1430 = ADVANCED_FACE('',(#1431),#1458,.T.);
#1431 = FACE_BOUND('',#1432,.F.);
#1432 = EDGE_LOOP('',(#1433,#1434,#1443,#1451));
#1433 = ORIENTED_EDGE('',*,*,#1411,.T.);
#1434 = ORIENTED_EDGE('',*,*,#1435,.T.);
#1435 = EDGE_CURVE('',#1403,#1436,#1438,.T.);
#1436 = VERTEX_POINT('',#1437);
#1437 = CARTESIAN_POINT('',(7.406528610684,10.00728904045,12.));
#1438 = CIRCLE('',#1439,12.45000000015);
#1439 = AXIS2_PLACEMENT_3D('',#1440,#1441,#1442);
#1440 = CARTESIAN_POINT('',(-8.993472633279E-11,-1.197761889671E-10,12.)
  );
#1441 = DIRECTION('',(0.,-0.,1.));
#1442 = DIRECTION('',(0.603635604533,0.797260344518,0.));
#1443 = ORIENTED_EDGE('',*,*,#1444,.F.);
#1444 = EDGE_CURVE('',#1445,#1436,#1447,.T.);
#1445 = VERTEX_POINT('',#1446);
#1446 = CARTESIAN_POINT('',(7.406528610684,10.00728904045,0.));
#1447 = LINE('',#1448,#1449);
#1448 = CARTESIAN_POINT('',(7.406528610684,10.00728904045,0.));
#1449 = VECTOR('',#1450,1.);
#1450 = DIRECTION('',(0.,0.,1.));
#1451 = ORIENTED_EDGE('',*,*,#1452,.F.);
#1452 = EDGE_CURVE('',#1412,#1445,#1453,.T.);
#1453 = CIRCLE('',#1454,12.45000000015);
#1454 = AXIS2_PLACEMENT_3D('',#1455,#1456,#1457);
#1455 = CARTESIAN_POINT('',(-8.993472633279E-11,-1.197761889671E-10,0.)
  );
#1456 = DIRECTION('',(0.,-0.,1.));
#1457 = DIRECTION('',(0.603635604533,0.797260344518,0.));
#1458 = CYLINDRICAL_SURFACE('',#1459,12.45000000015);
#1459 = AXIS2_PLACEMENT_3D('',#1460,#1461,#1462);
#1460 = CARTESIAN_POINT('',(-8.993472633279E-11,-1.197761889671E-10,0.)
  );
#1461 = DIRECTION('',(0.,0.,-1.));
#1462 = DIRECTION('',(0.603635604533,0.797260344518,0.));
#1463 = ADVANCED_FACE('',(#1464),#1491,.F.);
#1464 = FACE_BOUND('',#1465,.F.);
#1465 = EDGE_LOOP('',(#1466,#1467,#1476,#1484));
#1466 = ORIENTED_EDGE('',*,*,#1444,.T.);
#1467 = ORIENTED_EDGE('',*,*,#1468,.T.);
#1468 = EDGE_CURVE('',#1436,#1469,#1471,.T.);
#1469 = VERTEX_POINT('',#1470);
#1470 = CARTESIAN_POINT('',(7.335876857534,10.288452453987,12.));
#1471 = CIRCLE('',#1472,0.228);
#1472 = AXIS2_PLACEMENT_3D('',#1473,#1474,#1475);
#1473 = CARTESIAN_POINT('',(7.541887501693,10.190761029116,12.));
#1474 = DIRECTION('',(0.,0.,-1.));
#1475 = DIRECTION('',(-0.59367934653,-0.804701704673,-0.));
#1476 = ORIENTED_EDGE('',*,*,#1477,.F.);
#1477 = EDGE_CURVE('',#1478,#1469,#1480,.T.);
#1478 = VERTEX_POINT('',#1479);
#1479 = CARTESIAN_POINT('',(7.335876857534,10.288452453987,0.));
#1480 = LINE('',#1481,#1482);
#1481 = CARTESIAN_POINT('',(7.335876857534,10.288452453987,0.));
#1482 = VECTOR('',#1483,1.);
#1483 = DIRECTION('',(0.,0.,1.));
#1484 = ORIENTED_EDGE('',*,*,#1485,.F.);
#1485 = EDGE_CURVE('',#1445,#1478,#1486,.T.);
#1486 = CIRCLE('',#1487,0.228);
#1487 = AXIS2_PLACEMENT_3D('',#1488,#1489,#1490);
#1488 = CARTESIAN_POINT('',(7.541887501693,10.190761029116,0.));
#1489 = DIRECTION('',(0.,0.,-1.));
#1490 = DIRECTION('',(-0.59367934653,-0.804701704673,-0.));
#1491 = CYLINDRICAL_SURFACE('',#1492,0.228);
#1492 = AXIS2_PLACEMENT_3D('',#1493,#1494,#1495);
#1493 = CARTESIAN_POINT('',(7.541887501693,10.190761029116,0.));
#1494 = DIRECTION('',(0.,0.,-1.));
#1495 = DIRECTION('',(-0.59367934653,-0.804701704673,-0.));
#1496 = ADVANCED_FACE('',(#1497),#1526,.F.);
#1497 = FACE_BOUND('',#1498,.F.);
#1498 = EDGE_LOOP('',(#1499,#1500,#1510,#1518));
#1499 = ORIENTED_EDGE('',*,*,#1477,.T.);
#1500 = ORIENTED_EDGE('',*,*,#1501,.T.);
#1501 = EDGE_CURVE('',#1469,#1502,#1504,.T.);
#1502 = VERTEX_POINT('',#1503);
#1503 = CARTESIAN_POINT('',(7.653390583502,11.483259414545,12.));
#1504 = B_SPLINE_CURVE_WITH_KNOTS('',4,(#1505,#1506,#1507,#1508,#1509),
  .UNSPECIFIED.,.F.,.F.,(5,5),(0.,1.),.PIECEWISE_BEZIER_KNOTS.);
#1505 = CARTESIAN_POINT('',(7.335876857534,10.288452453987,12.));
#1506 = CARTESIAN_POINT('',(7.409083112357,10.449308565891,12.));
#1507 = CARTESIAN_POINT('',(7.50342730077,10.698238001155,12.));
#1508 = CARTESIAN_POINT('',(7.594387184023,11.043645057206,12.));
#1509 = CARTESIAN_POINT('',(7.653390583502,11.483259414545,12.));
#1510 = ORIENTED_EDGE('',*,*,#1511,.F.);
#1511 = EDGE_CURVE('',#1512,#1502,#1514,.T.);
#1512 = VERTEX_POINT('',#1513);
#1513 = CARTESIAN_POINT('',(7.653390583502,11.483259414545,0.));
#1514 = LINE('',#1515,#1516);
#1515 = CARTESIAN_POINT('',(7.653390583502,11.483259414545,0.));
#1516 = VECTOR('',#1517,1.);
#1517 = DIRECTION('',(0.,0.,1.));
#1518 = ORIENTED_EDGE('',*,*,#1519,.F.);
#1519 = EDGE_CURVE('',#1478,#1512,#1520,.T.);
#1520 = B_SPLINE_CURVE_WITH_KNOTS('',4,(#1521,#1522,#1523,#1524,#1525),
  .UNSPECIFIED.,.F.,.F.,(5,5),(0.,1.),.PIECEWISE_BEZIER_KNOTS.);
#1521 = CARTESIAN_POINT('',(7.335876857534,10.288452453987,0.));
#1522 = CARTESIAN_POINT('',(7.409083112357,10.449308565891,0.));
#1523 = CARTESIAN_POINT('',(7.50342730077,10.698238001155,0.));
#1524 = CARTESIAN_POINT('',(7.594387184023,11.043645057206,0.));
#1525 = CARTESIAN_POINT('',(7.653390583502,11.483259414545,0.));
#1526 = SURFACE_OF_LINEAR_EXTRUSION('',#1527,#1533);
#1527 = B_SPLINE_CURVE_WITH_KNOTS('',4,(#1528,#1529,#1530,#1531,#1532),
  .UNSPECIFIED.,.F.,.F.,(5,5),(0.,1.),.PIECEWISE_BEZIER_KNOTS.);
#1528 = CARTESIAN_POINT('',(7.335876857534,10.288452453987,0.));
#1529 = CARTESIAN_POINT('',(7.409083112357,10.449308565891,0.));
#1530 = CARTESIAN_POINT('',(7.50342730077,10.698238001155,0.));
#1531 = CARTESIAN_POINT('',(7.594387184023,11.043645057206,0.));
#1532 = CARTESIAN_POINT('',(7.653390583502,11.483259414545,0.));
#1533 = VECTOR('',#1534,1.);
#1534 = DIRECTION('',(-0.,-0.,-1.));
#1535 = ADVANCED_FACE('',(#1536),#1563,.T.);
#1536 = FACE_BOUND('',#1537,.F.);
#1537 = EDGE_LOOP('',(#1538,#1539,#1548,#1556));
#1538 = ORIENTED_EDGE('',*,*,#1511,.T.);
#1539 = ORIENTED_EDGE('',*,*,#1540,.T.);
#1540 = EDGE_CURVE('',#1502,#1541,#1543,.T.);
#1541 = VERTEX_POINT('',#1542);
#1542 = CARTESIAN_POINT('',(7.266167679467,11.732127141055,12.));
#1543 = CIRCLE('',#1544,13.79999999997);
#1544 = AXIS2_PLACEMENT_3D('',#1545,#1546,#1547);
#1545 = CARTESIAN_POINT('',(-3.378469460191E-04,2.092486645759E-04,12.)
  );
#1546 = DIRECTION('',(0.,-0.,1.));
#1547 = DIRECTION('',(0.554618002208,0.832105084486,0.));
#1548 = ORIENTED_EDGE('',*,*,#1549,.F.);
#1549 = EDGE_CURVE('',#1550,#1541,#1552,.T.);
#1550 = VERTEX_POINT('',#1551);
#1551 = CARTESIAN_POINT('',(7.266167679467,11.732127141055,0.));
#1552 = LINE('',#1553,#1554);
#1553 = CARTESIAN_POINT('',(7.266167679467,11.732127141055,0.));
#1554 = VECTOR('',#1555,1.);
#1555 = DIRECTION('',(0.,0.,1.));
#1556 = ORIENTED_EDGE('',*,*,#1557,.F.);
#1557 = EDGE_CURVE('',#1512,#1550,#1558,.T.);
#1558 = CIRCLE('',#1559,13.79999999997);
#1559 = AXIS2_PLACEMENT_3D('',#1560,#1561,#1562);
#1560 = CARTESIAN_POINT('',(-3.378469460191E-04,2.092486645759E-04,0.));
#1561 = DIRECTION('',(0.,-0.,1.));
#1562 = DIRECTION('',(0.554618002208,0.832105084486,0.));
#1563 = CYLINDRICAL_SURFACE('',#1564,13.79999999997);
#1564 = AXIS2_PLACEMENT_3D('',#1565,#1566,#1567);
#1565 = CARTESIAN_POINT('',(-3.378469460191E-04,2.092486645759E-04,0.));
#1566 = DIRECTION('',(0.,0.,-1.));
#1567 = DIRECTION('',(0.554618002208,0.832105084486,0.));
#1568 = ADVANCED_FACE('',(#1569),#1598,.F.);
#1569 = FACE_BOUND('',#1570,.F.);
#1570 = EDGE_LOOP('',(#1571,#1572,#1582,#1590));
#1571 = ORIENTED_EDGE('',*,*,#1549,.T.);
#1572 = ORIENTED_EDGE('',*,*,#1573,.T.);
#1573 = EDGE_CURVE('',#1541,#1574,#1576,.T.);
#1574 = VERTEX_POINT('',#1575);
#1575 = CARTESIAN_POINT('',(6.311273323886,10.946927159078,12.));
#1576 = B_SPLINE_CURVE_WITH_KNOTS('',4,(#1577,#1578,#1579,#1580,#1581),
  .UNSPECIFIED.,.F.,.F.,(5,5),(0.,1.),.PIECEWISE_BEZIER_KNOTS.);
#1577 = CARTESIAN_POINT('',(7.266167679467,11.732127141055,12.));
#1578 = CARTESIAN_POINT('',(6.890830438581,11.495793522725,12.));
#1579 = CARTESIAN_POINT('',(6.61442323006,11.269566225944,12.));
#1580 = CARTESIAN_POINT('',(6.427181043415,11.080338709001,12.));
#1581 = CARTESIAN_POINT('',(6.311273323886,10.946927159078,12.));
#1582 = ORIENTED_EDGE('',*,*,#1583,.F.);
#1583 = EDGE_CURVE('',#1584,#1574,#1586,.T.);
#1584 = VERTEX_POINT('',#1585);
#1585 = CARTESIAN_POINT('',(6.311273323886,10.946927159078,0.));
#1586 = LINE('',#1587,#1588);
#1587 = CARTESIAN_POINT('',(6.311273323886,10.946927159078,0.));
#1588 = VECTOR('',#1589,1.);
#1589 = DIRECTION('',(0.,0.,1.));
#1590 = ORIENTED_EDGE('',*,*,#1591,.F.);
#1591 = EDGE_CURVE('',#1550,#1584,#1592,.T.);
#1592 = B_SPLINE_CURVE_WITH_KNOTS('',4,(#1593,#1594,#1595,#1596,#1597),
  .UNSPECIFIED.,.F.,.F.,(5,5),(0.,1.),.PIECEWISE_BEZIER_KNOTS.);
#1593 = CARTESIAN_POINT('',(7.266167679467,11.732127141055,0.));
#1594 = CARTESIAN_POINT('',(6.890830438581,11.495793522725,0.));
#1595 = CARTESIAN_POINT('',(6.61442323006,11.269566225944,0.));
#1596 = CARTESIAN_POINT('',(6.427181043415,11.080338709001,0.));
#1597 = CARTESIAN_POINT('',(6.311273323886,10.946927159078,0.));
#1598 = SURFACE_OF_LINEAR_EXTRUSION('',#1599,#1605);
#1599 = B_SPLINE_CURVE_WITH_KNOTS('',4,(#1600,#1601,#1602,#1603,#1604),
  .UNSPECIFIED.,.F.,.F.,(5,5),(0.,1.),.PIECEWISE_BEZIER_KNOTS.);
#1600 = CARTESIAN_POINT('',(7.266167679467,11.732127141055,0.));
#1601 = CARTESIAN_POINT('',(6.890830438581,11.495793522725,0.));
#1602 = CARTESIAN_POINT('',(6.61442323006,11.269566225944,0.));
#1603 = CARTESIAN_POINT('',(6.427181043415,11.080338709001,0.));
#1604 = CARTESIAN_POINT('',(6.311273323886,10.946927159078,0.));
#1605 = VECTOR('',#1606,1.);
#1606 = DIRECTION('',(-0.,-0.,-1.));
#1607 = ADVANCED_FACE('',(#1608),#1635,.F.);
#1608 = FACE_BOUND('',#1609,.F.);
#1609 = EDGE_LOOP('',(#1610,#1611,#1620,#1628));
#1610 = ORIENTED_EDGE('',*,*,#1583,.T.);
#1611 = ORIENTED_EDGE('',*,*,#1612,.T.);
#1612 = EDGE_CURVE('',#1574,#1613,#1615,.T.);
#1613 = VERTEX_POINT('',#1614);
#1614 = CARTESIAN_POINT('',(6.026167118848,10.894393505639,12.));
#1615 = CIRCLE('',#1616,0.228);
#1616 = AXIS2_PLACEMENT_3D('',#1617,#1618,#1619);
#1617 = CARTESIAN_POINT('',(6.13682907697,11.093737256544,12.));
#1618 = DIRECTION('',(0.,-0.,-1.));
#1619 = DIRECTION('',(0.765106346122,-0.643903936254,0.));
#1620 = ORIENTED_EDGE('',*,*,#1621,.F.);
#1621 = EDGE_CURVE('',#1622,#1613,#1624,.T.);
#1622 = VERTEX_POINT('',#1623);
#1623 = CARTESIAN_POINT('',(6.026167118848,10.894393505639,0.));
#1624 = LINE('',#1625,#1626);
#1625 = CARTESIAN_POINT('',(6.026167118848,10.894393505639,0.));
#1626 = VECTOR('',#1627,1.);
#1627 = DIRECTION('',(0.,0.,1.));
#1628 = ORIENTED_EDGE('',*,*,#1629,.F.);
#1629 = EDGE_CURVE('',#1584,#1622,#1630,.T.);
#1630 = CIRCLE('',#1631,0.228);
#1631 = AXIS2_PLACEMENT_3D('',#1632,#1633,#1634);
#1632 = CARTESIAN_POINT('',(6.13682907697,11.093737256544,0.));
#1633 = DIRECTION('',(0.,-0.,-1.));
#1634 = DIRECTION('',(0.765106346122,-0.643903936254,0.));
#1635 = CYLINDRICAL_SURFACE('',#1636,0.228);
#1636 = AXIS2_PLACEMENT_3D('',#1637,#1638,#1639);
#1637 = CARTESIAN_POINT('',(6.13682907697,11.093737256544,0.));
#1638 = DIRECTION('',(0.,0.,-1.));
#1639 = DIRECTION('',(0.765106346122,-0.643903936254,0.));
#1640 = ADVANCED_FACE('',(#1641),#1668,.T.);
#1641 = FACE_BOUND('',#1642,.F.);
#1642 = EDGE_LOOP('',(#1643,#1644,#1653,#1661));
#1643 = ORIENTED_EDGE('',*,*,#1621,.T.);
#1644 = ORIENTED_EDGE('',*,*,#1645,.T.);
#1645 = EDGE_CURVE('',#1613,#1646,#1648,.T.);
#1646 = VERTEX_POINT('',#1647);
#1647 = CARTESIAN_POINT('',(5.906955107414,10.959488188734,12.));
#1648 = CIRCLE('',#1649,12.449999999968);
#1649 = AXIS2_PLACEMENT_3D('',#1650,#1651,#1652);
#1650 = CARTESIAN_POINT('',(1.519673276107E-11,2.789768416278E-11,12.));
#1651 = DIRECTION('',(0.,-0.,1.));
#1652 = DIRECTION('',(0.484029487458,0.8750516872,0.));
#1653 = ORIENTED_EDGE('',*,*,#1654,.F.);
#1654 = EDGE_CURVE('',#1655,#1646,#1657,.T.);
#1655 = VERTEX_POINT('',#1656);
#1656 = CARTESIAN_POINT('',(5.906955107414,10.959488188734,0.));
#1657 = LINE('',#1658,#1659);
#1658 = CARTESIAN_POINT('',(5.906955107414,10.959488188734,0.));
#1659 = VECTOR('',#1660,1.);
#1660 = DIRECTION('',(0.,0.,1.));
#1661 = ORIENTED_EDGE('',*,*,#1662,.F.);
#1662 = EDGE_CURVE('',#1622,#1655,#1663,.T.);
#1663 = CIRCLE('',#1664,12.449999999968);
#1664 = AXIS2_PLACEMENT_3D('',#1665,#1666,#1667);
#1665 = CARTESIAN_POINT('',(1.519673276107E-11,2.789768416278E-11,0.));
#1666 = DIRECTION('',(0.,-0.,1.));
#1667 = DIRECTION('',(0.484029487458,0.8750516872,0.));
#1668 = CYLINDRICAL_SURFACE('',#1669,12.449999999968);
#1669 = AXIS2_PLACEMENT_3D('',#1670,#1671,#1672);
#1670 = CARTESIAN_POINT('',(1.519673276107E-11,2.789768416278E-11,0.));
#1671 = DIRECTION('',(0.,0.,-1.));
#1672 = DIRECTION('',(0.484029487458,0.8750516872,0.));
#1673 = ADVANCED_FACE('',(#1674),#1701,.F.);
#1674 = FACE_BOUND('',#1675,.F.);
#1675 = EDGE_LOOP('',(#1676,#1677,#1686,#1694));
#1676 = ORIENTED_EDGE('',*,*,#1654,.T.);
#1677 = ORIENTED_EDGE('',*,*,#1678,.T.);
#1678 = EDGE_CURVE('',#1646,#1679,#1681,.T.);
#1679 = VERTEX_POINT('',#1680);
#1680 = CARTESIAN_POINT('',(5.797008761514,11.227734971302,12.));
#1681 = CIRCLE('',#1682,0.228);
#1682 = AXIS2_PLACEMENT_3D('',#1683,#1684,#1685);
#1683 = CARTESIAN_POINT('',(6.014825453689,11.160356275782,12.));
#1684 = DIRECTION('',(0.,0.,-1.));
#1685 = DIRECTION('',(-0.473115553839,-0.881000381791,-0.));
#1686 = ORIENTED_EDGE('',*,*,#1687,.F.);
#1687 = EDGE_CURVE('',#1688,#1679,#1690,.T.);
#1688 = VERTEX_POINT('',#1689);
#1689 = CARTESIAN_POINT('',(5.797008761514,11.227734971302,0.));
#1690 = LINE('',#1691,#1692);
#1691 = CARTESIAN_POINT('',(5.797008761514,11.227734971302,0.));
#1692 = VECTOR('',#1693,1.);
#1693 = DIRECTION('',(0.,0.,1.));
#1694 = ORIENTED_EDGE('',*,*,#1695,.F.);
#1695 = EDGE_CURVE('',#1655,#1688,#1696,.T.);
#1696 = CIRCLE('',#1697,0.228);
#1697 = AXIS2_PLACEMENT_3D('',#1698,#1699,#1700);
#1698 = CARTESIAN_POINT('',(6.014825453689,11.160356275782,0.));
#1699 = DIRECTION('',(0.,0.,-1.));
#1700 = DIRECTION('',(-0.473115553839,-0.881000381791,-0.));
#1701 = CYLINDRICAL_SURFACE('',#1702,0.228);
#1702 = AXIS2_PLACEMENT_3D('',#1703,#1704,#1705);
#1703 = CARTESIAN_POINT('',(6.014825453689,11.160356275782,0.));
#1704 = DIRECTION('',(0.,0.,-1.));
#1705 = DIRECTION('',(-0.473115553839,-0.881000381791,-0.));
#1706 = ADVANCED_FACE('',(#1707),#1736,.F.);
#1707 = FACE_BOUND('',#1708,.F.);
#1708 = EDGE_LOOP('',(#1709,#1710,#1720,#1728));
#1709 = ORIENTED_EDGE('',*,*,#1687,.T.);
#1710 = ORIENTED_EDGE('',*,*,#1711,.T.);
#1711 = EDGE_CURVE('',#1679,#1712,#1714,.T.);
#1712 = VERTEX_POINT('',#1713);
#1713 = CARTESIAN_POINT('',(5.941251896208,12.455567434331,12.));
#1714 = B_SPLINE_CURVE_WITH_KNOTS('',4,(#1715,#1716,#1717,#1718,#1719),
  .UNSPECIFIED.,.F.,.F.,(5,5),(0.,1.),.PIECEWISE_BEZIER_KNOTS.);
#1715 = CARTESIAN_POINT('',(5.797008761514,11.227734971302,12.));
#1716 = CARTESIAN_POINT('',(5.846577670666,11.397372136238,12.));
#1717 = CARTESIAN_POINT('',(5.904535218953,11.657194406693,12.));
#1718 = CARTESIAN_POINT('',(5.945412712428,12.012030658023,12.));
#1719 = CARTESIAN_POINT('',(5.941251896208,12.455567434331,12.));
#1720 = ORIENTED_EDGE('',*,*,#1721,.F.);
#1721 = EDGE_CURVE('',#1722,#1712,#1724,.T.);
#1722 = VERTEX_POINT('',#1723);
#1723 = CARTESIAN_POINT('',(5.941251896208,12.455567434331,0.));
#1724 = LINE('',#1725,#1726);
#1725 = CARTESIAN_POINT('',(5.941251896208,12.455567434331,0.));
#1726 = VECTOR('',#1727,1.);
#1727 = DIRECTION('',(0.,0.,1.));
#1728 = ORIENTED_EDGE('',*,*,#1729,.F.);
#1729 = EDGE_CURVE('',#1688,#1722,#1730,.T.);
#1730 = B_SPLINE_CURVE_WITH_KNOTS('',4,(#1731,#1732,#1733,#1734,#1735),
  .UNSPECIFIED.,.F.,.F.,(5,5),(0.,1.),.PIECEWISE_BEZIER_KNOTS.);
#1731 = CARTESIAN_POINT('',(5.797008761514,11.227734971302,0.));
#1732 = CARTESIAN_POINT('',(5.846577670666,11.397372136238,0.));
#1733 = CARTESIAN_POINT('',(5.904535218953,11.657194406693,0.));
#1734 = CARTESIAN_POINT('',(5.945412712428,12.012030658023,0.));
#1735 = CARTESIAN_POINT('',(5.941251896208,12.455567434331,0.));
#1736 = SURFACE_OF_LINEAR_EXTRUSION('',#1737,#1743);
#1737 = B_SPLINE_CURVE_WITH_KNOTS('',4,(#1738,#1739,#1740,#1741,#1742),
  .UNSPECIFIED.,.F.,.F.,(5,5),(0.,1.),.PIECEWISE_BEZIER_KNOTS.);
#1738 = CARTESIAN_POINT('',(5.797008761514,11.227734971302,0.));
#1739 = CARTESIAN_POINT('',(5.846577670666,11.397372136238,0.));
#1740 = CARTESIAN_POINT('',(5.904535218953,11.657194406693,0.));
#1741 = CARTESIAN_POINT('',(5.945412712428,12.012030658023,0.));
#1742 = CARTESIAN_POINT('',(5.941251896208,12.455567434331,0.));
#1743 = VECTOR('',#1744,1.);
#1744 = DIRECTION('',(-0.,-0.,-1.));
#1745 = ADVANCED_FACE('',(#1746),#1773,.T.);
#1746 = FACE_BOUND('',#1747,.F.);
#1747 = EDGE_LOOP('',(#1748,#1749,#1758,#1766));
#1748 = ORIENTED_EDGE('',*,*,#1721,.T.);
#1749 = ORIENTED_EDGE('',*,*,#1750,.T.);
#1750 = EDGE_CURVE('',#1712,#1751,#1753,.T.);
#1751 = VERTEX_POINT('',#1752);
#1752 = CARTESIAN_POINT('',(5.522552792758,12.646794481259,12.));
#1753 = CIRCLE('',#1754,13.799999999997);
#1754 = AXIS2_PLACEMENT_3D('',#1755,#1756,#1757);
#1755 = CARTESIAN_POINT('',(-3.641873522615E-04,1.590381569629E-04,12.)
  );
#1756 = DIRECTION('',(0.,-0.,1.));
#1757 = DIRECTION('',(0.430551890113,0.90256582581,0.));
#1758 = ORIENTED_EDGE('',*,*,#1759,.F.);
#1759 = EDGE_CURVE('',#1760,#1751,#1762,.T.);
#1760 = VERTEX_POINT('',#1761);
#1761 = CARTESIAN_POINT('',(5.522552792758,12.646794481259,0.));
#1762 = LINE('',#1763,#1764);
#1763 = CARTESIAN_POINT('',(5.522552792758,12.646794481259,0.));
#1764 = VECTOR('',#1765,1.);
#1765 = DIRECTION('',(0.,0.,1.));
#1766 = ORIENTED_EDGE('',*,*,#1767,.F.);
#1767 = EDGE_CURVE('',#1722,#1760,#1768,.T.);
#1768 = CIRCLE('',#1769,13.799999999997);
#1769 = AXIS2_PLACEMENT_3D('',#1770,#1771,#1772);
#1770 = CARTESIAN_POINT('',(-3.641873522615E-04,1.590381569629E-04,0.));
#1771 = DIRECTION('',(0.,-0.,1.));
#1772 = DIRECTION('',(0.430551890113,0.90256582581,0.));
#1773 = CYLINDRICAL_SURFACE('',#1774,13.799999999997);
#1774 = AXIS2_PLACEMENT_3D('',#1775,#1776,#1777);
#1775 = CARTESIAN_POINT('',(-3.641873522615E-04,1.590381569629E-04,0.));
#1776 = DIRECTION('',(0.,0.,-1.));
#1777 = DIRECTION('',(0.430551890113,0.90256582581,0.));
#1778 = ADVANCED_FACE('',(#1779),#1808,.F.);
#1779 = FACE_BOUND('',#1780,.F.);
#1780 = EDGE_LOOP('',(#1781,#1782,#1792,#1800));
#1781 = ORIENTED_EDGE('',*,*,#1759,.T.);
#1782 = ORIENTED_EDGE('',*,*,#1783,.T.);
#1783 = EDGE_CURVE('',#1751,#1784,#1786,.T.);
#1784 = VERTEX_POINT('',#1785);
#1785 = CARTESIAN_POINT('',(4.68912349332,11.733691067151,12.));
#1786 = B_SPLINE_CURVE_WITH_KNOTS('',4,(#1787,#1788,#1789,#1790,#1791),
  .UNSPECIFIED.,.F.,.F.,(5,5),(0.,1.),.PIECEWISE_BEZIER_KNOTS.);
#1787 = CARTESIAN_POINT('',(5.522552792758,12.646794481259,12.));
#1788 = CARTESIAN_POINT('',(5.184669724463,12.359450339664,12.));
#1789 = CARTESIAN_POINT('',(4.943271443934,12.096188863394,12.));
#1790 = CARTESIAN_POINT('',(4.784864996238,11.882240068219,12.));
#1791 = CARTESIAN_POINT('',(4.68912349332,11.733691067151,12.));
#1792 = ORIENTED_EDGE('',*,*,#1793,.F.);
#1793 = EDGE_CURVE('',#1794,#1784,#1796,.T.);
#1794 = VERTEX_POINT('',#1795);
#1795 = CARTESIAN_POINT('',(4.68912349332,11.733691067151,0.));
#1796 = LINE('',#1797,#1798);
#1797 = CARTESIAN_POINT('',(4.68912349332,11.733691067151,0.));
#1798 = VECTOR('',#1799,1.);
#1799 = DIRECTION('',(0.,0.,1.));
#1800 = ORIENTED_EDGE('',*,*,#1801,.F.);
#1801 = EDGE_CURVE('',#1760,#1794,#1802,.T.);
#1802 = B_SPLINE_CURVE_WITH_KNOTS('',4,(#1803,#1804,#1805,#1806,#1807),
  .UNSPECIFIED.,.F.,.F.,(5,5),(0.,1.),.PIECEWISE_BEZIER_KNOTS.);
#1803 = CARTESIAN_POINT('',(5.522552792758,12.646794481259,0.));
#1804 = CARTESIAN_POINT('',(5.184669724463,12.359450339664,0.));
#1805 = CARTESIAN_POINT('',(4.943271443934,12.096188863394,0.));
#1806 = CARTESIAN_POINT('',(4.784864996238,11.882240068219,0.));
#1807 = CARTESIAN_POINT('',(4.68912349332,11.733691067151,0.));
#1808 = SURFACE_OF_LINEAR_EXTRUSION('',#1809,#1815);
#1809 = B_SPLINE_CURVE_WITH_KNOTS('',4,(#1810,#1811,#1812,#1813,#1814),
  .UNSPECIFIED.,.F.,.F.,(5,5),(0.,1.),.PIECEWISE_BEZIER_KNOTS.);
#1810 = CARTESIAN_POINT('',(5.522552792758,12.646794481259,0.));
#1811 = CARTESIAN_POINT('',(5.184669724463,12.359450339664,0.));
#1812 = CARTESIAN_POINT('',(4.943271443934,12.096188863394,0.));
#1813 = CARTESIAN_POINT('',(4.784864996238,11.882240068219,0.));
#1814 = CARTESIAN_POINT('',(4.68912349332,11.733691067151,0.));
#1815 = VECTOR('',#1816,1.);
#1816 = DIRECTION('',(-0.,-0.,-1.));
#1817 = ADVANCED_FACE('',(#1818),#1845,.F.);
#1818 = FACE_BOUND('',#1819,.F.);
#1819 = EDGE_LOOP('',(#1820,#1821,#1830,#1838));
#1820 = ORIENTED_EDGE('',*,*,#1793,.T.);
#1821 = ORIENTED_EDGE('',*,*,#1822,.T.);
#1822 = EDGE_CURVE('',#1784,#1823,#1825,.T.);
#1823 = VERTEX_POINT('',#1824);
#1824 = CARTESIAN_POINT('',(4.414395576753,11.641117287097,12.));
#1825 = CIRCLE('',#1826,0.228);
#1826 = AXIS2_PLACEMENT_3D('',#1827,#1828,#1829);
#1827 = CARTESIAN_POINT('',(4.495561582032,11.85418084472,12.));
#1828 = DIRECTION('',(0.,-0.,-1.));
#1829 = DIRECTION('',(0.848955751263,-0.528463936705,0.));
#1830 = ORIENTED_EDGE('',*,*,#1831,.F.);
#1831 = EDGE_CURVE('',#1832,#1823,#1834,.T.);
#1832 = VERTEX_POINT('',#1833);
#1833 = CARTESIAN_POINT('',(4.414395576753,11.641117287097,0.));
#1834 = LINE('',#1835,#1836);
#1835 = CARTESIAN_POINT('',(4.414395576753,11.641117287097,0.));
#1836 = VECTOR('',#1837,1.);
#1837 = DIRECTION('',(0.,0.,1.));
#1838 = ORIENTED_EDGE('',*,*,#1839,.F.);
#1839 = EDGE_CURVE('',#1794,#1832,#1840,.T.);
#1840 = CIRCLE('',#1841,0.228);
#1841 = AXIS2_PLACEMENT_3D('',#1842,#1843,#1844);
#1842 = CARTESIAN_POINT('',(4.495561582032,11.85418084472,0.));
#1843 = DIRECTION('',(0.,-0.,-1.));
#1844 = DIRECTION('',(0.848955751263,-0.528463936705,0.));
#1845 = CYLINDRICAL_SURFACE('',#1846,0.228);
#1846 = AXIS2_PLACEMENT_3D('',#1847,#1848,#1849);
#1847 = CARTESIAN_POINT('',(4.495561582032,11.85418084472,0.));
#1848 = DIRECTION('',(0.,0.,-1.));
#1849 = DIRECTION('',(0.848955751263,-0.528463936705,0.));
#1850 = ADVANCED_FACE('',(#1851),#1878,.T.);
#1851 = FACE_BOUND('',#1852,.F.);
#1852 = EDGE_LOOP('',(#1853,#1854,#1863,#1871));
#1853 = ORIENTED_EDGE('',*,*,#1831,.T.);
#1854 = ORIENTED_EDGE('',*,*,#1855,.T.);
#1855 = EDGE_CURVE('',#1823,#1856,#1858,.T.);
#1856 = VERTEX_POINT('',#1857);
#1857 = CARTESIAN_POINT('',(4.287133032409,11.688583762049,12.));
#1858 = CIRCLE('',#1859,12.450000000123);
#1859 = AXIS2_PLACEMENT_3D('',#1860,#1861,#1862);
#1860 = CARTESIAN_POINT('',(-4.322098234866E-11,-1.154134565695E-10,12.)
  );
#1861 = DIRECTION('',(0.,-0.,1.));
#1862 = DIRECTION('',(0.354569925844,0.935029500972,0.));
#1863 = ORIENTED_EDGE('',*,*,#1864,.F.);
#1864 = EDGE_CURVE('',#1865,#1856,#1867,.T.);
#1865 = VERTEX_POINT('',#1866);
#1866 = CARTESIAN_POINT('',(4.287133032409,11.688583762049,0.));
#1867 = LINE('',#1868,#1869);
#1868 = CARTESIAN_POINT('',(4.287133032409,11.688583762049,0.));
#1869 = VECTOR('',#1870,1.);
#1870 = DIRECTION('',(0.,0.,1.));
#1871 = ORIENTED_EDGE('',*,*,#1872,.F.);
#1872 = EDGE_CURVE('',#1832,#1865,#1873,.T.);
#1873 = CIRCLE('',#1874,12.450000000123);
#1874 = AXIS2_PLACEMENT_3D('',#1875,#1876,#1877);
#1875 = CARTESIAN_POINT('',(-4.322098234866E-11,-1.154134565695E-10,0.)
  );
#1876 = DIRECTION('',(0.,-0.,1.));
#1877 = DIRECTION('',(0.354569925844,0.935029500972,0.));
#1878 = CYLINDRICAL_SURFACE('',#1879,12.450000000123);
#1879 = AXIS2_PLACEMENT_3D('',#1880,#1881,#1882);
#1880 = CARTESIAN_POINT('',(-4.322098234866E-11,-1.154134565695E-10,0.)
  );
#1881 = DIRECTION('',(0.,0.,-1.));
#1882 = DIRECTION('',(0.354569925844,0.935029500972,0.));
#1883 = ADVANCED_FACE('',(#1884),#1911,.F.);
#1884 = FACE_BOUND('',#1885,.F.);
#1885 = EDGE_LOOP('',(#1886,#1887,#1896,#1904));
#1886 = ORIENTED_EDGE('',*,*,#1864,.T.);
#1887 = ORIENTED_EDGE('',*,*,#1888,.T.);
#1888 = EDGE_CURVE('',#1856,#1889,#1891,.T.);
#1889 = VERTEX_POINT('',#1890);
#1890 = CARTESIAN_POINT('',(4.140130284302,11.938453182715,12.));
#1891 = CIRCLE('',#1892,0.228);
#1892 = AXIS2_PLACEMENT_3D('',#1893,#1894,#1895);
#1893 = CARTESIAN_POINT('',(4.365318904772,11.902758852483,12.));
#1894 = DIRECTION('',(0.,0.,-1.));
#1895 = DIRECTION('',(-0.342920492823,-0.939364431731,-0.));
#1896 = ORIENTED_EDGE('',*,*,#1897,.F.);
#1897 = EDGE_CURVE('',#1898,#1889,#1900,.T.);
#1898 = VERTEX_POINT('',#1899);
#1899 = CARTESIAN_POINT('',(4.140130284302,11.938453182715,0.));
#1900 = LINE('',#1901,#1902);
#1901 = CARTESIAN_POINT('',(4.140130284302,11.938453182715,0.));
#1902 = VECTOR('',#1903,1.);
#1903 = DIRECTION('',(0.,0.,1.));
#1904 = ORIENTED_EDGE('',*,*,#1905,.F.);
#1905 = EDGE_CURVE('',#1865,#1898,#1906,.T.);
#1906 = CIRCLE('',#1907,0.228);
#1907 = AXIS2_PLACEMENT_3D('',#1908,#1909,#1910);
#1908 = CARTESIAN_POINT('',(4.365318904772,11.902758852483,0.));
#1909 = DIRECTION('',(0.,0.,-1.));
#1910 = DIRECTION('',(-0.342920492823,-0.939364431731,-0.));
#1911 = CYLINDRICAL_SURFACE('',#1912,0.228);
#1912 = AXIS2_PLACEMENT_3D('',#1913,#1914,#1915);
#1913 = CARTESIAN_POINT('',(4.365318904772,11.902758852483,0.));
#1914 = DIRECTION('',(0.,0.,-1.));
#1915 = DIRECTION('',(-0.342920492823,-0.939364431731,-0.));
#1916 = ADVANCED_FACE('',(#1917),#1946,.F.);
#1917 = FACE_BOUND('',#1918,.F.);
#1918 = EDGE_LOOP('',(#1919,#1920,#1930,#1938));
#1919 = ORIENTED_EDGE('',*,*,#1897,.T.);
#1920 = ORIENTED_EDGE('',*,*,#1921,.T.);
#1921 = EDGE_CURVE('',#1889,#1922,#1924,.T.);
#1922 = VERTEX_POINT('',#1923);
#1923 = CARTESIAN_POINT('',(4.108166453464,13.174316020045,12.));
#1924 = B_SPLINE_CURVE_WITH_KNOTS('',4,(#1925,#1926,#1927,#1928,#1929),
  .UNSPECIFIED.,.F.,.F.,(5,5),(0.,1.),.PIECEWISE_BEZIER_KNOTS.);
#1925 = CARTESIAN_POINT('',(4.140130284302,11.938453182715,12.));
#1926 = CARTESIAN_POINT('',(4.165052767739,12.113418077198,12.));
#1927 = CARTESIAN_POINT('',(4.185443827352,12.378843950684,12.));
#1928 = CARTESIAN_POINT('',(4.175406783162,12.73588595448,12.));
#1929 = CARTESIAN_POINT('',(4.108166453464,13.174316020045,12.));
#1930 = ORIENTED_EDGE('',*,*,#1931,.F.);
#1931 = EDGE_CURVE('',#1932,#1922,#1934,.T.);
#1932 = VERTEX_POINT('',#1933);
#1933 = CARTESIAN_POINT('',(4.108166453464,13.174316020045,0.));
#1934 = LINE('',#1935,#1936);
#1935 = CARTESIAN_POINT('',(4.108166453464,13.174316020045,0.));
#1936 = VECTOR('',#1937,1.);
#1937 = DIRECTION('',(0.,0.,1.));
#1938 = ORIENTED_EDGE('',*,*,#1939,.F.);
#1939 = EDGE_CURVE('',#1898,#1932,#1940,.T.);
#1940 = B_SPLINE_CURVE_WITH_KNOTS('',4,(#1941,#1942,#1943,#1944,#1945),
  .UNSPECIFIED.,.F.,.F.,(5,5),(0.,1.),.PIECEWISE_BEZIER_KNOTS.);
#1941 = CARTESIAN_POINT('',(4.140130284302,11.938453182715,0.));
#1942 = CARTESIAN_POINT('',(4.165052767739,12.113418077198,0.));
#1943 = CARTESIAN_POINT('',(4.185443827352,12.378843950684,0.));
#1944 = CARTESIAN_POINT('',(4.175406783162,12.73588595448,0.));
#1945 = CARTESIAN_POINT('',(4.108166453464,13.174316020045,0.));
#1946 = SURFACE_OF_LINEAR_EXTRUSION('',#1947,#1953);
#1947 = B_SPLINE_CURVE_WITH_KNOTS('',4,(#1948,#1949,#1950,#1951,#1952),
  .UNSPECIFIED.,.F.,.F.,(5,5),(0.,1.),.PIECEWISE_BEZIER_KNOTS.);
#1948 = CARTESIAN_POINT('',(4.140130284302,11.938453182715,0.));
#1949 = CARTESIAN_POINT('',(4.165052767739,12.113418077198,0.));
#1950 = CARTESIAN_POINT('',(4.185443827352,12.378843950684,0.));
#1951 = CARTESIAN_POINT('',(4.175406783162,12.73588595448,0.));
#1952 = CARTESIAN_POINT('',(4.108166453464,13.174316020045,0.));
#1953 = VECTOR('',#1954,1.);
#1954 = DIRECTION('',(-0.,-0.,-1.));
#1955 = ADVANCED_FACE('',(#1956),#1983,.T.);
#1956 = FACE_BOUND('',#1957,.F.);
#1957 = EDGE_LOOP('',(#1958,#1959,#1968,#1976));
#1958 = ORIENTED_EDGE('',*,*,#1931,.T.);
#1959 = ORIENTED_EDGE('',*,*,#1960,.T.);
#1960 = EDGE_CURVE('',#1922,#1961,#1963,.T.);
#1961 = VERTEX_POINT('',#1962);
#1962 = CARTESIAN_POINT('',(3.666514656915,13.304009556169,12.));
#1963 = CIRCLE('',#1964,13.799999999974);
#1964 = AXIS2_PLACEMENT_3D('',#1965,#1966,#1967);
#1965 = CARTESIAN_POINT('',(-3.831139333719E-04,1.055901354023E-04,12.)
  );
#1966 = DIRECTION('',(0.,-0.,1.));
#1967 = DIRECTION('',(0.297720983145,0.954652929705,0.));
#1968 = ORIENTED_EDGE('',*,*,#1969,.F.);
#1969 = EDGE_CURVE('',#1970,#1961,#1972,.T.);
#1970 = VERTEX_POINT('',#1971);
#1971 = CARTESIAN_POINT('',(3.666514656915,13.304009556169,0.));
#1972 = LINE('',#1973,#1974);
#1973 = CARTESIAN_POINT('',(3.666514656915,13.304009556169,0.));
#1974 = VECTOR('',#1975,1.);
#1975 = DIRECTION('',(0.,0.,1.));
#1976 = ORIENTED_EDGE('',*,*,#1977,.F.);
#1977 = EDGE_CURVE('',#1932,#1970,#1978,.T.);
#1978 = CIRCLE('',#1979,13.799999999974);
#1979 = AXIS2_PLACEMENT_3D('',#1980,#1981,#1982);
#1980 = CARTESIAN_POINT('',(-3.831139333719E-04,1.055901354023E-04,0.));
#1981 = DIRECTION('',(0.,-0.,1.));
#1982 = DIRECTION('',(0.297720983145,0.954652929705,0.));
#1983 = CYLINDRICAL_SURFACE('',#1984,13.799999999974);
#1984 = AXIS2_PLACEMENT_3D('',#1985,#1986,#1987);
#1985 = CARTESIAN_POINT('',(-3.831139333719E-04,1.055901354023E-04,0.));
#1986 = DIRECTION('',(0.,0.,-1.));
#1987 = DIRECTION('',(0.297720983145,0.954652929705,0.));
#1988 = ADVANCED_FACE('',(#1989),#2018,.F.);
#1989 = FACE_BOUND('',#1990,.F.);
#1990 = EDGE_LOOP('',(#1991,#1992,#2002,#2010));
#1991 = ORIENTED_EDGE('',*,*,#1969,.T.);
#1992 = ORIENTED_EDGE('',*,*,#1993,.T.);
#1993 = EDGE_CURVE('',#1961,#1994,#1996,.T.);
#1994 = VERTEX_POINT('',#1995);
#1995 = CARTESIAN_POINT('',(2.971516630745,12.281590862268,12.));
#1996 = B_SPLINE_CURVE_WITH_KNOTS('',4,(#1997,#1998,#1999,#2000,#2001),
  .UNSPECIFIED.,.F.,.F.,(5,5),(0.,1.),.PIECEWISE_BEZIER_KNOTS.);
#1997 = CARTESIAN_POINT('',(3.666514656915,13.304009556169,12.));
#1998 = CARTESIAN_POINT('',(3.372964086109,12.971504389399,12.));
#1999 = CARTESIAN_POINT('',(3.171488906426,12.676567978113,12.));
#2000 = CARTESIAN_POINT('',(3.045142896149,12.442253285199,12.));
#2001 = CARTESIAN_POINT('',(2.971516630745,12.281590862268,12.));
#2002 = ORIENTED_EDGE('',*,*,#2003,.F.);
#2003 = EDGE_CURVE('',#2004,#1994,#2006,.T.);
#2004 = VERTEX_POINT('',#2005);
#2005 = CARTESIAN_POINT('',(2.971516630745,12.281590862268,0.));
#2006 = LINE('',#2007,#2008);
#2007 = CARTESIAN_POINT('',(2.971516630745,12.281590862268,0.));
#2008 = VECTOR('',#2009,1.);
#2009 = DIRECTION('',(0.,0.,1.));
#2010 = ORIENTED_EDGE('',*,*,#2011,.F.);
#2011 = EDGE_CURVE('',#1970,#2004,#2012,.T.);
#2012 = B_SPLINE_CURVE_WITH_KNOTS('',4,(#2013,#2014,#2015,#2016,#2017),
  .UNSPECIFIED.,.F.,.F.,(5,5),(0.,1.),.PIECEWISE_BEZIER_KNOTS.);
#2013 = CARTESIAN_POINT('',(3.666514656915,13.304009556169,0.));
#2014 = CARTESIAN_POINT('',(3.372964086109,12.971504389399,0.));
#2015 = CARTESIAN_POINT('',(3.171488906426,12.676567978113,0.));
#2016 = CARTESIAN_POINT('',(3.045142896149,12.442253285199,0.));
#2017 = CARTESIAN_POINT('',(2.971516630745,12.281590862268,0.));
#2018 = SURFACE_OF_LINEAR_EXTRUSION('',#2019,#2025);
#2019 = B_SPLINE_CURVE_WITH_KNOTS('',4,(#2020,#2021,#2022,#2023,#2024),
  .UNSPECIFIED.,.F.,.F.,(5,5),(0.,1.),.PIECEWISE_BEZIER_KNOTS.);
#2020 = CARTESIAN_POINT('',(3.666514656915,13.304009556169,0.));
#2021 = CARTESIAN_POINT('',(3.372964086109,12.971504389399,0.));
#2022 = CARTESIAN_POINT('',(3.171488906426,12.676567978113,0.));
#2023 = CARTESIAN_POINT('',(3.045142896149,12.442253285199,0.));
#2024 = CARTESIAN_POINT('',(2.971516630745,12.281590862268,0.));
#2025 = VECTOR('',#2026,1.);
#2026 = DIRECTION('',(-0.,-0.,-1.));
#2027 = ADVANCED_FACE('',(#2028),#2055,.F.);
#2028 = FACE_BOUND('',#2029,.F.);
#2029 = EDGE_LOOP('',(#2030,#2031,#2040,#2048));
#2030 = ORIENTED_EDGE('',*,*,#2003,.T.);
#2031 = ORIENTED_EDGE('',*,*,#2032,.T.);
#2032 = EDGE_CURVE('',#1994,#2033,#2035,.T.);
#2033 = VERTEX_POINT('',#2034);
#2034 = CARTESIAN_POINT('',(2.712759670781,12.150861490799,12.));
#2035 = CIRCLE('',#2036,0.228);
#2036 = AXIS2_PLACEMENT_3D('',#2037,#2038,#2039);
#2037 = CARTESIAN_POINT('',(2.762777417413,12.373307495533,12.));
#2038 = DIRECTION('',(0.,0.,-1.));
#2039 = DIRECTION('',(0.915522865493,-0.40226593537,0.));
#2040 = ORIENTED_EDGE('',*,*,#2041,.F.);
#2041 = EDGE_CURVE('',#2042,#2033,#2044,.T.);
#2042 = VERTEX_POINT('',#2043);
#2043 = CARTESIAN_POINT('',(2.712759670781,12.150861490799,0.));
#2044 = LINE('',#2045,#2046);
#2045 = CARTESIAN_POINT('',(2.712759670781,12.150861490799,0.));
#2046 = VECTOR('',#2047,1.);
#2047 = DIRECTION('',(0.,0.,1.));
#2048 = ORIENTED_EDGE('',*,*,#2049,.F.);
#2049 = EDGE_CURVE('',#2004,#2042,#2050,.T.);
#2050 = CIRCLE('',#2051,0.228);
#2051 = AXIS2_PLACEMENT_3D('',#2052,#2053,#2054);
#2052 = CARTESIAN_POINT('',(2.762777417413,12.373307495533,0.));
#2053 = DIRECTION('',(0.,0.,-1.));
#2054 = DIRECTION('',(0.915522865493,-0.40226593537,0.));
#2055 = CYLINDRICAL_SURFACE('',#2056,0.228);
#2056 = AXIS2_PLACEMENT_3D('',#2057,#2058,#2059);
#2057 = CARTESIAN_POINT('',(2.762777417413,12.373307495533,0.));
#2058 = DIRECTION('',(0.,0.,-1.));
#2059 = DIRECTION('',(0.915522865493,-0.40226593537,0.));
#2060 = ADVANCED_FACE('',(#2061),#2088,.T.);
#2061 = FACE_BOUND('',#2062,.F.);
#2062 = EDGE_LOOP('',(#2063,#2064,#2073,#2081));
#2063 = ORIENTED_EDGE('',*,*,#2041,.T.);
#2064 = ORIENTED_EDGE('',*,*,#2065,.T.);
#2065 = EDGE_CURVE('',#2033,#2066,#2068,.T.);
#2066 = VERTEX_POINT('',#2067);
#2067 = CARTESIAN_POINT('',(2.580037291934,12.17973347706,12.));
#2068 = CIRCLE('',#2069,12.450000000115);
#2069 = AXIS2_PLACEMENT_3D('',#2070,#2071,#2072);
#2070 = CARTESIAN_POINT('',(-2.443956148568E-11,-1.12250653217E-10,12.)
  );
#2071 = DIRECTION('',(0.,-0.,1.));
#2072 = DIRECTION('',(0.217892343035,0.975972810506,0.));
#2073 = ORIENTED_EDGE('',*,*,#2074,.F.);
#2074 = EDGE_CURVE('',#2075,#2066,#2077,.T.);
#2075 = VERTEX_POINT('',#2076);
#2076 = CARTESIAN_POINT('',(2.580037291934,12.17973347706,0.));
#2077 = LINE('',#2078,#2079);
#2078 = CARTESIAN_POINT('',(2.580037291934,12.17973347706,0.));
#2079 = VECTOR('',#2080,1.);
#2080 = DIRECTION('',(0.,0.,1.));
#2081 = ORIENTED_EDGE('',*,*,#2082,.F.);
#2082 = EDGE_CURVE('',#2042,#2075,#2083,.T.);
#2083 = CIRCLE('',#2084,12.450000000115);
#2084 = AXIS2_PLACEMENT_3D('',#2085,#2086,#2087);
#2085 = CARTESIAN_POINT('',(-2.443956148568E-11,-1.12250653217E-10,0.));
#2086 = DIRECTION('',(0.,-0.,1.));
#2087 = DIRECTION('',(0.217892343035,0.975972810506,0.));
#2088 = CYLINDRICAL_SURFACE('',#2089,12.450000000115);
#2089 = AXIS2_PLACEMENT_3D('',#2090,#2091,#2092);
#2090 = CARTESIAN_POINT('',(-2.443956148568E-11,-1.12250653217E-10,0.));
#2091 = DIRECTION('',(0.,0.,-1.));
#2092 = DIRECTION('',(0.217892343035,0.975972810506,0.));
#2093 = ADVANCED_FACE('',(#2094),#2121,.F.);
#2094 = FACE_BOUND('',#2095,.F.);
#2095 = EDGE_LOOP('',(#2096,#2097,#2106,#2114));
#2096 = ORIENTED_EDGE('',*,*,#2074,.T.);
#2097 = ORIENTED_EDGE('',*,*,#2098,.T.);
#2098 = EDGE_CURVE('',#2066,#2099,#2101,.T.);
#2099 = VERTEX_POINT('',#2100);
#2100 = CARTESIAN_POINT('',(2.398970693652,12.406138914983,12.));
#2101 = CIRCLE('',#2102,0.228);
#2102 = AXIS2_PLACEMENT_3D('',#2103,#2104,#2105);
#2103 = CARTESIAN_POINT('',(2.626947051495,12.40285558367,12.));
#2104 = DIRECTION('',(0.,0.,-1.));
#2105 = DIRECTION('',(-0.205744559476,-0.978605730745,-0.));
#2106 = ORIENTED_EDGE('',*,*,#2107,.F.);
#2107 = EDGE_CURVE('',#2108,#2099,#2110,.T.);
#2108 = VERTEX_POINT('',#2109);
#2109 = CARTESIAN_POINT('',(2.398970693652,12.406138914983,0.));
#2110 = LINE('',#2111,#2112);
#2111 = CARTESIAN_POINT('',(2.398970693652,12.406138914983,0.));
#2112 = VECTOR('',#2113,1.);
#2113 = DIRECTION('',(0.,0.,1.));
#2114 = ORIENTED_EDGE('',*,*,#2115,.F.);
#2115 = EDGE_CURVE('',#2075,#2108,#2116,.T.);
#2116 = CIRCLE('',#2117,0.228);
#2117 = AXIS2_PLACEMENT_3D('',#2118,#2119,#2120);
#2118 = CARTESIAN_POINT('',(2.626947051495,12.40285558367,0.));
#2119 = DIRECTION('',(0.,0.,-1.));
#2120 = DIRECTION('',(-0.205744559476,-0.978605730745,-0.));
#2121 = CYLINDRICAL_SURFACE('',#2122,0.228);
#2122 = AXIS2_PLACEMENT_3D('',#2123,#2124,#2125);
#2123 = CARTESIAN_POINT('',(2.626947051495,12.40285558367,0.));
#2124 = DIRECTION('',(0.,0.,-1.));
#2125 = DIRECTION('',(-0.205744559476,-0.978605730745,-0.));
#2126 = ADVANCED_FACE('',(#2127),#2156,.F.);
#2127 = FACE_BOUND('',#2128,.F.);
#2128 = EDGE_LOOP('',(#2129,#2130,#2140,#2148));
#2129 = ORIENTED_EDGE('',*,*,#2107,.T.);
#2130 = ORIENTED_EDGE('',*,*,#2131,.T.);
#2131 = EDGE_CURVE('',#2099,#2132,#2134,.T.);
#2132 = VERTEX_POINT('',#2133);
#2133 = CARTESIAN_POINT('',(2.191450588701,13.62487352318,12.));
#2134 = B_SPLINE_CURVE_WITH_KNOTS('',4,(#2135,#2136,#2137,#2138,#2139),
  .UNSPECIFIED.,.F.,.F.,(5,5),(0.,1.),.PIECEWISE_BEZIER_KNOTS.);
#2135 = CARTESIAN_POINT('',(2.398970693652,12.406138914983,12.));
#2136 = CARTESIAN_POINT('',(2.39873940148,12.582869758319,12.));
#2137 = CARTESIAN_POINT('',(2.38114886925,12.848495929476,12.));
#2138 = CARTESIAN_POINT('',(2.32040161267,13.200475340165,12.));
#2139 = CARTESIAN_POINT('',(2.191450588701,13.62487352318,12.));
#2140 = ORIENTED_EDGE('',*,*,#2141,.F.);
#2141 = EDGE_CURVE('',#2142,#2132,#2144,.T.);
#2142 = VERTEX_POINT('',#2143);
#2143 = CARTESIAN_POINT('',(2.191450588701,13.62487352318,0.));
#2144 = LINE('',#2145,#2146);
#2145 = CARTESIAN_POINT('',(2.191450588701,13.62487352318,0.));
#2146 = VECTOR('',#2147,1.);
#2147 = DIRECTION('',(0.,0.,1.));
#2148 = ORIENTED_EDGE('',*,*,#2149,.F.);
#2149 = EDGE_CURVE('',#2108,#2142,#2150,.T.);
#2150 = B_SPLINE_CURVE_WITH_KNOTS('',4,(#2151,#2152,#2153,#2154,#2155),
  .UNSPECIFIED.,.F.,.F.,(5,5),(0.,1.),.PIECEWISE_BEZIER_KNOTS.);
#2151 = CARTESIAN_POINT('',(2.398970693652,12.406138914983,0.));
#2152 = CARTESIAN_POINT('',(2.39873940148,12.582869758319,0.));
#2153 = CARTESIAN_POINT('',(2.38114886925,12.848495929476,0.));
#2154 = CARTESIAN_POINT('',(2.32040161267,13.200475340165,0.));
#2155 = CARTESIAN_POINT('',(2.191450588701,13.62487352318,0.));
#2156 = SURFACE_OF_LINEAR_EXTRUSION('',#2157,#2163);
#2157 = B_SPLINE_CURVE_WITH_KNOTS('',4,(#2158,#2159,#2160,#2161,#2162),
  .UNSPECIFIED.,.F.,.F.,(5,5),(0.,1.),.PIECEWISE_BEZIER_KNOTS.);
#2158 = CARTESIAN_POINT('',(2.398970693652,12.406138914983,0.));
#2159 = CARTESIAN_POINT('',(2.39873940148,12.582869758319,0.));
#2160 = CARTESIAN_POINT('',(2.38114886925,12.848495929476,0.));
#2161 = CARTESIAN_POINT('',(2.32040161267,13.200475340165,0.));
#2162 = CARTESIAN_POINT('',(2.191450588701,13.62487352318,0.));
#2163 = VECTOR('',#2164,1.);
#2164 = DIRECTION('',(-0.,-0.,-1.));
#2165 = ADVANCED_FACE('',(#2166),#2193,.T.);
#2166 = FACE_BOUND('',#2167,.F.);
#2167 = EDGE_LOOP('',(#2168,#2169,#2178,#2186));
#2168 = ORIENTED_EDGE('',*,*,#2141,.T.);
#2169 = ORIENTED_EDGE('',*,*,#2170,.T.);
#2170 = EDGE_CURVE('',#2132,#2171,#2173,.T.);
#2171 = VERTEX_POINT('',#2172);
#2172 = CARTESIAN_POINT('',(1.735836856013,13.69039336211,12.));
#2173 = CIRCLE('',#2174,13.799999999987);
#2174 = AXIS2_PLACEMENT_3D('',#2175,#2176,#2177);
#2175 = CARTESIAN_POINT('',(-3.942414308016E-04,4.99925695987E-05,12.));
#2176 = DIRECTION('',(0.,-0.,1.));
#2177 = DIRECTION('',(0.158829335517,0.987306052944,0.));
#2178 = ORIENTED_EDGE('',*,*,#2179,.F.);
#2179 = EDGE_CURVE('',#2180,#2171,#2182,.T.);
#2180 = VERTEX_POINT('',#2181);
#2181 = CARTESIAN_POINT('',(1.735836856013,13.69039336211,0.));
#2182 = LINE('',#2183,#2184);
#2183 = CARTESIAN_POINT('',(1.735836856013,13.69039336211,0.));
#2184 = VECTOR('',#2185,1.);
#2185 = DIRECTION('',(0.,0.,1.));
#2186 = ORIENTED_EDGE('',*,*,#2187,.F.);
#2187 = EDGE_CURVE('',#2142,#2180,#2188,.T.);
#2188 = CIRCLE('',#2189,13.799999999987);
#2189 = AXIS2_PLACEMENT_3D('',#2190,#2191,#2192);
#2190 = CARTESIAN_POINT('',(-3.942414308016E-04,4.99925695987E-05,0.));
#2191 = DIRECTION('',(0.,-0.,1.));
#2192 = DIRECTION('',(0.158829335517,0.987306052944,0.));
#2193 = CYLINDRICAL_SURFACE('',#2194,13.799999999987);
#2194 = AXIS2_PLACEMENT_3D('',#2195,#2196,#2197);
#2195 = CARTESIAN_POINT('',(-3.942414308016E-04,4.99925695987E-05,0.));
#2196 = DIRECTION('',(0.,0.,-1.));
#2197 = DIRECTION('',(0.158829335517,0.987306052944,0.));
#2198 = ADVANCED_FACE('',(#2199),#2228,.F.);
#2199 = FACE_BOUND('',#2200,.F.);
#2200 = EDGE_LOOP('',(#2201,#2202,#2212,#2220));
#2201 = ORIENTED_EDGE('',*,*,#2179,.T.);
#2202 = ORIENTED_EDGE('',*,*,#2203,.T.);
#2203 = EDGE_CURVE('',#2171,#2204,#2206,.T.);
#2204 = VERTEX_POINT('',#2205);
#2205 = CARTESIAN_POINT('',(1.193418258715,12.579472884613,12.));
#2206 = B_SPLINE_CURVE_WITH_KNOTS('',4,(#2207,#2208,#2209,#2210,#2211),
  .UNSPECIFIED.,.F.,.F.,(5,5),(0.,1.),.PIECEWISE_BEZIER_KNOTS.);
#2207 = CARTESIAN_POINT('',(1.735836856013,13.69039336211,12.));
#2208 = CARTESIAN_POINT('',(1.492594625786,13.319496016496,12.));
#2209 = CARTESIAN_POINT('',(1.335144000603,12.998888725001,12.));
#2210 = CARTESIAN_POINT('',(1.243430468161,12.748978105788,12.));
#2211 = CARTESIAN_POINT('',(1.193418258715,12.579472884613,12.));
#2212 = ORIENTED_EDGE('',*,*,#2213,.F.);
#2213 = EDGE_CURVE('',#2214,#2204,#2216,.T.);
#2214 = VERTEX_POINT('',#2215);
#2215 = CARTESIAN_POINT('',(1.193418258715,12.579472884613,0.));
#2216 = LINE('',#2217,#2218);
#2217 = CARTESIAN_POINT('',(1.193418258715,12.579472884613,0.));
#2218 = VECTOR('',#2219,1.);
#2219 = DIRECTION('',(0.,0.,1.));
#2220 = ORIENTED_EDGE('',*,*,#2221,.F.);
#2221 = EDGE_CURVE('',#2180,#2214,#2222,.T.);
#2222 = B_SPLINE_CURVE_WITH_KNOTS('',4,(#2223,#2224,#2225,#2226,#2227),
  .UNSPECIFIED.,.F.,.F.,(5,5),(0.,1.),.PIECEWISE_BEZIER_KNOTS.);
#2223 = CARTESIAN_POINT('',(1.735836856013,13.69039336211,0.));
#2224 = CARTESIAN_POINT('',(1.492594625786,13.319496016496,0.));
#2225 = CARTESIAN_POINT('',(1.335144000603,12.998888725001,0.));
#2226 = CARTESIAN_POINT('',(1.243430468161,12.748978105788,0.));
#2227 = CARTESIAN_POINT('',(1.193418258715,12.579472884613,0.));
#2228 = SURFACE_OF_LINEAR_EXTRUSION('',#2229,#2235);
#2229 = B_SPLINE_CURVE_WITH_KNOTS('',4,(#2230,#2231,#2232,#2233,#2234),
  .UNSPECIFIED.,.F.,.F.,(5,5),(0.,1.),.PIECEWISE_BEZIER_KNOTS.);
#2230 = CARTESIAN_POINT('',(1.735836856013,13.69039336211,0.));
#2231 = CARTESIAN_POINT('',(1.492594625786,13.319496016496,0.));
#2232 = CARTESIAN_POINT('',(1.335144000603,12.998888725001,0.));
#2233 = CARTESIAN_POINT('',(1.243430468161,12.748978105788,0.));
#2234 = CARTESIAN_POINT('',(1.193418258715,12.579472884613,0.));
#2235 = VECTOR('',#2236,1.);
#2236 = DIRECTION('',(-0.,-0.,-1.));
#2237 = ADVANCED_FACE('',(#2238),#2265,.F.);
#2238 = FACE_BOUND('',#2239,.F.);
#2239 = EDGE_LOOP('',(#2240,#2241,#2250,#2258));
#2240 = ORIENTED_EDGE('',*,*,#2213,.T.);
#2241 = ORIENTED_EDGE('',*,*,#2242,.T.);
#2242 = EDGE_CURVE('',#2204,#2243,#2245,.T.);
#2243 = VERTEX_POINT('',#2244);
#2244 = CARTESIAN_POINT('',(0.955899800865,12.41324919474,12.));
#2245 = CIRCLE('',#2246,0.228);
#2246 = AXIS2_PLACEMENT_3D('',#2247,#2248,#2249);
#2247 = CARTESIAN_POINT('',(0.973751071767,12.640549287408,12.));
#2248 = DIRECTION('',(0.,0.,-1.));
#2249 = DIRECTION('',(0.963452574333,-0.267878959629,0.));
#2250 = ORIENTED_EDGE('',*,*,#2251,.F.);
#2251 = EDGE_CURVE('',#2252,#2243,#2254,.T.);
#2252 = VERTEX_POINT('',#2253);
#2253 = CARTESIAN_POINT('',(0.955899800865,12.41324919474,0.));
#2254 = LINE('',#2255,#2256);
#2255 = CARTESIAN_POINT('',(0.955899800865,12.41324919474,0.));
#2256 = VECTOR('',#2257,1.);
#2257 = DIRECTION('',(0.,0.,1.));
#2258 = ORIENTED_EDGE('',*,*,#2259,.F.);
#2259 = EDGE_CURVE('',#2214,#2252,#2260,.T.);
#2260 = CIRCLE('',#2261,0.228);
#2261 = AXIS2_PLACEMENT_3D('',#2262,#2263,#2264);
#2262 = CARTESIAN_POINT('',(0.973751071767,12.640549287408,0.));
#2263 = DIRECTION('',(0.,0.,-1.));
#2264 = DIRECTION('',(0.963452574333,-0.267878959629,0.));
#2265 = CYLINDRICAL_SURFACE('',#2266,0.228);
#2266 = AXIS2_PLACEMENT_3D('',#2267,#2268,#2269);
#2267 = CARTESIAN_POINT('',(0.973751071767,12.640549287408,0.));
#2268 = DIRECTION('',(0.,0.,-1.));
#2269 = DIRECTION('',(0.963452574333,-0.267878959629,0.));
#2270 = ADVANCED_FACE('',(#2271),#2298,.T.);
#2271 = FACE_BOUND('',#2272,.F.);
#2272 = EDGE_LOOP('',(#2273,#2274,#2283,#2291));
#2273 = ORIENTED_EDGE('',*,*,#2251,.T.);
#2274 = ORIENTED_EDGE('',*,*,#2275,.T.);
#2275 = EDGE_CURVE('',#2243,#2276,#2278,.T.);
#2276 = VERTEX_POINT('',#2277);
#2277 = CARTESIAN_POINT('',(0.82041943241,12.42293894193,12.));
#2278 = CIRCLE('',#2279,12.450000000281);
#2279 = AXIS2_PLACEMENT_3D('',#2280,#2281,#2282);
#2280 = CARTESIAN_POINT('',(-2.015604350092E-11,-2.806457288784E-10,12.)
  );
#2281 = DIRECTION('',(0.,-0.,1.));
#2282 = DIRECTION('',(7.677910047096E-02,0.997048128092,0.));
#2283 = ORIENTED_EDGE('',*,*,#2284,.F.);
#2284 = EDGE_CURVE('',#2285,#2276,#2287,.T.);
#2285 = VERTEX_POINT('',#2286);
#2286 = CARTESIAN_POINT('',(0.82041943241,12.42293894193,0.));
#2287 = LINE('',#2288,#2289);
#2288 = CARTESIAN_POINT('',(0.82041943241,12.42293894193,0.));
#2289 = VECTOR('',#2290,1.);
#2290 = DIRECTION('',(0.,0.,1.));
#2291 = ORIENTED_EDGE('',*,*,#2292,.F.);
#2292 = EDGE_CURVE('',#2252,#2285,#2293,.T.);
#2293 = CIRCLE('',#2294,12.450000000281);
#2294 = AXIS2_PLACEMENT_3D('',#2295,#2296,#2297);
#2295 = CARTESIAN_POINT('',(-2.015604350092E-11,-2.806457288784E-10,0.)
  );
#2296 = DIRECTION('',(0.,-0.,1.));
#2297 = DIRECTION('',(7.677910047096E-02,0.997048128092,0.));
#2298 = CYLINDRICAL_SURFACE('',#2299,12.450000000281);
#2299 = AXIS2_PLACEMENT_3D('',#2300,#2301,#2302);
#2300 = CARTESIAN_POINT('',(-2.015604350092E-11,-2.806457288784E-10,0.)
  );
#2301 = DIRECTION('',(0.,0.,-1.));
#2302 = DIRECTION('',(7.677910047096E-02,0.997048128092,0.));
#2303 = ADVANCED_FACE('',(#2304),#2331,.F.);
#2304 = FACE_BOUND('',#2305,.F.);
#2305 = EDGE_LOOP('',(#2306,#2307,#2316,#2324));
#2306 = ORIENTED_EDGE('',*,*,#2284,.T.);
#2307 = ORIENTED_EDGE('',*,*,#2308,.T.);
#2308 = EDGE_CURVE('',#2276,#2309,#2311,.T.);
#2309 = VERTEX_POINT('',#2310);
#2310 = CARTESIAN_POINT('',(0.608974977739,12.621271435293,12.));
#2311 = CIRCLE('',#2312,0.228);
#2312 = AXIS2_PLACEMENT_3D('',#2313,#2314,#2315);
#2313 = CARTESIAN_POINT('',(0.835098131739,12.650465942055,12.));
#2314 = DIRECTION('',(0.,0.,-1.));
#2315 = DIRECTION('',(-6.4380260215E-02,-0.997925439146,-0.));
#2316 = ORIENTED_EDGE('',*,*,#2317,.F.);
#2317 = EDGE_CURVE('',#2318,#2309,#2320,.T.);
#2318 = VERTEX_POINT('',#2319);
#2319 = CARTESIAN_POINT('',(0.608974977739,12.621271435293,0.));
#2320 = LINE('',#2321,#2322);
#2321 = CARTESIAN_POINT('',(0.608974977739,12.621271435293,0.));
#2322 = VECTOR('',#2323,1.);
#2323 = DIRECTION('',(0.,0.,1.));
#2324 = ORIENTED_EDGE('',*,*,#2325,.F.);
#2325 = EDGE_CURVE('',#2285,#2318,#2326,.T.);
#2326 = CIRCLE('',#2327,0.228);
#2327 = AXIS2_PLACEMENT_3D('',#2328,#2329,#2330);
#2328 = CARTESIAN_POINT('',(0.835098131739,12.650465942055,0.));
#2329 = DIRECTION('',(0.,0.,-1.));
#2330 = DIRECTION('',(-6.4380260215E-02,-0.997925439146,-0.));
#2331 = CYLINDRICAL_SURFACE('',#2332,0.228);
#2332 = AXIS2_PLACEMENT_3D('',#2333,#2334,#2335);
#2333 = CARTESIAN_POINT('',(0.835098131739,12.650465942055,0.));
#2334 = DIRECTION('',(0.,0.,-1.));
#2335 = DIRECTION('',(-6.4380260215E-02,-0.997925439146,-0.));
#2336 = ADVANCED_FACE('',(#2337),#2366,.F.);
#2337 = FACE_BOUND('',#2338,.F.);
#2338 = EDGE_LOOP('',(#2339,#2340,#2350,#2358));
#2339 = ORIENTED_EDGE('',*,*,#2317,.T.);
#2340 = ORIENTED_EDGE('',*,*,#2341,.T.);
#2341 = EDGE_CURVE('',#2309,#2342,#2344,.T.);
#2342 = VERTEX_POINT('',#2343);
#2343 = CARTESIAN_POINT('',(0.230123109573,13.798067892274,12.));
#2344 = B_SPLINE_CURVE_WITH_KNOTS('',4,(#2345,#2346,#2347,#2348,#2349),
  .UNSPECIFIED.,.F.,.F.,(5,5),(0.,1.),.PIECEWISE_BEZIER_KNOTS.);
#2345 = CARTESIAN_POINT('',(0.608974977739,12.621271435293,12.));
#2346 = CARTESIAN_POINT('',(0.583594618401,12.79617049716,12.));
#2347 = CARTESIAN_POINT('',(0.528380586835,13.056589583148,12.));
#2348 = CARTESIAN_POINT('',(0.41815975683,13.396341114952,12.));
#2349 = CARTESIAN_POINT('',(0.230123109573,13.798067892274,12.));
#2350 = ORIENTED_EDGE('',*,*,#2351,.F.);
#2351 = EDGE_CURVE('',#2352,#2342,#2354,.T.);
#2352 = VERTEX_POINT('',#2353);
#2353 = CARTESIAN_POINT('',(0.230123109573,13.798067892274,0.));
#2354 = LINE('',#2355,#2356);
#2355 = CARTESIAN_POINT('',(0.230123109573,13.798067892274,0.));
#2356 = VECTOR('',#2357,1.);
#2357 = DIRECTION('',(0.,0.,1.));
#2358 = ORIENTED_EDGE('',*,*,#2359,.F.);
#2359 = EDGE_CURVE('',#2318,#2352,#2360,.T.);
#2360 = B_SPLINE_CURVE_WITH_KNOTS('',4,(#2361,#2362,#2363,#2364,#2365),
  .UNSPECIFIED.,.F.,.F.,(5,5),(0.,1.),.PIECEWISE_BEZIER_KNOTS.);
#2361 = CARTESIAN_POINT('',(0.608974977739,12.621271435293,0.));
#2362 = CARTESIAN_POINT('',(0.583594618401,12.79617049716,0.));
#2363 = CARTESIAN_POINT('',(0.528380586835,13.056589583148,0.));
#2364 = CARTESIAN_POINT('',(0.41815975683,13.396341114952,0.));
#2365 = CARTESIAN_POINT('',(0.230123109573,13.798067892274,0.));
#2366 = SURFACE_OF_LINEAR_EXTRUSION('',#2367,#2373);
#2367 = B_SPLINE_CURVE_WITH_KNOTS('',4,(#2368,#2369,#2370,#2371,#2372),
  .UNSPECIFIED.,.F.,.F.,(5,5),(0.,1.),.PIECEWISE_BEZIER_KNOTS.);
#2368 = CARTESIAN_POINT('',(0.608974977739,12.621271435293,0.));
#2369 = CARTESIAN_POINT('',(0.583594618401,12.79617049716,0.));
#2370 = CARTESIAN_POINT('',(0.528380586835,13.056589583148,0.));
#2371 = CARTESIAN_POINT('',(0.41815975683,13.396341114952,0.));
#2372 = CARTESIAN_POINT('',(0.230123109573,13.798067892274,0.));
#2373 = VECTOR('',#2374,1.);
#2374 = DIRECTION('',(-0.,-0.,-1.));
#2375 = ADVANCED_FACE('',(#2376),#2403,.T.);
#2376 = FACE_BOUND('',#2377,.F.);
#2377 = EDGE_LOOP('',(#2378,#2379,#2388,#2396));
#2378 = ORIENTED_EDGE('',*,*,#2351,.T.);
#2379 = ORIENTED_EDGE('',*,*,#2380,.T.);
#2380 = EDGE_CURVE('',#2342,#2381,#2383,.T.);
#2381 = VERTEX_POINT('',#2382);
#2382 = CARTESIAN_POINT('',(-0.230177577538,13.798080239033,12.));
#2383 = CIRCLE('',#2384,13.799999999994);
#2384 = AXIS2_PLACEMENT_3D('',#2385,#2386,#2387);
#2385 = CARTESIAN_POINT('',(-3.973433059419E-04,-6.622695125635E-06,12.)
  );
#2386 = DIRECTION('',(0.,-0.,1.));
#2387 = DIRECTION('',(1.670438064343E-02,0.9998604721,0.));
#2388 = ORIENTED_EDGE('',*,*,#2389,.F.);
#2389 = EDGE_CURVE('',#2390,#2381,#2392,.T.);
#2390 = VERTEX_POINT('',#2391);
#2391 = CARTESIAN_POINT('',(-0.230177577538,13.798080239033,0.));
#2392 = LINE('',#2393,#2394);
#2393 = CARTESIAN_POINT('',(-0.230177577538,13.798080239033,0.));
#2394 = VECTOR('',#2395,1.);
#2395 = DIRECTION('',(0.,0.,1.));
#2396 = ORIENTED_EDGE('',*,*,#2397,.F.);
#2397 = EDGE_CURVE('',#2352,#2390,#2398,.T.);
#2398 = CIRCLE('',#2399,13.799999999994);
#2399 = AXIS2_PLACEMENT_3D('',#2400,#2401,#2402);
#2400 = CARTESIAN_POINT('',(-3.973433059419E-04,-6.622695125635E-06,0.)
  );
#2401 = DIRECTION('',(0.,-0.,1.));
#2402 = DIRECTION('',(1.670438064343E-02,0.9998604721,0.));
#2403 = CYLINDRICAL_SURFACE('',#2404,13.799999999994);
#2404 = AXIS2_PLACEMENT_3D('',#2405,#2406,#2407);
#2405 = CARTESIAN_POINT('',(-3.973433059419E-04,-6.622695125635E-06,0.)
  );
#2406 = DIRECTION('',(0.,0.,-1.));
#2407 = DIRECTION('',(1.670438064343E-02,0.9998604721,0.));
#2408 = ADVANCED_FACE('',(#2409),#2438,.F.);
#2409 = FACE_BOUND('',#2410,.F.);
#2410 = EDGE_LOOP('',(#2411,#2412,#2422,#2430));
#2411 = ORIENTED_EDGE('',*,*,#2389,.T.);
#2412 = ORIENTED_EDGE('',*,*,#2413,.T.);
#2413 = EDGE_CURVE('',#2381,#2414,#2416,.T.);
#2414 = VERTEX_POINT('',#2415);
#2415 = CARTESIAN_POINT('',(-0.608974667529,12.621273115231,12.));
#2416 = B_SPLINE_CURVE_WITH_KNOTS('',4,(#2417,#2418,#2419,#2420,#2421),
  .UNSPECIFIED.,.F.,.F.,(5,5),(0.,1.),.PIECEWISE_BEZIER_KNOTS.);
#2417 = CARTESIAN_POINT('',(-0.230177577538,13.798080239033,12.));
#2418 = CARTESIAN_POINT('',(-0.41815975683,13.396341114952,12.));
#2419 = CARTESIAN_POINT('',(-0.528380586835,13.056589583148,12.));
#2420 = CARTESIAN_POINT('',(-0.583594618401,12.79617049716,12.));
#2421 = CARTESIAN_POINT('',(-0.608974667529,12.621273115231,12.));
#2422 = ORIENTED_EDGE('',*,*,#2423,.F.);
#2423 = EDGE_CURVE('',#2424,#2414,#2426,.T.);
#2424 = VERTEX_POINT('',#2425);
#2425 = CARTESIAN_POINT('',(-0.608974667529,12.621273115231,0.));
#2426 = LINE('',#2427,#2428);
#2427 = CARTESIAN_POINT('',(-0.608974667529,12.621273115231,0.));
#2428 = VECTOR('',#2429,1.);
#2429 = DIRECTION('',(0.,0.,1.));
#2430 = ORIENTED_EDGE('',*,*,#2431,.F.);
#2431 = EDGE_CURVE('',#2390,#2424,#2432,.T.);
#2432 = B_SPLINE_CURVE_WITH_KNOTS('',4,(#2433,#2434,#2435,#2436,#2437),
  .UNSPECIFIED.,.F.,.F.,(5,5),(0.,1.),.PIECEWISE_BEZIER_KNOTS.);
#2433 = CARTESIAN_POINT('',(-0.230177577538,13.798080239033,0.));
#2434 = CARTESIAN_POINT('',(-0.41815975683,13.396341114952,0.));
#2435 = CARTESIAN_POINT('',(-0.528380586835,13.056589583148,0.));
#2436 = CARTESIAN_POINT('',(-0.583594618401,12.79617049716,0.));
#2437 = CARTESIAN_POINT('',(-0.608974667529,12.621273115231,0.));
#2438 = SURFACE_OF_LINEAR_EXTRUSION('',#2439,#2445);
#2439 = B_SPLINE_CURVE_WITH_KNOTS('',4,(#2440,#2441,#2442,#2443,#2444),
  .UNSPECIFIED.,.F.,.F.,(5,5),(0.,1.),.PIECEWISE_BEZIER_KNOTS.);
#2440 = CARTESIAN_POINT('',(-0.230177577538,13.798080239033,0.));
#2441 = CARTESIAN_POINT('',(-0.41815975683,13.396341114952,0.));
#2442 = CARTESIAN_POINT('',(-0.528380586835,13.056589583148,0.));
#2443 = CARTESIAN_POINT('',(-0.583594618401,12.79617049716,0.));
#2444 = CARTESIAN_POINT('',(-0.608974667529,12.621273115231,0.));
#2445 = VECTOR('',#2446,1.);
#2446 = DIRECTION('',(-0.,-0.,-1.));
#2447 = ADVANCED_FACE('',(#2448),#2475,.F.);
#2448 = FACE_BOUND('',#2449,.F.);
#2449 = EDGE_LOOP('',(#2450,#2451,#2460,#2468));
#2450 = ORIENTED_EDGE('',*,*,#2423,.T.);
#2451 = ORIENTED_EDGE('',*,*,#2452,.T.);
#2452 = EDGE_CURVE('',#2414,#2453,#2455,.T.);
#2453 = VERTEX_POINT('',#2454);
#2454 = CARTESIAN_POINT('',(-0.82041943241,12.42293894193,12.));
#2455 = CIRCLE('',#2456,0.228);
#2456 = AXIS2_PLACEMENT_3D('',#2457,#2458,#2459);
#2457 = CARTESIAN_POINT('',(-0.835098037633,12.650465948127,12.));
#2458 = DIRECTION('',(0.,0.,-1.));
#2459 = DIRECTION('',(0.991769167126,-0.128038740769,0.));
#2460 = ORIENTED_EDGE('',*,*,#2461,.F.);
#2461 = EDGE_CURVE('',#2462,#2453,#2464,.T.);
#2462 = VERTEX_POINT('',#2463);
#2463 = CARTESIAN_POINT('',(-0.82041943241,12.42293894193,0.));
#2464 = LINE('',#2465,#2466);
#2465 = CARTESIAN_POINT('',(-0.82041943241,12.42293894193,0.));
#2466 = VECTOR('',#2467,1.);
#2467 = DIRECTION('',(0.,0.,1.));
#2468 = ORIENTED_EDGE('',*,*,#2469,.F.);
#2469 = EDGE_CURVE('',#2424,#2462,#2470,.T.);
#2470 = CIRCLE('',#2471,0.228);
#2471 = AXIS2_PLACEMENT_3D('',#2472,#2473,#2474);
#2472 = CARTESIAN_POINT('',(-0.835098037633,12.650465948127,0.));
#2473 = DIRECTION('',(0.,0.,-1.));
#2474 = DIRECTION('',(0.991769167126,-0.128038740769,0.));
#2475 = CYLINDRICAL_SURFACE('',#2476,0.228);
#2476 = AXIS2_PLACEMENT_3D('',#2477,#2478,#2479);
#2477 = CARTESIAN_POINT('',(-0.835098037633,12.650465948127,0.));
#2478 = DIRECTION('',(0.,0.,-1.));
#2479 = DIRECTION('',(0.991769167126,-0.128038740769,0.));
#2480 = ADVANCED_FACE('',(#2481),#2508,.T.);
#2481 = FACE_BOUND('',#2482,.F.);
#2482 = EDGE_LOOP('',(#2483,#2484,#2493,#2501));
#2483 = ORIENTED_EDGE('',*,*,#2461,.T.);
#2484 = ORIENTED_EDGE('',*,*,#2485,.T.);
#2485 = EDGE_CURVE('',#2453,#2486,#2488,.T.);
#2486 = VERTEX_POINT('',#2487);
#2487 = CARTESIAN_POINT('',(-0.955899800865,12.41324919474,12.));
#2488 = CIRCLE('',#2489,12.449999999996);
#2489 = AXIS2_PLACEMENT_3D('',#2490,#2491,#2492);
#2490 = CARTESIAN_POINT('',(-3.521072322599E-13,3.82183173997E-12,12.));
#2491 = DIRECTION('',(0.,0.,1.));
#2492 = DIRECTION('',(-6.589714316542E-02,0.997826421039,0.));
#2493 = ORIENTED_EDGE('',*,*,#2494,.F.);
#2494 = EDGE_CURVE('',#2495,#2486,#2497,.T.);
#2495 = VERTEX_POINT('',#2496);
#2496 = CARTESIAN_POINT('',(-0.955899800865,12.41324919474,0.));
#2497 = LINE('',#2498,#2499);
#2498 = CARTESIAN_POINT('',(-0.955899800865,12.41324919474,0.));
#2499 = VECTOR('',#2500,1.);
#2500 = DIRECTION('',(0.,0.,1.));
#2501 = ORIENTED_EDGE('',*,*,#2502,.F.);
#2502 = EDGE_CURVE('',#2462,#2495,#2503,.T.);
#2503 = CIRCLE('',#2504,12.449999999996);
#2504 = AXIS2_PLACEMENT_3D('',#2505,#2506,#2507);
#2505 = CARTESIAN_POINT('',(-3.521072322599E-13,3.82183173997E-12,0.));
#2506 = DIRECTION('',(0.,0.,1.));
#2507 = DIRECTION('',(-6.589714316542E-02,0.997826421039,0.));
#2508 = CYLINDRICAL_SURFACE('',#2509,12.449999999996);
#2509 = AXIS2_PLACEMENT_3D('',#2510,#2511,#2512);
#2510 = CARTESIAN_POINT('',(-3.521072322599E-13,3.82183173997E-12,0.));
#2511 = DIRECTION('',(-0.,-0.,-1.));
#2512 = DIRECTION('',(-6.589714316542E-02,0.997826421039,0.));
#2513 = ADVANCED_FACE('',(#2514),#2541,.F.);
#2514 = FACE_BOUND('',#2515,.F.);
#2515 = EDGE_LOOP('',(#2516,#2517,#2526,#2534));
#2516 = ORIENTED_EDGE('',*,*,#2494,.T.);
#2517 = ORIENTED_EDGE('',*,*,#2518,.T.);
#2518 = EDGE_CURVE('',#2486,#2519,#2521,.T.);
#2519 = VERTEX_POINT('',#2520);
#2520 = CARTESIAN_POINT('',(-1.193417712582,12.579471265922,12.));
#2521 = CIRCLE('',#2522,0.228);
#2522 = AXIS2_PLACEMENT_3D('',#2523,#2524,#2525);
#2523 = CARTESIAN_POINT('',(-0.973750977756,12.640549294792,12.));
#2524 = DIRECTION('',(0.,0.,-1.));
#2525 = DIRECTION('',(7.829463548619E-02,-0.996930263386,0.));
#2526 = ORIENTED_EDGE('',*,*,#2527,.F.);
#2527 = EDGE_CURVE('',#2528,#2519,#2530,.T.);
#2528 = VERTEX_POINT('',#2529);
#2529 = CARTESIAN_POINT('',(-1.193417712582,12.579471265922,0.));
#2530 = LINE('',#2531,#2532);
#2531 = CARTESIAN_POINT('',(-1.193417712582,12.579471265922,0.));
#2532 = VECTOR('',#2533,1.);
#2533 = DIRECTION('',(0.,0.,1.));
#2534 = ORIENTED_EDGE('',*,*,#2535,.F.);
#2535 = EDGE_CURVE('',#2495,#2528,#2536,.T.);
#2536 = CIRCLE('',#2537,0.228);
#2537 = AXIS2_PLACEMENT_3D('',#2538,#2539,#2540);
#2538 = CARTESIAN_POINT('',(-0.973750977756,12.640549294792,0.));
#2539 = DIRECTION('',(0.,0.,-1.));
#2540 = DIRECTION('',(7.829463548619E-02,-0.996930263386,0.));
#2541 = CYLINDRICAL_SURFACE('',#2542,0.228);
#2542 = AXIS2_PLACEMENT_3D('',#2543,#2544,#2545);
#2543 = CARTESIAN_POINT('',(-0.973750977756,12.640549294792,0.));
#2544 = DIRECTION('',(0.,0.,-1.));
#2545 = DIRECTION('',(7.829463548619E-02,-0.996930263386,0.));
#2546 = ADVANCED_FACE('',(#2547),#2576,.F.);
#2547 = FACE_BOUND('',#2548,.F.);
#2548 = EDGE_LOOP('',(#2549,#2550,#2560,#2568));
#2549 = ORIENTED_EDGE('',*,*,#2527,.T.);
#2550 = ORIENTED_EDGE('',*,*,#2551,.T.);
#2551 = EDGE_CURVE('',#2519,#2552,#2554,.T.);
#2552 = VERTEX_POINT('',#2553);
#2553 = CARTESIAN_POINT('',(-1.735889012445,13.690373389424,12.));
#2554 = B_SPLINE_CURVE_WITH_KNOTS('',4,(#2555,#2556,#2557,#2558,#2559),
  .UNSPECIFIED.,.F.,.F.,(5,5),(0.,1.),.PIECEWISE_BEZIER_KNOTS.);
#2555 = CARTESIAN_POINT('',(-1.193417712582,12.579471265922,12.));
#2556 = CARTESIAN_POINT('',(-1.243430468161,12.748978105788,12.));
#2557 = CARTESIAN_POINT('',(-1.335144000603,12.998888725001,12.));
#2558 = CARTESIAN_POINT('',(-1.492594625786,13.319496016496,12.));
#2559 = CARTESIAN_POINT('',(-1.735889012445,13.690373389424,12.));
#2560 = ORIENTED_EDGE('',*,*,#2561,.F.);
#2561 = EDGE_CURVE('',#2562,#2552,#2564,.T.);
#2562 = VERTEX_POINT('',#2563);
#2563 = CARTESIAN_POINT('',(-1.735889012445,13.690373389424,0.));
#2564 = LINE('',#2565,#2566);
#2565 = CARTESIAN_POINT('',(-1.735889012445,13.690373389424,0.));
#2566 = VECTOR('',#2567,1.);
#2567 = DIRECTION('',(0.,0.,1.));
#2568 = ORIENTED_EDGE('',*,*,#2569,.F.);
#2569 = EDGE_CURVE('',#2528,#2562,#2570,.T.);
#2570 = B_SPLINE_CURVE_WITH_KNOTS('',4,(#2571,#2572,#2573,#2574,#2575),
  .UNSPECIFIED.,.F.,.F.,(5,5),(0.,1.),.PIECEWISE_BEZIER_KNOTS.);
#2571 = CARTESIAN_POINT('',(-1.193417712582,12.579471265922,0.));
#2572 = CARTESIAN_POINT('',(-1.243430468161,12.748978105788,0.));
#2573 = CARTESIAN_POINT('',(-1.335144000603,12.998888725001,0.));
#2574 = CARTESIAN_POINT('',(-1.492594625786,13.319496016496,0.));
#2575 = CARTESIAN_POINT('',(-1.735889012445,13.690373389424,0.));
#2576 = SURFACE_OF_LINEAR_EXTRUSION('',#2577,#2583);
#2577 = B_SPLINE_CURVE_WITH_KNOTS('',4,(#2578,#2579,#2580,#2581,#2582),
  .UNSPECIFIED.,.F.,.F.,(5,5),(0.,1.),.PIECEWISE_BEZIER_KNOTS.);
#2578 = CARTESIAN_POINT('',(-1.193417712582,12.579471265922,0.));
#2579 = CARTESIAN_POINT('',(-1.243430468161,12.748978105788,0.));
#2580 = CARTESIAN_POINT('',(-1.335144000603,12.998888725001,0.));
#2581 = CARTESIAN_POINT('',(-1.492594625786,13.319496016496,0.));
#2582 = CARTESIAN_POINT('',(-1.735889012445,13.690373389424,0.));
#2583 = VECTOR('',#2584,1.);
#2584 = DIRECTION('',(-0.,-0.,-1.));
#2585 = ADVANCED_FACE('',(#2586),#2613,.T.);
#2586 = FACE_BOUND('',#2587,.F.);
#2587 = EDGE_LOOP('',(#2588,#2589,#2598,#2606));
#2588 = ORIENTED_EDGE('',*,*,#2561,.T.);
#2589 = ORIENTED_EDGE('',*,*,#2590,.T.);
#2590 = EDGE_CURVE('',#2552,#2591,#2593,.T.);
#2591 = VERTEX_POINT('',#2592);
#2592 = CARTESIAN_POINT('',(-2.191506259387,13.624877992667,12.));
#2593 = CIRCLE('',#2594,13.799999999976);
#2594 = AXIS2_PLACEMENT_3D('',#2595,#2596,#2597);
#2595 = CARTESIAN_POINT('',(-3.923564187924E-04,-6.310311610846E-05,12.)
  );
#2596 = DIRECTION('',(0.,0.,1.));
#2597 = DIRECTION('',(-0.125760627248,0.992060615403,0.));
#2598 = ORIENTED_EDGE('',*,*,#2599,.F.);
#2599 = EDGE_CURVE('',#2600,#2591,#2602,.T.);
#2600 = VERTEX_POINT('',#2601);
#2601 = CARTESIAN_POINT('',(-2.191506259387,13.624877992667,0.));
#2602 = LINE('',#2603,#2604);
#2603 = CARTESIAN_POINT('',(-2.191506259387,13.624877992667,0.));
#2604 = VECTOR('',#2605,1.);
#2605 = DIRECTION('',(0.,0.,1.));
#2606 = ORIENTED_EDGE('',*,*,#2607,.F.);
#2607 = EDGE_CURVE('',#2562,#2600,#2608,.T.);
#2608 = CIRCLE('',#2609,13.799999999976);
#2609 = AXIS2_PLACEMENT_3D('',#2610,#2611,#2612);
#2610 = CARTESIAN_POINT('',(-3.923564187924E-04,-6.310311610846E-05,0.)
  );
#2611 = DIRECTION('',(0.,0.,1.));
#2612 = DIRECTION('',(-0.125760627248,0.992060615403,0.));
#2613 = CYLINDRICAL_SURFACE('',#2614,13.799999999976);
#2614 = AXIS2_PLACEMENT_3D('',#2615,#2616,#2617);
#2615 = CARTESIAN_POINT('',(-3.923564187924E-04,-6.310311610846E-05,0.)
  );
#2616 = DIRECTION('',(-0.,-0.,-1.));
#2617 = DIRECTION('',(-0.125760627248,0.992060615403,0.));
#2618 = ADVANCED_FACE('',(#2619),#2648,.F.);
#2619 = FACE_BOUND('',#2620,.F.);
#2620 = EDGE_LOOP('',(#2621,#2622,#2632,#2640));
#2621 = ORIENTED_EDGE('',*,*,#2599,.T.);
#2622 = ORIENTED_EDGE('',*,*,#2623,.T.);
#2623 = EDGE_CURVE('',#2591,#2624,#2626,.T.);
#2624 = VERTEX_POINT('',#2625);
#2625 = CARTESIAN_POINT('',(-2.398970625679,12.406140621969,12.));
#2626 = B_SPLINE_CURVE_WITH_KNOTS('',4,(#2627,#2628,#2629,#2630,#2631),
  .UNSPECIFIED.,.F.,.F.,(5,5),(0.,1.),.PIECEWISE_BEZIER_KNOTS.);
#2627 = CARTESIAN_POINT('',(-2.191506259387,13.624877992667,12.));
#2628 = CARTESIAN_POINT('',(-2.32040161267,13.200475340165,12.));
#2629 = CARTESIAN_POINT('',(-2.38114886925,12.848495929476,12.));
#2630 = CARTESIAN_POINT('',(-2.39873940148,12.582869758319,12.));
#2631 = CARTESIAN_POINT('',(-2.398970625679,12.406140621969,12.));
#2632 = ORIENTED_EDGE('',*,*,#2633,.F.);
#2633 = EDGE_CURVE('',#2634,#2624,#2636,.T.);
#2634 = VERTEX_POINT('',#2635);
#2635 = CARTESIAN_POINT('',(-2.398970625679,12.406140621969,0.));
#2636 = LINE('',#2637,#2638);
#2637 = CARTESIAN_POINT('',(-2.398970625679,12.406140621969,0.));
#2638 = VECTOR('',#2639,1.);
#2639 = DIRECTION('',(0.,0.,1.));
#2640 = ORIENTED_EDGE('',*,*,#2641,.F.);
#2641 = EDGE_CURVE('',#2600,#2634,#2642,.T.);
#2642 = B_SPLINE_CURVE_WITH_KNOTS('',4,(#2643,#2644,#2645,#2646,#2647),
  .UNSPECIFIED.,.F.,.F.,(5,5),(0.,1.),.PIECEWISE_BEZIER_KNOTS.);
#2643 = CARTESIAN_POINT('',(-2.191506259387,13.624877992667,0.));
#2644 = CARTESIAN_POINT('',(-2.32040161267,13.200475340165,0.));
#2645 = CARTESIAN_POINT('',(-2.38114886925,12.848495929476,0.));
#2646 = CARTESIAN_POINT('',(-2.39873940148,12.582869758319,0.));
#2647 = CARTESIAN_POINT('',(-2.398970625679,12.406140621969,0.));
#2648 = SURFACE_OF_LINEAR_EXTRUSION('',#2649,#2655);
#2649 = B_SPLINE_CURVE_WITH_KNOTS('',4,(#2650,#2651,#2652,#2653,#2654),
  .UNSPECIFIED.,.F.,.F.,(5,5),(0.,1.),.PIECEWISE_BEZIER_KNOTS.);
#2650 = CARTESIAN_POINT('',(-2.191506259387,13.624877992667,0.));
#2651 = CARTESIAN_POINT('',(-2.32040161267,13.200475340165,0.));
#2652 = CARTESIAN_POINT('',(-2.38114886925,12.848495929476,0.));
#2653 = CARTESIAN_POINT('',(-2.39873940148,12.582869758319,0.));
#2654 = CARTESIAN_POINT('',(-2.398970625679,12.406140621969,0.));
#2655 = VECTOR('',#2656,1.);
#2656 = DIRECTION('',(-0.,-0.,-1.));
#2657 = ADVANCED_FACE('',(#2658),#2685,.F.);
#2658 = FACE_BOUND('',#2659,.F.);
#2659 = EDGE_LOOP('',(#2660,#2661,#2670,#2678));
#2660 = ORIENTED_EDGE('',*,*,#2633,.T.);
#2661 = ORIENTED_EDGE('',*,*,#2662,.T.);
#2662 = EDGE_CURVE('',#2624,#2663,#2665,.T.);
#2663 = VERTEX_POINT('',#2664);
#2664 = CARTESIAN_POINT('',(-2.580037291934,12.17973347706,12.));
#2665 = CIRCLE('',#2666,0.228);
#2666 = AXIS2_PLACEMENT_3D('',#2667,#2668,#2669);
#2667 = CARTESIAN_POINT('',(-2.626946959212,12.402855603072,12.));
#2668 = DIRECTION('',(0.,0.,-1.));
#2669 = DIRECTION('',(0.999896199703,1.440797761899E-02,0.));
#2670 = ORIENTED_EDGE('',*,*,#2671,.F.);
#2671 = EDGE_CURVE('',#2672,#2663,#2674,.T.);
#2672 = VERTEX_POINT('',#2673);
#2673 = CARTESIAN_POINT('',(-2.580037291934,12.17973347706,0.));
#2674 = LINE('',#2675,#2676);
#2675 = CARTESIAN_POINT('',(-2.580037291934,12.17973347706,0.));
#2676 = VECTOR('',#2677,1.);
#2677 = DIRECTION('',(0.,0.,1.));
#2678 = ORIENTED_EDGE('',*,*,#2679,.F.);
#2679 = EDGE_CURVE('',#2634,#2672,#2680,.T.);
#2680 = CIRCLE('',#2681,0.228);
#2681 = AXIS2_PLACEMENT_3D('',#2682,#2683,#2684);
#2682 = CARTESIAN_POINT('',(-2.626946959212,12.402855603072,0.));
#2683 = DIRECTION('',(0.,0.,-1.));
#2684 = DIRECTION('',(0.999896199703,1.440797761899E-02,0.));
#2685 = CYLINDRICAL_SURFACE('',#2686,0.228);
#2686 = AXIS2_PLACEMENT_3D('',#2687,#2688,#2689);
#2687 = CARTESIAN_POINT('',(-2.626946959212,12.402855603072,0.));
#2688 = DIRECTION('',(0.,0.,-1.));
#2689 = DIRECTION('',(0.999896199703,1.440797761899E-02,0.));
#2690 = ADVANCED_FACE('',(#2691),#2718,.T.);
#2691 = FACE_BOUND('',#2692,.F.);
#2692 = EDGE_LOOP('',(#2693,#2694,#2703,#2711));
#2693 = ORIENTED_EDGE('',*,*,#2671,.T.);
#2694 = ORIENTED_EDGE('',*,*,#2695,.T.);
#2695 = EDGE_CURVE('',#2663,#2696,#2698,.T.);
#2696 = VERTEX_POINT('',#2697);
#2697 = CARTESIAN_POINT('',(-2.712759670781,12.150861490799,12.));
#2698 = CIRCLE('',#2699,12.450000000198);
#2699 = AXIS2_PLACEMENT_3D('',#2700,#2701,#2702);
#2700 = CARTESIAN_POINT('',(4.215028326371E-11,-1.936912852329E-10,12.)
  );
#2701 = DIRECTION('',(0.,0.,1.));
#2702 = DIRECTION('',(-0.207231910999,0.978291845547,0.));
#2703 = ORIENTED_EDGE('',*,*,#2704,.F.);
#2704 = EDGE_CURVE('',#2705,#2696,#2707,.T.);
#2705 = VERTEX_POINT('',#2706);
#2706 = CARTESIAN_POINT('',(-2.712759670781,12.150861490799,0.));
#2707 = LINE('',#2708,#2709);
#2708 = CARTESIAN_POINT('',(-2.712759670781,12.150861490799,0.));
#2709 = VECTOR('',#2710,1.);
#2710 = DIRECTION('',(0.,0.,1.));
#2711 = ORIENTED_EDGE('',*,*,#2712,.F.);
#2712 = EDGE_CURVE('',#2672,#2705,#2713,.T.);
#2713 = CIRCLE('',#2714,12.450000000198);
#2714 = AXIS2_PLACEMENT_3D('',#2715,#2716,#2717);
#2715 = CARTESIAN_POINT('',(4.215028326371E-11,-1.936912852329E-10,0.));
#2716 = DIRECTION('',(0.,0.,1.));
#2717 = DIRECTION('',(-0.207231910999,0.978291845547,0.));
#2718 = CYLINDRICAL_SURFACE('',#2719,12.450000000198);
#2719 = AXIS2_PLACEMENT_3D('',#2720,#2721,#2722);
#2720 = CARTESIAN_POINT('',(4.215028326371E-11,-1.936912852329E-10,0.));
#2721 = DIRECTION('',(-0.,-0.,-1.));
#2722 = DIRECTION('',(-0.207231910999,0.978291845547,0.));
#2723 = ADVANCED_FACE('',(#2724),#2751,.F.);
#2724 = FACE_BOUND('',#2725,.F.);
#2725 = EDGE_LOOP('',(#2726,#2727,#2736,#2744));
#2726 = ORIENTED_EDGE('',*,*,#2704,.T.);
#2727 = ORIENTED_EDGE('',*,*,#2728,.T.);
#2728 = EDGE_CURVE('',#2696,#2729,#2731,.T.);
#2729 = VERTEX_POINT('',#2730);
#2730 = CARTESIAN_POINT('',(-2.971515859808,12.281589337776,12.));
#2731 = CIRCLE('',#2732,0.228);
#2732 = AXIS2_PLACEMENT_3D('',#2733,#2734,#2735);
#2733 = CARTESIAN_POINT('',(-2.762777325409,12.37330751622,12.));
#2734 = DIRECTION('',(0.,0.,-1.));
#2735 = DIRECTION('',(0.219375678192,-0.975640462372,0.));
#2736 = ORIENTED_EDGE('',*,*,#2737,.F.);
#2737 = EDGE_CURVE('',#2738,#2729,#2740,.T.);
#2738 = VERTEX_POINT('',#2739);
#2739 = CARTESIAN_POINT('',(-2.971515859808,12.281589337776,0.));
#2740 = LINE('',#2741,#2742);
#2741 = CARTESIAN_POINT('',(-2.971515859808,12.281589337776,0.));
#2742 = VECTOR('',#2743,1.);
#2743 = DIRECTION('',(0.,0.,1.));
#2744 = ORIENTED_EDGE('',*,*,#2745,.F.);
#2745 = EDGE_CURVE('',#2705,#2738,#2746,.T.);
#2746 = CIRCLE('',#2747,0.228);
#2747 = AXIS2_PLACEMENT_3D('',#2748,#2749,#2750);
#2748 = CARTESIAN_POINT('',(-2.762777325409,12.37330751622,0.));
#2749 = DIRECTION('',(0.,0.,-1.));
#2750 = DIRECTION('',(0.219375678192,-0.975640462372,0.));
#2751 = CYLINDRICAL_SURFACE('',#2752,0.228);
#2752 = AXIS2_PLACEMENT_3D('',#2753,#2754,#2755);
#2753 = CARTESIAN_POINT('',(-2.762777325409,12.37330751622,0.));
#2754 = DIRECTION('',(0.,0.,-1.));
#2755 = DIRECTION('',(0.219375678192,-0.975640462372,0.));
#2756 = ADVANCED_FACE('',(#2757),#2786,.F.);
#2757 = FACE_BOUND('',#2758,.F.);
#2758 = EDGE_LOOP('',(#2759,#2760,#2770,#2778));
#2759 = ORIENTED_EDGE('',*,*,#2737,.T.);
#2760 = ORIENTED_EDGE('',*,*,#2761,.T.);
#2761 = EDGE_CURVE('',#2729,#2762,#2764,.T.);
#2762 = VERTEX_POINT('',#2763);
#2763 = CARTESIAN_POINT('',(-3.66656344006,13.303982364141,12.));
#2764 = B_SPLINE_CURVE_WITH_KNOTS('',4,(#2765,#2766,#2767,#2768,#2769),
  .UNSPECIFIED.,.F.,.F.,(5,5),(0.,1.),.PIECEWISE_BEZIER_KNOTS.);
#2765 = CARTESIAN_POINT('',(-2.971515859808,12.281589337776,12.));
#2766 = CARTESIAN_POINT('',(-3.045142896149,12.442253285199,12.));
#2767 = CARTESIAN_POINT('',(-3.171488906426,12.676567978113,12.));
#2768 = CARTESIAN_POINT('',(-3.372964086109,12.971504389399,12.));
#2769 = CARTESIAN_POINT('',(-3.66656344006,13.303982364141,12.));
#2770 = ORIENTED_EDGE('',*,*,#2771,.F.);
#2771 = EDGE_CURVE('',#2772,#2762,#2774,.T.);
#2772 = VERTEX_POINT('',#2773);
#2773 = CARTESIAN_POINT('',(-3.66656344006,13.303982364141,0.));
#2774 = LINE('',#2775,#2776);
#2775 = CARTESIAN_POINT('',(-3.66656344006,13.303982364141,0.));
#2776 = VECTOR('',#2777,1.);
#2777 = DIRECTION('',(0.,0.,1.));
#2778 = ORIENTED_EDGE('',*,*,#2779,.F.);
#2779 = EDGE_CURVE('',#2738,#2772,#2780,.T.);
#2780 = B_SPLINE_CURVE_WITH_KNOTS('',4,(#2781,#2782,#2783,#2784,#2785),
  .UNSPECIFIED.,.F.,.F.,(5,5),(0.,1.),.PIECEWISE_BEZIER_KNOTS.);
#2781 = CARTESIAN_POINT('',(-2.971515859808,12.281589337776,0.));
#2782 = CARTESIAN_POINT('',(-3.045142896149,12.442253285199,0.));
#2783 = CARTESIAN_POINT('',(-3.171488906426,12.676567978113,0.));
#2784 = CARTESIAN_POINT('',(-3.372964086109,12.971504389399,0.));
#2785 = CARTESIAN_POINT('',(-3.66656344006,13.303982364141,0.));
#2786 = SURFACE_OF_LINEAR_EXTRUSION('',#2787,#2793);
#2787 = B_SPLINE_CURVE_WITH_KNOTS('',4,(#2788,#2789,#2790,#2791,#2792),
  .UNSPECIFIED.,.F.,.F.,(5,5),(0.,1.),.PIECEWISE_BEZIER_KNOTS.);
#2788 = CARTESIAN_POINT('',(-2.971515859808,12.281589337776,0.));
#2789 = CARTESIAN_POINT('',(-3.045142896149,12.442253285199,0.));
#2790 = CARTESIAN_POINT('',(-3.171488906426,12.676567978113,0.));
#2791 = CARTESIAN_POINT('',(-3.372964086109,12.971504389399,0.));
#2792 = CARTESIAN_POINT('',(-3.66656344006,13.303982364141,0.));
#2793 = VECTOR('',#2794,1.);
#2794 = DIRECTION('',(-0.,-0.,-1.));
#2795 = ADVANCED_FACE('',(#2796),#2823,.T.);
#2796 = FACE_BOUND('',#2797,.F.);
#2797 = EDGE_LOOP('',(#2798,#2799,#2808,#2816));
#2798 = ORIENTED_EDGE('',*,*,#2771,.T.);
#2799 = ORIENTED_EDGE('',*,*,#2800,.T.);
#2800 = EDGE_CURVE('',#2762,#2801,#2803,.T.);
#2801 = VERTEX_POINT('',#2802);
#2802 = CARTESIAN_POINT('',(-4.108222193577,13.174312521274,12.));
#2803 = CIRCLE('',#2804,13.800000000016);
#2804 = AXIS2_PLACEMENT_3D('',#2805,#2806,#2807);
#2805 = CARTESIAN_POINT('',(-3.793822753109E-04,-1.18298995349E-04,12.)
  );
#2806 = DIRECTION('',(0.,0.,1.));
#2807 = DIRECTION('',(-0.265665511433,0.964065265444,0.));
#2808 = ORIENTED_EDGE('',*,*,#2809,.F.);
#2809 = EDGE_CURVE('',#2810,#2801,#2812,.T.);
#2810 = VERTEX_POINT('',#2811);
#2811 = CARTESIAN_POINT('',(-4.108222193577,13.174312521274,0.));
#2812 = LINE('',#2813,#2814);
#2813 = CARTESIAN_POINT('',(-4.108222193577,13.174312521274,0.));
#2814 = VECTOR('',#2815,1.);
#2815 = DIRECTION('',(0.,0.,1.));
#2816 = ORIENTED_EDGE('',*,*,#2817,.F.);
#2817 = EDGE_CURVE('',#2772,#2810,#2818,.T.);
#2818 = CIRCLE('',#2819,13.800000000016);
#2819 = AXIS2_PLACEMENT_3D('',#2820,#2821,#2822);
#2820 = CARTESIAN_POINT('',(-3.793822753109E-04,-1.18298995349E-04,0.));
#2821 = DIRECTION('',(0.,0.,1.));
#2822 = DIRECTION('',(-0.265665511433,0.964065265444,0.));
#2823 = CYLINDRICAL_SURFACE('',#2824,13.800000000016);
#2824 = AXIS2_PLACEMENT_3D('',#2825,#2826,#2827);
#2825 = CARTESIAN_POINT('',(-3.793822753109E-04,-1.18298995349E-04,0.));
#2826 = DIRECTION('',(-0.,-0.,-1.));
#2827 = DIRECTION('',(-0.265665511433,0.964065265444,0.));
#2828 = ADVANCED_FACE('',(#2829),#2858,.F.);
#2829 = FACE_BOUND('',#2830,.F.);
#2830 = EDGE_LOOP('',(#2831,#2832,#2842,#2850));
#2831 = ORIENTED_EDGE('',*,*,#2809,.T.);
#2832 = ORIENTED_EDGE('',*,*,#2833,.T.);
#2833 = EDGE_CURVE('',#2801,#2834,#2836,.T.);
#2834 = VERTEX_POINT('',#2835);
#2835 = CARTESIAN_POINT('',(-4.140130459951,11.938454881999,12.));
#2836 = B_SPLINE_CURVE_WITH_KNOTS('',4,(#2837,#2838,#2839,#2840,#2841),
  .UNSPECIFIED.,.F.,.F.,(5,5),(0.,1.),.PIECEWISE_BEZIER_KNOTS.);
#2837 = CARTESIAN_POINT('',(-4.108222193577,13.174312521274,12.));
#2838 = CARTESIAN_POINT('',(-4.175406783162,12.73588595448,12.));
#2839 = CARTESIAN_POINT('',(-4.185443827352,12.378843950684,12.));
#2840 = CARTESIAN_POINT('',(-4.165052767739,12.113418077198,12.));
#2841 = CARTESIAN_POINT('',(-4.140130459951,11.938454881999,12.));
#2842 = ORIENTED_EDGE('',*,*,#2843,.F.);
#2843 = EDGE_CURVE('',#2844,#2834,#2846,.T.);
#2844 = VERTEX_POINT('',#2845);
#2845 = CARTESIAN_POINT('',(-4.140130459951,11.938454881999,0.));
#2846 = LINE('',#2847,#2848);
#2847 = CARTESIAN_POINT('',(-4.140130459951,11.938454881999,0.));
#2848 = VECTOR('',#2849,1.);
#2849 = DIRECTION('',(0.,0.,1.));
#2850 = ORIENTED_EDGE('',*,*,#2851,.F.);
#2851 = EDGE_CURVE('',#2810,#2844,#2852,.T.);
#2852 = B_SPLINE_CURVE_WITH_KNOTS('',4,(#2853,#2854,#2855,#2856,#2857),
  .UNSPECIFIED.,.F.,.F.,(5,5),(0.,1.),.PIECEWISE_BEZIER_KNOTS.);
#2853 = CARTESIAN_POINT('',(-4.108222193577,13.174312521274,0.));
#2854 = CARTESIAN_POINT('',(-4.175406783162,12.73588595448,0.));
#2855 = CARTESIAN_POINT('',(-4.185443827352,12.378843950684,0.));
#2856 = CARTESIAN_POINT('',(-4.165052767739,12.113418077198,0.));
#2857 = CARTESIAN_POINT('',(-4.140130459951,11.938454881999,0.));
#2858 = SURFACE_OF_LINEAR_EXTRUSION('',#2859,#2865);
#2859 = B_SPLINE_CURVE_WITH_KNOTS('',4,(#2860,#2861,#2862,#2863,#2864),
  .UNSPECIFIED.,.F.,.F.,(5,5),(0.,1.),.PIECEWISE_BEZIER_KNOTS.);
#2860 = CARTESIAN_POINT('',(-4.108222193577,13.174312521274,0.));
#2861 = CARTESIAN_POINT('',(-4.175406783162,12.73588595448,0.));
#2862 = CARTESIAN_POINT('',(-4.185443827352,12.378843950684,0.));
#2863 = CARTESIAN_POINT('',(-4.165052767739,12.113418077198,0.));
#2864 = CARTESIAN_POINT('',(-4.140130459951,11.938454881999,0.));
#2865 = VECTOR('',#2866,1.);
#2866 = DIRECTION('',(-0.,-0.,-1.));
#2867 = ADVANCED_FACE('',(#2868),#2895,.F.);
#2868 = FACE_BOUND('',#2869,.F.);
#2869 = EDGE_LOOP('',(#2870,#2871,#2880,#2888));
#2870 = ORIENTED_EDGE('',*,*,#2843,.T.);
#2871 = ORIENTED_EDGE('',*,*,#2872,.T.);
#2872 = EDGE_CURVE('',#2834,#2873,#2875,.T.);
#2873 = VERTEX_POINT('',#2874);
#2874 = CARTESIAN_POINT('',(-4.287133032409,11.688583762049,12.));
#2875 = CIRCLE('',#2876,0.228);
#2876 = AXIS2_PLACEMENT_3D('',#2877,#2878,#2879);
#2877 = CARTESIAN_POINT('',(-4.36531881619,11.902758884821,12.));
#2878 = DIRECTION('',(0.,0.,-1.));
#2879 = DIRECTION('',(0.987668229117,0.156561391132,0.));
#2880 = ORIENTED_EDGE('',*,*,#2881,.F.);
#2881 = EDGE_CURVE('',#2882,#2873,#2884,.T.);
#2882 = VERTEX_POINT('',#2883);
#2883 = CARTESIAN_POINT('',(-4.287133032409,11.688583762049,0.));
#2884 = LINE('',#2885,#2886);
#2885 = CARTESIAN_POINT('',(-4.287133032409,11.688583762049,0.));
#2886 = VECTOR('',#2887,1.);
#2887 = DIRECTION('',(0.,0.,1.));
#2888 = ORIENTED_EDGE('',*,*,#2889,.F.);
#2889 = EDGE_CURVE('',#2844,#2882,#2890,.T.);
#2890 = CIRCLE('',#2891,0.228);
#2891 = AXIS2_PLACEMENT_3D('',#2892,#2893,#2894);
#2892 = CARTESIAN_POINT('',(-4.36531881619,11.902758884821,0.));
#2893 = DIRECTION('',(0.,0.,-1.));
#2894 = DIRECTION('',(0.987668229117,0.156561391132,0.));
#2895 = CYLINDRICAL_SURFACE('',#2896,0.228);
#2896 = AXIS2_PLACEMENT_3D('',#2897,#2898,#2899);
#2897 = CARTESIAN_POINT('',(-4.36531881619,11.902758884821,0.));
#2898 = DIRECTION('',(0.,0.,-1.));
#2899 = DIRECTION('',(0.987668229117,0.156561391132,0.));
#2900 = ADVANCED_FACE('',(#2901),#2928,.T.);
#2901 = FACE_BOUND('',#2902,.F.);
#2902 = EDGE_LOOP('',(#2903,#2904,#2913,#2921));
#2903 = ORIENTED_EDGE('',*,*,#2881,.T.);
#2904 = ORIENTED_EDGE('',*,*,#2905,.T.);
#2905 = EDGE_CURVE('',#2873,#2906,#2908,.T.);
#2906 = VERTEX_POINT('',#2907);
#2907 = CARTESIAN_POINT('',(-4.414395576753,11.641117287097,12.));
#2908 = CIRCLE('',#2909,12.450000000315);
#2909 = AXIS2_PLACEMENT_3D('',#2910,#2911,#2912);
#2910 = CARTESIAN_POINT('',(1.100164404022E-10,-2.950129029955E-10,12.)
  );
#2911 = DIRECTION('',(0.,0.,1.));
#2912 = DIRECTION('',(-0.344348034732,0.938842069241,0.));
#2913 = ORIENTED_EDGE('',*,*,#2914,.F.);
#2914 = EDGE_CURVE('',#2915,#2906,#2917,.T.);
#2915 = VERTEX_POINT('',#2916);
#2916 = CARTESIAN_POINT('',(-4.414395576753,11.641117287097,0.));
#2917 = LINE('',#2918,#2919);
#2918 = CARTESIAN_POINT('',(-4.414395576753,11.641117287097,0.));
#2919 = VECTOR('',#2920,1.);
#2920 = DIRECTION('',(0.,0.,1.));
#2921 = ORIENTED_EDGE('',*,*,#2922,.F.);
#2922 = EDGE_CURVE('',#2882,#2915,#2923,.T.);
#2923 = CIRCLE('',#2924,12.450000000315);
#2924 = AXIS2_PLACEMENT_3D('',#2925,#2926,#2927);
#2925 = CARTESIAN_POINT('',(1.100164404022E-10,-2.950129029955E-10,0.));
#2926 = DIRECTION('',(0.,0.,1.));
#2927 = DIRECTION('',(-0.344348034732,0.938842069241,0.));
#2928 = CYLINDRICAL_SURFACE('',#2929,12.450000000315);
#2929 = AXIS2_PLACEMENT_3D('',#2930,#2931,#2932);
#2930 = CARTESIAN_POINT('',(1.100164404022E-10,-2.950129029955E-10,0.));
#2931 = DIRECTION('',(-0.,-0.,-1.));
#2932 = DIRECTION('',(-0.344348034732,0.938842069241,0.));
#2933 = ADVANCED_FACE('',(#2934),#2961,.F.);
#2934 = FACE_BOUND('',#2935,.F.);
#2935 = EDGE_LOOP('',(#2936,#2937,#2946,#2954));
#2936 = ORIENTED_EDGE('',*,*,#2914,.T.);
#2937 = ORIENTED_EDGE('',*,*,#2938,.T.);
#2938 = EDGE_CURVE('',#2906,#2939,#2941,.T.);
#2939 = VERTEX_POINT('',#2940);
#2940 = CARTESIAN_POINT('',(-4.689122513271,11.733689667892,12.));
#2941 = CIRCLE('',#2942,0.228);
#2942 = AXIS2_PLACEMENT_3D('',#2943,#2944,#2945);
#2943 = CARTESIAN_POINT('',(-4.495561493909,11.85418087829,12.));
#2944 = DIRECTION('',(0.,-0.,-1.));
#2945 = DIRECTION('',(0.355990864717,-0.93448943506,0.));
#2946 = ORIENTED_EDGE('',*,*,#2947,.F.);
#2947 = EDGE_CURVE('',#2948,#2939,#2950,.T.);
#2948 = VERTEX_POINT('',#2949);
#2949 = CARTESIAN_POINT('',(-4.689122513271,11.733689667892,0.));
#2950 = LINE('',#2951,#2952);
#2951 = CARTESIAN_POINT('',(-4.689122513271,11.733689667892,0.));
#2952 = VECTOR('',#2953,1.);
#2953 = DIRECTION('',(0.,0.,1.));
#2954 = ORIENTED_EDGE('',*,*,#2955,.F.);
#2955 = EDGE_CURVE('',#2915,#2948,#2956,.T.);
#2956 = CIRCLE('',#2957,0.228);
#2957 = AXIS2_PLACEMENT_3D('',#2958,#2959,#2960);
#2958 = CARTESIAN_POINT('',(-4.495561493909,11.85418087829,0.));
#2959 = DIRECTION('',(0.,-0.,-1.));
#2960 = DIRECTION('',(0.355990864717,-0.93448943506,0.));
#2961 = CYLINDRICAL_SURFACE('',#2962,0.228);
#2962 = AXIS2_PLACEMENT_3D('',#2963,#2964,#2965);
#2963 = CARTESIAN_POINT('',(-4.495561493909,11.85418087829,0.));
#2964 = DIRECTION('',(0.,0.,-1.));
#2965 = DIRECTION('',(0.355990864717,-0.93448943506,0.));
#2966 = ADVANCED_FACE('',(#2967),#2996,.F.);
#2967 = FACE_BOUND('',#2968,.F.);
#2968 = EDGE_LOOP('',(#2969,#2970,#2980,#2988));
#2969 = ORIENTED_EDGE('',*,*,#2947,.T.);
#2970 = ORIENTED_EDGE('',*,*,#2971,.T.);
#2971 = EDGE_CURVE('',#2939,#2972,#2974,.T.);
#2972 = VERTEX_POINT('',#2973);
#2973 = CARTESIAN_POINT('',(-5.522597209532,12.646760623442,12.));
#2974 = B_SPLINE_CURVE_WITH_KNOTS('',4,(#2975,#2976,#2977,#2978,#2979),
  .UNSPECIFIED.,.F.,.F.,(5,5),(0.,1.),.PIECEWISE_BEZIER_KNOTS.);
#2975 = CARTESIAN_POINT('',(-4.689122513271,11.733689667892,12.));
#2976 = CARTESIAN_POINT('',(-4.784864996238,11.882240068219,12.));
#2977 = CARTESIAN_POINT('',(-4.943271443934,12.096188863394,12.));
#2978 = CARTESIAN_POINT('',(-5.184669724463,12.359450339664,12.));
#2979 = CARTESIAN_POINT('',(-5.522597209532,12.646760623442,12.));
#2980 = ORIENTED_EDGE('',*,*,#2981,.F.);
#2981 = EDGE_CURVE('',#2982,#2972,#2984,.T.);
#2982 = VERTEX_POINT('',#2983);
#2983 = CARTESIAN_POINT('',(-5.522597209532,12.646760623442,0.));
#2984 = LINE('',#2985,#2986);
#2985 = CARTESIAN_POINT('',(-5.522597209532,12.646760623442,0.));
#2986 = VECTOR('',#2987,1.);
#2987 = DIRECTION('',(0.,0.,1.));
#2988 = ORIENTED_EDGE('',*,*,#2989,.F.);
#2989 = EDGE_CURVE('',#2948,#2982,#2990,.T.);
#2990 = B_SPLINE_CURVE_WITH_KNOTS('',4,(#2991,#2992,#2993,#2994,#2995),
  .UNSPECIFIED.,.F.,.F.,(5,5),(0.,1.),.PIECEWISE_BEZIER_KNOTS.);
#2991 = CARTESIAN_POINT('',(-4.689122513271,11.733689667892,0.));
#2992 = CARTESIAN_POINT('',(-4.784864996238,11.882240068219,0.));
#2993 = CARTESIAN_POINT('',(-4.943271443934,12.096188863394,0.));
#2994 = CARTESIAN_POINT('',(-5.184669724463,12.359450339664,0.));
#2995 = CARTESIAN_POINT('',(-5.522597209532,12.646760623442,0.));
#2996 = SURFACE_OF_LINEAR_EXTRUSION('',#2997,#3003);
#2997 = B_SPLINE_CURVE_WITH_KNOTS('',4,(#2998,#2999,#3000,#3001,#3002),
  .UNSPECIFIED.,.F.,.F.,(5,5),(0.,1.),.PIECEWISE_BEZIER_KNOTS.);
#2998 = CARTESIAN_POINT('',(-4.689122513271,11.733689667892,0.));
#2999 = CARTESIAN_POINT('',(-4.784864996238,11.882240068219,0.));
#3000 = CARTESIAN_POINT('',(-4.943271443934,12.096188863394,0.));
#3001 = CARTESIAN_POINT('',(-5.184669724463,12.359450339664,0.));
#3002 = CARTESIAN_POINT('',(-5.522597209532,12.646760623442,0.));
#3003 = VECTOR('',#3004,1.);
#3004 = DIRECTION('',(-0.,-0.,-1.));
#3005 = ADVANCED_FACE('',(#3006),#3033,.T.);
#3006 = FACE_BOUND('',#3007,.F.);
#3007 = EDGE_LOOP('',(#3008,#3009,#3018,#3026));
#3008 = ORIENTED_EDGE('',*,*,#2981,.T.);
#3009 = ORIENTED_EDGE('',*,*,#3010,.T.);
#3010 = EDGE_CURVE('',#2972,#3011,#3013,.T.);
#3011 = VERTEX_POINT('',#3012);
#3012 = CARTESIAN_POINT('',(-5.94130657104,12.455556038528,12.));
#3013 = CIRCLE('',#3014,13.800000000005);
#3014 = AXIS2_PLACEMENT_3D('',#3015,#3016,#3017);
#3015 = CARTESIAN_POINT('',(-3.58685012924E-04,-1.710865993543E-04,12.)
  );
#3016 = DIRECTION('',(0.,0.,1.));
#3017 = DIRECTION('',(-0.400162211922,0.916444326814,0.));
#3018 = ORIENTED_EDGE('',*,*,#3019,.F.);
#3019 = EDGE_CURVE('',#3020,#3011,#3022,.T.);
#3020 = VERTEX_POINT('',#3021);
#3021 = CARTESIAN_POINT('',(-5.94130657104,12.455556038528,0.));
#3022 = LINE('',#3023,#3024);
#3023 = CARTESIAN_POINT('',(-5.94130657104,12.455556038528,0.));
#3024 = VECTOR('',#3025,1.);
#3025 = DIRECTION('',(0.,0.,1.));
#3026 = ORIENTED_EDGE('',*,*,#3027,.F.);
#3027 = EDGE_CURVE('',#2982,#3020,#3028,.T.);
#3028 = CIRCLE('',#3029,13.800000000005);
#3029 = AXIS2_PLACEMENT_3D('',#3030,#3031,#3032);
#3030 = CARTESIAN_POINT('',(-3.58685012924E-04,-1.710865993543E-04,0.));
#3031 = DIRECTION('',(0.,0.,1.));
#3032 = DIRECTION('',(-0.400162211922,0.916444326814,0.));
#3033 = CYLINDRICAL_SURFACE('',#3034,13.800000000005);
#3034 = AXIS2_PLACEMENT_3D('',#3035,#3036,#3037);
#3035 = CARTESIAN_POINT('',(-3.58685012924E-04,-1.710865993543E-04,0.));
#3036 = DIRECTION('',(-0.,-0.,-1.));
#3037 = DIRECTION('',(-0.400162211922,0.916444326814,0.));
#3038 = ADVANCED_FACE('',(#3039),#3068,.F.);
#3039 = FACE_BOUND('',#3040,.F.);
#3040 = EDGE_LOOP('',(#3041,#3042,#3052,#3060));
#3041 = ORIENTED_EDGE('',*,*,#3019,.T.);
#3042 = ORIENTED_EDGE('',*,*,#3043,.T.);
#3043 = EDGE_CURVE('',#3011,#3044,#3046,.T.);
#3044 = VERTEX_POINT('',#3045);
#3045 = CARTESIAN_POINT('',(-5.797009177209,11.227736628293,12.));
#3046 = B_SPLINE_CURVE_WITH_KNOTS('',4,(#3047,#3048,#3049,#3050,#3051),
  .UNSPECIFIED.,.F.,.F.,(5,5),(0.,1.),.PIECEWISE_BEZIER_KNOTS.);
#3047 = CARTESIAN_POINT('',(-5.94130657104,12.455556038528,12.));
#3048 = CARTESIAN_POINT('',(-5.945412712428,12.012030658023,12.));
#3049 = CARTESIAN_POINT('',(-5.904535218953,11.657194406693,12.));
#3050 = CARTESIAN_POINT('',(-5.846577670666,11.397372136238,12.));
#3051 = CARTESIAN_POINT('',(-5.797009177209,11.227736628293,12.));
#3052 = ORIENTED_EDGE('',*,*,#3053,.F.);
#3053 = EDGE_CURVE('',#3054,#3044,#3056,.T.);
#3054 = VERTEX_POINT('',#3055);
#3055 = CARTESIAN_POINT('',(-5.797009177209,11.227736628293,0.));
#3056 = LINE('',#3057,#3058);
#3057 = CARTESIAN_POINT('',(-5.797009177209,11.227736628293,0.));
#3058 = VECTOR('',#3059,1.);
#3059 = DIRECTION('',(0.,0.,1.));
#3060 = ORIENTED_EDGE('',*,*,#3061,.F.);
#3061 = EDGE_CURVE('',#3020,#3054,#3062,.T.);
#3062 = B_SPLINE_CURVE_WITH_KNOTS('',4,(#3063,#3064,#3065,#3066,#3067),
  .UNSPECIFIED.,.F.,.F.,(5,5),(0.,1.),.PIECEWISE_BEZIER_KNOTS.);
#3063 = CARTESIAN_POINT('',(-5.94130657104,12.455556038528,0.));
#3064 = CARTESIAN_POINT('',(-5.945412712428,12.012030658023,0.));
#3065 = CARTESIAN_POINT('',(-5.904535218953,11.657194406693,0.));
#3066 = CARTESIAN_POINT('',(-5.846577670666,11.397372136238,0.));
#3067 = CARTESIAN_POINT('',(-5.797009177209,11.227736628293,0.));
#3068 = SURFACE_OF_LINEAR_EXTRUSION('',#3069,#3075);
#3069 = B_SPLINE_CURVE_WITH_KNOTS('',4,(#3070,#3071,#3072,#3073,#3074),
  .UNSPECIFIED.,.F.,.F.,(5,5),(0.,1.),.PIECEWISE_BEZIER_KNOTS.);
#3070 = CARTESIAN_POINT('',(-5.94130657104,12.455556038528,0.));
#3071 = CARTESIAN_POINT('',(-5.945412712428,12.012030658023,0.));
#3072 = CARTESIAN_POINT('',(-5.904535218953,11.657194406693,0.));
#3073 = CARTESIAN_POINT('',(-5.846577670666,11.397372136238,0.));
#3074 = CARTESIAN_POINT('',(-5.797009177209,11.227736628293,0.));
#3075 = VECTOR('',#3076,1.);
#3076 = DIRECTION('',(-0.,-0.,-1.));
#3077 = ADVANCED_FACE('',(#3078),#3105,.F.);
#3078 = FACE_BOUND('',#3079,.F.);
#3079 = EDGE_LOOP('',(#3080,#3081,#3090,#3098));
#3080 = ORIENTED_EDGE('',*,*,#3053,.T.);
#3081 = ORIENTED_EDGE('',*,*,#3082,.T.);
#3082 = EDGE_CURVE('',#3044,#3083,#3085,.T.);
#3083 = VERTEX_POINT('',#3084);
#3084 = CARTESIAN_POINT('',(-5.906955107414,10.959488188734,12.));
#3085 = CIRCLE('',#3086,0.228);
#3086 = AXIS2_PLACEMENT_3D('',#3087,#3088,#3089);
#3087 = CARTESIAN_POINT('',(-6.01482537061,11.160356320397,12.));
#3088 = DIRECTION('',(0.,0.,-1.));
#3089 = DIRECTION('',(0.955334181586,0.295527666208,0.));
#3090 = ORIENTED_EDGE('',*,*,#3091,.F.);
#3091 = EDGE_CURVE('',#3092,#3083,#3094,.T.);
#3092 = VERTEX_POINT('',#3093);
#3093 = CARTESIAN_POINT('',(-5.906955107414,10.959488188734,0.));
#3094 = LINE('',#3095,#3096);
#3095 = CARTESIAN_POINT('',(-5.906955107414,10.959488188734,0.));
#3096 = VECTOR('',#3097,1.);
#3097 = DIRECTION('',(0.,0.,1.));
#3098 = ORIENTED_EDGE('',*,*,#3099,.F.);
#3099 = EDGE_CURVE('',#3054,#3092,#3100,.T.);
#3100 = CIRCLE('',#3101,0.228);
#3101 = AXIS2_PLACEMENT_3D('',#3102,#3103,#3104);
#3102 = CARTESIAN_POINT('',(-6.01482537061,11.160356320397,0.));
#3103 = DIRECTION('',(0.,0.,-1.));
#3104 = DIRECTION('',(0.955334181586,0.295527666208,0.));
#3105 = CYLINDRICAL_SURFACE('',#3106,0.228);
#3106 = AXIS2_PLACEMENT_3D('',#3107,#3108,#3109);
#3107 = CARTESIAN_POINT('',(-6.01482537061,11.160356320397,0.));
#3108 = DIRECTION('',(0.,0.,-1.));
#3109 = DIRECTION('',(0.955334181586,0.295527666208,0.));
#3110 = ADVANCED_FACE('',(#3111),#3138,.T.);
#3111 = FACE_BOUND('',#3112,.F.);
#3112 = EDGE_LOOP('',(#3113,#3114,#3123,#3131));
#3113 = ORIENTED_EDGE('',*,*,#3091,.T.);
#3114 = ORIENTED_EDGE('',*,*,#3115,.T.);
#3115 = EDGE_CURVE('',#3083,#3116,#3118,.T.);
#3116 = VERTEX_POINT('',#3117);
#3117 = CARTESIAN_POINT('',(-6.026167118848,10.894393505639,12.));
#3118 = CIRCLE('',#3119,12.449999999985);
#3119 = AXIS2_PLACEMENT_3D('',#3120,#3121,#3122);
#3120 = CARTESIAN_POINT('',(-6.98996416304E-12,1.287414619355E-11,12.));
#3121 = DIRECTION('',(0.,0.,1.));
#3122 = DIRECTION('',(-0.474454225495,0.880280175802,0.));
#3123 = ORIENTED_EDGE('',*,*,#3124,.F.);
#3124 = EDGE_CURVE('',#3125,#3116,#3127,.T.);
#3125 = VERTEX_POINT('',#3126);
#3126 = CARTESIAN_POINT('',(-6.026167118848,10.894393505639,0.));
#3127 = LINE('',#3128,#3129);
#3128 = CARTESIAN_POINT('',(-6.026167118848,10.894393505639,0.));
#3129 = VECTOR('',#3130,1.);
#3130 = DIRECTION('',(0.,0.,1.));
#3131 = ORIENTED_EDGE('',*,*,#3132,.F.);
#3132 = EDGE_CURVE('',#3092,#3125,#3133,.T.);
#3133 = CIRCLE('',#3134,12.449999999985);
#3134 = AXIS2_PLACEMENT_3D('',#3135,#3136,#3137);
#3135 = CARTESIAN_POINT('',(-6.98996416304E-12,1.287414619355E-11,0.));
#3136 = DIRECTION('',(0.,0.,1.));
#3137 = DIRECTION('',(-0.474454225495,0.880280175802,0.));
#3138 = CYLINDRICAL_SURFACE('',#3139,12.449999999985);
#3139 = AXIS2_PLACEMENT_3D('',#3140,#3141,#3142);
#3140 = CARTESIAN_POINT('',(-6.98996416304E-12,1.287414619355E-11,0.));
#3141 = DIRECTION('',(-0.,-0.,-1.));
#3142 = DIRECTION('',(-0.474454225495,0.880280175802,0.));
#3143 = ADVANCED_FACE('',(#3144),#3171,.F.);
#3144 = FACE_BOUND('',#3145,.F.);
#3145 = EDGE_LOOP('',(#3146,#3147,#3156,#3164));
#3146 = ORIENTED_EDGE('',*,*,#3124,.T.);
#3147 = ORIENTED_EDGE('',*,*,#3148,.T.);
#3148 = EDGE_CURVE('',#3116,#3149,#3151,.T.);
#3149 = VERTEX_POINT('',#3150);
#3150 = CARTESIAN_POINT('',(-6.311272154678,10.946925913536,12.));
#3151 = CIRCLE('',#3152,0.228);
#3152 = AXIS2_PLACEMENT_3D('',#3153,#3154,#3155);
#3153 = CARTESIAN_POINT('',(-6.136828994521,11.093737302313,12.));
#3154 = DIRECTION('',(0.,-0.,-1.));
#3155 = DIRECTION('',(0.485359103829,-0.874314897694,0.));
#3156 = ORIENTED_EDGE('',*,*,#3157,.F.);
#3157 = EDGE_CURVE('',#3158,#3149,#3160,.T.);
#3158 = VERTEX_POINT('',#3159);
#3159 = CARTESIAN_POINT('',(-6.311272154678,10.946925913536,0.));
#3160 = LINE('',#3161,#3162);
#3161 = CARTESIAN_POINT('',(-6.311272154678,10.946925913536,0.));
#3162 = VECTOR('',#3163,1.);
#3163 = DIRECTION('',(0.,0.,1.));
#3164 = ORIENTED_EDGE('',*,*,#3165,.F.);
#3165 = EDGE_CURVE('',#3125,#3158,#3166,.T.);
#3166 = CIRCLE('',#3167,0.228);
#3167 = AXIS2_PLACEMENT_3D('',#3168,#3169,#3170);
#3168 = CARTESIAN_POINT('',(-6.136828994521,11.093737302313,0.));
#3169 = DIRECTION('',(0.,-0.,-1.));
#3170 = DIRECTION('',(0.485359103829,-0.874314897694,0.));
#3171 = CYLINDRICAL_SURFACE('',#3172,0.228);
#3172 = AXIS2_PLACEMENT_3D('',#3173,#3174,#3175);
#3173 = CARTESIAN_POINT('',(-6.136828994521,11.093737302313,0.));
#3174 = DIRECTION('',(0.,0.,-1.));
#3175 = DIRECTION('',(0.485359103829,-0.874314897694,0.));
#3176 = ADVANCED_FACE('',(#3177),#3206,.F.);
#3177 = FACE_BOUND('',#3178,.F.);
#3178 = EDGE_LOOP('',(#3179,#3180,#3190,#3198));
#3179 = ORIENTED_EDGE('',*,*,#3157,.T.);
#3180 = ORIENTED_EDGE('',*,*,#3181,.T.);
#3181 = EDGE_CURVE('',#3149,#3182,#3184,.T.);
#3182 = VERTEX_POINT('',#3183);
#3183 = CARTESIAN_POINT('',(-7.266206825672,11.732087306695,12.));
#3184 = B_SPLINE_CURVE_WITH_KNOTS('',4,(#3185,#3186,#3187,#3188,#3189),
  .UNSPECIFIED.,.F.,.F.,(5,5),(0.,1.),.PIECEWISE_BEZIER_KNOTS.);
#3185 = CARTESIAN_POINT('',(-6.311272154678,10.946925913536,12.));
#3186 = CARTESIAN_POINT('',(-6.427181043415,11.080338709001,12.));
#3187 = CARTESIAN_POINT('',(-6.61442323006,11.269566225944,12.));
#3188 = CARTESIAN_POINT('',(-6.890830438581,11.495793522725,12.));
#3189 = CARTESIAN_POINT('',(-7.266206825672,11.732087306695,12.));
#3190 = ORIENTED_EDGE('',*,*,#3191,.F.);
#3191 = EDGE_CURVE('',#3192,#3182,#3194,.T.);
#3192 = VERTEX_POINT('',#3193);
#3193 = CARTESIAN_POINT('',(-7.266206825672,11.732087306695,0.));
#3194 = LINE('',#3195,#3196);
#3195 = CARTESIAN_POINT('',(-7.266206825672,11.732087306695,0.));
#3196 = VECTOR('',#3197,1.);
#3197 = DIRECTION('',(0.,0.,1.));
#3198 = ORIENTED_EDGE('',*,*,#3199,.F.);
#3199 = EDGE_CURVE('',#3158,#3192,#3200,.T.);
#3200 = B_SPLINE_CURVE_WITH_KNOTS('',4,(#3201,#3202,#3203,#3204,#3205),
  .UNSPECIFIED.,.F.,.F.,(5,5),(0.,1.),.PIECEWISE_BEZIER_KNOTS.);
#3201 = CARTESIAN_POINT('',(-6.311272154678,10.946925913536,0.));
#3202 = CARTESIAN_POINT('',(-6.427181043415,11.080338709001,0.));
#3203 = CARTESIAN_POINT('',(-6.61442323006,11.269566225944,0.));
#3204 = CARTESIAN_POINT('',(-6.890830438581,11.495793522725,0.));
#3205 = CARTESIAN_POINT('',(-7.266206825672,11.732087306695,0.));
#3206 = SURFACE_OF_LINEAR_EXTRUSION('',#3207,#3213);
#3207 = B_SPLINE_CURVE_WITH_KNOTS('',4,(#3208,#3209,#3210,#3211,#3212),
  .UNSPECIFIED.,.F.,.F.,(5,5),(0.,1.),.PIECEWISE_BEZIER_KNOTS.);
#3208 = CARTESIAN_POINT('',(-6.311272154678,10.946925913536,0.));
#3209 = CARTESIAN_POINT('',(-6.427181043415,11.080338709001,0.));
#3210 = CARTESIAN_POINT('',(-6.61442323006,11.269566225944,0.));
#3211 = CARTESIAN_POINT('',(-6.890830438581,11.495793522725,0.));
#3212 = CARTESIAN_POINT('',(-7.266206825672,11.732087306695,0.));
#3213 = VECTOR('',#3214,1.);
#3214 = DIRECTION('',(-0.,-0.,-1.));
#3215 = ADVANCED_FACE('',(#3216),#3243,.T.);
#3216 = FACE_BOUND('',#3217,.F.);
#3217 = EDGE_LOOP('',(#3218,#3219,#3228,#3236));
#3218 = ORIENTED_EDGE('',*,*,#3191,.T.);
#3219 = ORIENTED_EDGE('',*,*,#3220,.T.);
#3220 = EDGE_CURVE('',#3182,#3221,#3223,.T.);
#3221 = VERTEX_POINT('',#3222);
#3222 = CARTESIAN_POINT('',(-7.653443080031,11.483240353695,12.));
#3223 = CIRCLE('',#3224,13.80000000002);
#3224 = AXIS2_PLACEMENT_3D('',#3225,#3226,#3227);
#3225 = CARTESIAN_POINT('',(-3.306859469467E-04,-2.203913966152E-04,12.)
  );
#3226 = DIRECTION('',(0.,0.,1.));
#3227 = DIRECTION('',(-0.526512763747,0.850167224498,0.));
#3228 = ORIENTED_EDGE('',*,*,#3229,.F.);
#3229 = EDGE_CURVE('',#3230,#3221,#3232,.T.);
#3230 = VERTEX_POINT('',#3231);
#3231 = CARTESIAN_POINT('',(-7.653443080031,11.483240353695,0.));
#3232 = LINE('',#3233,#3234);
#3233 = CARTESIAN_POINT('',(-7.653443080031,11.483240353695,0.));
#3234 = VECTOR('',#3235,1.);
#3235 = DIRECTION('',(0.,0.,1.));
#3236 = ORIENTED_EDGE('',*,*,#3237,.F.);
#3237 = EDGE_CURVE('',#3192,#3230,#3238,.T.);
#3238 = CIRCLE('',#3239,13.80000000002);
#3239 = AXIS2_PLACEMENT_3D('',#3240,#3241,#3242);
#3240 = CARTESIAN_POINT('',(-3.306859469467E-04,-2.203913966152E-04,0.)
  );
#3241 = DIRECTION('',(0.,0.,1.));
#3242 = DIRECTION('',(-0.526512763747,0.850167224498,0.));
#3243 = CYLINDRICAL_SURFACE('',#3244,13.80000000002);
#3244 = AXIS2_PLACEMENT_3D('',#3245,#3246,#3247);
#3245 = CARTESIAN_POINT('',(-3.306859469467E-04,-2.203913966152E-04,0.)
  );
#3246 = DIRECTION('',(-0.,-0.,-1.));
#3247 = DIRECTION('',(-0.526512763747,0.850167224498,0.));
#3248 = ADVANCED_FACE('',(#3249),#3278,.F.);
#3249 = FACE_BOUND('',#3250,.F.);
#3250 = EDGE_LOOP('',(#3251,#3252,#3262,#3270));
#3251 = ORIENTED_EDGE('',*,*,#3229,.T.);
#3252 = ORIENTED_EDGE('',*,*,#3253,.T.);
#3253 = EDGE_CURVE('',#3221,#3254,#3256,.T.);
#3254 = VERTEX_POINT('',#3255);
#3255 = CARTESIAN_POINT('',(-7.335877504812,10.288454034953,12.));
#3256 = B_SPLINE_CURVE_WITH_KNOTS('',4,(#3257,#3258,#3259,#3260,#3261),
  .UNSPECIFIED.,.F.,.F.,(5,5),(0.,1.),.PIECEWISE_BEZIER_KNOTS.);
#3257 = CARTESIAN_POINT('',(-7.653443080031,11.483240353695,12.));
#3258 = CARTESIAN_POINT('',(-7.594387184023,11.043645057206,12.));
#3259 = CARTESIAN_POINT('',(-7.50342730077,10.698238001155,12.));
#3260 = CARTESIAN_POINT('',(-7.409083112357,10.449308565891,12.));
#3261 = CARTESIAN_POINT('',(-7.335877504812,10.288454034953,12.));
#3262 = ORIENTED_EDGE('',*,*,#3263,.F.);
#3263 = EDGE_CURVE('',#3264,#3254,#3266,.T.);
#3264 = VERTEX_POINT('',#3265);
#3265 = CARTESIAN_POINT('',(-7.335877504812,10.288454034953,0.));
#3266 = LINE('',#3267,#3268);
#3267 = CARTESIAN_POINT('',(-7.335877504812,10.288454034953,0.));
#3268 = VECTOR('',#3269,1.);
#3269 = DIRECTION('',(0.,0.,1.));
#3270 = ORIENTED_EDGE('',*,*,#3271,.F.);
#3271 = EDGE_CURVE('',#3230,#3264,#3272,.T.);
#3272 = B_SPLINE_CURVE_WITH_KNOTS('',4,(#3273,#3274,#3275,#3276,#3277),
  .UNSPECIFIED.,.F.,.F.,(5,5),(0.,1.),.PIECEWISE_BEZIER_KNOTS.);
#3273 = CARTESIAN_POINT('',(-7.653443080031,11.483240353695,0.));
#3274 = CARTESIAN_POINT('',(-7.594387184023,11.043645057206,0.));
#3275 = CARTESIAN_POINT('',(-7.50342730077,10.698238001155,0.));
#3276 = CARTESIAN_POINT('',(-7.409083112357,10.449308565891,0.));
#3277 = CARTESIAN_POINT('',(-7.335877504812,10.288454034953,0.));
#3278 = SURFACE_OF_LINEAR_EXTRUSION('',#3279,#3285);
#3279 = B_SPLINE_CURVE_WITH_KNOTS('',4,(#3280,#3281,#3282,#3283,#3284),
  .UNSPECIFIED.,.F.,.F.,(5,5),(0.,1.),.PIECEWISE_BEZIER_KNOTS.);
#3280 = CARTESIAN_POINT('',(-7.653443080031,11.483240353695,0.));
#3281 = CARTESIAN_POINT('',(-7.594387184023,11.043645057206,0.));
#3282 = CARTESIAN_POINT('',(-7.50342730077,10.698238001155,0.));
#3283 = CARTESIAN_POINT('',(-7.409083112357,10.449308565891,0.));
#3284 = CARTESIAN_POINT('',(-7.335877504812,10.288454034953,0.));
#3285 = VECTOR('',#3286,1.);
#3286 = DIRECTION('',(-0.,-0.,-1.));
#3287 = ADVANCED_FACE('',(#3288),#3315,.F.);
#3288 = FACE_BOUND('',#3289,.F.);
#3289 = EDGE_LOOP('',(#3290,#3291,#3300,#3308));
#3290 = ORIENTED_EDGE('',*,*,#3263,.T.);
#3291 = ORIENTED_EDGE('',*,*,#3292,.T.);
#3292 = EDGE_CURVE('',#3254,#3293,#3295,.T.);
#3293 = VERTEX_POINT('',#3294);
#3294 = CARTESIAN_POINT('',(-7.406528610684,10.00728904045,12.));
#3295 = CIRCLE('',#3296,0.228);
#3296 = AXIS2_PLACEMENT_3D('',#3297,#3298,#3299);
#3297 = CARTESIAN_POINT('',(-7.541887425809,10.1907610851,12.));
#3298 = DIRECTION('',(0.,0.,-1.));
#3299 = DIRECTION('',(0.903552285074,0.428477850231,0.));
#3300 = ORIENTED_EDGE('',*,*,#3301,.F.);
#3301 = EDGE_CURVE('',#3302,#3293,#3304,.T.);
#3302 = VERTEX_POINT('',#3303);
#3303 = CARTESIAN_POINT('',(-7.406528610684,10.00728904045,0.));
#3304 = LINE('',#3305,#3306);
#3305 = CARTESIAN_POINT('',(-7.406528610684,10.00728904045,0.));
#3306 = VECTOR('',#3307,1.);
#3307 = DIRECTION('',(0.,0.,1.));
#3308 = ORIENTED_EDGE('',*,*,#3309,.F.);
#3309 = EDGE_CURVE('',#3264,#3302,#3310,.T.);
#3310 = CIRCLE('',#3311,0.228);
#3311 = AXIS2_PLACEMENT_3D('',#3312,#3313,#3314);
#3312 = CARTESIAN_POINT('',(-7.541887425809,10.1907610851,0.));
#3313 = DIRECTION('',(0.,0.,-1.));
#3314 = DIRECTION('',(0.903552285074,0.428477850231,0.));
#3315 = CYLINDRICAL_SURFACE('',#3316,0.228);
#3316 = AXIS2_PLACEMENT_3D('',#3317,#3318,#3319);
#3317 = CARTESIAN_POINT('',(-7.541887425809,10.1907610851,0.));
#3318 = DIRECTION('',(0.,0.,-1.));
#3319 = DIRECTION('',(0.903552285074,0.428477850231,0.));
#3320 = ADVANCED_FACE('',(#3321),#3348,.T.);
#3321 = FACE_BOUND('',#3322,.F.);
#3322 = EDGE_LOOP('',(#3323,#3324,#3333,#3341));
#3323 = ORIENTED_EDGE('',*,*,#3301,.T.);
#3324 = ORIENTED_EDGE('',*,*,#3325,.T.);
#3325 = EDGE_CURVE('',#3293,#3326,#3328,.T.);
#3326 = VERTEX_POINT('',#3327);
#3327 = CARTESIAN_POINT('',(-7.515263276434,9.925891289243,12.));
#3328 = CIRCLE('',#3329,12.450000000318);
#3329 = AXIS2_PLACEMENT_3D('',#3330,#3331,#3332);
#3330 = CARTESIAN_POINT('',(1.902002999543E-10,-2.543938393273E-10,12.)
  );
#3331 = DIRECTION('',(0.,0.,1.));
#3332 = DIRECTION('',(-0.594901896441,0.803798316502,0.));
#3333 = ORIENTED_EDGE('',*,*,#3334,.F.);
#3334 = EDGE_CURVE('',#3335,#3326,#3337,.T.);
#3335 = VERTEX_POINT('',#3336);
#3336 = CARTESIAN_POINT('',(-7.515263276434,9.925891289243,0.));
#3337 = LINE('',#3338,#3339);
#3338 = CARTESIAN_POINT('',(-7.515263276434,9.925891289243,0.));
#3339 = VECTOR('',#3340,1.);
#3340 = DIRECTION('',(0.,0.,1.));
#3341 = ORIENTED_EDGE('',*,*,#3342,.F.);
#3342 = EDGE_CURVE('',#3302,#3335,#3343,.T.);
#3343 = CIRCLE('',#3344,12.450000000318);
#3344 = AXIS2_PLACEMENT_3D('',#3345,#3346,#3347);
#3345 = CARTESIAN_POINT('',(1.902002999543E-10,-2.543938393273E-10,0.));
#3346 = DIRECTION('',(0.,0.,1.));
#3347 = DIRECTION('',(-0.594901896441,0.803798316502,0.));
#3348 = CYLINDRICAL_SURFACE('',#3349,12.450000000318);
#3349 = AXIS2_PLACEMENT_3D('',#3350,#3351,#3352);
#3350 = CARTESIAN_POINT('',(1.902002999543E-10,-2.543938393273E-10,0.));
#3351 = DIRECTION('',(-0.,-0.,-1.));
#3352 = DIRECTION('',(-0.594901896441,0.803798316502,0.));
#3353 = ADVANCED_FACE('',(#3354),#3381,.F.);
#3354 = FACE_BOUND('',#3355,.F.);
#3355 = EDGE_LOOP('',(#3356,#3357,#3366,#3374));
#3356 = ORIENTED_EDGE('',*,*,#3334,.T.);
#3357 = ORIENTED_EDGE('',*,*,#3358,.T.);
#3358 = EDGE_CURVE('',#3326,#3359,#3361,.T.);
#3359 = VERTEX_POINT('',#3360);
#3360 = CARTESIAN_POINT('',(-7.804942495221,9.937314315909,12.));
#3361 = CIRCLE('',#3362,0.228);
#3362 = AXIS2_PLACEMENT_3D('',#3363,#3364,#3365);
#3363 = CARTESIAN_POINT('',(-7.653168353959,10.107457226558,12.));
#3364 = DIRECTION('',(0.,-0.,-1.));
#3365 = DIRECTION('',(0.604846831248,-0.796341830328,0.));
#3366 = ORIENTED_EDGE('',*,*,#3367,.F.);
#3367 = EDGE_CURVE('',#3368,#3359,#3370,.T.);
#3368 = VERTEX_POINT('',#3369);
#3369 = CARTESIAN_POINT('',(-7.804942495221,9.937314315909,0.));
#3370 = LINE('',#3371,#3372);
#3371 = CARTESIAN_POINT('',(-7.804942495221,9.937314315909,0.));
#3372 = VECTOR('',#3373,1.);
#3373 = DIRECTION('',(0.,0.,1.));
#3374 = ORIENTED_EDGE('',*,*,#3375,.F.);
#3375 = EDGE_CURVE('',#3335,#3368,#3376,.T.);
#3376 = CIRCLE('',#3377,0.228);
#3377 = AXIS2_PLACEMENT_3D('',#3378,#3379,#3380);
#3378 = CARTESIAN_POINT('',(-7.653168353959,10.107457226558,0.));
#3379 = DIRECTION('',(0.,-0.,-1.));
#3380 = DIRECTION('',(0.604846831248,-0.796341830328,0.));
#3381 = CYLINDRICAL_SURFACE('',#3382,0.228);
#3382 = AXIS2_PLACEMENT_3D('',#3383,#3384,#3385);
#3383 = CARTESIAN_POINT('',(-7.653168353959,10.107457226558,0.));
#3384 = DIRECTION('',(0.,0.,-1.));
#3385 = DIRECTION('',(0.604846831248,-0.796341830328,0.));
#3386 = ADVANCED_FACE('',(#3387),#3416,.F.);
#3387 = FACE_BOUND('',#3388,.F.);
#3388 = EDGE_LOOP('',(#3389,#3390,#3400,#3408));
#3389 = ORIENTED_EDGE('',*,*,#3367,.T.);
#3390 = ORIENTED_EDGE('',*,*,#3391,.T.);
#3391 = EDGE_CURVE('',#3359,#3392,#3394,.T.);
#3392 = VERTEX_POINT('',#3393);
#3393 = CARTESIAN_POINT('',(-8.861897424853,10.57858252493,12.));
#3394 = B_SPLINE_CURVE_WITH_KNOTS('',4,(#3395,#3396,#3397,#3398,#3399),
  .UNSPECIFIED.,.F.,.F.,(5,5),(0.,1.),.PIECEWISE_BEZIER_KNOTS.);
#3395 = CARTESIAN_POINT('',(-7.804942495221,9.937314315909,12.));
#3396 = CARTESIAN_POINT('',(-7.938658219008,10.052873606726,12.));
#3397 = CARTESIAN_POINT('',(-8.150924433644,10.213527718879,12.));
#3398 = CARTESIAN_POINT('',(-8.456713716483,10.398115500794,12.));
#3399 = CARTESIAN_POINT('',(-8.861897424853,10.57858252493,12.));
#3400 = ORIENTED_EDGE('',*,*,#3401,.F.);
#3401 = EDGE_CURVE('',#3402,#3392,#3404,.T.);
#3402 = VERTEX_POINT('',#3403);
#3403 = CARTESIAN_POINT('',(-8.861897424853,10.57858252493,0.));
#3404 = LINE('',#3405,#3406);
#3405 = CARTESIAN_POINT('',(-8.861897424853,10.57858252493,0.));
#3406 = VECTOR('',#3407,1.);
#3407 = DIRECTION('',(0.,0.,1.));
#3408 = ORIENTED_EDGE('',*,*,#3409,.F.);
#3409 = EDGE_CURVE('',#3368,#3402,#3410,.T.);
#3410 = B_SPLINE_CURVE_WITH_KNOTS('',4,(#3411,#3412,#3413,#3414,#3415),
  .UNSPECIFIED.,.F.,.F.,(5,5),(0.,1.),.PIECEWISE_BEZIER_KNOTS.);
#3411 = CARTESIAN_POINT('',(-7.804942495221,9.937314315909,0.));
#3412 = CARTESIAN_POINT('',(-7.938658219008,10.052873606726,0.));
#3413 = CARTESIAN_POINT('',(-8.150924433644,10.213527718879,0.));
#3414 = CARTESIAN_POINT('',(-8.456713716483,10.398115500794,0.));
#3415 = CARTESIAN_POINT('',(-8.861897424853,10.57858252493,0.));
#3416 = SURFACE_OF_LINEAR_EXTRUSION('',#3417,#3423);
#3417 = B_SPLINE_CURVE_WITH_KNOTS('',4,(#3418,#3419,#3420,#3421,#3422),
  .UNSPECIFIED.,.F.,.F.,(5,5),(0.,1.),.PIECEWISE_BEZIER_KNOTS.);
#3418 = CARTESIAN_POINT('',(-7.804942495221,9.937314315909,0.));
#3419 = CARTESIAN_POINT('',(-7.938658219008,10.052873606726,0.));
#3420 = CARTESIAN_POINT('',(-8.150924433644,10.213527718879,0.));
#3421 = CARTESIAN_POINT('',(-8.456713716483,10.398115500794,0.));
#3422 = CARTESIAN_POINT('',(-8.861897424853,10.57858252493,0.));
#3423 = VECTOR('',#3424,1.);
#3424 = DIRECTION('',(-0.,-0.,-1.));
#3425 = ADVANCED_FACE('',(#3426),#3453,.T.);
#3426 = FACE_BOUND('',#3427,.F.);
#3427 = EDGE_LOOP('',(#3428,#3429,#3438,#3446));
#3428 = ORIENTED_EDGE('',*,*,#3401,.T.);
#3429 = ORIENTED_EDGE('',*,*,#3430,.T.);
#3430 = EDGE_CURVE('',#3392,#3431,#3433,.T.);
#3431 = VERTEX_POINT('',#3432);
#3432 = CARTESIAN_POINT('',(-9.209777558619,10.277159010191,12.));
#3433 = CIRCLE('',#3434,13.800000000003);
#3434 = AXIS2_PLACEMENT_3D('',#3435,#3436,#3437);
#3435 = CARTESIAN_POINT('',(-2.959550854857E-04,-2.652096347715E-04,12.)
  );
#3436 = DIRECTION('',(0.,0.,1.));
#3437 = DIRECTION('',(-0.642145034041,0.766583169171,0.));
#3438 = ORIENTED_EDGE('',*,*,#3439,.F.);
#3439 = EDGE_CURVE('',#3440,#3431,#3442,.T.);
#3440 = VERTEX_POINT('',#3441);
#3441 = CARTESIAN_POINT('',(-9.209777558619,10.277159010191,0.));
#3442 = LINE('',#3443,#3444);
#3443 = CARTESIAN_POINT('',(-9.209777558619,10.277159010191,0.));
#3444 = VECTOR('',#3445,1.);
#3445 = DIRECTION('',(0.,0.,1.));
#3446 = ORIENTED_EDGE('',*,*,#3447,.F.);
#3447 = EDGE_CURVE('',#3402,#3440,#3448,.T.);
#3448 = CIRCLE('',#3449,13.800000000003);
#3449 = AXIS2_PLACEMENT_3D('',#3450,#3451,#3452);
#3450 = CARTESIAN_POINT('',(-2.959550854857E-04,-2.652096347715E-04,0.)
  );
#3451 = DIRECTION('',(0.,0.,1.));
#3452 = DIRECTION('',(-0.642145034041,0.766583169171,0.));
#3453 = CYLINDRICAL_SURFACE('',#3454,13.800000000003);
#3454 = AXIS2_PLACEMENT_3D('',#3455,#3456,#3457);
#3455 = CARTESIAN_POINT('',(-2.959550854857E-04,-2.652096347715E-04,0.)
  );
#3456 = DIRECTION('',(-0.,-0.,-1.));
#3457 = DIRECTION('',(-0.642145034041,0.766583169171,0.));
#3458 = ADVANCED_FACE('',(#3459),#3488,.F.);
#3459 = FACE_BOUND('',#3460,.F.);
#3460 = EDGE_LOOP('',(#3461,#3462,#3472,#3480));
#3461 = ORIENTED_EDGE('',*,*,#3439,.T.);
#3462 = ORIENTED_EDGE('',*,*,#3463,.T.);
#3463 = EDGE_CURVE('',#3431,#3464,#3466,.T.);
#3464 = VERTEX_POINT('',#3465);
#3465 = CARTESIAN_POINT('',(-8.725408521341,9.139728186913,12.));
#3466 = B_SPLINE_CURVE_WITH_KNOTS('',4,(#3467,#3468,#3469,#3470,#3471),
  .UNSPECIFIED.,.F.,.F.,(5,5),(0.,1.),.PIECEWISE_BEZIER_KNOTS.);
#3467 = CARTESIAN_POINT('',(-9.209777558619,10.277159010191,12.));
#3468 = CARTESIAN_POINT('',(-9.088761832955,9.850442690266,12.));
#3469 = CARTESIAN_POINT('',(-8.94957124084,9.521496321084,12.));
#3470 = CARTESIAN_POINT('',(-8.820760987911,9.288527206461,12.));
#3471 = CARTESIAN_POINT('',(-8.725408521341,9.139728186913,12.));
#3472 = ORIENTED_EDGE('',*,*,#3473,.F.);
#3473 = EDGE_CURVE('',#3474,#3464,#3476,.T.);
#3474 = VERTEX_POINT('',#3475);
#3475 = CARTESIAN_POINT('',(-8.725408521341,9.139728186913,0.));
#3476 = LINE('',#3477,#3478);
#3477 = CARTESIAN_POINT('',(-8.725408521341,9.139728186913,0.));
#3478 = VECTOR('',#3479,1.);
#3479 = DIRECTION('',(0.,0.,1.));
#3480 = ORIENTED_EDGE('',*,*,#3481,.F.);
#3481 = EDGE_CURVE('',#3440,#3474,#3482,.T.);
#3482 = B_SPLINE_CURVE_WITH_KNOTS('',4,(#3483,#3484,#3485,#3486,#3487),
  .UNSPECIFIED.,.F.,.F.,(5,5),(0.,1.),.PIECEWISE_BEZIER_KNOTS.);
#3483 = CARTESIAN_POINT('',(-9.209777558619,10.277159010191,0.));
#3484 = CARTESIAN_POINT('',(-9.088761832955,9.850442690266,0.));
#3485 = CARTESIAN_POINT('',(-8.94957124084,9.521496321084,0.));
#3486 = CARTESIAN_POINT('',(-8.820760987911,9.288527206461,0.));
#3487 = CARTESIAN_POINT('',(-8.725408521341,9.139728186913,0.));
#3488 = SURFACE_OF_LINEAR_EXTRUSION('',#3489,#3495);
#3489 = B_SPLINE_CURVE_WITH_KNOTS('',4,(#3490,#3491,#3492,#3493,#3494),
  .UNSPECIFIED.,.F.,.F.,(5,5),(0.,1.),.PIECEWISE_BEZIER_KNOTS.);
#3490 = CARTESIAN_POINT('',(-9.209777558619,10.277159010191,0.));
#3491 = CARTESIAN_POINT('',(-9.088761832955,9.850442690266,0.));
#3492 = CARTESIAN_POINT('',(-8.94957124084,9.521496321084,0.));
#3493 = CARTESIAN_POINT('',(-8.820760987911,9.288527206461,0.));
#3494 = CARTESIAN_POINT('',(-8.725408521341,9.139728186913,0.));
#3495 = VECTOR('',#3496,1.);
#3496 = DIRECTION('',(-0.,-0.,-1.));
#3497 = ADVANCED_FACE('',(#3498),#3525,.F.);
#3498 = FACE_BOUND('',#3499,.F.);
#3499 = EDGE_LOOP('',(#3500,#3501,#3510,#3518));
#3500 = ORIENTED_EDGE('',*,*,#3473,.T.);
#3501 = ORIENTED_EDGE('',*,*,#3502,.T.);
#3502 = EDGE_CURVE('',#3464,#3503,#3505,.T.);
#3503 = VERTEX_POINT('',#3504);
#3504 = CARTESIAN_POINT('',(-8.755326550105,8.851370345942,12.));
#3505 = CIRCLE('',#3506,0.228);
#3506 = AXIS2_PLACEMENT_3D('',#3507,#3508,#3509);
#3507 = CARTESIAN_POINT('',(-8.915418402025,9.013711341839,12.));
#3508 = DIRECTION('',(0.,0.,-1.));
#3509 = DIRECTION('',(0.833376669667,0.552705460851,0.));
#3510 = ORIENTED_EDGE('',*,*,#3511,.F.);
#3511 = EDGE_CURVE('',#3512,#3503,#3514,.T.);
#3512 = VERTEX_POINT('',#3513);
#3513 = CARTESIAN_POINT('',(-8.755326550105,8.851370345942,0.));
#3514 = LINE('',#3515,#3516);
#3515 = CARTESIAN_POINT('',(-8.755326550105,8.851370345942,0.));
#3516 = VECTOR('',#3517,1.);
#3517 = DIRECTION('',(0.,0.,1.));
#3518 = ORIENTED_EDGE('',*,*,#3519,.F.);
#3519 = EDGE_CURVE('',#3474,#3512,#3520,.T.);
#3520 = CIRCLE('',#3521,0.228);
#3521 = AXIS2_PLACEMENT_3D('',#3522,#3523,#3524);
#3522 = CARTESIAN_POINT('',(-8.915418402025,9.013711341839,0.));
#3523 = DIRECTION('',(0.,0.,-1.));
#3524 = DIRECTION('',(0.833376669667,0.552705460851,0.));
#3525 = CYLINDRICAL_SURFACE('',#3526,0.228);
#3526 = AXIS2_PLACEMENT_3D('',#3527,#3528,#3529);
#3527 = CARTESIAN_POINT('',(-8.915418402025,9.013711341839,0.));
#3528 = DIRECTION('',(0.,0.,-1.));
#3529 = DIRECTION('',(0.833376669667,0.552705460851,0.));
#3530 = ADVANCED_FACE('',(#3531),#3558,.T.);
#3531 = FACE_BOUND('',#3532,.F.);
#3532 = EDGE_LOOP('',(#3533,#3534,#3543,#3551));
#3533 = ORIENTED_EDGE('',*,*,#3511,.T.);
#3534 = ORIENTED_EDGE('',*,*,#3535,.T.);
#3535 = EDGE_CURVE('',#3503,#3536,#3538,.T.);
#3536 = VERTEX_POINT('',#3537);
#3537 = CARTESIAN_POINT('',(-8.851370345942,8.755326550105,12.));
#3538 = CIRCLE('',#3539,12.450000000313);
#3539 = AXIS2_PLACEMENT_3D('',#3540,#3541,#3542);
#3540 = CARTESIAN_POINT('',(2.215534422589E-10,-2.217159789097E-10,12.)
  );
#3541 = DIRECTION('',(0.,0.,1.));
#3542 = DIRECTION('',(-0.70323908033,0.710953441441,0.));
#3543 = ORIENTED_EDGE('',*,*,#3544,.F.);
#3544 = EDGE_CURVE('',#3545,#3536,#3547,.T.);
#3545 = VERTEX_POINT('',#3546);
#3546 = CARTESIAN_POINT('',(-8.851370345942,8.755326550105,0.));
#3547 = LINE('',#3548,#3549);
#3548 = CARTESIAN_POINT('',(-8.851370345942,8.755326550105,0.));
#3549 = VECTOR('',#3550,1.);
#3550 = DIRECTION('',(0.,0.,1.));
#3551 = ORIENTED_EDGE('',*,*,#3552,.F.);
#3552 = EDGE_CURVE('',#3512,#3545,#3553,.T.);
#3553 = CIRCLE('',#3554,12.450000000313);
#3554 = AXIS2_PLACEMENT_3D('',#3555,#3556,#3557);
#3555 = CARTESIAN_POINT('',(2.215534422589E-10,-2.217159789097E-10,0.));
#3556 = DIRECTION('',(0.,0.,1.));
#3557 = DIRECTION('',(-0.70323908033,0.710953441441,0.));
#3558 = CYLINDRICAL_SURFACE('',#3559,12.450000000313);
#3559 = AXIS2_PLACEMENT_3D('',#3560,#3561,#3562);
#3560 = CARTESIAN_POINT('',(2.215534422589E-10,-2.217159789097E-10,0.));
#3561 = DIRECTION('',(-0.,-0.,-1.));
#3562 = DIRECTION('',(-0.70323908033,0.710953441441,0.));
#3563 = ADVANCED_FACE('',(#3564),#3591,.F.);
#3564 = FACE_BOUND('',#3565,.F.);
#3565 = EDGE_LOOP('',(#3566,#3567,#3576,#3584));
#3566 = ORIENTED_EDGE('',*,*,#3544,.T.);
#3567 = ORIENTED_EDGE('',*,*,#3568,.T.);
#3568 = EDGE_CURVE('',#3536,#3569,#3571,.T.);
#3569 = VERTEX_POINT('',#3570);
#3570 = CARTESIAN_POINT('',(-9.139726714156,8.725407655657,12.));
#3571 = CIRCLE('',#3572,0.228);
#3572 = AXIS2_PLACEMENT_3D('',#3573,#3574,#3575);
#3573 = CARTESIAN_POINT('',(-9.013711275625,8.91541846917,12.));
#3574 = DIRECTION('',(0.,-0.,-1.));
#3575 = DIRECTION('',(0.712021621416,-0.702157539756,0.));
#3576 = ORIENTED_EDGE('',*,*,#3577,.F.);
#3577 = EDGE_CURVE('',#3578,#3569,#3580,.T.);
#3578 = VERTEX_POINT('',#3579);
#3579 = CARTESIAN_POINT('',(-9.139726714156,8.725407655657,0.));
#3580 = LINE('',#3581,#3582);
#3581 = CARTESIAN_POINT('',(-9.139726714156,8.725407655657,0.));
#3582 = VECTOR('',#3583,1.);
#3583 = DIRECTION('',(0.,0.,1.));
#3584 = ORIENTED_EDGE('',*,*,#3585,.F.);
#3585 = EDGE_CURVE('',#3545,#3578,#3586,.T.);
#3586 = CIRCLE('',#3587,0.228);
#3587 = AXIS2_PLACEMENT_3D('',#3588,#3589,#3590);
#3588 = CARTESIAN_POINT('',(-9.013711275625,8.91541846917,0.));
#3589 = DIRECTION('',(0.,-0.,-1.));
#3590 = DIRECTION('',(0.712021621416,-0.702157539756,0.));
#3591 = CYLINDRICAL_SURFACE('',#3592,0.228);
#3592 = AXIS2_PLACEMENT_3D('',#3593,#3594,#3595);
#3593 = CARTESIAN_POINT('',(-9.013711275625,8.91541846917,0.));
#3594 = DIRECTION('',(0.,0.,-1.));
#3595 = DIRECTION('',(0.712021621416,-0.702157539756,0.));
#3596 = ADVANCED_FACE('',(#3597),#3626,.F.);
#3597 = FACE_BOUND('',#3598,.F.);
#3598 = EDGE_LOOP('',(#3599,#3600,#3610,#3618));
#3599 = ORIENTED_EDGE('',*,*,#3577,.T.);
#3600 = ORIENTED_EDGE('',*,*,#3601,.T.);
#3601 = EDGE_CURVE('',#3569,#3602,#3604,.T.);
#3602 = VERTEX_POINT('',#3603);
#3603 = CARTESIAN_POINT('',(-10.27718534806,9.209728309071,12.));
#3604 = B_SPLINE_CURVE_WITH_KNOTS('',4,(#3605,#3606,#3607,#3608,#3609),
  .UNSPECIFIED.,.F.,.F.,(5,5),(0.,1.),.PIECEWISE_BEZIER_KNOTS.);
#3605 = CARTESIAN_POINT('',(-9.139726714156,8.725407655657,12.));
#3606 = CARTESIAN_POINT('',(-9.288527206461,8.820760987911,12.));
#3607 = CARTESIAN_POINT('',(-9.521496321084,8.94957124084,12.));
#3608 = CARTESIAN_POINT('',(-9.850442690266,9.088761832955,12.));
#3609 = CARTESIAN_POINT('',(-10.27718534806,9.209728309071,12.));
#3610 = ORIENTED_EDGE('',*,*,#3611,.F.);
#3611 = EDGE_CURVE('',#3612,#3602,#3614,.T.);
#3612 = VERTEX_POINT('',#3613);
#3613 = CARTESIAN_POINT('',(-10.27718534806,9.209728309071,0.));
#3614 = LINE('',#3615,#3616);
#3615 = CARTESIAN_POINT('',(-10.27718534806,9.209728309071,0.));
#3616 = VECTOR('',#3617,1.);
#3617 = DIRECTION('',(0.,0.,1.));
#3618 = ORIENTED_EDGE('',*,*,#3619,.F.);
#3619 = EDGE_CURVE('',#3578,#3612,#3620,.T.);
#3620 = B_SPLINE_CURVE_WITH_KNOTS('',4,(#3621,#3622,#3623,#3624,#3625),
  .UNSPECIFIED.,.F.,.F.,(5,5),(0.,1.),.PIECEWISE_BEZIER_KNOTS.);
#3621 = CARTESIAN_POINT('',(-9.139726714156,8.725407655657,0.));
#3622 = CARTESIAN_POINT('',(-9.288527206461,8.820760987911,0.));
#3623 = CARTESIAN_POINT('',(-9.521496321084,8.94957124084,0.));
#3624 = CARTESIAN_POINT('',(-9.850442690266,9.088761832955,0.));
#3625 = CARTESIAN_POINT('',(-10.27718534806,9.209728309071,0.));
#3626 = SURFACE_OF_LINEAR_EXTRUSION('',#3627,#3633);
#3627 = B_SPLINE_CURVE_WITH_KNOTS('',4,(#3628,#3629,#3630,#3631,#3632),
  .UNSPECIFIED.,.F.,.F.,(5,5),(0.,1.),.PIECEWISE_BEZIER_KNOTS.);
#3628 = CARTESIAN_POINT('',(-9.139726714156,8.725407655657,0.));
#3629 = CARTESIAN_POINT('',(-9.288527206461,8.820760987911,0.));
#3630 = CARTESIAN_POINT('',(-9.521496321084,8.94957124084,0.));
#3631 = CARTESIAN_POINT('',(-9.850442690266,9.088761832955,0.));
#3632 = CARTESIAN_POINT('',(-10.27718534806,9.209728309071,0.));
#3633 = VECTOR('',#3634,1.);
#3634 = DIRECTION('',(-0.,-0.,-1.));
#3635 = ADVANCED_FACE('',(#3636),#3663,.T.);
#3636 = FACE_BOUND('',#3637,.F.);
#3637 = EDGE_LOOP('',(#3638,#3639,#3648,#3656));
#3638 = ORIENTED_EDGE('',*,*,#3611,.T.);
#3639 = ORIENTED_EDGE('',*,*,#3640,.T.);
#3640 = EDGE_CURVE('',#3602,#3641,#3643,.T.);
#3641 = VERTEX_POINT('',#3642);
#3642 = CARTESIAN_POINT('',(-10.57862752491,8.861864346119,12.));
#3643 = CIRCLE('',#3644,13.799999999995);
#3644 = AXIS2_PLACEMENT_3D('',#3645,#3646,#3647);
#3645 = CARTESIAN_POINT('',(-2.551994292999E-04,-3.046289778794E-04,12.)
  );
#3646 = DIRECTION('',(0.,0.,1.));
#3647 = DIRECTION('',(-0.744705083235,0.667393691163,0.));
#3648 = ORIENTED_EDGE('',*,*,#3649,.F.);
#3649 = EDGE_CURVE('',#3650,#3641,#3652,.T.);
#3650 = VERTEX_POINT('',#3651);
#3651 = CARTESIAN_POINT('',(-10.57862752491,8.861864346119,0.));
#3652 = LINE('',#3653,#3654);
#3653 = CARTESIAN_POINT('',(-10.57862752491,8.861864346119,0.));
#3654 = VECTOR('',#3655,1.);
#3655 = DIRECTION('',(0.,0.,1.));
#3656 = ORIENTED_EDGE('',*,*,#3657,.F.);
#3657 = EDGE_CURVE('',#3612,#3650,#3658,.T.);
#3658 = CIRCLE('',#3659,13.799999999995);
#3659 = AXIS2_PLACEMENT_3D('',#3660,#3661,#3662);
#3660 = CARTESIAN_POINT('',(-2.551994292999E-04,-3.046289778794E-04,0.)
  );
#3661 = DIRECTION('',(0.,0.,1.));
#3662 = DIRECTION('',(-0.744705083235,0.667393691163,0.));
#3663 = CYLINDRICAL_SURFACE('',#3664,13.799999999995);
#3664 = AXIS2_PLACEMENT_3D('',#3665,#3666,#3667);
#3665 = CARTESIAN_POINT('',(-2.551994292999E-04,-3.046289778794E-04,0.)
  );
#3666 = DIRECTION('',(-0.,-0.,-1.));
#3667 = DIRECTION('',(-0.744705083235,0.667393691163,0.));
#3668 = ADVANCED_FACE('',(#3669),#3698,.F.);
#3669 = FACE_BOUND('',#3670,.F.);
#3670 = EDGE_LOOP('',(#3671,#3672,#3682,#3690));
#3671 = ORIENTED_EDGE('',*,*,#3649,.T.);
#3672 = ORIENTED_EDGE('',*,*,#3673,.T.);
#3673 = EDGE_CURVE('',#3641,#3674,#3676,.T.);
#3674 = VERTEX_POINT('',#3675);
#3675 = CARTESIAN_POINT('',(-9.937315382377,7.804943829787,12.));
#3676 = B_SPLINE_CURVE_WITH_KNOTS('',4,(#3677,#3678,#3679,#3680,#3681),
  .UNSPECIFIED.,.F.,.F.,(5,5),(0.,1.),.PIECEWISE_BEZIER_KNOTS.);
#3677 = CARTESIAN_POINT('',(-10.57862752491,8.861864346119,12.));
#3678 = CARTESIAN_POINT('',(-10.39811550079,8.456713716483,12.));
#3679 = CARTESIAN_POINT('',(-10.21352771887,8.150924433644,12.));
#3680 = CARTESIAN_POINT('',(-10.05287360672,7.938658219008,12.));
#3681 = CARTESIAN_POINT('',(-9.937315382377,7.804943829787,12.));
#3682 = ORIENTED_EDGE('',*,*,#3683,.F.);
#3683 = EDGE_CURVE('',#3684,#3674,#3686,.T.);
#3684 = VERTEX_POINT('',#3685);
#3685 = CARTESIAN_POINT('',(-9.937315382377,7.804943829787,0.));
#3686 = LINE('',#3687,#3688);
#3687 = CARTESIAN_POINT('',(-9.937315382377,7.804943829787,0.));
#3688 = VECTOR('',#3689,1.);
#3689 = DIRECTION('',(0.,0.,1.));
#3690 = ORIENTED_EDGE('',*,*,#3691,.F.);
#3691 = EDGE_CURVE('',#3650,#3684,#3692,.T.);
#3692 = B_SPLINE_CURVE_WITH_KNOTS('',4,(#3693,#3694,#3695,#3696,#3697),
  .UNSPECIFIED.,.F.,.F.,(5,5),(0.,1.),.PIECEWISE_BEZIER_KNOTS.);
#3693 = CARTESIAN_POINT('',(-10.57862752491,8.861864346119,0.));
#3694 = CARTESIAN_POINT('',(-10.39811550079,8.456713716483,0.));
#3695 = CARTESIAN_POINT('',(-10.21352771887,8.150924433644,0.));
#3696 = CARTESIAN_POINT('',(-10.05287360672,7.938658219008,0.));
#3697 = CARTESIAN_POINT('',(-9.937315382377,7.804943829787,0.));
#3698 = SURFACE_OF_LINEAR_EXTRUSION('',#3699,#3705);
#3699 = B_SPLINE_CURVE_WITH_KNOTS('',4,(#3700,#3701,#3702,#3703,#3704),
  .UNSPECIFIED.,.F.,.F.,(5,5),(0.,1.),.PIECEWISE_BEZIER_KNOTS.);
#3700 = CARTESIAN_POINT('',(-10.57862752491,8.861864346119,0.));
#3701 = CARTESIAN_POINT('',(-10.39811550079,8.456713716483,0.));
#3702 = CARTESIAN_POINT('',(-10.21352771887,8.150924433644,0.));
#3703 = CARTESIAN_POINT('',(-10.05287360672,7.938658219008,0.));
#3704 = CARTESIAN_POINT('',(-9.937315382377,7.804943829787,0.));
#3705 = VECTOR('',#3706,1.);
#3706 = DIRECTION('',(-0.,-0.,-1.));
#3707 = ADVANCED_FACE('',(#3708),#3735,.F.);
#3708 = FACE_BOUND('',#3709,.F.);
#3709 = EDGE_LOOP('',(#3710,#3711,#3720,#3728));
#3710 = ORIENTED_EDGE('',*,*,#3683,.T.);
#3711 = ORIENTED_EDGE('',*,*,#3712,.T.);
#3712 = EDGE_CURVE('',#3674,#3713,#3715,.T.);
#3713 = VERTEX_POINT('',#3714);
#3714 = CARTESIAN_POINT('',(-9.925891289243,7.515263276434,12.));
#3715 = CIRCLE('',#3716,0.228);
#3716 = AXIS2_PLACEMENT_3D('',#3717,#3718,#3719);
#3717 = CARTESIAN_POINT('',(-10.10745716952,7.653168429054,12.));
#3718 = DIRECTION('',(0.,0.,-1.));
#3719 = DIRECTION('',(0.746235908526,0.66568158216,0.));
#3720 = ORIENTED_EDGE('',*,*,#3721,.F.);
#3721 = EDGE_CURVE('',#3722,#3713,#3724,.T.);
#3722 = VERTEX_POINT('',#3723);
#3723 = CARTESIAN_POINT('',(-9.925891289243,7.515263276434,0.));
#3724 = LINE('',#3725,#3726);
#3725 = CARTESIAN_POINT('',(-9.925891289243,7.515263276434,0.));
#3726 = VECTOR('',#3727,1.);
#3727 = DIRECTION('',(0.,0.,1.));
#3728 = ORIENTED_EDGE('',*,*,#3729,.F.);
#3729 = EDGE_CURVE('',#3684,#3722,#3730,.T.);
#3730 = CIRCLE('',#3731,0.228);
#3731 = AXIS2_PLACEMENT_3D('',#3732,#3733,#3734);
#3732 = CARTESIAN_POINT('',(-10.10745716952,7.653168429054,0.));
#3733 = DIRECTION('',(0.,0.,-1.));
#3734 = DIRECTION('',(0.746235908526,0.66568158216,0.));
#3735 = CYLINDRICAL_SURFACE('',#3736,0.228);
#3736 = AXIS2_PLACEMENT_3D('',#3737,#3738,#3739);
#3737 = CARTESIAN_POINT('',(-10.10745716952,7.653168429054,0.));
#3738 = DIRECTION('',(0.,0.,-1.));
#3739 = DIRECTION('',(0.746235908526,0.66568158216,0.));
#3740 = ADVANCED_FACE('',(#3741),#3768,.T.);
#3741 = FACE_BOUND('',#3742,.F.);
#3742 = EDGE_LOOP('',(#3743,#3744,#3753,#3761));
#3743 = ORIENTED_EDGE('',*,*,#3721,.T.);
#3744 = ORIENTED_EDGE('',*,*,#3745,.T.);
#3745 = EDGE_CURVE('',#3713,#3746,#3748,.T.);
#3746 = VERTEX_POINT('',#3747);
#3747 = CARTESIAN_POINT('',(-10.00728904045,7.406528610684,12.));
#3748 = CIRCLE('',#3749,12.450000000245);
#3749 = AXIS2_PLACEMENT_3D('',#3750,#3751,#3752);
#3750 = CARTESIAN_POINT('',(1.961861784139E-10,-1.470104038503E-10,12.)
  );
#3751 = DIRECTION('',(0.,0.,1.));
#3752 = DIRECTION('',(-0.797260344518,0.603635604533,0.));
#3753 = ORIENTED_EDGE('',*,*,#3754,.F.);
#3754 = EDGE_CURVE('',#3755,#3746,#3757,.T.);
#3755 = VERTEX_POINT('',#3756);
#3756 = CARTESIAN_POINT('',(-10.00728904045,7.406528610684,0.));
#3757 = LINE('',#3758,#3759);
#3758 = CARTESIAN_POINT('',(-10.00728904045,7.406528610684,0.));
#3759 = VECTOR('',#3760,1.);
#3760 = DIRECTION('',(0.,0.,1.));
#3761 = ORIENTED_EDGE('',*,*,#3762,.F.);
#3762 = EDGE_CURVE('',#3722,#3755,#3763,.T.);
#3763 = CIRCLE('',#3764,12.450000000245);
#3764 = AXIS2_PLACEMENT_3D('',#3765,#3766,#3767);
#3765 = CARTESIAN_POINT('',(1.961861784139E-10,-1.470104038503E-10,0.));
#3766 = DIRECTION('',(0.,0.,1.));
#3767 = DIRECTION('',(-0.797260344518,0.603635604533,0.));
#3768 = CYLINDRICAL_SURFACE('',#3769,12.450000000245);
#3769 = AXIS2_PLACEMENT_3D('',#3770,#3771,#3772);
#3770 = CARTESIAN_POINT('',(1.961861784139E-10,-1.470104038503E-10,0.));
#3771 = DIRECTION('',(-0.,-0.,-1.));
#3772 = DIRECTION('',(-0.797260344518,0.603635604533,0.));
#3773 = ADVANCED_FACE('',(#3774),#3801,.F.);
#3774 = FACE_BOUND('',#3775,.F.);
#3775 = EDGE_LOOP('',(#3776,#3777,#3786,#3794));
#3776 = ORIENTED_EDGE('',*,*,#3754,.T.);
#3777 = ORIENTED_EDGE('',*,*,#3778,.T.);
#3778 = EDGE_CURVE('',#3746,#3779,#3781,.T.);
#3779 = VERTEX_POINT('',#3780);
#3780 = CARTESIAN_POINT('',(-10.28845245398,7.335876857534,12.));
#3781 = CIRCLE('',#3782,0.228);
#3782 = AXIS2_PLACEMENT_3D('',#3783,#3784,#3785);
#3783 = CARTESIAN_POINT('',(-10.19076102911,7.541887501693,12.));
#3784 = DIRECTION('',(0.,-0.,-1.));
#3785 = DIRECTION('',(0.804701704673,-0.59367934653,0.));
#3786 = ORIENTED_EDGE('',*,*,#3787,.F.);
#3787 = EDGE_CURVE('',#3788,#3779,#3790,.T.);
#3788 = VERTEX_POINT('',#3789);
#3789 = CARTESIAN_POINT('',(-10.28845245398,7.335876857534,0.));
#3790 = LINE('',#3791,#3792);
#3791 = CARTESIAN_POINT('',(-10.28845245398,7.335876857534,0.));
#3792 = VECTOR('',#3793,1.);
#3793 = DIRECTION('',(0.,0.,1.));
#3794 = ORIENTED_EDGE('',*,*,#3795,.F.);
#3795 = EDGE_CURVE('',#3755,#3788,#3796,.T.);
#3796 = CIRCLE('',#3797,0.228);
#3797 = AXIS2_PLACEMENT_3D('',#3798,#3799,#3800);
#3798 = CARTESIAN_POINT('',(-10.19076102911,7.541887501693,0.));
#3799 = DIRECTION('',(0.,-0.,-1.));
#3800 = DIRECTION('',(0.804701704673,-0.59367934653,0.));
#3801 = CYLINDRICAL_SURFACE('',#3802,0.228);
#3802 = AXIS2_PLACEMENT_3D('',#3803,#3804,#3805);
#3803 = CARTESIAN_POINT('',(-10.19076102911,7.541887501693,0.));
#3804 = DIRECTION('',(0.,0.,-1.));
#3805 = DIRECTION('',(0.804701704673,-0.59367934653,0.));
#3806 = ADVANCED_FACE('',(#3807),#3836,.F.);
#3807 = FACE_BOUND('',#3808,.F.);
#3808 = EDGE_LOOP('',(#3809,#3810,#3820,#3828));
#3809 = ORIENTED_EDGE('',*,*,#3787,.T.);
#3810 = ORIENTED_EDGE('',*,*,#3811,.T.);
#3811 = EDGE_CURVE('',#3779,#3812,#3814,.T.);
#3812 = VERTEX_POINT('',#3813);
#3813 = CARTESIAN_POINT('',(-11.48325941454,7.653390583502,12.));
#3814 = B_SPLINE_CURVE_WITH_KNOTS('',4,(#3815,#3816,#3817,#3818,#3819),
  .UNSPECIFIED.,.F.,.F.,(5,5),(0.,1.),.PIECEWISE_BEZIER_KNOTS.);
#3815 = CARTESIAN_POINT('',(-10.28845245398,7.335876857534,12.));
#3816 = CARTESIAN_POINT('',(-10.44930856589,7.409083112357,12.));
#3817 = CARTESIAN_POINT('',(-10.69823800115,7.50342730077,12.));
#3818 = CARTESIAN_POINT('',(-11.0436450572,7.594387184023,12.));
#3819 = CARTESIAN_POINT('',(-11.48325941454,7.653390583502,12.));
#3820 = ORIENTED_EDGE('',*,*,#3821,.F.);
#3821 = EDGE_CURVE('',#3822,#3812,#3824,.T.);
#3822 = VERTEX_POINT('',#3823);
#3823 = CARTESIAN_POINT('',(-11.48325941454,7.653390583502,0.));
#3824 = LINE('',#3825,#3826);
#3825 = CARTESIAN_POINT('',(-11.48325941454,7.653390583502,0.));
#3826 = VECTOR('',#3827,1.);
#3827 = DIRECTION('',(0.,0.,1.));
#3828 = ORIENTED_EDGE('',*,*,#3829,.F.);
#3829 = EDGE_CURVE('',#3788,#3822,#3830,.T.);
#3830 = B_SPLINE_CURVE_WITH_KNOTS('',4,(#3831,#3832,#3833,#3834,#3835),
  .UNSPECIFIED.,.F.,.F.,(5,5),(0.,1.),.PIECEWISE_BEZIER_KNOTS.);
#3831 = CARTESIAN_POINT('',(-10.28845245398,7.335876857534,0.));
#3832 = CARTESIAN_POINT('',(-10.44930856589,7.409083112357,0.));
#3833 = CARTESIAN_POINT('',(-10.69823800115,7.50342730077,0.));
#3834 = CARTESIAN_POINT('',(-11.0436450572,7.594387184023,0.));
#3835 = CARTESIAN_POINT('',(-11.48325941454,7.653390583502,0.));
#3836 = SURFACE_OF_LINEAR_EXTRUSION('',#3837,#3843);
#3837 = B_SPLINE_CURVE_WITH_KNOTS('',4,(#3838,#3839,#3840,#3841,#3842),
  .UNSPECIFIED.,.F.,.F.,(5,5),(0.,1.),.PIECEWISE_BEZIER_KNOTS.);
#3838 = CARTESIAN_POINT('',(-10.28845245398,7.335876857534,0.));
#3839 = CARTESIAN_POINT('',(-10.44930856589,7.409083112357,0.));
#3840 = CARTESIAN_POINT('',(-10.69823800115,7.50342730077,0.));
#3841 = CARTESIAN_POINT('',(-11.0436450572,7.594387184023,0.));
#3842 = CARTESIAN_POINT('',(-11.48325941454,7.653390583502,0.));
#3843 = VECTOR('',#3844,1.);
#3844 = DIRECTION('',(-0.,-0.,-1.));
#3845 = ADVANCED_FACE('',(#3846),#3873,.T.);
#3846 = FACE_BOUND('',#3847,.F.);
#3847 = EDGE_LOOP('',(#3848,#3849,#3858,#3866));
#3848 = ORIENTED_EDGE('',*,*,#3821,.T.);
#3849 = ORIENTED_EDGE('',*,*,#3850,.T.);
#3850 = EDGE_CURVE('',#3812,#3851,#3853,.T.);
#3851 = VERTEX_POINT('',#3852);
#3852 = CARTESIAN_POINT('',(-11.73212714105,7.266167679467,12.));
#3853 = CIRCLE('',#3854,13.79999999997);
#3854 = AXIS2_PLACEMENT_3D('',#3855,#3856,#3857);
#3855 = CARTESIAN_POINT('',(-2.092486645759E-04,-3.378469460174E-04,12.)
  );
#3856 = DIRECTION('',(0.,0.,1.));
#3857 = DIRECTION('',(-0.832105084486,0.554618002208,0.));
#3858 = ORIENTED_EDGE('',*,*,#3859,.F.);
#3859 = EDGE_CURVE('',#3860,#3851,#3862,.T.);
#3860 = VERTEX_POINT('',#3861);
#3861 = CARTESIAN_POINT('',(-11.73212714105,7.266167679467,0.));
#3862 = LINE('',#3863,#3864);
#3863 = CARTESIAN_POINT('',(-11.73212714105,7.266167679467,0.));
#3864 = VECTOR('',#3865,1.);
#3865 = DIRECTION('',(0.,0.,1.));
#3866 = ORIENTED_EDGE('',*,*,#3867,.F.);
#3867 = EDGE_CURVE('',#3822,#3860,#3868,.T.);
#3868 = CIRCLE('',#3869,13.79999999997);
#3869 = AXIS2_PLACEMENT_3D('',#3870,#3871,#3872);
#3870 = CARTESIAN_POINT('',(-2.092486645759E-04,-3.378469460174E-04,0.)
  );
#3871 = DIRECTION('',(0.,0.,1.));
#3872 = DIRECTION('',(-0.832105084486,0.554618002208,0.));
#3873 = CYLINDRICAL_SURFACE('',#3874,13.79999999997);
#3874 = AXIS2_PLACEMENT_3D('',#3875,#3876,#3877);
#3875 = CARTESIAN_POINT('',(-2.092486645759E-04,-3.378469460174E-04,0.)
  );
#3876 = DIRECTION('',(-0.,-0.,-1.));
#3877 = DIRECTION('',(-0.832105084486,0.554618002208,0.));
#3878 = ADVANCED_FACE('',(#3879),#3908,.F.);
#3879 = FACE_BOUND('',#3880,.F.);
#3880 = EDGE_LOOP('',(#3881,#3882,#3892,#3900));
#3881 = ORIENTED_EDGE('',*,*,#3859,.T.);
#3882 = ORIENTED_EDGE('',*,*,#3883,.T.);
#3883 = EDGE_CURVE('',#3851,#3884,#3886,.T.);
#3884 = VERTEX_POINT('',#3885);
#3885 = CARTESIAN_POINT('',(-10.94692715907,6.311273323886,12.));
#3886 = B_SPLINE_CURVE_WITH_KNOTS('',4,(#3887,#3888,#3889,#3890,#3891),
  .UNSPECIFIED.,.F.,.F.,(5,5),(0.,1.),.PIECEWISE_BEZIER_KNOTS.);
#3887 = CARTESIAN_POINT('',(-11.73212714105,7.266167679467,12.));
#3888 = CARTESIAN_POINT('',(-11.49579352272,6.890830438581,12.));
#3889 = CARTESIAN_POINT('',(-11.26956622594,6.61442323006,12.));
#3890 = CARTESIAN_POINT('',(-11.080338709,6.427181043415,12.));
#3891 = CARTESIAN_POINT('',(-10.94692715907,6.311273323886,12.));
#3892 = ORIENTED_EDGE('',*,*,#3893,.F.);
#3893 = EDGE_CURVE('',#3894,#3884,#3896,.T.);
#3894 = VERTEX_POINT('',#3895);
#3895 = CARTESIAN_POINT('',(-10.94692715907,6.311273323886,0.));
#3896 = LINE('',#3897,#3898);
#3897 = CARTESIAN_POINT('',(-10.94692715907,6.311273323886,0.));
#3898 = VECTOR('',#3899,1.);
#3899 = DIRECTION('',(0.,0.,1.));
#3900 = ORIENTED_EDGE('',*,*,#3901,.F.);
#3901 = EDGE_CURVE('',#3860,#3894,#3902,.T.);
#3902 = B_SPLINE_CURVE_WITH_KNOTS('',4,(#3903,#3904,#3905,#3906,#3907),
  .UNSPECIFIED.,.F.,.F.,(5,5),(0.,1.),.PIECEWISE_BEZIER_KNOTS.);
#3903 = CARTESIAN_POINT('',(-11.73212714105,7.266167679467,0.));
#3904 = CARTESIAN_POINT('',(-11.49579352272,6.890830438581,0.));
#3905 = CARTESIAN_POINT('',(-11.26956622594,6.61442323006,0.));
#3906 = CARTESIAN_POINT('',(-11.080338709,6.427181043415,0.));
#3907 = CARTESIAN_POINT('',(-10.94692715907,6.311273323886,0.));
#3908 = SURFACE_OF_LINEAR_EXTRUSION('',#3909,#3915);
#3909 = B_SPLINE_CURVE_WITH_KNOTS('',4,(#3910,#3911,#3912,#3913,#3914),
  .UNSPECIFIED.,.F.,.F.,(5,5),(0.,1.),.PIECEWISE_BEZIER_KNOTS.);
#3910 = CARTESIAN_POINT('',(-11.73212714105,7.266167679467,0.));
#3911 = CARTESIAN_POINT('',(-11.49579352272,6.890830438581,0.));
#3912 = CARTESIAN_POINT('',(-11.26956622594,6.61442323006,0.));
#3913 = CARTESIAN_POINT('',(-11.080338709,6.427181043415,0.));
#3914 = CARTESIAN_POINT('',(-10.94692715907,6.311273323886,0.));
#3915 = VECTOR('',#3916,1.);
#3916 = DIRECTION('',(-0.,-0.,-1.));
#3917 = ADVANCED_FACE('',(#3918),#3945,.F.);
#3918 = FACE_BOUND('',#3919,.F.);
#3919 = EDGE_LOOP('',(#3920,#3921,#3930,#3938));
#3920 = ORIENTED_EDGE('',*,*,#3893,.T.);
#3921 = ORIENTED_EDGE('',*,*,#3922,.T.);
#3922 = EDGE_CURVE('',#3884,#3923,#3925,.T.);
#3923 = VERTEX_POINT('',#3924);
#3924 = CARTESIAN_POINT('',(-10.89439350563,6.026167118848,12.));
#3925 = CIRCLE('',#3926,0.228);
#3926 = AXIS2_PLACEMENT_3D('',#3927,#3928,#3929);
#3927 = CARTESIAN_POINT('',(-11.09373725654,6.13682907697,12.));
#3928 = DIRECTION('',(0.,0.,-1.));
#3929 = DIRECTION('',(0.643903936254,0.765106346122,0.));
#3930 = ORIENTED_EDGE('',*,*,#3931,.F.);
#3931 = EDGE_CURVE('',#3932,#3923,#3934,.T.);
#3932 = VERTEX_POINT('',#3933);
#3933 = CARTESIAN_POINT('',(-10.89439350563,6.026167118848,0.));
#3934 = LINE('',#3935,#3936);
#3935 = CARTESIAN_POINT('',(-10.89439350563,6.026167118848,0.));
#3936 = VECTOR('',#3937,1.);
#3937 = DIRECTION('',(0.,0.,1.));
#3938 = ORIENTED_EDGE('',*,*,#3939,.F.);
#3939 = EDGE_CURVE('',#3894,#3932,#3940,.T.);
#3940 = CIRCLE('',#3941,0.228);
#3941 = AXIS2_PLACEMENT_3D('',#3942,#3943,#3944);
#3942 = CARTESIAN_POINT('',(-11.09373725654,6.13682907697,0.));
#3943 = DIRECTION('',(0.,0.,-1.));
#3944 = DIRECTION('',(0.643903936254,0.765106346122,0.));
#3945 = CYLINDRICAL_SURFACE('',#3946,0.228);
#3946 = AXIS2_PLACEMENT_3D('',#3947,#3948,#3949);
#3947 = CARTESIAN_POINT('',(-11.09373725654,6.13682907697,0.));
#3948 = DIRECTION('',(0.,0.,-1.));
#3949 = DIRECTION('',(0.643903936254,0.765106346122,0.));
#3950 = ADVANCED_FACE('',(#3951),#3978,.T.);
#3951 = FACE_BOUND('',#3952,.F.);
#3952 = EDGE_LOOP('',(#3953,#3954,#3963,#3971));
#3953 = ORIENTED_EDGE('',*,*,#3931,.T.);
#3954 = ORIENTED_EDGE('',*,*,#3955,.T.);
#3955 = EDGE_CURVE('',#3923,#3956,#3958,.T.);
#3956 = VERTEX_POINT('',#3957);
#3957 = CARTESIAN_POINT('',(-10.95948818873,5.906955107414,12.));
#3958 = CIRCLE('',#3959,12.450000000247);
#3959 = AXIS2_PLACEMENT_3D('',#3960,#3961,#3962);
#3960 = CARTESIAN_POINT('',(2.167208634773E-10,-1.185367359824E-10,12.)
  );
#3961 = DIRECTION('',(0.,0.,1.));
#3962 = DIRECTION('',(-0.8750516872,0.484029487458,0.));
#3963 = ORIENTED_EDGE('',*,*,#3964,.F.);
#3964 = EDGE_CURVE('',#3965,#3956,#3967,.T.);
#3965 = VERTEX_POINT('',#3966);
#3966 = CARTESIAN_POINT('',(-10.95948818873,5.906955107414,0.));
#3967 = LINE('',#3968,#3969);
#3968 = CARTESIAN_POINT('',(-10.95948818873,5.906955107414,0.));
#3969 = VECTOR('',#3970,1.);
#3970 = DIRECTION('',(0.,0.,1.));
#3971 = ORIENTED_EDGE('',*,*,#3972,.F.);
#3972 = EDGE_CURVE('',#3932,#3965,#3973,.T.);
#3973 = CIRCLE('',#3974,12.450000000247);
#3974 = AXIS2_PLACEMENT_3D('',#3975,#3976,#3977);
#3975 = CARTESIAN_POINT('',(2.167208634773E-10,-1.185367359824E-10,0.));
#3976 = DIRECTION('',(0.,0.,1.));
#3977 = DIRECTION('',(-0.8750516872,0.484029487458,0.));
#3978 = CYLINDRICAL_SURFACE('',#3979,12.450000000247);
#3979 = AXIS2_PLACEMENT_3D('',#3980,#3981,#3982);
#3980 = CARTESIAN_POINT('',(2.167208634773E-10,-1.185367359824E-10,0.));
#3981 = DIRECTION('',(-0.,-0.,-1.));
#3982 = DIRECTION('',(-0.8750516872,0.484029487458,0.));
#3983 = ADVANCED_FACE('',(#3984),#4011,.F.);
#3984 = FACE_BOUND('',#3985,.F.);
#3985 = EDGE_LOOP('',(#3986,#3987,#3996,#4004));
#3986 = ORIENTED_EDGE('',*,*,#3964,.T.);
#3987 = ORIENTED_EDGE('',*,*,#3988,.T.);
#3988 = EDGE_CURVE('',#3956,#3989,#3991,.T.);
#3989 = VERTEX_POINT('',#3990);
#3990 = CARTESIAN_POINT('',(-11.2277349713,5.797008761514,12.));
#3991 = CIRCLE('',#3992,0.228);
#3992 = AXIS2_PLACEMENT_3D('',#3993,#3994,#3995);
#3993 = CARTESIAN_POINT('',(-11.16035627578,6.014825453689,12.));
#3994 = DIRECTION('',(0.,0.,-1.));
#3995 = DIRECTION('',(0.881000381791,-0.473115553839,0.));
#3996 = ORIENTED_EDGE('',*,*,#3997,.F.);
#3997 = EDGE_CURVE('',#3998,#3989,#4000,.T.);
#3998 = VERTEX_POINT('',#3999);
#3999 = CARTESIAN_POINT('',(-11.2277349713,5.797008761514,0.));
#4000 = LINE('',#4001,#4002);
#4001 = CARTESIAN_POINT('',(-11.2277349713,5.797008761514,0.));
#4002 = VECTOR('',#4003,1.);
#4003 = DIRECTION('',(0.,0.,1.));
#4004 = ORIENTED_EDGE('',*,*,#4005,.F.);
#4005 = EDGE_CURVE('',#3965,#3998,#4006,.T.);
#4006 = CIRCLE('',#4007,0.228);
#4007 = AXIS2_PLACEMENT_3D('',#4008,#4009,#4010);
#4008 = CARTESIAN_POINT('',(-11.16035627578,6.014825453689,0.));
#4009 = DIRECTION('',(0.,0.,-1.));
#4010 = DIRECTION('',(0.881000381791,-0.473115553839,0.));
#4011 = CYLINDRICAL_SURFACE('',#4012,0.228);
#4012 = AXIS2_PLACEMENT_3D('',#4013,#4014,#4015);
#4013 = CARTESIAN_POINT('',(-11.16035627578,6.014825453689,0.));
#4014 = DIRECTION('',(0.,0.,-1.));
#4015 = DIRECTION('',(0.881000381791,-0.473115553839,0.));
#4016 = ADVANCED_FACE('',(#4017),#4046,.F.);
#4017 = FACE_BOUND('',#4018,.F.);
#4018 = EDGE_LOOP('',(#4019,#4020,#4030,#4038));
#4019 = ORIENTED_EDGE('',*,*,#3997,.T.);
#4020 = ORIENTED_EDGE('',*,*,#4021,.T.);
#4021 = EDGE_CURVE('',#3989,#4022,#4024,.T.);
#4022 = VERTEX_POINT('',#4023);
#4023 = CARTESIAN_POINT('',(-12.45556743433,5.941251896208,12.));
#4024 = B_SPLINE_CURVE_WITH_KNOTS('',4,(#4025,#4026,#4027,#4028,#4029),
  .UNSPECIFIED.,.F.,.F.,(5,5),(0.,1.),.PIECEWISE_BEZIER_KNOTS.);
#4025 = CARTESIAN_POINT('',(-11.2277349713,5.797008761514,12.));
#4026 = CARTESIAN_POINT('',(-11.39737213623,5.846577670666,12.));
#4027 = CARTESIAN_POINT('',(-11.65719440669,5.904535218953,12.));
#4028 = CARTESIAN_POINT('',(-12.01203065802,5.945412712428,12.));
#4029 = CARTESIAN_POINT('',(-12.45556743433,5.941251896208,12.));
#4030 = ORIENTED_EDGE('',*,*,#4031,.F.);
#4031 = EDGE_CURVE('',#4032,#4022,#4034,.T.);
#4032 = VERTEX_POINT('',#4033);
#4033 = CARTESIAN_POINT('',(-12.45556743433,5.941251896208,0.));
#4034 = LINE('',#4035,#4036);
#4035 = CARTESIAN_POINT('',(-12.45556743433,5.941251896208,0.));
#4036 = VECTOR('',#4037,1.);
#4037 = DIRECTION('',(0.,0.,1.));
#4038 = ORIENTED_EDGE('',*,*,#4039,.F.);
#4039 = EDGE_CURVE('',#3998,#4032,#4040,.T.);
#4040 = B_SPLINE_CURVE_WITH_KNOTS('',4,(#4041,#4042,#4043,#4044,#4045),
  .UNSPECIFIED.,.F.,.F.,(5,5),(0.,1.),.PIECEWISE_BEZIER_KNOTS.);
#4041 = CARTESIAN_POINT('',(-11.2277349713,5.797008761514,0.));
#4042 = CARTESIAN_POINT('',(-11.39737213623,5.846577670666,0.));
#4043 = CARTESIAN_POINT('',(-11.65719440669,5.904535218953,0.));
#4044 = CARTESIAN_POINT('',(-12.01203065802,5.945412712428,0.));
#4045 = CARTESIAN_POINT('',(-12.45556743433,5.941251896208,0.));
#4046 = SURFACE_OF_LINEAR_EXTRUSION('',#4047,#4053);
#4047 = B_SPLINE_CURVE_WITH_KNOTS('',4,(#4048,#4049,#4050,#4051,#4052),
  .UNSPECIFIED.,.F.,.F.,(5,5),(0.,1.),.PIECEWISE_BEZIER_KNOTS.);
#4048 = CARTESIAN_POINT('',(-11.2277349713,5.797008761514,0.));
#4049 = CARTESIAN_POINT('',(-11.39737213623,5.846577670666,0.));
#4050 = CARTESIAN_POINT('',(-11.65719440669,5.904535218953,0.));
#4051 = CARTESIAN_POINT('',(-12.01203065802,5.945412712428,0.));
#4052 = CARTESIAN_POINT('',(-12.45556743433,5.941251896208,0.));
#4053 = VECTOR('',#4054,1.);
#4054 = DIRECTION('',(-0.,-0.,-1.));
#4055 = ADVANCED_FACE('',(#4056),#4083,.T.);
#4056 = FACE_BOUND('',#4057,.F.);
#4057 = EDGE_LOOP('',(#4058,#4059,#4068,#4076));
#4058 = ORIENTED_EDGE('',*,*,#4031,.T.);
#4059 = ORIENTED_EDGE('',*,*,#4060,.T.);
#4060 = EDGE_CURVE('',#4022,#4061,#4063,.T.);
#4061 = VERTEX_POINT('',#4062);
#4062 = CARTESIAN_POINT('',(-12.64679448125,5.522552792758,12.));
#4063 = CIRCLE('',#4064,13.799999999983);
#4064 = AXIS2_PLACEMENT_3D('',#4065,#4066,#4067);
#4065 = CARTESIAN_POINT('',(-1.590381693477E-04,-3.641873466078E-04,12.)
  );
#4066 = DIRECTION('',(0.,0.,1.));
#4067 = DIRECTION('',(-0.90256582581,0.430551890113,0.));
#4068 = ORIENTED_EDGE('',*,*,#4069,.F.);
#4069 = EDGE_CURVE('',#4070,#4061,#4072,.T.);
#4070 = VERTEX_POINT('',#4071);
#4071 = CARTESIAN_POINT('',(-12.64679448125,5.522552792758,0.));
#4072 = LINE('',#4073,#4074);
#4073 = CARTESIAN_POINT('',(-12.64679448125,5.522552792758,0.));
#4074 = VECTOR('',#4075,1.);
#4075 = DIRECTION('',(0.,0.,1.));
#4076 = ORIENTED_EDGE('',*,*,#4077,.F.);
#4077 = EDGE_CURVE('',#4032,#4070,#4078,.T.);
#4078 = CIRCLE('',#4079,13.799999999983);
#4079 = AXIS2_PLACEMENT_3D('',#4080,#4081,#4082);
#4080 = CARTESIAN_POINT('',(-1.590381693477E-04,-3.641873466078E-04,0.)
  );
#4081 = DIRECTION('',(0.,0.,1.));
#4082 = DIRECTION('',(-0.90256582581,0.430551890113,0.));
#4083 = CYLINDRICAL_SURFACE('',#4084,13.799999999983);
#4084 = AXIS2_PLACEMENT_3D('',#4085,#4086,#4087);
#4085 = CARTESIAN_POINT('',(-1.590381693477E-04,-3.641873466078E-04,0.)
  );
#4086 = DIRECTION('',(-0.,-0.,-1.));
#4087 = DIRECTION('',(-0.90256582581,0.430551890113,0.));
#4088 = ADVANCED_FACE('',(#4089),#4118,.F.);
#4089 = FACE_BOUND('',#4090,.F.);
#4090 = EDGE_LOOP('',(#4091,#4092,#4102,#4110));
#4091 = ORIENTED_EDGE('',*,*,#4069,.T.);
#4092 = ORIENTED_EDGE('',*,*,#4093,.T.);
#4093 = EDGE_CURVE('',#4061,#4094,#4096,.T.);
#4094 = VERTEX_POINT('',#4095);
#4095 = CARTESIAN_POINT('',(-11.73369106715,4.68912349332,12.));
#4096 = B_SPLINE_CURVE_WITH_KNOTS('',4,(#4097,#4098,#4099,#4100,#4101),
  .UNSPECIFIED.,.F.,.F.,(5,5),(0.,1.),.PIECEWISE_BEZIER_KNOTS.);
#4097 = CARTESIAN_POINT('',(-12.64679448125,5.522552792758,12.));
#4098 = CARTESIAN_POINT('',(-12.35945033966,5.184669724463,12.));
#4099 = CARTESIAN_POINT('',(-12.09618886339,4.943271443934,12.));
#4100 = CARTESIAN_POINT('',(-11.88224006821,4.784864996238,12.));
#4101 = CARTESIAN_POINT('',(-11.73369106715,4.68912349332,12.));
#4102 = ORIENTED_EDGE('',*,*,#4103,.F.);
#4103 = EDGE_CURVE('',#4104,#4094,#4106,.T.);
#4104 = VERTEX_POINT('',#4105);
#4105 = CARTESIAN_POINT('',(-11.73369106715,4.68912349332,0.));
#4106 = LINE('',#4107,#4108);
#4107 = CARTESIAN_POINT('',(-11.73369106715,4.68912349332,0.));
#4108 = VECTOR('',#4109,1.);
#4109 = DIRECTION('',(0.,0.,1.));
#4110 = ORIENTED_EDGE('',*,*,#4111,.F.);
#4111 = EDGE_CURVE('',#4070,#4104,#4112,.T.);
#4112 = B_SPLINE_CURVE_WITH_KNOTS('',4,(#4113,#4114,#4115,#4116,#4117),
  .UNSPECIFIED.,.F.,.F.,(5,5),(0.,1.),.PIECEWISE_BEZIER_KNOTS.);
#4113 = CARTESIAN_POINT('',(-12.64679448125,5.522552792758,0.));
#4114 = CARTESIAN_POINT('',(-12.35945033966,5.184669724463,0.));
#4115 = CARTESIAN_POINT('',(-12.09618886339,4.943271443934,0.));
#4116 = CARTESIAN_POINT('',(-11.88224006821,4.784864996238,0.));
#4117 = CARTESIAN_POINT('',(-11.73369106715,4.68912349332,0.));
#4118 = SURFACE_OF_LINEAR_EXTRUSION('',#4119,#4125);
#4119 = B_SPLINE_CURVE_WITH_KNOTS('',4,(#4120,#4121,#4122,#4123,#4124),
  .UNSPECIFIED.,.F.,.F.,(5,5),(0.,1.),.PIECEWISE_BEZIER_KNOTS.);
#4120 = CARTESIAN_POINT('',(-12.64679448125,5.522552792758,0.));
#4121 = CARTESIAN_POINT('',(-12.35945033966,5.184669724463,0.));
#4122 = CARTESIAN_POINT('',(-12.09618886339,4.943271443934,0.));
#4123 = CARTESIAN_POINT('',(-11.88224006821,4.784864996238,0.));
#4124 = CARTESIAN_POINT('',(-11.73369106715,4.68912349332,0.));
#4125 = VECTOR('',#4126,1.);
#4126 = DIRECTION('',(-0.,-0.,-1.));
#4127 = ADVANCED_FACE('',(#4128),#4155,.F.);
#4128 = FACE_BOUND('',#4129,.F.);
#4129 = EDGE_LOOP('',(#4130,#4131,#4140,#4148));
#4130 = ORIENTED_EDGE('',*,*,#4103,.T.);
#4131 = ORIENTED_EDGE('',*,*,#4132,.T.);
#4132 = EDGE_CURVE('',#4094,#4133,#4135,.T.);
#4133 = VERTEX_POINT('',#4134);
#4134 = CARTESIAN_POINT('',(-11.64111728709,4.414395576753,12.));
#4135 = CIRCLE('',#4136,0.228);
#4136 = AXIS2_PLACEMENT_3D('',#4137,#4138,#4139);
#4137 = CARTESIAN_POINT('',(-11.85418084472,4.495561582032,12.));
#4138 = DIRECTION('',(0.,0.,-1.));
#4139 = DIRECTION('',(0.528463936705,0.848955751263,0.));
#4140 = ORIENTED_EDGE('',*,*,#4141,.F.);
#4141 = EDGE_CURVE('',#4142,#4133,#4144,.T.);
#4142 = VERTEX_POINT('',#4143);
#4143 = CARTESIAN_POINT('',(-11.64111728709,4.414395576753,0.));
#4144 = LINE('',#4145,#4146);
#4145 = CARTESIAN_POINT('',(-11.64111728709,4.414395576753,0.));
#4146 = VECTOR('',#4147,1.);
#4147 = DIRECTION('',(0.,0.,1.));
#4148 = ORIENTED_EDGE('',*,*,#4149,.F.);
#4149 = EDGE_CURVE('',#4104,#4142,#4150,.T.);
#4150 = CIRCLE('',#4151,0.228);
#4151 = AXIS2_PLACEMENT_3D('',#4152,#4153,#4154);
#4152 = CARTESIAN_POINT('',(-11.85418084472,4.495561582032,0.));
#4153 = DIRECTION('',(0.,0.,-1.));
#4154 = DIRECTION('',(0.528463936705,0.848955751263,0.));
#4155 = CYLINDRICAL_SURFACE('',#4156,0.228);
#4156 = AXIS2_PLACEMENT_3D('',#4157,#4158,#4159);
#4157 = CARTESIAN_POINT('',(-11.85418084472,4.495561582032,0.));
#4158 = DIRECTION('',(0.,0.,-1.));
#4159 = DIRECTION('',(0.528463936705,0.848955751263,0.));
#4160 = ADVANCED_FACE('',(#4161),#4188,.T.);
#4161 = FACE_BOUND('',#4162,.F.);
#4162 = EDGE_LOOP('',(#4163,#4164,#4173,#4181));
#4163 = ORIENTED_EDGE('',*,*,#4141,.T.);
#4164 = ORIENTED_EDGE('',*,*,#4165,.T.);
#4165 = EDGE_CURVE('',#4133,#4166,#4168,.T.);
#4166 = VERTEX_POINT('',#4167);
#4167 = CARTESIAN_POINT('',(-11.68858376204,4.287133032409,12.));
#4168 = CIRCLE('',#4169,12.450000000026);
#4169 = AXIS2_PLACEMENT_3D('',#4170,#4171,#4172);
#4170 = CARTESIAN_POINT('',(2.402611443131E-11,-8.97459884186E-12,12.));
#4171 = DIRECTION('',(0.,0.,1.));
#4172 = DIRECTION('',(-0.935029500972,0.354569925844,0.));
#4173 = ORIENTED_EDGE('',*,*,#4174,.F.);
#4174 = EDGE_CURVE('',#4175,#4166,#4177,.T.);
#4175 = VERTEX_POINT('',#4176);
#4176 = CARTESIAN_POINT('',(-11.68858376204,4.287133032409,0.));
#4177 = LINE('',#4178,#4179);
#4178 = CARTESIAN_POINT('',(-11.68858376204,4.287133032409,0.));
#4179 = VECTOR('',#4180,1.);
#4180 = DIRECTION('',(0.,0.,1.));
#4181 = ORIENTED_EDGE('',*,*,#4182,.F.);
#4182 = EDGE_CURVE('',#4142,#4175,#4183,.T.);
#4183 = CIRCLE('',#4184,12.450000000026);
#4184 = AXIS2_PLACEMENT_3D('',#4185,#4186,#4187);
#4185 = CARTESIAN_POINT('',(2.402611443131E-11,-8.97459884186E-12,0.));
#4186 = DIRECTION('',(0.,0.,1.));
#4187 = DIRECTION('',(-0.935029500972,0.354569925844,0.));
#4188 = CYLINDRICAL_SURFACE('',#4189,12.450000000026);
#4189 = AXIS2_PLACEMENT_3D('',#4190,#4191,#4192);
#4190 = CARTESIAN_POINT('',(2.402611443131E-11,-8.97459884186E-12,0.));
#4191 = DIRECTION('',(-0.,-0.,-1.));
#4192 = DIRECTION('',(-0.935029500972,0.354569925844,0.));
#4193 = ADVANCED_FACE('',(#4194),#4221,.F.);
#4194 = FACE_BOUND('',#4195,.F.);
#4195 = EDGE_LOOP('',(#4196,#4197,#4206,#4214));
#4196 = ORIENTED_EDGE('',*,*,#4174,.T.);
#4197 = ORIENTED_EDGE('',*,*,#4198,.T.);
#4198 = EDGE_CURVE('',#4166,#4199,#4201,.T.);
#4199 = VERTEX_POINT('',#4200);
#4200 = CARTESIAN_POINT('',(-11.93845318271,4.140130284302,12.));
#4201 = CIRCLE('',#4202,0.228);
#4202 = AXIS2_PLACEMENT_3D('',#4203,#4204,#4205);
#4203 = CARTESIAN_POINT('',(-11.90275885248,4.365318904772,12.));
#4204 = DIRECTION('',(0.,0.,-1.));
#4205 = DIRECTION('',(0.939364431731,-0.342920492823,0.));
#4206 = ORIENTED_EDGE('',*,*,#4207,.F.);
#4207 = EDGE_CURVE('',#4208,#4199,#4210,.T.);
#4208 = VERTEX_POINT('',#4209);
#4209 = CARTESIAN_POINT('',(-11.93845318271,4.140130284302,0.));
#4210 = LINE('',#4211,#4212);
#4211 = CARTESIAN_POINT('',(-11.93845318271,4.140130284302,0.));
#4212 = VECTOR('',#4213,1.);
#4213 = DIRECTION('',(0.,0.,1.));
#4214 = ORIENTED_EDGE('',*,*,#4215,.F.);
#4215 = EDGE_CURVE('',#4175,#4208,#4216,.T.);
#4216 = CIRCLE('',#4217,0.228);
#4217 = AXIS2_PLACEMENT_3D('',#4218,#4219,#4220);
#4218 = CARTESIAN_POINT('',(-11.90275885248,4.365318904772,0.));
#4219 = DIRECTION('',(0.,0.,-1.));
#4220 = DIRECTION('',(0.939364431731,-0.342920492823,0.));
#4221 = CYLINDRICAL_SURFACE('',#4222,0.228);
#4222 = AXIS2_PLACEMENT_3D('',#4223,#4224,#4225);
#4223 = CARTESIAN_POINT('',(-11.90275885248,4.365318904772,0.));
#4224 = DIRECTION('',(0.,0.,-1.));
#4225 = DIRECTION('',(0.939364431731,-0.342920492823,0.));
#4226 = ADVANCED_FACE('',(#4227),#4256,.F.);
#4227 = FACE_BOUND('',#4228,.F.);
#4228 = EDGE_LOOP('',(#4229,#4230,#4240,#4248));
#4229 = ORIENTED_EDGE('',*,*,#4207,.T.);
#4230 = ORIENTED_EDGE('',*,*,#4231,.T.);
#4231 = EDGE_CURVE('',#4199,#4232,#4234,.T.);
#4232 = VERTEX_POINT('',#4233);
#4233 = CARTESIAN_POINT('',(-13.17431602004,4.108166453464,12.));
#4234 = B_SPLINE_CURVE_WITH_KNOTS('',4,(#4235,#4236,#4237,#4238,#4239),
  .UNSPECIFIED.,.F.,.F.,(5,5),(0.,1.),.PIECEWISE_BEZIER_KNOTS.);
#4235 = CARTESIAN_POINT('',(-11.93845318271,4.140130284302,12.));
#4236 = CARTESIAN_POINT('',(-12.11341807719,4.165052767739,12.));
#4237 = CARTESIAN_POINT('',(-12.37884395068,4.185443827352,12.));
#4238 = CARTESIAN_POINT('',(-12.73588595448,4.175406783162,12.));
#4239 = CARTESIAN_POINT('',(-13.17431602004,4.108166453464,12.));
#4240 = ORIENTED_EDGE('',*,*,#4241,.F.);
#4241 = EDGE_CURVE('',#4242,#4232,#4244,.T.);
#4242 = VERTEX_POINT('',#4243);
#4243 = CARTESIAN_POINT('',(-13.17431602004,4.108166453464,0.));
#4244 = LINE('',#4245,#4246);
#4245 = CARTESIAN_POINT('',(-13.17431602004,4.108166453464,0.));
#4246 = VECTOR('',#4247,1.);
#4247 = DIRECTION('',(0.,0.,1.));
#4248 = ORIENTED_EDGE('',*,*,#4249,.F.);
#4249 = EDGE_CURVE('',#4208,#4242,#4250,.T.);
#4250 = B_SPLINE_CURVE_WITH_KNOTS('',4,(#4251,#4252,#4253,#4254,#4255),
  .UNSPECIFIED.,.F.,.F.,(5,5),(0.,1.),.PIECEWISE_BEZIER_KNOTS.);
#4251 = CARTESIAN_POINT('',(-11.93845318271,4.140130284302,0.));
#4252 = CARTESIAN_POINT('',(-12.11341807719,4.165052767739,0.));
#4253 = CARTESIAN_POINT('',(-12.37884395068,4.185443827352,0.));
#4254 = CARTESIAN_POINT('',(-12.73588595448,4.175406783162,0.));
#4255 = CARTESIAN_POINT('',(-13.17431602004,4.108166453464,0.));
#4256 = SURFACE_OF_LINEAR_EXTRUSION('',#4257,#4263);
#4257 = B_SPLINE_CURVE_WITH_KNOTS('',4,(#4258,#4259,#4260,#4261,#4262),
  .UNSPECIFIED.,.F.,.F.,(5,5),(0.,1.),.PIECEWISE_BEZIER_KNOTS.);
#4258 = CARTESIAN_POINT('',(-11.93845318271,4.140130284302,0.));
#4259 = CARTESIAN_POINT('',(-12.11341807719,4.165052767739,0.));
#4260 = CARTESIAN_POINT('',(-12.37884395068,4.185443827352,0.));
#4261 = CARTESIAN_POINT('',(-12.73588595448,4.175406783162,0.));
#4262 = CARTESIAN_POINT('',(-13.17431602004,4.108166453464,0.));
#4263 = VECTOR('',#4264,1.);
#4264 = DIRECTION('',(-0.,-0.,-1.));
#4265 = ADVANCED_FACE('',(#4266),#4293,.T.);
#4266 = FACE_BOUND('',#4267,.F.);
#4267 = EDGE_LOOP('',(#4268,#4269,#4278,#4286));
#4268 = ORIENTED_EDGE('',*,*,#4241,.T.);
#4269 = ORIENTED_EDGE('',*,*,#4270,.T.);
#4270 = EDGE_CURVE('',#4232,#4271,#4273,.T.);
#4271 = VERTEX_POINT('',#4272);
#4272 = CARTESIAN_POINT('',(-13.30400955616,3.666514656915,12.));
#4273 = CIRCLE('',#4274,13.799999999985);
#4274 = AXIS2_PLACEMENT_3D('',#4275,#4276,#4277);
#4275 = CARTESIAN_POINT('',(-1.055901251918E-04,-3.83113936375E-04,12.)
  );
#4276 = DIRECTION('',(0.,0.,1.));
#4277 = DIRECTION('',(-0.954652929705,0.297720983145,0.));
#4278 = ORIENTED_EDGE('',*,*,#4279,.F.);
#4279 = EDGE_CURVE('',#4280,#4271,#4282,.T.);
#4280 = VERTEX_POINT('',#4281);
#4281 = CARTESIAN_POINT('',(-13.30400955616,3.666514656915,0.));
#4282 = LINE('',#4283,#4284);
#4283 = CARTESIAN_POINT('',(-13.30400955616,3.666514656915,0.));
#4284 = VECTOR('',#4285,1.);
#4285 = DIRECTION('',(0.,0.,1.));
#4286 = ORIENTED_EDGE('',*,*,#4287,.F.);
#4287 = EDGE_CURVE('',#4242,#4280,#4288,.T.);
#4288 = CIRCLE('',#4289,13.799999999985);
#4289 = AXIS2_PLACEMENT_3D('',#4290,#4291,#4292);
#4290 = CARTESIAN_POINT('',(-1.055901251918E-04,-3.83113936375E-04,0.));
#4291 = DIRECTION('',(0.,0.,1.));
#4292 = DIRECTION('',(-0.954652929705,0.297720983145,0.));
#4293 = CYLINDRICAL_SURFACE('',#4294,13.799999999985);
#4294 = AXIS2_PLACEMENT_3D('',#4295,#4296,#4297);
#4295 = CARTESIAN_POINT('',(-1.055901251918E-04,-3.83113936375E-04,0.));
#4296 = DIRECTION('',(-0.,-0.,-1.));
#4297 = DIRECTION('',(-0.954652929705,0.297720983145,0.));
#4298 = ADVANCED_FACE('',(#4299),#4328,.F.);
#4299 = FACE_BOUND('',#4300,.F.);
#4300 = EDGE_LOOP('',(#4301,#4302,#4312,#4320));
#4301 = ORIENTED_EDGE('',*,*,#4279,.T.);
#4302 = ORIENTED_EDGE('',*,*,#4303,.T.);
#4303 = EDGE_CURVE('',#4271,#4304,#4306,.T.);
#4304 = VERTEX_POINT('',#4305);
#4305 = CARTESIAN_POINT('',(-12.28159086226,2.971516630745,12.));
#4306 = B_SPLINE_CURVE_WITH_KNOTS('',4,(#4307,#4308,#4309,#4310,#4311),
  .UNSPECIFIED.,.F.,.F.,(5,5),(0.,1.),.PIECEWISE_BEZIER_KNOTS.);
#4307 = CARTESIAN_POINT('',(-13.30400955616,3.666514656915,12.));
#4308 = CARTESIAN_POINT('',(-12.97150438939,3.372964086109,12.));
#4309 = CARTESIAN_POINT('',(-12.67656797811,3.171488906426,12.));
#4310 = CARTESIAN_POINT('',(-12.44225328519,3.045142896149,12.));
#4311 = CARTESIAN_POINT('',(-12.28159086226,2.971516630745,12.));
#4312 = ORIENTED_EDGE('',*,*,#4313,.F.);
#4313 = EDGE_CURVE('',#4314,#4304,#4316,.T.);
#4314 = VERTEX_POINT('',#4315);
#4315 = CARTESIAN_POINT('',(-12.28159086226,2.971516630745,0.));
#4316 = LINE('',#4317,#4318);
#4317 = CARTESIAN_POINT('',(-12.28159086226,2.971516630745,0.));
#4318 = VECTOR('',#4319,1.);
#4319 = DIRECTION('',(0.,0.,1.));
#4320 = ORIENTED_EDGE('',*,*,#4321,.F.);
#4321 = EDGE_CURVE('',#4280,#4314,#4322,.T.);
#4322 = B_SPLINE_CURVE_WITH_KNOTS('',4,(#4323,#4324,#4325,#4326,#4327),
  .UNSPECIFIED.,.F.,.F.,(5,5),(0.,1.),.PIECEWISE_BEZIER_KNOTS.);
#4323 = CARTESIAN_POINT('',(-13.30400955616,3.666514656915,0.));
#4324 = CARTESIAN_POINT('',(-12.97150438939,3.372964086109,0.));
#4325 = CARTESIAN_POINT('',(-12.67656797811,3.171488906426,0.));
#4326 = CARTESIAN_POINT('',(-12.44225328519,3.045142896149,0.));
#4327 = CARTESIAN_POINT('',(-12.28159086226,2.971516630745,0.));
#4328 = SURFACE_OF_LINEAR_EXTRUSION('',#4329,#4335);
#4329 = B_SPLINE_CURVE_WITH_KNOTS('',4,(#4330,#4331,#4332,#4333,#4334),
  .UNSPECIFIED.,.F.,.F.,(5,5),(0.,1.),.PIECEWISE_BEZIER_KNOTS.);
#4330 = CARTESIAN_POINT('',(-13.30400955616,3.666514656915,0.));
#4331 = CARTESIAN_POINT('',(-12.97150438939,3.372964086109,0.));
#4332 = CARTESIAN_POINT('',(-12.67656797811,3.171488906426,0.));
#4333 = CARTESIAN_POINT('',(-12.44225328519,3.045142896149,0.));
#4334 = CARTESIAN_POINT('',(-12.28159086226,2.971516630745,0.));
#4335 = VECTOR('',#4336,1.);
#4336 = DIRECTION('',(-0.,-0.,-1.));
#4337 = ADVANCED_FACE('',(#4338),#4365,.F.);
#4338 = FACE_BOUND('',#4339,.F.);
#4339 = EDGE_LOOP('',(#4340,#4341,#4350,#4358));
#4340 = ORIENTED_EDGE('',*,*,#4313,.T.);
#4341 = ORIENTED_EDGE('',*,*,#4342,.T.);
#4342 = EDGE_CURVE('',#4304,#4343,#4345,.T.);
#4343 = VERTEX_POINT('',#4344);
#4344 = CARTESIAN_POINT('',(-12.15086149079,2.712759670781,12.));
#4345 = CIRCLE('',#4346,0.228);
#4346 = AXIS2_PLACEMENT_3D('',#4347,#4348,#4349);
#4347 = CARTESIAN_POINT('',(-12.37330749553,2.762777417413,12.));
#4348 = DIRECTION('',(0.,0.,-1.));
#4349 = DIRECTION('',(0.40226593537,0.915522865493,0.));
#4350 = ORIENTED_EDGE('',*,*,#4351,.F.);
#4351 = EDGE_CURVE('',#4352,#4343,#4354,.T.);
#4352 = VERTEX_POINT('',#4353);
#4353 = CARTESIAN_POINT('',(-12.15086149079,2.712759670781,0.));
#4354 = LINE('',#4355,#4356);
#4355 = CARTESIAN_POINT('',(-12.15086149079,2.712759670781,0.));
#4356 = VECTOR('',#4357,1.);
#4357 = DIRECTION('',(0.,0.,1.));
#4358 = ORIENTED_EDGE('',*,*,#4359,.F.);
#4359 = EDGE_CURVE('',#4314,#4352,#4360,.T.);
#4360 = CIRCLE('',#4361,0.228);
#4361 = AXIS2_PLACEMENT_3D('',#4362,#4363,#4364);
#4362 = CARTESIAN_POINT('',(-12.37330749553,2.762777417413,0.));
#4363 = DIRECTION('',(0.,0.,-1.));
#4364 = DIRECTION('',(0.40226593537,0.915522865493,0.));
#4365 = CYLINDRICAL_SURFACE('',#4366,0.228);
#4366 = AXIS2_PLACEMENT_3D('',#4367,#4368,#4369);
#4367 = CARTESIAN_POINT('',(-12.37330749553,2.762777417413,0.));
#4368 = DIRECTION('',(0.,0.,-1.));
#4369 = DIRECTION('',(0.40226593537,0.915522865493,0.));
#4370 = ADVANCED_FACE('',(#4371),#4398,.T.);
#4371 = FACE_BOUND('',#4372,.F.);
#4372 = EDGE_LOOP('',(#4373,#4374,#4383,#4391));
#4373 = ORIENTED_EDGE('',*,*,#4351,.T.);
#4374 = ORIENTED_EDGE('',*,*,#4375,.T.);
#4375 = EDGE_CURVE('',#4343,#4376,#4378,.T.);
#4376 = VERTEX_POINT('',#4377);
#4377 = CARTESIAN_POINT('',(-12.17973347706,2.580037291934,12.));
#4378 = CIRCLE('',#4379,12.450000000115);
#4379 = AXIS2_PLACEMENT_3D('',#4380,#4381,#4382);
#4380 = CARTESIAN_POINT('',(1.12250653217E-10,-2.44404496641E-11,12.));
#4381 = DIRECTION('',(0.,0.,1.));
#4382 = DIRECTION('',(-0.975972810506,0.217892343035,0.));
#4383 = ORIENTED_EDGE('',*,*,#4384,.F.);
#4384 = EDGE_CURVE('',#4385,#4376,#4387,.T.);
#4385 = VERTEX_POINT('',#4386);
#4386 = CARTESIAN_POINT('',(-12.17973347706,2.580037291934,0.));
#4387 = LINE('',#4388,#4389);
#4388 = CARTESIAN_POINT('',(-12.17973347706,2.580037291934,0.));
#4389 = VECTOR('',#4390,1.);
#4390 = DIRECTION('',(0.,0.,1.));
#4391 = ORIENTED_EDGE('',*,*,#4392,.F.);
#4392 = EDGE_CURVE('',#4352,#4385,#4393,.T.);
#4393 = CIRCLE('',#4394,12.450000000115);
#4394 = AXIS2_PLACEMENT_3D('',#4395,#4396,#4397);
#4395 = CARTESIAN_POINT('',(1.12250653217E-10,-2.44404496641E-11,0.));
#4396 = DIRECTION('',(0.,0.,1.));
#4397 = DIRECTION('',(-0.975972810506,0.217892343035,0.));
#4398 = CYLINDRICAL_SURFACE('',#4399,12.450000000115);
#4399 = AXIS2_PLACEMENT_3D('',#4400,#4401,#4402);
#4400 = CARTESIAN_POINT('',(1.12250653217E-10,-2.44404496641E-11,0.));
#4401 = DIRECTION('',(-0.,-0.,-1.));
#4402 = DIRECTION('',(-0.975972810506,0.217892343035,0.));
#4403 = ADVANCED_FACE('',(#4404),#4431,.F.);
#4404 = FACE_BOUND('',#4405,.F.);
#4405 = EDGE_LOOP('',(#4406,#4407,#4416,#4424));
#4406 = ORIENTED_EDGE('',*,*,#4384,.T.);
#4407 = ORIENTED_EDGE('',*,*,#4408,.T.);
#4408 = EDGE_CURVE('',#4376,#4409,#4411,.T.);
#4409 = VERTEX_POINT('',#4410);
#4410 = CARTESIAN_POINT('',(-12.40613891498,2.398970693652,12.));
#4411 = CIRCLE('',#4412,0.228);
#4412 = AXIS2_PLACEMENT_3D('',#4413,#4414,#4415);
#4413 = CARTESIAN_POINT('',(-12.40285558367,2.626947051495,12.));
#4414 = DIRECTION('',(0.,0.,-1.));
#4415 = DIRECTION('',(0.978605730745,-0.205744559476,0.));
#4416 = ORIENTED_EDGE('',*,*,#4417,.F.);
#4417 = EDGE_CURVE('',#4418,#4409,#4420,.T.);
#4418 = VERTEX_POINT('',#4419);
#4419 = CARTESIAN_POINT('',(-12.40613891498,2.398970693652,0.));
#4420 = LINE('',#4421,#4422);
#4421 = CARTESIAN_POINT('',(-12.40613891498,2.398970693652,0.));
#4422 = VECTOR('',#4423,1.);
#4423 = DIRECTION('',(0.,0.,1.));
#4424 = ORIENTED_EDGE('',*,*,#4425,.F.);
#4425 = EDGE_CURVE('',#4385,#4418,#4426,.T.);
#4426 = CIRCLE('',#4427,0.228);
#4427 = AXIS2_PLACEMENT_3D('',#4428,#4429,#4430);
#4428 = CARTESIAN_POINT('',(-12.40285558367,2.626947051495,0.));
#4429 = DIRECTION('',(0.,0.,-1.));
#4430 = DIRECTION('',(0.978605730745,-0.205744559476,0.));
#4431 = CYLINDRICAL_SURFACE('',#4432,0.228);
#4432 = AXIS2_PLACEMENT_3D('',#4433,#4434,#4435);
#4433 = CARTESIAN_POINT('',(-12.40285558367,2.626947051495,0.));
#4434 = DIRECTION('',(0.,0.,-1.));
#4435 = DIRECTION('',(0.978605730745,-0.205744559476,0.));
#4436 = ADVANCED_FACE('',(#4437),#4466,.F.);
#4437 = FACE_BOUND('',#4438,.F.);
#4438 = EDGE_LOOP('',(#4439,#4440,#4450,#4458));
#4439 = ORIENTED_EDGE('',*,*,#4417,.T.);
#4440 = ORIENTED_EDGE('',*,*,#4441,.T.);
#4441 = EDGE_CURVE('',#4409,#4442,#4444,.T.);
#4442 = VERTEX_POINT('',#4443);
#4443 = CARTESIAN_POINT('',(-13.62487352318,2.191450588701,12.));
#4444 = B_SPLINE_CURVE_WITH_KNOTS('',4,(#4445,#4446,#4447,#4448,#4449),
  .UNSPECIFIED.,.F.,.F.,(5,5),(0.,1.),.PIECEWISE_BEZIER_KNOTS.);
#4445 = CARTESIAN_POINT('',(-12.40613891498,2.398970693652,12.));
#4446 = CARTESIAN_POINT('',(-12.58286975831,2.39873940148,12.));
#4447 = CARTESIAN_POINT('',(-12.84849592947,2.38114886925,12.));
#4448 = CARTESIAN_POINT('',(-13.20047534016,2.32040161267,12.));
#4449 = CARTESIAN_POINT('',(-13.62487352318,2.191450588701,12.));
#4450 = ORIENTED_EDGE('',*,*,#4451,.F.);
#4451 = EDGE_CURVE('',#4452,#4442,#4454,.T.);
#4452 = VERTEX_POINT('',#4453);
#4453 = CARTESIAN_POINT('',(-13.62487352318,2.191450588701,0.));
#4454 = LINE('',#4455,#4456);
#4455 = CARTESIAN_POINT('',(-13.62487352318,2.191450588701,0.));
#4456 = VECTOR('',#4457,1.);
#4457 = DIRECTION('',(0.,0.,1.));
#4458 = ORIENTED_EDGE('',*,*,#4459,.F.);
#4459 = EDGE_CURVE('',#4418,#4452,#4460,.T.);
#4460 = B_SPLINE_CURVE_WITH_KNOTS('',4,(#4461,#4462,#4463,#4464,#4465),
  .UNSPECIFIED.,.F.,.F.,(5,5),(0.,1.),.PIECEWISE_BEZIER_KNOTS.);
#4461 = CARTESIAN_POINT('',(-12.40613891498,2.398970693652,0.));
#4462 = CARTESIAN_POINT('',(-12.58286975831,2.39873940148,0.));
#4463 = CARTESIAN_POINT('',(-12.84849592947,2.38114886925,0.));
#4464 = CARTESIAN_POINT('',(-13.20047534016,2.32040161267,0.));
#4465 = CARTESIAN_POINT('',(-13.62487352318,2.191450588701,0.));
#4466 = SURFACE_OF_LINEAR_EXTRUSION('',#4467,#4473);
#4467 = B_SPLINE_CURVE_WITH_KNOTS('',4,(#4468,#4469,#4470,#4471,#4472),
  .UNSPECIFIED.,.F.,.F.,(5,5),(0.,1.),.PIECEWISE_BEZIER_KNOTS.);
#4468 = CARTESIAN_POINT('',(-12.40613891498,2.398970693652,0.));
#4469 = CARTESIAN_POINT('',(-12.58286975831,2.39873940148,0.));
#4470 = CARTESIAN_POINT('',(-12.84849592947,2.38114886925,0.));
#4471 = CARTESIAN_POINT('',(-13.20047534016,2.32040161267,0.));
#4472 = CARTESIAN_POINT('',(-13.62487352318,2.191450588701,0.));
#4473 = VECTOR('',#4474,1.);
#4474 = DIRECTION('',(-0.,-0.,-1.));
#4475 = ADVANCED_FACE('',(#4476),#4503,.T.);
#4476 = FACE_BOUND('',#4477,.F.);
#4477 = EDGE_LOOP('',(#4478,#4479,#4488,#4496));
#4478 = ORIENTED_EDGE('',*,*,#4451,.T.);
#4479 = ORIENTED_EDGE('',*,*,#4480,.T.);
#4480 = EDGE_CURVE('',#4442,#4481,#4483,.T.);
#4481 = VERTEX_POINT('',#4482);
#4482 = CARTESIAN_POINT('',(-13.69039336211,1.735836856013,12.));
#4483 = CIRCLE('',#4484,13.799999999987);
#4484 = AXIS2_PLACEMENT_3D('',#4485,#4486,#4487);
#4485 = CARTESIAN_POINT('',(-4.999256982252E-05,-3.942414307706E-04,12.)
  );
#4486 = DIRECTION('',(0.,0.,1.));
#4487 = DIRECTION('',(-0.987306052944,0.158829335517,0.));
#4488 = ORIENTED_EDGE('',*,*,#4489,.F.);
#4489 = EDGE_CURVE('',#4490,#4481,#4492,.T.);
#4490 = VERTEX_POINT('',#4491);
#4491 = CARTESIAN_POINT('',(-13.69039336211,1.735836856013,0.));
#4492 = LINE('',#4493,#4494);
#4493 = CARTESIAN_POINT('',(-13.69039336211,1.735836856013,0.));
#4494 = VECTOR('',#4495,1.);
#4495 = DIRECTION('',(0.,0.,1.));
#4496 = ORIENTED_EDGE('',*,*,#4497,.F.);
#4497 = EDGE_CURVE('',#4452,#4490,#4498,.T.);
#4498 = CIRCLE('',#4499,13.799999999987);
#4499 = AXIS2_PLACEMENT_3D('',#4500,#4501,#4502);
#4500 = CARTESIAN_POINT('',(-4.999256982252E-05,-3.942414307706E-04,0.)
  );
#4501 = DIRECTION('',(0.,0.,1.));
#4502 = DIRECTION('',(-0.987306052944,0.158829335517,0.));
#4503 = CYLINDRICAL_SURFACE('',#4504,13.799999999987);
#4504 = AXIS2_PLACEMENT_3D('',#4505,#4506,#4507);
#4505 = CARTESIAN_POINT('',(-4.999256982252E-05,-3.942414307706E-04,0.)
  );
#4506 = DIRECTION('',(-0.,-0.,-1.));
#4507 = DIRECTION('',(-0.987306052944,0.158829335517,0.));
#4508 = ADVANCED_FACE('',(#4509),#4538,.F.);
#4509 = FACE_BOUND('',#4510,.F.);
#4510 = EDGE_LOOP('',(#4511,#4512,#4522,#4530));
#4511 = ORIENTED_EDGE('',*,*,#4489,.T.);
#4512 = ORIENTED_EDGE('',*,*,#4513,.T.);
#4513 = EDGE_CURVE('',#4481,#4514,#4516,.T.);
#4514 = VERTEX_POINT('',#4515);
#4515 = CARTESIAN_POINT('',(-12.57947288461,1.193418258715,12.));
#4516 = B_SPLINE_CURVE_WITH_KNOTS('',4,(#4517,#4518,#4519,#4520,#4521),
  .UNSPECIFIED.,.F.,.F.,(5,5),(0.,1.),.PIECEWISE_BEZIER_KNOTS.);
#4517 = CARTESIAN_POINT('',(-13.69039336211,1.735836856013,12.));
#4518 = CARTESIAN_POINT('',(-13.31949601649,1.492594625786,12.));
#4519 = CARTESIAN_POINT('',(-12.998888725,1.335144000603,12.));
#4520 = CARTESIAN_POINT('',(-12.74897810578,1.243430468161,12.));
#4521 = CARTESIAN_POINT('',(-12.57947288461,1.193418258715,12.));
#4522 = ORIENTED_EDGE('',*,*,#4523,.F.);
#4523 = EDGE_CURVE('',#4524,#4514,#4526,.T.);
#4524 = VERTEX_POINT('',#4525);
#4525 = CARTESIAN_POINT('',(-12.57947288461,1.193418258715,0.));
#4526 = LINE('',#4527,#4528);
#4527 = CARTESIAN_POINT('',(-12.57947288461,1.193418258715,0.));
#4528 = VECTOR('',#4529,1.);
#4529 = DIRECTION('',(0.,0.,1.));
#4530 = ORIENTED_EDGE('',*,*,#4531,.F.);
#4531 = EDGE_CURVE('',#4490,#4524,#4532,.T.);
#4532 = B_SPLINE_CURVE_WITH_KNOTS('',4,(#4533,#4534,#4535,#4536,#4537),
  .UNSPECIFIED.,.F.,.F.,(5,5),(0.,1.),.PIECEWISE_BEZIER_KNOTS.);
#4533 = CARTESIAN_POINT('',(-13.69039336211,1.735836856013,0.));
#4534 = CARTESIAN_POINT('',(-13.31949601649,1.492594625786,0.));
#4535 = CARTESIAN_POINT('',(-12.998888725,1.335144000603,0.));
#4536 = CARTESIAN_POINT('',(-12.74897810578,1.243430468161,0.));
#4537 = CARTESIAN_POINT('',(-12.57947288461,1.193418258715,0.));
#4538 = SURFACE_OF_LINEAR_EXTRUSION('',#4539,#4545);
#4539 = B_SPLINE_CURVE_WITH_KNOTS('',4,(#4540,#4541,#4542,#4543,#4544),
  .UNSPECIFIED.,.F.,.F.,(5,5),(0.,1.),.PIECEWISE_BEZIER_KNOTS.);
#4540 = CARTESIAN_POINT('',(-13.69039336211,1.735836856013,0.));
#4541 = CARTESIAN_POINT('',(-13.31949601649,1.492594625786,0.));
#4542 = CARTESIAN_POINT('',(-12.998888725,1.335144000603,0.));
#4543 = CARTESIAN_POINT('',(-12.74897810578,1.243430468161,0.));
#4544 = CARTESIAN_POINT('',(-12.57947288461,1.193418258715,0.));
#4545 = VECTOR('',#4546,1.);
#4546 = DIRECTION('',(-0.,-0.,-1.));
#4547 = ADVANCED_FACE('',(#4548),#4575,.F.);
#4548 = FACE_BOUND('',#4549,.F.);
#4549 = EDGE_LOOP('',(#4550,#4551,#4560,#4568));
#4550 = ORIENTED_EDGE('',*,*,#4523,.T.);
#4551 = ORIENTED_EDGE('',*,*,#4552,.T.);
#4552 = EDGE_CURVE('',#4514,#4553,#4555,.T.);
#4553 = VERTEX_POINT('',#4554);
#4554 = CARTESIAN_POINT('',(-12.41324919474,0.955899800865,12.));
#4555 = CIRCLE('',#4556,0.228);
#4556 = AXIS2_PLACEMENT_3D('',#4557,#4558,#4559);
#4557 = CARTESIAN_POINT('',(-12.6405492874,0.973751071767,12.));
#4558 = DIRECTION('',(0.,0.,-1.));
#4559 = DIRECTION('',(0.267878959629,0.963452574333,0.));
#4560 = ORIENTED_EDGE('',*,*,#4561,.F.);
#4561 = EDGE_CURVE('',#4562,#4553,#4564,.T.);
#4562 = VERTEX_POINT('',#4563);
#4563 = CARTESIAN_POINT('',(-12.41324919474,0.955899800865,0.));
#4564 = LINE('',#4565,#4566);
#4565 = CARTESIAN_POINT('',(-12.41324919474,0.955899800865,0.));
#4566 = VECTOR('',#4567,1.);
#4567 = DIRECTION('',(0.,0.,1.));
#4568 = ORIENTED_EDGE('',*,*,#4569,.F.);
#4569 = EDGE_CURVE('',#4524,#4562,#4570,.T.);
#4570 = CIRCLE('',#4571,0.228);
#4571 = AXIS2_PLACEMENT_3D('',#4572,#4573,#4574);
#4572 = CARTESIAN_POINT('',(-12.6405492874,0.973751071767,0.));
#4573 = DIRECTION('',(0.,0.,-1.));
#4574 = DIRECTION('',(0.267878959629,0.963452574333,0.));
#4575 = CYLINDRICAL_SURFACE('',#4576,0.228);
#4576 = AXIS2_PLACEMENT_3D('',#4577,#4578,#4579);
#4577 = CARTESIAN_POINT('',(-12.6405492874,0.973751071767,0.));
#4578 = DIRECTION('',(0.,0.,-1.));
#4579 = DIRECTION('',(0.267878959629,0.963452574333,0.));
#4580 = ADVANCED_FACE('',(#4581),#4608,.T.);
#4581 = FACE_BOUND('',#4582,.F.);
#4582 = EDGE_LOOP('',(#4583,#4584,#4593,#4601));
#4583 = ORIENTED_EDGE('',*,*,#4561,.T.);
#4584 = ORIENTED_EDGE('',*,*,#4585,.T.);
#4585 = EDGE_CURVE('',#4553,#4586,#4588,.T.);
#4586 = VERTEX_POINT('',#4587);
#4587 = CARTESIAN_POINT('',(-12.42293894193,0.82041943241,12.));
#4588 = CIRCLE('',#4589,12.450000000281);
#4589 = AXIS2_PLACEMENT_3D('',#4590,#4591,#4592);
#4590 = CARTESIAN_POINT('',(2.806457288784E-10,-2.01553773671E-11,12.));
#4591 = DIRECTION('',(0.,0.,1.));
#4592 = DIRECTION('',(-0.997048128092,7.677910047096E-02,0.));
#4593 = ORIENTED_EDGE('',*,*,#4594,.F.);
#4594 = EDGE_CURVE('',#4595,#4586,#4597,.T.);
#4595 = VERTEX_POINT('',#4596);
#4596 = CARTESIAN_POINT('',(-12.42293894193,0.82041943241,0.));
#4597 = LINE('',#4598,#4599);
#4598 = CARTESIAN_POINT('',(-12.42293894193,0.82041943241,0.));
#4599 = VECTOR('',#4600,1.);
#4600 = DIRECTION('',(0.,0.,1.));
#4601 = ORIENTED_EDGE('',*,*,#4602,.F.);
#4602 = EDGE_CURVE('',#4562,#4595,#4603,.T.);
#4603 = CIRCLE('',#4604,12.450000000281);
#4604 = AXIS2_PLACEMENT_3D('',#4605,#4606,#4607);
#4605 = CARTESIAN_POINT('',(2.806457288784E-10,-2.01553773671E-11,0.));
#4606 = DIRECTION('',(0.,0.,1.));
#4607 = DIRECTION('',(-0.997048128092,7.677910047096E-02,0.));
#4608 = CYLINDRICAL_SURFACE('',#4609,12.450000000281);
#4609 = AXIS2_PLACEMENT_3D('',#4610,#4611,#4612);
#4610 = CARTESIAN_POINT('',(2.806457288784E-10,-2.01553773671E-11,0.));
#4611 = DIRECTION('',(-0.,-0.,-1.));
#4612 = DIRECTION('',(-0.997048128092,7.677910047096E-02,0.));
#4613 = ADVANCED_FACE('',(#4614),#4641,.F.);
#4614 = FACE_BOUND('',#4615,.F.);
#4615 = EDGE_LOOP('',(#4616,#4617,#4626,#4634));
#4616 = ORIENTED_EDGE('',*,*,#4594,.T.);
#4617 = ORIENTED_EDGE('',*,*,#4618,.T.);
#4618 = EDGE_CURVE('',#4586,#4619,#4621,.T.);
#4619 = VERTEX_POINT('',#4620);
#4620 = CARTESIAN_POINT('',(-12.62127143529,0.608974977739,12.));
#4621 = CIRCLE('',#4622,0.228);
#4622 = AXIS2_PLACEMENT_3D('',#4623,#4624,#4625);
#4623 = CARTESIAN_POINT('',(-12.65046594205,0.835098131739,12.));
#4624 = DIRECTION('',(0.,0.,-1.));
#4625 = DIRECTION('',(0.997925439146,-6.4380260215E-02,0.));
#4626 = ORIENTED_EDGE('',*,*,#4627,.F.);
#4627 = EDGE_CURVE('',#4628,#4619,#4630,.T.);
#4628 = VERTEX_POINT('',#4629);
#4629 = CARTESIAN_POINT('',(-12.62127143529,0.608974977739,0.));
#4630 = LINE('',#4631,#4632);
#4631 = CARTESIAN_POINT('',(-12.62127143529,0.608974977739,0.));
#4632 = VECTOR('',#4633,1.);
#4633 = DIRECTION('',(0.,0.,1.));
#4634 = ORIENTED_EDGE('',*,*,#4635,.F.);
#4635 = EDGE_CURVE('',#4595,#4628,#4636,.T.);
#4636 = CIRCLE('',#4637,0.228);
#4637 = AXIS2_PLACEMENT_3D('',#4638,#4639,#4640);
#4638 = CARTESIAN_POINT('',(-12.65046594205,0.835098131739,0.));
#4639 = DIRECTION('',(0.,0.,-1.));
#4640 = DIRECTION('',(0.997925439146,-6.4380260215E-02,0.));
#4641 = CYLINDRICAL_SURFACE('',#4642,0.228);
#4642 = AXIS2_PLACEMENT_3D('',#4643,#4644,#4645);
#4643 = CARTESIAN_POINT('',(-12.65046594205,0.835098131739,0.));
#4644 = DIRECTION('',(0.,0.,-1.));
#4645 = DIRECTION('',(0.997925439146,-6.4380260215E-02,0.));
#4646 = ADVANCED_FACE('',(#4647),#4676,.F.);
#4647 = FACE_BOUND('',#4648,.F.);
#4648 = EDGE_LOOP('',(#4649,#4650,#4660,#4668));
#4649 = ORIENTED_EDGE('',*,*,#4627,.T.);
#4650 = ORIENTED_EDGE('',*,*,#4651,.T.);
#4651 = EDGE_CURVE('',#4619,#4652,#4654,.T.);
#4652 = VERTEX_POINT('',#4653);
#4653 = CARTESIAN_POINT('',(-13.79806789227,0.230123109573,12.));
#4654 = B_SPLINE_CURVE_WITH_KNOTS('',4,(#4655,#4656,#4657,#4658,#4659),
  .UNSPECIFIED.,.F.,.F.,(5,5),(0.,1.),.PIECEWISE_BEZIER_KNOTS.);
#4655 = CARTESIAN_POINT('',(-12.62127143529,0.608974977739,12.));
#4656 = CARTESIAN_POINT('',(-12.79617049716,0.583594618401,12.));
#4657 = CARTESIAN_POINT('',(-13.05658958314,0.528380586835,12.));
#4658 = CARTESIAN_POINT('',(-13.39634111495,0.41815975683,12.));
#4659 = CARTESIAN_POINT('',(-13.79806789227,0.230123109573,12.));
#4660 = ORIENTED_EDGE('',*,*,#4661,.F.);
#4661 = EDGE_CURVE('',#4662,#4652,#4664,.T.);
#4662 = VERTEX_POINT('',#4663);
#4663 = CARTESIAN_POINT('',(-13.79806789227,0.230123109573,0.));
#4664 = LINE('',#4665,#4666);
#4665 = CARTESIAN_POINT('',(-13.79806789227,0.230123109573,0.));
#4666 = VECTOR('',#4667,1.);
#4667 = DIRECTION('',(0.,0.,1.));
#4668 = ORIENTED_EDGE('',*,*,#4669,.F.);
#4669 = EDGE_CURVE('',#4628,#4662,#4670,.T.);
#4670 = B_SPLINE_CURVE_WITH_KNOTS('',4,(#4671,#4672,#4673,#4674,#4675),
  .UNSPECIFIED.,.F.,.F.,(5,5),(0.,1.),.PIECEWISE_BEZIER_KNOTS.);
#4671 = CARTESIAN_POINT('',(-12.62127143529,0.608974977739,0.));
#4672 = CARTESIAN_POINT('',(-12.79617049716,0.583594618401,0.));
#4673 = CARTESIAN_POINT('',(-13.05658958314,0.528380586835,0.));
#4674 = CARTESIAN_POINT('',(-13.39634111495,0.41815975683,0.));
#4675 = CARTESIAN_POINT('',(-13.79806789227,0.230123109573,0.));
#4676 = SURFACE_OF_LINEAR_EXTRUSION('',#4677,#4683);
#4677 = B_SPLINE_CURVE_WITH_KNOTS('',4,(#4678,#4679,#4680,#4681,#4682),
  .UNSPECIFIED.,.F.,.F.,(5,5),(0.,1.),.PIECEWISE_BEZIER_KNOTS.);
#4678 = CARTESIAN_POINT('',(-12.62127143529,0.608974977739,0.));
#4679 = CARTESIAN_POINT('',(-12.79617049716,0.583594618401,0.));
#4680 = CARTESIAN_POINT('',(-13.05658958314,0.528380586835,0.));
#4681 = CARTESIAN_POINT('',(-13.39634111495,0.41815975683,0.));
#4682 = CARTESIAN_POINT('',(-13.79806789227,0.230123109573,0.));
#4683 = VECTOR('',#4684,1.);
#4684 = DIRECTION('',(-0.,-0.,-1.));
#4685 = ADVANCED_FACE('',(#4686),#4713,.T.);
#4686 = FACE_BOUND('',#4687,.F.);
#4687 = EDGE_LOOP('',(#4688,#4689,#4698,#4706));
#4688 = ORIENTED_EDGE('',*,*,#4661,.T.);
#4689 = ORIENTED_EDGE('',*,*,#4690,.T.);
#4690 = EDGE_CURVE('',#4652,#4691,#4693,.T.);
#4691 = VERTEX_POINT('',#4692);
#4692 = CARTESIAN_POINT('',(-13.79808023903,-0.230177577538,12.));
#4693 = CIRCLE('',#4694,13.799999999994);
#4694 = AXIS2_PLACEMENT_3D('',#4695,#4696,#4697);
#4695 = CARTESIAN_POINT('',(6.622695125635E-06,-3.97343305941E-04,12.));
#4696 = DIRECTION('',(0.,0.,1.));
#4697 = DIRECTION('',(-0.9998604721,1.670438064343E-02,0.));
#4698 = ORIENTED_EDGE('',*,*,#4699,.F.);
#4699 = EDGE_CURVE('',#4700,#4691,#4702,.T.);
#4700 = VERTEX_POINT('',#4701);
#4701 = CARTESIAN_POINT('',(-13.79808023903,-0.230177577538,0.));
#4702 = LINE('',#4703,#4704);
#4703 = CARTESIAN_POINT('',(-13.79808023903,-0.230177577538,0.));
#4704 = VECTOR('',#4705,1.);
#4705 = DIRECTION('',(0.,0.,1.));
#4706 = ORIENTED_EDGE('',*,*,#4707,.F.);
#4707 = EDGE_CURVE('',#4662,#4700,#4708,.T.);
#4708 = CIRCLE('',#4709,13.799999999994);
#4709 = AXIS2_PLACEMENT_3D('',#4710,#4711,#4712);
#4710 = CARTESIAN_POINT('',(6.622695125635E-06,-3.97343305941E-04,0.));
#4711 = DIRECTION('',(0.,0.,1.));
#4712 = DIRECTION('',(-0.9998604721,1.670438064343E-02,0.));
#4713 = CYLINDRICAL_SURFACE('',#4714,13.799999999994);
#4714 = AXIS2_PLACEMENT_3D('',#4715,#4716,#4717);
#4715 = CARTESIAN_POINT('',(6.622695125635E-06,-3.97343305941E-04,0.));
#4716 = DIRECTION('',(-0.,-0.,-1.));
#4717 = DIRECTION('',(-0.9998604721,1.670438064343E-02,0.));
#4718 = ADVANCED_FACE('',(#4719),#4748,.F.);
#4719 = FACE_BOUND('',#4720,.F.);
#4720 = EDGE_LOOP('',(#4721,#4722,#4732,#4740));
#4721 = ORIENTED_EDGE('',*,*,#4699,.T.);
#4722 = ORIENTED_EDGE('',*,*,#4723,.T.);
#4723 = EDGE_CURVE('',#4691,#4724,#4726,.T.);
#4724 = VERTEX_POINT('',#4725);
#4725 = CARTESIAN_POINT('',(-12.62127311523,-0.608974667529,12.));
#4726 = B_SPLINE_CURVE_WITH_KNOTS('',4,(#4727,#4728,#4729,#4730,#4731),
  .UNSPECIFIED.,.F.,.F.,(5,5),(0.,1.),.PIECEWISE_BEZIER_KNOTS.);
#4727 = CARTESIAN_POINT('',(-13.79808023903,-0.230177577538,12.));
#4728 = CARTESIAN_POINT('',(-13.39634111495,-0.41815975683,12.));
#4729 = CARTESIAN_POINT('',(-13.05658958314,-0.528380586835,12.));
#4730 = CARTESIAN_POINT('',(-12.79617049716,-0.583594618401,12.));
#4731 = CARTESIAN_POINT('',(-12.62127311523,-0.608974667529,12.));
#4732 = ORIENTED_EDGE('',*,*,#4733,.F.);
#4733 = EDGE_CURVE('',#4734,#4724,#4736,.T.);
#4734 = VERTEX_POINT('',#4735);
#4735 = CARTESIAN_POINT('',(-12.62127311523,-0.608974667529,0.));
#4736 = LINE('',#4737,#4738);
#4737 = CARTESIAN_POINT('',(-12.62127311523,-0.608974667529,0.));
#4738 = VECTOR('',#4739,1.);
#4739 = DIRECTION('',(0.,0.,1.));
#4740 = ORIENTED_EDGE('',*,*,#4741,.F.);
#4741 = EDGE_CURVE('',#4700,#4734,#4742,.T.);
#4742 = B_SPLINE_CURVE_WITH_KNOTS('',4,(#4743,#4744,#4745,#4746,#4747),
  .UNSPECIFIED.,.F.,.F.,(5,5),(0.,1.),.PIECEWISE_BEZIER_KNOTS.);
#4743 = CARTESIAN_POINT('',(-13.79808023903,-0.230177577538,0.));
#4744 = CARTESIAN_POINT('',(-13.39634111495,-0.41815975683,0.));
#4745 = CARTESIAN_POINT('',(-13.05658958314,-0.528380586835,0.));
#4746 = CARTESIAN_POINT('',(-12.79617049716,-0.583594618401,0.));
#4747 = CARTESIAN_POINT('',(-12.62127311523,-0.608974667529,0.));
#4748 = SURFACE_OF_LINEAR_EXTRUSION('',#4749,#4755);
#4749 = B_SPLINE_CURVE_WITH_KNOTS('',4,(#4750,#4751,#4752,#4753,#4754),
  .UNSPECIFIED.,.F.,.F.,(5,5),(0.,1.),.PIECEWISE_BEZIER_KNOTS.);
#4750 = CARTESIAN_POINT('',(-13.79808023903,-0.230177577538,0.));
#4751 = CARTESIAN_POINT('',(-13.39634111495,-0.41815975683,0.));
#4752 = CARTESIAN_POINT('',(-13.05658958314,-0.528380586835,0.));
#4753 = CARTESIAN_POINT('',(-12.79617049716,-0.583594618401,0.));
#4754 = CARTESIAN_POINT('',(-12.62127311523,-0.608974667529,0.));
#4755 = VECTOR('',#4756,1.);
#4756 = DIRECTION('',(-0.,-0.,-1.));
#4757 = ADVANCED_FACE('',(#4758),#4785,.F.);
#4758 = FACE_BOUND('',#4759,.F.);
#4759 = EDGE_LOOP('',(#4760,#4761,#4770,#4778));
#4760 = ORIENTED_EDGE('',*,*,#4733,.T.);
#4761 = ORIENTED_EDGE('',*,*,#4762,.T.);
#4762 = EDGE_CURVE('',#4724,#4763,#4765,.T.);
#4763 = VERTEX_POINT('',#4764);
#4764 = CARTESIAN_POINT('',(-12.42293894193,-0.82041943241,12.));
#4765 = CIRCLE('',#4766,0.228);
#4766 = AXIS2_PLACEMENT_3D('',#4767,#4768,#4769);
#4767 = CARTESIAN_POINT('',(-12.65046594812,-0.835098037633,12.));
#4768 = DIRECTION('',(0.,0.,-1.));
#4769 = DIRECTION('',(0.128038740769,0.991769167126,0.));
#4770 = ORIENTED_EDGE('',*,*,#4771,.F.);
#4771 = EDGE_CURVE('',#4772,#4763,#4774,.T.);
#4772 = VERTEX_POINT('',#4773);
#4773 = CARTESIAN_POINT('',(-12.42293894193,-0.82041943241,0.));
#4774 = LINE('',#4775,#4776);
#4775 = CARTESIAN_POINT('',(-12.42293894193,-0.82041943241,0.));
#4776 = VECTOR('',#4777,1.);
#4777 = DIRECTION('',(0.,0.,1.));
#4778 = ORIENTED_EDGE('',*,*,#4779,.F.);
#4779 = EDGE_CURVE('',#4734,#4772,#4780,.T.);
#4780 = CIRCLE('',#4781,0.228);
#4781 = AXIS2_PLACEMENT_3D('',#4782,#4783,#4784);
#4782 = CARTESIAN_POINT('',(-12.65046594812,-0.835098037633,0.));
#4783 = DIRECTION('',(0.,0.,-1.));
#4784 = DIRECTION('',(0.128038740769,0.991769167126,0.));
#4785 = CYLINDRICAL_SURFACE('',#4786,0.228);
#4786 = AXIS2_PLACEMENT_3D('',#4787,#4788,#4789);
#4787 = CARTESIAN_POINT('',(-12.65046594812,-0.835098037633,0.));
#4788 = DIRECTION('',(0.,0.,-1.));
#4789 = DIRECTION('',(0.128038740769,0.991769167126,0.));
#4790 = ADVANCED_FACE('',(#4791),#4818,.T.);
#4791 = FACE_BOUND('',#4792,.F.);
#4792 = EDGE_LOOP('',(#4793,#4794,#4803,#4811));
#4793 = ORIENTED_EDGE('',*,*,#4771,.T.);
#4794 = ORIENTED_EDGE('',*,*,#4795,.T.);
#4795 = EDGE_CURVE('',#4763,#4796,#4798,.T.);
#4796 = VERTEX_POINT('',#4797);
#4797 = CARTESIAN_POINT('',(-12.41324919474,-0.955899800865,12.));
#4798 = CIRCLE('',#4799,12.449999999996);
#4799 = AXIS2_PLACEMENT_3D('',#4800,#4801,#4802);
#4800 = CARTESIAN_POINT('',(-3.764988321109E-12,-3.472222509515E-13,12.)
  );
#4801 = DIRECTION('',(0.,0.,1.));
#4802 = DIRECTION('',(-0.997826421039,-6.589714316542E-02,0.));
#4803 = ORIENTED_EDGE('',*,*,#4804,.F.);
#4804 = EDGE_CURVE('',#4805,#4796,#4807,.T.);
#4805 = VERTEX_POINT('',#4806);
#4806 = CARTESIAN_POINT('',(-12.41324919474,-0.955899800865,0.));
#4807 = LINE('',#4808,#4809);
#4808 = CARTESIAN_POINT('',(-12.41324919474,-0.955899800865,0.));
#4809 = VECTOR('',#4810,1.);
#4810 = DIRECTION('',(0.,0.,1.));
#4811 = ORIENTED_EDGE('',*,*,#4812,.F.);
#4812 = EDGE_CURVE('',#4772,#4805,#4813,.T.);
#4813 = CIRCLE('',#4814,12.449999999996);
#4814 = AXIS2_PLACEMENT_3D('',#4815,#4816,#4817);
#4815 = CARTESIAN_POINT('',(-3.764988321109E-12,-3.472222509515E-13,0.)
  );
#4816 = DIRECTION('',(0.,0.,1.));
#4817 = DIRECTION('',(-0.997826421039,-6.589714316542E-02,0.));
#4818 = CYLINDRICAL_SURFACE('',#4819,12.449999999996);
#4819 = AXIS2_PLACEMENT_3D('',#4820,#4821,#4822);
#4820 = CARTESIAN_POINT('',(-3.764988321109E-12,-3.472222509515E-13,0.)
  );
#4821 = DIRECTION('',(-0.,-0.,-1.));
#4822 = DIRECTION('',(-0.997826421039,-6.589714316542E-02,0.));
#4823 = ADVANCED_FACE('',(#4824),#4851,.F.);
#4824 = FACE_BOUND('',#4825,.F.);
#4825 = EDGE_LOOP('',(#4826,#4827,#4836,#4844));
#4826 = ORIENTED_EDGE('',*,*,#4804,.T.);
#4827 = ORIENTED_EDGE('',*,*,#4828,.T.);
#4828 = EDGE_CURVE('',#4796,#4829,#4831,.T.);
#4829 = VERTEX_POINT('',#4830);
#4830 = CARTESIAN_POINT('',(-12.57947126592,-1.193417712582,12.));
#4831 = CIRCLE('',#4832,0.228);
#4832 = AXIS2_PLACEMENT_3D('',#4833,#4834,#4835);
#4833 = CARTESIAN_POINT('',(-12.64054929479,-0.973750977756,12.));
#4834 = DIRECTION('',(0.,0.,-1.));
#4835 = DIRECTION('',(0.996930263386,7.829463548619E-02,0.));
#4836 = ORIENTED_EDGE('',*,*,#4837,.F.);
#4837 = EDGE_CURVE('',#4838,#4829,#4840,.T.);
#4838 = VERTEX_POINT('',#4839);
#4839 = CARTESIAN_POINT('',(-12.57947126592,-1.193417712582,0.));
#4840 = LINE('',#4841,#4842);
#4841 = CARTESIAN_POINT('',(-12.57947126592,-1.193417712582,0.));
#4842 = VECTOR('',#4843,1.);
#4843 = DIRECTION('',(0.,0.,1.));
#4844 = ORIENTED_EDGE('',*,*,#4845,.F.);
#4845 = EDGE_CURVE('',#4805,#4838,#4846,.T.);
#4846 = CIRCLE('',#4847,0.228);
#4847 = AXIS2_PLACEMENT_3D('',#4848,#4849,#4850);
#4848 = CARTESIAN_POINT('',(-12.64054929479,-0.973750977756,0.));
#4849 = DIRECTION('',(0.,0.,-1.));
#4850 = DIRECTION('',(0.996930263386,7.829463548619E-02,0.));
#4851 = CYLINDRICAL_SURFACE('',#4852,0.228);
#4852 = AXIS2_PLACEMENT_3D('',#4853,#4854,#4855);
#4853 = CARTESIAN_POINT('',(-12.64054929479,-0.973750977756,0.));
#4854 = DIRECTION('',(0.,0.,-1.));
#4855 = DIRECTION('',(0.996930263386,7.829463548619E-02,0.));
#4856 = ADVANCED_FACE('',(#4857),#4886,.F.);
#4857 = FACE_BOUND('',#4858,.F.);
#4858 = EDGE_LOOP('',(#4859,#4860,#4870,#4878));
#4859 = ORIENTED_EDGE('',*,*,#4837,.T.);
#4860 = ORIENTED_EDGE('',*,*,#4861,.T.);
#4861 = EDGE_CURVE('',#4829,#4862,#4864,.T.);
#4862 = VERTEX_POINT('',#4863);
#4863 = CARTESIAN_POINT('',(-13.69037338942,-1.735889012445,12.));
#4864 = B_SPLINE_CURVE_WITH_KNOTS('',4,(#4865,#4866,#4867,#4868,#4869),
  .UNSPECIFIED.,.F.,.F.,(5,5),(0.,1.),.PIECEWISE_BEZIER_KNOTS.);
#4865 = CARTESIAN_POINT('',(-12.57947126592,-1.193417712582,12.));
#4866 = CARTESIAN_POINT('',(-12.74897810578,-1.243430468161,12.));
#4867 = CARTESIAN_POINT('',(-12.998888725,-1.335144000603,12.));
#4868 = CARTESIAN_POINT('',(-13.31949601649,-1.492594625786,12.));
#4869 = CARTESIAN_POINT('',(-13.69037338942,-1.735889012445,12.));
#4870 = ORIENTED_EDGE('',*,*,#4871,.F.);
#4871 = EDGE_CURVE('',#4872,#4862,#4874,.T.);
#4872 = VERTEX_POINT('',#4873);
#4873 = CARTESIAN_POINT('',(-13.69037338942,-1.735889012445,0.));
#4874 = LINE('',#4875,#4876);
#4875 = CARTESIAN_POINT('',(-13.69037338942,-1.735889012445,0.));
#4876 = VECTOR('',#4877,1.);
#4877 = DIRECTION('',(0.,0.,1.));
#4878 = ORIENTED_EDGE('',*,*,#4879,.F.);
#4879 = EDGE_CURVE('',#4838,#4872,#4880,.T.);
#4880 = B_SPLINE_CURVE_WITH_KNOTS('',4,(#4881,#4882,#4883,#4884,#4885),
  .UNSPECIFIED.,.F.,.F.,(5,5),(0.,1.),.PIECEWISE_BEZIER_KNOTS.);
#4881 = CARTESIAN_POINT('',(-12.57947126592,-1.193417712582,0.));
#4882 = CARTESIAN_POINT('',(-12.74897810578,-1.243430468161,0.));
#4883 = CARTESIAN_POINT('',(-12.998888725,-1.335144000603,0.));
#4884 = CARTESIAN_POINT('',(-13.31949601649,-1.492594625786,0.));
#4885 = CARTESIAN_POINT('',(-13.69037338942,-1.735889012445,0.));
#4886 = SURFACE_OF_LINEAR_EXTRUSION('',#4887,#4893);
#4887 = B_SPLINE_CURVE_WITH_KNOTS('',4,(#4888,#4889,#4890,#4891,#4892),
  .UNSPECIFIED.,.F.,.F.,(5,5),(0.,1.),.PIECEWISE_BEZIER_KNOTS.);
#4888 = CARTESIAN_POINT('',(-12.57947126592,-1.193417712582,0.));
#4889 = CARTESIAN_POINT('',(-12.74897810578,-1.243430468161,0.));
#4890 = CARTESIAN_POINT('',(-12.998888725,-1.335144000603,0.));
#4891 = CARTESIAN_POINT('',(-13.31949601649,-1.492594625786,0.));
#4892 = CARTESIAN_POINT('',(-13.69037338942,-1.735889012445,0.));
#4893 = VECTOR('',#4894,1.);
#4894 = DIRECTION('',(-0.,-0.,-1.));
#4895 = ADVANCED_FACE('',(#4896),#4923,.T.);
#4896 = FACE_BOUND('',#4897,.F.);
#4897 = EDGE_LOOP('',(#4898,#4899,#4908,#4916));
#4898 = ORIENTED_EDGE('',*,*,#4871,.T.);
#4899 = ORIENTED_EDGE('',*,*,#4900,.T.);
#4900 = EDGE_CURVE('',#4862,#4901,#4903,.T.);
#4901 = VERTEX_POINT('',#4902);
#4902 = CARTESIAN_POINT('',(-13.62487799266,-2.191506259387,12.));
#4903 = CIRCLE('',#4904,13.799999999976);
#4904 = AXIS2_PLACEMENT_3D('',#4905,#4906,#4907);
#4905 = CARTESIAN_POINT('',(6.310311610846E-05,-3.923564187911E-04,12.)
  );
#4906 = DIRECTION('',(0.,0.,1.));
#4907 = DIRECTION('',(-0.992060615403,-0.125760627248,0.));
#4908 = ORIENTED_EDGE('',*,*,#4909,.F.);
#4909 = EDGE_CURVE('',#4910,#4901,#4912,.T.);
#4910 = VERTEX_POINT('',#4911);
#4911 = CARTESIAN_POINT('',(-13.62487799266,-2.191506259387,0.));
#4912 = LINE('',#4913,#4914);
#4913 = CARTESIAN_POINT('',(-13.62487799266,-2.191506259387,0.));
#4914 = VECTOR('',#4915,1.);
#4915 = DIRECTION('',(0.,0.,1.));
#4916 = ORIENTED_EDGE('',*,*,#4917,.F.);
#4917 = EDGE_CURVE('',#4872,#4910,#4918,.T.);
#4918 = CIRCLE('',#4919,13.799999999976);
#4919 = AXIS2_PLACEMENT_3D('',#4920,#4921,#4922);
#4920 = CARTESIAN_POINT('',(6.310311610846E-05,-3.923564187911E-04,0.));
#4921 = DIRECTION('',(0.,0.,1.));
#4922 = DIRECTION('',(-0.992060615403,-0.125760627248,0.));
#4923 = CYLINDRICAL_SURFACE('',#4924,13.799999999976);
#4924 = AXIS2_PLACEMENT_3D('',#4925,#4926,#4927);
#4925 = CARTESIAN_POINT('',(6.310311610846E-05,-3.923564187911E-04,0.));
#4926 = DIRECTION('',(-0.,-0.,-1.));
#4927 = DIRECTION('',(-0.992060615403,-0.125760627248,0.));
#4928 = ADVANCED_FACE('',(#4929),#4958,.F.);
#4929 = FACE_BOUND('',#4930,.F.);
#4930 = EDGE_LOOP('',(#4931,#4932,#4942,#4950));
#4931 = ORIENTED_EDGE('',*,*,#4909,.T.);
#4932 = ORIENTED_EDGE('',*,*,#4933,.T.);
#4933 = EDGE_CURVE('',#4901,#4934,#4936,.T.);
#4934 = VERTEX_POINT('',#4935);
#4935 = CARTESIAN_POINT('',(-12.40614062196,-2.398970625679,12.));
#4936 = B_SPLINE_CURVE_WITH_KNOTS('',4,(#4937,#4938,#4939,#4940,#4941),
  .UNSPECIFIED.,.F.,.F.,(5,5),(0.,1.),.PIECEWISE_BEZIER_KNOTS.);
#4937 = CARTESIAN_POINT('',(-13.62487799266,-2.191506259387,12.));
#4938 = CARTESIAN_POINT('',(-13.20047534016,-2.32040161267,12.));
#4939 = CARTESIAN_POINT('',(-12.84849592947,-2.38114886925,12.));
#4940 = CARTESIAN_POINT('',(-12.58286975831,-2.39873940148,12.));
#4941 = CARTESIAN_POINT('',(-12.40614062196,-2.398970625679,12.));
#4942 = ORIENTED_EDGE('',*,*,#4943,.F.);
#4943 = EDGE_CURVE('',#4944,#4934,#4946,.T.);
#4944 = VERTEX_POINT('',#4945);
#4945 = CARTESIAN_POINT('',(-12.40614062196,-2.398970625679,0.));
#4946 = LINE('',#4947,#4948);
#4947 = CARTESIAN_POINT('',(-12.40614062196,-2.398970625679,0.));
#4948 = VECTOR('',#4949,1.);
#4949 = DIRECTION('',(0.,0.,1.));
#4950 = ORIENTED_EDGE('',*,*,#4951,.F.);
#4951 = EDGE_CURVE('',#4910,#4944,#4952,.T.);
#4952 = B_SPLINE_CURVE_WITH_KNOTS('',4,(#4953,#4954,#4955,#4956,#4957),
  .UNSPECIFIED.,.F.,.F.,(5,5),(0.,1.),.PIECEWISE_BEZIER_KNOTS.);
#4953 = CARTESIAN_POINT('',(-13.62487799266,-2.191506259387,0.));
#4954 = CARTESIAN_POINT('',(-13.20047534016,-2.32040161267,0.));
#4955 = CARTESIAN_POINT('',(-12.84849592947,-2.38114886925,0.));
#4956 = CARTESIAN_POINT('',(-12.58286975831,-2.39873940148,0.));
#4957 = CARTESIAN_POINT('',(-12.40614062196,-2.398970625679,0.));
#4958 = SURFACE_OF_LINEAR_EXTRUSION('',#4959,#4965);
#4959 = B_SPLINE_CURVE_WITH_KNOTS('',4,(#4960,#4961,#4962,#4963,#4964),
  .UNSPECIFIED.,.F.,.F.,(5,5),(0.,1.),.PIECEWISE_BEZIER_KNOTS.);
#4960 = CARTESIAN_POINT('',(-13.62487799266,-2.191506259387,0.));
#4961 = CARTESIAN_POINT('',(-13.20047534016,-2.32040161267,0.));
#4962 = CARTESIAN_POINT('',(-12.84849592947,-2.38114886925,0.));
#4963 = CARTESIAN_POINT('',(-12.58286975831,-2.39873940148,0.));
#4964 = CARTESIAN_POINT('',(-12.40614062196,-2.398970625679,0.));
#4965 = VECTOR('',#4966,1.);
#4966 = DIRECTION('',(-0.,-0.,-1.));
#4967 = ADVANCED_FACE('',(#4968),#4995,.F.);
#4968 = FACE_BOUND('',#4969,.F.);
#4969 = EDGE_LOOP('',(#4970,#4971,#4980,#4988));
#4970 = ORIENTED_EDGE('',*,*,#4943,.T.);
#4971 = ORIENTED_EDGE('',*,*,#4972,.T.);
#4972 = EDGE_CURVE('',#4934,#4973,#4975,.T.);
#4973 = VERTEX_POINT('',#4974);
#4974 = CARTESIAN_POINT('',(-12.17973347706,-2.580037291934,12.));
#4975 = CIRCLE('',#4976,0.228);
#4976 = AXIS2_PLACEMENT_3D('',#4977,#4978,#4979);
#4977 = CARTESIAN_POINT('',(-12.40285560307,-2.626946959212,12.));
#4978 = DIRECTION('',(0.,0.,-1.));
#4979 = DIRECTION('',(-1.440797761899E-02,0.999896199703,0.));
#4980 = ORIENTED_EDGE('',*,*,#4981,.F.);
#4981 = EDGE_CURVE('',#4982,#4973,#4984,.T.);
#4982 = VERTEX_POINT('',#4983);
#4983 = CARTESIAN_POINT('',(-12.17973347706,-2.580037291934,0.));
#4984 = LINE('',#4985,#4986);
#4985 = CARTESIAN_POINT('',(-12.17973347706,-2.580037291934,0.));
#4986 = VECTOR('',#4987,1.);
#4987 = DIRECTION('',(0.,0.,1.));
#4988 = ORIENTED_EDGE('',*,*,#4989,.F.);
#4989 = EDGE_CURVE('',#4944,#4982,#4990,.T.);
#4990 = CIRCLE('',#4991,0.228);
#4991 = AXIS2_PLACEMENT_3D('',#4992,#4993,#4994);
#4992 = CARTESIAN_POINT('',(-12.40285560307,-2.626946959212,0.));
#4993 = DIRECTION('',(0.,0.,-1.));
#4994 = DIRECTION('',(-1.440797761899E-02,0.999896199703,0.));
#4995 = CYLINDRICAL_SURFACE('',#4996,0.228);
#4996 = AXIS2_PLACEMENT_3D('',#4997,#4998,#4999);
#4997 = CARTESIAN_POINT('',(-12.40285560307,-2.626946959212,0.));
#4998 = DIRECTION('',(0.,0.,-1.));
#4999 = DIRECTION('',(-1.440797761899E-02,0.999896199703,0.));
#5000 = ADVANCED_FACE('',(#5001),#5028,.T.);
#5001 = FACE_BOUND('',#5002,.F.);
#5002 = EDGE_LOOP('',(#5003,#5004,#5013,#5021));
#5003 = ORIENTED_EDGE('',*,*,#4981,.T.);
#5004 = ORIENTED_EDGE('',*,*,#5005,.T.);
#5005 = EDGE_CURVE('',#4973,#5006,#5008,.T.);
#5006 = VERTEX_POINT('',#5007);
#5007 = CARTESIAN_POINT('',(-12.15086149079,-2.712759670781,12.));
#5008 = CIRCLE('',#5009,12.450000000198);
#5009 = AXIS2_PLACEMENT_3D('',#5010,#5011,#5012);
#5010 = CARTESIAN_POINT('',(1.936912852329E-10,4.215117144213E-11,12.));
#5011 = DIRECTION('',(0.,0.,1.));
#5012 = DIRECTION('',(-0.978291845547,-0.207231910999,0.));
#5013 = ORIENTED_EDGE('',*,*,#5014,.F.);
#5014 = EDGE_CURVE('',#5015,#5006,#5017,.T.);
#5015 = VERTEX_POINT('',#5016);
#5016 = CARTESIAN_POINT('',(-12.15086149079,-2.712759670781,0.));
#5017 = LINE('',#5018,#5019);
#5018 = CARTESIAN_POINT('',(-12.15086149079,-2.712759670781,0.));
#5019 = VECTOR('',#5020,1.);
#5020 = DIRECTION('',(0.,0.,1.));
#5021 = ORIENTED_EDGE('',*,*,#5022,.F.);
#5022 = EDGE_CURVE('',#4982,#5015,#5023,.T.);
#5023 = CIRCLE('',#5024,12.450000000198);
#5024 = AXIS2_PLACEMENT_3D('',#5025,#5026,#5027);
#5025 = CARTESIAN_POINT('',(1.936912852329E-10,4.215117144213E-11,0.));
#5026 = DIRECTION('',(0.,0.,1.));
#5027 = DIRECTION('',(-0.978291845547,-0.207231910999,0.));
#5028 = CYLINDRICAL_SURFACE('',#5029,12.450000000198);
#5029 = AXIS2_PLACEMENT_3D('',#5030,#5031,#5032);
#5030 = CARTESIAN_POINT('',(1.936912852329E-10,4.215117144213E-11,0.));
#5031 = DIRECTION('',(-0.,-0.,-1.));
#5032 = DIRECTION('',(-0.978291845547,-0.207231910999,0.));
#5033 = ADVANCED_FACE('',(#5034),#5061,.F.);
#5034 = FACE_BOUND('',#5035,.F.);
#5035 = EDGE_LOOP('',(#5036,#5037,#5046,#5054));
#5036 = ORIENTED_EDGE('',*,*,#5014,.T.);
#5037 = ORIENTED_EDGE('',*,*,#5038,.T.);
#5038 = EDGE_CURVE('',#5006,#5039,#5041,.T.);
#5039 = VERTEX_POINT('',#5040);
#5040 = CARTESIAN_POINT('',(-12.28158933777,-2.971515859808,12.));
#5041 = CIRCLE('',#5042,0.228);
#5042 = AXIS2_PLACEMENT_3D('',#5043,#5044,#5045);
#5043 = CARTESIAN_POINT('',(-12.37330751622,-2.762777325409,12.));
#5044 = DIRECTION('',(0.,0.,-1.));
#5045 = DIRECTION('',(0.975640462372,0.219375678192,0.));
#5046 = ORIENTED_EDGE('',*,*,#5047,.F.);
#5047 = EDGE_CURVE('',#5048,#5039,#5050,.T.);
#5048 = VERTEX_POINT('',#5049);
#5049 = CARTESIAN_POINT('',(-12.28158933777,-2.971515859808,0.));
#5050 = LINE('',#5051,#5052);
#5051 = CARTESIAN_POINT('',(-12.28158933777,-2.971515859808,0.));
#5052 = VECTOR('',#5053,1.);
#5053 = DIRECTION('',(0.,0.,1.));
#5054 = ORIENTED_EDGE('',*,*,#5055,.F.);
#5055 = EDGE_CURVE('',#5015,#5048,#5056,.T.);
#5056 = CIRCLE('',#5057,0.228);
#5057 = AXIS2_PLACEMENT_3D('',#5058,#5059,#5060);
#5058 = CARTESIAN_POINT('',(-12.37330751622,-2.762777325409,0.));
#5059 = DIRECTION('',(0.,0.,-1.));
#5060 = DIRECTION('',(0.975640462372,0.219375678192,0.));
#5061 = CYLINDRICAL_SURFACE('',#5062,0.228);
#5062 = AXIS2_PLACEMENT_3D('',#5063,#5064,#5065);
#5063 = CARTESIAN_POINT('',(-12.37330751622,-2.762777325409,0.));
#5064 = DIRECTION('',(0.,0.,-1.));
#5065 = DIRECTION('',(0.975640462372,0.219375678192,0.));
#5066 = ADVANCED_FACE('',(#5067),#5096,.F.);
#5067 = FACE_BOUND('',#5068,.F.);
#5068 = EDGE_LOOP('',(#5069,#5070,#5080,#5088));
#5069 = ORIENTED_EDGE('',*,*,#5047,.T.);
#5070 = ORIENTED_EDGE('',*,*,#5071,.T.);
#5071 = EDGE_CURVE('',#5039,#5072,#5074,.T.);
#5072 = VERTEX_POINT('',#5073);
#5073 = CARTESIAN_POINT('',(-13.30398236414,-3.66656344006,12.));
#5074 = B_SPLINE_CURVE_WITH_KNOTS('',4,(#5075,#5076,#5077,#5078,#5079),
  .UNSPECIFIED.,.F.,.F.,(5,5),(0.,1.),.PIECEWISE_BEZIER_KNOTS.);
#5075 = CARTESIAN_POINT('',(-12.28158933777,-2.971515859808,12.));
#5076 = CARTESIAN_POINT('',(-12.44225328519,-3.045142896149,12.));
#5077 = CARTESIAN_POINT('',(-12.67656797811,-3.171488906426,12.));
#5078 = CARTESIAN_POINT('',(-12.97150438939,-3.372964086109,12.));
#5079 = CARTESIAN_POINT('',(-13.30398236414,-3.66656344006,12.));
#5080 = ORIENTED_EDGE('',*,*,#5081,.F.);
#5081 = EDGE_CURVE('',#5082,#5072,#5084,.T.);
#5082 = VERTEX_POINT('',#5083);
#5083 = CARTESIAN_POINT('',(-13.30398236414,-3.66656344006,0.));
#5084 = LINE('',#5085,#5086);
#5085 = CARTESIAN_POINT('',(-13.30398236414,-3.66656344006,0.));
#5086 = VECTOR('',#5087,1.);
#5087 = DIRECTION('',(0.,0.,1.));
#5088 = ORIENTED_EDGE('',*,*,#5089,.F.);
#5089 = EDGE_CURVE('',#5048,#5082,#5090,.T.);
#5090 = B_SPLINE_CURVE_WITH_KNOTS('',4,(#5091,#5092,#5093,#5094,#5095),
  .UNSPECIFIED.,.F.,.F.,(5,5),(0.,1.),.PIECEWISE_BEZIER_KNOTS.);
#5091 = CARTESIAN_POINT('',(-12.28158933777,-2.971515859808,0.));
#5092 = CARTESIAN_POINT('',(-12.44225328519,-3.045142896149,0.));
#5093 = CARTESIAN_POINT('',(-12.67656797811,-3.171488906426,0.));
#5094 = CARTESIAN_POINT('',(-12.97150438939,-3.372964086109,0.));
#5095 = CARTESIAN_POINT('',(-13.30398236414,-3.66656344006,0.));
#5096 = SURFACE_OF_LINEAR_EXTRUSION('',#5097,#5103);
#5097 = B_SPLINE_CURVE_WITH_KNOTS('',4,(#5098,#5099,#5100,#5101,#5102),
  .UNSPECIFIED.,.F.,.F.,(5,5),(0.,1.),.PIECEWISE_BEZIER_KNOTS.);
#5098 = CARTESIAN_POINT('',(-12.28158933777,-2.971515859808,0.));
#5099 = CARTESIAN_POINT('',(-12.44225328519,-3.045142896149,0.));
#5100 = CARTESIAN_POINT('',(-12.67656797811,-3.171488906426,0.));
#5101 = CARTESIAN_POINT('',(-12.97150438939,-3.372964086109,0.));
#5102 = CARTESIAN_POINT('',(-13.30398236414,-3.66656344006,0.));
#5103 = VECTOR('',#5104,1.);
#5104 = DIRECTION('',(-0.,-0.,-1.));
#5105 = ADVANCED_FACE('',(#5106),#5133,.T.);
#5106 = FACE_BOUND('',#5107,.F.);
#5107 = EDGE_LOOP('',(#5108,#5109,#5118,#5126));
#5108 = ORIENTED_EDGE('',*,*,#5081,.T.);
#5109 = ORIENTED_EDGE('',*,*,#5110,.T.);
#5110 = EDGE_CURVE('',#5072,#5111,#5113,.T.);
#5111 = VERTEX_POINT('',#5112);
#5112 = CARTESIAN_POINT('',(-13.17431252127,-4.108222193577,12.));
#5113 = CIRCLE('',#5114,13.799999999984);
#5114 = AXIS2_PLACEMENT_3D('',#5115,#5116,#5117);
#5115 = CARTESIAN_POINT('',(1.182989652655E-04,-3.793822841336E-04,12.)
  );
#5116 = DIRECTION('',(0.,0.,1.));
#5117 = DIRECTION('',(-0.964065265444,-0.265665511433,0.));
#5118 = ORIENTED_EDGE('',*,*,#5119,.F.);
#5119 = EDGE_CURVE('',#5120,#5111,#5122,.T.);
#5120 = VERTEX_POINT('',#5121);
#5121 = CARTESIAN_POINT('',(-13.17431252127,-4.108222193577,0.));
#5122 = LINE('',#5123,#5124);
#5123 = CARTESIAN_POINT('',(-13.17431252127,-4.108222193577,0.));
#5124 = VECTOR('',#5125,1.);
#5125 = DIRECTION('',(0.,0.,1.));
#5126 = ORIENTED_EDGE('',*,*,#5127,.F.);
#5127 = EDGE_CURVE('',#5082,#5120,#5128,.T.);
#5128 = CIRCLE('',#5129,13.799999999984);
#5129 = AXIS2_PLACEMENT_3D('',#5130,#5131,#5132);
#5130 = CARTESIAN_POINT('',(1.182989652655E-04,-3.793822841336E-04,0.));
#5131 = DIRECTION('',(0.,0.,1.));
#5132 = DIRECTION('',(-0.964065265444,-0.265665511433,0.));
#5133 = CYLINDRICAL_SURFACE('',#5134,13.799999999984);
#5134 = AXIS2_PLACEMENT_3D('',#5135,#5136,#5137);
#5135 = CARTESIAN_POINT('',(1.182989652655E-04,-3.793822841336E-04,0.));
#5136 = DIRECTION('',(-0.,-0.,-1.));
#5137 = DIRECTION('',(-0.964065265444,-0.265665511433,0.));
#5138 = ADVANCED_FACE('',(#5139),#5168,.F.);
#5139 = FACE_BOUND('',#5140,.F.);
#5140 = EDGE_LOOP('',(#5141,#5142,#5152,#5160));
#5141 = ORIENTED_EDGE('',*,*,#5119,.T.);
#5142 = ORIENTED_EDGE('',*,*,#5143,.T.);
#5143 = EDGE_CURVE('',#5111,#5144,#5146,.T.);
#5144 = VERTEX_POINT('',#5145);
#5145 = CARTESIAN_POINT('',(-11.93845488199,-4.140130459951,12.));
#5146 = B_SPLINE_CURVE_WITH_KNOTS('',4,(#5147,#5148,#5149,#5150,#5151),
  .UNSPECIFIED.,.F.,.F.,(5,5),(0.,1.),.PIECEWISE_BEZIER_KNOTS.);
#5147 = CARTESIAN_POINT('',(-13.17431252127,-4.108222193577,12.));
#5148 = CARTESIAN_POINT('',(-12.73588595448,-4.175406783162,12.));
#5149 = CARTESIAN_POINT('',(-12.37884395068,-4.185443827352,12.));
#5150 = CARTESIAN_POINT('',(-12.11341807719,-4.165052767739,12.));
#5151 = CARTESIAN_POINT('',(-11.93845488199,-4.140130459951,12.));
#5152 = ORIENTED_EDGE('',*,*,#5153,.F.);
#5153 = EDGE_CURVE('',#5154,#5144,#5156,.T.);
#5154 = VERTEX_POINT('',#5155);
#5155 = CARTESIAN_POINT('',(-11.93845488199,-4.140130459951,0.));
#5156 = LINE('',#5157,#5158);
#5157 = CARTESIAN_POINT('',(-11.93845488199,-4.140130459951,0.));
#5158 = VECTOR('',#5159,1.);
#5159 = DIRECTION('',(0.,0.,1.));
#5160 = ORIENTED_EDGE('',*,*,#5161,.F.);
#5161 = EDGE_CURVE('',#5120,#5154,#5162,.T.);
#5162 = B_SPLINE_CURVE_WITH_KNOTS('',4,(#5163,#5164,#5165,#5166,#5167),
  .UNSPECIFIED.,.F.,.F.,(5,5),(0.,1.),.PIECEWISE_BEZIER_KNOTS.);
#5163 = CARTESIAN_POINT('',(-13.17431252127,-4.108222193577,0.));
#5164 = CARTESIAN_POINT('',(-12.73588595448,-4.175406783162,0.));
#5165 = CARTESIAN_POINT('',(-12.37884395068,-4.185443827352,0.));
#5166 = CARTESIAN_POINT('',(-12.11341807719,-4.165052767739,0.));
#5167 = CARTESIAN_POINT('',(-11.93845488199,-4.140130459951,0.));
#5168 = SURFACE_OF_LINEAR_EXTRUSION('',#5169,#5175);
#5169 = B_SPLINE_CURVE_WITH_KNOTS('',4,(#5170,#5171,#5172,#5173,#5174),
  .UNSPECIFIED.,.F.,.F.,(5,5),(0.,1.),.PIECEWISE_BEZIER_KNOTS.);
#5170 = CARTESIAN_POINT('',(-13.17431252127,-4.108222193577,0.));
#5171 = CARTESIAN_POINT('',(-12.73588595448,-4.175406783162,0.));
#5172 = CARTESIAN_POINT('',(-12.37884395068,-4.185443827352,0.));
#5173 = CARTESIAN_POINT('',(-12.11341807719,-4.165052767739,0.));
#5174 = CARTESIAN_POINT('',(-11.93845488199,-4.140130459951,0.));
#5175 = VECTOR('',#5176,1.);
#5176 = DIRECTION('',(-0.,-0.,-1.));
#5177 = ADVANCED_FACE('',(#5178),#5205,.F.);
#5178 = FACE_BOUND('',#5179,.F.);
#5179 = EDGE_LOOP('',(#5180,#5181,#5190,#5198));
#5180 = ORIENTED_EDGE('',*,*,#5153,.T.);
#5181 = ORIENTED_EDGE('',*,*,#5182,.T.);
#5182 = EDGE_CURVE('',#5144,#5183,#5185,.T.);
#5183 = VERTEX_POINT('',#5184);
#5184 = CARTESIAN_POINT('',(-11.68858376204,-4.287133032409,12.));
#5185 = CIRCLE('',#5186,0.228);
#5186 = AXIS2_PLACEMENT_3D('',#5187,#5188,#5189);
#5187 = CARTESIAN_POINT('',(-11.90275888482,-4.36531881619,12.));
#5188 = DIRECTION('',(0.,0.,-1.));
#5189 = DIRECTION('',(-0.156561391132,0.987668229117,0.));
#5190 = ORIENTED_EDGE('',*,*,#5191,.F.);
#5191 = EDGE_CURVE('',#5192,#5183,#5194,.T.);
#5192 = VERTEX_POINT('',#5193);
#5193 = CARTESIAN_POINT('',(-11.68858376204,-4.287133032409,0.));
#5194 = LINE('',#5195,#5196);
#5195 = CARTESIAN_POINT('',(-11.68858376204,-4.287133032409,0.));
#5196 = VECTOR('',#5197,1.);
#5197 = DIRECTION('',(0.,0.,1.));
#5198 = ORIENTED_EDGE('',*,*,#5199,.F.);
#5199 = EDGE_CURVE('',#5154,#5192,#5200,.T.);
#5200 = CIRCLE('',#5201,0.228);
#5201 = AXIS2_PLACEMENT_3D('',#5202,#5203,#5204);
#5202 = CARTESIAN_POINT('',(-11.90275888482,-4.36531881619,0.));
#5203 = DIRECTION('',(0.,0.,-1.));
#5204 = DIRECTION('',(-0.156561391132,0.987668229117,0.));
#5205 = CYLINDRICAL_SURFACE('',#5206,0.228);
#5206 = AXIS2_PLACEMENT_3D('',#5207,#5208,#5209);
#5207 = CARTESIAN_POINT('',(-11.90275888482,-4.36531881619,0.));
#5208 = DIRECTION('',(0.,0.,-1.));
#5209 = DIRECTION('',(-0.156561391132,0.987668229117,0.));
#5210 = ADVANCED_FACE('',(#5211),#5238,.T.);
#5211 = FACE_BOUND('',#5212,.F.);
#5212 = EDGE_LOOP('',(#5213,#5214,#5223,#5231));
#5213 = ORIENTED_EDGE('',*,*,#5191,.T.);
#5214 = ORIENTED_EDGE('',*,*,#5215,.T.);
#5215 = EDGE_CURVE('',#5183,#5216,#5218,.T.);
#5216 = VERTEX_POINT('',#5217);
#5217 = CARTESIAN_POINT('',(-11.64111728709,-4.414395576753,12.));
#5218 = CIRCLE('',#5219,12.450000000259);
#5219 = AXIS2_PLACEMENT_3D('',#5220,#5221,#5222);
#5220 = CARTESIAN_POINT('',(2.426281398016E-10,9.031886349931E-11,12.));
#5221 = DIRECTION('',(0.,0.,1.));
#5222 = DIRECTION('',(-0.938842069241,-0.344348034732,0.));
#5223 = ORIENTED_EDGE('',*,*,#5224,.F.);
#5224 = EDGE_CURVE('',#5225,#5216,#5227,.T.);
#5225 = VERTEX_POINT('',#5226);
#5226 = CARTESIAN_POINT('',(-11.64111728709,-4.414395576753,0.));
#5227 = LINE('',#5228,#5229);
#5228 = CARTESIAN_POINT('',(-11.64111728709,-4.414395576753,0.));
#5229 = VECTOR('',#5230,1.);
#5230 = DIRECTION('',(0.,0.,1.));
#5231 = ORIENTED_EDGE('',*,*,#5232,.F.);
#5232 = EDGE_CURVE('',#5192,#5225,#5233,.T.);
#5233 = CIRCLE('',#5234,12.450000000259);
#5234 = AXIS2_PLACEMENT_3D('',#5235,#5236,#5237);
#5235 = CARTESIAN_POINT('',(2.426281398016E-10,9.031886349931E-11,0.));
#5236 = DIRECTION('',(0.,0.,1.));
#5237 = DIRECTION('',(-0.938842069241,-0.344348034732,0.));
#5238 = CYLINDRICAL_SURFACE('',#5239,12.450000000259);
#5239 = AXIS2_PLACEMENT_3D('',#5240,#5241,#5242);
#5240 = CARTESIAN_POINT('',(2.426281398016E-10,9.031886349931E-11,0.));
#5241 = DIRECTION('',(-0.,-0.,-1.));
#5242 = DIRECTION('',(-0.938842069241,-0.344348034732,0.));
#5243 = ADVANCED_FACE('',(#5244),#5271,.F.);
#5244 = FACE_BOUND('',#5245,.F.);
#5245 = EDGE_LOOP('',(#5246,#5247,#5256,#5264));
#5246 = ORIENTED_EDGE('',*,*,#5224,.T.);
#5247 = ORIENTED_EDGE('',*,*,#5248,.T.);
#5248 = EDGE_CURVE('',#5216,#5249,#5251,.T.);
#5249 = VERTEX_POINT('',#5250);
#5250 = CARTESIAN_POINT('',(-11.73368966789,-4.689122513271,12.));
#5251 = CIRCLE('',#5252,0.228);
#5252 = AXIS2_PLACEMENT_3D('',#5253,#5254,#5255);
#5253 = CARTESIAN_POINT('',(-11.85418087829,-4.495561493909,12.));
#5254 = DIRECTION('',(0.,0.,-1.));
#5255 = DIRECTION('',(0.93448943506,0.355990864717,0.));
#5256 = ORIENTED_EDGE('',*,*,#5257,.F.);
#5257 = EDGE_CURVE('',#5258,#5249,#5260,.T.);
#5258 = VERTEX_POINT('',#5259);
#5259 = CARTESIAN_POINT('',(-11.73368966789,-4.689122513271,0.));
#5260 = LINE('',#5261,#5262);
#5261 = CARTESIAN_POINT('',(-11.73368966789,-4.689122513271,0.));
#5262 = VECTOR('',#5263,1.);
#5263 = DIRECTION('',(0.,0.,1.));
#5264 = ORIENTED_EDGE('',*,*,#5265,.F.);
#5265 = EDGE_CURVE('',#5225,#5258,#5266,.T.);
#5266 = CIRCLE('',#5267,0.228);
#5267 = AXIS2_PLACEMENT_3D('',#5268,#5269,#5270);
#5268 = CARTESIAN_POINT('',(-11.85418087829,-4.495561493909,0.));
#5269 = DIRECTION('',(0.,0.,-1.));
#5270 = DIRECTION('',(0.93448943506,0.355990864717,0.));
#5271 = CYLINDRICAL_SURFACE('',#5272,0.228);
#5272 = AXIS2_PLACEMENT_3D('',#5273,#5274,#5275);
#5273 = CARTESIAN_POINT('',(-11.85418087829,-4.495561493909,0.));
#5274 = DIRECTION('',(0.,0.,-1.));
#5275 = DIRECTION('',(0.93448943506,0.355990864717,0.));
#5276 = ADVANCED_FACE('',(#5277),#5306,.F.);
#5277 = FACE_BOUND('',#5278,.F.);
#5278 = EDGE_LOOP('',(#5279,#5280,#5290,#5298));
#5279 = ORIENTED_EDGE('',*,*,#5257,.T.);
#5280 = ORIENTED_EDGE('',*,*,#5281,.T.);
#5281 = EDGE_CURVE('',#5249,#5282,#5284,.T.);
#5282 = VERTEX_POINT('',#5283);
#5283 = CARTESIAN_POINT('',(-12.64676062344,-5.522597209532,12.));
#5284 = B_SPLINE_CURVE_WITH_KNOTS('',4,(#5285,#5286,#5287,#5288,#5289),
  .UNSPECIFIED.,.F.,.F.,(5,5),(0.,1.),.PIECEWISE_BEZIER_KNOTS.);
#5285 = CARTESIAN_POINT('',(-11.73368966789,-4.689122513271,12.));
#5286 = CARTESIAN_POINT('',(-11.88224006821,-4.784864996238,12.));
#5287 = CARTESIAN_POINT('',(-12.09618886339,-4.943271443934,12.));
#5288 = CARTESIAN_POINT('',(-12.35945033966,-5.184669724463,12.));
#5289 = CARTESIAN_POINT('',(-12.64676062344,-5.522597209532,12.));
#5290 = ORIENTED_EDGE('',*,*,#5291,.F.);
#5291 = EDGE_CURVE('',#5292,#5282,#5294,.T.);
#5292 = VERTEX_POINT('',#5293);
#5293 = CARTESIAN_POINT('',(-12.64676062344,-5.522597209532,0.));
#5294 = LINE('',#5295,#5296);
#5295 = CARTESIAN_POINT('',(-12.64676062344,-5.522597209532,0.));
#5296 = VECTOR('',#5297,1.);
#5297 = DIRECTION('',(0.,0.,1.));
#5298 = ORIENTED_EDGE('',*,*,#5299,.F.);
#5299 = EDGE_CURVE('',#5258,#5292,#5300,.T.);
#5300 = B_SPLINE_CURVE_WITH_KNOTS('',4,(#5301,#5302,#5303,#5304,#5305),
  .UNSPECIFIED.,.F.,.F.,(5,5),(0.,1.),.PIECEWISE_BEZIER_KNOTS.);
#5301 = CARTESIAN_POINT('',(-11.73368966789,-4.689122513271,0.));
#5302 = CARTESIAN_POINT('',(-11.88224006821,-4.784864996238,0.));
#5303 = CARTESIAN_POINT('',(-12.09618886339,-4.943271443934,0.));
#5304 = CARTESIAN_POINT('',(-12.35945033966,-5.184669724463,0.));
#5305 = CARTESIAN_POINT('',(-12.64676062344,-5.522597209532,0.));
#5306 = SURFACE_OF_LINEAR_EXTRUSION('',#5307,#5313);
#5307 = B_SPLINE_CURVE_WITH_KNOTS('',4,(#5308,#5309,#5310,#5311,#5312),
  .UNSPECIFIED.,.F.,.F.,(5,5),(0.,1.),.PIECEWISE_BEZIER_KNOTS.);
#5308 = CARTESIAN_POINT('',(-11.73368966789,-4.689122513271,0.));
#5309 = CARTESIAN_POINT('',(-11.88224006821,-4.784864996238,0.));
#5310 = CARTESIAN_POINT('',(-12.09618886339,-4.943271443934,0.));
#5311 = CARTESIAN_POINT('',(-12.35945033966,-5.184669724463,0.));
#5312 = CARTESIAN_POINT('',(-12.64676062344,-5.522597209532,0.));
#5313 = VECTOR('',#5314,1.);
#5314 = DIRECTION('',(-0.,-0.,-1.));
#5315 = ADVANCED_FACE('',(#5316),#5343,.T.);
#5316 = FACE_BOUND('',#5317,.F.);
#5317 = EDGE_LOOP('',(#5318,#5319,#5328,#5336));
#5318 = ORIENTED_EDGE('',*,*,#5291,.T.);
#5319 = ORIENTED_EDGE('',*,*,#5320,.T.);
#5320 = EDGE_CURVE('',#5282,#5321,#5323,.T.);
#5321 = VERTEX_POINT('',#5322);
#5322 = CARTESIAN_POINT('',(-12.45555603852,-5.94130657104,12.));
#5323 = CIRCLE('',#5324,13.799999999987);
#5324 = AXIS2_PLACEMENT_3D('',#5325,#5326,#5327);
#5325 = CARTESIAN_POINT('',(1.710865829923E-04,-3.586850204105E-04,12.)
  );
#5326 = DIRECTION('',(0.,0.,1.));
#5327 = DIRECTION('',(-0.916444326814,-0.400162211921,0.));
#5328 = ORIENTED_EDGE('',*,*,#5329,.F.);
#5329 = EDGE_CURVE('',#5330,#5321,#5332,.T.);
#5330 = VERTEX_POINT('',#5331);
#5331 = CARTESIAN_POINT('',(-12.45555603852,-5.94130657104,0.));
#5332 = LINE('',#5333,#5334);
#5333 = CARTESIAN_POINT('',(-12.45555603852,-5.94130657104,0.));
#5334 = VECTOR('',#5335,1.);
#5335 = DIRECTION('',(0.,0.,1.));
#5336 = ORIENTED_EDGE('',*,*,#5337,.F.);
#5337 = EDGE_CURVE('',#5292,#5330,#5338,.T.);
#5338 = CIRCLE('',#5339,13.799999999987);
#5339 = AXIS2_PLACEMENT_3D('',#5340,#5341,#5342);
#5340 = CARTESIAN_POINT('',(1.710865829923E-04,-3.586850204105E-04,0.));
#5341 = DIRECTION('',(0.,0.,1.));
#5342 = DIRECTION('',(-0.916444326814,-0.400162211921,0.));
#5343 = CYLINDRICAL_SURFACE('',#5344,13.799999999987);
#5344 = AXIS2_PLACEMENT_3D('',#5345,#5346,#5347);
#5345 = CARTESIAN_POINT('',(1.710865829923E-04,-3.586850204105E-04,0.));
#5346 = DIRECTION('',(-0.,-0.,-1.));
#5347 = DIRECTION('',(-0.916444326814,-0.400162211921,0.));
#5348 = ADVANCED_FACE('',(#5349),#5378,.F.);
#5349 = FACE_BOUND('',#5350,.F.);
#5350 = EDGE_LOOP('',(#5351,#5352,#5362,#5370));
#5351 = ORIENTED_EDGE('',*,*,#5329,.T.);
#5352 = ORIENTED_EDGE('',*,*,#5353,.T.);
#5353 = EDGE_CURVE('',#5321,#5354,#5356,.T.);
#5354 = VERTEX_POINT('',#5355);
#5355 = CARTESIAN_POINT('',(-11.22773662829,-5.797009177209,12.));
#5356 = B_SPLINE_CURVE_WITH_KNOTS('',4,(#5357,#5358,#5359,#5360,#5361),
  .UNSPECIFIED.,.F.,.F.,(5,5),(0.,1.),.PIECEWISE_BEZIER_KNOTS.);
#5357 = CARTESIAN_POINT('',(-12.45555603852,-5.94130657104,12.));
#5358 = CARTESIAN_POINT('',(-12.01203065802,-5.945412712428,12.));
#5359 = CARTESIAN_POINT('',(-11.65719440669,-5.904535218953,12.));
#5360 = CARTESIAN_POINT('',(-11.39737213623,-5.846577670666,12.));
#5361 = CARTESIAN_POINT('',(-11.22773662829,-5.797009177209,12.));
#5362 = ORIENTED_EDGE('',*,*,#5363,.F.);
#5363 = EDGE_CURVE('',#5364,#5354,#5366,.T.);
#5364 = VERTEX_POINT('',#5365);
#5365 = CARTESIAN_POINT('',(-11.22773662829,-5.797009177209,0.));
#5366 = LINE('',#5367,#5368);
#5367 = CARTESIAN_POINT('',(-11.22773662829,-5.797009177209,0.));
#5368 = VECTOR('',#5369,1.);
#5369 = DIRECTION('',(0.,0.,1.));
#5370 = ORIENTED_EDGE('',*,*,#5371,.F.);
#5371 = EDGE_CURVE('',#5330,#5364,#5372,.T.);
#5372 = B_SPLINE_CURVE_WITH_KNOTS('',4,(#5373,#5374,#5375,#5376,#5377),
  .UNSPECIFIED.,.F.,.F.,(5,5),(0.,1.),.PIECEWISE_BEZIER_KNOTS.);
#5373 = CARTESIAN_POINT('',(-12.45555603852,-5.94130657104,0.));
#5374 = CARTESIAN_POINT('',(-12.01203065802,-5.945412712428,0.));
#5375 = CARTESIAN_POINT('',(-11.65719440669,-5.904535218953,0.));
#5376 = CARTESIAN_POINT('',(-11.39737213623,-5.846577670666,0.));
#5377 = CARTESIAN_POINT('',(-11.22773662829,-5.797009177209,0.));
#5378 = SURFACE_OF_LINEAR_EXTRUSION('',#5379,#5385);
#5379 = B_SPLINE_CURVE_WITH_KNOTS('',4,(#5380,#5381,#5382,#5383,#5384),
  .UNSPECIFIED.,.F.,.F.,(5,5),(0.,1.),.PIECEWISE_BEZIER_KNOTS.);
#5380 = CARTESIAN_POINT('',(-12.45555603852,-5.94130657104,0.));
#5381 = CARTESIAN_POINT('',(-12.01203065802,-5.945412712428,0.));
#5382 = CARTESIAN_POINT('',(-11.65719440669,-5.904535218953,0.));
#5383 = CARTESIAN_POINT('',(-11.39737213623,-5.846577670666,0.));
#5384 = CARTESIAN_POINT('',(-11.22773662829,-5.797009177209,0.));
#5385 = VECTOR('',#5386,1.);
#5386 = DIRECTION('',(-0.,-0.,-1.));
#5387 = ADVANCED_FACE('',(#5388),#5415,.F.);
#5388 = FACE_BOUND('',#5389,.F.);
#5389 = EDGE_LOOP('',(#5390,#5391,#5400,#5408));
#5390 = ORIENTED_EDGE('',*,*,#5363,.T.);
#5391 = ORIENTED_EDGE('',*,*,#5392,.T.);
#5392 = EDGE_CURVE('',#5354,#5393,#5395,.T.);
#5393 = VERTEX_POINT('',#5394);
#5394 = CARTESIAN_POINT('',(-10.95948818873,-5.906955107414,12.));
#5395 = CIRCLE('',#5396,0.228);
#5396 = AXIS2_PLACEMENT_3D('',#5397,#5398,#5399);
#5397 = CARTESIAN_POINT('',(-11.16035632039,-6.01482537061,12.));
#5398 = DIRECTION('',(0.,0.,-1.));
#5399 = DIRECTION('',(-0.295527666208,0.955334181586,0.));
#5400 = ORIENTED_EDGE('',*,*,#5401,.F.);
#5401 = EDGE_CURVE('',#5402,#5393,#5404,.T.);
#5402 = VERTEX_POINT('',#5403);
#5403 = CARTESIAN_POINT('',(-10.95948818873,-5.906955107414,0.));
#5404 = LINE('',#5405,#5406);
#5405 = CARTESIAN_POINT('',(-10.95948818873,-5.906955107414,0.));
#5406 = VECTOR('',#5407,1.);
#5407 = DIRECTION('',(0.,0.,1.));
#5408 = ORIENTED_EDGE('',*,*,#5409,.F.);
#5409 = EDGE_CURVE('',#5364,#5402,#5410,.T.);
#5410 = CIRCLE('',#5411,0.228);
#5411 = AXIS2_PLACEMENT_3D('',#5412,#5413,#5414);
#5412 = CARTESIAN_POINT('',(-11.16035632039,-6.01482537061,0.));
#5413 = DIRECTION('',(0.,0.,-1.));
#5414 = DIRECTION('',(-0.295527666208,0.955334181586,0.));
#5415 = CYLINDRICAL_SURFACE('',#5416,0.228);
#5416 = AXIS2_PLACEMENT_3D('',#5417,#5418,#5419);
#5417 = CARTESIAN_POINT('',(-11.16035632039,-6.01482537061,0.));
#5418 = DIRECTION('',(0.,0.,-1.));
#5419 = DIRECTION('',(-0.295527666208,0.955334181586,0.));
#5420 = ADVANCED_FACE('',(#5421),#5448,.T.);
#5421 = FACE_BOUND('',#5422,.F.);
#5422 = EDGE_LOOP('',(#5423,#5424,#5433,#5441));
#5423 = ORIENTED_EDGE('',*,*,#5401,.T.);
#5424 = ORIENTED_EDGE('',*,*,#5425,.T.);
#5425 = EDGE_CURVE('',#5393,#5426,#5428,.T.);
#5426 = VERTEX_POINT('',#5427);
#5427 = CARTESIAN_POINT('',(-10.89439350563,-6.026167118848,12.));
#5428 = CIRCLE('',#5429,12.450000000154);
#5429 = AXIS2_PLACEMENT_3D('',#5430,#5431,#5432);
#5430 = CARTESIAN_POINT('',(1.35417010938E-10,7.381828481812E-11,12.));
#5431 = DIRECTION('',(0.,0.,1.));
#5432 = DIRECTION('',(-0.880280175802,-0.474454225495,0.));
#5433 = ORIENTED_EDGE('',*,*,#5434,.F.);
#5434 = EDGE_CURVE('',#5435,#5426,#5437,.T.);
#5435 = VERTEX_POINT('',#5436);
#5436 = CARTESIAN_POINT('',(-10.89439350563,-6.026167118848,0.));
#5437 = LINE('',#5438,#5439);
#5438 = CARTESIAN_POINT('',(-10.89439350563,-6.026167118848,0.));
#5439 = VECTOR('',#5440,1.);
#5440 = DIRECTION('',(0.,0.,1.));
#5441 = ORIENTED_EDGE('',*,*,#5442,.F.);
#5442 = EDGE_CURVE('',#5402,#5435,#5443,.T.);
#5443 = CIRCLE('',#5444,12.450000000154);
#5444 = AXIS2_PLACEMENT_3D('',#5445,#5446,#5447);
#5445 = CARTESIAN_POINT('',(1.35417010938E-10,7.381828481812E-11,0.));
#5446 = DIRECTION('',(0.,0.,1.));
#5447 = DIRECTION('',(-0.880280175802,-0.474454225495,0.));
#5448 = CYLINDRICAL_SURFACE('',#5449,12.450000000154);
#5449 = AXIS2_PLACEMENT_3D('',#5450,#5451,#5452);
#5450 = CARTESIAN_POINT('',(1.35417010938E-10,7.381828481812E-11,0.));
#5451 = DIRECTION('',(-0.,-0.,-1.));
#5452 = DIRECTION('',(-0.880280175802,-0.474454225495,0.));
#5453 = ADVANCED_FACE('',(#5454),#5481,.F.);
#5454 = FACE_BOUND('',#5455,.F.);
#5455 = EDGE_LOOP('',(#5456,#5457,#5466,#5474));
#5456 = ORIENTED_EDGE('',*,*,#5434,.T.);
#5457 = ORIENTED_EDGE('',*,*,#5458,.T.);
#5458 = EDGE_CURVE('',#5426,#5459,#5461,.T.);
#5459 = VERTEX_POINT('',#5460);
#5460 = CARTESIAN_POINT('',(-10.94692591353,-6.311272154678,12.));
#5461 = CIRCLE('',#5462,0.228);
#5462 = AXIS2_PLACEMENT_3D('',#5463,#5464,#5465);
#5463 = CARTESIAN_POINT('',(-11.09373730231,-6.136828994521,12.));
#5464 = DIRECTION('',(0.,0.,-1.));
#5465 = DIRECTION('',(0.874314897694,0.485359103829,0.));
#5466 = ORIENTED_EDGE('',*,*,#5467,.F.);
#5467 = EDGE_CURVE('',#5468,#5459,#5470,.T.);
#5468 = VERTEX_POINT('',#5469);
#5469 = CARTESIAN_POINT('',(-10.94692591353,-6.311272154678,0.));
#5470 = LINE('',#5471,#5472);
#5471 = CARTESIAN_POINT('',(-10.94692591353,-6.311272154678,0.));
#5472 = VECTOR('',#5473,1.);
#5473 = DIRECTION('',(0.,0.,1.));
#5474 = ORIENTED_EDGE('',*,*,#5475,.F.);
#5475 = EDGE_CURVE('',#5435,#5468,#5476,.T.);
#5476 = CIRCLE('',#5477,0.228);
#5477 = AXIS2_PLACEMENT_3D('',#5478,#5479,#5480);
#5478 = CARTESIAN_POINT('',(-11.09373730231,-6.136828994521,0.));
#5479 = DIRECTION('',(0.,0.,-1.));
#5480 = DIRECTION('',(0.874314897694,0.485359103829,0.));
#5481 = CYLINDRICAL_SURFACE('',#5482,0.228);
#5482 = AXIS2_PLACEMENT_3D('',#5483,#5484,#5485);
#5483 = CARTESIAN_POINT('',(-11.09373730231,-6.136828994521,0.));
#5484 = DIRECTION('',(0.,0.,-1.));
#5485 = DIRECTION('',(0.874314897694,0.485359103829,0.));
#5486 = ADVANCED_FACE('',(#5487),#5516,.F.);
#5487 = FACE_BOUND('',#5488,.F.);
#5488 = EDGE_LOOP('',(#5489,#5490,#5500,#5508));
#5489 = ORIENTED_EDGE('',*,*,#5467,.T.);
#5490 = ORIENTED_EDGE('',*,*,#5491,.T.);
#5491 = EDGE_CURVE('',#5459,#5492,#5494,.T.);
#5492 = VERTEX_POINT('',#5493);
#5493 = CARTESIAN_POINT('',(-11.73208730669,-7.266206825672,12.));
#5494 = B_SPLINE_CURVE_WITH_KNOTS('',4,(#5495,#5496,#5497,#5498,#5499),
  .UNSPECIFIED.,.F.,.F.,(5,5),(0.,1.),.PIECEWISE_BEZIER_KNOTS.);
#5495 = CARTESIAN_POINT('',(-10.94692591353,-6.311272154678,12.));
#5496 = CARTESIAN_POINT('',(-11.080338709,-6.427181043415,12.));
#5497 = CARTESIAN_POINT('',(-11.26956622594,-6.61442323006,12.));
#5498 = CARTESIAN_POINT('',(-11.49579352272,-6.890830438581,12.));
#5499 = CARTESIAN_POINT('',(-11.73208730669,-7.266206825672,12.));
#5500 = ORIENTED_EDGE('',*,*,#5501,.F.);
#5501 = EDGE_CURVE('',#5502,#5492,#5504,.T.);
#5502 = VERTEX_POINT('',#5503);
#5503 = CARTESIAN_POINT('',(-11.73208730669,-7.266206825672,0.));
#5504 = LINE('',#5505,#5506);
#5505 = CARTESIAN_POINT('',(-11.73208730669,-7.266206825672,0.));
#5506 = VECTOR('',#5507,1.);
#5507 = DIRECTION('',(0.,0.,1.));
#5508 = ORIENTED_EDGE('',*,*,#5509,.F.);
#5509 = EDGE_CURVE('',#5468,#5502,#5510,.T.);
#5510 = B_SPLINE_CURVE_WITH_KNOTS('',4,(#5511,#5512,#5513,#5514,#5515),
  .UNSPECIFIED.,.F.,.F.,(5,5),(0.,1.),.PIECEWISE_BEZIER_KNOTS.);
#5511 = CARTESIAN_POINT('',(-10.94692591353,-6.311272154678,0.));
#5512 = CARTESIAN_POINT('',(-11.080338709,-6.427181043415,0.));
#5513 = CARTESIAN_POINT('',(-11.26956622594,-6.61442323006,0.));
#5514 = CARTESIAN_POINT('',(-11.49579352272,-6.890830438581,0.));
#5515 = CARTESIAN_POINT('',(-11.73208730669,-7.266206825672,0.));
#5516 = SURFACE_OF_LINEAR_EXTRUSION('',#5517,#5523);
#5517 = B_SPLINE_CURVE_WITH_KNOTS('',4,(#5518,#5519,#5520,#5521,#5522),
  .UNSPECIFIED.,.F.,.F.,(5,5),(0.,1.),.PIECEWISE_BEZIER_KNOTS.);
#5518 = CARTESIAN_POINT('',(-10.94692591353,-6.311272154678,0.));
#5519 = CARTESIAN_POINT('',(-11.080338709,-6.427181043415,0.));
#5520 = CARTESIAN_POINT('',(-11.26956622594,-6.61442323006,0.));
#5521 = CARTESIAN_POINT('',(-11.49579352272,-6.890830438581,0.));
#5522 = CARTESIAN_POINT('',(-11.73208730669,-7.266206825672,0.));
#5523 = VECTOR('',#5524,1.);
#5524 = DIRECTION('',(-0.,-0.,-1.));
#5525 = ADVANCED_FACE('',(#5526),#5553,.T.);
#5526 = FACE_BOUND('',#5527,.F.);
#5527 = EDGE_LOOP('',(#5528,#5529,#5538,#5546));
#5528 = ORIENTED_EDGE('',*,*,#5501,.T.);
#5529 = ORIENTED_EDGE('',*,*,#5530,.T.);
#5530 = EDGE_CURVE('',#5492,#5531,#5533,.T.);
#5531 = VERTEX_POINT('',#5532);
#5532 = CARTESIAN_POINT('',(-11.48324035369,-7.653443080031,12.));
#5533 = CIRCLE('',#5534,13.799999999997);
#5534 = AXIS2_PLACEMENT_3D('',#5535,#5536,#5537);
#5535 = CARTESIAN_POINT('',(2.203913773338E-04,-3.306859593351E-04,12.)
  );
#5536 = DIRECTION('',(0.,0.,1.));
#5537 = DIRECTION('',(-0.850167224498,-0.526512763747,0.));
#5538 = ORIENTED_EDGE('',*,*,#5539,.F.);
#5539 = EDGE_CURVE('',#5540,#5531,#5542,.T.);
#5540 = VERTEX_POINT('',#5541);
#5541 = CARTESIAN_POINT('',(-11.48324035369,-7.653443080031,0.));
#5542 = LINE('',#5543,#5544);
#5543 = CARTESIAN_POINT('',(-11.48324035369,-7.653443080031,0.));
#5544 = VECTOR('',#5545,1.);
#5545 = DIRECTION('',(0.,0.,1.));
#5546 = ORIENTED_EDGE('',*,*,#5547,.F.);
#5547 = EDGE_CURVE('',#5502,#5540,#5548,.T.);
#5548 = CIRCLE('',#5549,13.799999999997);
#5549 = AXIS2_PLACEMENT_3D('',#5550,#5551,#5552);
#5550 = CARTESIAN_POINT('',(2.203913773338E-04,-3.306859593351E-04,0.));
#5551 = DIRECTION('',(0.,0.,1.));
#5552 = DIRECTION('',(-0.850167224498,-0.526512763747,0.));
#5553 = CYLINDRICAL_SURFACE('',#5554,13.799999999997);
#5554 = AXIS2_PLACEMENT_3D('',#5555,#5556,#5557);
#5555 = CARTESIAN_POINT('',(2.203913773338E-04,-3.306859593351E-04,0.));
#5556 = DIRECTION('',(-0.,-0.,-1.));
#5557 = DIRECTION('',(-0.850167224498,-0.526512763747,0.));
#5558 = ADVANCED_FACE('',(#5559),#5588,.F.);
#5559 = FACE_BOUND('',#5560,.F.);
#5560 = EDGE_LOOP('',(#5561,#5562,#5572,#5580));
#5561 = ORIENTED_EDGE('',*,*,#5539,.T.);
#5562 = ORIENTED_EDGE('',*,*,#5563,.T.);
#5563 = EDGE_CURVE('',#5531,#5564,#5566,.T.);
#5564 = VERTEX_POINT('',#5565);
#5565 = CARTESIAN_POINT('',(-10.28845403495,-7.335877504812,12.));
#5566 = B_SPLINE_CURVE_WITH_KNOTS('',4,(#5567,#5568,#5569,#5570,#5571),
  .UNSPECIFIED.,.F.,.F.,(5,5),(0.,1.),.PIECEWISE_BEZIER_KNOTS.);
#5567 = CARTESIAN_POINT('',(-11.48324035369,-7.653443080031,12.));
#5568 = CARTESIAN_POINT('',(-11.0436450572,-7.594387184023,12.));
#5569 = CARTESIAN_POINT('',(-10.69823800115,-7.50342730077,12.));
#5570 = CARTESIAN_POINT('',(-10.44930856589,-7.409083112357,12.));
#5571 = CARTESIAN_POINT('',(-10.28845403495,-7.335877504812,12.));
#5572 = ORIENTED_EDGE('',*,*,#5573,.F.);
#5573 = EDGE_CURVE('',#5574,#5564,#5576,.T.);
#5574 = VERTEX_POINT('',#5575);
#5575 = CARTESIAN_POINT('',(-10.28845403495,-7.335877504812,0.));
#5576 = LINE('',#5577,#5578);
#5577 = CARTESIAN_POINT('',(-10.28845403495,-7.335877504812,0.));
#5578 = VECTOR('',#5579,1.);
#5579 = DIRECTION('',(0.,0.,1.));
#5580 = ORIENTED_EDGE('',*,*,#5581,.F.);
#5581 = EDGE_CURVE('',#5540,#5574,#5582,.T.);
#5582 = B_SPLINE_CURVE_WITH_KNOTS('',4,(#5583,#5584,#5585,#5586,#5587),
  .UNSPECIFIED.,.F.,.F.,(5,5),(0.,1.),.PIECEWISE_BEZIER_KNOTS.);
#5583 = CARTESIAN_POINT('',(-11.48324035369,-7.653443080031,0.));
#5584 = CARTESIAN_POINT('',(-11.0436450572,-7.594387184023,0.));
#5585 = CARTESIAN_POINT('',(-10.69823800115,-7.50342730077,0.));
#5586 = CARTESIAN_POINT('',(-10.44930856589,-7.409083112357,0.));
#5587 = CARTESIAN_POINT('',(-10.28845403495,-7.335877504812,0.));
#5588 = SURFACE_OF_LINEAR_EXTRUSION('',#5589,#5595);
#5589 = B_SPLINE_CURVE_WITH_KNOTS('',4,(#5590,#5591,#5592,#5593,#5594),
  .UNSPECIFIED.,.F.,.F.,(5,5),(0.,1.),.PIECEWISE_BEZIER_KNOTS.);
#5590 = CARTESIAN_POINT('',(-11.48324035369,-7.653443080031,0.));
#5591 = CARTESIAN_POINT('',(-11.0436450572,-7.594387184023,0.));
#5592 = CARTESIAN_POINT('',(-10.69823800115,-7.50342730077,0.));
#5593 = CARTESIAN_POINT('',(-10.44930856589,-7.409083112357,0.));
#5594 = CARTESIAN_POINT('',(-10.28845403495,-7.335877504812,0.));
#5595 = VECTOR('',#5596,1.);
#5596 = DIRECTION('',(-0.,-0.,-1.));
#5597 = ADVANCED_FACE('',(#5598),#5625,.F.);
#5598 = FACE_BOUND('',#5599,.F.);
#5599 = EDGE_LOOP('',(#5600,#5601,#5610,#5618));
#5600 = ORIENTED_EDGE('',*,*,#5573,.T.);
#5601 = ORIENTED_EDGE('',*,*,#5602,.T.);
#5602 = EDGE_CURVE('',#5564,#5603,#5605,.T.);
#5603 = VERTEX_POINT('',#5604);
#5604 = CARTESIAN_POINT('',(-10.00728904045,-7.406528610684,12.));
#5605 = CIRCLE('',#5606,0.228);
#5606 = AXIS2_PLACEMENT_3D('',#5607,#5608,#5609);
#5607 = CARTESIAN_POINT('',(-10.1907610851,-7.541887425809,12.));
#5608 = DIRECTION('',(0.,0.,-1.));
#5609 = DIRECTION('',(-0.428477850231,0.903552285074,0.));
#5610 = ORIENTED_EDGE('',*,*,#5611,.F.);
#5611 = EDGE_CURVE('',#5612,#5603,#5614,.T.);
#5612 = VERTEX_POINT('',#5613);
#5613 = CARTESIAN_POINT('',(-10.00728904045,-7.406528610684,0.));
#5614 = LINE('',#5615,#5616);
#5615 = CARTESIAN_POINT('',(-10.00728904045,-7.406528610684,0.));
#5616 = VECTOR('',#5617,1.);
#5617 = DIRECTION('',(0.,0.,1.));
#5618 = ORIENTED_EDGE('',*,*,#5619,.F.);
#5619 = EDGE_CURVE('',#5574,#5612,#5620,.T.);
#5620 = CIRCLE('',#5621,0.228);
#5621 = AXIS2_PLACEMENT_3D('',#5622,#5623,#5624);
#5622 = CARTESIAN_POINT('',(-10.1907610851,-7.541887425809,0.));
#5623 = DIRECTION('',(0.,0.,-1.));
#5624 = DIRECTION('',(-0.428477850231,0.903552285074,0.));
#5625 = CYLINDRICAL_SURFACE('',#5626,0.228);
#5626 = AXIS2_PLACEMENT_3D('',#5627,#5628,#5629);
#5627 = CARTESIAN_POINT('',(-10.1907610851,-7.541887425809,0.));
#5628 = DIRECTION('',(0.,0.,-1.));
#5629 = DIRECTION('',(-0.428477850231,0.903552285074,0.));
#5630 = ADVANCED_FACE('',(#5631),#5658,.T.);
#5631 = FACE_BOUND('',#5632,.F.);
#5632 = EDGE_LOOP('',(#5633,#5634,#5643,#5651));
#5633 = ORIENTED_EDGE('',*,*,#5611,.T.);
#5634 = ORIENTED_EDGE('',*,*,#5635,.T.);
#5635 = EDGE_CURVE('',#5603,#5636,#5638,.T.);
#5636 = VERTEX_POINT('',#5637);
#5637 = CARTESIAN_POINT('',(-9.925891289243,-7.515263276434,12.));
#5638 = CIRCLE('',#5639,12.450000000365);
#5639 = AXIS2_PLACEMENT_3D('',#5640,#5641,#5642);
#5640 = CARTESIAN_POINT('',(2.922107000813E-10,2.186730796438E-10,12.));
#5641 = DIRECTION('',(0.,0.,1.));
#5642 = DIRECTION('',(-0.803798316502,-0.594901896441,0.));
#5643 = ORIENTED_EDGE('',*,*,#5644,.F.);
#5644 = EDGE_CURVE('',#5645,#5636,#5647,.T.);
#5645 = VERTEX_POINT('',#5646);
#5646 = CARTESIAN_POINT('',(-9.925891289243,-7.515263276434,0.));
#5647 = LINE('',#5648,#5649);
#5648 = CARTESIAN_POINT('',(-9.925891289243,-7.515263276434,0.));
#5649 = VECTOR('',#5650,1.);
#5650 = DIRECTION('',(0.,0.,1.));
#5651 = ORIENTED_EDGE('',*,*,#5652,.F.);
#5652 = EDGE_CURVE('',#5612,#5645,#5653,.T.);
#5653 = CIRCLE('',#5654,12.450000000365);
#5654 = AXIS2_PLACEMENT_3D('',#5655,#5656,#5657);
#5655 = CARTESIAN_POINT('',(2.922107000813E-10,2.186730796438E-10,0.));
#5656 = DIRECTION('',(0.,0.,1.));
#5657 = DIRECTION('',(-0.803798316502,-0.594901896441,0.));
#5658 = CYLINDRICAL_SURFACE('',#5659,12.450000000365);
#5659 = AXIS2_PLACEMENT_3D('',#5660,#5661,#5662);
#5660 = CARTESIAN_POINT('',(2.922107000813E-10,2.186730796438E-10,0.));
#5661 = DIRECTION('',(-0.,-0.,-1.));
#5662 = DIRECTION('',(-0.803798316502,-0.594901896441,0.));
#5663 = ADVANCED_FACE('',(#5664),#5691,.F.);
#5664 = FACE_BOUND('',#5665,.F.);
#5665 = EDGE_LOOP('',(#5666,#5667,#5676,#5684));
#5666 = ORIENTED_EDGE('',*,*,#5644,.T.);
#5667 = ORIENTED_EDGE('',*,*,#5668,.T.);
#5668 = EDGE_CURVE('',#5636,#5669,#5671,.T.);
#5669 = VERTEX_POINT('',#5670);
#5670 = CARTESIAN_POINT('',(-9.937314315909,-7.804942495221,12.));
#5671 = CIRCLE('',#5672,0.228);
#5672 = AXIS2_PLACEMENT_3D('',#5673,#5674,#5675);
#5673 = CARTESIAN_POINT('',(-10.10745722655,-7.653168353959,12.));
#5674 = DIRECTION('',(0.,0.,-1.));
#5675 = DIRECTION('',(0.796341830328,0.604846831247,0.));
#5676 = ORIENTED_EDGE('',*,*,#5677,.F.);
#5677 = EDGE_CURVE('',#5678,#5669,#5680,.T.);
#5678 = VERTEX_POINT('',#5679);
#5679 = CARTESIAN_POINT('',(-9.937314315909,-7.804942495221,0.));
#5680 = LINE('',#5681,#5682);
#5681 = CARTESIAN_POINT('',(-9.937314315909,-7.804942495221,0.));
#5682 = VECTOR('',#5683,1.);
#5683 = DIRECTION('',(0.,0.,1.));
#5684 = ORIENTED_EDGE('',*,*,#5685,.F.);
#5685 = EDGE_CURVE('',#5645,#5678,#5686,.T.);
#5686 = CIRCLE('',#5687,0.228);
#5687 = AXIS2_PLACEMENT_3D('',#5688,#5689,#5690);
#5688 = CARTESIAN_POINT('',(-10.10745722655,-7.653168353959,0.));
#5689 = DIRECTION('',(0.,0.,-1.));
#5690 = DIRECTION('',(0.796341830328,0.604846831247,0.));
#5691 = CYLINDRICAL_SURFACE('',#5692,0.228);
#5692 = AXIS2_PLACEMENT_3D('',#5693,#5694,#5695);
#5693 = CARTESIAN_POINT('',(-10.10745722655,-7.653168353959,0.));
#5694 = DIRECTION('',(0.,0.,-1.));
#5695 = DIRECTION('',(0.796341830328,0.604846831247,0.));
#5696 = ADVANCED_FACE('',(#5697),#5726,.F.);
#5697 = FACE_BOUND('',#5698,.F.);
#5698 = EDGE_LOOP('',(#5699,#5700,#5710,#5718));
#5699 = ORIENTED_EDGE('',*,*,#5677,.T.);
#5700 = ORIENTED_EDGE('',*,*,#5701,.T.);
#5701 = EDGE_CURVE('',#5669,#5702,#5704,.T.);
#5702 = VERTEX_POINT('',#5703);
#5703 = CARTESIAN_POINT('',(-10.57858252493,-8.861897424853,12.));
#5704 = B_SPLINE_CURVE_WITH_KNOTS('',4,(#5705,#5706,#5707,#5708,#5709),
  .UNSPECIFIED.,.F.,.F.,(5,5),(0.,1.),.PIECEWISE_BEZIER_KNOTS.);
#5705 = CARTESIAN_POINT('',(-9.937314315909,-7.804942495221,12.));
#5706 = CARTESIAN_POINT('',(-10.05287360672,-7.938658219008,12.));
#5707 = CARTESIAN_POINT('',(-10.21352771887,-8.150924433644,12.));
#5708 = CARTESIAN_POINT('',(-10.39811550079,-8.456713716483,12.));
#5709 = CARTESIAN_POINT('',(-10.57858252493,-8.861897424853,12.));
#5710 = ORIENTED_EDGE('',*,*,#5711,.F.);
#5711 = EDGE_CURVE('',#5712,#5702,#5714,.T.);
#5712 = VERTEX_POINT('',#5713);
#5713 = CARTESIAN_POINT('',(-10.57858252493,-8.861897424853,0.));
#5714 = LINE('',#5715,#5716);
#5715 = CARTESIAN_POINT('',(-10.57858252493,-8.861897424853,0.));
#5716 = VECTOR('',#5717,1.);
#5717 = DIRECTION('',(0.,0.,1.));
#5718 = ORIENTED_EDGE('',*,*,#5719,.F.);
#5719 = EDGE_CURVE('',#5678,#5712,#5720,.T.);
#5720 = B_SPLINE_CURVE_WITH_KNOTS('',4,(#5721,#5722,#5723,#5724,#5725),
  .UNSPECIFIED.,.F.,.F.,(5,5),(0.,1.),.PIECEWISE_BEZIER_KNOTS.);
#5721 = CARTESIAN_POINT('',(-9.937314315909,-7.804942495221,0.));
#5722 = CARTESIAN_POINT('',(-10.05287360672,-7.938658219008,0.));
#5723 = CARTESIAN_POINT('',(-10.21352771887,-8.150924433644,0.));
#5724 = CARTESIAN_POINT('',(-10.39811550079,-8.456713716483,0.));
#5725 = CARTESIAN_POINT('',(-10.57858252493,-8.861897424853,0.));
#5726 = SURFACE_OF_LINEAR_EXTRUSION('',#5727,#5733);
#5727 = B_SPLINE_CURVE_WITH_KNOTS('',4,(#5728,#5729,#5730,#5731,#5732),
  .UNSPECIFIED.,.F.,.F.,(5,5),(0.,1.),.PIECEWISE_BEZIER_KNOTS.);
#5728 = CARTESIAN_POINT('',(-9.937314315909,-7.804942495221,0.));
#5729 = CARTESIAN_POINT('',(-10.05287360672,-7.938658219008,0.));
#5730 = CARTESIAN_POINT('',(-10.21352771887,-8.150924433644,0.));
#5731 = CARTESIAN_POINT('',(-10.39811550079,-8.456713716483,0.));
#5732 = CARTESIAN_POINT('',(-10.57858252493,-8.861897424853,0.));
#5733 = VECTOR('',#5734,1.);
#5734 = DIRECTION('',(-0.,-0.,-1.));
#5735 = ADVANCED_FACE('',(#5736),#5763,.T.);
#5736 = FACE_BOUND('',#5737,.F.);
#5737 = EDGE_LOOP('',(#5738,#5739,#5748,#5756));
#5738 = ORIENTED_EDGE('',*,*,#5711,.T.);
#5739 = ORIENTED_EDGE('',*,*,#5740,.T.);
#5740 = EDGE_CURVE('',#5702,#5741,#5743,.T.);
#5741 = VERTEX_POINT('',#5742);
#5742 = CARTESIAN_POINT('',(-10.27715901019,-9.209777558619,12.));
#5743 = CIRCLE('',#5744,13.799999999998);
#5744 = AXIS2_PLACEMENT_3D('',#5745,#5746,#5747);
#5745 = CARTESIAN_POINT('',(2.652096310856E-04,-2.959550886237E-04,12.)
  );
#5746 = DIRECTION('',(0.,0.,1.));
#5747 = DIRECTION('',(-0.766583169171,-0.642145034041,0.));
#5748 = ORIENTED_EDGE('',*,*,#5749,.F.);
#5749 = EDGE_CURVE('',#5750,#5741,#5752,.T.);
#5750 = VERTEX_POINT('',#5751);
#5751 = CARTESIAN_POINT('',(-10.27715901019,-9.209777558619,0.));
#5752 = LINE('',#5753,#5754);
#5753 = CARTESIAN_POINT('',(-10.27715901019,-9.209777558619,0.));
#5754 = VECTOR('',#5755,1.);
#5755 = DIRECTION('',(0.,0.,1.));
#5756 = ORIENTED_EDGE('',*,*,#5757,.F.);
#5757 = EDGE_CURVE('',#5712,#5750,#5758,.T.);
#5758 = CIRCLE('',#5759,13.799999999998);
#5759 = AXIS2_PLACEMENT_3D('',#5760,#5761,#5762);
#5760 = CARTESIAN_POINT('',(2.652096310856E-04,-2.959550886237E-04,0.));
#5761 = DIRECTION('',(0.,0.,1.));
#5762 = DIRECTION('',(-0.766583169171,-0.642145034041,0.));
#5763 = CYLINDRICAL_SURFACE('',#5764,13.799999999998);
#5764 = AXIS2_PLACEMENT_3D('',#5765,#5766,#5767);
#5765 = CARTESIAN_POINT('',(2.652096310856E-04,-2.959550886237E-04,0.));
#5766 = DIRECTION('',(-0.,-0.,-1.));
#5767 = DIRECTION('',(-0.766583169171,-0.642145034041,0.));
#5768 = ADVANCED_FACE('',(#5769),#5798,.F.);
#5769 = FACE_BOUND('',#5770,.F.);
#5770 = EDGE_LOOP('',(#5771,#5772,#5782,#5790));
#5771 = ORIENTED_EDGE('',*,*,#5749,.T.);
#5772 = ORIENTED_EDGE('',*,*,#5773,.T.);
#5773 = EDGE_CURVE('',#5741,#5774,#5776,.T.);
#5774 = VERTEX_POINT('',#5775);
#5775 = CARTESIAN_POINT('',(-9.139728186913,-8.725408521341,12.));
#5776 = B_SPLINE_CURVE_WITH_KNOTS('',4,(#5777,#5778,#5779,#5780,#5781),
  .UNSPECIFIED.,.F.,.F.,(5,5),(0.,1.),.PIECEWISE_BEZIER_KNOTS.);
#5777 = CARTESIAN_POINT('',(-10.27715901019,-9.209777558619,12.));
#5778 = CARTESIAN_POINT('',(-9.850442690266,-9.088761832955,12.));
#5779 = CARTESIAN_POINT('',(-9.521496321084,-8.94957124084,12.));
#5780 = CARTESIAN_POINT('',(-9.288527206461,-8.820760987911,12.));
#5781 = CARTESIAN_POINT('',(-9.139728186913,-8.725408521341,12.));
#5782 = ORIENTED_EDGE('',*,*,#5783,.F.);
#5783 = EDGE_CURVE('',#5784,#5774,#5786,.T.);
#5784 = VERTEX_POINT('',#5785);
#5785 = CARTESIAN_POINT('',(-9.139728186913,-8.725408521341,0.));
#5786 = LINE('',#5787,#5788);
#5787 = CARTESIAN_POINT('',(-9.139728186913,-8.725408521341,0.));
#5788 = VECTOR('',#5789,1.);
#5789 = DIRECTION('',(0.,0.,1.));
#5790 = ORIENTED_EDGE('',*,*,#5791,.F.);
#5791 = EDGE_CURVE('',#5750,#5784,#5792,.T.);
#5792 = B_SPLINE_CURVE_WITH_KNOTS('',4,(#5793,#5794,#5795,#5796,#5797),
  .UNSPECIFIED.,.F.,.F.,(5,5),(0.,1.),.PIECEWISE_BEZIER_KNOTS.);
#5793 = CARTESIAN_POINT('',(-10.27715901019,-9.209777558619,0.));
#5794 = CARTESIAN_POINT('',(-9.850442690266,-9.088761832955,0.));
#5795 = CARTESIAN_POINT('',(-9.521496321084,-8.94957124084,0.));
#5796 = CARTESIAN_POINT('',(-9.288527206461,-8.820760987911,0.));
#5797 = CARTESIAN_POINT('',(-9.139728186913,-8.725408521341,0.));
#5798 = SURFACE_OF_LINEAR_EXTRUSION('',#5799,#5805);
#5799 = B_SPLINE_CURVE_WITH_KNOTS('',4,(#5800,#5801,#5802,#5803,#5804),
  .UNSPECIFIED.,.F.,.F.,(5,5),(0.,1.),.PIECEWISE_BEZIER_KNOTS.);
#5800 = CARTESIAN_POINT('',(-10.27715901019,-9.209777558619,0.));
#5801 = CARTESIAN_POINT('',(-9.850442690266,-9.088761832955,0.));
#5802 = CARTESIAN_POINT('',(-9.521496321084,-8.94957124084,0.));
#5803 = CARTESIAN_POINT('',(-9.288527206461,-8.820760987911,0.));
#5804 = CARTESIAN_POINT('',(-9.139728186913,-8.725408521341,0.));
#5805 = VECTOR('',#5806,1.);
#5806 = DIRECTION('',(-0.,-0.,-1.));
#5807 = ADVANCED_FACE('',(#5808),#5835,.F.);
#5808 = FACE_BOUND('',#5809,.F.);
#5809 = EDGE_LOOP('',(#5810,#5811,#5820,#5828));
#5810 = ORIENTED_EDGE('',*,*,#5783,.T.);
#5811 = ORIENTED_EDGE('',*,*,#5812,.T.);
#5812 = EDGE_CURVE('',#5774,#5813,#5815,.T.);
#5813 = VERTEX_POINT('',#5814);
#5814 = CARTESIAN_POINT('',(-8.851370345942,-8.755326550105,12.));
#5815 = CIRCLE('',#5816,0.228);
#5816 = AXIS2_PLACEMENT_3D('',#5817,#5818,#5819);
#5817 = CARTESIAN_POINT('',(-9.013711341839,-8.915418402026,12.));
#5818 = DIRECTION('',(0.,0.,-1.));
#5819 = DIRECTION('',(-0.552705460851,0.833376669667,0.));
#5820 = ORIENTED_EDGE('',*,*,#5821,.F.);
#5821 = EDGE_CURVE('',#5822,#5813,#5824,.T.);
#5822 = VERTEX_POINT('',#5823);
#5823 = CARTESIAN_POINT('',(-8.851370345942,-8.755326550105,0.));
#5824 = LINE('',#5825,#5826);
#5825 = CARTESIAN_POINT('',(-8.851370345942,-8.755326550105,0.));
#5826 = VECTOR('',#5827,1.);
#5827 = DIRECTION('',(0.,0.,1.));
#5828 = ORIENTED_EDGE('',*,*,#5829,.F.);
#5829 = EDGE_CURVE('',#5784,#5822,#5830,.T.);
#5830 = CIRCLE('',#5831,0.228);
#5831 = AXIS2_PLACEMENT_3D('',#5832,#5833,#5834);
#5832 = CARTESIAN_POINT('',(-9.013711341839,-8.915418402026,0.));
#5833 = DIRECTION('',(0.,0.,-1.));
#5834 = DIRECTION('',(-0.552705460851,0.833376669667,0.));
#5835 = CYLINDRICAL_SURFACE('',#5836,0.228);
#5836 = AXIS2_PLACEMENT_3D('',#5837,#5838,#5839);
#5837 = CARTESIAN_POINT('',(-9.013711341839,-8.915418402026,0.));
#5838 = DIRECTION('',(0.,0.,-1.));
#5839 = DIRECTION('',(-0.552705460851,0.833376669667,0.));
#5840 = ADVANCED_FACE('',(#5841),#5868,.T.);
#5841 = FACE_BOUND('',#5842,.F.);
#5842 = EDGE_LOOP('',(#5843,#5844,#5853,#5861));
#5843 = ORIENTED_EDGE('',*,*,#5821,.T.);
#5844 = ORIENTED_EDGE('',*,*,#5845,.T.);
#5845 = EDGE_CURVE('',#5813,#5846,#5848,.T.);
#5846 = VERTEX_POINT('',#5847);
#5847 = CARTESIAN_POINT('',(-8.755326550105,-8.851370345942,12.));
#5848 = CIRCLE('',#5849,12.449999999865);
#5849 = AXIS2_PLACEMENT_3D('',#5850,#5851,#5852);
#5850 = CARTESIAN_POINT('',(-9.516742949245E-11,-9.516565313561E-11,12.)
  );
#5851 = DIRECTION('',(0.,0.,1.));
#5852 = DIRECTION('',(-0.710953441441,-0.70323908033,0.));
#5853 = ORIENTED_EDGE('',*,*,#5854,.F.);
#5854 = EDGE_CURVE('',#5855,#5846,#5857,.T.);
#5855 = VERTEX_POINT('',#5856);
#5856 = CARTESIAN_POINT('',(-8.755326550105,-8.851370345942,0.));
#5857 = LINE('',#5858,#5859);
#5858 = CARTESIAN_POINT('',(-8.755326550105,-8.851370345942,0.));
#5859 = VECTOR('',#5860,1.);
#5860 = DIRECTION('',(0.,0.,1.));
#5861 = ORIENTED_EDGE('',*,*,#5862,.F.);
#5862 = EDGE_CURVE('',#5822,#5855,#5863,.T.);
#5863 = CIRCLE('',#5864,12.449999999865);
#5864 = AXIS2_PLACEMENT_3D('',#5865,#5866,#5867);
#5865 = CARTESIAN_POINT('',(-9.516742949245E-11,-9.516565313561E-11,0.)
  );
#5866 = DIRECTION('',(0.,0.,1.));
#5867 = DIRECTION('',(-0.710953441441,-0.70323908033,0.));
#5868 = CYLINDRICAL_SURFACE('',#5869,12.449999999865);
#5869 = AXIS2_PLACEMENT_3D('',#5870,#5871,#5872);
#5870 = CARTESIAN_POINT('',(-9.516742949245E-11,-9.516565313561E-11,0.)
  );
#5871 = DIRECTION('',(-0.,-0.,-1.));
#5872 = DIRECTION('',(-0.710953441441,-0.70323908033,0.));
#5873 = ADVANCED_FACE('',(#5874),#5901,.F.);
#5874 = FACE_BOUND('',#5875,.F.);
#5875 = EDGE_LOOP('',(#5876,#5877,#5886,#5894));
#5876 = ORIENTED_EDGE('',*,*,#5854,.T.);
#5877 = ORIENTED_EDGE('',*,*,#5878,.T.);
#5878 = EDGE_CURVE('',#5846,#5879,#5881,.T.);
#5879 = VERTEX_POINT('',#5880);
#5880 = CARTESIAN_POINT('',(-8.725407655657,-9.139726714156,12.));
#5881 = CIRCLE('',#5882,0.228);
#5882 = AXIS2_PLACEMENT_3D('',#5883,#5884,#5885);
#5883 = CARTESIAN_POINT('',(-8.91541846917,-9.013711275625,12.));
#5884 = DIRECTION('',(0.,0.,-1.));
#5885 = DIRECTION('',(0.702157539756,0.712021621416,0.));
#5886 = ORIENTED_EDGE('',*,*,#5887,.F.);
#5887 = EDGE_CURVE('',#5888,#5879,#5890,.T.);
#5888 = VERTEX_POINT('',#5889);
#5889 = CARTESIAN_POINT('',(-8.725407655657,-9.139726714156,0.));
#5890 = LINE('',#5891,#5892);
#5891 = CARTESIAN_POINT('',(-8.725407655657,-9.139726714156,0.));
#5892 = VECTOR('',#5893,1.);
#5893 = DIRECTION('',(0.,0.,1.));
#5894 = ORIENTED_EDGE('',*,*,#5895,.F.);
#5895 = EDGE_CURVE('',#5855,#5888,#5896,.T.);
#5896 = CIRCLE('',#5897,0.228);
#5897 = AXIS2_PLACEMENT_3D('',#5898,#5899,#5900);
#5898 = CARTESIAN_POINT('',(-8.91541846917,-9.013711275625,0.));
#5899 = DIRECTION('',(0.,0.,-1.));
#5900 = DIRECTION('',(0.702157539756,0.712021621416,0.));
#5901 = CYLINDRICAL_SURFACE('',#5902,0.228);
#5902 = AXIS2_PLACEMENT_3D('',#5903,#5904,#5905);
#5903 = CARTESIAN_POINT('',(-8.91541846917,-9.013711275625,0.));
#5904 = DIRECTION('',(0.,0.,-1.));
#5905 = DIRECTION('',(0.702157539756,0.712021621416,0.));
#5906 = ADVANCED_FACE('',(#5907),#5936,.F.);
#5907 = FACE_BOUND('',#5908,.F.);
#5908 = EDGE_LOOP('',(#5909,#5910,#5920,#5928));
#5909 = ORIENTED_EDGE('',*,*,#5887,.T.);
#5910 = ORIENTED_EDGE('',*,*,#5911,.T.);
#5911 = EDGE_CURVE('',#5879,#5912,#5914,.T.);
#5912 = VERTEX_POINT('',#5913);
#5913 = CARTESIAN_POINT('',(-9.209728309071,-10.27718534806,12.));
#5914 = B_SPLINE_CURVE_WITH_KNOTS('',4,(#5915,#5916,#5917,#5918,#5919),
  .UNSPECIFIED.,.F.,.F.,(5,5),(0.,1.),.PIECEWISE_BEZIER_KNOTS.);
#5915 = CARTESIAN_POINT('',(-8.725407655657,-9.139726714156,12.));
#5916 = CARTESIAN_POINT('',(-8.820760987911,-9.288527206461,12.));
#5917 = CARTESIAN_POINT('',(-8.94957124084,-9.521496321084,12.));
#5918 = CARTESIAN_POINT('',(-9.088761832955,-9.850442690266,12.));
#5919 = CARTESIAN_POINT('',(-9.209728309071,-10.27718534806,12.));
#5920 = ORIENTED_EDGE('',*,*,#5921,.F.);
#5921 = EDGE_CURVE('',#5922,#5912,#5924,.T.);
#5922 = VERTEX_POINT('',#5923);
#5923 = CARTESIAN_POINT('',(-9.209728309071,-10.27718534806,0.));
#5924 = LINE('',#5925,#5926);
#5925 = CARTESIAN_POINT('',(-9.209728309071,-10.27718534806,0.));
#5926 = VECTOR('',#5927,1.);
#5927 = DIRECTION('',(0.,0.,1.));
#5928 = ORIENTED_EDGE('',*,*,#5929,.F.);
#5929 = EDGE_CURVE('',#5888,#5922,#5930,.T.);
#5930 = B_SPLINE_CURVE_WITH_KNOTS('',4,(#5931,#5932,#5933,#5934,#5935),
  .UNSPECIFIED.,.F.,.F.,(5,5),(0.,1.),.PIECEWISE_BEZIER_KNOTS.);
#5931 = CARTESIAN_POINT('',(-8.725407655657,-9.139726714156,0.));
#5932 = CARTESIAN_POINT('',(-8.820760987911,-9.288527206461,0.));
#5933 = CARTESIAN_POINT('',(-8.94957124084,-9.521496321084,0.));
#5934 = CARTESIAN_POINT('',(-9.088761832955,-9.850442690266,0.));
#5935 = CARTESIAN_POINT('',(-9.209728309071,-10.27718534806,0.));
#5936 = SURFACE_OF_LINEAR_EXTRUSION('',#5937,#5943);
#5937 = B_SPLINE_CURVE_WITH_KNOTS('',4,(#5938,#5939,#5940,#5941,#5942),
  .UNSPECIFIED.,.F.,.F.,(5,5),(0.,1.),.PIECEWISE_BEZIER_KNOTS.);
#5938 = CARTESIAN_POINT('',(-8.725407655657,-9.139726714156,0.));
#5939 = CARTESIAN_POINT('',(-8.820760987911,-9.288527206461,0.));
#5940 = CARTESIAN_POINT('',(-8.94957124084,-9.521496321084,0.));
#5941 = CARTESIAN_POINT('',(-9.088761832955,-9.850442690266,0.));
#5942 = CARTESIAN_POINT('',(-9.209728309071,-10.27718534806,0.));
#5943 = VECTOR('',#5944,1.);
#5944 = DIRECTION('',(-0.,-0.,-1.));
#5945 = ADVANCED_FACE('',(#5946),#5973,.T.);
#5946 = FACE_BOUND('',#5947,.F.);
#5947 = EDGE_LOOP('',(#5948,#5949,#5958,#5966));
#5948 = ORIENTED_EDGE('',*,*,#5921,.T.);
#5949 = ORIENTED_EDGE('',*,*,#5950,.T.);
#5950 = EDGE_CURVE('',#5912,#5951,#5953,.T.);
#5951 = VERTEX_POINT('',#5952);
#5952 = CARTESIAN_POINT('',(-8.861864346119,-10.57862752491,12.));
#5953 = CIRCLE('',#5954,13.799999999995);
#5954 = AXIS2_PLACEMENT_3D('',#5955,#5956,#5957);
#5955 = CARTESIAN_POINT('',(3.046289778794E-04,-2.551994292999E-04,12.)
  );
#5956 = DIRECTION('',(0.,0.,1.));
#5957 = DIRECTION('',(-0.667393691163,-0.744705083235,0.));
#5958 = ORIENTED_EDGE('',*,*,#5959,.F.);
#5959 = EDGE_CURVE('',#5960,#5951,#5962,.T.);
#5960 = VERTEX_POINT('',#5961);
#5961 = CARTESIAN_POINT('',(-8.861864346119,-10.57862752491,0.));
#5962 = LINE('',#5963,#5964);
#5963 = CARTESIAN_POINT('',(-8.861864346119,-10.57862752491,0.));
#5964 = VECTOR('',#5965,1.);
#5965 = DIRECTION('',(0.,0.,1.));
#5966 = ORIENTED_EDGE('',*,*,#5967,.F.);
#5967 = EDGE_CURVE('',#5922,#5960,#5968,.T.);
#5968 = CIRCLE('',#5969,13.799999999995);
#5969 = AXIS2_PLACEMENT_3D('',#5970,#5971,#5972);
#5970 = CARTESIAN_POINT('',(3.046289778794E-04,-2.551994292999E-04,0.));
#5971 = DIRECTION('',(0.,0.,1.));
#5972 = DIRECTION('',(-0.667393691163,-0.744705083235,0.));
#5973 = CYLINDRICAL_SURFACE('',#5974,13.799999999995);
#5974 = AXIS2_PLACEMENT_3D('',#5975,#5976,#5977);
#5975 = CARTESIAN_POINT('',(3.046289778794E-04,-2.551994292999E-04,0.));
#5976 = DIRECTION('',(-0.,-0.,-1.));
#5977 = DIRECTION('',(-0.667393691163,-0.744705083235,0.));
#5978 = ADVANCED_FACE('',(#5979),#6008,.F.);
#5979 = FACE_BOUND('',#5980,.F.);
#5980 = EDGE_LOOP('',(#5981,#5982,#5992,#6000));
#5981 = ORIENTED_EDGE('',*,*,#5959,.T.);
#5982 = ORIENTED_EDGE('',*,*,#5983,.T.);
#5983 = EDGE_CURVE('',#5951,#5984,#5986,.T.);
#5984 = VERTEX_POINT('',#5985);
#5985 = CARTESIAN_POINT('',(-7.804943829787,-9.937315382377,12.));
#5986 = B_SPLINE_CURVE_WITH_KNOTS('',4,(#5987,#5988,#5989,#5990,#5991),
  .UNSPECIFIED.,.F.,.F.,(5,5),(0.,1.),.PIECEWISE_BEZIER_KNOTS.);
#5987 = CARTESIAN_POINT('',(-8.861864346119,-10.57862752491,12.));
#5988 = CARTESIAN_POINT('',(-8.456713716483,-10.39811550079,12.));
#5989 = CARTESIAN_POINT('',(-8.150924433644,-10.21352771887,12.));
#5990 = CARTESIAN_POINT('',(-7.938658219008,-10.05287360672,12.));
#5991 = CARTESIAN_POINT('',(-7.804943829787,-9.937315382377,12.));
#5992 = ORIENTED_EDGE('',*,*,#5993,.F.);
#5993 = EDGE_CURVE('',#5994,#5984,#5996,.T.);
#5994 = VERTEX_POINT('',#5995);
#5995 = CARTESIAN_POINT('',(-7.804943829787,-9.937315382377,0.));
#5996 = LINE('',#5997,#5998);
#5997 = CARTESIAN_POINT('',(-7.804943829787,-9.937315382377,0.));
#5998 = VECTOR('',#5999,1.);
#5999 = DIRECTION('',(0.,0.,1.));
#6000 = ORIENTED_EDGE('',*,*,#6001,.F.);
#6001 = EDGE_CURVE('',#5960,#5994,#6002,.T.);
#6002 = B_SPLINE_CURVE_WITH_KNOTS('',4,(#6003,#6004,#6005,#6006,#6007),
  .UNSPECIFIED.,.F.,.F.,(5,5),(0.,1.),.PIECEWISE_BEZIER_KNOTS.);
#6003 = CARTESIAN_POINT('',(-8.861864346119,-10.57862752491,0.));
#6004 = CARTESIAN_POINT('',(-8.456713716483,-10.39811550079,0.));
#6005 = CARTESIAN_POINT('',(-8.150924433644,-10.21352771887,0.));
#6006 = CARTESIAN_POINT('',(-7.938658219008,-10.05287360672,0.));
#6007 = CARTESIAN_POINT('',(-7.804943829787,-9.937315382377,0.));
#6008 = SURFACE_OF_LINEAR_EXTRUSION('',#6009,#6015);
#6009 = B_SPLINE_CURVE_WITH_KNOTS('',4,(#6010,#6011,#6012,#6013,#6014),
  .UNSPECIFIED.,.F.,.F.,(5,5),(0.,1.),.PIECEWISE_BEZIER_KNOTS.);
#6010 = CARTESIAN_POINT('',(-8.861864346119,-10.57862752491,0.));
#6011 = CARTESIAN_POINT('',(-8.456713716483,-10.39811550079,0.));
#6012 = CARTESIAN_POINT('',(-8.150924433644,-10.21352771887,0.));
#6013 = CARTESIAN_POINT('',(-7.938658219008,-10.05287360672,0.));
#6014 = CARTESIAN_POINT('',(-7.804943829787,-9.937315382377,0.));
#6015 = VECTOR('',#6016,1.);
#6016 = DIRECTION('',(-0.,-0.,-1.));
#6017 = ADVANCED_FACE('',(#6018),#6045,.F.);
#6018 = FACE_BOUND('',#6019,.F.);
#6019 = EDGE_LOOP('',(#6020,#6021,#6030,#6038));
#6020 = ORIENTED_EDGE('',*,*,#5993,.T.);
#6021 = ORIENTED_EDGE('',*,*,#6022,.T.);
#6022 = EDGE_CURVE('',#5984,#6023,#6025,.T.);
#6023 = VERTEX_POINT('',#6024);
#6024 = CARTESIAN_POINT('',(-7.515263276434,-9.925891289243,12.));
#6025 = CIRCLE('',#6026,0.228);
#6026 = AXIS2_PLACEMENT_3D('',#6027,#6028,#6029);
#6027 = CARTESIAN_POINT('',(-7.653168429054,-10.10745716952,12.));
#6028 = DIRECTION('',(0.,0.,-1.));
#6029 = DIRECTION('',(-0.66568158216,0.746235908526,0.));
#6030 = ORIENTED_EDGE('',*,*,#6031,.F.);
#6031 = EDGE_CURVE('',#6032,#6023,#6034,.T.);
#6032 = VERTEX_POINT('',#6033);
#6033 = CARTESIAN_POINT('',(-7.515263276434,-9.925891289243,0.));
#6034 = LINE('',#6035,#6036);
#6035 = CARTESIAN_POINT('',(-7.515263276434,-9.925891289243,0.));
#6036 = VECTOR('',#6037,1.);
#6037 = DIRECTION('',(0.,0.,1.));
#6038 = ORIENTED_EDGE('',*,*,#6039,.F.);
#6039 = EDGE_CURVE('',#5994,#6032,#6040,.T.);
#6040 = CIRCLE('',#6041,0.228);
#6041 = AXIS2_PLACEMENT_3D('',#6042,#6043,#6044);
#6042 = CARTESIAN_POINT('',(-7.653168429054,-10.10745716952,0.));
#6043 = DIRECTION('',(0.,0.,-1.));
#6044 = DIRECTION('',(-0.66568158216,0.746235908526,0.));
#6045 = CYLINDRICAL_SURFACE('',#6046,0.228);
#6046 = AXIS2_PLACEMENT_3D('',#6047,#6048,#6049);
#6047 = CARTESIAN_POINT('',(-7.653168429054,-10.10745716952,0.));
#6048 = DIRECTION('',(0.,0.,-1.));
#6049 = DIRECTION('',(-0.66568158216,0.746235908526,0.));
#6050 = ADVANCED_FACE('',(#6051),#6078,.T.);
#6051 = FACE_BOUND('',#6052,.F.);
#6052 = EDGE_LOOP('',(#6053,#6054,#6063,#6071));
#6053 = ORIENTED_EDGE('',*,*,#6031,.T.);
#6054 = ORIENTED_EDGE('',*,*,#6055,.T.);
#6055 = EDGE_CURVE('',#6023,#6056,#6058,.T.);
#6056 = VERTEX_POINT('',#6057);
#6057 = CARTESIAN_POINT('',(-7.406528610684,-10.00728904045,12.));
#6058 = CIRCLE('',#6059,12.450000000245);
#6059 = AXIS2_PLACEMENT_3D('',#6060,#6061,#6062);
#6060 = CARTESIAN_POINT('',(1.470104038503E-10,1.961861784139E-10,12.));
#6061 = DIRECTION('',(0.,0.,1.));
#6062 = DIRECTION('',(-0.603635604533,-0.797260344518,0.));
#6063 = ORIENTED_EDGE('',*,*,#6064,.F.);
#6064 = EDGE_CURVE('',#6065,#6056,#6067,.T.);
#6065 = VERTEX_POINT('',#6066);
#6066 = CARTESIAN_POINT('',(-7.406528610684,-10.00728904045,0.));
#6067 = LINE('',#6068,#6069);
#6068 = CARTESIAN_POINT('',(-7.406528610684,-10.00728904045,0.));
#6069 = VECTOR('',#6070,1.);
#6070 = DIRECTION('',(0.,0.,1.));
#6071 = ORIENTED_EDGE('',*,*,#6072,.F.);
#6072 = EDGE_CURVE('',#6032,#6065,#6073,.T.);
#6073 = CIRCLE('',#6074,12.450000000245);
#6074 = AXIS2_PLACEMENT_3D('',#6075,#6076,#6077);
#6075 = CARTESIAN_POINT('',(1.470104038503E-10,1.961861784139E-10,0.));
#6076 = DIRECTION('',(0.,0.,1.));
#6077 = DIRECTION('',(-0.603635604533,-0.797260344518,0.));
#6078 = CYLINDRICAL_SURFACE('',#6079,12.450000000245);
#6079 = AXIS2_PLACEMENT_3D('',#6080,#6081,#6082);
#6080 = CARTESIAN_POINT('',(1.470104038503E-10,1.961861784139E-10,0.));
#6081 = DIRECTION('',(-0.,-0.,-1.));
#6082 = DIRECTION('',(-0.603635604533,-0.797260344518,0.));
#6083 = ADVANCED_FACE('',(#6084),#6111,.F.);
#6084 = FACE_BOUND('',#6085,.F.);
#6085 = EDGE_LOOP('',(#6086,#6087,#6096,#6104));
#6086 = ORIENTED_EDGE('',*,*,#6064,.T.);
#6087 = ORIENTED_EDGE('',*,*,#6088,.T.);
#6088 = EDGE_CURVE('',#6056,#6089,#6091,.T.);
#6089 = VERTEX_POINT('',#6090);
#6090 = CARTESIAN_POINT('',(-7.335876857534,-10.28845245398,12.));
#6091 = CIRCLE('',#6092,0.228);
#6092 = AXIS2_PLACEMENT_3D('',#6093,#6094,#6095);
#6093 = CARTESIAN_POINT('',(-7.541887501693,-10.19076102911,12.));
#6094 = DIRECTION('',(0.,0.,-1.));
#6095 = DIRECTION('',(0.59367934653,0.804701704673,0.));
#6096 = ORIENTED_EDGE('',*,*,#6097,.F.);
#6097 = EDGE_CURVE('',#6098,#6089,#6100,.T.);
#6098 = VERTEX_POINT('',#6099);
#6099 = CARTESIAN_POINT('',(-7.335876857534,-10.28845245398,0.));
#6100 = LINE('',#6101,#6102);
#6101 = CARTESIAN_POINT('',(-7.335876857534,-10.28845245398,0.));
#6102 = VECTOR('',#6103,1.);
#6103 = DIRECTION('',(0.,0.,1.));
#6104 = ORIENTED_EDGE('',*,*,#6105,.F.);
#6105 = EDGE_CURVE('',#6065,#6098,#6106,.T.);
#6106 = CIRCLE('',#6107,0.228);
#6107 = AXIS2_PLACEMENT_3D('',#6108,#6109,#6110);
#6108 = CARTESIAN_POINT('',(-7.541887501693,-10.19076102911,0.));
#6109 = DIRECTION('',(0.,0.,-1.));
#6110 = DIRECTION('',(0.59367934653,0.804701704673,0.));
#6111 = CYLINDRICAL_SURFACE('',#6112,0.228);
#6112 = AXIS2_PLACEMENT_3D('',#6113,#6114,#6115);
#6113 = CARTESIAN_POINT('',(-7.541887501693,-10.19076102911,0.));
#6114 = DIRECTION('',(0.,0.,-1.));
#6115 = DIRECTION('',(0.59367934653,0.804701704673,0.));
#6116 = ADVANCED_FACE('',(#6117),#6146,.F.);
#6117 = FACE_BOUND('',#6118,.F.);
#6118 = EDGE_LOOP('',(#6119,#6120,#6130,#6138));
#6119 = ORIENTED_EDGE('',*,*,#6097,.T.);
#6120 = ORIENTED_EDGE('',*,*,#6121,.T.);
#6121 = EDGE_CURVE('',#6089,#6122,#6124,.T.);
#6122 = VERTEX_POINT('',#6123);
#6123 = CARTESIAN_POINT('',(-7.653390583502,-11.48325941454,12.));
#6124 = B_SPLINE_CURVE_WITH_KNOTS('',4,(#6125,#6126,#6127,#6128,#6129),
  .UNSPECIFIED.,.F.,.F.,(5,5),(0.,1.),.PIECEWISE_BEZIER_KNOTS.);
#6125 = CARTESIAN_POINT('',(-7.335876857534,-10.28845245398,12.));
#6126 = CARTESIAN_POINT('',(-7.409083112357,-10.44930856589,12.));
#6127 = CARTESIAN_POINT('',(-7.50342730077,-10.69823800115,12.));
#6128 = CARTESIAN_POINT('',(-7.594387184023,-11.0436450572,12.));
#6129 = CARTESIAN_POINT('',(-7.653390583502,-11.48325941454,12.));
#6130 = ORIENTED_EDGE('',*,*,#6131,.F.);
#6131 = EDGE_CURVE('',#6132,#6122,#6134,.T.);
#6132 = VERTEX_POINT('',#6133);
#6133 = CARTESIAN_POINT('',(-7.653390583502,-11.48325941454,0.));
#6134 = LINE('',#6135,#6136);
#6135 = CARTESIAN_POINT('',(-7.653390583502,-11.48325941454,0.));
#6136 = VECTOR('',#6137,1.);
#6137 = DIRECTION('',(0.,0.,1.));
#6138 = ORIENTED_EDGE('',*,*,#6139,.F.);
#6139 = EDGE_CURVE('',#6098,#6132,#6140,.T.);
#6140 = B_SPLINE_CURVE_WITH_KNOTS('',4,(#6141,#6142,#6143,#6144,#6145),
  .UNSPECIFIED.,.F.,.F.,(5,5),(0.,1.),.PIECEWISE_BEZIER_KNOTS.);
#6141 = CARTESIAN_POINT('',(-7.335876857534,-10.28845245398,0.));
#6142 = CARTESIAN_POINT('',(-7.409083112357,-10.44930856589,0.));
#6143 = CARTESIAN_POINT('',(-7.50342730077,-10.69823800115,0.));
#6144 = CARTESIAN_POINT('',(-7.594387184023,-11.0436450572,0.));
#6145 = CARTESIAN_POINT('',(-7.653390583502,-11.48325941454,0.));
#6146 = SURFACE_OF_LINEAR_EXTRUSION('',#6147,#6153);
#6147 = B_SPLINE_CURVE_WITH_KNOTS('',4,(#6148,#6149,#6150,#6151,#6152),
  .UNSPECIFIED.,.F.,.F.,(5,5),(0.,1.),.PIECEWISE_BEZIER_KNOTS.);
#6148 = CARTESIAN_POINT('',(-7.335876857534,-10.28845245398,0.));
#6149 = CARTESIAN_POINT('',(-7.409083112357,-10.44930856589,0.));
#6150 = CARTESIAN_POINT('',(-7.50342730077,-10.69823800115,0.));
#6151 = CARTESIAN_POINT('',(-7.594387184023,-11.0436450572,0.));
#6152 = CARTESIAN_POINT('',(-7.653390583502,-11.48325941454,0.));
#6153 = VECTOR('',#6154,1.);
#6154 = DIRECTION('',(-0.,-0.,-1.));
#6155 = ADVANCED_FACE('',(#6156),#6183,.T.);
#6156 = FACE_BOUND('',#6157,.F.);
#6157 = EDGE_LOOP('',(#6158,#6159,#6168,#6176));
#6158 = ORIENTED_EDGE('',*,*,#6131,.T.);
#6159 = ORIENTED_EDGE('',*,*,#6160,.T.);
#6160 = EDGE_CURVE('',#6122,#6161,#6163,.T.);
#6161 = VERTEX_POINT('',#6162);
#6162 = CARTESIAN_POINT('',(-7.266167679467,-11.73212714105,12.));
#6163 = CIRCLE('',#6164,13.799999999979);
#6164 = AXIS2_PLACEMENT_3D('',#6165,#6166,#6167);
#6165 = CARTESIAN_POINT('',(3.378469509445E-04,-2.092486568941E-04,12.)
  );
#6166 = DIRECTION('',(0.,0.,1.));
#6167 = DIRECTION('',(-0.554618002208,-0.832105084486,0.));
#6168 = ORIENTED_EDGE('',*,*,#6169,.F.);
#6169 = EDGE_CURVE('',#6170,#6161,#6172,.T.);
#6170 = VERTEX_POINT('',#6171);
#6171 = CARTESIAN_POINT('',(-7.266167679467,-11.73212714105,0.));
#6172 = LINE('',#6173,#6174);
#6173 = CARTESIAN_POINT('',(-7.266167679467,-11.73212714105,0.));
#6174 = VECTOR('',#6175,1.);
#6175 = DIRECTION('',(0.,0.,1.));
#6176 = ORIENTED_EDGE('',*,*,#6177,.F.);
#6177 = EDGE_CURVE('',#6132,#6170,#6178,.T.);
#6178 = CIRCLE('',#6179,13.799999999979);
#6179 = AXIS2_PLACEMENT_3D('',#6180,#6181,#6182);
#6180 = CARTESIAN_POINT('',(3.378469509445E-04,-2.092486568941E-04,0.));
#6181 = DIRECTION('',(0.,0.,1.));
#6182 = DIRECTION('',(-0.554618002208,-0.832105084486,0.));
#6183 = CYLINDRICAL_SURFACE('',#6184,13.799999999979);
#6184 = AXIS2_PLACEMENT_3D('',#6185,#6186,#6187);
#6185 = CARTESIAN_POINT('',(3.378469509445E-04,-2.092486568941E-04,0.));
#6186 = DIRECTION('',(-0.,-0.,-1.));
#6187 = DIRECTION('',(-0.554618002208,-0.832105084486,0.));
#6188 = ADVANCED_FACE('',(#6189),#6218,.F.);
#6189 = FACE_BOUND('',#6190,.F.);
#6190 = EDGE_LOOP('',(#6191,#6192,#6202,#6210));
#6191 = ORIENTED_EDGE('',*,*,#6169,.T.);
#6192 = ORIENTED_EDGE('',*,*,#6193,.T.);
#6193 = EDGE_CURVE('',#6161,#6194,#6196,.T.);
#6194 = VERTEX_POINT('',#6195);
#6195 = CARTESIAN_POINT('',(-6.311273323886,-10.94692715907,12.));
#6196 = B_SPLINE_CURVE_WITH_KNOTS('',4,(#6197,#6198,#6199,#6200,#6201),
  .UNSPECIFIED.,.F.,.F.,(5,5),(0.,1.),.PIECEWISE_BEZIER_KNOTS.);
#6197 = CARTESIAN_POINT('',(-7.266167679467,-11.73212714105,12.));
#6198 = CARTESIAN_POINT('',(-6.890830438581,-11.49579352272,12.));
#6199 = CARTESIAN_POINT('',(-6.61442323006,-11.26956622594,12.));
#6200 = CARTESIAN_POINT('',(-6.427181043415,-11.080338709,12.));
#6201 = CARTESIAN_POINT('',(-6.311273323886,-10.94692715907,12.));
#6202 = ORIENTED_EDGE('',*,*,#6203,.F.);
#6203 = EDGE_CURVE('',#6204,#6194,#6206,.T.);
#6204 = VERTEX_POINT('',#6205);
#6205 = CARTESIAN_POINT('',(-6.311273323886,-10.94692715907,0.));
#6206 = LINE('',#6207,#6208);
#6207 = CARTESIAN_POINT('',(-6.311273323886,-10.94692715907,0.));
#6208 = VECTOR('',#6209,1.);
#6209 = DIRECTION('',(0.,0.,1.));
#6210 = ORIENTED_EDGE('',*,*,#6211,.F.);
#6211 = EDGE_CURVE('',#6170,#6204,#6212,.T.);
#6212 = B_SPLINE_CURVE_WITH_KNOTS('',4,(#6213,#6214,#6215,#6216,#6217),
  .UNSPECIFIED.,.F.,.F.,(5,5),(0.,1.),.PIECEWISE_BEZIER_KNOTS.);
#6213 = CARTESIAN_POINT('',(-7.266167679467,-11.73212714105,0.));
#6214 = CARTESIAN_POINT('',(-6.890830438581,-11.49579352272,0.));
#6215 = CARTESIAN_POINT('',(-6.61442323006,-11.26956622594,0.));
#6216 = CARTESIAN_POINT('',(-6.427181043415,-11.080338709,0.));
#6217 = CARTESIAN_POINT('',(-6.311273323886,-10.94692715907,0.));
#6218 = SURFACE_OF_LINEAR_EXTRUSION('',#6219,#6225);
#6219 = B_SPLINE_CURVE_WITH_KNOTS('',4,(#6220,#6221,#6222,#6223,#6224),
  .UNSPECIFIED.,.F.,.F.,(5,5),(0.,1.),.PIECEWISE_BEZIER_KNOTS.);
#6220 = CARTESIAN_POINT('',(-7.266167679467,-11.73212714105,0.));
#6221 = CARTESIAN_POINT('',(-6.890830438581,-11.49579352272,0.));
#6222 = CARTESIAN_POINT('',(-6.61442323006,-11.26956622594,0.));
#6223 = CARTESIAN_POINT('',(-6.427181043415,-11.080338709,0.));
#6224 = CARTESIAN_POINT('',(-6.311273323886,-10.94692715907,0.));
#6225 = VECTOR('',#6226,1.);
#6226 = DIRECTION('',(-0.,-0.,-1.));
#6227 = ADVANCED_FACE('',(#6228),#6255,.F.);
#6228 = FACE_BOUND('',#6229,.F.);
#6229 = EDGE_LOOP('',(#6230,#6231,#6240,#6248));
#6230 = ORIENTED_EDGE('',*,*,#6203,.T.);
#6231 = ORIENTED_EDGE('',*,*,#6232,.T.);
#6232 = EDGE_CURVE('',#6194,#6233,#6235,.T.);
#6233 = VERTEX_POINT('',#6234);
#6234 = CARTESIAN_POINT('',(-6.026167118848,-10.89439350563,12.));
#6235 = CIRCLE('',#6236,0.228);
#6236 = AXIS2_PLACEMENT_3D('',#6237,#6238,#6239);
#6237 = CARTESIAN_POINT('',(-6.13682907697,-11.09373725654,12.));
#6238 = DIRECTION('',(0.,0.,-1.));
#6239 = DIRECTION('',(-0.765106346122,0.643903936254,0.));
#6240 = ORIENTED_EDGE('',*,*,#6241,.F.);
#6241 = EDGE_CURVE('',#6242,#6233,#6244,.T.);
#6242 = VERTEX_POINT('',#6243);
#6243 = CARTESIAN_POINT('',(-6.026167118848,-10.89439350563,0.));
#6244 = LINE('',#6245,#6246);
#6245 = CARTESIAN_POINT('',(-6.026167118848,-10.89439350563,0.));
#6246 = VECTOR('',#6247,1.);
#6247 = DIRECTION('',(0.,0.,1.));
#6248 = ORIENTED_EDGE('',*,*,#6249,.F.);
#6249 = EDGE_CURVE('',#6204,#6242,#6250,.T.);
#6250 = CIRCLE('',#6251,0.228);
#6251 = AXIS2_PLACEMENT_3D('',#6252,#6253,#6254);
#6252 = CARTESIAN_POINT('',(-6.13682907697,-11.09373725654,0.));
#6253 = DIRECTION('',(0.,0.,-1.));
#6254 = DIRECTION('',(-0.765106346122,0.643903936254,0.));
#6255 = CYLINDRICAL_SURFACE('',#6256,0.228);
#6256 = AXIS2_PLACEMENT_3D('',#6257,#6258,#6259);
#6257 = CARTESIAN_POINT('',(-6.13682907697,-11.09373725654,0.));
#6258 = DIRECTION('',(0.,0.,-1.));
#6259 = DIRECTION('',(-0.765106346122,0.643903936254,0.));
#6260 = ADVANCED_FACE('',(#6261),#6288,.T.);
#6261 = FACE_BOUND('',#6262,.F.);
#6262 = EDGE_LOOP('',(#6263,#6264,#6273,#6281));
#6263 = ORIENTED_EDGE('',*,*,#6241,.T.);
#6264 = ORIENTED_EDGE('',*,*,#6265,.T.);
#6265 = EDGE_CURVE('',#6233,#6266,#6268,.T.);
#6266 = VERTEX_POINT('',#6267);
#6267 = CARTESIAN_POINT('',(-5.906955107414,-10.95948818873,12.));
#6268 = CIRCLE('',#6269,12.450000000183);
#6269 = AXIS2_PLACEMENT_3D('',#6270,#6271,#6272);
#6270 = CARTESIAN_POINT('',(8.756728675507E-11,1.605897637091E-10,12.));
#6271 = DIRECTION('',(0.,0.,1.));
#6272 = DIRECTION('',(-0.484029487458,-0.8750516872,0.));
#6273 = ORIENTED_EDGE('',*,*,#6274,.F.);
#6274 = EDGE_CURVE('',#6275,#6266,#6277,.T.);
#6275 = VERTEX_POINT('',#6276);
#6276 = CARTESIAN_POINT('',(-5.906955107414,-10.95948818873,0.));
#6277 = LINE('',#6278,#6279);
#6278 = CARTESIAN_POINT('',(-5.906955107414,-10.95948818873,0.));
#6279 = VECTOR('',#6280,1.);
#6280 = DIRECTION('',(0.,0.,1.));
#6281 = ORIENTED_EDGE('',*,*,#6282,.F.);
#6282 = EDGE_CURVE('',#6242,#6275,#6283,.T.);
#6283 = CIRCLE('',#6284,12.450000000183);
#6284 = AXIS2_PLACEMENT_3D('',#6285,#6286,#6287);
#6285 = CARTESIAN_POINT('',(8.756728675507E-11,1.605897637091E-10,0.));
#6286 = DIRECTION('',(0.,0.,1.));
#6287 = DIRECTION('',(-0.484029487458,-0.8750516872,0.));
#6288 = CYLINDRICAL_SURFACE('',#6289,12.450000000183);
#6289 = AXIS2_PLACEMENT_3D('',#6290,#6291,#6292);
#6290 = CARTESIAN_POINT('',(8.756728675507E-11,1.605897637091E-10,0.));
#6291 = DIRECTION('',(-0.,-0.,-1.));
#6292 = DIRECTION('',(-0.484029487458,-0.8750516872,0.));
#6293 = ADVANCED_FACE('',(#6294),#6321,.F.);
#6294 = FACE_BOUND('',#6295,.F.);
#6295 = EDGE_LOOP('',(#6296,#6297,#6306,#6314));
#6296 = ORIENTED_EDGE('',*,*,#6274,.T.);
#6297 = ORIENTED_EDGE('',*,*,#6298,.T.);
#6298 = EDGE_CURVE('',#6266,#6299,#6301,.T.);
#6299 = VERTEX_POINT('',#6300);
#6300 = CARTESIAN_POINT('',(-5.797008761514,-11.2277349713,12.));
#6301 = CIRCLE('',#6302,0.228);
#6302 = AXIS2_PLACEMENT_3D('',#6303,#6304,#6305);
#6303 = CARTESIAN_POINT('',(-6.014825453689,-11.16035627578,12.));
#6304 = DIRECTION('',(0.,0.,-1.));
#6305 = DIRECTION('',(0.473115553839,0.881000381791,0.));
#6306 = ORIENTED_EDGE('',*,*,#6307,.F.);
#6307 = EDGE_CURVE('',#6308,#6299,#6310,.T.);
#6308 = VERTEX_POINT('',#6309);
#6309 = CARTESIAN_POINT('',(-5.797008761514,-11.2277349713,0.));
#6310 = LINE('',#6311,#6312);
#6311 = CARTESIAN_POINT('',(-5.797008761514,-11.2277349713,0.));
#6312 = VECTOR('',#6313,1.);
#6313 = DIRECTION('',(0.,0.,1.));
#6314 = ORIENTED_EDGE('',*,*,#6315,.F.);
#6315 = EDGE_CURVE('',#6275,#6308,#6316,.T.);
#6316 = CIRCLE('',#6317,0.228);
#6317 = AXIS2_PLACEMENT_3D('',#6318,#6319,#6320);
#6318 = CARTESIAN_POINT('',(-6.014825453689,-11.16035627578,0.));
#6319 = DIRECTION('',(0.,0.,-1.));
#6320 = DIRECTION('',(0.473115553839,0.881000381791,0.));
#6321 = CYLINDRICAL_SURFACE('',#6322,0.228);
#6322 = AXIS2_PLACEMENT_3D('',#6323,#6324,#6325);
#6323 = CARTESIAN_POINT('',(-6.014825453689,-11.16035627578,0.));
#6324 = DIRECTION('',(0.,0.,-1.));
#6325 = DIRECTION('',(0.473115553839,0.881000381791,0.));
#6326 = ADVANCED_FACE('',(#6327),#6356,.F.);
#6327 = FACE_BOUND('',#6328,.F.);
#6328 = EDGE_LOOP('',(#6329,#6330,#6340,#6348));
#6329 = ORIENTED_EDGE('',*,*,#6307,.T.);
#6330 = ORIENTED_EDGE('',*,*,#6331,.T.);
#6331 = EDGE_CURVE('',#6299,#6332,#6334,.T.);
#6332 = VERTEX_POINT('',#6333);
#6333 = CARTESIAN_POINT('',(-5.941251896208,-12.45556743433,12.));
#6334 = B_SPLINE_CURVE_WITH_KNOTS('',4,(#6335,#6336,#6337,#6338,#6339),
  .UNSPECIFIED.,.F.,.F.,(5,5),(0.,1.),.PIECEWISE_BEZIER_KNOTS.);
#6335 = CARTESIAN_POINT('',(-5.797008761514,-11.2277349713,12.));
#6336 = CARTESIAN_POINT('',(-5.846577670666,-11.39737213623,12.));
#6337 = CARTESIAN_POINT('',(-5.904535218953,-11.65719440669,12.));
#6338 = CARTESIAN_POINT('',(-5.945412712428,-12.01203065802,12.));
#6339 = CARTESIAN_POINT('',(-5.941251896208,-12.45556743433,12.));
#6340 = ORIENTED_EDGE('',*,*,#6341,.F.);
#6341 = EDGE_CURVE('',#6342,#6332,#6344,.T.);
#6342 = VERTEX_POINT('',#6343);
#6343 = CARTESIAN_POINT('',(-5.941251896208,-12.45556743433,0.));
#6344 = LINE('',#6345,#6346);
#6345 = CARTESIAN_POINT('',(-5.941251896208,-12.45556743433,0.));
#6346 = VECTOR('',#6347,1.);
#6347 = DIRECTION('',(0.,0.,1.));
#6348 = ORIENTED_EDGE('',*,*,#6349,.F.);
#6349 = EDGE_CURVE('',#6308,#6342,#6350,.T.);
#6350 = B_SPLINE_CURVE_WITH_KNOTS('',4,(#6351,#6352,#6353,#6354,#6355),
  .UNSPECIFIED.,.F.,.F.,(5,5),(0.,1.),.PIECEWISE_BEZIER_KNOTS.);
#6351 = CARTESIAN_POINT('',(-5.797008761514,-11.2277349713,0.));
#6352 = CARTESIAN_POINT('',(-5.846577670666,-11.39737213623,0.));
#6353 = CARTESIAN_POINT('',(-5.904535218953,-11.65719440669,0.));
#6354 = CARTESIAN_POINT('',(-5.945412712428,-12.01203065802,0.));
#6355 = CARTESIAN_POINT('',(-5.941251896208,-12.45556743433,0.));
#6356 = SURFACE_OF_LINEAR_EXTRUSION('',#6357,#6363);
#6357 = B_SPLINE_CURVE_WITH_KNOTS('',4,(#6358,#6359,#6360,#6361,#6362),
  .UNSPECIFIED.,.F.,.F.,(5,5),(0.,1.),.PIECEWISE_BEZIER_KNOTS.);
#6358 = CARTESIAN_POINT('',(-5.797008761514,-11.2277349713,0.));
#6359 = CARTESIAN_POINT('',(-5.846577670666,-11.39737213623,0.));
#6360 = CARTESIAN_POINT('',(-5.904535218953,-11.65719440669,0.));
#6361 = CARTESIAN_POINT('',(-5.945412712428,-12.01203065802,0.));
#6362 = CARTESIAN_POINT('',(-5.941251896208,-12.45556743433,0.));
#6363 = VECTOR('',#6364,1.);
#6364 = DIRECTION('',(-0.,-0.,-1.));
#6365 = ADVANCED_FACE('',(#6366),#6393,.T.);
#6366 = FACE_BOUND('',#6367,.F.);
#6367 = EDGE_LOOP('',(#6368,#6369,#6378,#6386));
#6368 = ORIENTED_EDGE('',*,*,#6341,.T.);
#6369 = ORIENTED_EDGE('',*,*,#6370,.T.);
#6370 = EDGE_CURVE('',#6332,#6371,#6373,.T.);
#6371 = VERTEX_POINT('',#6372);
#6372 = CARTESIAN_POINT('',(-5.522552792758,-12.64679448125,12.));
#6373 = CIRCLE('',#6374,13.799999999997);
#6374 = AXIS2_PLACEMENT_3D('',#6375,#6376,#6377);
#6375 = CARTESIAN_POINT('',(3.64187352262E-04,-1.590381569656E-04,12.));
#6376 = DIRECTION('',(0.,0.,1.));
#6377 = DIRECTION('',(-0.430551890113,-0.90256582581,0.));
#6378 = ORIENTED_EDGE('',*,*,#6379,.F.);
#6379 = EDGE_CURVE('',#6380,#6371,#6382,.T.);
#6380 = VERTEX_POINT('',#6381);
#6381 = CARTESIAN_POINT('',(-5.522552792758,-12.64679448125,0.));
#6382 = LINE('',#6383,#6384);
#6383 = CARTESIAN_POINT('',(-5.522552792758,-12.64679448125,0.));
#6384 = VECTOR('',#6385,1.);
#6385 = DIRECTION('',(0.,0.,1.));
#6386 = ORIENTED_EDGE('',*,*,#6387,.F.);
#6387 = EDGE_CURVE('',#6342,#6380,#6388,.T.);
#6388 = CIRCLE('',#6389,13.799999999997);
#6389 = AXIS2_PLACEMENT_3D('',#6390,#6391,#6392);
#6390 = CARTESIAN_POINT('',(3.64187352262E-04,-1.590381569656E-04,0.));
#6391 = DIRECTION('',(0.,0.,1.));
#6392 = DIRECTION('',(-0.430551890113,-0.90256582581,0.));
#6393 = CYLINDRICAL_SURFACE('',#6394,13.799999999997);
#6394 = AXIS2_PLACEMENT_3D('',#6395,#6396,#6397);
#6395 = CARTESIAN_POINT('',(3.64187352262E-04,-1.590381569656E-04,0.));
#6396 = DIRECTION('',(-0.,-0.,-1.));
#6397 = DIRECTION('',(-0.430551890113,-0.90256582581,0.));
#6398 = ADVANCED_FACE('',(#6399),#6428,.F.);
#6399 = FACE_BOUND('',#6400,.F.);
#6400 = EDGE_LOOP('',(#6401,#6402,#6412,#6420));
#6401 = ORIENTED_EDGE('',*,*,#6379,.T.);
#6402 = ORIENTED_EDGE('',*,*,#6403,.T.);
#6403 = EDGE_CURVE('',#6371,#6404,#6406,.T.);
#6404 = VERTEX_POINT('',#6405);
#6405 = CARTESIAN_POINT('',(-4.68912349332,-11.73369106715,12.));
#6406 = B_SPLINE_CURVE_WITH_KNOTS('',4,(#6407,#6408,#6409,#6410,#6411),
  .UNSPECIFIED.,.F.,.F.,(5,5),(0.,1.),.PIECEWISE_BEZIER_KNOTS.);
#6407 = CARTESIAN_POINT('',(-5.522552792758,-12.64679448125,12.));
#6408 = CARTESIAN_POINT('',(-5.184669724463,-12.35945033966,12.));
#6409 = CARTESIAN_POINT('',(-4.943271443934,-12.09618886339,12.));
#6410 = CARTESIAN_POINT('',(-4.784864996238,-11.88224006821,12.));
#6411 = CARTESIAN_POINT('',(-4.68912349332,-11.73369106715,12.));
#6412 = ORIENTED_EDGE('',*,*,#6413,.F.);
#6413 = EDGE_CURVE('',#6414,#6404,#6416,.T.);
#6414 = VERTEX_POINT('',#6415);
#6415 = CARTESIAN_POINT('',(-4.68912349332,-11.73369106715,0.));
#6416 = LINE('',#6417,#6418);
#6417 = CARTESIAN_POINT('',(-4.68912349332,-11.73369106715,0.));
#6418 = VECTOR('',#6419,1.);
#6419 = DIRECTION('',(0.,0.,1.));
#6420 = ORIENTED_EDGE('',*,*,#6421,.F.);
#6421 = EDGE_CURVE('',#6380,#6414,#6422,.T.);
#6422 = B_SPLINE_CURVE_WITH_KNOTS('',4,(#6423,#6424,#6425,#6426,#6427),
  .UNSPECIFIED.,.F.,.F.,(5,5),(0.,1.),.PIECEWISE_BEZIER_KNOTS.);
#6423 = CARTESIAN_POINT('',(-5.522552792758,-12.64679448125,0.));
#6424 = CARTESIAN_POINT('',(-5.184669724463,-12.35945033966,0.));
#6425 = CARTESIAN_POINT('',(-4.943271443934,-12.09618886339,0.));
#6426 = CARTESIAN_POINT('',(-4.784864996238,-11.88224006821,0.));
#6427 = CARTESIAN_POINT('',(-4.68912349332,-11.73369106715,0.));
#6428 = SURFACE_OF_LINEAR_EXTRUSION('',#6429,#6435);
#6429 = B_SPLINE_CURVE_WITH_KNOTS('',4,(#6430,#6431,#6432,#6433,#6434),
  .UNSPECIFIED.,.F.,.F.,(5,5),(0.,1.),.PIECEWISE_BEZIER_KNOTS.);
#6430 = CARTESIAN_POINT('',(-5.522552792758,-12.64679448125,0.));
#6431 = CARTESIAN_POINT('',(-5.184669724463,-12.35945033966,0.));
#6432 = CARTESIAN_POINT('',(-4.943271443934,-12.09618886339,0.));
#6433 = CARTESIAN_POINT('',(-4.784864996238,-11.88224006821,0.));
#6434 = CARTESIAN_POINT('',(-4.68912349332,-11.73369106715,0.));
#6435 = VECTOR('',#6436,1.);
#6436 = DIRECTION('',(-0.,-0.,-1.));
#6437 = ADVANCED_FACE('',(#6438),#6465,.F.);
#6438 = FACE_BOUND('',#6439,.F.);
#6439 = EDGE_LOOP('',(#6440,#6441,#6450,#6458));
#6440 = ORIENTED_EDGE('',*,*,#6413,.T.);
#6441 = ORIENTED_EDGE('',*,*,#6442,.T.);
#6442 = EDGE_CURVE('',#6404,#6443,#6445,.T.);
#6443 = VERTEX_POINT('',#6444);
#6444 = CARTESIAN_POINT('',(-4.414395576753,-11.64111728709,12.));
#6445 = CIRCLE('',#6446,0.228);
#6446 = AXIS2_PLACEMENT_3D('',#6447,#6448,#6449);
#6447 = CARTESIAN_POINT('',(-4.495561582032,-11.85418084472,12.));
#6448 = DIRECTION('',(0.,0.,-1.));
#6449 = DIRECTION('',(-0.848955751263,0.528463936705,0.));
#6450 = ORIENTED_EDGE('',*,*,#6451,.F.);
#6451 = EDGE_CURVE('',#6452,#6443,#6454,.T.);
#6452 = VERTEX_POINT('',#6453);
#6453 = CARTESIAN_POINT('',(-4.414395576753,-11.64111728709,0.));
#6454 = LINE('',#6455,#6456);
#6455 = CARTESIAN_POINT('',(-4.414395576753,-11.64111728709,0.));
#6456 = VECTOR('',#6457,1.);
#6457 = DIRECTION('',(0.,0.,1.));
#6458 = ORIENTED_EDGE('',*,*,#6459,.F.);
#6459 = EDGE_CURVE('',#6414,#6452,#6460,.T.);
#6460 = CIRCLE('',#6461,0.228);
#6461 = AXIS2_PLACEMENT_3D('',#6462,#6463,#6464);
#6462 = CARTESIAN_POINT('',(-4.495561582032,-11.85418084472,0.));
#6463 = DIRECTION('',(0.,0.,-1.));
#6464 = DIRECTION('',(-0.848955751263,0.528463936705,0.));
#6465 = CYLINDRICAL_SURFACE('',#6466,0.228);
#6466 = AXIS2_PLACEMENT_3D('',#6467,#6468,#6469);
#6467 = CARTESIAN_POINT('',(-4.495561582032,-11.85418084472,0.));
#6468 = DIRECTION('',(0.,0.,-1.));
#6469 = DIRECTION('',(-0.848955751263,0.528463936705,0.));
#6470 = ADVANCED_FACE('',(#6471),#6498,.T.);
#6471 = FACE_BOUND('',#6472,.F.);
#6472 = EDGE_LOOP('',(#6473,#6474,#6483,#6491));
#6473 = ORIENTED_EDGE('',*,*,#6451,.T.);
#6474 = ORIENTED_EDGE('',*,*,#6475,.T.);
#6475 = EDGE_CURVE('',#6443,#6476,#6478,.T.);
#6476 = VERTEX_POINT('',#6477);
#6477 = CARTESIAN_POINT('',(-4.287133032409,-11.68858376204,12.));
#6478 = CIRCLE('',#6479,12.449999999742);
#6479 = AXIS2_PLACEMENT_3D('',#6480,#6481,#6482);
#6480 = CARTESIAN_POINT('',(-9.004130774315E-11,-2.415259103827E-10,12.)
  );
#6481 = DIRECTION('',(0.,0.,1.));
#6482 = DIRECTION('',(-0.354569925844,-0.935029500972,0.));
#6483 = ORIENTED_EDGE('',*,*,#6484,.F.);
#6484 = EDGE_CURVE('',#6485,#6476,#6487,.T.);
#6485 = VERTEX_POINT('',#6486);
#6486 = CARTESIAN_POINT('',(-4.287133032409,-11.68858376204,0.));
#6487 = LINE('',#6488,#6489);
#6488 = CARTESIAN_POINT('',(-4.287133032409,-11.68858376204,0.));
#6489 = VECTOR('',#6490,1.);
#6490 = DIRECTION('',(0.,0.,1.));
#6491 = ORIENTED_EDGE('',*,*,#6492,.F.);
#6492 = EDGE_CURVE('',#6452,#6485,#6493,.T.);
#6493 = CIRCLE('',#6494,12.449999999742);
#6494 = AXIS2_PLACEMENT_3D('',#6495,#6496,#6497);
#6495 = CARTESIAN_POINT('',(-9.004130774315E-11,-2.415259103827E-10,0.)
  );
#6496 = DIRECTION('',(0.,0.,1.));
#6497 = DIRECTION('',(-0.354569925844,-0.935029500972,0.));
#6498 = CYLINDRICAL_SURFACE('',#6499,12.449999999742);
#6499 = AXIS2_PLACEMENT_3D('',#6500,#6501,#6502);
#6500 = CARTESIAN_POINT('',(-9.004130774315E-11,-2.415259103827E-10,0.)
  );
#6501 = DIRECTION('',(-0.,-0.,-1.));
#6502 = DIRECTION('',(-0.354569925844,-0.935029500972,0.));
#6503 = ADVANCED_FACE('',(#6504),#6531,.F.);
#6504 = FACE_BOUND('',#6505,.F.);
#6505 = EDGE_LOOP('',(#6506,#6507,#6516,#6524));
#6506 = ORIENTED_EDGE('',*,*,#6484,.T.);
#6507 = ORIENTED_EDGE('',*,*,#6508,.T.);
#6508 = EDGE_CURVE('',#6476,#6509,#6511,.T.);
#6509 = VERTEX_POINT('',#6510);
#6510 = CARTESIAN_POINT('',(-4.140130284302,-11.93845318271,12.));
#6511 = CIRCLE('',#6512,0.228);
#6512 = AXIS2_PLACEMENT_3D('',#6513,#6514,#6515);
#6513 = CARTESIAN_POINT('',(-4.365318904772,-11.90275885248,12.));
#6514 = DIRECTION('',(0.,0.,-1.));
#6515 = DIRECTION('',(0.342920492823,0.939364431731,0.));
#6516 = ORIENTED_EDGE('',*,*,#6517,.F.);
#6517 = EDGE_CURVE('',#6518,#6509,#6520,.T.);
#6518 = VERTEX_POINT('',#6519);
#6519 = CARTESIAN_POINT('',(-4.140130284302,-11.93845318271,0.));
#6520 = LINE('',#6521,#6522);
#6521 = CARTESIAN_POINT('',(-4.140130284302,-11.93845318271,0.));
#6522 = VECTOR('',#6523,1.);
#6523 = DIRECTION('',(0.,0.,1.));
#6524 = ORIENTED_EDGE('',*,*,#6525,.F.);
#6525 = EDGE_CURVE('',#6485,#6518,#6526,.T.);
#6526 = CIRCLE('',#6527,0.228);
#6527 = AXIS2_PLACEMENT_3D('',#6528,#6529,#6530);
#6528 = CARTESIAN_POINT('',(-4.365318904772,-11.90275885248,0.));
#6529 = DIRECTION('',(0.,0.,-1.));
#6530 = DIRECTION('',(0.342920492823,0.939364431731,0.));
#6531 = CYLINDRICAL_SURFACE('',#6532,0.228);
#6532 = AXIS2_PLACEMENT_3D('',#6533,#6534,#6535);
#6533 = CARTESIAN_POINT('',(-4.365318904772,-11.90275885248,0.));
#6534 = DIRECTION('',(0.,0.,-1.));
#6535 = DIRECTION('',(0.342920492823,0.939364431731,0.));
#6536 = ADVANCED_FACE('',(#6537),#6566,.F.);
#6537 = FACE_BOUND('',#6538,.F.);
#6538 = EDGE_LOOP('',(#6539,#6540,#6550,#6558));
#6539 = ORIENTED_EDGE('',*,*,#6517,.T.);
#6540 = ORIENTED_EDGE('',*,*,#6541,.T.);
#6541 = EDGE_CURVE('',#6509,#6542,#6544,.T.);
#6542 = VERTEX_POINT('',#6543);
#6543 = CARTESIAN_POINT('',(-4.108166453464,-13.17431602004,12.));
#6544 = B_SPLINE_CURVE_WITH_KNOTS('',4,(#6545,#6546,#6547,#6548,#6549),
  .UNSPECIFIED.,.F.,.F.,(5,5),(0.,1.),.PIECEWISE_BEZIER_KNOTS.);
#6545 = CARTESIAN_POINT('',(-4.140130284302,-11.93845318271,12.));
#6546 = CARTESIAN_POINT('',(-4.165052767739,-12.11341807719,12.));
#6547 = CARTESIAN_POINT('',(-4.185443827352,-12.37884395068,12.));
#6548 = CARTESIAN_POINT('',(-4.175406783162,-12.73588595448,12.));
#6549 = CARTESIAN_POINT('',(-4.108166453464,-13.17431602004,12.));
#6550 = ORIENTED_EDGE('',*,*,#6551,.F.);
#6551 = EDGE_CURVE('',#6552,#6542,#6554,.T.);
#6552 = VERTEX_POINT('',#6553);
#6553 = CARTESIAN_POINT('',(-4.108166453464,-13.17431602004,0.));
#6554 = LINE('',#6555,#6556);
#6555 = CARTESIAN_POINT('',(-4.108166453464,-13.17431602004,0.));
#6556 = VECTOR('',#6557,1.);
#6557 = DIRECTION('',(0.,0.,1.));
#6558 = ORIENTED_EDGE('',*,*,#6559,.F.);
#6559 = EDGE_CURVE('',#6518,#6552,#6560,.T.);
#6560 = B_SPLINE_CURVE_WITH_KNOTS('',4,(#6561,#6562,#6563,#6564,#6565),
  .UNSPECIFIED.,.F.,.F.,(5,5),(0.,1.),.PIECEWISE_BEZIER_KNOTS.);
#6561 = CARTESIAN_POINT('',(-4.140130284302,-11.93845318271,0.));
#6562 = CARTESIAN_POINT('',(-4.165052767739,-12.11341807719,0.));
#6563 = CARTESIAN_POINT('',(-4.185443827352,-12.37884395068,0.));
#6564 = CARTESIAN_POINT('',(-4.175406783162,-12.73588595448,0.));
#6565 = CARTESIAN_POINT('',(-4.108166453464,-13.17431602004,0.));
#6566 = SURFACE_OF_LINEAR_EXTRUSION('',#6567,#6573);
#6567 = B_SPLINE_CURVE_WITH_KNOTS('',4,(#6568,#6569,#6570,#6571,#6572),
  .UNSPECIFIED.,.F.,.F.,(5,5),(0.,1.),.PIECEWISE_BEZIER_KNOTS.);
#6568 = CARTESIAN_POINT('',(-4.140130284302,-11.93845318271,0.));
#6569 = CARTESIAN_POINT('',(-4.165052767739,-12.11341807719,0.));
#6570 = CARTESIAN_POINT('',(-4.185443827352,-12.37884395068,0.));
#6571 = CARTESIAN_POINT('',(-4.175406783162,-12.73588595448,0.));
#6572 = CARTESIAN_POINT('',(-4.108166453464,-13.17431602004,0.));
#6573 = VECTOR('',#6574,1.);
#6574 = DIRECTION('',(-0.,-0.,-1.));
#6575 = ADVANCED_FACE('',(#6576),#6603,.T.);
#6576 = FACE_BOUND('',#6577,.F.);
#6577 = EDGE_LOOP('',(#6578,#6579,#6588,#6596));
#6578 = ORIENTED_EDGE('',*,*,#6551,.T.);
#6579 = ORIENTED_EDGE('',*,*,#6580,.T.);
#6580 = EDGE_CURVE('',#6542,#6581,#6583,.T.);
#6581 = VERTEX_POINT('',#6582);
#6582 = CARTESIAN_POINT('',(-3.666514656915,-13.30400955616,12.));
#6583 = CIRCLE('',#6584,13.799999999987);
#6584 = AXIS2_PLACEMENT_3D('',#6585,#6586,#6587);
#6585 = CARTESIAN_POINT('',(3.831139368302E-04,-1.055901235985E-04,12.)
  );
#6586 = DIRECTION('',(0.,0.,1.));
#6587 = DIRECTION('',(-0.297720983145,-0.954652929705,0.));
#6588 = ORIENTED_EDGE('',*,*,#6589,.F.);
#6589 = EDGE_CURVE('',#6590,#6581,#6592,.T.);
#6590 = VERTEX_POINT('',#6591);
#6591 = CARTESIAN_POINT('',(-3.666514656915,-13.30400955616,0.));
#6592 = LINE('',#6593,#6594);
#6593 = CARTESIAN_POINT('',(-3.666514656915,-13.30400955616,0.));
#6594 = VECTOR('',#6595,1.);
#6595 = DIRECTION('',(0.,0.,1.));
#6596 = ORIENTED_EDGE('',*,*,#6597,.F.);
#6597 = EDGE_CURVE('',#6552,#6590,#6598,.T.);
#6598 = CIRCLE('',#6599,13.799999999987);
#6599 = AXIS2_PLACEMENT_3D('',#6600,#6601,#6602);
#6600 = CARTESIAN_POINT('',(3.831139368302E-04,-1.055901235985E-04,0.));
#6601 = DIRECTION('',(0.,0.,1.));
#6602 = DIRECTION('',(-0.297720983145,-0.954652929705,0.));
#6603 = CYLINDRICAL_SURFACE('',#6604,13.799999999987);
#6604 = AXIS2_PLACEMENT_3D('',#6605,#6606,#6607);
#6605 = CARTESIAN_POINT('',(3.831139368302E-04,-1.055901235985E-04,0.));
#6606 = DIRECTION('',(-0.,-0.,-1.));
#6607 = DIRECTION('',(-0.297720983145,-0.954652929705,0.));
#6608 = ADVANCED_FACE('',(#6609),#6638,.F.);
#6609 = FACE_BOUND('',#6610,.F.);
#6610 = EDGE_LOOP('',(#6611,#6612,#6622,#6630));
#6611 = ORIENTED_EDGE('',*,*,#6589,.T.);
#6612 = ORIENTED_EDGE('',*,*,#6613,.T.);
#6613 = EDGE_CURVE('',#6581,#6614,#6616,.T.);
#6614 = VERTEX_POINT('',#6615);
#6615 = CARTESIAN_POINT('',(-2.971516630745,-12.28159086226,12.));
#6616 = B_SPLINE_CURVE_WITH_KNOTS('',4,(#6617,#6618,#6619,#6620,#6621),
  .UNSPECIFIED.,.F.,.F.,(5,5),(0.,1.),.PIECEWISE_BEZIER_KNOTS.);
#6617 = CARTESIAN_POINT('',(-3.666514656915,-13.30400955616,12.));
#6618 = CARTESIAN_POINT('',(-3.372964086109,-12.97150438939,12.));
#6619 = CARTESIAN_POINT('',(-3.171488906426,-12.67656797811,12.));
#6620 = CARTESIAN_POINT('',(-3.045142896149,-12.44225328519,12.));
#6621 = CARTESIAN_POINT('',(-2.971516630745,-12.28159086226,12.));
#6622 = ORIENTED_EDGE('',*,*,#6623,.F.);
#6623 = EDGE_CURVE('',#6624,#6614,#6626,.T.);
#6624 = VERTEX_POINT('',#6625);
#6625 = CARTESIAN_POINT('',(-2.971516630745,-12.28159086226,0.));
#6626 = LINE('',#6627,#6628);
#6627 = CARTESIAN_POINT('',(-2.971516630745,-12.28159086226,0.));
#6628 = VECTOR('',#6629,1.);
#6629 = DIRECTION('',(0.,0.,1.));
#6630 = ORIENTED_EDGE('',*,*,#6631,.F.);
#6631 = EDGE_CURVE('',#6590,#6624,#6632,.T.);
#6632 = B_SPLINE_CURVE_WITH_KNOTS('',4,(#6633,#6634,#6635,#6636,#6637),
  .UNSPECIFIED.,.F.,.F.,(5,5),(0.,1.),.PIECEWISE_BEZIER_KNOTS.);
#6633 = CARTESIAN_POINT('',(-3.666514656915,-13.30400955616,0.));
#6634 = CARTESIAN_POINT('',(-3.372964086109,-12.97150438939,0.));
#6635 = CARTESIAN_POINT('',(-3.171488906426,-12.67656797811,0.));
#6636 = CARTESIAN_POINT('',(-3.045142896149,-12.44225328519,0.));
#6637 = CARTESIAN_POINT('',(-2.971516630745,-12.28159086226,0.));
#6638 = SURFACE_OF_LINEAR_EXTRUSION('',#6639,#6645);
#6639 = B_SPLINE_CURVE_WITH_KNOTS('',4,(#6640,#6641,#6642,#6643,#6644),
  .UNSPECIFIED.,.F.,.F.,(5,5),(0.,1.),.PIECEWISE_BEZIER_KNOTS.);
#6640 = CARTESIAN_POINT('',(-3.666514656915,-13.30400955616,0.));
#6641 = CARTESIAN_POINT('',(-3.372964086109,-12.97150438939,0.));
#6642 = CARTESIAN_POINT('',(-3.171488906426,-12.67656797811,0.));
#6643 = CARTESIAN_POINT('',(-3.045142896149,-12.44225328519,0.));
#6644 = CARTESIAN_POINT('',(-2.971516630745,-12.28159086226,0.));
#6645 = VECTOR('',#6646,1.);
#6646 = DIRECTION('',(-0.,-0.,-1.));
#6647 = ADVANCED_FACE('',(#6648),#6675,.F.);
#6648 = FACE_BOUND('',#6649,.F.);
#6649 = EDGE_LOOP('',(#6650,#6651,#6660,#6668));
#6650 = ORIENTED_EDGE('',*,*,#6623,.T.);
#6651 = ORIENTED_EDGE('',*,*,#6652,.T.);
#6652 = EDGE_CURVE('',#6614,#6653,#6655,.T.);
#6653 = VERTEX_POINT('',#6654);
#6654 = CARTESIAN_POINT('',(-2.712759670781,-12.15086149079,12.));
#6655 = CIRCLE('',#6656,0.228);
#6656 = AXIS2_PLACEMENT_3D('',#6657,#6658,#6659);
#6657 = CARTESIAN_POINT('',(-2.762777417413,-12.37330749553,12.));
#6658 = DIRECTION('',(0.,0.,-1.));
#6659 = DIRECTION('',(-0.915522865493,0.40226593537,0.));
#6660 = ORIENTED_EDGE('',*,*,#6661,.F.);
#6661 = EDGE_CURVE('',#6662,#6653,#6664,.T.);
#6662 = VERTEX_POINT('',#6663);
#6663 = CARTESIAN_POINT('',(-2.712759670781,-12.15086149079,0.));
#6664 = LINE('',#6665,#6666);
#6665 = CARTESIAN_POINT('',(-2.712759670781,-12.15086149079,0.));
#6666 = VECTOR('',#6667,1.);
#6667 = DIRECTION('',(0.,0.,1.));
#6668 = ORIENTED_EDGE('',*,*,#6669,.F.);
#6669 = EDGE_CURVE('',#6624,#6662,#6670,.T.);
#6670 = CIRCLE('',#6671,0.228);
#6671 = AXIS2_PLACEMENT_3D('',#6672,#6673,#6674);
#6672 = CARTESIAN_POINT('',(-2.762777417413,-12.37330749553,0.));
#6673 = DIRECTION('',(0.,0.,-1.));
#6674 = DIRECTION('',(-0.915522865493,0.40226593537,0.));
#6675 = CYLINDRICAL_SURFACE('',#6676,0.228);
#6676 = AXIS2_PLACEMENT_3D('',#6677,#6678,#6679);
#6677 = CARTESIAN_POINT('',(-2.762777417413,-12.37330749553,0.));
#6678 = DIRECTION('',(0.,0.,-1.));
#6679 = DIRECTION('',(-0.915522865493,0.40226593537,0.));
#6680 = ADVANCED_FACE('',(#6681),#6708,.T.);
#6681 = FACE_BOUND('',#6682,.F.);
#6682 = EDGE_LOOP('',(#6683,#6684,#6693,#6701));
#6683 = ORIENTED_EDGE('',*,*,#6661,.T.);
#6684 = ORIENTED_EDGE('',*,*,#6685,.T.);
#6685 = EDGE_CURVE('',#6653,#6686,#6688,.T.);
#6686 = VERTEX_POINT('',#6687);
#6687 = CARTESIAN_POINT('',(-2.580037291934,-12.17973347706,12.));
#6688 = CIRCLE('',#6689,12.450000000115);
#6689 = AXIS2_PLACEMENT_3D('',#6690,#6691,#6692);
#6690 = CARTESIAN_POINT('',(2.44404496641E-11,1.12250653217E-10,12.));
#6691 = DIRECTION('',(0.,0.,1.));
#6692 = DIRECTION('',(-0.217892343035,-0.975972810506,0.));
#6693 = ORIENTED_EDGE('',*,*,#6694,.F.);
#6694 = EDGE_CURVE('',#6695,#6686,#6697,.T.);
#6695 = VERTEX_POINT('',#6696);
#6696 = CARTESIAN_POINT('',(-2.580037291934,-12.17973347706,0.));
#6697 = LINE('',#6698,#6699);
#6698 = CARTESIAN_POINT('',(-2.580037291934,-12.17973347706,0.));
#6699 = VECTOR('',#6700,1.);
#6700 = DIRECTION('',(0.,0.,1.));
#6701 = ORIENTED_EDGE('',*,*,#6702,.F.);
#6702 = EDGE_CURVE('',#6662,#6695,#6703,.T.);
#6703 = CIRCLE('',#6704,12.450000000115);
#6704 = AXIS2_PLACEMENT_3D('',#6705,#6706,#6707);
#6705 = CARTESIAN_POINT('',(2.44404496641E-11,1.12250653217E-10,0.));
#6706 = DIRECTION('',(0.,0.,1.));
#6707 = DIRECTION('',(-0.217892343035,-0.975972810506,0.));
#6708 = CYLINDRICAL_SURFACE('',#6709,12.450000000115);
#6709 = AXIS2_PLACEMENT_3D('',#6710,#6711,#6712);
#6710 = CARTESIAN_POINT('',(2.44404496641E-11,1.12250653217E-10,0.));
#6711 = DIRECTION('',(-0.,-0.,-1.));
#6712 = DIRECTION('',(-0.217892343035,-0.975972810506,0.));
#6713 = ADVANCED_FACE('',(#6714),#6741,.F.);
#6714 = FACE_BOUND('',#6715,.F.);
#6715 = EDGE_LOOP('',(#6716,#6717,#6726,#6734));
#6716 = ORIENTED_EDGE('',*,*,#6694,.T.);
#6717 = ORIENTED_EDGE('',*,*,#6718,.T.);
#6718 = EDGE_CURVE('',#6686,#6719,#6721,.T.);
#6719 = VERTEX_POINT('',#6720);
#6720 = CARTESIAN_POINT('',(-2.398970693652,-12.40613891498,12.));
#6721 = CIRCLE('',#6722,0.228);
#6722 = AXIS2_PLACEMENT_3D('',#6723,#6724,#6725);
#6723 = CARTESIAN_POINT('',(-2.626947051495,-12.40285558367,12.));
#6724 = DIRECTION('',(0.,0.,-1.));
#6725 = DIRECTION('',(0.205744559476,0.978605730745,0.));
#6726 = ORIENTED_EDGE('',*,*,#6727,.F.);
#6727 = EDGE_CURVE('',#6728,#6719,#6730,.T.);
#6728 = VERTEX_POINT('',#6729);
#6729 = CARTESIAN_POINT('',(-2.398970693652,-12.40613891498,0.));
#6730 = LINE('',#6731,#6732);
#6731 = CARTESIAN_POINT('',(-2.398970693652,-12.40613891498,0.));
#6732 = VECTOR('',#6733,1.);
#6733 = DIRECTION('',(0.,0.,1.));
#6734 = ORIENTED_EDGE('',*,*,#6735,.F.);
#6735 = EDGE_CURVE('',#6695,#6728,#6736,.T.);
#6736 = CIRCLE('',#6737,0.228);
#6737 = AXIS2_PLACEMENT_3D('',#6738,#6739,#6740);
#6738 = CARTESIAN_POINT('',(-2.626947051495,-12.40285558367,0.));
#6739 = DIRECTION('',(0.,0.,-1.));
#6740 = DIRECTION('',(0.205744559476,0.978605730745,0.));
#6741 = CYLINDRICAL_SURFACE('',#6742,0.228);
#6742 = AXIS2_PLACEMENT_3D('',#6743,#6744,#6745);
#6743 = CARTESIAN_POINT('',(-2.626947051495,-12.40285558367,0.));
#6744 = DIRECTION('',(0.,0.,-1.));
#6745 = DIRECTION('',(0.205744559476,0.978605730745,0.));
#6746 = ADVANCED_FACE('',(#6747),#6776,.F.);
#6747 = FACE_BOUND('',#6748,.F.);
#6748 = EDGE_LOOP('',(#6749,#6750,#6760,#6768));
#6749 = ORIENTED_EDGE('',*,*,#6727,.T.);
#6750 = ORIENTED_EDGE('',*,*,#6751,.T.);
#6751 = EDGE_CURVE('',#6719,#6752,#6754,.T.);
#6752 = VERTEX_POINT('',#6753);
#6753 = CARTESIAN_POINT('',(-2.191450588701,-13.62487352318,12.));
#6754 = B_SPLINE_CURVE_WITH_KNOTS('',4,(#6755,#6756,#6757,#6758,#6759),
  .UNSPECIFIED.,.F.,.F.,(5,5),(0.,1.),.PIECEWISE_BEZIER_KNOTS.);
#6755 = CARTESIAN_POINT('',(-2.398970693652,-12.40613891498,12.));
#6756 = CARTESIAN_POINT('',(-2.39873940148,-12.58286975831,12.));
#6757 = CARTESIAN_POINT('',(-2.38114886925,-12.84849592947,12.));
#6758 = CARTESIAN_POINT('',(-2.32040161267,-13.20047534016,12.));
#6759 = CARTESIAN_POINT('',(-2.191450588701,-13.62487352318,12.));
#6760 = ORIENTED_EDGE('',*,*,#6761,.F.);
#6761 = EDGE_CURVE('',#6762,#6752,#6764,.T.);
#6762 = VERTEX_POINT('',#6763);
#6763 = CARTESIAN_POINT('',(-2.191450588701,-13.62487352318,0.));
#6764 = LINE('',#6765,#6766);
#6765 = CARTESIAN_POINT('',(-2.191450588701,-13.62487352318,0.));
#6766 = VECTOR('',#6767,1.);
#6767 = DIRECTION('',(0.,0.,1.));
#6768 = ORIENTED_EDGE('',*,*,#6769,.F.);
#6769 = EDGE_CURVE('',#6728,#6762,#6770,.T.);
#6770 = B_SPLINE_CURVE_WITH_KNOTS('',4,(#6771,#6772,#6773,#6774,#6775),
  .UNSPECIFIED.,.F.,.F.,(5,5),(0.,1.),.PIECEWISE_BEZIER_KNOTS.);
#6771 = CARTESIAN_POINT('',(-2.398970693652,-12.40613891498,0.));
#6772 = CARTESIAN_POINT('',(-2.39873940148,-12.58286975831,0.));
#6773 = CARTESIAN_POINT('',(-2.38114886925,-12.84849592947,0.));
#6774 = CARTESIAN_POINT('',(-2.32040161267,-13.20047534016,0.));
#6775 = CARTESIAN_POINT('',(-2.191450588701,-13.62487352318,0.));
#6776 = SURFACE_OF_LINEAR_EXTRUSION('',#6777,#6783);
#6777 = B_SPLINE_CURVE_WITH_KNOTS('',4,(#6778,#6779,#6780,#6781,#6782),
  .UNSPECIFIED.,.F.,.F.,(5,5),(0.,1.),.PIECEWISE_BEZIER_KNOTS.);
#6778 = CARTESIAN_POINT('',(-2.398970693652,-12.40613891498,0.));
#6779 = CARTESIAN_POINT('',(-2.39873940148,-12.58286975831,0.));
#6780 = CARTESIAN_POINT('',(-2.38114886925,-12.84849592947,0.));
#6781 = CARTESIAN_POINT('',(-2.32040161267,-13.20047534016,0.));
#6782 = CARTESIAN_POINT('',(-2.191450588701,-13.62487352318,0.));
#6783 = VECTOR('',#6784,1.);
#6784 = DIRECTION('',(-0.,-0.,-1.));
#6785 = ADVANCED_FACE('',(#6786),#6813,.T.);
#6786 = FACE_BOUND('',#6787,.F.);
#6787 = EDGE_LOOP('',(#6788,#6789,#6798,#6806));
#6788 = ORIENTED_EDGE('',*,*,#6761,.T.);
#6789 = ORIENTED_EDGE('',*,*,#6790,.T.);
#6790 = EDGE_CURVE('',#6752,#6791,#6793,.T.);
#6791 = VERTEX_POINT('',#6792);
#6792 = CARTESIAN_POINT('',(-1.735836856013,-13.69039336211,12.));
#6793 = CIRCLE('',#6794,13.799999999998);
#6794 = AXIS2_PLACEMENT_3D('',#6795,#6796,#6797);
#6795 = CARTESIAN_POINT('',(3.942414323607E-04,-4.999255876914E-05,12.)
  );
#6796 = DIRECTION('',(0.,0.,1.));
#6797 = DIRECTION('',(-0.158829335517,-0.987306052944,0.));
#6798 = ORIENTED_EDGE('',*,*,#6799,.F.);
#6799 = EDGE_CURVE('',#6800,#6791,#6802,.T.);
#6800 = VERTEX_POINT('',#6801);
#6801 = CARTESIAN_POINT('',(-1.735836856013,-13.69039336211,0.));
#6802 = LINE('',#6803,#6804);
#6803 = CARTESIAN_POINT('',(-1.735836856013,-13.69039336211,0.));
#6804 = VECTOR('',#6805,1.);
#6805 = DIRECTION('',(0.,0.,1.));
#6806 = ORIENTED_EDGE('',*,*,#6807,.F.);
#6807 = EDGE_CURVE('',#6762,#6800,#6808,.T.);
#6808 = CIRCLE('',#6809,13.799999999998);
#6809 = AXIS2_PLACEMENT_3D('',#6810,#6811,#6812);
#6810 = CARTESIAN_POINT('',(3.942414323607E-04,-4.999255876914E-05,0.));
#6811 = DIRECTION('',(0.,0.,1.));
#6812 = DIRECTION('',(-0.158829335517,-0.987306052944,0.));
#6813 = CYLINDRICAL_SURFACE('',#6814,13.799999999998);
#6814 = AXIS2_PLACEMENT_3D('',#6815,#6816,#6817);
#6815 = CARTESIAN_POINT('',(3.942414323607E-04,-4.999255876914E-05,0.));
#6816 = DIRECTION('',(-0.,-0.,-1.));
#6817 = DIRECTION('',(-0.158829335517,-0.987306052944,0.));
#6818 = ADVANCED_FACE('',(#6819),#6848,.F.);
#6819 = FACE_BOUND('',#6820,.F.);
#6820 = EDGE_LOOP('',(#6821,#6822,#6832,#6840));
#6821 = ORIENTED_EDGE('',*,*,#6799,.T.);
#6822 = ORIENTED_EDGE('',*,*,#6823,.T.);
#6823 = EDGE_CURVE('',#6791,#6824,#6826,.T.);
#6824 = VERTEX_POINT('',#6825);
#6825 = CARTESIAN_POINT('',(-1.193418258715,-12.57947288461,12.));
#6826 = B_SPLINE_CURVE_WITH_KNOTS('',4,(#6827,#6828,#6829,#6830,#6831),
  .UNSPECIFIED.,.F.,.F.,(5,5),(0.,1.),.PIECEWISE_BEZIER_KNOTS.);
#6827 = CARTESIAN_POINT('',(-1.735836856013,-13.69039336211,12.));
#6828 = CARTESIAN_POINT('',(-1.492594625786,-13.31949601649,12.));
#6829 = CARTESIAN_POINT('',(-1.335144000603,-12.998888725,12.));
#6830 = CARTESIAN_POINT('',(-1.243430468161,-12.74897810578,12.));
#6831 = CARTESIAN_POINT('',(-1.193418258715,-12.57947288461,12.));
#6832 = ORIENTED_EDGE('',*,*,#6833,.F.);
#6833 = EDGE_CURVE('',#6834,#6824,#6836,.T.);
#6834 = VERTEX_POINT('',#6835);
#6835 = CARTESIAN_POINT('',(-1.193418258715,-12.57947288461,0.));
#6836 = LINE('',#6837,#6838);
#6837 = CARTESIAN_POINT('',(-1.193418258715,-12.57947288461,0.));
#6838 = VECTOR('',#6839,1.);
#6839 = DIRECTION('',(0.,0.,1.));
#6840 = ORIENTED_EDGE('',*,*,#6841,.F.);
#6841 = EDGE_CURVE('',#6800,#6834,#6842,.T.);
#6842 = B_SPLINE_CURVE_WITH_KNOTS('',4,(#6843,#6844,#6845,#6846,#6847),
  .UNSPECIFIED.,.F.,.F.,(5,5),(0.,1.),.PIECEWISE_BEZIER_KNOTS.);
#6843 = CARTESIAN_POINT('',(-1.735836856013,-13.69039336211,0.));
#6844 = CARTESIAN_POINT('',(-1.492594625786,-13.31949601649,0.));
#6845 = CARTESIAN_POINT('',(-1.335144000603,-12.998888725,0.));
#6846 = CARTESIAN_POINT('',(-1.243430468161,-12.74897810578,0.));
#6847 = CARTESIAN_POINT('',(-1.193418258715,-12.57947288461,0.));
#6848 = SURFACE_OF_LINEAR_EXTRUSION('',#6849,#6855);
#6849 = B_SPLINE_CURVE_WITH_KNOTS('',4,(#6850,#6851,#6852,#6853,#6854),
  .UNSPECIFIED.,.F.,.F.,(5,5),(0.,1.),.PIECEWISE_BEZIER_KNOTS.);
#6850 = CARTESIAN_POINT('',(-1.735836856013,-13.69039336211,0.));
#6851 = CARTESIAN_POINT('',(-1.492594625786,-13.31949601649,0.));
#6852 = CARTESIAN_POINT('',(-1.335144000603,-12.998888725,0.));
#6853 = CARTESIAN_POINT('',(-1.243430468161,-12.74897810578,0.));
#6854 = CARTESIAN_POINT('',(-1.193418258715,-12.57947288461,0.));
#6855 = VECTOR('',#6856,1.);
#6856 = DIRECTION('',(-0.,-0.,-1.));
#6857 = ADVANCED_FACE('',(#6858),#6885,.F.);
#6858 = FACE_BOUND('',#6859,.F.);
#6859 = EDGE_LOOP('',(#6860,#6861,#6870,#6878));
#6860 = ORIENTED_EDGE('',*,*,#6833,.T.);
#6861 = ORIENTED_EDGE('',*,*,#6862,.T.);
#6862 = EDGE_CURVE('',#6824,#6863,#6865,.T.);
#6863 = VERTEX_POINT('',#6864);
#6864 = CARTESIAN_POINT('',(-0.955899800865,-12.41324919474,12.));
#6865 = CIRCLE('',#6866,0.228);
#6866 = AXIS2_PLACEMENT_3D('',#6867,#6868,#6869);
#6867 = CARTESIAN_POINT('',(-0.973751071767,-12.6405492874,12.));
#6868 = DIRECTION('',(0.,0.,-1.));
#6869 = DIRECTION('',(-0.963452574333,0.267878959629,0.));
#6870 = ORIENTED_EDGE('',*,*,#6871,.F.);
#6871 = EDGE_CURVE('',#6872,#6863,#6874,.T.);
#6872 = VERTEX_POINT('',#6873);
#6873 = CARTESIAN_POINT('',(-0.955899800865,-12.41324919474,0.));
#6874 = LINE('',#6875,#6876);
#6875 = CARTESIAN_POINT('',(-0.955899800865,-12.41324919474,0.));
#6876 = VECTOR('',#6877,1.);
#6877 = DIRECTION('',(0.,0.,1.));
#6878 = ORIENTED_EDGE('',*,*,#6879,.F.);
#6879 = EDGE_CURVE('',#6834,#6872,#6880,.T.);
#6880 = CIRCLE('',#6881,0.228);
#6881 = AXIS2_PLACEMENT_3D('',#6882,#6883,#6884);
#6882 = CARTESIAN_POINT('',(-0.973751071767,-12.6405492874,0.));
#6883 = DIRECTION('',(0.,0.,-1.));
#6884 = DIRECTION('',(-0.963452574333,0.267878959629,0.));
#6885 = CYLINDRICAL_SURFACE('',#6886,0.228);
#6886 = AXIS2_PLACEMENT_3D('',#6887,#6888,#6889);
#6887 = CARTESIAN_POINT('',(-0.973751071767,-12.6405492874,0.));
#6888 = DIRECTION('',(0.,0.,-1.));
#6889 = DIRECTION('',(-0.963452574333,0.267878959629,0.));
#6890 = ADVANCED_FACE('',(#6891),#6918,.T.);
#6891 = FACE_BOUND('',#6892,.F.);
#6892 = EDGE_LOOP('',(#6893,#6894,#6903,#6911));
#6893 = ORIENTED_EDGE('',*,*,#6871,.T.);
#6894 = ORIENTED_EDGE('',*,*,#6895,.T.);
#6895 = EDGE_CURVE('',#6863,#6896,#6898,.T.);
#6896 = VERTEX_POINT('',#6897);
#6897 = CARTESIAN_POINT('',(-0.82041943241,-12.42293894193,12.));
#6898 = CIRCLE('',#6899,12.449999999997);
#6899 = AXIS2_PLACEMENT_3D('',#6900,#6901,#6902);
#6900 = CARTESIAN_POINT('',(-2.553512956638E-15,-3.467448550509E-12,12.)
  );
#6901 = DIRECTION('',(0.,0.,1.));
#6902 = DIRECTION('',(-7.67791004711E-02,-0.997048128092,0.));
#6903 = ORIENTED_EDGE('',*,*,#6904,.F.);
#6904 = EDGE_CURVE('',#6905,#6896,#6907,.T.);
#6905 = VERTEX_POINT('',#6906);
#6906 = CARTESIAN_POINT('',(-0.82041943241,-12.42293894193,0.));
#6907 = LINE('',#6908,#6909);
#6908 = CARTESIAN_POINT('',(-0.82041943241,-12.42293894193,0.));
#6909 = VECTOR('',#6910,1.);
#6910 = DIRECTION('',(0.,0.,1.));
#6911 = ORIENTED_EDGE('',*,*,#6912,.F.);
#6912 = EDGE_CURVE('',#6872,#6905,#6913,.T.);
#6913 = CIRCLE('',#6914,12.449999999997);
#6914 = AXIS2_PLACEMENT_3D('',#6915,#6916,#6917);
#6915 = CARTESIAN_POINT('',(-2.553512956638E-15,-3.467448550509E-12,0.)
  );
#6916 = DIRECTION('',(0.,0.,1.));
#6917 = DIRECTION('',(-7.67791004711E-02,-0.997048128092,0.));
#6918 = CYLINDRICAL_SURFACE('',#6919,12.449999999997);
#6919 = AXIS2_PLACEMENT_3D('',#6920,#6921,#6922);
#6920 = CARTESIAN_POINT('',(-2.553512956638E-15,-3.467448550509E-12,0.)
  );
#6921 = DIRECTION('',(-0.,-0.,-1.));
#6922 = DIRECTION('',(-7.67791004711E-02,-0.997048128092,0.));
#6923 = ADVANCED_FACE('',(#6924),#6951,.F.);
#6924 = FACE_BOUND('',#6925,.F.);
#6925 = EDGE_LOOP('',(#6926,#6927,#6936,#6944));
#6926 = ORIENTED_EDGE('',*,*,#6904,.T.);
#6927 = ORIENTED_EDGE('',*,*,#6928,.T.);
#6928 = EDGE_CURVE('',#6896,#6929,#6931,.T.);
#6929 = VERTEX_POINT('',#6930);
#6930 = CARTESIAN_POINT('',(-0.608974977739,-12.62127143529,12.));
#6931 = CIRCLE('',#6932,0.228);
#6932 = AXIS2_PLACEMENT_3D('',#6933,#6934,#6935);
#6933 = CARTESIAN_POINT('',(-0.835098131739,-12.65046594205,12.));
#6934 = DIRECTION('',(0.,0.,-1.));
#6935 = DIRECTION('',(6.438026021499E-02,0.997925439146,0.));
#6936 = ORIENTED_EDGE('',*,*,#6937,.F.);
#6937 = EDGE_CURVE('',#6938,#6929,#6940,.T.);
#6938 = VERTEX_POINT('',#6939);
#6939 = CARTESIAN_POINT('',(-0.608974977739,-12.62127143529,0.));
#6940 = LINE('',#6941,#6942);
#6941 = CARTESIAN_POINT('',(-0.608974977739,-12.62127143529,0.));
#6942 = VECTOR('',#6943,1.);
#6943 = DIRECTION('',(0.,0.,1.));
#6944 = ORIENTED_EDGE('',*,*,#6945,.F.);
#6945 = EDGE_CURVE('',#6905,#6938,#6946,.T.);
#6946 = CIRCLE('',#6947,0.228);
#6947 = AXIS2_PLACEMENT_3D('',#6948,#6949,#6950);
#6948 = CARTESIAN_POINT('',(-0.835098131739,-12.65046594205,0.));
#6949 = DIRECTION('',(0.,0.,-1.));
#6950 = DIRECTION('',(6.438026021499E-02,0.997925439146,0.));
#6951 = CYLINDRICAL_SURFACE('',#6952,0.228);
#6952 = AXIS2_PLACEMENT_3D('',#6953,#6954,#6955);
#6953 = CARTESIAN_POINT('',(-0.835098131739,-12.65046594205,0.));
#6954 = DIRECTION('',(0.,0.,-1.));
#6955 = DIRECTION('',(6.438026021499E-02,0.997925439146,0.));
#6956 = ADVANCED_FACE('',(#6957),#6986,.F.);
#6957 = FACE_BOUND('',#6958,.F.);
#6958 = EDGE_LOOP('',(#6959,#6960,#6970,#6978));
#6959 = ORIENTED_EDGE('',*,*,#6937,.T.);
#6960 = ORIENTED_EDGE('',*,*,#6961,.T.);
#6961 = EDGE_CURVE('',#6929,#6962,#6964,.T.);
#6962 = VERTEX_POINT('',#6963);
#6963 = CARTESIAN_POINT('',(-0.230123109573,-13.79806789227,12.));
#6964 = B_SPLINE_CURVE_WITH_KNOTS('',4,(#6965,#6966,#6967,#6968,#6969),
  .UNSPECIFIED.,.F.,.F.,(5,5),(0.,1.),.PIECEWISE_BEZIER_KNOTS.);
#6965 = CARTESIAN_POINT('',(-0.608974977739,-12.62127143529,12.));
#6966 = CARTESIAN_POINT('',(-0.583594618401,-12.79617049716,12.));
#6967 = CARTESIAN_POINT('',(-0.528380586835,-13.05658958314,12.));
#6968 = CARTESIAN_POINT('',(-0.41815975683,-13.39634111495,12.));
#6969 = CARTESIAN_POINT('',(-0.230123109573,-13.79806789227,12.));
#6970 = ORIENTED_EDGE('',*,*,#6971,.F.);
#6971 = EDGE_CURVE('',#6972,#6962,#6974,.T.);
#6972 = VERTEX_POINT('',#6973);
#6973 = CARTESIAN_POINT('',(-0.230123109573,-13.79806789227,0.));
#6974 = LINE('',#6975,#6976);
#6975 = CARTESIAN_POINT('',(-0.230123109573,-13.79806789227,0.));
#6976 = VECTOR('',#6977,1.);
#6977 = DIRECTION('',(0.,0.,1.));
#6978 = ORIENTED_EDGE('',*,*,#6979,.F.);
#6979 = EDGE_CURVE('',#6938,#6972,#6980,.T.);
#6980 = B_SPLINE_CURVE_WITH_KNOTS('',4,(#6981,#6982,#6983,#6984,#6985),
  .UNSPECIFIED.,.F.,.F.,(5,5),(0.,1.),.PIECEWISE_BEZIER_KNOTS.);
#6981 = CARTESIAN_POINT('',(-0.608974977739,-12.62127143529,0.));
#6982 = CARTESIAN_POINT('',(-0.583594618401,-12.79617049716,0.));
#6983 = CARTESIAN_POINT('',(-0.528380586835,-13.05658958314,0.));
#6984 = CARTESIAN_POINT('',(-0.41815975683,-13.39634111495,0.));
#6985 = CARTESIAN_POINT('',(-0.230123109573,-13.79806789227,0.));
#6986 = SURFACE_OF_LINEAR_EXTRUSION('',#6987,#6993);
#6987 = B_SPLINE_CURVE_WITH_KNOTS('',4,(#6988,#6989,#6990,#6991,#6992),
  .UNSPECIFIED.,.F.,.F.,(5,5),(0.,1.),.PIECEWISE_BEZIER_KNOTS.);
#6988 = CARTESIAN_POINT('',(-0.608974977739,-12.62127143529,0.));
#6989 = CARTESIAN_POINT('',(-0.583594618401,-12.79617049716,0.));
#6990 = CARTESIAN_POINT('',(-0.528380586835,-13.05658958314,0.));
#6991 = CARTESIAN_POINT('',(-0.41815975683,-13.39634111495,0.));
#6992 = CARTESIAN_POINT('',(-0.230123109573,-13.79806789227,0.));
#6993 = VECTOR('',#6994,1.);
#6994 = DIRECTION('',(-0.,-0.,-1.));
#6995 = ADVANCED_FACE('',(#6996),#7023,.T.);
#6996 = FACE_BOUND('',#6997,.F.);
#6997 = EDGE_LOOP('',(#6998,#6999,#7008,#7016));
#6998 = ORIENTED_EDGE('',*,*,#6971,.T.);
#6999 = ORIENTED_EDGE('',*,*,#7000,.T.);
#7000 = EDGE_CURVE('',#6962,#7001,#7003,.T.);
#7001 = VERTEX_POINT('',#7002);
#7002 = CARTESIAN_POINT('',(0.230177577538,-13.79808023903,12.));
#7003 = CIRCLE('',#7004,13.799999999994);
#7004 = AXIS2_PLACEMENT_3D('',#7005,#7006,#7007);
#7005 = CARTESIAN_POINT('',(3.973433059402E-04,6.622695125635E-06,12.));
#7006 = DIRECTION('',(0.,0.,1.));
#7007 = DIRECTION('',(-1.670438064343E-02,-0.9998604721,0.));
#7008 = ORIENTED_EDGE('',*,*,#7009,.F.);
#7009 = EDGE_CURVE('',#7010,#7001,#7012,.T.);
#7010 = VERTEX_POINT('',#7011);
#7011 = CARTESIAN_POINT('',(0.230177577538,-13.79808023903,0.));
#7012 = LINE('',#7013,#7014);
#7013 = CARTESIAN_POINT('',(0.230177577538,-13.79808023903,0.));
#7014 = VECTOR('',#7015,1.);
#7015 = DIRECTION('',(0.,0.,1.));
#7016 = ORIENTED_EDGE('',*,*,#7017,.F.);
#7017 = EDGE_CURVE('',#6972,#7010,#7018,.T.);
#7018 = CIRCLE('',#7019,13.799999999994);
#7019 = AXIS2_PLACEMENT_3D('',#7020,#7021,#7022);
#7020 = CARTESIAN_POINT('',(3.973433059402E-04,6.622695125635E-06,0.));
#7021 = DIRECTION('',(0.,0.,1.));
#7022 = DIRECTION('',(-1.670438064343E-02,-0.9998604721,0.));
#7023 = CYLINDRICAL_SURFACE('',#7024,13.799999999994);
#7024 = AXIS2_PLACEMENT_3D('',#7025,#7026,#7027);
#7025 = CARTESIAN_POINT('',(3.973433059402E-04,6.622695125635E-06,0.));
#7026 = DIRECTION('',(-0.,-0.,-1.));
#7027 = DIRECTION('',(-1.670438064343E-02,-0.9998604721,0.));
#7028 = ADVANCED_FACE('',(#7029),#7058,.F.);
#7029 = FACE_BOUND('',#7030,.F.);
#7030 = EDGE_LOOP('',(#7031,#7032,#7042,#7050));
#7031 = ORIENTED_EDGE('',*,*,#7009,.T.);
#7032 = ORIENTED_EDGE('',*,*,#7033,.T.);
#7033 = EDGE_CURVE('',#7001,#7034,#7036,.T.);
#7034 = VERTEX_POINT('',#7035);
#7035 = CARTESIAN_POINT('',(0.608974667529,-12.62127311523,12.));
#7036 = B_SPLINE_CURVE_WITH_KNOTS('',4,(#7037,#7038,#7039,#7040,#7041),
  .UNSPECIFIED.,.F.,.F.,(5,5),(0.,1.),.PIECEWISE_BEZIER_KNOTS.);
#7037 = CARTESIAN_POINT('',(0.230177577538,-13.79808023903,12.));
#7038 = CARTESIAN_POINT('',(0.41815975683,-13.39634111495,12.));
#7039 = CARTESIAN_POINT('',(0.528380586835,-13.05658958314,12.));
#7040 = CARTESIAN_POINT('',(0.583594618401,-12.79617049716,12.));
#7041 = CARTESIAN_POINT('',(0.608974667529,-12.62127311523,12.));
#7042 = ORIENTED_EDGE('',*,*,#7043,.F.);
#7043 = EDGE_CURVE('',#7044,#7034,#7046,.T.);
#7044 = VERTEX_POINT('',#7045);
#7045 = CARTESIAN_POINT('',(0.608974667529,-12.62127311523,0.));
#7046 = LINE('',#7047,#7048);
#7047 = CARTESIAN_POINT('',(0.608974667529,-12.62127311523,0.));
#7048 = VECTOR('',#7049,1.);
#7049 = DIRECTION('',(0.,0.,1.));
#7050 = ORIENTED_EDGE('',*,*,#7051,.F.);
#7051 = EDGE_CURVE('',#7010,#7044,#7052,.T.);
#7052 = B_SPLINE_CURVE_WITH_KNOTS('',4,(#7053,#7054,#7055,#7056,#7057),
  .UNSPECIFIED.,.F.,.F.,(5,5),(0.,1.),.PIECEWISE_BEZIER_KNOTS.);
#7053 = CARTESIAN_POINT('',(0.230177577538,-13.79808023903,0.));
#7054 = CARTESIAN_POINT('',(0.41815975683,-13.39634111495,0.));
#7055 = CARTESIAN_POINT('',(0.528380586835,-13.05658958314,0.));
#7056 = CARTESIAN_POINT('',(0.583594618401,-12.79617049716,0.));
#7057 = CARTESIAN_POINT('',(0.608974667529,-12.62127311523,0.));
#7058 = SURFACE_OF_LINEAR_EXTRUSION('',#7059,#7065);
#7059 = B_SPLINE_CURVE_WITH_KNOTS('',4,(#7060,#7061,#7062,#7063,#7064),
  .UNSPECIFIED.,.F.,.F.,(5,5),(0.,1.),.PIECEWISE_BEZIER_KNOTS.);
#7060 = CARTESIAN_POINT('',(0.230177577538,-13.79808023903,0.));
#7061 = CARTESIAN_POINT('',(0.41815975683,-13.39634111495,0.));
#7062 = CARTESIAN_POINT('',(0.528380586835,-13.05658958314,0.));
#7063 = CARTESIAN_POINT('',(0.583594618401,-12.79617049716,0.));
#7064 = CARTESIAN_POINT('',(0.608974667529,-12.62127311523,0.));
#7065 = VECTOR('',#7066,1.);
#7066 = DIRECTION('',(-0.,-0.,-1.));
#7067 = ADVANCED_FACE('',(#7068),#7095,.F.);
#7068 = FACE_BOUND('',#7069,.F.);
#7069 = EDGE_LOOP('',(#7070,#7071,#7080,#7088));
#7070 = ORIENTED_EDGE('',*,*,#7043,.T.);
#7071 = ORIENTED_EDGE('',*,*,#7072,.T.);
#7072 = EDGE_CURVE('',#7034,#7073,#7075,.T.);
#7073 = VERTEX_POINT('',#7074);
#7074 = CARTESIAN_POINT('',(0.82041943241,-12.42293894193,12.));
#7075 = CIRCLE('',#7076,0.228);
#7076 = AXIS2_PLACEMENT_3D('',#7077,#7078,#7079);
#7077 = CARTESIAN_POINT('',(0.835098037633,-12.65046594812,12.));
#7078 = DIRECTION('',(0.,0.,-1.));
#7079 = DIRECTION('',(-0.991769167126,0.128038740769,0.));
#7080 = ORIENTED_EDGE('',*,*,#7081,.F.);
#7081 = EDGE_CURVE('',#7082,#7073,#7084,.T.);
#7082 = VERTEX_POINT('',#7083);
#7083 = CARTESIAN_POINT('',(0.82041943241,-12.42293894193,0.));
#7084 = LINE('',#7085,#7086);
#7085 = CARTESIAN_POINT('',(0.82041943241,-12.42293894193,0.));
#7086 = VECTOR('',#7087,1.);
#7087 = DIRECTION('',(0.,0.,1.));
#7088 = ORIENTED_EDGE('',*,*,#7089,.F.);
#7089 = EDGE_CURVE('',#7044,#7082,#7090,.T.);
#7090 = CIRCLE('',#7091,0.228);
#7091 = AXIS2_PLACEMENT_3D('',#7092,#7093,#7094);
#7092 = CARTESIAN_POINT('',(0.835098037633,-12.65046594812,0.));
#7093 = DIRECTION('',(0.,0.,-1.));
#7094 = DIRECTION('',(-0.991769167126,0.128038740769,0.));
#7095 = CYLINDRICAL_SURFACE('',#7096,0.228);
#7096 = AXIS2_PLACEMENT_3D('',#7097,#7098,#7099);
#7097 = CARTESIAN_POINT('',(0.835098037633,-12.65046594812,0.));
#7098 = DIRECTION('',(0.,0.,-1.));
#7099 = DIRECTION('',(-0.991769167126,0.128038740769,0.));
#7100 = ADVANCED_FACE('',(#7101),#7128,.T.);
#7101 = FACE_BOUND('',#7102,.F.);
#7102 = EDGE_LOOP('',(#7103,#7104,#7113,#7121));
#7103 = ORIENTED_EDGE('',*,*,#7081,.T.);
#7104 = ORIENTED_EDGE('',*,*,#7105,.T.);
#7105 = EDGE_CURVE('',#7073,#7106,#7108,.T.);
#7106 = VERTEX_POINT('',#7107);
#7107 = CARTESIAN_POINT('',(0.955899800865,-12.41324919474,12.));
#7108 = CIRCLE('',#7109,12.449999999996);
#7109 = AXIS2_PLACEMENT_3D('',#7110,#7111,#7112);
#7110 = CARTESIAN_POINT('',(3.505529200254E-13,-3.82183173997E-12,12.));
#7111 = DIRECTION('',(-0.,0.,1.));
#7112 = DIRECTION('',(6.589714316542E-02,-0.997826421039,0.));
#7113 = ORIENTED_EDGE('',*,*,#7114,.F.);
#7114 = EDGE_CURVE('',#7115,#7106,#7117,.T.);
#7115 = VERTEX_POINT('',#7116);
#7116 = CARTESIAN_POINT('',(0.955899800865,-12.41324919474,0.));
#7117 = LINE('',#7118,#7119);
#7118 = CARTESIAN_POINT('',(0.955899800865,-12.41324919474,0.));
#7119 = VECTOR('',#7120,1.);
#7120 = DIRECTION('',(0.,0.,1.));
#7121 = ORIENTED_EDGE('',*,*,#7122,.F.);
#7122 = EDGE_CURVE('',#7082,#7115,#7123,.T.);
#7123 = CIRCLE('',#7124,12.449999999996);
#7124 = AXIS2_PLACEMENT_3D('',#7125,#7126,#7127);
#7125 = CARTESIAN_POINT('',(3.505529200254E-13,-3.82183173997E-12,0.));
#7126 = DIRECTION('',(-0.,0.,1.));
#7127 = DIRECTION('',(6.589714316542E-02,-0.997826421039,0.));
#7128 = CYLINDRICAL_SURFACE('',#7129,12.449999999996);
#7129 = AXIS2_PLACEMENT_3D('',#7130,#7131,#7132);
#7130 = CARTESIAN_POINT('',(3.505529200254E-13,-3.82183173997E-12,0.));
#7131 = DIRECTION('',(0.,0.,-1.));
#7132 = DIRECTION('',(6.589714316542E-02,-0.997826421039,0.));
#7133 = ADVANCED_FACE('',(#7134),#7161,.F.);
#7134 = FACE_BOUND('',#7135,.F.);
#7135 = EDGE_LOOP('',(#7136,#7137,#7146,#7154));
#7136 = ORIENTED_EDGE('',*,*,#7114,.T.);
#7137 = ORIENTED_EDGE('',*,*,#7138,.T.);
#7138 = EDGE_CURVE('',#7106,#7139,#7141,.T.);
#7139 = VERTEX_POINT('',#7140);
#7140 = CARTESIAN_POINT('',(1.193417712582,-12.57947126592,12.));
#7141 = CIRCLE('',#7142,0.228);
#7142 = AXIS2_PLACEMENT_3D('',#7143,#7144,#7145);
#7143 = CARTESIAN_POINT('',(0.973750977756,-12.64054929479,12.));
#7144 = DIRECTION('',(0.,0.,-1.));
#7145 = DIRECTION('',(-7.829463548619E-02,0.996930263386,0.));
#7146 = ORIENTED_EDGE('',*,*,#7147,.F.);
#7147 = EDGE_CURVE('',#7148,#7139,#7150,.T.);
#7148 = VERTEX_POINT('',#7149);
#7149 = CARTESIAN_POINT('',(1.193417712582,-12.57947126592,0.));
#7150 = LINE('',#7151,#7152);
#7151 = CARTESIAN_POINT('',(1.193417712582,-12.57947126592,0.));
#7152 = VECTOR('',#7153,1.);
#7153 = DIRECTION('',(0.,0.,1.));
#7154 = ORIENTED_EDGE('',*,*,#7155,.F.);
#7155 = EDGE_CURVE('',#7115,#7148,#7156,.T.);
#7156 = CIRCLE('',#7157,0.228);
#7157 = AXIS2_PLACEMENT_3D('',#7158,#7159,#7160);
#7158 = CARTESIAN_POINT('',(0.973750977756,-12.64054929479,0.));
#7159 = DIRECTION('',(0.,0.,-1.));
#7160 = DIRECTION('',(-7.829463548619E-02,0.996930263386,0.));
#7161 = CYLINDRICAL_SURFACE('',#7162,0.228);
#7162 = AXIS2_PLACEMENT_3D('',#7163,#7164,#7165);
#7163 = CARTESIAN_POINT('',(0.973750977756,-12.64054929479,0.));
#7164 = DIRECTION('',(0.,0.,-1.));
#7165 = DIRECTION('',(-7.829463548619E-02,0.996930263386,0.));
#7166 = ADVANCED_FACE('',(#7167),#7196,.F.);
#7167 = FACE_BOUND('',#7168,.F.);
#7168 = EDGE_LOOP('',(#7169,#7170,#7180,#7188));
#7169 = ORIENTED_EDGE('',*,*,#7147,.T.);
#7170 = ORIENTED_EDGE('',*,*,#7171,.T.);
#7171 = EDGE_CURVE('',#7139,#7172,#7174,.T.);
#7172 = VERTEX_POINT('',#7173);
#7173 = CARTESIAN_POINT('',(1.735889012445,-13.69037338942,12.));
#7174 = B_SPLINE_CURVE_WITH_KNOTS('',4,(#7175,#7176,#7177,#7178,#7179),
  .UNSPECIFIED.,.F.,.F.,(5,5),(0.,1.),.PIECEWISE_BEZIER_KNOTS.);
#7175 = CARTESIAN_POINT('',(1.193417712582,-12.57947126592,12.));
#7176 = CARTESIAN_POINT('',(1.243430468161,-12.74897810578,12.));
#7177 = CARTESIAN_POINT('',(1.335144000603,-12.998888725,12.));
#7178 = CARTESIAN_POINT('',(1.492594625786,-13.31949601649,12.));
#7179 = CARTESIAN_POINT('',(1.735889012445,-13.69037338942,12.));
#7180 = ORIENTED_EDGE('',*,*,#7181,.F.);
#7181 = EDGE_CURVE('',#7182,#7172,#7184,.T.);
#7182 = VERTEX_POINT('',#7183);
#7183 = CARTESIAN_POINT('',(1.735889012445,-13.69037338942,0.));
#7184 = LINE('',#7185,#7186);
#7185 = CARTESIAN_POINT('',(1.735889012445,-13.69037338942,0.));
#7186 = VECTOR('',#7187,1.);
#7187 = DIRECTION('',(0.,0.,1.));
#7188 = ORIENTED_EDGE('',*,*,#7189,.F.);
#7189 = EDGE_CURVE('',#7148,#7182,#7190,.T.);
#7190 = B_SPLINE_CURVE_WITH_KNOTS('',4,(#7191,#7192,#7193,#7194,#7195),
  .UNSPECIFIED.,.F.,.F.,(5,5),(0.,1.),.PIECEWISE_BEZIER_KNOTS.);
#7191 = CARTESIAN_POINT('',(1.193417712582,-12.57947126592,0.));
#7192 = CARTESIAN_POINT('',(1.243430468161,-12.74897810578,0.));
#7193 = CARTESIAN_POINT('',(1.335144000603,-12.998888725,0.));
#7194 = CARTESIAN_POINT('',(1.492594625786,-13.31949601649,0.));
#7195 = CARTESIAN_POINT('',(1.735889012445,-13.69037338942,0.));
#7196 = SURFACE_OF_LINEAR_EXTRUSION('',#7197,#7203);
#7197 = B_SPLINE_CURVE_WITH_KNOTS('',4,(#7198,#7199,#7200,#7201,#7202),
  .UNSPECIFIED.,.F.,.F.,(5,5),(0.,1.),.PIECEWISE_BEZIER_KNOTS.);
#7198 = CARTESIAN_POINT('',(1.193417712582,-12.57947126592,0.));
#7199 = CARTESIAN_POINT('',(1.243430468161,-12.74897810578,0.));
#7200 = CARTESIAN_POINT('',(1.335144000603,-12.998888725,0.));
#7201 = CARTESIAN_POINT('',(1.492594625786,-13.31949601649,0.));
#7202 = CARTESIAN_POINT('',(1.735889012445,-13.69037338942,0.));
#7203 = VECTOR('',#7204,1.);
#7204 = DIRECTION('',(-0.,-0.,-1.));
#7205 = ADVANCED_FACE('',(#7206),#7233,.T.);
#7206 = FACE_BOUND('',#7207,.F.);
#7207 = EDGE_LOOP('',(#7208,#7209,#7218,#7226));
#7208 = ORIENTED_EDGE('',*,*,#7181,.T.);
#7209 = ORIENTED_EDGE('',*,*,#7210,.T.);
#7210 = EDGE_CURVE('',#7172,#7211,#7213,.T.);
#7211 = VERTEX_POINT('',#7212);
#7212 = CARTESIAN_POINT('',(2.191506259387,-13.62487799266,12.));
#7213 = CIRCLE('',#7214,13.800000000015);
#7214 = AXIS2_PLACEMENT_3D('',#7215,#7216,#7217);
#7215 = CARTESIAN_POINT('',(3.923564132964E-04,6.310315433566E-05,12.));
#7216 = DIRECTION('',(-0.,0.,1.));
#7217 = DIRECTION('',(0.125760627249,-0.992060615403,0.));
#7218 = ORIENTED_EDGE('',*,*,#7219,.F.);
#7219 = EDGE_CURVE('',#7220,#7211,#7222,.T.);
#7220 = VERTEX_POINT('',#7221);
#7221 = CARTESIAN_POINT('',(2.191506259387,-13.62487799266,0.));
#7222 = LINE('',#7223,#7224);
#7223 = CARTESIAN_POINT('',(2.191506259387,-13.62487799266,0.));
#7224 = VECTOR('',#7225,1.);
#7225 = DIRECTION('',(0.,0.,1.));
#7226 = ORIENTED_EDGE('',*,*,#7227,.F.);
#7227 = EDGE_CURVE('',#7182,#7220,#7228,.T.);
#7228 = CIRCLE('',#7229,13.800000000015);
#7229 = AXIS2_PLACEMENT_3D('',#7230,#7231,#7232);
#7230 = CARTESIAN_POINT('',(3.923564132964E-04,6.310315433566E-05,0.));
#7231 = DIRECTION('',(-0.,0.,1.));
#7232 = DIRECTION('',(0.125760627249,-0.992060615403,0.));
#7233 = CYLINDRICAL_SURFACE('',#7234,13.800000000015);
#7234 = AXIS2_PLACEMENT_3D('',#7235,#7236,#7237);
#7235 = CARTESIAN_POINT('',(3.923564132964E-04,6.310315433566E-05,0.));
#7236 = DIRECTION('',(0.,0.,-1.));
#7237 = DIRECTION('',(0.125760627249,-0.992060615403,0.));
#7238 = ADVANCED_FACE('',(#7239),#7268,.F.);
#7239 = FACE_BOUND('',#7240,.F.);
#7240 = EDGE_LOOP('',(#7241,#7242,#7252,#7260));
#7241 = ORIENTED_EDGE('',*,*,#7219,.T.);
#7242 = ORIENTED_EDGE('',*,*,#7243,.T.);
#7243 = EDGE_CURVE('',#7211,#7244,#7246,.T.);
#7244 = VERTEX_POINT('',#7245);
#7245 = CARTESIAN_POINT('',(2.398970625679,-12.40614062196,12.));
#7246 = B_SPLINE_CURVE_WITH_KNOTS('',4,(#7247,#7248,#7249,#7250,#7251),
  .UNSPECIFIED.,.F.,.F.,(5,5),(0.,1.),.PIECEWISE_BEZIER_KNOTS.);
#7247 = CARTESIAN_POINT('',(2.191506259387,-13.62487799266,12.));
#7248 = CARTESIAN_POINT('',(2.32040161267,-13.20047534016,12.));
#7249 = CARTESIAN_POINT('',(2.38114886925,-12.84849592947,12.));
#7250 = CARTESIAN_POINT('',(2.39873940148,-12.58286975831,12.));
#7251 = CARTESIAN_POINT('',(2.398970625679,-12.40614062196,12.));
#7252 = ORIENTED_EDGE('',*,*,#7253,.F.);
#7253 = EDGE_CURVE('',#7254,#7244,#7256,.T.);
#7254 = VERTEX_POINT('',#7255);
#7255 = CARTESIAN_POINT('',(2.398970625679,-12.40614062196,0.));
#7256 = LINE('',#7257,#7258);
#7257 = CARTESIAN_POINT('',(2.398970625679,-12.40614062196,0.));
#7258 = VECTOR('',#7259,1.);
#7259 = DIRECTION('',(0.,0.,1.));
#7260 = ORIENTED_EDGE('',*,*,#7261,.F.);
#7261 = EDGE_CURVE('',#7220,#7254,#7262,.T.);
#7262 = B_SPLINE_CURVE_WITH_KNOTS('',4,(#7263,#7264,#7265,#7266,#7267),
  .UNSPECIFIED.,.F.,.F.,(5,5),(0.,1.),.PIECEWISE_BEZIER_KNOTS.);
#7263 = CARTESIAN_POINT('',(2.191506259387,-13.62487799266,0.));
#7264 = CARTESIAN_POINT('',(2.32040161267,-13.20047534016,0.));
#7265 = CARTESIAN_POINT('',(2.38114886925,-12.84849592947,0.));
#7266 = CARTESIAN_POINT('',(2.39873940148,-12.58286975831,0.));
#7267 = CARTESIAN_POINT('',(2.398970625679,-12.40614062196,0.));
#7268 = SURFACE_OF_LINEAR_EXTRUSION('',#7269,#7275);
#7269 = B_SPLINE_CURVE_WITH_KNOTS('',4,(#7270,#7271,#7272,#7273,#7274),
  .UNSPECIFIED.,.F.,.F.,(5,5),(0.,1.),.PIECEWISE_BEZIER_KNOTS.);
#7270 = CARTESIAN_POINT('',(2.191506259387,-13.62487799266,0.));
#7271 = CARTESIAN_POINT('',(2.32040161267,-13.20047534016,0.));
#7272 = CARTESIAN_POINT('',(2.38114886925,-12.84849592947,0.));
#7273 = CARTESIAN_POINT('',(2.39873940148,-12.58286975831,0.));
#7274 = CARTESIAN_POINT('',(2.398970625679,-12.40614062196,0.));
#7275 = VECTOR('',#7276,1.);
#7276 = DIRECTION('',(-0.,-0.,-1.));
#7277 = ADVANCED_FACE('',(#7278),#7305,.F.);
#7278 = FACE_BOUND('',#7279,.F.);
#7279 = EDGE_LOOP('',(#7280,#7281,#7290,#7298));
#7280 = ORIENTED_EDGE('',*,*,#7253,.T.);
#7281 = ORIENTED_EDGE('',*,*,#7282,.T.);
#7282 = EDGE_CURVE('',#7244,#7283,#7285,.T.);
#7283 = VERTEX_POINT('',#7284);
#7284 = CARTESIAN_POINT('',(2.580037291934,-12.17973347706,12.));
#7285 = CIRCLE('',#7286,0.228);
#7286 = AXIS2_PLACEMENT_3D('',#7287,#7288,#7289);
#7287 = CARTESIAN_POINT('',(2.626946959212,-12.40285560307,12.));
#7288 = DIRECTION('',(0.,0.,-1.));
#7289 = DIRECTION('',(-0.999896199703,-1.440797761899E-02,-0.));
#7290 = ORIENTED_EDGE('',*,*,#7291,.F.);
#7291 = EDGE_CURVE('',#7292,#7283,#7294,.T.);
#7292 = VERTEX_POINT('',#7293);
#7293 = CARTESIAN_POINT('',(2.580037291934,-12.17973347706,0.));
#7294 = LINE('',#7295,#7296);
#7295 = CARTESIAN_POINT('',(2.580037291934,-12.17973347706,0.));
#7296 = VECTOR('',#7297,1.);
#7297 = DIRECTION('',(0.,0.,1.));
#7298 = ORIENTED_EDGE('',*,*,#7299,.F.);
#7299 = EDGE_CURVE('',#7254,#7292,#7300,.T.);
#7300 = CIRCLE('',#7301,0.228);
#7301 = AXIS2_PLACEMENT_3D('',#7302,#7303,#7304);
#7302 = CARTESIAN_POINT('',(2.626946959212,-12.40285560307,0.));
#7303 = DIRECTION('',(0.,0.,-1.));
#7304 = DIRECTION('',(-0.999896199703,-1.440797761899E-02,-0.));
#7305 = CYLINDRICAL_SURFACE('',#7306,0.228);
#7306 = AXIS2_PLACEMENT_3D('',#7307,#7308,#7309);
#7307 = CARTESIAN_POINT('',(2.626946959212,-12.40285560307,0.));
#7308 = DIRECTION('',(0.,0.,-1.));
#7309 = DIRECTION('',(-0.999896199703,-1.440797761899E-02,-0.));
#7310 = ADVANCED_FACE('',(#7311),#7338,.T.);
#7311 = FACE_BOUND('',#7312,.F.);
#7312 = EDGE_LOOP('',(#7313,#7314,#7323,#7331));
#7313 = ORIENTED_EDGE('',*,*,#7291,.T.);
#7314 = ORIENTED_EDGE('',*,*,#7315,.T.);
#7315 = EDGE_CURVE('',#7283,#7316,#7318,.T.);
#7316 = VERTEX_POINT('',#7317);
#7317 = CARTESIAN_POINT('',(2.712759670781,-12.15086149079,12.));
#7318 = CIRCLE('',#7319,12.450000000456);
#7319 = AXIS2_PLACEMENT_3D('',#7320,#7321,#7322);
#7320 = CARTESIAN_POINT('',(-9.701439651622E-11,4.458504676563E-10,12.)
  );
#7321 = DIRECTION('',(-0.,0.,1.));
#7322 = DIRECTION('',(0.207231910999,-0.978291845547,0.));
#7323 = ORIENTED_EDGE('',*,*,#7324,.F.);
#7324 = EDGE_CURVE('',#7325,#7316,#7327,.T.);
#7325 = VERTEX_POINT('',#7326);
#7326 = CARTESIAN_POINT('',(2.712759670781,-12.15086149079,0.));
#7327 = LINE('',#7328,#7329);
#7328 = CARTESIAN_POINT('',(2.712759670781,-12.15086149079,0.));
#7329 = VECTOR('',#7330,1.);
#7330 = DIRECTION('',(0.,0.,1.));
#7331 = ORIENTED_EDGE('',*,*,#7332,.F.);
#7332 = EDGE_CURVE('',#7292,#7325,#7333,.T.);
#7333 = CIRCLE('',#7334,12.450000000456);
#7334 = AXIS2_PLACEMENT_3D('',#7335,#7336,#7337);
#7335 = CARTESIAN_POINT('',(-9.701439651622E-11,4.458504676563E-10,0.));
#7336 = DIRECTION('',(-0.,0.,1.));
#7337 = DIRECTION('',(0.207231910999,-0.978291845547,0.));
#7338 = CYLINDRICAL_SURFACE('',#7339,12.450000000456);
#7339 = AXIS2_PLACEMENT_3D('',#7340,#7341,#7342);
#7340 = CARTESIAN_POINT('',(-9.701439651622E-11,4.458504676563E-10,0.));
#7341 = DIRECTION('',(0.,0.,-1.));
#7342 = DIRECTION('',(0.207231910999,-0.978291845547,0.));
#7343 = ADVANCED_FACE('',(#7344),#7371,.F.);
#7344 = FACE_BOUND('',#7345,.F.);
#7345 = EDGE_LOOP('',(#7346,#7347,#7356,#7364));
#7346 = ORIENTED_EDGE('',*,*,#7324,.T.);
#7347 = ORIENTED_EDGE('',*,*,#7348,.T.);
#7348 = EDGE_CURVE('',#7316,#7349,#7351,.T.);
#7349 = VERTEX_POINT('',#7350);
#7350 = CARTESIAN_POINT('',(2.971515859808,-12.28158933777,12.));
#7351 = CIRCLE('',#7352,0.228);
#7352 = AXIS2_PLACEMENT_3D('',#7353,#7354,#7355);
#7353 = CARTESIAN_POINT('',(2.762777325409,-12.37330751622,12.));
#7354 = DIRECTION('',(0.,0.,-1.));
#7355 = DIRECTION('',(-0.219375678192,0.975640462372,0.));
#7356 = ORIENTED_EDGE('',*,*,#7357,.F.);
#7357 = EDGE_CURVE('',#7358,#7349,#7360,.T.);
#7358 = VERTEX_POINT('',#7359);
#7359 = CARTESIAN_POINT('',(2.971515859808,-12.28158933777,0.));
#7360 = LINE('',#7361,#7362);
#7361 = CARTESIAN_POINT('',(2.971515859808,-12.28158933777,0.));
#7362 = VECTOR('',#7363,1.);
#7363 = DIRECTION('',(0.,0.,1.));
#7364 = ORIENTED_EDGE('',*,*,#7365,.F.);
#7365 = EDGE_CURVE('',#7325,#7358,#7366,.T.);
#7366 = CIRCLE('',#7367,0.228);
#7367 = AXIS2_PLACEMENT_3D('',#7368,#7369,#7370);
#7368 = CARTESIAN_POINT('',(2.762777325409,-12.37330751622,0.));
#7369 = DIRECTION('',(0.,0.,-1.));
#7370 = DIRECTION('',(-0.219375678192,0.975640462372,0.));
#7371 = CYLINDRICAL_SURFACE('',#7372,0.228);
#7372 = AXIS2_PLACEMENT_3D('',#7373,#7374,#7375);
#7373 = CARTESIAN_POINT('',(2.762777325409,-12.37330751622,0.));
#7374 = DIRECTION('',(0.,0.,-1.));
#7375 = DIRECTION('',(-0.219375678192,0.975640462372,0.));
#7376 = ADVANCED_FACE('',(#7377),#7406,.F.);
#7377 = FACE_BOUND('',#7378,.F.);
#7378 = EDGE_LOOP('',(#7379,#7380,#7390,#7398));
#7379 = ORIENTED_EDGE('',*,*,#7357,.T.);
#7380 = ORIENTED_EDGE('',*,*,#7381,.T.);
#7381 = EDGE_CURVE('',#7349,#7382,#7384,.T.);
#7382 = VERTEX_POINT('',#7383);
#7383 = CARTESIAN_POINT('',(3.66656344006,-13.30398236414,12.));
#7384 = B_SPLINE_CURVE_WITH_KNOTS('',4,(#7385,#7386,#7387,#7388,#7389),
  .UNSPECIFIED.,.F.,.F.,(5,5),(0.,1.),.PIECEWISE_BEZIER_KNOTS.);
#7385 = CARTESIAN_POINT('',(2.971515859808,-12.28158933777,12.));
#7386 = CARTESIAN_POINT('',(3.045142896149,-12.44225328519,12.));
#7387 = CARTESIAN_POINT('',(3.171488906426,-12.67656797811,12.));
#7388 = CARTESIAN_POINT('',(3.372964086109,-12.97150438939,12.));
#7389 = CARTESIAN_POINT('',(3.66656344006,-13.30398236414,12.));
#7390 = ORIENTED_EDGE('',*,*,#7391,.F.);
#7391 = EDGE_CURVE('',#7392,#7382,#7394,.T.);
#7392 = VERTEX_POINT('',#7393);
#7393 = CARTESIAN_POINT('',(3.66656344006,-13.30398236414,0.));
#7394 = LINE('',#7395,#7396);
#7395 = CARTESIAN_POINT('',(3.66656344006,-13.30398236414,0.));
#7396 = VECTOR('',#7397,1.);
#7397 = DIRECTION('',(0.,0.,1.));
#7398 = ORIENTED_EDGE('',*,*,#7399,.F.);
#7399 = EDGE_CURVE('',#7358,#7392,#7400,.T.);
#7400 = B_SPLINE_CURVE_WITH_KNOTS('',4,(#7401,#7402,#7403,#7404,#7405),
  .UNSPECIFIED.,.F.,.F.,(5,5),(0.,1.),.PIECEWISE_BEZIER_KNOTS.);
#7401 = CARTESIAN_POINT('',(2.971515859808,-12.28158933777,0.));
#7402 = CARTESIAN_POINT('',(3.045142896149,-12.44225328519,0.));
#7403 = CARTESIAN_POINT('',(3.171488906426,-12.67656797811,0.));
#7404 = CARTESIAN_POINT('',(3.372964086109,-12.97150438939,0.));
#7405 = CARTESIAN_POINT('',(3.66656344006,-13.30398236414,0.));
#7406 = SURFACE_OF_LINEAR_EXTRUSION('',#7407,#7413);
#7407 = B_SPLINE_CURVE_WITH_KNOTS('',4,(#7408,#7409,#7410,#7411,#7412),
  .UNSPECIFIED.,.F.,.F.,(5,5),(0.,1.),.PIECEWISE_BEZIER_KNOTS.);
#7408 = CARTESIAN_POINT('',(2.971515859808,-12.28158933777,0.));
#7409 = CARTESIAN_POINT('',(3.045142896149,-12.44225328519,0.));
#7410 = CARTESIAN_POINT('',(3.171488906426,-12.67656797811,0.));
#7411 = CARTESIAN_POINT('',(3.372964086109,-12.97150438939,0.));
#7412 = CARTESIAN_POINT('',(3.66656344006,-13.30398236414,0.));
#7413 = VECTOR('',#7414,1.);
#7414 = DIRECTION('',(-0.,-0.,-1.));
#7415 = ADVANCED_FACE('',(#7416),#7443,.T.);
#7416 = FACE_BOUND('',#7417,.F.);
#7417 = EDGE_LOOP('',(#7418,#7419,#7428,#7436));
#7418 = ORIENTED_EDGE('',*,*,#7391,.T.);
#7419 = ORIENTED_EDGE('',*,*,#7420,.T.);
#7420 = EDGE_CURVE('',#7382,#7421,#7423,.T.);
#7421 = VERTEX_POINT('',#7422);
#7422 = CARTESIAN_POINT('',(4.108222193577,-13.17431252127,12.));
#7423 = CIRCLE('',#7424,13.800000000016);
#7424 = AXIS2_PLACEMENT_3D('',#7425,#7426,#7427);
#7425 = CARTESIAN_POINT('',(3.793822753122E-04,1.182989952948E-04,12.));
#7426 = DIRECTION('',(-0.,0.,1.));
#7427 = DIRECTION('',(0.265665511433,-0.964065265444,0.));
#7428 = ORIENTED_EDGE('',*,*,#7429,.F.);
#7429 = EDGE_CURVE('',#7430,#7421,#7432,.T.);
#7430 = VERTEX_POINT('',#7431);
#7431 = CARTESIAN_POINT('',(4.108222193577,-13.17431252127,0.));
#7432 = LINE('',#7433,#7434);
#7433 = CARTESIAN_POINT('',(4.108222193577,-13.17431252127,0.));
#7434 = VECTOR('',#7435,1.);
#7435 = DIRECTION('',(0.,0.,1.));
#7436 = ORIENTED_EDGE('',*,*,#7437,.F.);
#7437 = EDGE_CURVE('',#7392,#7430,#7438,.T.);
#7438 = CIRCLE('',#7439,13.800000000016);
#7439 = AXIS2_PLACEMENT_3D('',#7440,#7441,#7442);
#7440 = CARTESIAN_POINT('',(3.793822753122E-04,1.182989952948E-04,0.));
#7441 = DIRECTION('',(-0.,0.,1.));
#7442 = DIRECTION('',(0.265665511433,-0.964065265444,0.));
#7443 = CYLINDRICAL_SURFACE('',#7444,13.800000000016);
#7444 = AXIS2_PLACEMENT_3D('',#7445,#7446,#7447);
#7445 = CARTESIAN_POINT('',(3.793822753122E-04,1.182989952948E-04,0.));
#7446 = DIRECTION('',(0.,0.,-1.));
#7447 = DIRECTION('',(0.265665511433,-0.964065265444,0.));
#7448 = ADVANCED_FACE('',(#7449),#7478,.F.);
#7449 = FACE_BOUND('',#7450,.F.);
#7450 = EDGE_LOOP('',(#7451,#7452,#7462,#7470));
#7451 = ORIENTED_EDGE('',*,*,#7429,.T.);
#7452 = ORIENTED_EDGE('',*,*,#7453,.T.);
#7453 = EDGE_CURVE('',#7421,#7454,#7456,.T.);
#7454 = VERTEX_POINT('',#7455);
#7455 = CARTESIAN_POINT('',(4.140130459951,-11.93845488199,12.));
#7456 = B_SPLINE_CURVE_WITH_KNOTS('',4,(#7457,#7458,#7459,#7460,#7461),
  .UNSPECIFIED.,.F.,.F.,(5,5),(0.,1.),.PIECEWISE_BEZIER_KNOTS.);
#7457 = CARTESIAN_POINT('',(4.108222193577,-13.17431252127,12.));
#7458 = CARTESIAN_POINT('',(4.175406783162,-12.73588595448,12.));
#7459 = CARTESIAN_POINT('',(4.185443827352,-12.37884395068,12.));
#7460 = CARTESIAN_POINT('',(4.165052767739,-12.11341807719,12.));
#7461 = CARTESIAN_POINT('',(4.140130459951,-11.93845488199,12.));
#7462 = ORIENTED_EDGE('',*,*,#7463,.F.);
#7463 = EDGE_CURVE('',#7464,#7454,#7466,.T.);
#7464 = VERTEX_POINT('',#7465);
#7465 = CARTESIAN_POINT('',(4.140130459951,-11.93845488199,0.));
#7466 = LINE('',#7467,#7468);
#7467 = CARTESIAN_POINT('',(4.140130459951,-11.93845488199,0.));
#7468 = VECTOR('',#7469,1.);
#7469 = DIRECTION('',(0.,0.,1.));
#7470 = ORIENTED_EDGE('',*,*,#7471,.F.);
#7471 = EDGE_CURVE('',#7430,#7464,#7472,.T.);
#7472 = B_SPLINE_CURVE_WITH_KNOTS('',4,(#7473,#7474,#7475,#7476,#7477),
  .UNSPECIFIED.,.F.,.F.,(5,5),(0.,1.),.PIECEWISE_BEZIER_KNOTS.);
#7473 = CARTESIAN_POINT('',(4.108222193577,-13.17431252127,0.));
#7474 = CARTESIAN_POINT('',(4.175406783162,-12.73588595448,0.));
#7475 = CARTESIAN_POINT('',(4.185443827352,-12.37884395068,0.));
#7476 = CARTESIAN_POINT('',(4.165052767739,-12.11341807719,0.));
#7477 = CARTESIAN_POINT('',(4.140130459951,-11.93845488199,0.));
#7478 = SURFACE_OF_LINEAR_EXTRUSION('',#7479,#7485);
#7479 = B_SPLINE_CURVE_WITH_KNOTS('',4,(#7480,#7481,#7482,#7483,#7484),
  .UNSPECIFIED.,.F.,.F.,(5,5),(0.,1.),.PIECEWISE_BEZIER_KNOTS.);
#7480 = CARTESIAN_POINT('',(4.108222193577,-13.17431252127,0.));
#7481 = CARTESIAN_POINT('',(4.175406783162,-12.73588595448,0.));
#7482 = CARTESIAN_POINT('',(4.185443827352,-12.37884395068,0.));
#7483 = CARTESIAN_POINT('',(4.165052767739,-12.11341807719,0.));
#7484 = CARTESIAN_POINT('',(4.140130459951,-11.93845488199,0.));
#7485 = VECTOR('',#7486,1.);
#7486 = DIRECTION('',(-0.,-0.,-1.));
#7487 = ADVANCED_FACE('',(#7488),#7515,.F.);
#7488 = FACE_BOUND('',#7489,.F.);
#7489 = EDGE_LOOP('',(#7490,#7491,#7500,#7508));
#7490 = ORIENTED_EDGE('',*,*,#7463,.T.);
#7491 = ORIENTED_EDGE('',*,*,#7492,.T.);
#7492 = EDGE_CURVE('',#7454,#7493,#7495,.T.);
#7493 = VERTEX_POINT('',#7494);
#7494 = CARTESIAN_POINT('',(4.287133032409,-11.68858376204,12.));
#7495 = CIRCLE('',#7496,0.228);
#7496 = AXIS2_PLACEMENT_3D('',#7497,#7498,#7499);
#7497 = CARTESIAN_POINT('',(4.36531881619,-11.90275888482,12.));
#7498 = DIRECTION('',(0.,0.,-1.));
#7499 = DIRECTION('',(-0.987668229117,-0.156561391132,-0.));
#7500 = ORIENTED_EDGE('',*,*,#7501,.F.);
#7501 = EDGE_CURVE('',#7502,#7493,#7504,.T.);
#7502 = VERTEX_POINT('',#7503);
#7503 = CARTESIAN_POINT('',(4.287133032409,-11.68858376204,0.));
#7504 = LINE('',#7505,#7506);
#7505 = CARTESIAN_POINT('',(4.287133032409,-11.68858376204,0.));
#7506 = VECTOR('',#7507,1.);
#7507 = DIRECTION('',(0.,0.,1.));
#7508 = ORIENTED_EDGE('',*,*,#7509,.F.);
#7509 = EDGE_CURVE('',#7464,#7502,#7510,.T.);
#7510 = CIRCLE('',#7511,0.228);
#7511 = AXIS2_PLACEMENT_3D('',#7512,#7513,#7514);
#7512 = CARTESIAN_POINT('',(4.36531881619,-11.90275888482,0.));
#7513 = DIRECTION('',(0.,0.,-1.));
#7514 = DIRECTION('',(-0.987668229117,-0.156561391132,-0.));
#7515 = CYLINDRICAL_SURFACE('',#7516,0.228);
#7516 = AXIS2_PLACEMENT_3D('',#7517,#7518,#7519);
#7517 = CARTESIAN_POINT('',(4.36531881619,-11.90275888482,0.));
#7518 = DIRECTION('',(0.,0.,-1.));
#7519 = DIRECTION('',(-0.987668229117,-0.156561391132,-0.));
#7520 = ADVANCED_FACE('',(#7521),#7548,.T.);
#7521 = FACE_BOUND('',#7522,.F.);
#7522 = EDGE_LOOP('',(#7523,#7524,#7533,#7541));
#7523 = ORIENTED_EDGE('',*,*,#7501,.T.);
#7524 = ORIENTED_EDGE('',*,*,#7525,.T.);
#7525 = EDGE_CURVE('',#7493,#7526,#7528,.T.);
#7526 = VERTEX_POINT('',#7527);
#7527 = CARTESIAN_POINT('',(4.414395576753,-11.64111728709,12.));
#7528 = CIRCLE('',#7529,12.450000000101);
#7529 = AXIS2_PLACEMENT_3D('',#7530,#7531,#7532);
#7530 = CARTESIAN_POINT('',(-3.504307954927E-11,9.434497627581E-11,12.)
  );
#7531 = DIRECTION('',(-0.,0.,1.));
#7532 = DIRECTION('',(0.344348034732,-0.938842069241,0.));
#7533 = ORIENTED_EDGE('',*,*,#7534,.F.);
#7534 = EDGE_CURVE('',#7535,#7526,#7537,.T.);
#7535 = VERTEX_POINT('',#7536);
#7536 = CARTESIAN_POINT('',(4.414395576753,-11.64111728709,0.));
#7537 = LINE('',#7538,#7539);
#7538 = CARTESIAN_POINT('',(4.414395576753,-11.64111728709,0.));
#7539 = VECTOR('',#7540,1.);
#7540 = DIRECTION('',(0.,0.,1.));
#7541 = ORIENTED_EDGE('',*,*,#7542,.F.);
#7542 = EDGE_CURVE('',#7502,#7535,#7543,.T.);
#7543 = CIRCLE('',#7544,12.450000000101);
#7544 = AXIS2_PLACEMENT_3D('',#7545,#7546,#7547);
#7545 = CARTESIAN_POINT('',(-3.504307954927E-11,9.434497627581E-11,0.));
#7546 = DIRECTION('',(-0.,0.,1.));
#7547 = DIRECTION('',(0.344348034732,-0.938842069241,0.));
#7548 = CYLINDRICAL_SURFACE('',#7549,12.450000000101);
#7549 = AXIS2_PLACEMENT_3D('',#7550,#7551,#7552);
#7550 = CARTESIAN_POINT('',(-3.504307954927E-11,9.434497627581E-11,0.));
#7551 = DIRECTION('',(0.,0.,-1.));
#7552 = DIRECTION('',(0.344348034732,-0.938842069241,0.));
#7553 = ADVANCED_FACE('',(#7554),#7581,.F.);
#7554 = FACE_BOUND('',#7555,.F.);
#7555 = EDGE_LOOP('',(#7556,#7557,#7566,#7574));
#7556 = ORIENTED_EDGE('',*,*,#7534,.T.);
#7557 = ORIENTED_EDGE('',*,*,#7558,.T.);
#7558 = EDGE_CURVE('',#7526,#7559,#7561,.T.);
#7559 = VERTEX_POINT('',#7560);
#7560 = CARTESIAN_POINT('',(4.689122513271,-11.73368966789,12.));
#7561 = CIRCLE('',#7562,0.228);
#7562 = AXIS2_PLACEMENT_3D('',#7563,#7564,#7565);
#7563 = CARTESIAN_POINT('',(4.495561493909,-11.85418087829,12.));
#7564 = DIRECTION('',(0.,0.,-1.));
#7565 = DIRECTION('',(-0.355990864717,0.93448943506,0.));
#7566 = ORIENTED_EDGE('',*,*,#7567,.F.);
#7567 = EDGE_CURVE('',#7568,#7559,#7570,.T.);
#7568 = VERTEX_POINT('',#7569);
#7569 = CARTESIAN_POINT('',(4.689122513271,-11.73368966789,0.));
#7570 = LINE('',#7571,#7572);
#7571 = CARTESIAN_POINT('',(4.689122513271,-11.73368966789,0.));
#7572 = VECTOR('',#7573,1.);
#7573 = DIRECTION('',(0.,0.,1.));
#7574 = ORIENTED_EDGE('',*,*,#7575,.F.);
#7575 = EDGE_CURVE('',#7535,#7568,#7576,.T.);
#7576 = CIRCLE('',#7577,0.228);
#7577 = AXIS2_PLACEMENT_3D('',#7578,#7579,#7580);
#7578 = CARTESIAN_POINT('',(4.495561493909,-11.85418087829,0.));
#7579 = DIRECTION('',(0.,0.,-1.));
#7580 = DIRECTION('',(-0.355990864717,0.93448943506,0.));
#7581 = CYLINDRICAL_SURFACE('',#7582,0.228);
#7582 = AXIS2_PLACEMENT_3D('',#7583,#7584,#7585);
#7583 = CARTESIAN_POINT('',(4.495561493909,-11.85418087829,0.));
#7584 = DIRECTION('',(0.,0.,-1.));
#7585 = DIRECTION('',(-0.355990864717,0.93448943506,0.));
#7586 = ADVANCED_FACE('',(#7587),#7616,.F.);
#7587 = FACE_BOUND('',#7588,.F.);
#7588 = EDGE_LOOP('',(#7589,#7590,#7600,#7608));
#7589 = ORIENTED_EDGE('',*,*,#7567,.T.);
#7590 = ORIENTED_EDGE('',*,*,#7591,.T.);
#7591 = EDGE_CURVE('',#7559,#7592,#7594,.T.);
#7592 = VERTEX_POINT('',#7593);
#7593 = CARTESIAN_POINT('',(5.522597209532,-12.64676062344,12.));
#7594 = B_SPLINE_CURVE_WITH_KNOTS('',4,(#7595,#7596,#7597,#7598,#7599),
  .UNSPECIFIED.,.F.,.F.,(5,5),(0.,1.),.PIECEWISE_BEZIER_KNOTS.);
#7595 = CARTESIAN_POINT('',(4.689122513271,-11.73368966789,12.));
#7596 = CARTESIAN_POINT('',(4.784864996238,-11.88224006821,12.));
#7597 = CARTESIAN_POINT('',(4.943271443934,-12.09618886339,12.));
#7598 = CARTESIAN_POINT('',(5.184669724463,-12.35945033966,12.));
#7599 = CARTESIAN_POINT('',(5.522597209532,-12.64676062344,12.));
#7600 = ORIENTED_EDGE('',*,*,#7601,.F.);
#7601 = EDGE_CURVE('',#7602,#7592,#7604,.T.);
#7602 = VERTEX_POINT('',#7603);
#7603 = CARTESIAN_POINT('',(5.522597209532,-12.64676062344,0.));
#7604 = LINE('',#7605,#7606);
#7605 = CARTESIAN_POINT('',(5.522597209532,-12.64676062344,0.));
#7606 = VECTOR('',#7607,1.);
#7607 = DIRECTION('',(0.,0.,1.));
#7608 = ORIENTED_EDGE('',*,*,#7609,.F.);
#7609 = EDGE_CURVE('',#7568,#7602,#7610,.T.);
#7610 = B_SPLINE_CURVE_WITH_KNOTS('',4,(#7611,#7612,#7613,#7614,#7615),
  .UNSPECIFIED.,.F.,.F.,(5,5),(0.,1.),.PIECEWISE_BEZIER_KNOTS.);
#7611 = CARTESIAN_POINT('',(4.689122513271,-11.73368966789,0.));
#7612 = CARTESIAN_POINT('',(4.784864996238,-11.88224006821,0.));
#7613 = CARTESIAN_POINT('',(4.943271443934,-12.09618886339,0.));
#7614 = CARTESIAN_POINT('',(5.184669724463,-12.35945033966,0.));
#7615 = CARTESIAN_POINT('',(5.522597209532,-12.64676062344,0.));
#7616 = SURFACE_OF_LINEAR_EXTRUSION('',#7617,#7623);
#7617 = B_SPLINE_CURVE_WITH_KNOTS('',4,(#7618,#7619,#7620,#7621,#7622),
  .UNSPECIFIED.,.F.,.F.,(5,5),(0.,1.),.PIECEWISE_BEZIER_KNOTS.);
#7618 = CARTESIAN_POINT('',(4.689122513271,-11.73368966789,0.));
#7619 = CARTESIAN_POINT('',(4.784864996238,-11.88224006821,0.));
#7620 = CARTESIAN_POINT('',(4.943271443934,-12.09618886339,0.));
#7621 = CARTESIAN_POINT('',(5.184669724463,-12.35945033966,0.));
#7622 = CARTESIAN_POINT('',(5.522597209532,-12.64676062344,0.));
#7623 = VECTOR('',#7624,1.);
#7624 = DIRECTION('',(-0.,-0.,-1.));
#7625 = ADVANCED_FACE('',(#7626),#7653,.T.);
#7626 = FACE_BOUND('',#7627,.F.);
#7627 = EDGE_LOOP('',(#7628,#7629,#7638,#7646));
#7628 = ORIENTED_EDGE('',*,*,#7601,.T.);
#7629 = ORIENTED_EDGE('',*,*,#7630,.T.);
#7630 = EDGE_CURVE('',#7592,#7631,#7633,.T.);
#7631 = VERTEX_POINT('',#7632);
#7632 = CARTESIAN_POINT('',(5.94130657104,-12.45555603852,12.));
#7633 = CIRCLE('',#7634,13.800000000005);
#7634 = AXIS2_PLACEMENT_3D('',#7635,#7636,#7637);
#7635 = CARTESIAN_POINT('',(3.586850129205E-04,1.710865993543E-04,12.));
#7636 = DIRECTION('',(-0.,0.,1.));
#7637 = DIRECTION('',(0.400162211922,-0.916444326814,0.));
#7638 = ORIENTED_EDGE('',*,*,#7639,.F.);
#7639 = EDGE_CURVE('',#7640,#7631,#7642,.T.);
#7640 = VERTEX_POINT('',#7641);
#7641 = CARTESIAN_POINT('',(5.94130657104,-12.45555603852,0.));
#7642 = LINE('',#7643,#7644);
#7643 = CARTESIAN_POINT('',(5.94130657104,-12.45555603852,0.));
#7644 = VECTOR('',#7645,1.);
#7645 = DIRECTION('',(0.,0.,1.));
#7646 = ORIENTED_EDGE('',*,*,#7647,.F.);
#7647 = EDGE_CURVE('',#7602,#7640,#7648,.T.);
#7648 = CIRCLE('',#7649,13.800000000005);
#7649 = AXIS2_PLACEMENT_3D('',#7650,#7651,#7652);
#7650 = CARTESIAN_POINT('',(3.586850129205E-04,1.710865993543E-04,0.));
#7651 = DIRECTION('',(-0.,0.,1.));
#7652 = DIRECTION('',(0.400162211922,-0.916444326814,0.));
#7653 = CYLINDRICAL_SURFACE('',#7654,13.800000000005);
#7654 = AXIS2_PLACEMENT_3D('',#7655,#7656,#7657);
#7655 = CARTESIAN_POINT('',(3.586850129205E-04,1.710865993543E-04,0.));
#7656 = DIRECTION('',(0.,0.,-1.));
#7657 = DIRECTION('',(0.400162211922,-0.916444326814,0.));
#7658 = ADVANCED_FACE('',(#7659),#7688,.F.);
#7659 = FACE_BOUND('',#7660,.F.);
#7660 = EDGE_LOOP('',(#7661,#7662,#7672,#7680));
#7661 = ORIENTED_EDGE('',*,*,#7639,.T.);
#7662 = ORIENTED_EDGE('',*,*,#7663,.T.);
#7663 = EDGE_CURVE('',#7631,#7664,#7666,.T.);
#7664 = VERTEX_POINT('',#7665);
#7665 = CARTESIAN_POINT('',(5.797009177209,-11.22773662829,12.));
#7666 = B_SPLINE_CURVE_WITH_KNOTS('',4,(#7667,#7668,#7669,#7670,#7671),
  .UNSPECIFIED.,.F.,.F.,(5,5),(0.,1.),.PIECEWISE_BEZIER_KNOTS.);
#7667 = CARTESIAN_POINT('',(5.94130657104,-12.45555603852,12.));
#7668 = CARTESIAN_POINT('',(5.945412712428,-12.01203065802,12.));
#7669 = CARTESIAN_POINT('',(5.904535218953,-11.65719440669,12.));
#7670 = CARTESIAN_POINT('',(5.846577670666,-11.39737213623,12.));
#7671 = CARTESIAN_POINT('',(5.797009177209,-11.22773662829,12.));
#7672 = ORIENTED_EDGE('',*,*,#7673,.F.);
#7673 = EDGE_CURVE('',#7674,#7664,#7676,.T.);
#7674 = VERTEX_POINT('',#7675);
#7675 = CARTESIAN_POINT('',(5.797009177209,-11.22773662829,0.));
#7676 = LINE('',#7677,#7678);
#7677 = CARTESIAN_POINT('',(5.797009177209,-11.22773662829,0.));
#7678 = VECTOR('',#7679,1.);
#7679 = DIRECTION('',(0.,0.,1.));
#7680 = ORIENTED_EDGE('',*,*,#7681,.F.);
#7681 = EDGE_CURVE('',#7640,#7674,#7682,.T.);
#7682 = B_SPLINE_CURVE_WITH_KNOTS('',4,(#7683,#7684,#7685,#7686,#7687),
  .UNSPECIFIED.,.F.,.F.,(5,5),(0.,1.),.PIECEWISE_BEZIER_KNOTS.);
#7683 = CARTESIAN_POINT('',(5.94130657104,-12.45555603852,0.));
#7684 = CARTESIAN_POINT('',(5.945412712428,-12.01203065802,0.));
#7685 = CARTESIAN_POINT('',(5.904535218953,-11.65719440669,0.));
#7686 = CARTESIAN_POINT('',(5.846577670666,-11.39737213623,0.));
#7687 = CARTESIAN_POINT('',(5.797009177209,-11.22773662829,0.));
#7688 = SURFACE_OF_LINEAR_EXTRUSION('',#7689,#7695);
#7689 = B_SPLINE_CURVE_WITH_KNOTS('',4,(#7690,#7691,#7692,#7693,#7694),
  .UNSPECIFIED.,.F.,.F.,(5,5),(0.,1.),.PIECEWISE_BEZIER_KNOTS.);
#7690 = CARTESIAN_POINT('',(5.94130657104,-12.45555603852,0.));
#7691 = CARTESIAN_POINT('',(5.945412712428,-12.01203065802,0.));
#7692 = CARTESIAN_POINT('',(5.904535218953,-11.65719440669,0.));
#7693 = CARTESIAN_POINT('',(5.846577670666,-11.39737213623,0.));
#7694 = CARTESIAN_POINT('',(5.797009177209,-11.22773662829,0.));
#7695 = VECTOR('',#7696,1.);
#7696 = DIRECTION('',(-0.,-0.,-1.));
#7697 = ADVANCED_FACE('',(#7698),#7725,.F.);
#7698 = FACE_BOUND('',#7699,.F.);
#7699 = EDGE_LOOP('',(#7700,#7701,#7710,#7718));
#7700 = ORIENTED_EDGE('',*,*,#7673,.T.);
#7701 = ORIENTED_EDGE('',*,*,#7702,.T.);
#7702 = EDGE_CURVE('',#7664,#7703,#7705,.T.);
#7703 = VERTEX_POINT('',#7704);
#7704 = CARTESIAN_POINT('',(5.906955107414,-10.95948818873,12.));
#7705 = CIRCLE('',#7706,0.228);
#7706 = AXIS2_PLACEMENT_3D('',#7707,#7708,#7709);
#7707 = CARTESIAN_POINT('',(6.01482537061,-11.16035632039,12.));
#7708 = DIRECTION('',(0.,0.,-1.));
#7709 = DIRECTION('',(-0.955334181586,-0.295527666208,-0.));
#7710 = ORIENTED_EDGE('',*,*,#7711,.F.);
#7711 = EDGE_CURVE('',#7712,#7703,#7714,.T.);
#7712 = VERTEX_POINT('',#7713);
#7713 = CARTESIAN_POINT('',(5.906955107414,-10.95948818873,0.));
#7714 = LINE('',#7715,#7716);
#7715 = CARTESIAN_POINT('',(5.906955107414,-10.95948818873,0.));
#7716 = VECTOR('',#7717,1.);
#7717 = DIRECTION('',(0.,0.,1.));
#7718 = ORIENTED_EDGE('',*,*,#7719,.F.);
#7719 = EDGE_CURVE('',#7674,#7712,#7720,.T.);
#7720 = CIRCLE('',#7721,0.228);
#7721 = AXIS2_PLACEMENT_3D('',#7722,#7723,#7724);
#7722 = CARTESIAN_POINT('',(6.01482537061,-11.16035632039,0.));
#7723 = DIRECTION('',(0.,0.,-1.));
#7724 = DIRECTION('',(-0.955334181586,-0.295527666208,-0.));
#7725 = CYLINDRICAL_SURFACE('',#7726,0.228);
#7726 = AXIS2_PLACEMENT_3D('',#7727,#7728,#7729);
#7727 = CARTESIAN_POINT('',(6.01482537061,-11.16035632039,0.));
#7728 = DIRECTION('',(0.,0.,-1.));
#7729 = DIRECTION('',(-0.955334181586,-0.295527666208,-0.));
#7730 = ADVANCED_FACE('',(#7731),#7758,.T.);
#7731 = FACE_BOUND('',#7732,.F.);
#7732 = EDGE_LOOP('',(#7733,#7734,#7743,#7751));
#7733 = ORIENTED_EDGE('',*,*,#7711,.T.);
#7734 = ORIENTED_EDGE('',*,*,#7735,.T.);
#7735 = EDGE_CURVE('',#7703,#7736,#7738,.T.);
#7736 = VERTEX_POINT('',#7737);
#7737 = CARTESIAN_POINT('',(6.026167118848,-10.89439350563,12.));
#7738 = CIRCLE('',#7739,12.449999999875);
#7739 = AXIS2_PLACEMENT_3D('',#7740,#7741,#7742);
#7740 = CARTESIAN_POINT('',(5.971623195933E-11,-1.094440094107E-10,12.)
  );
#7741 = DIRECTION('',(-0.,0.,1.));
#7742 = DIRECTION('',(0.474454225495,-0.880280175802,0.));
#7743 = ORIENTED_EDGE('',*,*,#7744,.F.);
#7744 = EDGE_CURVE('',#7745,#7736,#7747,.T.);
#7745 = VERTEX_POINT('',#7746);
#7746 = CARTESIAN_POINT('',(6.026167118848,-10.89439350563,0.));
#7747 = LINE('',#7748,#7749);
#7748 = CARTESIAN_POINT('',(6.026167118848,-10.89439350563,0.));
#7749 = VECTOR('',#7750,1.);
#7750 = DIRECTION('',(0.,0.,1.));
#7751 = ORIENTED_EDGE('',*,*,#7752,.F.);
#7752 = EDGE_CURVE('',#7712,#7745,#7753,.T.);
#7753 = CIRCLE('',#7754,12.449999999875);
#7754 = AXIS2_PLACEMENT_3D('',#7755,#7756,#7757);
#7755 = CARTESIAN_POINT('',(5.971623195933E-11,-1.094440094107E-10,0.));
#7756 = DIRECTION('',(-0.,0.,1.));
#7757 = DIRECTION('',(0.474454225495,-0.880280175802,0.));
#7758 = CYLINDRICAL_SURFACE('',#7759,12.449999999875);
#7759 = AXIS2_PLACEMENT_3D('',#7760,#7761,#7762);
#7760 = CARTESIAN_POINT('',(5.971623195933E-11,-1.094440094107E-10,0.));
#7761 = DIRECTION('',(0.,0.,-1.));
#7762 = DIRECTION('',(0.474454225495,-0.880280175802,0.));
#7763 = ADVANCED_FACE('',(#7764),#7791,.F.);
#7764 = FACE_BOUND('',#7765,.F.);
#7765 = EDGE_LOOP('',(#7766,#7767,#7776,#7784));
#7766 = ORIENTED_EDGE('',*,*,#7744,.T.);
#7767 = ORIENTED_EDGE('',*,*,#7768,.T.);
#7768 = EDGE_CURVE('',#7736,#7769,#7771,.T.);
#7769 = VERTEX_POINT('',#7770);
#7770 = CARTESIAN_POINT('',(6.311272154678,-10.94692591353,12.));
#7771 = CIRCLE('',#7772,0.228);
#7772 = AXIS2_PLACEMENT_3D('',#7773,#7774,#7775);
#7773 = CARTESIAN_POINT('',(6.136828994521,-11.09373730231,12.));
#7774 = DIRECTION('',(0.,0.,-1.));
#7775 = DIRECTION('',(-0.485359103829,0.874314897694,0.));
#7776 = ORIENTED_EDGE('',*,*,#7777,.F.);
#7777 = EDGE_CURVE('',#7778,#7769,#7780,.T.);
#7778 = VERTEX_POINT('',#7779);
#7779 = CARTESIAN_POINT('',(6.311272154678,-10.94692591353,0.));
#7780 = LINE('',#7781,#7782);
#7781 = CARTESIAN_POINT('',(6.311272154678,-10.94692591353,0.));
#7782 = VECTOR('',#7783,1.);
#7783 = DIRECTION('',(0.,0.,1.));
#7784 = ORIENTED_EDGE('',*,*,#7785,.F.);
#7785 = EDGE_CURVE('',#7745,#7778,#7786,.T.);
#7786 = CIRCLE('',#7787,0.228);
#7787 = AXIS2_PLACEMENT_3D('',#7788,#7789,#7790);
#7788 = CARTESIAN_POINT('',(6.136828994521,-11.09373730231,0.));
#7789 = DIRECTION('',(0.,0.,-1.));
#7790 = DIRECTION('',(-0.485359103829,0.874314897694,0.));
#7791 = CYLINDRICAL_SURFACE('',#7792,0.228);
#7792 = AXIS2_PLACEMENT_3D('',#7793,#7794,#7795);
#7793 = CARTESIAN_POINT('',(6.136828994521,-11.09373730231,0.));
#7794 = DIRECTION('',(0.,0.,-1.));
#7795 = DIRECTION('',(-0.485359103829,0.874314897694,0.));
#7796 = ADVANCED_FACE('',(#7797),#7826,.F.);
#7797 = FACE_BOUND('',#7798,.F.);
#7798 = EDGE_LOOP('',(#7799,#7800,#7810,#7818));
#7799 = ORIENTED_EDGE('',*,*,#7777,.T.);
#7800 = ORIENTED_EDGE('',*,*,#7801,.T.);
#7801 = EDGE_CURVE('',#7769,#7802,#7804,.T.);
#7802 = VERTEX_POINT('',#7803);
#7803 = CARTESIAN_POINT('',(7.266206825672,-11.73208730669,12.));
#7804 = B_SPLINE_CURVE_WITH_KNOTS('',4,(#7805,#7806,#7807,#7808,#7809),
  .UNSPECIFIED.,.F.,.F.,(5,5),(0.,1.),.PIECEWISE_BEZIER_KNOTS.);
#7805 = CARTESIAN_POINT('',(6.311272154678,-10.94692591353,12.));
#7806 = CARTESIAN_POINT('',(6.427181043415,-11.080338709,12.));
#7807 = CARTESIAN_POINT('',(6.61442323006,-11.26956622594,12.));
#7808 = CARTESIAN_POINT('',(6.890830438581,-11.49579352272,12.));
#7809 = CARTESIAN_POINT('',(7.266206825672,-11.73208730669,12.));
#7810 = ORIENTED_EDGE('',*,*,#7811,.F.);
#7811 = EDGE_CURVE('',#7812,#7802,#7814,.T.);
#7812 = VERTEX_POINT('',#7813);
#7813 = CARTESIAN_POINT('',(7.266206825672,-11.73208730669,0.));
#7814 = LINE('',#7815,#7816);
#7815 = CARTESIAN_POINT('',(7.266206825672,-11.73208730669,0.));
#7816 = VECTOR('',#7817,1.);
#7817 = DIRECTION('',(0.,0.,1.));
#7818 = ORIENTED_EDGE('',*,*,#7819,.F.);
#7819 = EDGE_CURVE('',#7778,#7812,#7820,.T.);
#7820 = B_SPLINE_CURVE_WITH_KNOTS('',4,(#7821,#7822,#7823,#7824,#7825),
  .UNSPECIFIED.,.F.,.F.,(5,5),(0.,1.),.PIECEWISE_BEZIER_KNOTS.);
#7821 = CARTESIAN_POINT('',(6.311272154678,-10.94692591353,0.));
#7822 = CARTESIAN_POINT('',(6.427181043415,-11.080338709,0.));
#7823 = CARTESIAN_POINT('',(6.61442323006,-11.26956622594,0.));
#7824 = CARTESIAN_POINT('',(6.890830438581,-11.49579352272,0.));
#7825 = CARTESIAN_POINT('',(7.266206825672,-11.73208730669,0.));
#7826 = SURFACE_OF_LINEAR_EXTRUSION('',#7827,#7833);
#7827 = B_SPLINE_CURVE_WITH_KNOTS('',4,(#7828,#7829,#7830,#7831,#7832),
  .UNSPECIFIED.,.F.,.F.,(5,5),(0.,1.),.PIECEWISE_BEZIER_KNOTS.);
#7828 = CARTESIAN_POINT('',(6.311272154678,-10.94692591353,0.));
#7829 = CARTESIAN_POINT('',(6.427181043415,-11.080338709,0.));
#7830 = CARTESIAN_POINT('',(6.61442323006,-11.26956622594,0.));
#7831 = CARTESIAN_POINT('',(6.890830438581,-11.49579352272,0.));
#7832 = CARTESIAN_POINT('',(7.266206825672,-11.73208730669,0.));
#7833 = VECTOR('',#7834,1.);
#7834 = DIRECTION('',(-0.,-0.,-1.));
#7835 = ADVANCED_FACE('',(#7836),#7863,.T.);
#7836 = FACE_BOUND('',#7837,.F.);
#7837 = EDGE_LOOP('',(#7838,#7839,#7848,#7856));
#7838 = ORIENTED_EDGE('',*,*,#7811,.T.);
#7839 = ORIENTED_EDGE('',*,*,#7840,.T.);
#7840 = EDGE_CURVE('',#7802,#7841,#7843,.T.);
#7841 = VERTEX_POINT('',#7842);
#7842 = CARTESIAN_POINT('',(7.653443080031,-11.48324035369,12.));
#7843 = CIRCLE('',#7844,13.800000000012);
#7844 = AXIS2_PLACEMENT_3D('',#7845,#7846,#7847);
#7845 = CARTESIAN_POINT('',(3.306859512464E-04,2.203913899086E-04,12.));
#7846 = DIRECTION('',(-0.,0.,1.));
#7847 = DIRECTION('',(0.526512763747,-0.850167224498,0.));
#7848 = ORIENTED_EDGE('',*,*,#7849,.F.);
#7849 = EDGE_CURVE('',#7850,#7841,#7852,.T.);
#7850 = VERTEX_POINT('',#7851);
#7851 = CARTESIAN_POINT('',(7.653443080031,-11.48324035369,0.));
#7852 = LINE('',#7853,#7854);
#7853 = CARTESIAN_POINT('',(7.653443080031,-11.48324035369,0.));
#7854 = VECTOR('',#7855,1.);
#7855 = DIRECTION('',(0.,0.,1.));
#7856 = ORIENTED_EDGE('',*,*,#7857,.F.);
#7857 = EDGE_CURVE('',#7812,#7850,#7858,.T.);
#7858 = CIRCLE('',#7859,13.800000000012);
#7859 = AXIS2_PLACEMENT_3D('',#7860,#7861,#7862);
#7860 = CARTESIAN_POINT('',(3.306859512464E-04,2.203913899086E-04,0.));
#7861 = DIRECTION('',(-0.,0.,1.));
#7862 = DIRECTION('',(0.526512763747,-0.850167224498,0.));
#7863 = CYLINDRICAL_SURFACE('',#7864,13.800000000012);
#7864 = AXIS2_PLACEMENT_3D('',#7865,#7866,#7867);
#7865 = CARTESIAN_POINT('',(3.306859512464E-04,2.203913899086E-04,0.));
#7866 = DIRECTION('',(0.,0.,-1.));
#7867 = DIRECTION('',(0.526512763747,-0.850167224498,0.));
#7868 = ADVANCED_FACE('',(#7869),#7898,.F.);
#7869 = FACE_BOUND('',#7870,.F.);
#7870 = EDGE_LOOP('',(#7871,#7872,#7882,#7890));
#7871 = ORIENTED_EDGE('',*,*,#7849,.T.);
#7872 = ORIENTED_EDGE('',*,*,#7873,.T.);
#7873 = EDGE_CURVE('',#7841,#7874,#7876,.T.);
#7874 = VERTEX_POINT('',#7875);
#7875 = CARTESIAN_POINT('',(7.335877504812,-10.28845403495,12.));
#7876 = B_SPLINE_CURVE_WITH_KNOTS('',4,(#7877,#7878,#7879,#7880,#7881),
  .UNSPECIFIED.,.F.,.F.,(5,5),(0.,1.),.PIECEWISE_BEZIER_KNOTS.);
#7877 = CARTESIAN_POINT('',(7.653443080031,-11.48324035369,12.));
#7878 = CARTESIAN_POINT('',(7.594387184023,-11.0436450572,12.));
#7879 = CARTESIAN_POINT('',(7.50342730077,-10.69823800115,12.));
#7880 = CARTESIAN_POINT('',(7.409083112357,-10.44930856589,12.));
#7881 = CARTESIAN_POINT('',(7.335877504812,-10.28845403495,12.));
#7882 = ORIENTED_EDGE('',*,*,#7883,.F.);
#7883 = EDGE_CURVE('',#7884,#7874,#7886,.T.);
#7884 = VERTEX_POINT('',#7885);
#7885 = CARTESIAN_POINT('',(7.335877504812,-10.28845403495,0.));
#7886 = LINE('',#7887,#7888);
#7887 = CARTESIAN_POINT('',(7.335877504812,-10.28845403495,0.));
#7888 = VECTOR('',#7889,1.);
#7889 = DIRECTION('',(0.,0.,1.));
#7890 = ORIENTED_EDGE('',*,*,#7891,.F.);
#7891 = EDGE_CURVE('',#7850,#7884,#7892,.T.);
#7892 = B_SPLINE_CURVE_WITH_KNOTS('',4,(#7893,#7894,#7895,#7896,#7897),
  .UNSPECIFIED.,.F.,.F.,(5,5),(0.,1.),.PIECEWISE_BEZIER_KNOTS.);
#7893 = CARTESIAN_POINT('',(7.653443080031,-11.48324035369,0.));
#7894 = CARTESIAN_POINT('',(7.594387184023,-11.0436450572,0.));
#7895 = CARTESIAN_POINT('',(7.50342730077,-10.69823800115,0.));
#7896 = CARTESIAN_POINT('',(7.409083112357,-10.44930856589,0.));
#7897 = CARTESIAN_POINT('',(7.335877504812,-10.28845403495,0.));
#7898 = SURFACE_OF_LINEAR_EXTRUSION('',#7899,#7905);
#7899 = B_SPLINE_CURVE_WITH_KNOTS('',4,(#7900,#7901,#7902,#7903,#7904),
  .UNSPECIFIED.,.F.,.F.,(5,5),(0.,1.),.PIECEWISE_BEZIER_KNOTS.);
#7900 = CARTESIAN_POINT('',(7.653443080031,-11.48324035369,0.));
#7901 = CARTESIAN_POINT('',(7.594387184023,-11.0436450572,0.));
#7902 = CARTESIAN_POINT('',(7.50342730077,-10.69823800115,0.));
#7903 = CARTESIAN_POINT('',(7.409083112357,-10.44930856589,0.));
#7904 = CARTESIAN_POINT('',(7.335877504812,-10.28845403495,0.));
#7905 = VECTOR('',#7906,1.);
#7906 = DIRECTION('',(-0.,-0.,-1.));
#7907 = ADVANCED_FACE('',(#7908),#7935,.F.);
#7908 = FACE_BOUND('',#7909,.F.);
#7909 = EDGE_LOOP('',(#7910,#7911,#7920,#7928));
#7910 = ORIENTED_EDGE('',*,*,#7883,.T.);
#7911 = ORIENTED_EDGE('',*,*,#7912,.T.);
#7912 = EDGE_CURVE('',#7874,#7913,#7915,.T.);
#7913 = VERTEX_POINT('',#7914);
#7914 = CARTESIAN_POINT('',(7.406528610684,-10.00728904045,12.));
#7915 = CIRCLE('',#7916,0.228);
#7916 = AXIS2_PLACEMENT_3D('',#7917,#7918,#7919);
#7917 = CARTESIAN_POINT('',(7.541887425809,-10.1907610851,12.));
#7918 = DIRECTION('',(0.,0.,-1.));
#7919 = DIRECTION('',(-0.903552285074,-0.428477850231,-0.));
#7920 = ORIENTED_EDGE('',*,*,#7921,.F.);
#7921 = EDGE_CURVE('',#7922,#7913,#7924,.T.);
#7922 = VERTEX_POINT('',#7923);
#7923 = CARTESIAN_POINT('',(7.406528610684,-10.00728904045,0.));
#7924 = LINE('',#7925,#7926);
#7925 = CARTESIAN_POINT('',(7.406528610684,-10.00728904045,0.));
#7926 = VECTOR('',#7927,1.);
#7927 = DIRECTION('',(0.,0.,1.));
#7928 = ORIENTED_EDGE('',*,*,#7929,.F.);
#7929 = EDGE_CURVE('',#7884,#7922,#7930,.T.);
#7930 = CIRCLE('',#7931,0.228);
#7931 = AXIS2_PLACEMENT_3D('',#7932,#7933,#7934);
#7932 = CARTESIAN_POINT('',(7.541887425809,-10.1907610851,0.));
#7933 = DIRECTION('',(0.,0.,-1.));
#7934 = DIRECTION('',(-0.903552285074,-0.428477850231,-0.));
#7935 = CYLINDRICAL_SURFACE('',#7936,0.228);
#7936 = AXIS2_PLACEMENT_3D('',#7937,#7938,#7939);
#7937 = CARTESIAN_POINT('',(7.541887425809,-10.1907610851,0.));
#7938 = DIRECTION('',(0.,0.,-1.));
#7939 = DIRECTION('',(-0.903552285074,-0.428477850231,-0.));
#7940 = ADVANCED_FACE('',(#7941),#7968,.T.);
#7941 = FACE_BOUND('',#7942,.F.);
#7942 = EDGE_LOOP('',(#7943,#7944,#7953,#7961));
#7943 = ORIENTED_EDGE('',*,*,#7921,.T.);
#7944 = ORIENTED_EDGE('',*,*,#7945,.T.);
#7945 = EDGE_CURVE('',#7913,#7946,#7948,.T.);
#7946 = VERTEX_POINT('',#7947);
#7947 = CARTESIAN_POINT('',(7.515263276434,-9.925891289243,12.));
#7948 = CIRCLE('',#7949,12.450000000038);
#7949 = AXIS2_PLACEMENT_3D('',#7950,#7951,#7952);
#7950 = CARTESIAN_POINT('',(-2.246647312631E-11,3.039701823582E-11,12.)
  );
#7951 = DIRECTION('',(-0.,0.,1.));
#7952 = DIRECTION('',(0.59490189644,-0.803798316502,0.));
#7953 = ORIENTED_EDGE('',*,*,#7954,.F.);
#7954 = EDGE_CURVE('',#7955,#7946,#7957,.T.);
#7955 = VERTEX_POINT('',#7956);
#7956 = CARTESIAN_POINT('',(7.515263276434,-9.925891289243,0.));
#7957 = LINE('',#7958,#7959);
#7958 = CARTESIAN_POINT('',(7.515263276434,-9.925891289243,0.));
#7959 = VECTOR('',#7960,1.);
#7960 = DIRECTION('',(0.,0.,1.));
#7961 = ORIENTED_EDGE('',*,*,#7962,.F.);
#7962 = EDGE_CURVE('',#7922,#7955,#7963,.T.);
#7963 = CIRCLE('',#7964,12.450000000038);
#7964 = AXIS2_PLACEMENT_3D('',#7965,#7966,#7967);
#7965 = CARTESIAN_POINT('',(-2.246647312631E-11,3.039701823582E-11,0.));
#7966 = DIRECTION('',(-0.,0.,1.));
#7967 = DIRECTION('',(0.59490189644,-0.803798316502,0.));
#7968 = CYLINDRICAL_SURFACE('',#7969,12.450000000038);
#7969 = AXIS2_PLACEMENT_3D('',#7970,#7971,#7972);
#7970 = CARTESIAN_POINT('',(-2.246647312631E-11,3.039701823582E-11,0.));
#7971 = DIRECTION('',(0.,0.,-1.));
#7972 = DIRECTION('',(0.59490189644,-0.803798316502,0.));
#7973 = ADVANCED_FACE('',(#7974),#8001,.F.);
#7974 = FACE_BOUND('',#7975,.F.);
#7975 = EDGE_LOOP('',(#7976,#7977,#7986,#7994));
#7976 = ORIENTED_EDGE('',*,*,#7954,.T.);
#7977 = ORIENTED_EDGE('',*,*,#7978,.T.);
#7978 = EDGE_CURVE('',#7946,#7979,#7981,.T.);
#7979 = VERTEX_POINT('',#7980);
#7980 = CARTESIAN_POINT('',(7.804942495221,-9.937314315909,12.));
#7981 = CIRCLE('',#7982,0.228);
#7982 = AXIS2_PLACEMENT_3D('',#7983,#7984,#7985);
#7983 = CARTESIAN_POINT('',(7.653168353959,-10.10745722655,12.));
#7984 = DIRECTION('',(0.,0.,-1.));
#7985 = DIRECTION('',(-0.604846831247,0.796341830328,0.));
#7986 = ORIENTED_EDGE('',*,*,#7987,.F.);
#7987 = EDGE_CURVE('',#7988,#7979,#7990,.T.);
#7988 = VERTEX_POINT('',#7989);
#7989 = CARTESIAN_POINT('',(7.804942495221,-9.937314315909,0.));
#7990 = LINE('',#7991,#7992);
#7991 = CARTESIAN_POINT('',(7.804942495221,-9.937314315909,0.));
#7992 = VECTOR('',#7993,1.);
#7993 = DIRECTION('',(0.,0.,1.));
#7994 = ORIENTED_EDGE('',*,*,#7995,.F.);
#7995 = EDGE_CURVE('',#7955,#7988,#7996,.T.);
#7996 = CIRCLE('',#7997,0.228);
#7997 = AXIS2_PLACEMENT_3D('',#7998,#7999,#8000);
#7998 = CARTESIAN_POINT('',(7.653168353959,-10.10745722655,0.));
#7999 = DIRECTION('',(0.,0.,-1.));
#8000 = DIRECTION('',(-0.604846831247,0.796341830328,0.));
#8001 = CYLINDRICAL_SURFACE('',#8002,0.228);
#8002 = AXIS2_PLACEMENT_3D('',#8003,#8004,#8005);
#8003 = CARTESIAN_POINT('',(7.653168353959,-10.10745722655,0.));
#8004 = DIRECTION('',(0.,0.,-1.));
#8005 = DIRECTION('',(-0.604846831247,0.796341830328,0.));
#8006 = ADVANCED_FACE('',(#8007),#8036,.F.);
#8007 = FACE_BOUND('',#8008,.F.);
#8008 = EDGE_LOOP('',(#8009,#8010,#8020,#8028));
#8009 = ORIENTED_EDGE('',*,*,#7987,.T.);
#8010 = ORIENTED_EDGE('',*,*,#8011,.T.);
#8011 = EDGE_CURVE('',#7979,#8012,#8014,.T.);
#8012 = VERTEX_POINT('',#8013);
#8013 = CARTESIAN_POINT('',(8.861897424853,-10.57858252493,12.));
#8014 = B_SPLINE_CURVE_WITH_KNOTS('',4,(#8015,#8016,#8017,#8018,#8019),
  .UNSPECIFIED.,.F.,.F.,(5,5),(0.,1.),.PIECEWISE_BEZIER_KNOTS.);
#8015 = CARTESIAN_POINT('',(7.804942495221,-9.937314315909,12.));
#8016 = CARTESIAN_POINT('',(7.938658219008,-10.05287360672,12.));
#8017 = CARTESIAN_POINT('',(8.150924433644,-10.21352771887,12.));
#8018 = CARTESIAN_POINT('',(8.456713716483,-10.39811550079,12.));
#8019 = CARTESIAN_POINT('',(8.861897424853,-10.57858252493,12.));
#8020 = ORIENTED_EDGE('',*,*,#8021,.F.);
#8021 = EDGE_CURVE('',#8022,#8012,#8024,.T.);
#8022 = VERTEX_POINT('',#8023);
#8023 = CARTESIAN_POINT('',(8.861897424853,-10.57858252493,0.));
#8024 = LINE('',#8025,#8026);
#8025 = CARTESIAN_POINT('',(8.861897424853,-10.57858252493,0.));
#8026 = VECTOR('',#8027,1.);
#8027 = DIRECTION('',(0.,0.,1.));
#8028 = ORIENTED_EDGE('',*,*,#8029,.F.);
#8029 = EDGE_CURVE('',#7988,#8022,#8030,.T.);
#8030 = B_SPLINE_CURVE_WITH_KNOTS('',4,(#8031,#8032,#8033,#8034,#8035),
  .UNSPECIFIED.,.F.,.F.,(5,5),(0.,1.),.PIECEWISE_BEZIER_KNOTS.);
#8031 = CARTESIAN_POINT('',(7.804942495221,-9.937314315909,0.));
#8032 = CARTESIAN_POINT('',(7.938658219008,-10.05287360672,0.));
#8033 = CARTESIAN_POINT('',(8.150924433644,-10.21352771887,0.));
#8034 = CARTESIAN_POINT('',(8.456713716483,-10.39811550079,0.));
#8035 = CARTESIAN_POINT('',(8.861897424853,-10.57858252493,0.));
#8036 = SURFACE_OF_LINEAR_EXTRUSION('',#8037,#8043);
#8037 = B_SPLINE_CURVE_WITH_KNOTS('',4,(#8038,#8039,#8040,#8041,#8042),
  .UNSPECIFIED.,.F.,.F.,(5,5),(0.,1.),.PIECEWISE_BEZIER_KNOTS.);
#8038 = CARTESIAN_POINT('',(7.804942495221,-9.937314315909,0.));
#8039 = CARTESIAN_POINT('',(7.938658219008,-10.05287360672,0.));
#8040 = CARTESIAN_POINT('',(8.150924433644,-10.21352771887,0.));
#8041 = CARTESIAN_POINT('',(8.456713716483,-10.39811550079,0.));
#8042 = CARTESIAN_POINT('',(8.861897424853,-10.57858252493,0.));
#8043 = VECTOR('',#8044,1.);
#8044 = DIRECTION('',(-0.,-0.,-1.));
#8045 = ADVANCED_FACE('',(#8046),#8073,.T.);
#8046 = FACE_BOUND('',#8047,.F.);
#8047 = EDGE_LOOP('',(#8048,#8049,#8058,#8066));
#8048 = ORIENTED_EDGE('',*,*,#8021,.T.);
#8049 = ORIENTED_EDGE('',*,*,#8050,.T.);
#8050 = EDGE_CURVE('',#8012,#8051,#8053,.T.);
#8051 = VERTEX_POINT('',#8052);
#8052 = CARTESIAN_POINT('',(9.209777558619,-10.27715901019,12.));
#8053 = CIRCLE('',#8054,13.799999999985);
#8054 = AXIS2_PLACEMENT_3D('',#8055,#8056,#8057);
#8055 = CARTESIAN_POINT('',(2.959550972337E-04,2.652096212712E-04,12.));
#8056 = DIRECTION('',(-0.,0.,1.));
#8057 = DIRECTION('',(0.642145034041,-0.766583169171,0.));
#8058 = ORIENTED_EDGE('',*,*,#8059,.F.);
#8059 = EDGE_CURVE('',#8060,#8051,#8062,.T.);
#8060 = VERTEX_POINT('',#8061);
#8061 = CARTESIAN_POINT('',(9.209777558619,-10.27715901019,0.));
#8062 = LINE('',#8063,#8064);
#8063 = CARTESIAN_POINT('',(9.209777558619,-10.27715901019,0.));
#8064 = VECTOR('',#8065,1.);
#8065 = DIRECTION('',(0.,0.,1.));
#8066 = ORIENTED_EDGE('',*,*,#8067,.F.);
#8067 = EDGE_CURVE('',#8022,#8060,#8068,.T.);
#8068 = CIRCLE('',#8069,13.799999999985);
#8069 = AXIS2_PLACEMENT_3D('',#8070,#8071,#8072);
#8070 = CARTESIAN_POINT('',(2.959550972337E-04,2.652096212712E-04,0.));
#8071 = DIRECTION('',(-0.,0.,1.));
#8072 = DIRECTION('',(0.642145034041,-0.766583169171,0.));
#8073 = CYLINDRICAL_SURFACE('',#8074,13.799999999985);
#8074 = AXIS2_PLACEMENT_3D('',#8075,#8076,#8077);
#8075 = CARTESIAN_POINT('',(2.959550972337E-04,2.652096212712E-04,0.));
#8076 = DIRECTION('',(0.,0.,-1.));
#8077 = DIRECTION('',(0.642145034041,-0.766583169171,0.));
#8078 = ADVANCED_FACE('',(#8079),#8108,.F.);
#8079 = FACE_BOUND('',#8080,.F.);
#8080 = EDGE_LOOP('',(#8081,#8082,#8092,#8100));
#8081 = ORIENTED_EDGE('',*,*,#8059,.T.);
#8082 = ORIENTED_EDGE('',*,*,#8083,.T.);
#8083 = EDGE_CURVE('',#8051,#8084,#8086,.T.);
#8084 = VERTEX_POINT('',#8085);
#8085 = CARTESIAN_POINT('',(8.725408521341,-9.139728186913,12.));
#8086 = B_SPLINE_CURVE_WITH_KNOTS('',4,(#8087,#8088,#8089,#8090,#8091),
  .UNSPECIFIED.,.F.,.F.,(5,5),(0.,1.),.PIECEWISE_BEZIER_KNOTS.);
#8087 = CARTESIAN_POINT('',(9.209777558619,-10.27715901019,12.));
#8088 = CARTESIAN_POINT('',(9.088761832955,-9.850442690266,12.));
#8089 = CARTESIAN_POINT('',(8.94957124084,-9.521496321084,12.));
#8090 = CARTESIAN_POINT('',(8.820760987911,-9.288527206461,12.));
#8091 = CARTESIAN_POINT('',(8.725408521341,-9.139728186913,12.));
#8092 = ORIENTED_EDGE('',*,*,#8093,.F.);
#8093 = EDGE_CURVE('',#8094,#8084,#8096,.T.);
#8094 = VERTEX_POINT('',#8095);
#8095 = CARTESIAN_POINT('',(8.725408521341,-9.139728186913,0.));
#8096 = LINE('',#8097,#8098);
#8097 = CARTESIAN_POINT('',(8.725408521341,-9.139728186913,0.));
#8098 = VECTOR('',#8099,1.);
#8099 = DIRECTION('',(0.,0.,1.));
#8100 = ORIENTED_EDGE('',*,*,#8101,.F.);
#8101 = EDGE_CURVE('',#8060,#8094,#8102,.T.);
#8102 = B_SPLINE_CURVE_WITH_KNOTS('',4,(#8103,#8104,#8105,#8106,#8107),
  .UNSPECIFIED.,.F.,.F.,(5,5),(0.,1.),.PIECEWISE_BEZIER_KNOTS.);
#8103 = CARTESIAN_POINT('',(9.209777558619,-10.27715901019,0.));
#8104 = CARTESIAN_POINT('',(9.088761832955,-9.850442690266,0.));
#8105 = CARTESIAN_POINT('',(8.94957124084,-9.521496321084,0.));
#8106 = CARTESIAN_POINT('',(8.820760987911,-9.288527206461,0.));
#8107 = CARTESIAN_POINT('',(8.725408521341,-9.139728186913,0.));
#8108 = SURFACE_OF_LINEAR_EXTRUSION('',#8109,#8115);
#8109 = B_SPLINE_CURVE_WITH_KNOTS('',4,(#8110,#8111,#8112,#8113,#8114),
  .UNSPECIFIED.,.F.,.F.,(5,5),(0.,1.),.PIECEWISE_BEZIER_KNOTS.);
#8110 = CARTESIAN_POINT('',(9.209777558619,-10.27715901019,0.));
#8111 = CARTESIAN_POINT('',(9.088761832955,-9.850442690266,0.));
#8112 = CARTESIAN_POINT('',(8.94957124084,-9.521496321084,0.));
#8113 = CARTESIAN_POINT('',(8.820760987911,-9.288527206461,0.));
#8114 = CARTESIAN_POINT('',(8.725408521341,-9.139728186913,0.));
#8115 = VECTOR('',#8116,1.);
#8116 = DIRECTION('',(-0.,-0.,-1.));
#8117 = ADVANCED_FACE('',(#8118),#8145,.F.);
#8118 = FACE_BOUND('',#8119,.F.);
#8119 = EDGE_LOOP('',(#8120,#8121,#8130,#8138));
#8120 = ORIENTED_EDGE('',*,*,#8093,.T.);
#8121 = ORIENTED_EDGE('',*,*,#8122,.T.);
#8122 = EDGE_CURVE('',#8084,#8123,#8125,.T.);
#8123 = VERTEX_POINT('',#8124);
#8124 = CARTESIAN_POINT('',(8.755326550105,-8.851370345942,12.));
#8125 = CIRCLE('',#8126,0.228);
#8126 = AXIS2_PLACEMENT_3D('',#8127,#8128,#8129);
#8127 = CARTESIAN_POINT('',(8.915418402026,-9.013711341839,12.));
#8128 = DIRECTION('',(0.,0.,-1.));
#8129 = DIRECTION('',(-0.833376669667,-0.552705460851,-0.));
#8130 = ORIENTED_EDGE('',*,*,#8131,.F.);
#8131 = EDGE_CURVE('',#8132,#8123,#8134,.T.);
#8132 = VERTEX_POINT('',#8133);
#8133 = CARTESIAN_POINT('',(8.755326550105,-8.851370345942,0.));
#8134 = LINE('',#8135,#8136);
#8135 = CARTESIAN_POINT('',(8.755326550105,-8.851370345942,0.));
#8136 = VECTOR('',#8137,1.);
#8137 = DIRECTION('',(0.,0.,1.));
#8138 = ORIENTED_EDGE('',*,*,#8139,.F.);
#8139 = EDGE_CURVE('',#8094,#8132,#8140,.T.);
#8140 = CIRCLE('',#8141,0.228);
#8141 = AXIS2_PLACEMENT_3D('',#8142,#8143,#8144);
#8142 = CARTESIAN_POINT('',(8.915418402026,-9.013711341839,0.));
#8143 = DIRECTION('',(0.,0.,-1.));
#8144 = DIRECTION('',(-0.833376669667,-0.552705460851,-0.));
#8145 = CYLINDRICAL_SURFACE('',#8146,0.228);
#8146 = AXIS2_PLACEMENT_3D('',#8147,#8148,#8149);
#8147 = CARTESIAN_POINT('',(8.915418402026,-9.013711341839,0.));
#8148 = DIRECTION('',(0.,0.,-1.));
#8149 = DIRECTION('',(-0.833376669667,-0.552705460851,-0.));
#8150 = ADVANCED_FACE('',(#8151),#8178,.T.);
#8151 = FACE_BOUND('',#8152,.F.);
#8152 = EDGE_LOOP('',(#8153,#8154,#8163,#8171));
#8153 = ORIENTED_EDGE('',*,*,#8131,.T.);
#8154 = ORIENTED_EDGE('',*,*,#8155,.T.);
#8155 = EDGE_CURVE('',#8123,#8156,#8158,.T.);
#8156 = VERTEX_POINT('',#8157);
#8157 = CARTESIAN_POINT('',(8.851370345942,-8.755326550105,12.));
#8158 = CIRCLE('',#8159,12.45000000011);
#8159 = AXIS2_PLACEMENT_3D('',#8160,#8161,#8162);
#8160 = CARTESIAN_POINT('',(-7.799183521229E-11,7.815792457677E-11,12.)
  );
#8161 = DIRECTION('',(-0.,0.,1.));
#8162 = DIRECTION('',(0.70323908033,-0.710953441441,0.));
#8163 = ORIENTED_EDGE('',*,*,#8164,.F.);
#8164 = EDGE_CURVE('',#8165,#8156,#8167,.T.);
#8165 = VERTEX_POINT('',#8166);
#8166 = CARTESIAN_POINT('',(8.851370345942,-8.755326550105,0.));
#8167 = LINE('',#8168,#8169);
#8168 = CARTESIAN_POINT('',(8.851370345942,-8.755326550105,0.));
#8169 = VECTOR('',#8170,1.);
#8170 = DIRECTION('',(0.,0.,1.));
#8171 = ORIENTED_EDGE('',*,*,#8172,.F.);
#8172 = EDGE_CURVE('',#8132,#8165,#8173,.T.);
#8173 = CIRCLE('',#8174,12.45000000011);
#8174 = AXIS2_PLACEMENT_3D('',#8175,#8176,#8177);
#8175 = CARTESIAN_POINT('',(-7.799183521229E-11,7.815792457677E-11,0.));
#8176 = DIRECTION('',(-0.,0.,1.));
#8177 = DIRECTION('',(0.70323908033,-0.710953441441,0.));
#8178 = CYLINDRICAL_SURFACE('',#8179,12.45000000011);
#8179 = AXIS2_PLACEMENT_3D('',#8180,#8181,#8182);
#8180 = CARTESIAN_POINT('',(-7.799183521229E-11,7.815792457677E-11,0.));
#8181 = DIRECTION('',(0.,0.,-1.));
#8182 = DIRECTION('',(0.70323908033,-0.710953441441,0.));
#8183 = ADVANCED_FACE('',(#8184),#8211,.F.);
#8184 = FACE_BOUND('',#8185,.F.);
#8185 = EDGE_LOOP('',(#8186,#8187,#8196,#8204));
#8186 = ORIENTED_EDGE('',*,*,#8164,.T.);
#8187 = ORIENTED_EDGE('',*,*,#8188,.T.);
#8188 = EDGE_CURVE('',#8156,#8189,#8191,.T.);
#8189 = VERTEX_POINT('',#8190);
#8190 = CARTESIAN_POINT('',(9.139726714156,-8.725407655657,12.));
#8191 = CIRCLE('',#8192,0.228);
#8192 = AXIS2_PLACEMENT_3D('',#8193,#8194,#8195);
#8193 = CARTESIAN_POINT('',(9.013711275625,-8.91541846917,12.));
#8194 = DIRECTION('',(0.,0.,-1.));
#8195 = DIRECTION('',(-0.712021621416,0.702157539756,0.));
#8196 = ORIENTED_EDGE('',*,*,#8197,.F.);
#8197 = EDGE_CURVE('',#8198,#8189,#8200,.T.);
#8198 = VERTEX_POINT('',#8199);
#8199 = CARTESIAN_POINT('',(9.139726714156,-8.725407655657,0.));
#8200 = LINE('',#8201,#8202);
#8201 = CARTESIAN_POINT('',(9.139726714156,-8.725407655657,0.));
#8202 = VECTOR('',#8203,1.);
#8203 = DIRECTION('',(0.,0.,1.));
#8204 = ORIENTED_EDGE('',*,*,#8205,.F.);
#8205 = EDGE_CURVE('',#8165,#8198,#8206,.T.);
#8206 = CIRCLE('',#8207,0.228);
#8207 = AXIS2_PLACEMENT_3D('',#8208,#8209,#8210);
#8208 = CARTESIAN_POINT('',(9.013711275625,-8.91541846917,0.));
#8209 = DIRECTION('',(0.,0.,-1.));
#8210 = DIRECTION('',(-0.712021621416,0.702157539756,0.));
#8211 = CYLINDRICAL_SURFACE('',#8212,0.228);
#8212 = AXIS2_PLACEMENT_3D('',#8213,#8214,#8215);
#8213 = CARTESIAN_POINT('',(9.013711275625,-8.91541846917,0.));
#8214 = DIRECTION('',(0.,0.,-1.));
#8215 = DIRECTION('',(-0.712021621416,0.702157539756,0.));
#8216 = ADVANCED_FACE('',(#8217),#8246,.F.);
#8217 = FACE_BOUND('',#8218,.F.);
#8218 = EDGE_LOOP('',(#8219,#8220,#8230,#8238));
#8219 = ORIENTED_EDGE('',*,*,#8197,.T.);
#8220 = ORIENTED_EDGE('',*,*,#8221,.T.);
#8221 = EDGE_CURVE('',#8189,#8222,#8224,.T.);
#8222 = VERTEX_POINT('',#8223);
#8223 = CARTESIAN_POINT('',(10.277185348065,-9.209728309071,12.));
#8224 = B_SPLINE_CURVE_WITH_KNOTS('',4,(#8225,#8226,#8227,#8228,#8229),
  .UNSPECIFIED.,.F.,.F.,(5,5),(0.,1.),.PIECEWISE_BEZIER_KNOTS.);
#8225 = CARTESIAN_POINT('',(9.139726714156,-8.725407655657,12.));
#8226 = CARTESIAN_POINT('',(9.288527206461,-8.820760987911,12.));
#8227 = CARTESIAN_POINT('',(9.521496321084,-8.94957124084,12.));
#8228 = CARTESIAN_POINT('',(9.850442690266,-9.088761832955,12.));
#8229 = CARTESIAN_POINT('',(10.277185348065,-9.209728309071,12.));
#8230 = ORIENTED_EDGE('',*,*,#8231,.F.);
#8231 = EDGE_CURVE('',#8232,#8222,#8234,.T.);
#8232 = VERTEX_POINT('',#8233);
#8233 = CARTESIAN_POINT('',(10.277185348065,-9.209728309071,0.));
#8234 = LINE('',#8235,#8236);
#8235 = CARTESIAN_POINT('',(10.277185348065,-9.209728309071,0.));
#8236 = VECTOR('',#8237,1.);
#8237 = DIRECTION('',(0.,0.,1.));
#8238 = ORIENTED_EDGE('',*,*,#8239,.F.);
#8239 = EDGE_CURVE('',#8198,#8232,#8240,.T.);
#8240 = B_SPLINE_CURVE_WITH_KNOTS('',4,(#8241,#8242,#8243,#8244,#8245),
  .UNSPECIFIED.,.F.,.F.,(5,5),(0.,1.),.PIECEWISE_BEZIER_KNOTS.);
#8241 = CARTESIAN_POINT('',(9.139726714156,-8.725407655657,0.));
#8242 = CARTESIAN_POINT('',(9.288527206461,-8.820760987911,0.));
#8243 = CARTESIAN_POINT('',(9.521496321084,-8.94957124084,0.));
#8244 = CARTESIAN_POINT('',(9.850442690266,-9.088761832955,0.));
#8245 = CARTESIAN_POINT('',(10.277185348065,-9.209728309071,0.));
#8246 = SURFACE_OF_LINEAR_EXTRUSION('',#8247,#8253);
#8247 = B_SPLINE_CURVE_WITH_KNOTS('',4,(#8248,#8249,#8250,#8251,#8252),
  .UNSPECIFIED.,.F.,.F.,(5,5),(0.,1.),.PIECEWISE_BEZIER_KNOTS.);
#8248 = CARTESIAN_POINT('',(9.139726714156,-8.725407655657,0.));
#8249 = CARTESIAN_POINT('',(9.288527206461,-8.820760987911,0.));
#8250 = CARTESIAN_POINT('',(9.521496321084,-8.94957124084,0.));
#8251 = CARTESIAN_POINT('',(9.850442690266,-9.088761832955,0.));
#8252 = CARTESIAN_POINT('',(10.277185348065,-9.209728309071,0.));
#8253 = VECTOR('',#8254,1.);
#8254 = DIRECTION('',(-0.,-0.,-1.));
#8255 = ADVANCED_FACE('',(#8256),#8283,.T.);
#8256 = FACE_BOUND('',#8257,.F.);
#8257 = EDGE_LOOP('',(#8258,#8259,#8268,#8276));
#8258 = ORIENTED_EDGE('',*,*,#8231,.T.);
#8259 = ORIENTED_EDGE('',*,*,#8260,.T.);
#8260 = EDGE_CURVE('',#8222,#8261,#8263,.T.);
#8261 = VERTEX_POINT('',#8262);
#8262 = CARTESIAN_POINT('',(10.578627524919,-8.861864346119,12.));
#8263 = CIRCLE('',#8264,13.79999999998);
#8264 = AXIS2_PLACEMENT_3D('',#8265,#8266,#8267);
#8265 = CARTESIAN_POINT('',(2.551994410753E-04,3.046289675837E-04,12.));
#8266 = DIRECTION('',(-0.,0.,1.));
#8267 = DIRECTION('',(0.744705083235,-0.667393691163,0.));
#8268 = ORIENTED_EDGE('',*,*,#8269,.F.);
#8269 = EDGE_CURVE('',#8270,#8261,#8272,.T.);
#8270 = VERTEX_POINT('',#8271);
#8271 = CARTESIAN_POINT('',(10.578627524919,-8.861864346119,0.));
#8272 = LINE('',#8273,#8274);
#8273 = CARTESIAN_POINT('',(10.578627524919,-8.861864346119,0.));
#8274 = VECTOR('',#8275,1.);
#8275 = DIRECTION('',(0.,0.,1.));
#8276 = ORIENTED_EDGE('',*,*,#8277,.F.);
#8277 = EDGE_CURVE('',#8232,#8270,#8278,.T.);
#8278 = CIRCLE('',#8279,13.79999999998);
#8279 = AXIS2_PLACEMENT_3D('',#8280,#8281,#8282);
#8280 = CARTESIAN_POINT('',(2.551994410753E-04,3.046289675837E-04,0.));
#8281 = DIRECTION('',(-0.,0.,1.));
#8282 = DIRECTION('',(0.744705083235,-0.667393691163,0.));
#8283 = CYLINDRICAL_SURFACE('',#8284,13.79999999998);
#8284 = AXIS2_PLACEMENT_3D('',#8285,#8286,#8287);
#8285 = CARTESIAN_POINT('',(2.551994410753E-04,3.046289675837E-04,0.));
#8286 = DIRECTION('',(0.,0.,-1.));
#8287 = DIRECTION('',(0.744705083235,-0.667393691163,0.));
#8288 = ADVANCED_FACE('',(#8289),#8318,.F.);
#8289 = FACE_BOUND('',#8290,.F.);
#8290 = EDGE_LOOP('',(#8291,#8292,#8302,#8310));
#8291 = ORIENTED_EDGE('',*,*,#8269,.T.);
#8292 = ORIENTED_EDGE('',*,*,#8293,.T.);
#8293 = EDGE_CURVE('',#8261,#8294,#8296,.T.);
#8294 = VERTEX_POINT('',#8295);
#8295 = CARTESIAN_POINT('',(9.937315382377,-7.804943829787,12.));
#8296 = B_SPLINE_CURVE_WITH_KNOTS('',4,(#8297,#8298,#8299,#8300,#8301),
  .UNSPECIFIED.,.F.,.F.,(5,5),(0.,1.),.PIECEWISE_BEZIER_KNOTS.);
#8297 = CARTESIAN_POINT('',(10.578627524919,-8.861864346119,12.));
#8298 = CARTESIAN_POINT('',(10.398115500794,-8.456713716483,12.));
#8299 = CARTESIAN_POINT('',(10.213527718879,-8.150924433644,12.));
#8300 = CARTESIAN_POINT('',(10.052873606726,-7.938658219008,12.));
#8301 = CARTESIAN_POINT('',(9.937315382377,-7.804943829787,12.));
#8302 = ORIENTED_EDGE('',*,*,#8303,.F.);
#8303 = EDGE_CURVE('',#8304,#8294,#8306,.T.);
#8304 = VERTEX_POINT('',#8305);
#8305 = CARTESIAN_POINT('',(9.937315382377,-7.804943829787,0.));
#8306 = LINE('',#8307,#8308);
#8307 = CARTESIAN_POINT('',(9.937315382377,-7.804943829787,0.));
#8308 = VECTOR('',#8309,1.);
#8309 = DIRECTION('',(0.,0.,1.));
#8310 = ORIENTED_EDGE('',*,*,#8311,.F.);
#8311 = EDGE_CURVE('',#8270,#8304,#8312,.T.);
#8312 = B_SPLINE_CURVE_WITH_KNOTS('',4,(#8313,#8314,#8315,#8316,#8317),
  .UNSPECIFIED.,.F.,.F.,(5,5),(0.,1.),.PIECEWISE_BEZIER_KNOTS.);
#8313 = CARTESIAN_POINT('',(10.578627524919,-8.861864346119,0.));
#8314 = CARTESIAN_POINT('',(10.398115500794,-8.456713716483,0.));
#8315 = CARTESIAN_POINT('',(10.213527718879,-8.150924433644,0.));
#8316 = CARTESIAN_POINT('',(10.052873606726,-7.938658219008,0.));
#8317 = CARTESIAN_POINT('',(9.937315382377,-7.804943829787,0.));
#8318 = SURFACE_OF_LINEAR_EXTRUSION('',#8319,#8325);
#8319 = B_SPLINE_CURVE_WITH_KNOTS('',4,(#8320,#8321,#8322,#8323,#8324),
  .UNSPECIFIED.,.F.,.F.,(5,5),(0.,1.),.PIECEWISE_BEZIER_KNOTS.);
#8320 = CARTESIAN_POINT('',(10.578627524919,-8.861864346119,0.));
#8321 = CARTESIAN_POINT('',(10.398115500794,-8.456713716483,0.));
#8322 = CARTESIAN_POINT('',(10.213527718879,-8.150924433644,0.));
#8323 = CARTESIAN_POINT('',(10.052873606726,-7.938658219008,0.));
#8324 = CARTESIAN_POINT('',(9.937315382377,-7.804943829787,0.));
#8325 = VECTOR('',#8326,1.);
#8326 = DIRECTION('',(-0.,-0.,-1.));
#8327 = ADVANCED_FACE('',(#8328),#8355,.F.);
#8328 = FACE_BOUND('',#8329,.F.);
#8329 = EDGE_LOOP('',(#8330,#8331,#8340,#8348));
#8330 = ORIENTED_EDGE('',*,*,#8303,.T.);
#8331 = ORIENTED_EDGE('',*,*,#8332,.T.);
#8332 = EDGE_CURVE('',#8294,#8333,#8335,.T.);
#8333 = VERTEX_POINT('',#8334);
#8334 = CARTESIAN_POINT('',(9.925891289243,-7.515263276434,12.));
#8335 = CIRCLE('',#8336,0.228);
#8336 = AXIS2_PLACEMENT_3D('',#8337,#8338,#8339);
#8337 = CARTESIAN_POINT('',(10.107457169521,-7.653168429054,12.));
#8338 = DIRECTION('',(0.,0.,-1.));
#8339 = DIRECTION('',(-0.746235908526,-0.66568158216,-0.));
#8340 = ORIENTED_EDGE('',*,*,#8341,.F.);
#8341 = EDGE_CURVE('',#8342,#8333,#8344,.T.);
#8342 = VERTEX_POINT('',#8343);
#8343 = CARTESIAN_POINT('',(9.925891289243,-7.515263276434,0.));
#8344 = LINE('',#8345,#8346);
#8345 = CARTESIAN_POINT('',(9.925891289243,-7.515263276434,0.));
#8346 = VECTOR('',#8347,1.);
#8347 = DIRECTION('',(0.,0.,1.));
#8348 = ORIENTED_EDGE('',*,*,#8349,.F.);
#8349 = EDGE_CURVE('',#8304,#8342,#8350,.T.);
#8350 = CIRCLE('',#8351,0.228);
#8351 = AXIS2_PLACEMENT_3D('',#8352,#8353,#8354);
#8352 = CARTESIAN_POINT('',(10.107457169521,-7.653168429054,0.));
#8353 = DIRECTION('',(0.,0.,-1.));
#8354 = DIRECTION('',(-0.746235908526,-0.66568158216,-0.));
#8355 = CYLINDRICAL_SURFACE('',#8356,0.228);
#8356 = AXIS2_PLACEMENT_3D('',#8357,#8358,#8359);
#8357 = CARTESIAN_POINT('',(10.107457169521,-7.653168429054,0.));
#8358 = DIRECTION('',(0.,0.,-1.));
#8359 = DIRECTION('',(-0.746235908526,-0.66568158216,-0.));
#8360 = ADVANCED_FACE('',(#8361),#8388,.T.);
#8361 = FACE_BOUND('',#8362,.F.);
#8362 = EDGE_LOOP('',(#8363,#8364,#8373,#8381));
#8363 = ORIENTED_EDGE('',*,*,#8341,.T.);
#8364 = ORIENTED_EDGE('',*,*,#8365,.T.);
#8365 = EDGE_CURVE('',#8333,#8366,#8368,.T.);
#8366 = VERTEX_POINT('',#8367);
#8367 = CARTESIAN_POINT('',(10.00728904045,-7.406528610684,12.));
#8368 = CIRCLE('',#8369,12.450000000143);
#8369 = AXIS2_PLACEMENT_3D('',#8370,#8371,#8372);
#8370 = CARTESIAN_POINT('',(-1.145314953988E-10,8.572698106946E-11,12.)
  );
#8371 = DIRECTION('',(-0.,0.,1.));
#8372 = DIRECTION('',(0.797260344518,-0.603635604533,0.));
#8373 = ORIENTED_EDGE('',*,*,#8374,.F.);
#8374 = EDGE_CURVE('',#8375,#8366,#8377,.T.);
#8375 = VERTEX_POINT('',#8376);
#8376 = CARTESIAN_POINT('',(10.00728904045,-7.406528610684,0.));
#8377 = LINE('',#8378,#8379);
#8378 = CARTESIAN_POINT('',(10.00728904045,-7.406528610684,0.));
#8379 = VECTOR('',#8380,1.);
#8380 = DIRECTION('',(0.,0.,1.));
#8381 = ORIENTED_EDGE('',*,*,#8382,.F.);
#8382 = EDGE_CURVE('',#8342,#8375,#8383,.T.);
#8383 = CIRCLE('',#8384,12.450000000143);
#8384 = AXIS2_PLACEMENT_3D('',#8385,#8386,#8387);
#8385 = CARTESIAN_POINT('',(-1.145314953988E-10,8.572698106946E-11,0.));
#8386 = DIRECTION('',(-0.,0.,1.));
#8387 = DIRECTION('',(0.797260344518,-0.603635604533,0.));
#8388 = CYLINDRICAL_SURFACE('',#8389,12.450000000143);
#8389 = AXIS2_PLACEMENT_3D('',#8390,#8391,#8392);
#8390 = CARTESIAN_POINT('',(-1.145314953988E-10,8.572698106946E-11,0.));
#8391 = DIRECTION('',(0.,0.,-1.));
#8392 = DIRECTION('',(0.797260344518,-0.603635604533,0.));
#8393 = ADVANCED_FACE('',(#8394),#8421,.F.);
#8394 = FACE_BOUND('',#8395,.F.);
#8395 = EDGE_LOOP('',(#8396,#8397,#8406,#8414));
#8396 = ORIENTED_EDGE('',*,*,#8374,.T.);
#8397 = ORIENTED_EDGE('',*,*,#8398,.T.);
#8398 = EDGE_CURVE('',#8366,#8399,#8401,.T.);
#8399 = VERTEX_POINT('',#8400);
#8400 = CARTESIAN_POINT('',(10.288452453987,-7.335876857534,12.));
#8401 = CIRCLE('',#8402,0.228);
#8402 = AXIS2_PLACEMENT_3D('',#8403,#8404,#8405);
#8403 = CARTESIAN_POINT('',(10.190761029116,-7.541887501693,12.));
#8404 = DIRECTION('',(0.,0.,-1.));
#8405 = DIRECTION('',(-0.804701704673,0.59367934653,0.));
#8406 = ORIENTED_EDGE('',*,*,#8407,.F.);
#8407 = EDGE_CURVE('',#8408,#8399,#8410,.T.);
#8408 = VERTEX_POINT('',#8409);
#8409 = CARTESIAN_POINT('',(10.288452453987,-7.335876857534,0.));
#8410 = LINE('',#8411,#8412);
#8411 = CARTESIAN_POINT('',(10.288452453987,-7.335876857534,0.));
#8412 = VECTOR('',#8413,1.);
#8413 = DIRECTION('',(0.,0.,1.));
#8414 = ORIENTED_EDGE('',*,*,#8415,.F.);
#8415 = EDGE_CURVE('',#8375,#8408,#8416,.T.);
#8416 = CIRCLE('',#8417,0.228);
#8417 = AXIS2_PLACEMENT_3D('',#8418,#8419,#8420);
#8418 = CARTESIAN_POINT('',(10.190761029116,-7.541887501693,0.));
#8419 = DIRECTION('',(0.,0.,-1.));
#8420 = DIRECTION('',(-0.804701704673,0.59367934653,0.));
#8421 = CYLINDRICAL_SURFACE('',#8422,0.228);
#8422 = AXIS2_PLACEMENT_3D('',#8423,#8424,#8425);
#8423 = CARTESIAN_POINT('',(10.190761029116,-7.541887501693,0.));
#8424 = DIRECTION('',(0.,0.,-1.));
#8425 = DIRECTION('',(-0.804701704673,0.59367934653,0.));
#8426 = ADVANCED_FACE('',(#8427),#8456,.F.);
#8427 = FACE_BOUND('',#8428,.F.);
#8428 = EDGE_LOOP('',(#8429,#8430,#8440,#8448));
#8429 = ORIENTED_EDGE('',*,*,#8407,.T.);
#8430 = ORIENTED_EDGE('',*,*,#8431,.T.);
#8431 = EDGE_CURVE('',#8399,#8432,#8434,.T.);
#8432 = VERTEX_POINT('',#8433);
#8433 = CARTESIAN_POINT('',(11.483259414545,-7.653390583502,12.));
#8434 = B_SPLINE_CURVE_WITH_KNOTS('',4,(#8435,#8436,#8437,#8438,#8439),
  .UNSPECIFIED.,.F.,.F.,(5,5),(0.,1.),.PIECEWISE_BEZIER_KNOTS.);
#8435 = CARTESIAN_POINT('',(10.288452453987,-7.335876857534,12.));
#8436 = CARTESIAN_POINT('',(10.449308565891,-7.409083112357,12.));
#8437 = CARTESIAN_POINT('',(10.698238001155,-7.50342730077,12.));
#8438 = CARTESIAN_POINT('',(11.043645057206,-7.594387184023,12.));
#8439 = CARTESIAN_POINT('',(11.483259414545,-7.653390583502,12.));
#8440 = ORIENTED_EDGE('',*,*,#8441,.F.);
#8441 = EDGE_CURVE('',#8442,#8432,#8444,.T.);
#8442 = VERTEX_POINT('',#8443);
#8443 = CARTESIAN_POINT('',(11.483259414545,-7.653390583502,0.));
#8444 = LINE('',#8445,#8446);
#8445 = CARTESIAN_POINT('',(11.483259414545,-7.653390583502,0.));
#8446 = VECTOR('',#8447,1.);
#8447 = DIRECTION('',(0.,0.,1.));
#8448 = ORIENTED_EDGE('',*,*,#8449,.F.);
#8449 = EDGE_CURVE('',#8408,#8442,#8450,.T.);
#8450 = B_SPLINE_CURVE_WITH_KNOTS('',4,(#8451,#8452,#8453,#8454,#8455),
  .UNSPECIFIED.,.F.,.F.,(5,5),(0.,1.),.PIECEWISE_BEZIER_KNOTS.);
#8451 = CARTESIAN_POINT('',(10.288452453987,-7.335876857534,0.));
#8452 = CARTESIAN_POINT('',(10.449308565891,-7.409083112357,0.));
#8453 = CARTESIAN_POINT('',(10.698238001155,-7.50342730077,0.));
#8454 = CARTESIAN_POINT('',(11.043645057206,-7.594387184023,0.));
#8455 = CARTESIAN_POINT('',(11.483259414545,-7.653390583502,0.));
#8456 = SURFACE_OF_LINEAR_EXTRUSION('',#8457,#8463);
#8457 = B_SPLINE_CURVE_WITH_KNOTS('',4,(#8458,#8459,#8460,#8461,#8462),
  .UNSPECIFIED.,.F.,.F.,(5,5),(0.,1.),.PIECEWISE_BEZIER_KNOTS.);
#8458 = CARTESIAN_POINT('',(10.288452453987,-7.335876857534,0.));
#8459 = CARTESIAN_POINT('',(10.449308565891,-7.409083112357,0.));
#8460 = CARTESIAN_POINT('',(10.698238001155,-7.50342730077,0.));
#8461 = CARTESIAN_POINT('',(11.043645057206,-7.594387184023,0.));
#8462 = CARTESIAN_POINT('',(11.483259414545,-7.653390583502,0.));
#8463 = VECTOR('',#8464,1.);
#8464 = DIRECTION('',(-0.,-0.,-1.));
#8465 = ADVANCED_FACE('',(#8466),#8493,.T.);
#8466 = FACE_BOUND('',#8467,.F.);
#8467 = EDGE_LOOP('',(#8468,#8469,#8478,#8486));
#8468 = ORIENTED_EDGE('',*,*,#8441,.T.);
#8469 = ORIENTED_EDGE('',*,*,#8470,.T.);
#8470 = EDGE_CURVE('',#8432,#8471,#8473,.T.);
#8471 = VERTEX_POINT('',#8472);
#8472 = CARTESIAN_POINT('',(11.732127141055,-7.266167679467,12.));
#8473 = CIRCLE('',#8474,13.799999999987);
#8474 = AXIS2_PLACEMENT_3D('',#8475,#8476,#8477);
#8475 = CARTESIAN_POINT('',(2.09248650477E-04,3.37846955067E-04,12.));
#8476 = DIRECTION('',(-0.,0.,1.));
#8477 = DIRECTION('',(0.832105084486,-0.554618002208,0.));
#8478 = ORIENTED_EDGE('',*,*,#8479,.F.);
#8479 = EDGE_CURVE('',#8480,#8471,#8482,.T.);
#8480 = VERTEX_POINT('',#8481);
#8481 = CARTESIAN_POINT('',(11.732127141055,-7.266167679467,0.));
#8482 = LINE('',#8483,#8484);
#8483 = CARTESIAN_POINT('',(11.732127141055,-7.266167679467,0.));
#8484 = VECTOR('',#8485,1.);
#8485 = DIRECTION('',(0.,0.,1.));
#8486 = ORIENTED_EDGE('',*,*,#8487,.F.);
#8487 = EDGE_CURVE('',#8442,#8480,#8488,.T.);
#8488 = CIRCLE('',#8489,13.799999999987);
#8489 = AXIS2_PLACEMENT_3D('',#8490,#8491,#8492);
#8490 = CARTESIAN_POINT('',(2.09248650477E-04,3.37846955067E-04,0.));
#8491 = DIRECTION('',(-0.,0.,1.));
#8492 = DIRECTION('',(0.832105084486,-0.554618002208,0.));
#8493 = CYLINDRICAL_SURFACE('',#8494,13.799999999987);
#8494 = AXIS2_PLACEMENT_3D('',#8495,#8496,#8497);
#8495 = CARTESIAN_POINT('',(2.09248650477E-04,3.37846955067E-04,0.));
#8496 = DIRECTION('',(0.,0.,-1.));
#8497 = DIRECTION('',(0.832105084486,-0.554618002208,0.));
#8498 = ADVANCED_FACE('',(#8499),#8528,.F.);
#8499 = FACE_BOUND('',#8500,.F.);
#8500 = EDGE_LOOP('',(#8501,#8502,#8512,#8520));
#8501 = ORIENTED_EDGE('',*,*,#8479,.T.);
#8502 = ORIENTED_EDGE('',*,*,#8503,.T.);
#8503 = EDGE_CURVE('',#8471,#8504,#8506,.T.);
#8504 = VERTEX_POINT('',#8505);
#8505 = CARTESIAN_POINT('',(10.946927159078,-6.311273323886,12.));
#8506 = B_SPLINE_CURVE_WITH_KNOTS('',4,(#8507,#8508,#8509,#8510,#8511),
  .UNSPECIFIED.,.F.,.F.,(5,5),(0.,1.),.PIECEWISE_BEZIER_KNOTS.);
#8507 = CARTESIAN_POINT('',(11.732127141055,-7.266167679467,12.));
#8508 = CARTESIAN_POINT('',(11.495793522725,-6.890830438581,12.));
#8509 = CARTESIAN_POINT('',(11.269566225944,-6.61442323006,12.));
#8510 = CARTESIAN_POINT('',(11.080338709001,-6.427181043415,12.));
#8511 = CARTESIAN_POINT('',(10.946927159078,-6.311273323886,12.));
#8512 = ORIENTED_EDGE('',*,*,#8513,.F.);
#8513 = EDGE_CURVE('',#8514,#8504,#8516,.T.);
#8514 = VERTEX_POINT('',#8515);
#8515 = CARTESIAN_POINT('',(10.946927159078,-6.311273323886,0.));
#8516 = LINE('',#8517,#8518);
#8517 = CARTESIAN_POINT('',(10.946927159078,-6.311273323886,0.));
#8518 = VECTOR('',#8519,1.);
#8519 = DIRECTION('',(0.,0.,1.));
#8520 = ORIENTED_EDGE('',*,*,#8521,.F.);
#8521 = EDGE_CURVE('',#8480,#8514,#8522,.T.);
#8522 = B_SPLINE_CURVE_WITH_KNOTS('',4,(#8523,#8524,#8525,#8526,#8527),
  .UNSPECIFIED.,.F.,.F.,(5,5),(0.,1.),.PIECEWISE_BEZIER_KNOTS.);
#8523 = CARTESIAN_POINT('',(11.732127141055,-7.266167679467,0.));
#8524 = CARTESIAN_POINT('',(11.495793522725,-6.890830438581,0.));
#8525 = CARTESIAN_POINT('',(11.269566225944,-6.61442323006,0.));
#8526 = CARTESIAN_POINT('',(11.080338709001,-6.427181043415,0.));
#8527 = CARTESIAN_POINT('',(10.946927159078,-6.311273323886,0.));
#8528 = SURFACE_OF_LINEAR_EXTRUSION('',#8529,#8535);
#8529 = B_SPLINE_CURVE_WITH_KNOTS('',4,(#8530,#8531,#8532,#8533,#8534),
  .UNSPECIFIED.,.F.,.F.,(5,5),(0.,1.),.PIECEWISE_BEZIER_KNOTS.);
#8530 = CARTESIAN_POINT('',(11.732127141055,-7.266167679467,0.));
#8531 = CARTESIAN_POINT('',(11.495793522725,-6.890830438581,0.));
#8532 = CARTESIAN_POINT('',(11.269566225944,-6.61442323006,0.));
#8533 = CARTESIAN_POINT('',(11.080338709001,-6.427181043415,0.));
#8534 = CARTESIAN_POINT('',(10.946927159078,-6.311273323886,0.));
#8535 = VECTOR('',#8536,1.);
#8536 = DIRECTION('',(-0.,-0.,-1.));
#8537 = ADVANCED_FACE('',(#8538),#8565,.F.);
#8538 = FACE_BOUND('',#8539,.F.);
#8539 = EDGE_LOOP('',(#8540,#8541,#8550,#8558));
#8540 = ORIENTED_EDGE('',*,*,#8513,.T.);
#8541 = ORIENTED_EDGE('',*,*,#8542,.T.);
#8542 = EDGE_CURVE('',#8504,#8543,#8545,.T.);
#8543 = VERTEX_POINT('',#8544);
#8544 = CARTESIAN_POINT('',(10.894393505639,-6.026167118848,12.));
#8545 = CIRCLE('',#8546,0.228);
#8546 = AXIS2_PLACEMENT_3D('',#8547,#8548,#8549);
#8547 = CARTESIAN_POINT('',(11.093737256544,-6.13682907697,12.));
#8548 = DIRECTION('',(0.,0.,-1.));
#8549 = DIRECTION('',(-0.643903936254,-0.765106346122,-0.));
#8550 = ORIENTED_EDGE('',*,*,#8551,.F.);
#8551 = EDGE_CURVE('',#8552,#8543,#8554,.T.);
#8552 = VERTEX_POINT('',#8553);
#8553 = CARTESIAN_POINT('',(10.894393505639,-6.026167118848,0.));
#8554 = LINE('',#8555,#8556);
#8555 = CARTESIAN_POINT('',(10.894393505639,-6.026167118848,0.));
#8556 = VECTOR('',#8557,1.);
#8557 = DIRECTION('',(0.,0.,1.));
#8558 = ORIENTED_EDGE('',*,*,#8559,.F.);
#8559 = EDGE_CURVE('',#8514,#8552,#8560,.T.);
#8560 = CIRCLE('',#8561,0.228);
#8561 = AXIS2_PLACEMENT_3D('',#8562,#8563,#8564);
#8562 = CARTESIAN_POINT('',(11.093737256544,-6.13682907697,0.));
#8563 = DIRECTION('',(0.,0.,-1.));
#8564 = DIRECTION('',(-0.643903936254,-0.765106346122,-0.));
#8565 = CYLINDRICAL_SURFACE('',#8566,0.228);
#8566 = AXIS2_PLACEMENT_3D('',#8567,#8568,#8569);
#8567 = CARTESIAN_POINT('',(11.093737256544,-6.13682907697,0.));
#8568 = DIRECTION('',(0.,0.,-1.));
#8569 = DIRECTION('',(-0.643903936254,-0.765106346122,-0.));
#8570 = ADVANCED_FACE('',(#8571),#8598,.T.);
#8571 = FACE_BOUND('',#8572,.F.);
#8572 = EDGE_LOOP('',(#8573,#8574,#8583,#8591));
#8573 = ORIENTED_EDGE('',*,*,#8551,.T.);
#8574 = ORIENTED_EDGE('',*,*,#8575,.T.);
#8575 = EDGE_CURVE('',#8543,#8576,#8578,.T.);
#8576 = VERTEX_POINT('',#8577);
#8577 = CARTESIAN_POINT('',(10.959488188734,-5.906955107414,12.));
#8578 = CIRCLE('',#8579,12.450000000183);
#8579 = AXIS2_PLACEMENT_3D('',#8580,#8581,#8582);
#8580 = CARTESIAN_POINT('',(-1.60591540066E-10,8.756728675507E-11,12.));
#8581 = DIRECTION('',(-0.,0.,1.));
#8582 = DIRECTION('',(0.8750516872,-0.484029487458,0.));
#8583 = ORIENTED_EDGE('',*,*,#8584,.F.);
#8584 = EDGE_CURVE('',#8585,#8576,#8587,.T.);
#8585 = VERTEX_POINT('',#8586);
#8586 = CARTESIAN_POINT('',(10.959488188734,-5.906955107414,0.));
#8587 = LINE('',#8588,#8589);
#8588 = CARTESIAN_POINT('',(10.959488188734,-5.906955107414,0.));
#8589 = VECTOR('',#8590,1.);
#8590 = DIRECTION('',(0.,0.,1.));
#8591 = ORIENTED_EDGE('',*,*,#8592,.F.);
#8592 = EDGE_CURVE('',#8552,#8585,#8593,.T.);
#8593 = CIRCLE('',#8594,12.450000000183);
#8594 = AXIS2_PLACEMENT_3D('',#8595,#8596,#8597);
#8595 = CARTESIAN_POINT('',(-1.60591540066E-10,8.756728675507E-11,0.));
#8596 = DIRECTION('',(-0.,0.,1.));
#8597 = DIRECTION('',(0.8750516872,-0.484029487458,0.));
#8598 = CYLINDRICAL_SURFACE('',#8599,12.450000000183);
#8599 = AXIS2_PLACEMENT_3D('',#8600,#8601,#8602);
#8600 = CARTESIAN_POINT('',(-1.60591540066E-10,8.756728675507E-11,0.));
#8601 = DIRECTION('',(0.,0.,-1.));
#8602 = DIRECTION('',(0.8750516872,-0.484029487458,0.));
#8603 = ADVANCED_FACE('',(#8604),#8631,.F.);
#8604 = FACE_BOUND('',#8605,.F.);
#8605 = EDGE_LOOP('',(#8606,#8607,#8616,#8624));
#8606 = ORIENTED_EDGE('',*,*,#8584,.T.);
#8607 = ORIENTED_EDGE('',*,*,#8608,.T.);
#8608 = EDGE_CURVE('',#8576,#8609,#8611,.T.);
#8609 = VERTEX_POINT('',#8610);
#8610 = CARTESIAN_POINT('',(11.227734971302,-5.797008761514,12.));
#8611 = CIRCLE('',#8612,0.228);
#8612 = AXIS2_PLACEMENT_3D('',#8613,#8614,#8615);
#8613 = CARTESIAN_POINT('',(11.160356275782,-6.014825453689,12.));
#8614 = DIRECTION('',(0.,0.,-1.));
#8615 = DIRECTION('',(-0.881000381791,0.473115553839,0.));
#8616 = ORIENTED_EDGE('',*,*,#8617,.F.);
#8617 = EDGE_CURVE('',#8618,#8609,#8620,.T.);
#8618 = VERTEX_POINT('',#8619);
#8619 = CARTESIAN_POINT('',(11.227734971302,-5.797008761514,0.));
#8620 = LINE('',#8621,#8622);
#8621 = CARTESIAN_POINT('',(11.227734971302,-5.797008761514,0.));
#8622 = VECTOR('',#8623,1.);
#8623 = DIRECTION('',(0.,0.,1.));
#8624 = ORIENTED_EDGE('',*,*,#8625,.F.);
#8625 = EDGE_CURVE('',#8585,#8618,#8626,.T.);
#8626 = CIRCLE('',#8627,0.228);
#8627 = AXIS2_PLACEMENT_3D('',#8628,#8629,#8630);
#8628 = CARTESIAN_POINT('',(11.160356275782,-6.014825453689,0.));
#8629 = DIRECTION('',(0.,0.,-1.));
#8630 = DIRECTION('',(-0.881000381791,0.473115553839,0.));
#8631 = CYLINDRICAL_SURFACE('',#8632,0.228);
#8632 = AXIS2_PLACEMENT_3D('',#8633,#8634,#8635);
#8633 = CARTESIAN_POINT('',(11.160356275782,-6.014825453689,0.));
#8634 = DIRECTION('',(0.,0.,-1.));
#8635 = DIRECTION('',(-0.881000381791,0.473115553839,0.));
#8636 = ADVANCED_FACE('',(#8637),#8666,.F.);
#8637 = FACE_BOUND('',#8638,.F.);
#8638 = EDGE_LOOP('',(#8639,#8640,#8650,#8658));
#8639 = ORIENTED_EDGE('',*,*,#8617,.T.);
#8640 = ORIENTED_EDGE('',*,*,#8641,.T.);
#8641 = EDGE_CURVE('',#8609,#8642,#8644,.T.);
#8642 = VERTEX_POINT('',#8643);
#8643 = CARTESIAN_POINT('',(12.455567434331,-5.941251896208,12.));
#8644 = B_SPLINE_CURVE_WITH_KNOTS('',4,(#8645,#8646,#8647,#8648,#8649),
  .UNSPECIFIED.,.F.,.F.,(5,5),(0.,1.),.PIECEWISE_BEZIER_KNOTS.);
#8645 = CARTESIAN_POINT('',(11.227734971302,-5.797008761514,12.));
#8646 = CARTESIAN_POINT('',(11.397372136238,-5.846577670666,12.));
#8647 = CARTESIAN_POINT('',(11.657194406693,-5.904535218953,12.));
#8648 = CARTESIAN_POINT('',(12.012030658023,-5.945412712428,12.));
#8649 = CARTESIAN_POINT('',(12.455567434331,-5.941251896208,12.));
#8650 = ORIENTED_EDGE('',*,*,#8651,.F.);
#8651 = EDGE_CURVE('',#8652,#8642,#8654,.T.);
#8652 = VERTEX_POINT('',#8653);
#8653 = CARTESIAN_POINT('',(12.455567434331,-5.941251896208,0.));
#8654 = LINE('',#8655,#8656);
#8655 = CARTESIAN_POINT('',(12.455567434331,-5.941251896208,0.));
#8656 = VECTOR('',#8657,1.);
#8657 = DIRECTION('',(0.,0.,1.));
#8658 = ORIENTED_EDGE('',*,*,#8659,.F.);
#8659 = EDGE_CURVE('',#8618,#8652,#8660,.T.);
#8660 = B_SPLINE_CURVE_WITH_KNOTS('',4,(#8661,#8662,#8663,#8664,#8665),
  .UNSPECIFIED.,.F.,.F.,(5,5),(0.,1.),.PIECEWISE_BEZIER_KNOTS.);
#8661 = CARTESIAN_POINT('',(11.227734971302,-5.797008761514,0.));
#8662 = CARTESIAN_POINT('',(11.397372136238,-5.846577670666,0.));
#8663 = CARTESIAN_POINT('',(11.657194406693,-5.904535218953,0.));
#8664 = CARTESIAN_POINT('',(12.012030658023,-5.945412712428,0.));
#8665 = CARTESIAN_POINT('',(12.455567434331,-5.941251896208,0.));
#8666 = SURFACE_OF_LINEAR_EXTRUSION('',#8667,#8673);
#8667 = B_SPLINE_CURVE_WITH_KNOTS('',4,(#8668,#8669,#8670,#8671,#8672),
  .UNSPECIFIED.,.F.,.F.,(5,5),(0.,1.),.PIECEWISE_BEZIER_KNOTS.);
#8668 = CARTESIAN_POINT('',(11.227734971302,-5.797008761514,0.));
#8669 = CARTESIAN_POINT('',(11.397372136238,-5.846577670666,0.));
#8670 = CARTESIAN_POINT('',(11.657194406693,-5.904535218953,0.));
#8671 = CARTESIAN_POINT('',(12.012030658023,-5.945412712428,0.));
#8672 = CARTESIAN_POINT('',(12.455567434331,-5.941251896208,0.));
#8673 = VECTOR('',#8674,1.);
#8674 = DIRECTION('',(-0.,-0.,-1.));
#8675 = ADVANCED_FACE('',(#8676),#8703,.T.);
#8676 = FACE_BOUND('',#8677,.F.);
#8677 = EDGE_LOOP('',(#8678,#8679,#8688,#8696));
#8678 = ORIENTED_EDGE('',*,*,#8651,.T.);
#8679 = ORIENTED_EDGE('',*,*,#8680,.T.);
#8680 = EDGE_CURVE('',#8642,#8681,#8683,.T.);
#8681 = VERTEX_POINT('',#8682);
#8682 = CARTESIAN_POINT('',(12.646794481259,-5.522552792758,12.));
#8683 = CIRCLE('',#8684,13.799999999997);
#8684 = AXIS2_PLACEMENT_3D('',#8685,#8686,#8687);
#8685 = CARTESIAN_POINT('',(1.590381569629E-04,3.641873522615E-04,12.));
#8686 = DIRECTION('',(-0.,0.,1.));
#8687 = DIRECTION('',(0.90256582581,-0.430551890113,0.));
#8688 = ORIENTED_EDGE('',*,*,#8689,.F.);
#8689 = EDGE_CURVE('',#8690,#8681,#8692,.T.);
#8690 = VERTEX_POINT('',#8691);
#8691 = CARTESIAN_POINT('',(12.646794481259,-5.522552792758,0.));
#8692 = LINE('',#8693,#8694);
#8693 = CARTESIAN_POINT('',(12.646794481259,-5.522552792758,0.));
#8694 = VECTOR('',#8695,1.);
#8695 = DIRECTION('',(0.,0.,1.));
#8696 = ORIENTED_EDGE('',*,*,#8697,.F.);
#8697 = EDGE_CURVE('',#8652,#8690,#8698,.T.);
#8698 = CIRCLE('',#8699,13.799999999997);
#8699 = AXIS2_PLACEMENT_3D('',#8700,#8701,#8702);
#8700 = CARTESIAN_POINT('',(1.590381569629E-04,3.641873522615E-04,0.));
#8701 = DIRECTION('',(-0.,0.,1.));
#8702 = DIRECTION('',(0.90256582581,-0.430551890113,0.));
#8703 = CYLINDRICAL_SURFACE('',#8704,13.799999999997);
#8704 = AXIS2_PLACEMENT_3D('',#8705,#8706,#8707);
#8705 = CARTESIAN_POINT('',(1.590381569629E-04,3.641873522615E-04,0.));
#8706 = DIRECTION('',(0.,0.,-1.));
#8707 = DIRECTION('',(0.90256582581,-0.430551890113,0.));
#8708 = ADVANCED_FACE('',(#8709),#8738,.F.);
#8709 = FACE_BOUND('',#8710,.F.);
#8710 = EDGE_LOOP('',(#8711,#8712,#8722,#8730));
#8711 = ORIENTED_EDGE('',*,*,#8689,.T.);
#8712 = ORIENTED_EDGE('',*,*,#8713,.T.);
#8713 = EDGE_CURVE('',#8681,#8714,#8716,.T.);
#8714 = VERTEX_POINT('',#8715);
#8715 = CARTESIAN_POINT('',(11.733691067151,-4.68912349332,12.));
#8716 = B_SPLINE_CURVE_WITH_KNOTS('',4,(#8717,#8718,#8719,#8720,#8721),
  .UNSPECIFIED.,.F.,.F.,(5,5),(0.,1.),.PIECEWISE_BEZIER_KNOTS.);
#8717 = CARTESIAN_POINT('',(12.646794481259,-5.522552792758,12.));
#8718 = CARTESIAN_POINT('',(12.359450339664,-5.184669724463,12.));
#8719 = CARTESIAN_POINT('',(12.096188863394,-4.943271443934,12.));
#8720 = CARTESIAN_POINT('',(11.882240068219,-4.784864996238,12.));
#8721 = CARTESIAN_POINT('',(11.733691067151,-4.68912349332,12.));
#8722 = ORIENTED_EDGE('',*,*,#8723,.F.);
#8723 = EDGE_CURVE('',#8724,#8714,#8726,.T.);
#8724 = VERTEX_POINT('',#8725);
#8725 = CARTESIAN_POINT('',(11.733691067151,-4.68912349332,0.));
#8726 = LINE('',#8727,#8728);
#8727 = CARTESIAN_POINT('',(11.733691067151,-4.68912349332,0.));
#8728 = VECTOR('',#8729,1.);
#8729 = DIRECTION('',(0.,0.,1.));
#8730 = ORIENTED_EDGE('',*,*,#8731,.F.);
#8731 = EDGE_CURVE('',#8690,#8724,#8732,.T.);
#8732 = B_SPLINE_CURVE_WITH_KNOTS('',4,(#8733,#8734,#8735,#8736,#8737),
  .UNSPECIFIED.,.F.,.F.,(5,5),(0.,1.),.PIECEWISE_BEZIER_KNOTS.);
#8733 = CARTESIAN_POINT('',(12.646794481259,-5.522552792758,0.));
#8734 = CARTESIAN_POINT('',(12.359450339664,-5.184669724463,0.));
#8735 = CARTESIAN_POINT('',(12.096188863394,-4.943271443934,0.));
#8736 = CARTESIAN_POINT('',(11.882240068219,-4.784864996238,0.));
#8737 = CARTESIAN_POINT('',(11.733691067151,-4.68912349332,0.));
#8738 = SURFACE_OF_LINEAR_EXTRUSION('',#8739,#8745);
#8739 = B_SPLINE_CURVE_WITH_KNOTS('',4,(#8740,#8741,#8742,#8743,#8744),
  .UNSPECIFIED.,.F.,.F.,(5,5),(0.,1.),.PIECEWISE_BEZIER_KNOTS.);
#8740 = CARTESIAN_POINT('',(12.646794481259,-5.522552792758,0.));
#8741 = CARTESIAN_POINT('',(12.359450339664,-5.184669724463,0.));
#8742 = CARTESIAN_POINT('',(12.096188863394,-4.943271443934,0.));
#8743 = CARTESIAN_POINT('',(11.882240068219,-4.784864996238,0.));
#8744 = CARTESIAN_POINT('',(11.733691067151,-4.68912349332,0.));
#8745 = VECTOR('',#8746,1.);
#8746 = DIRECTION('',(-0.,-0.,-1.));
#8747 = ADVANCED_FACE('',(#8748),#8775,.F.);
#8748 = FACE_BOUND('',#8749,.F.);
#8749 = EDGE_LOOP('',(#8750,#8751,#8760,#8768));
#8750 = ORIENTED_EDGE('',*,*,#8723,.T.);
#8751 = ORIENTED_EDGE('',*,*,#8752,.T.);
#8752 = EDGE_CURVE('',#8714,#8753,#8755,.T.);
#8753 = VERTEX_POINT('',#8754);
#8754 = CARTESIAN_POINT('',(11.641117287097,-4.414395576753,12.));
#8755 = CIRCLE('',#8756,0.228);
#8756 = AXIS2_PLACEMENT_3D('',#8757,#8758,#8759);
#8757 = CARTESIAN_POINT('',(11.85418084472,-4.495561582032,12.));
#8758 = DIRECTION('',(0.,0.,-1.));
#8759 = DIRECTION('',(-0.528463936705,-0.848955751263,-0.));
#8760 = ORIENTED_EDGE('',*,*,#8761,.F.);
#8761 = EDGE_CURVE('',#8762,#8753,#8764,.T.);
#8762 = VERTEX_POINT('',#8763);
#8763 = CARTESIAN_POINT('',(11.641117287097,-4.414395576753,0.));
#8764 = LINE('',#8765,#8766);
#8765 = CARTESIAN_POINT('',(11.641117287097,-4.414395576753,0.));
#8766 = VECTOR('',#8767,1.);
#8767 = DIRECTION('',(0.,0.,1.));
#8768 = ORIENTED_EDGE('',*,*,#8769,.F.);
#8769 = EDGE_CURVE('',#8724,#8762,#8770,.T.);
#8770 = CIRCLE('',#8771,0.228);
#8771 = AXIS2_PLACEMENT_3D('',#8772,#8773,#8774);
#8772 = CARTESIAN_POINT('',(11.85418084472,-4.495561582032,0.));
#8773 = DIRECTION('',(0.,0.,-1.));
#8774 = DIRECTION('',(-0.528463936705,-0.848955751263,-0.));
#8775 = CYLINDRICAL_SURFACE('',#8776,0.228);
#8776 = AXIS2_PLACEMENT_3D('',#8777,#8778,#8779);
#8777 = CARTESIAN_POINT('',(11.85418084472,-4.495561582032,0.));
#8778 = DIRECTION('',(0.,0.,-1.));
#8779 = DIRECTION('',(-0.528463936705,-0.848955751263,-0.));
#8780 = ADVANCED_FACE('',(#8781),#8808,.T.);
#8781 = FACE_BOUND('',#8782,.F.);
#8782 = EDGE_LOOP('',(#8783,#8784,#8793,#8801));
#8783 = ORIENTED_EDGE('',*,*,#8761,.T.);
#8784 = ORIENTED_EDGE('',*,*,#8785,.T.);
#8785 = EDGE_CURVE('',#8753,#8786,#8788,.T.);
#8786 = VERTEX_POINT('',#8787);
#8787 = CARTESIAN_POINT('',(11.688583762049,-4.287133032409,12.));
#8788 = CIRCLE('',#8789,12.450000000123);
#8789 = AXIS2_PLACEMENT_3D('',#8790,#8791,#8792);
#8790 = CARTESIAN_POINT('',(-1.154134565695E-10,4.322098234866E-11,12.)
  );
#8791 = DIRECTION('',(-0.,0.,1.));
#8792 = DIRECTION('',(0.935029500972,-0.354569925844,0.));
#8793 = ORIENTED_EDGE('',*,*,#8794,.F.);
#8794 = EDGE_CURVE('',#8795,#8786,#8797,.T.);
#8795 = VERTEX_POINT('',#8796);
#8796 = CARTESIAN_POINT('',(11.688583762049,-4.287133032409,0.));
#8797 = LINE('',#8798,#8799);
#8798 = CARTESIAN_POINT('',(11.688583762049,-4.287133032409,0.));
#8799 = VECTOR('',#8800,1.);
#8800 = DIRECTION('',(0.,0.,1.));
#8801 = ORIENTED_EDGE('',*,*,#8802,.F.);
#8802 = EDGE_CURVE('',#8762,#8795,#8803,.T.);
#8803 = CIRCLE('',#8804,12.450000000123);
#8804 = AXIS2_PLACEMENT_3D('',#8805,#8806,#8807);
#8805 = CARTESIAN_POINT('',(-1.154134565695E-10,4.322098234866E-11,0.));
#8806 = DIRECTION('',(-0.,0.,1.));
#8807 = DIRECTION('',(0.935029500972,-0.354569925844,0.));
#8808 = CYLINDRICAL_SURFACE('',#8809,12.450000000123);
#8809 = AXIS2_PLACEMENT_3D('',#8810,#8811,#8812);
#8810 = CARTESIAN_POINT('',(-1.154134565695E-10,4.322098234866E-11,0.));
#8811 = DIRECTION('',(0.,0.,-1.));
#8812 = DIRECTION('',(0.935029500972,-0.354569925844,0.));
#8813 = ADVANCED_FACE('',(#8814),#8841,.F.);
#8814 = FACE_BOUND('',#8815,.F.);
#8815 = EDGE_LOOP('',(#8816,#8817,#8826,#8834));
#8816 = ORIENTED_EDGE('',*,*,#8794,.T.);
#8817 = ORIENTED_EDGE('',*,*,#8818,.T.);
#8818 = EDGE_CURVE('',#8786,#8819,#8821,.T.);
#8819 = VERTEX_POINT('',#8820);
#8820 = CARTESIAN_POINT('',(11.938453182715,-4.140130284302,12.));
#8821 = CIRCLE('',#8822,0.228);
#8822 = AXIS2_PLACEMENT_3D('',#8823,#8824,#8825);
#8823 = CARTESIAN_POINT('',(11.902758852483,-4.365318904772,12.));
#8824 = DIRECTION('',(0.,0.,-1.));
#8825 = DIRECTION('',(-0.939364431731,0.342920492823,0.));
#8826 = ORIENTED_EDGE('',*,*,#8827,.F.);
#8827 = EDGE_CURVE('',#8828,#8819,#8830,.T.);
#8828 = VERTEX_POINT('',#8829);
#8829 = CARTESIAN_POINT('',(11.938453182715,-4.140130284302,0.));
#8830 = LINE('',#8831,#8832);
#8831 = CARTESIAN_POINT('',(11.938453182715,-4.140130284302,0.));
#8832 = VECTOR('',#8833,1.);
#8833 = DIRECTION('',(0.,0.,1.));
#8834 = ORIENTED_EDGE('',*,*,#8835,.F.);
#8835 = EDGE_CURVE('',#8795,#8828,#8836,.T.);
#8836 = CIRCLE('',#8837,0.228);
#8837 = AXIS2_PLACEMENT_3D('',#8838,#8839,#8840);
#8838 = CARTESIAN_POINT('',(11.902758852483,-4.365318904772,0.));
#8839 = DIRECTION('',(0.,0.,-1.));
#8840 = DIRECTION('',(-0.939364431731,0.342920492823,0.));
#8841 = CYLINDRICAL_SURFACE('',#8842,0.228);
#8842 = AXIS2_PLACEMENT_3D('',#8843,#8844,#8845);
#8843 = CARTESIAN_POINT('',(11.902758852483,-4.365318904772,0.));
#8844 = DIRECTION('',(0.,0.,-1.));
#8845 = DIRECTION('',(-0.939364431731,0.342920492823,0.));
#8846 = ADVANCED_FACE('',(#8847),#8876,.F.);
#8847 = FACE_BOUND('',#8848,.F.);
#8848 = EDGE_LOOP('',(#8849,#8850,#8860,#8868));
#8849 = ORIENTED_EDGE('',*,*,#8827,.T.);
#8850 = ORIENTED_EDGE('',*,*,#8851,.T.);
#8851 = EDGE_CURVE('',#8819,#8852,#8854,.T.);
#8852 = VERTEX_POINT('',#8853);
#8853 = CARTESIAN_POINT('',(13.174316020045,-4.108166453464,12.));
#8854 = B_SPLINE_CURVE_WITH_KNOTS('',4,(#8855,#8856,#8857,#8858,#8859),
  .UNSPECIFIED.,.F.,.F.,(5,5),(0.,1.),.PIECEWISE_BEZIER_KNOTS.);
#8855 = CARTESIAN_POINT('',(11.938453182715,-4.140130284302,12.));
#8856 = CARTESIAN_POINT('',(12.113418077198,-4.165052767739,12.));
#8857 = CARTESIAN_POINT('',(12.378843950684,-4.185443827352,12.));
#8858 = CARTESIAN_POINT('',(12.73588595448,-4.175406783162,12.));
#8859 = CARTESIAN_POINT('',(13.174316020045,-4.108166453464,12.));
#8860 = ORIENTED_EDGE('',*,*,#8861,.F.);
#8861 = EDGE_CURVE('',#8862,#8852,#8864,.T.);
#8862 = VERTEX_POINT('',#8863);
#8863 = CARTESIAN_POINT('',(13.174316020045,-4.108166453464,0.));
#8864 = LINE('',#8865,#8866);
#8865 = CARTESIAN_POINT('',(13.174316020045,-4.108166453464,0.));
#8866 = VECTOR('',#8867,1.);
#8867 = DIRECTION('',(0.,0.,1.));
#8868 = ORIENTED_EDGE('',*,*,#8869,.F.);
#8869 = EDGE_CURVE('',#8828,#8862,#8870,.T.);
#8870 = B_SPLINE_CURVE_WITH_KNOTS('',4,(#8871,#8872,#8873,#8874,#8875),
  .UNSPECIFIED.,.F.,.F.,(5,5),(0.,1.),.PIECEWISE_BEZIER_KNOTS.);
#8871 = CARTESIAN_POINT('',(11.938453182715,-4.140130284302,0.));
#8872 = CARTESIAN_POINT('',(12.113418077198,-4.165052767739,0.));
#8873 = CARTESIAN_POINT('',(12.378843950684,-4.185443827352,0.));
#8874 = CARTESIAN_POINT('',(12.73588595448,-4.175406783162,0.));
#8875 = CARTESIAN_POINT('',(13.174316020045,-4.108166453464,0.));
#8876 = SURFACE_OF_LINEAR_EXTRUSION('',#8877,#8883);
#8877 = B_SPLINE_CURVE_WITH_KNOTS('',4,(#8878,#8879,#8880,#8881,#8882),
  .UNSPECIFIED.,.F.,.F.,(5,5),(0.,1.),.PIECEWISE_BEZIER_KNOTS.);
#8878 = CARTESIAN_POINT('',(11.938453182715,-4.140130284302,0.));
#8879 = CARTESIAN_POINT('',(12.113418077198,-4.165052767739,0.));
#8880 = CARTESIAN_POINT('',(12.378843950684,-4.185443827352,0.));
#8881 = CARTESIAN_POINT('',(12.73588595448,-4.175406783162,0.));
#8882 = CARTESIAN_POINT('',(13.174316020045,-4.108166453464,0.));
#8883 = VECTOR('',#8884,1.);
#8884 = DIRECTION('',(-0.,-0.,-1.));
#8885 = ADVANCED_FACE('',(#8886),#8913,.T.);
#8886 = FACE_BOUND('',#8887,.F.);
#8887 = EDGE_LOOP('',(#8888,#8889,#8898,#8906));
#8888 = ORIENTED_EDGE('',*,*,#8861,.T.);
#8889 = ORIENTED_EDGE('',*,*,#8890,.T.);
#8890 = EDGE_CURVE('',#8852,#8891,#8893,.T.);
#8891 = VERTEX_POINT('',#8892);
#8892 = CARTESIAN_POINT('',(13.304009556169,-3.666514656915,12.));
#8893 = CIRCLE('',#8894,13.799999999974);
#8894 = AXIS2_PLACEMENT_3D('',#8895,#8896,#8897);
#8895 = CARTESIAN_POINT('',(1.055901354023E-04,3.831139333719E-04,12.));
#8896 = DIRECTION('',(-0.,0.,1.));
#8897 = DIRECTION('',(0.954652929705,-0.297720983145,0.));
#8898 = ORIENTED_EDGE('',*,*,#8899,.F.);
#8899 = EDGE_CURVE('',#8900,#8891,#8902,.T.);
#8900 = VERTEX_POINT('',#8901);
#8901 = CARTESIAN_POINT('',(13.304009556169,-3.666514656915,0.));
#8902 = LINE('',#8903,#8904);
#8903 = CARTESIAN_POINT('',(13.304009556169,-3.666514656915,0.));
#8904 = VECTOR('',#8905,1.);
#8905 = DIRECTION('',(0.,0.,1.));
#8906 = ORIENTED_EDGE('',*,*,#8907,.F.);
#8907 = EDGE_CURVE('',#8862,#8900,#8908,.T.);
#8908 = CIRCLE('',#8909,13.799999999974);
#8909 = AXIS2_PLACEMENT_3D('',#8910,#8911,#8912);
#8910 = CARTESIAN_POINT('',(1.055901354023E-04,3.831139333719E-04,0.));
#8911 = DIRECTION('',(-0.,0.,1.));
#8912 = DIRECTION('',(0.954652929705,-0.297720983145,0.));
#8913 = CYLINDRICAL_SURFACE('',#8914,13.799999999974);
#8914 = AXIS2_PLACEMENT_3D('',#8915,#8916,#8917);
#8915 = CARTESIAN_POINT('',(1.055901354023E-04,3.831139333719E-04,0.));
#8916 = DIRECTION('',(0.,0.,-1.));
#8917 = DIRECTION('',(0.954652929705,-0.297720983145,0.));
#8918 = ADVANCED_FACE('',(#8919),#8948,.F.);
#8919 = FACE_BOUND('',#8920,.F.);
#8920 = EDGE_LOOP('',(#8921,#8922,#8932,#8940));
#8921 = ORIENTED_EDGE('',*,*,#8899,.T.);
#8922 = ORIENTED_EDGE('',*,*,#8923,.T.);
#8923 = EDGE_CURVE('',#8891,#8924,#8926,.T.);
#8924 = VERTEX_POINT('',#8925);
#8925 = CARTESIAN_POINT('',(12.281590862268,-2.971516630745,12.));
#8926 = B_SPLINE_CURVE_WITH_KNOTS('',4,(#8927,#8928,#8929,#8930,#8931),
  .UNSPECIFIED.,.F.,.F.,(5,5),(0.,1.),.PIECEWISE_BEZIER_KNOTS.);
#8927 = CARTESIAN_POINT('',(13.304009556169,-3.666514656915,12.));
#8928 = CARTESIAN_POINT('',(12.971504389399,-3.372964086109,12.));
#8929 = CARTESIAN_POINT('',(12.676567978113,-3.171488906426,12.));
#8930 = CARTESIAN_POINT('',(12.442253285199,-3.045142896149,12.));
#8931 = CARTESIAN_POINT('',(12.281590862268,-2.971516630745,12.));
#8932 = ORIENTED_EDGE('',*,*,#8933,.F.);
#8933 = EDGE_CURVE('',#8934,#8924,#8936,.T.);
#8934 = VERTEX_POINT('',#8935);
#8935 = CARTESIAN_POINT('',(12.281590862268,-2.971516630745,0.));
#8936 = LINE('',#8937,#8938);
#8937 = CARTESIAN_POINT('',(12.281590862268,-2.971516630745,0.));
#8938 = VECTOR('',#8939,1.);
#8939 = DIRECTION('',(0.,0.,1.));
#8940 = ORIENTED_EDGE('',*,*,#8941,.F.);
#8941 = EDGE_CURVE('',#8900,#8934,#8942,.T.);
#8942 = B_SPLINE_CURVE_WITH_KNOTS('',4,(#8943,#8944,#8945,#8946,#8947),
  .UNSPECIFIED.,.F.,.F.,(5,5),(0.,1.),.PIECEWISE_BEZIER_KNOTS.);
#8943 = CARTESIAN_POINT('',(13.304009556169,-3.666514656915,0.));
#8944 = CARTESIAN_POINT('',(12.971504389399,-3.372964086109,0.));
#8945 = CARTESIAN_POINT('',(12.676567978113,-3.171488906426,0.));
#8946 = CARTESIAN_POINT('',(12.442253285199,-3.045142896149,0.));
#8947 = CARTESIAN_POINT('',(12.281590862268,-2.971516630745,0.));
#8948 = SURFACE_OF_LINEAR_EXTRUSION('',#8949,#8955);
#8949 = B_SPLINE_CURVE_WITH_KNOTS('',4,(#8950,#8951,#8952,#8953,#8954),
  .UNSPECIFIED.,.F.,.F.,(5,5),(0.,1.),.PIECEWISE_BEZIER_KNOTS.);
#8950 = CARTESIAN_POINT('',(13.304009556169,-3.666514656915,0.));
#8951 = CARTESIAN_POINT('',(12.971504389399,-3.372964086109,0.));
#8952 = CARTESIAN_POINT('',(12.676567978113,-3.171488906426,0.));
#8953 = CARTESIAN_POINT('',(12.442253285199,-3.045142896149,0.));
#8954 = CARTESIAN_POINT('',(12.281590862268,-2.971516630745,0.));
#8955 = VECTOR('',#8956,1.);
#8956 = DIRECTION('',(-0.,-0.,-1.));
#8957 = ADVANCED_FACE('',(#8958),#8985,.F.);
#8958 = FACE_BOUND('',#8959,.F.);
#8959 = EDGE_LOOP('',(#8960,#8961,#8970,#8978));
#8960 = ORIENTED_EDGE('',*,*,#8933,.T.);
#8961 = ORIENTED_EDGE('',*,*,#8962,.T.);
#8962 = EDGE_CURVE('',#8924,#8963,#8965,.T.);
#8963 = VERTEX_POINT('',#8964);
#8964 = CARTESIAN_POINT('',(12.150861490799,-2.712759670781,12.));
#8965 = CIRCLE('',#8966,0.228);
#8966 = AXIS2_PLACEMENT_3D('',#8967,#8968,#8969);
#8967 = CARTESIAN_POINT('',(12.373307495533,-2.762777417413,12.));
#8968 = DIRECTION('',(0.,0.,-1.));
#8969 = DIRECTION('',(-0.40226593537,-0.915522865493,-0.));
#8970 = ORIENTED_EDGE('',*,*,#8971,.F.);
#8971 = EDGE_CURVE('',#8972,#8963,#8974,.T.);
#8972 = VERTEX_POINT('',#8973);
#8973 = CARTESIAN_POINT('',(12.150861490799,-2.712759670781,0.));
#8974 = LINE('',#8975,#8976);
#8975 = CARTESIAN_POINT('',(12.150861490799,-2.712759670781,0.));
#8976 = VECTOR('',#8977,1.);
#8977 = DIRECTION('',(0.,0.,1.));
#8978 = ORIENTED_EDGE('',*,*,#8979,.F.);
#8979 = EDGE_CURVE('',#8934,#8972,#8980,.T.);
#8980 = CIRCLE('',#8981,0.228);
#8981 = AXIS2_PLACEMENT_3D('',#8982,#8983,#8984);
#8982 = CARTESIAN_POINT('',(12.373307495533,-2.762777417413,0.));
#8983 = DIRECTION('',(0.,0.,-1.));
#8984 = DIRECTION('',(-0.40226593537,-0.915522865493,-0.));
#8985 = CYLINDRICAL_SURFACE('',#8986,0.228);
#8986 = AXIS2_PLACEMENT_3D('',#8987,#8988,#8989);
#8987 = CARTESIAN_POINT('',(12.373307495533,-2.762777417413,0.));
#8988 = DIRECTION('',(0.,0.,-1.));
#8989 = DIRECTION('',(-0.40226593537,-0.915522865493,-0.));
#8990 = ADVANCED_FACE('',(#8991),#9018,.T.);
#8991 = FACE_BOUND('',#8992,.F.);
#8992 = EDGE_LOOP('',(#8993,#8994,#9003,#9011));
#8993 = ORIENTED_EDGE('',*,*,#8971,.T.);
#8994 = ORIENTED_EDGE('',*,*,#8995,.T.);
#8995 = EDGE_CURVE('',#8963,#8996,#8998,.T.);
#8996 = VERTEX_POINT('',#8997);
#8997 = CARTESIAN_POINT('',(12.17973347706,-2.580037291934,12.));
#8998 = CIRCLE('',#8999,12.450000000115);
#8999 = AXIS2_PLACEMENT_3D('',#9000,#9001,#9002);
#9000 = CARTESIAN_POINT('',(-1.12250653217E-10,2.443956148568E-11,12.));
#9001 = DIRECTION('',(-0.,0.,1.));
#9002 = DIRECTION('',(0.975972810506,-0.217892343035,0.));
#9003 = ORIENTED_EDGE('',*,*,#9004,.F.);
#9004 = EDGE_CURVE('',#9005,#8996,#9007,.T.);
#9005 = VERTEX_POINT('',#9006);
#9006 = CARTESIAN_POINT('',(12.17973347706,-2.580037291934,0.));
#9007 = LINE('',#9008,#9009);
#9008 = CARTESIAN_POINT('',(12.17973347706,-2.580037291934,0.));
#9009 = VECTOR('',#9010,1.);
#9010 = DIRECTION('',(0.,0.,1.));
#9011 = ORIENTED_EDGE('',*,*,#9012,.F.);
#9012 = EDGE_CURVE('',#8972,#9005,#9013,.T.);
#9013 = CIRCLE('',#9014,12.450000000115);
#9014 = AXIS2_PLACEMENT_3D('',#9015,#9016,#9017);
#9015 = CARTESIAN_POINT('',(-1.12250653217E-10,2.443956148568E-11,0.));
#9016 = DIRECTION('',(-0.,0.,1.));
#9017 = DIRECTION('',(0.975972810506,-0.217892343035,0.));
#9018 = CYLINDRICAL_SURFACE('',#9019,12.450000000115);
#9019 = AXIS2_PLACEMENT_3D('',#9020,#9021,#9022);
#9020 = CARTESIAN_POINT('',(-1.12250653217E-10,2.443956148568E-11,0.));
#9021 = DIRECTION('',(0.,0.,-1.));
#9022 = DIRECTION('',(0.975972810506,-0.217892343035,0.));
#9023 = ADVANCED_FACE('',(#9024),#9051,.F.);
#9024 = FACE_BOUND('',#9025,.F.);
#9025 = EDGE_LOOP('',(#9026,#9027,#9036,#9044));
#9026 = ORIENTED_EDGE('',*,*,#9004,.T.);
#9027 = ORIENTED_EDGE('',*,*,#9028,.T.);
#9028 = EDGE_CURVE('',#8996,#9029,#9031,.T.);
#9029 = VERTEX_POINT('',#9030);
#9030 = CARTESIAN_POINT('',(12.406138914983,-2.398970693652,12.));
#9031 = CIRCLE('',#9032,0.228);
#9032 = AXIS2_PLACEMENT_3D('',#9033,#9034,#9035);
#9033 = CARTESIAN_POINT('',(12.40285558367,-2.626947051495,12.));
#9034 = DIRECTION('',(0.,0.,-1.));
#9035 = DIRECTION('',(-0.978605730745,0.205744559476,0.));
#9036 = ORIENTED_EDGE('',*,*,#9037,.F.);
#9037 = EDGE_CURVE('',#9038,#9029,#9040,.T.);
#9038 = VERTEX_POINT('',#9039);
#9039 = CARTESIAN_POINT('',(12.406138914983,-2.398970693652,0.));
#9040 = LINE('',#9041,#9042);
#9041 = CARTESIAN_POINT('',(12.406138914983,-2.398970693652,0.));
#9042 = VECTOR('',#9043,1.);
#9043 = DIRECTION('',(0.,0.,1.));
#9044 = ORIENTED_EDGE('',*,*,#9045,.F.);
#9045 = EDGE_CURVE('',#9005,#9038,#9046,.T.);
#9046 = CIRCLE('',#9047,0.228);
#9047 = AXIS2_PLACEMENT_3D('',#9048,#9049,#9050);
#9048 = CARTESIAN_POINT('',(12.40285558367,-2.626947051495,0.));
#9049 = DIRECTION('',(0.,0.,-1.));
#9050 = DIRECTION('',(-0.978605730745,0.205744559476,0.));
#9051 = CYLINDRICAL_SURFACE('',#9052,0.228);
#9052 = AXIS2_PLACEMENT_3D('',#9053,#9054,#9055);
#9053 = CARTESIAN_POINT('',(12.40285558367,-2.626947051495,0.));
#9054 = DIRECTION('',(0.,0.,-1.));
#9055 = DIRECTION('',(-0.978605730745,0.205744559476,0.));
#9056 = ADVANCED_FACE('',(#9057),#9086,.F.);
#9057 = FACE_BOUND('',#9058,.F.);
#9058 = EDGE_LOOP('',(#9059,#9060,#9070,#9078));
#9059 = ORIENTED_EDGE('',*,*,#9037,.T.);
#9060 = ORIENTED_EDGE('',*,*,#9061,.T.);
#9061 = EDGE_CURVE('',#9029,#9062,#9064,.T.);
#9062 = VERTEX_POINT('',#9063);
#9063 = CARTESIAN_POINT('',(13.62487352318,-2.191450588701,12.));
#9064 = B_SPLINE_CURVE_WITH_KNOTS('',4,(#9065,#9066,#9067,#9068,#9069),
  .UNSPECIFIED.,.F.,.F.,(5,5),(0.,1.),.PIECEWISE_BEZIER_KNOTS.);
#9065 = CARTESIAN_POINT('',(12.406138914983,-2.398970693652,12.));
#9066 = CARTESIAN_POINT('',(12.582869758319,-2.39873940148,12.));
#9067 = CARTESIAN_POINT('',(12.848495929476,-2.38114886925,12.));
#9068 = CARTESIAN_POINT('',(13.200475340165,-2.32040161267,12.));
#9069 = CARTESIAN_POINT('',(13.62487352318,-2.191450588701,12.));
#9070 = ORIENTED_EDGE('',*,*,#9071,.F.);
#9071 = EDGE_CURVE('',#9072,#9062,#9074,.T.);
#9072 = VERTEX_POINT('',#9073);
#9073 = CARTESIAN_POINT('',(13.62487352318,-2.191450588701,0.));
#9074 = LINE('',#9075,#9076);
#9075 = CARTESIAN_POINT('',(13.62487352318,-2.191450588701,0.));
#9076 = VECTOR('',#9077,1.);
#9077 = DIRECTION('',(0.,0.,1.));
#9078 = ORIENTED_EDGE('',*,*,#9079,.F.);
#9079 = EDGE_CURVE('',#9038,#9072,#9080,.T.);
#9080 = B_SPLINE_CURVE_WITH_KNOTS('',4,(#9081,#9082,#9083,#9084,#9085),
  .UNSPECIFIED.,.F.,.F.,(5,5),(0.,1.),.PIECEWISE_BEZIER_KNOTS.);
#9081 = CARTESIAN_POINT('',(12.406138914983,-2.398970693652,0.));
#9082 = CARTESIAN_POINT('',(12.582869758319,-2.39873940148,0.));
#9083 = CARTESIAN_POINT('',(12.848495929476,-2.38114886925,0.));
#9084 = CARTESIAN_POINT('',(13.200475340165,-2.32040161267,0.));
#9085 = CARTESIAN_POINT('',(13.62487352318,-2.191450588701,0.));
#9086 = SURFACE_OF_LINEAR_EXTRUSION('',#9087,#9093);
#9087 = B_SPLINE_CURVE_WITH_KNOTS('',4,(#9088,#9089,#9090,#9091,#9092),
  .UNSPECIFIED.,.F.,.F.,(5,5),(0.,1.),.PIECEWISE_BEZIER_KNOTS.);
#9088 = CARTESIAN_POINT('',(12.406138914983,-2.398970693652,0.));
#9089 = CARTESIAN_POINT('',(12.582869758319,-2.39873940148,0.));
#9090 = CARTESIAN_POINT('',(12.848495929476,-2.38114886925,0.));
#9091 = CARTESIAN_POINT('',(13.200475340165,-2.32040161267,0.));
#9092 = CARTESIAN_POINT('',(13.62487352318,-2.191450588701,0.));
#9093 = VECTOR('',#9094,1.);
#9094 = DIRECTION('',(-0.,-0.,-1.));
#9095 = ADVANCED_FACE('',(#9096),#9123,.T.);
#9096 = FACE_BOUND('',#9097,.F.);
#9097 = EDGE_LOOP('',(#9098,#9099,#9108,#9116));
#9098 = ORIENTED_EDGE('',*,*,#9071,.T.);
#9099 = ORIENTED_EDGE('',*,*,#9100,.T.);
#9100 = EDGE_CURVE('',#9062,#9101,#9103,.T.);
#9101 = VERTEX_POINT('',#9102);
#9102 = CARTESIAN_POINT('',(13.69039336211,-1.735836856013,12.));
#9103 = CIRCLE('',#9104,13.799999999987);
#9104 = AXIS2_PLACEMENT_3D('',#9105,#9106,#9107);
#9105 = CARTESIAN_POINT('',(4.99925695987E-05,3.942414307989E-04,12.));
#9106 = DIRECTION('',(-0.,0.,1.));
#9107 = DIRECTION('',(0.987306052944,-0.158829335517,0.));
#9108 = ORIENTED_EDGE('',*,*,#9109,.F.);
#9109 = EDGE_CURVE('',#9110,#9101,#9112,.T.);
#9110 = VERTEX_POINT('',#9111);
#9111 = CARTESIAN_POINT('',(13.69039336211,-1.735836856013,0.));
#9112 = LINE('',#9113,#9114);
#9113 = CARTESIAN_POINT('',(13.69039336211,-1.735836856013,0.));
#9114 = VECTOR('',#9115,1.);
#9115 = DIRECTION('',(0.,0.,1.));
#9116 = ORIENTED_EDGE('',*,*,#9117,.F.);
#9117 = EDGE_CURVE('',#9072,#9110,#9118,.T.);
#9118 = CIRCLE('',#9119,13.799999999987);
#9119 = AXIS2_PLACEMENT_3D('',#9120,#9121,#9122);
#9120 = CARTESIAN_POINT('',(4.99925695987E-05,3.942414307989E-04,0.));
#9121 = DIRECTION('',(-0.,0.,1.));
#9122 = DIRECTION('',(0.987306052944,-0.158829335517,0.));
#9123 = CYLINDRICAL_SURFACE('',#9124,13.799999999987);
#9124 = AXIS2_PLACEMENT_3D('',#9125,#9126,#9127);
#9125 = CARTESIAN_POINT('',(4.99925695987E-05,3.942414307989E-04,0.));
#9126 = DIRECTION('',(0.,0.,-1.));
#9127 = DIRECTION('',(0.987306052944,-0.158829335517,0.));
#9128 = ADVANCED_FACE('',(#9129),#9158,.F.);
#9129 = FACE_BOUND('',#9130,.F.);
#9130 = EDGE_LOOP('',(#9131,#9132,#9142,#9150));
#9131 = ORIENTED_EDGE('',*,*,#9109,.T.);
#9132 = ORIENTED_EDGE('',*,*,#9133,.T.);
#9133 = EDGE_CURVE('',#9101,#9134,#9136,.T.);
#9134 = VERTEX_POINT('',#9135);
#9135 = CARTESIAN_POINT('',(12.579472884613,-1.193418258715,12.));
#9136 = B_SPLINE_CURVE_WITH_KNOTS('',4,(#9137,#9138,#9139,#9140,#9141),
  .UNSPECIFIED.,.F.,.F.,(5,5),(0.,1.),.PIECEWISE_BEZIER_KNOTS.);
#9137 = CARTESIAN_POINT('',(13.69039336211,-1.735836856013,12.));
#9138 = CARTESIAN_POINT('',(13.319496016496,-1.492594625786,12.));
#9139 = CARTESIAN_POINT('',(12.998888725001,-1.335144000603,12.));
#9140 = CARTESIAN_POINT('',(12.748978105788,-1.243430468161,12.));
#9141 = CARTESIAN_POINT('',(12.579472884613,-1.193418258715,12.));
#9142 = ORIENTED_EDGE('',*,*,#9143,.F.);
#9143 = EDGE_CURVE('',#9144,#9134,#9146,.T.);
#9144 = VERTEX_POINT('',#9145);
#9145 = CARTESIAN_POINT('',(12.579472884613,-1.193418258715,0.));
#9146 = LINE('',#9147,#9148);
#9147 = CARTESIAN_POINT('',(12.579472884613,-1.193418258715,0.));
#9148 = VECTOR('',#9149,1.);
#9149 = DIRECTION('',(0.,0.,1.));
#9150 = ORIENTED_EDGE('',*,*,#9151,.F.);
#9151 = EDGE_CURVE('',#9110,#9144,#9152,.T.);
#9152 = B_SPLINE_CURVE_WITH_KNOTS('',4,(#9153,#9154,#9155,#9156,#9157),
  .UNSPECIFIED.,.F.,.F.,(5,5),(0.,1.),.PIECEWISE_BEZIER_KNOTS.);
#9153 = CARTESIAN_POINT('',(13.69039336211,-1.735836856013,0.));
#9154 = CARTESIAN_POINT('',(13.319496016496,-1.492594625786,0.));
#9155 = CARTESIAN_POINT('',(12.998888725001,-1.335144000603,0.));
#9156 = CARTESIAN_POINT('',(12.748978105788,-1.243430468161,0.));
#9157 = CARTESIAN_POINT('',(12.579472884613,-1.193418258715,0.));
#9158 = SURFACE_OF_LINEAR_EXTRUSION('',#9159,#9165);
#9159 = B_SPLINE_CURVE_WITH_KNOTS('',4,(#9160,#9161,#9162,#9163,#9164),
  .UNSPECIFIED.,.F.,.F.,(5,5),(0.,1.),.PIECEWISE_BEZIER_KNOTS.);
#9160 = CARTESIAN_POINT('',(13.69039336211,-1.735836856013,0.));
#9161 = CARTESIAN_POINT('',(13.319496016496,-1.492594625786,0.));
#9162 = CARTESIAN_POINT('',(12.998888725001,-1.335144000603,0.));
#9163 = CARTESIAN_POINT('',(12.748978105788,-1.243430468161,0.));
#9164 = CARTESIAN_POINT('',(12.579472884613,-1.193418258715,0.));
#9165 = VECTOR('',#9166,1.);
#9166 = DIRECTION('',(-0.,-0.,-1.));
#9167 = ADVANCED_FACE('',(#9168),#9195,.F.);
#9168 = FACE_BOUND('',#9169,.F.);
#9169 = EDGE_LOOP('',(#9170,#9171,#9180,#9188));
#9170 = ORIENTED_EDGE('',*,*,#9143,.T.);
#9171 = ORIENTED_EDGE('',*,*,#9172,.T.);
#9172 = EDGE_CURVE('',#9134,#9173,#9175,.T.);
#9173 = VERTEX_POINT('',#9174);
#9174 = CARTESIAN_POINT('',(12.41324919474,-0.955899800865,12.));
#9175 = CIRCLE('',#9176,0.228);
#9176 = AXIS2_PLACEMENT_3D('',#9177,#9178,#9179);
#9177 = CARTESIAN_POINT('',(12.640549287408,-0.973751071767,12.));
#9178 = DIRECTION('',(0.,0.,-1.));
#9179 = DIRECTION('',(-0.267878959629,-0.963452574333,-0.));
#9180 = ORIENTED_EDGE('',*,*,#9181,.F.);
#9181 = EDGE_CURVE('',#9182,#9173,#9184,.T.);
#9182 = VERTEX_POINT('',#9183);
#9183 = CARTESIAN_POINT('',(12.41324919474,-0.955899800865,0.));
#9184 = LINE('',#9185,#9186);
#9185 = CARTESIAN_POINT('',(12.41324919474,-0.955899800865,0.));
#9186 = VECTOR('',#9187,1.);
#9187 = DIRECTION('',(0.,0.,1.));
#9188 = ORIENTED_EDGE('',*,*,#9189,.F.);
#9189 = EDGE_CURVE('',#9144,#9182,#9190,.T.);
#9190 = CIRCLE('',#9191,0.228);
#9191 = AXIS2_PLACEMENT_3D('',#9192,#9193,#9194);
#9192 = CARTESIAN_POINT('',(12.640549287408,-0.973751071767,0.));
#9193 = DIRECTION('',(0.,0.,-1.));
#9194 = DIRECTION('',(-0.267878959629,-0.963452574333,-0.));
#9195 = CYLINDRICAL_SURFACE('',#9196,0.228);
#9196 = AXIS2_PLACEMENT_3D('',#9197,#9198,#9199);
#9197 = CARTESIAN_POINT('',(12.640549287408,-0.973751071767,0.));
#9198 = DIRECTION('',(0.,0.,-1.));
#9199 = DIRECTION('',(-0.267878959629,-0.963452574333,-0.));
#9200 = ADVANCED_FACE('',(#9201),#9228,.T.);
#9201 = FACE_BOUND('',#9202,.F.);
#9202 = EDGE_LOOP('',(#9203,#9204,#9213,#9221));
#9203 = ORIENTED_EDGE('',*,*,#9181,.T.);
#9204 = ORIENTED_EDGE('',*,*,#9205,.T.);
#9205 = EDGE_CURVE('',#9173,#9206,#9208,.T.);
#9206 = VERTEX_POINT('',#9207);
#9207 = CARTESIAN_POINT('',(12.42293894193,-0.82041943241,12.));
#9208 = CIRCLE('',#9209,12.450000000156);
#9209 = AXIS2_PLACEMENT_3D('',#9210,#9211,#9212);
#9210 = CARTESIAN_POINT('',(-1.552171724484E-10,1.134731197894E-11,12.)
  );
#9211 = DIRECTION('',(-0.,0.,1.));
#9212 = DIRECTION('',(0.997048128092,-7.677910047103E-02,0.));
#9213 = ORIENTED_EDGE('',*,*,#9214,.F.);
#9214 = EDGE_CURVE('',#9215,#9206,#9217,.T.);
#9215 = VERTEX_POINT('',#9216);
#9216 = CARTESIAN_POINT('',(12.42293894193,-0.82041943241,0.));
#9217 = LINE('',#9218,#9219);
#9218 = CARTESIAN_POINT('',(12.42293894193,-0.82041943241,0.));
#9219 = VECTOR('',#9220,1.);
#9220 = DIRECTION('',(0.,0.,1.));
#9221 = ORIENTED_EDGE('',*,*,#9222,.F.);
#9222 = EDGE_CURVE('',#9182,#9215,#9223,.T.);
#9223 = CIRCLE('',#9224,12.450000000156);
#9224 = AXIS2_PLACEMENT_3D('',#9225,#9226,#9227);
#9225 = CARTESIAN_POINT('',(-1.552171724484E-10,1.134731197894E-11,0.));
#9226 = DIRECTION('',(-0.,0.,1.));
#9227 = DIRECTION('',(0.997048128092,-7.677910047103E-02,0.));
#9228 = CYLINDRICAL_SURFACE('',#9229,12.450000000156);
#9229 = AXIS2_PLACEMENT_3D('',#9230,#9231,#9232);
#9230 = CARTESIAN_POINT('',(-1.552171724484E-10,1.134731197894E-11,0.));
#9231 = DIRECTION('',(0.,0.,-1.));
#9232 = DIRECTION('',(0.997048128092,-7.677910047103E-02,0.));
#9233 = ADVANCED_FACE('',(#9234),#9252,.F.);
#9234 = FACE_BOUND('',#9235,.F.);
#9235 = EDGE_LOOP('',(#9236,#9237,#9244,#9245));
#9236 = ORIENTED_EDGE('',*,*,#9214,.T.);
#9237 = ORIENTED_EDGE('',*,*,#9238,.T.);
#9238 = EDGE_CURVE('',#9206,#24,#9239,.T.);
#9239 = CIRCLE('',#9240,0.228);
#9240 = AXIS2_PLACEMENT_3D('',#9241,#9242,#9243);
#9241 = CARTESIAN_POINT('',(12.650465942055,-0.835098131739,12.));
#9242 = DIRECTION('',(0.,0.,-1.));
#9243 = DIRECTION('',(-0.997925439146,6.438026021499E-02,0.));
#9244 = ORIENTED_EDGE('',*,*,#21,.F.);
#9245 = ORIENTED_EDGE('',*,*,#9246,.F.);
#9246 = EDGE_CURVE('',#9215,#22,#9247,.T.);
#9247 = CIRCLE('',#9248,0.228);
#9248 = AXIS2_PLACEMENT_3D('',#9249,#9250,#9251);
#9249 = CARTESIAN_POINT('',(12.650465942055,-0.835098131739,0.));
#9250 = DIRECTION('',(0.,0.,-1.));
#9251 = DIRECTION('',(-0.997925439146,6.438026021499E-02,0.));
#9252 = CYLINDRICAL_SURFACE('',#9253,0.228);
#9253 = AXIS2_PLACEMENT_3D('',#9254,#9255,#9256);
#9254 = CARTESIAN_POINT('',(12.650465942055,-0.835098131739,0.));
#9255 = DIRECTION('',(0.,0.,-1.));
#9256 = DIRECTION('',(-0.997925439146,6.438026021499E-02,0.));
#9257 = ADVANCED_FACE('',(#9258),#9524,.F.);
#9258 = FACE_BOUND('',#9259,.F.);
#9259 = EDGE_LOOP('',(#9260,#9261,#9262,#9263,#9264,#9265,#9266,#9267,
    #9268,#9269,#9270,#9271,#9272,#9273,#9274,#9275,#9276,#9277,#9278,
    #9279,#9280,#9281,#9282,#9283,#9284,#9285,#9286,#9287,#9288,#9289,
    #9290,#9291,#9292,#9293,#9294,#9295,#9296,#9297,#9298,#9299,#9300,
    #9301,#9302,#9303,#9304,#9305,#9306,#9307,#9308,#9309,#9310,#9311,
    #9312,#9313,#9314,#9315,#9316,#9317,#9318,#9319,#9320,#9321,#9322,
    #9323,#9324,#9325,#9326,#9327,#9328,#9329,#9330,#9331,#9332,#9333,
    #9334,#9335,#9336,#9337,#9338,#9339,#9340,#9341,#9342,#9343,#9344,
    #9345,#9346,#9347,#9348,#9349,#9350,#9351,#9352,#9353,#9354,#9355,
    #9356,#9357,#9358,#9359,#9360,#9361,#9362,#9363,#9364,#9365,#9366,
    #9367,#9368,#9369,#9370,#9371,#9372,#9373,#9374,#9375,#9376,#9377,
    #9378,#9379,#9380,#9381,#9382,#9383,#9384,#9385,#9386,#9387,#9388,
    #9389,#9390,#9391,#9392,#9393,#9394,#9395,#9396,#9397,#9398,#9399,
    #9400,#9401,#9402,#9403,#9404,#9405,#9406,#9407,#9408,#9409,#9410,
    #9411,#9412,#9413,#9414,#9415,#9416,#9417,#9418,#9419,#9420,#9421,
    #9422,#9423,#9424,#9425,#9426,#9427,#9428,#9429,#9430,#9431,#9432,
    #9433,#9434,#9435,#9436,#9437,#9438,#9439,#9440,#9441,#9442,#9443,
    #9444,#9445,#9446,#9447,#9448,#9449,#9450,#9451,#9452,#9453,#9454,
    #9455,#9456,#9457,#9458,#9459,#9460,#9461,#9462,#9463,#9464,#9465,
    #9466,#9467,#9468,#9469,#9470,#9471,#9472,#9473,#9474,#9475,#9476,
    #9477,#9478,#9479,#9480,#9481,#9482,#9483,#9484,#9485,#9486,#9487,
    #9488,#9489,#9490,#9491,#9492,#9493,#9494,#9495,#9496,#9497,#9498,
    #9499,#9500,#9501,#9502,#9503,#9504,#9505,#9506,#9507,#9508,#9509,
    #9510,#9511,#9512,#9513,#9514,#9515,#9516,#9517,#9518,#9519,#9520,
    #9521,#9522,#9523));
#9260 = ORIENTED_EDGE('',*,*,#49,.T.);
#9261 = ORIENTED_EDGE('',*,*,#87,.T.);
#9262 = ORIENTED_EDGE('',*,*,#121,.T.);
#9263 = ORIENTED_EDGE('',*,*,#159,.T.);
#9264 = ORIENTED_EDGE('',*,*,#192,.T.);
#9265 = ORIENTED_EDGE('',*,*,#225,.T.);
#9266 = ORIENTED_EDGE('',*,*,#259,.T.);
#9267 = ORIENTED_EDGE('',*,*,#297,.T.);
#9268 = ORIENTED_EDGE('',*,*,#331,.T.);
#9269 = ORIENTED_EDGE('',*,*,#369,.T.);
#9270 = ORIENTED_EDGE('',*,*,#402,.T.);
#9271 = ORIENTED_EDGE('',*,*,#435,.T.);
#9272 = ORIENTED_EDGE('',*,*,#469,.T.);
#9273 = ORIENTED_EDGE('',*,*,#507,.T.);
#9274 = ORIENTED_EDGE('',*,*,#541,.T.);
#9275 = ORIENTED_EDGE('',*,*,#579,.T.);
#9276 = ORIENTED_EDGE('',*,*,#612,.T.);
#9277 = ORIENTED_EDGE('',*,*,#645,.T.);
#9278 = ORIENTED_EDGE('',*,*,#679,.T.);
#9279 = ORIENTED_EDGE('',*,*,#717,.T.);
#9280 = ORIENTED_EDGE('',*,*,#751,.T.);
#9281 = ORIENTED_EDGE('',*,*,#789,.T.);
#9282 = ORIENTED_EDGE('',*,*,#822,.T.);
#9283 = ORIENTED_EDGE('',*,*,#855,.T.);
#9284 = ORIENTED_EDGE('',*,*,#889,.T.);
#9285 = ORIENTED_EDGE('',*,*,#927,.T.);
#9286 = ORIENTED_EDGE('',*,*,#961,.T.);
#9287 = ORIENTED_EDGE('',*,*,#999,.T.);
#9288 = ORIENTED_EDGE('',*,*,#1032,.T.);
#9289 = ORIENTED_EDGE('',*,*,#1065,.T.);
#9290 = ORIENTED_EDGE('',*,*,#1099,.T.);
#9291 = ORIENTED_EDGE('',*,*,#1137,.T.);
#9292 = ORIENTED_EDGE('',*,*,#1171,.T.);
#9293 = ORIENTED_EDGE('',*,*,#1209,.T.);
#9294 = ORIENTED_EDGE('',*,*,#1242,.T.);
#9295 = ORIENTED_EDGE('',*,*,#1275,.T.);
#9296 = ORIENTED_EDGE('',*,*,#1309,.T.);
#9297 = ORIENTED_EDGE('',*,*,#1347,.T.);
#9298 = ORIENTED_EDGE('',*,*,#1381,.T.);
#9299 = ORIENTED_EDGE('',*,*,#1419,.T.);
#9300 = ORIENTED_EDGE('',*,*,#1452,.T.);
#9301 = ORIENTED_EDGE('',*,*,#1485,.T.);
#9302 = ORIENTED_EDGE('',*,*,#1519,.T.);
#9303 = ORIENTED_EDGE('',*,*,#1557,.T.);
#9304 = ORIENTED_EDGE('',*,*,#1591,.T.);
#9305 = ORIENTED_EDGE('',*,*,#1629,.T.);
#9306 = ORIENTED_EDGE('',*,*,#1662,.T.);
#9307 = ORIENTED_EDGE('',*,*,#1695,.T.);
#9308 = ORIENTED_EDGE('',*,*,#1729,.T.);
#9309 = ORIENTED_EDGE('',*,*,#1767,.T.);
#9310 = ORIENTED_EDGE('',*,*,#1801,.T.);
#9311 = ORIENTED_EDGE('',*,*,#1839,.T.);
#9312 = ORIENTED_EDGE('',*,*,#1872,.T.);
#9313 = ORIENTED_EDGE('',*,*,#1905,.T.);
#9314 = ORIENTED_EDGE('',*,*,#1939,.T.);
#9315 = ORIENTED_EDGE('',*,*,#1977,.T.);
#9316 = ORIENTED_EDGE('',*,*,#2011,.T.);
#9317 = ORIENTED_EDGE('',*,*,#2049,.T.);
#9318 = ORIENTED_EDGE('',*,*,#2082,.T.);
#9319 = ORIENTED_EDGE('',*,*,#2115,.T.);
#9320 = ORIENTED_EDGE('',*,*,#2149,.T.);
#9321 = ORIENTED_EDGE('',*,*,#2187,.T.);
#9322 = ORIENTED_EDGE('',*,*,#2221,.T.);
#9323 = ORIENTED_EDGE('',*,*,#2259,.T.);
#9324 = ORIENTED_EDGE('',*,*,#2292,.T.);
#9325 = ORIENTED_EDGE('',*,*,#2325,.T.);
#9326 = ORIENTED_EDGE('',*,*,#2359,.T.);
#9327 = ORIENTED_EDGE('',*,*,#2397,.T.);
#9328 = ORIENTED_EDGE('',*,*,#2431,.T.);
#9329 = ORIENTED_EDGE('',*,*,#2469,.T.);
#9330 = ORIENTED_EDGE('',*,*,#2502,.T.);
#9331 = ORIENTED_EDGE('',*,*,#2535,.T.);
#9332 = ORIENTED_EDGE('',*,*,#2569,.T.);
#9333 = ORIENTED_EDGE('',*,*,#2607,.T.);
#9334 = ORIENTED_EDGE('',*,*,#2641,.T.);
#9335 = ORIENTED_EDGE('',*,*,#2679,.T.);
#9336 = ORIENTED_EDGE('',*,*,#2712,.T.);
#9337 = ORIENTED_EDGE('',*,*,#2745,.T.);
#9338 = ORIENTED_EDGE('',*,*,#2779,.T.);
#9339 = ORIENTED_EDGE('',*,*,#2817,.T.);
#9340 = ORIENTED_EDGE('',*,*,#2851,.T.);
#9341 = ORIENTED_EDGE('',*,*,#2889,.T.);
#9342 = ORIENTED_EDGE('',*,*,#2922,.T.);
#9343 = ORIENTED_EDGE('',*,*,#2955,.T.);
#9344 = ORIENTED_EDGE('',*,*,#2989,.T.);
#9345 = ORIENTED_EDGE('',*,*,#3027,.T.);
#9346 = ORIENTED_EDGE('',*,*,#3061,.T.);
#9347 = ORIENTED_EDGE('',*,*,#3099,.T.);
#9348 = ORIENTED_EDGE('',*,*,#3132,.T.);
#9349 = ORIENTED_EDGE('',*,*,#3165,.T.);
#9350 = ORIENTED_EDGE('',*,*,#3199,.T.);
#9351 = ORIENTED_EDGE('',*,*,#3237,.T.);
#9352 = ORIENTED_EDGE('',*,*,#3271,.T.);
#9353 = ORIENTED_EDGE('',*,*,#3309,.T.);
#9354 = ORIENTED_EDGE('',*,*,#3342,.T.);
#9355 = ORIENTED_EDGE('',*,*,#3375,.T.);
#9356 = ORIENTED_EDGE('',*,*,#3409,.T.);
#9357 = ORIENTED_EDGE('',*,*,#3447,.T.);
#9358 = ORIENTED_EDGE('',*,*,#3481,.T.);
#9359 = ORIENTED_EDGE('',*,*,#3519,.T.);
#9360 = ORIENTED_EDGE('',*,*,#3552,.T.);
#9361 = ORIENTED_EDGE('',*,*,#3585,.T.);
#9362 = ORIENTED_EDGE('',*,*,#3619,.T.);
#9363 = ORIENTED_EDGE('',*,*,#3657,.T.);
#9364 = ORIENTED_EDGE('',*,*,#3691,.T.);
#9365 = ORIENTED_EDGE('',*,*,#3729,.T.);
#9366 = ORIENTED_EDGE('',*,*,#3762,.T.);
#9367 = ORIENTED_EDGE('',*,*,#3795,.T.);
#9368 = ORIENTED_EDGE('',*,*,#3829,.T.);
#9369 = ORIENTED_EDGE('',*,*,#3867,.T.);
#9370 = ORIENTED_EDGE('',*,*,#3901,.T.);
#9371 = ORIENTED_EDGE('',*,*,#3939,.T.);
#9372 = ORIENTED_EDGE('',*,*,#3972,.T.);
#9373 = ORIENTED_EDGE('',*,*,#4005,.T.);
#9374 = ORIENTED_EDGE('',*,*,#4039,.T.);
#9375 = ORIENTED_EDGE('',*,*,#4077,.T.);
#9376 = ORIENTED_EDGE('',*,*,#4111,.T.);
#9377 = ORIENTED_EDGE('',*,*,#4149,.T.);
#9378 = ORIENTED_EDGE('',*,*,#4182,.T.);
#9379 = ORIENTED_EDGE('',*,*,#4215,.T.);
#9380 = ORIENTED_EDGE('',*,*,#4249,.T.);
#9381 = ORIENTED_EDGE('',*,*,#4287,.T.);
#9382 = ORIENTED_EDGE('',*,*,#4321,.T.);
#9383 = ORIENTED_EDGE('',*,*,#4359,.T.);
#9384 = ORIENTED_EDGE('',*,*,#4392,.T.);
#9385 = ORIENTED_EDGE('',*,*,#4425,.T.);
#9386 = ORIENTED_EDGE('',*,*,#4459,.T.);
#9387 = ORIENTED_EDGE('',*,*,#4497,.T.);
#9388 = ORIENTED_EDGE('',*,*,#4531,.T.);
#9389 = ORIENTED_EDGE('',*,*,#4569,.T.);
#9390 = ORIENTED_EDGE('',*,*,#4602,.T.);
#9391 = ORIENTED_EDGE('',*,*,#4635,.T.);
#9392 = ORIENTED_EDGE('',*,*,#4669,.T.);
#9393 = ORIENTED_EDGE('',*,*,#4707,.T.);
#9394 = ORIENTED_EDGE('',*,*,#4741,.T.);
#9395 = ORIENTED_EDGE('',*,*,#4779,.T.);
#9396 = ORIENTED_EDGE('',*,*,#4812,.T.);
#9397 = ORIENTED_EDGE('',*,*,#4845,.T.);
#9398 = ORIENTED_EDGE('',*,*,#4879,.T.);
#9399 = ORIENTED_EDGE('',*,*,#4917,.T.);
#9400 = ORIENTED_EDGE('',*,*,#4951,.T.);
#9401 = ORIENTED_EDGE('',*,*,#4989,.T.);
#9402 = ORIENTED_EDGE('',*,*,#5022,.T.);
#9403 = ORIENTED_EDGE('',*,*,#5055,.T.);
#9404 = ORIENTED_EDGE('',*,*,#5089,.T.);
#9405 = ORIENTED_EDGE('',*,*,#5127,.T.);
#9406 = ORIENTED_EDGE('',*,*,#5161,.T.);
#9407 = ORIENTED_EDGE('',*,*,#5199,.T.);
#9408 = ORIENTED_EDGE('',*,*,#5232,.T.);
#9409 = ORIENTED_EDGE('',*,*,#5265,.T.);
#9410 = ORIENTED_EDGE('',*,*,#5299,.T.);
#9411 = ORIENTED_EDGE('',*,*,#5337,.T.);
#9412 = ORIENTED_EDGE('',*,*,#5371,.T.);
#9413 = ORIENTED_EDGE('',*,*,#5409,.T.);
#9414 = ORIENTED_EDGE('',*,*,#5442,.T.);
#9415 = ORIENTED_EDGE('',*,*,#5475,.T.);
#9416 = ORIENTED_EDGE('',*,*,#5509,.T.);
#9417 = ORIENTED_EDGE('',*,*,#5547,.T.);
#9418 = ORIENTED_EDGE('',*,*,#5581,.T.);
#9419 = ORIENTED_EDGE('',*,*,#5619,.T.);
#9420 = ORIENTED_EDGE('',*,*,#5652,.T.);
#9421 = ORIENTED_EDGE('',*,*,#5685,.T.);
#9422 = ORIENTED_EDGE('',*,*,#5719,.T.);
#9423 = ORIENTED_EDGE('',*,*,#5757,.T.);
#9424 = ORIENTED_EDGE('',*,*,#5791,.T.);
#9425 = ORIENTED_EDGE('',*,*,#5829,.T.);
#9426 = ORIENTED_EDGE('',*,*,#5862,.T.);
#9427 = ORIENTED_EDGE('',*,*,#5895,.T.);
#9428 = ORIENTED_EDGE('',*,*,#5929,.T.);
#9429 = ORIENTED_EDGE('',*,*,#5967,.T.);
#9430 = ORIENTED_EDGE('',*,*,#6001,.T.);
#9431 = ORIENTED_EDGE('',*,*,#6039,.T.);
#9432 = ORIENTED_EDGE('',*,*,#6072,.T.);
#9433 = ORIENTED_EDGE('',*,*,#6105,.T.);
#9434 = ORIENTED_EDGE('',*,*,#6139,.T.);
#9435 = ORIENTED_EDGE('',*,*,#6177,.T.);
#9436 = ORIENTED_EDGE('',*,*,#6211,.T.);
#9437 = ORIENTED_EDGE('',*,*,#6249,.T.);
#9438 = ORIENTED_EDGE('',*,*,#6282,.T.);
#9439 = ORIENTED_EDGE('',*,*,#6315,.T.);
#9440 = ORIENTED_EDGE('',*,*,#6349,.T.);
#9441 = ORIENTED_EDGE('',*,*,#6387,.T.);
#9442 = ORIENTED_EDGE('',*,*,#6421,.T.);
#9443 = ORIENTED_EDGE('',*,*,#6459,.T.);
#9444 = ORIENTED_EDGE('',*,*,#6492,.T.);
#9445 = ORIENTED_EDGE('',*,*,#6525,.T.);
#9446 = ORIENTED_EDGE('',*,*,#6559,.T.);
#9447 = ORIENTED_EDGE('',*,*,#6597,.T.);
#9448 = ORIENTED_EDGE('',*,*,#6631,.T.);
#9449 = ORIENTED_EDGE('',*,*,#6669,.T.);
#9450 = ORIENTED_EDGE('',*,*,#6702,.T.);
#9451 = ORIENTED_EDGE('',*,*,#6735,.T.);
#9452 = ORIENTED_EDGE('',*,*,#6769,.T.);
#9453 = ORIENTED_EDGE('',*,*,#6807,.T.);
#9454 = ORIENTED_EDGE('',*,*,#6841,.T.);
#9455 = ORIENTED_EDGE('',*,*,#6879,.T.);
#9456 = ORIENTED_EDGE('',*,*,#6912,.T.);
#9457 = ORIENTED_EDGE('',*,*,#6945,.T.);
#9458 = ORIENTED_EDGE('',*,*,#6979,.T.);
#9459 = ORIENTED_EDGE('',*,*,#7017,.T.);
#9460 = ORIENTED_EDGE('',*,*,#7051,.T.);
#9461 = ORIENTED_EDGE('',*,*,#7089,.T.);
#9462 = ORIENTED_EDGE('',*,*,#7122,.T.);
#9463 = ORIENTED_EDGE('',*,*,#7155,.T.);
#9464 = ORIENTED_EDGE('',*,*,#7189,.T.);
#9465 = ORIENTED_EDGE('',*,*,#7227,.T.);
#9466 = ORIENTED_EDGE('',*,*,#7261,.T.);
#9467 = ORIENTED_EDGE('',*,*,#7299,.T.);
#9468 = ORIENTED_EDGE('',*,*,#7332,.T.);
#9469 = ORIENTED_EDGE('',*,*,#7365,.T.);
#9470 = ORIENTED_EDGE('',*,*,#7399,.T.);
#9471 = ORIENTED_EDGE('',*,*,#7437,.T.);
#9472 = ORIENTED_EDGE('',*,*,#7471,.T.);
#9473 = ORIENTED_EDGE('',*,*,#7509,.T.);
#9474 = ORIENTED_EDGE('',*,*,#7542,.T.);
#9475 = ORIENTED_EDGE('',*,*,#7575,.T.);
#9476 = ORIENTED_EDGE('',*,*,#7609,.T.);
#9477 = ORIENTED_EDGE('',*,*,#7647,.T.);
#9478 = ORIENTED_EDGE('',*,*,#7681,.T.);
#9479 = ORIENTED_EDGE('',*,*,#7719,.T.);
#9480 = ORIENTED_EDGE('',*,*,#7752,.T.);
#9481 = ORIENTED_EDGE('',*,*,#7785,.T.);
#9482 = ORIENTED_EDGE('',*,*,#7819,.T.);
#9483 = ORIENTED_EDGE('',*,*,#7857,.T.);
#9484 = ORIENTED_EDGE('',*,*,#7891,.T.);
#9485 = ORIENTED_EDGE('',*,*,#7929,.T.);
#9486 = ORIENTED_EDGE('',*,*,#7962,.T.);
#9487 = ORIENTED_EDGE('',*,*,#7995,.T.);
#9488 = ORIENTED_EDGE('',*,*,#8029,.T.);
#9489 = ORIENTED_EDGE('',*,*,#8067,.T.);
#9490 = ORIENTED_EDGE('',*,*,#8101,.T.);
#9491 = ORIENTED_EDGE('',*,*,#8139,.T.);
#9492 = ORIENTED_EDGE('',*,*,#8172,.T.);
#9493 = ORIENTED_EDGE('',*,*,#8205,.T.);
#9494 = ORIENTED_EDGE('',*,*,#8239,.T.);
#9495 = ORIENTED_EDGE('',*,*,#8277,.T.);
#9496 = ORIENTED_EDGE('',*,*,#8311,.T.);
#9497 = ORIENTED_EDGE('',*,*,#8349,.T.);
#9498 = ORIENTED_EDGE('',*,*,#8382,.T.);
#9499 = ORIENTED_EDGE('',*,*,#8415,.T.);
#9500 = ORIENTED_EDGE('',*,*,#8449,.T.);
#9501 = ORIENTED_EDGE('',*,*,#8487,.T.);
#9502 = ORIENTED_EDGE('',*,*,#8521,.T.);
#9503 = ORIENTED_EDGE('',*,*,#8559,.T.);
#9504 = ORIENTED_EDGE('',*,*,#8592,.T.);
#9505 = ORIENTED_EDGE('',*,*,#8625,.T.);
#9506 = ORIENTED_EDGE('',*,*,#8659,.T.);
#9507 = ORIENTED_EDGE('',*,*,#8697,.T.);
#9508 = ORIENTED_EDGE('',*,*,#8731,.T.);
#9509 = ORIENTED_EDGE('',*,*,#8769,.T.);
#9510 = ORIENTED_EDGE('',*,*,#8802,.T.);
#9511 = ORIENTED_EDGE('',*,*,#8835,.T.);
#9512 = ORIENTED_EDGE('',*,*,#8869,.T.);
#9513 = ORIENTED_EDGE('',*,*,#8907,.T.);
#9514 = ORIENTED_EDGE('',*,*,#8941,.T.);
#9515 = ORIENTED_EDGE('',*,*,#8979,.T.);
#9516 = ORIENTED_EDGE('',*,*,#9012,.T.);
#9517 = ORIENTED_EDGE('',*,*,#9045,.T.);
#9518 = ORIENTED_EDGE('',*,*,#9079,.T.);
#9519 = ORIENTED_EDGE('',*,*,#9117,.T.);
#9520 = ORIENTED_EDGE('',*,*,#9151,.T.);
#9521 = ORIENTED_EDGE('',*,*,#9189,.T.);
#9522 = ORIENTED_EDGE('',*,*,#9222,.T.);
#9523 = ORIENTED_EDGE('',*,*,#9246,.T.);
#9524 = PLANE('',#9525);
#9525 = AXIS2_PLACEMENT_3D('',#9526,#9527,#9528);
#9526 = CARTESIAN_POINT('',(-2.509371777388E-15,5.921476239575E-15,0.));
#9527 = DIRECTION('',(0.,0.,1.));
#9528 = DIRECTION('',(1.,0.,0.));
#9529 = ADVANCED_FACE('',(#9530),#9796,.T.);
#9530 = FACE_BOUND('',#9531,.T.);
#9531 = EDGE_LOOP('',(#9532,#9533,#9534,#9535,#9536,#9537,#9538,#9539,
    #9540,#9541,#9542,#9543,#9544,#9545,#9546,#9547,#9548,#9549,#9550,
    #9551,#9552,#9553,#9554,#9555,#9556,#9557,#9558,#9559,#9560,#9561,
    #9562,#9563,#9564,#9565,#9566,#9567,#9568,#9569,#9570,#9571,#9572,
    #9573,#9574,#9575,#9576,#9577,#9578,#9579,#9580,#9581,#9582,#9583,
    #9584,#9585,#9586,#9587,#9588,#9589,#9590,#9591,#9592,#9593,#9594,
    #9595,#9596,#9597,#9598,#9599,#9600,#9601,#9602,#9603,#9604,#9605,
    #9606,#9607,#9608,#9609,#9610,#9611,#9612,#9613,#9614,#9615,#9616,
    #9617,#9618,#9619,#9620,#9621,#9622,#9623,#9624,#9625,#9626,#9627,
    #9628,#9629,#9630,#9631,#9632,#9633,#9634,#9635,#9636,#9637,#9638,
    #9639,#9640,#9641,#9642,#9643,#9644,#9645,#9646,#9647,#9648,#9649,
    #9650,#9651,#9652,#9653,#9654,#9655,#9656,#9657,#9658,#9659,#9660,
    #9661,#9662,#9663,#9664,#9665,#9666,#9667,#9668,#9669,#9670,#9671,
    #9672,#9673,#9674,#9675,#9676,#9677,#9678,#9679,#9680,#9681,#9682,
    #9683,#9684,#9685,#9686,#9687,#9688,#9689,#9690,#9691,#9692,#9693,
    #9694,#9695,#9696,#9697,#9698,#9699,#9700,#9701,#9702,#9703,#9704,
    #9705,#9706,#9707,#9708,#9709,#9710,#9711,#9712,#9713,#9714,#9715,
    #9716,#9717,#9718,#9719,#9720,#9721,#9722,#9723,#9724,#9725,#9726,
    #9727,#9728,#9729,#9730,#9731,#9732,#9733,#9734,#9735,#9736,#9737,
    #9738,#9739,#9740,#9741,#9742,#9743,#9744,#9745,#9746,#9747,#9748,
    #9749,#9750,#9751,#9752,#9753,#9754,#9755,#9756,#9757,#9758,#9759,
    #9760,#9761,#9762,#9763,#9764,#9765,#9766,#9767,#9768,#9769,#9770,
    #9771,#9772,#9773,#9774,#9775,#9776,#9777,#9778,#9779,#9780,#9781,
    #9782,#9783,#9784,#9785,#9786,#9787,#9788,#9789,#9790,#9791,#9792,
    #9793,#9794,#9795));
#9532 = ORIENTED_EDGE('',*,*,#31,.T.);
#9533 = ORIENTED_EDGE('',*,*,#70,.T.);
#9534 = ORIENTED_EDGE('',*,*,#103,.T.);
#9535 = ORIENTED_EDGE('',*,*,#142,.T.);
#9536 = ORIENTED_EDGE('',*,*,#175,.T.);
#9537 = ORIENTED_EDGE('',*,*,#208,.T.);
#9538 = ORIENTED_EDGE('',*,*,#241,.T.);
#9539 = ORIENTED_EDGE('',*,*,#280,.T.);
#9540 = ORIENTED_EDGE('',*,*,#313,.T.);
#9541 = ORIENTED_EDGE('',*,*,#352,.T.);
#9542 = ORIENTED_EDGE('',*,*,#385,.T.);
#9543 = ORIENTED_EDGE('',*,*,#418,.T.);
#9544 = ORIENTED_EDGE('',*,*,#451,.T.);
#9545 = ORIENTED_EDGE('',*,*,#490,.T.);
#9546 = ORIENTED_EDGE('',*,*,#523,.T.);
#9547 = ORIENTED_EDGE('',*,*,#562,.T.);
#9548 = ORIENTED_EDGE('',*,*,#595,.T.);
#9549 = ORIENTED_EDGE('',*,*,#628,.T.);
#9550 = ORIENTED_EDGE('',*,*,#661,.T.);
#9551 = ORIENTED_EDGE('',*,*,#700,.T.);
#9552 = ORIENTED_EDGE('',*,*,#733,.T.);
#9553 = ORIENTED_EDGE('',*,*,#772,.T.);
#9554 = ORIENTED_EDGE('',*,*,#805,.T.);
#9555 = ORIENTED_EDGE('',*,*,#838,.T.);
#9556 = ORIENTED_EDGE('',*,*,#871,.T.);
#9557 = ORIENTED_EDGE('',*,*,#910,.T.);
#9558 = ORIENTED_EDGE('',*,*,#943,.T.);
#9559 = ORIENTED_EDGE('',*,*,#982,.T.);
#9560 = ORIENTED_EDGE('',*,*,#1015,.T.);
#9561 = ORIENTED_EDGE('',*,*,#1048,.T.);
#9562 = ORIENTED_EDGE('',*,*,#1081,.T.);
#9563 = ORIENTED_EDGE('',*,*,#1120,.T.);
#9564 = ORIENTED_EDGE('',*,*,#1153,.T.);
#9565 = ORIENTED_EDGE('',*,*,#1192,.T.);
#9566 = ORIENTED_EDGE('',*,*,#1225,.T.);
#9567 = ORIENTED_EDGE('',*,*,#1258,.T.);
#9568 = ORIENTED_EDGE('',*,*,#1291,.T.);
#9569 = ORIENTED_EDGE('',*,*,#1330,.T.);
#9570 = ORIENTED_EDGE('',*,*,#1363,.T.);
#9571 = ORIENTED_EDGE('',*,*,#1402,.T.);
#9572 = ORIENTED_EDGE('',*,*,#1435,.T.);
#9573 = ORIENTED_EDGE('',*,*,#1468,.T.);
#9574 = ORIENTED_EDGE('',*,*,#1501,.T.);
#9575 = ORIENTED_EDGE('',*,*,#1540,.T.);
#9576 = ORIENTED_EDGE('',*,*,#1573,.T.);
#9577 = ORIENTED_EDGE('',*,*,#1612,.T.);
#9578 = ORIENTED_EDGE('',*,*,#1645,.T.);
#9579 = ORIENTED_EDGE('',*,*,#1678,.T.);
#9580 = ORIENTED_EDGE('',*,*,#1711,.T.);
#9581 = ORIENTED_EDGE('',*,*,#1750,.T.);
#9582 = ORIENTED_EDGE('',*,*,#1783,.T.);
#9583 = ORIENTED_EDGE('',*,*,#1822,.T.);
#9584 = ORIENTED_EDGE('',*,*,#1855,.T.);
#9585 = ORIENTED_EDGE('',*,*,#1888,.T.);
#9586 = ORIENTED_EDGE('',*,*,#1921,.T.);
#9587 = ORIENTED_EDGE('',*,*,#1960,.T.);
#9588 = ORIENTED_EDGE('',*,*,#1993,.T.);
#9589 = ORIENTED_EDGE('',*,*,#2032,.T.);
#9590 = ORIENTED_EDGE('',*,*,#2065,.T.);
#9591 = ORIENTED_EDGE('',*,*,#2098,.T.);
#9592 = ORIENTED_EDGE('',*,*,#2131,.T.);
#9593 = ORIENTED_EDGE('',*,*,#2170,.T.);
#9594 = ORIENTED_EDGE('',*,*,#2203,.T.);
#9595 = ORIENTED_EDGE('',*,*,#2242,.T.);
#9596 = ORIENTED_EDGE('',*,*,#2275,.T.);
#9597 = ORIENTED_EDGE('',*,*,#2308,.T.);
#9598 = ORIENTED_EDGE('',*,*,#2341,.T.);
#9599 = ORIENTED_EDGE('',*,*,#2380,.T.);
#9600 = ORIENTED_EDGE('',*,*,#2413,.T.);
#9601 = ORIENTED_EDGE('',*,*,#2452,.T.);
#9602 = ORIENTED_EDGE('',*,*,#2485,.T.);
#9603 = ORIENTED_EDGE('',*,*,#2518,.T.);
#9604 = ORIENTED_EDGE('',*,*,#2551,.T.);
#9605 = ORIENTED_EDGE('',*,*,#2590,.T.);
#9606 = ORIENTED_EDGE('',*,*,#2623,.T.);
#9607 = ORIENTED_EDGE('',*,*,#2662,.T.);
#9608 = ORIENTED_EDGE('',*,*,#2695,.T.);
#9609 = ORIENTED_EDGE('',*,*,#2728,.T.);
#9610 = ORIENTED_EDGE('',*,*,#2761,.T.);
#9611 = ORIENTED_EDGE('',*,*,#2800,.T.);
#9612 = ORIENTED_EDGE('',*,*,#2833,.T.);
#9613 = ORIENTED_EDGE('',*,*,#2872,.T.);
#9614 = ORIENTED_EDGE('',*,*,#2905,.T.);
#9615 = ORIENTED_EDGE('',*,*,#2938,.T.);
#9616 = ORIENTED_EDGE('',*,*,#2971,.T.);
#9617 = ORIENTED_EDGE('',*,*,#3010,.T.);
#9618 = ORIENTED_EDGE('',*,*,#3043,.T.);
#9619 = ORIENTED_EDGE('',*,*,#3082,.T.);
#9620 = ORIENTED_EDGE('',*,*,#3115,.T.);
#9621 = ORIENTED_EDGE('',*,*,#3148,.T.);
#9622 = ORIENTED_EDGE('',*,*,#3181,.T.);
#9623 = ORIENTED_EDGE('',*,*,#3220,.T.);
#9624 = ORIENTED_EDGE('',*,*,#3253,.T.);
#9625 = ORIENTED_EDGE('',*,*,#3292,.T.);
#9626 = ORIENTED_EDGE('',*,*,#3325,.T.);
#9627 = ORIENTED_EDGE('',*,*,#3358,.T.);
#9628 = ORIENTED_EDGE('',*,*,#3391,.T.);
#9629 = ORIENTED_EDGE('',*,*,#3430,.T.);
#9630 = ORIENTED_EDGE('',*,*,#3463,.T.);
#9631 = ORIENTED_EDGE('',*,*,#3502,.T.);
#9632 = ORIENTED_EDGE('',*,*,#3535,.T.);
#9633 = ORIENTED_EDGE('',*,*,#3568,.T.);
#9634 = ORIENTED_EDGE('',*,*,#3601,.T.);
#9635 = ORIENTED_EDGE('',*,*,#3640,.T.);
#9636 = ORIENTED_EDGE('',*,*,#3673,.T.);
#9637 = ORIENTED_EDGE('',*,*,#3712,.T.);
#9638 = ORIENTED_EDGE('',*,*,#3745,.T.);
#9639 = ORIENTED_EDGE('',*,*,#3778,.T.);
#9640 = ORIENTED_EDGE('',*,*,#3811,.T.);
#9641 = ORIENTED_EDGE('',*,*,#3850,.T.);
#9642 = ORIENTED_EDGE('',*,*,#3883,.T.);
#9643 = ORIENTED_EDGE('',*,*,#3922,.T.);
#9644 = ORIENTED_EDGE('',*,*,#3955,.T.);
#9645 = ORIENTED_EDGE('',*,*,#3988,.T.);
#9646 = ORIENTED_EDGE('',*,*,#4021,.T.);
#9647 = ORIENTED_EDGE('',*,*,#4060,.T.);
#9648 = ORIENTED_EDGE('',*,*,#4093,.T.);
#9649 = ORIENTED_EDGE('',*,*,#4132,.T.);
#9650 = ORIENTED_EDGE('',*,*,#4165,.T.);
#9651 = ORIENTED_EDGE('',*,*,#4198,.T.);
#9652 = ORIENTED_EDGE('',*,*,#4231,.T.);
#9653 = ORIENTED_EDGE('',*,*,#4270,.T.);
#9654 = ORIENTED_EDGE('',*,*,#4303,.T.);
#9655 = ORIENTED_EDGE('',*,*,#4342,.T.);
#9656 = ORIENTED_EDGE('',*,*,#4375,.T.);
#9657 = ORIENTED_EDGE('',*,*,#4408,.T.);
#9658 = ORIENTED_EDGE('',*,*,#4441,.T.);
#9659 = ORIENTED_EDGE('',*,*,#4480,.T.);
#9660 = ORIENTED_EDGE('',*,*,#4513,.T.);
#9661 = ORIENTED_EDGE('',*,*,#4552,.T.);
#9662 = ORIENTED_EDGE('',*,*,#4585,.T.);
#9663 = ORIENTED_EDGE('',*,*,#4618,.T.);
#9664 = ORIENTED_EDGE('',*,*,#4651,.T.);
#9665 = ORIENTED_EDGE('',*,*,#4690,.T.);
#9666 = ORIENTED_EDGE('',*,*,#4723,.T.);
#9667 = ORIENTED_EDGE('',*,*,#4762,.T.);
#9668 = ORIENTED_EDGE('',*,*,#4795,.T.);
#9669 = ORIENTED_EDGE('',*,*,#4828,.T.);
#9670 = ORIENTED_EDGE('',*,*,#4861,.T.);
#9671 = ORIENTED_EDGE('',*,*,#4900,.T.);
#9672 = ORIENTED_EDGE('',*,*,#4933,.T.);
#9673 = ORIENTED_EDGE('',*,*,#4972,.T.);
#9674 = ORIENTED_EDGE('',*,*,#5005,.T.);
#9675 = ORIENTED_EDGE('',*,*,#5038,.T.);
#9676 = ORIENTED_EDGE('',*,*,#5071,.T.);
#9677 = ORIENTED_EDGE('',*,*,#5110,.T.);
#9678 = ORIENTED_EDGE('',*,*,#5143,.T.);
#9679 = ORIENTED_EDGE('',*,*,#5182,.T.);
#9680 = ORIENTED_EDGE('',*,*,#5215,.T.);
#9681 = ORIENTED_EDGE('',*,*,#5248,.T.);
#9682 = ORIENTED_EDGE('',*,*,#5281,.T.);
#9683 = ORIENTED_EDGE('',*,*,#5320,.T.);
#9684 = ORIENTED_EDGE('',*,*,#5353,.T.);
#9685 = ORIENTED_EDGE('',*,*,#5392,.T.);
#9686 = ORIENTED_EDGE('',*,*,#5425,.T.);
#9687 = ORIENTED_EDGE('',*,*,#5458,.T.);
#9688 = ORIENTED_EDGE('',*,*,#5491,.T.);
#9689 = ORIENTED_EDGE('',*,*,#5530,.T.);
#9690 = ORIENTED_EDGE('',*,*,#5563,.T.);
#9691 = ORIENTED_EDGE('',*,*,#5602,.T.);
#9692 = ORIENTED_EDGE('',*,*,#5635,.T.);
#9693 = ORIENTED_EDGE('',*,*,#5668,.T.);
#9694 = ORIENTED_EDGE('',*,*,#5701,.T.);
#9695 = ORIENTED_EDGE('',*,*,#5740,.T.);
#9696 = ORIENTED_EDGE('',*,*,#5773,.T.);
#9697 = ORIENTED_EDGE('',*,*,#5812,.T.);
#9698 = ORIENTED_EDGE('',*,*,#5845,.T.);
#9699 = ORIENTED_EDGE('',*,*,#5878,.T.);
#9700 = ORIENTED_EDGE('',*,*,#5911,.T.);
#9701 = ORIENTED_EDGE('',*,*,#5950,.T.);
#9702 = ORIENTED_EDGE('',*,*,#5983,.T.);
#9703 = ORIENTED_EDGE('',*,*,#6022,.T.);
#9704 = ORIENTED_EDGE('',*,*,#6055,.T.);
#9705 = ORIENTED_EDGE('',*,*,#6088,.T.);
#9706 = ORIENTED_EDGE('',*,*,#6121,.T.);
#9707 = ORIENTED_EDGE('',*,*,#6160,.T.);
#9708 = ORIENTED_EDGE('',*,*,#6193,.T.);
#9709 = ORIENTED_EDGE('',*,*,#6232,.T.);
#9710 = ORIENTED_EDGE('',*,*,#6265,.T.);
#9711 = ORIENTED_EDGE('',*,*,#6298,.T.);
#9712 = ORIENTED_EDGE('',*,*,#6331,.T.);
#9713 = ORIENTED_EDGE('',*,*,#6370,.T.);
#9714 = ORIENTED_EDGE('',*,*,#6403,.T.);
#9715 = ORIENTED_EDGE('',*,*,#6442,.T.);
#9716 = ORIENTED_EDGE('',*,*,#6475,.T.);
#9717 = ORIENTED_EDGE('',*,*,#6508,.T.);
#9718 = ORIENTED_EDGE('',*,*,#6541,.T.);
#9719 = ORIENTED_EDGE('',*,*,#6580,.T.);
#9720 = ORIENTED_EDGE('',*,*,#6613,.T.);
#9721 = ORIENTED_EDGE('',*,*,#6652,.T.);
#9722 = ORIENTED_EDGE('',*,*,#6685,.T.);
#9723 = ORIENTED_EDGE('',*,*,#6718,.T.);
#9724 = ORIENTED_EDGE('',*,*,#6751,.T.);
#9725 = ORIENTED_EDGE('',*,*,#6790,.T.);
#9726 = ORIENTED_EDGE('',*,*,#6823,.T.);
#9727 = ORIENTED_EDGE('',*,*,#6862,.T.);
#9728 = ORIENTED_EDGE('',*,*,#6895,.T.);
#9729 = ORIENTED_EDGE('',*,*,#6928,.T.);
#9730 = ORIENTED_EDGE('',*,*,#6961,.T.);
#9731 = ORIENTED_EDGE('',*,*,#7000,.T.);
#9732 = ORIENTED_EDGE('',*,*,#7033,.T.);
#9733 = ORIENTED_EDGE('',*,*,#7072,.T.);
#9734 = ORIENTED_EDGE('',*,*,#7105,.T.);
#9735 = ORIENTED_EDGE('',*,*,#7138,.T.);
#9736 = ORIENTED_EDGE('',*,*,#7171,.T.);
#9737 = ORIENTED_EDGE('',*,*,#7210,.T.);
#9738 = ORIENTED_EDGE('',*,*,#7243,.T.);
#9739 = ORIENTED_EDGE('',*,*,#7282,.T.);
#9740 = ORIENTED_EDGE('',*,*,#7315,.T.);
#9741 = ORIENTED_EDGE('',*,*,#7348,.T.);
#9742 = ORIENTED_EDGE('',*,*,#7381,.T.);
#9743 = ORIENTED_EDGE('',*,*,#7420,.T.);
#9744 = ORIENTED_EDGE('',*,*,#7453,.T.);
#9745 = ORIENTED_EDGE('',*,*,#7492,.T.);
#9746 = ORIENTED_EDGE('',*,*,#7525,.T.);
#9747 = ORIENTED_EDGE('',*,*,#7558,.T.);
#9748 = ORIENTED_EDGE('',*,*,#7591,.T.);
#9749 = ORIENTED_EDGE('',*,*,#7630,.T.);
#9750 = ORIENTED_EDGE('',*,*,#7663,.T.);
#9751 = ORIENTED_EDGE('',*,*,#7702,.T.);
#9752 = ORIENTED_EDGE('',*,*,#7735,.T.);
#9753 = ORIENTED_EDGE('',*,*,#7768,.T.);
#9754 = ORIENTED_EDGE('',*,*,#7801,.T.);
#9755 = ORIENTED_EDGE('',*,*,#7840,.T.);
#9756 = ORIENTED_EDGE('',*,*,#7873,.T.);
#9757 = ORIENTED_EDGE('',*,*,#7912,.T.);
#9758 = ORIENTED_EDGE('',*,*,#7945,.T.);
#9759 = ORIENTED_EDGE('',*,*,#7978,.T.);
#9760 = ORIENTED_EDGE('',*,*,#8011,.T.);
#9761 = ORIENTED_EDGE('',*,*,#8050,.T.);
#9762 = ORIENTED_EDGE('',*,*,#8083,.T.);
#9763 = ORIENTED_EDGE('',*,*,#8122,.T.);
#9764 = ORIENTED_EDGE('',*,*,#8155,.T.);
#9765 = ORIENTED_EDGE('',*,*,#8188,.T.);
#9766 = ORIENTED_EDGE('',*,*,#8221,.T.);
#9767 = ORIENTED_EDGE('',*,*,#8260,.T.);
#9768 = ORIENTED_EDGE('',*,*,#8293,.T.);
#9769 = ORIENTED_EDGE('',*,*,#8332,.T.);
#9770 = ORIENTED_EDGE('',*,*,#8365,.T.);
#9771 = ORIENTED_EDGE('',*,*,#8398,.T.);
#9772 = ORIENTED_EDGE('',*,*,#8431,.T.);
#9773 = ORIENTED_EDGE('',*,*,#8470,.T.);
#9774 = ORIENTED_EDGE('',*,*,#8503,.T.);
#9775 = ORIENTED_EDGE('',*,*,#8542,.T.);
#9776 = ORIENTED_EDGE('',*,*,#8575,.T.);
#9777 = ORIENTED_EDGE('',*,*,#8608,.T.);
#9778 = ORIENTED_EDGE('',*,*,#8641,.T.);
#9779 = ORIENTED_EDGE('',*,*,#8680,.T.);
#9780 = ORIENTED_EDGE('',*,*,#8713,.T.);
#9781 = ORIENTED_EDGE('',*,*,#8752,.T.);
#9782 = ORIENTED_EDGE('',*,*,#8785,.T.);
#9783 = ORIENTED_EDGE('',*,*,#8818,.T.);
#9784 = ORIENTED_EDGE('',*,*,#8851,.T.);
#9785 = ORIENTED_EDGE('',*,*,#8890,.T.);
#9786 = ORIENTED_EDGE('',*,*,#8923,.T.);
#9787 = ORIENTED_EDGE('',*,*,#8962,.T.);
#9788 = ORIENTED_EDGE('',*,*,#8995,.T.);
#9789 = ORIENTED_EDGE('',*,*,#9028,.T.);
#9790 = ORIENTED_EDGE('',*,*,#9061,.T.);
#9791 = ORIENTED_EDGE('',*,*,#9100,.T.);
#9792 = ORIENTED_EDGE('',*,*,#9133,.T.);
#9793 = ORIENTED_EDGE('',*,*,#9172,.T.);
#9794 = ORIENTED_EDGE('',*,*,#9205,.T.);
#9795 = ORIENTED_EDGE('',*,*,#9238,.T.);
#9796 = PLANE('',#9797);
#9797 = AXIS2_PLACEMENT_3D('',#9798,#9799,#9800);
#9798 = CARTESIAN_POINT('',(-2.509371777388E-15,5.921476239575E-15,12.)
  );
#9799 = DIRECTION('',(0.,0.,1.));
#9800 = DIRECTION('',(1.,0.,0.));
#9801 = ( GEOMETRIC_REPRESENTATION_CONTEXT(3) 
GLOBAL_UNCERTAINTY_ASSIGNED_CONTEXT((#9805)) 
GLOBAL_UNIT_ASSIGNED_CONTEXT((#9802,#9803,#9804)) REPRESENTATION_CONTEXT
('Context #1','3D Context with UNIT and UNCERTAINTY') );
#9802 = ( LENGTH_UNIT() NAMED_UNIT(*) SI_UNIT(.MILLI.,.METRE.) );
#9803 = ( NAMED_UNIT(*) PLANE_ANGLE_UNIT() SI_UNIT($,.RADIAN.) );
#9804 = ( NAMED_UNIT(*) SI_UNIT($,.STERADIAN.) SOLID_ANGLE_UNIT() );
#9805 = UNCERTAINTY_MEASURE_WITH_UNIT(LENGTH_MEASURE(1.E-07),#9802,
  'distance_accuracy_value','confusion accuracy');
#9806 = PRODUCT_RELATED_PRODUCT_CATEGORY('part',$,(#7));
#9807 = MECHANICAL_DESIGN_GEOMETRIC_PRESENTATION_REPRESENTATION('',(
    #9808),#9801);
#9808 = STYLED_ITEM('color',(#9809),#15);
#9809 = PRESENTATION_STYLE_ASSIGNMENT((#9810,#9816));
#9810 = SURFACE_STYLE_USAGE(.BOTH.,#9811);
#9811 = SURFACE_SIDE_STYLE('',(#9812));
#9812 = SURFACE_STYLE_FILL_AREA(#9813);
#9813 = FILL_AREA_STYLE('',(#9814));
#9814 = FILL_AREA_STYLE_COLOUR('',#9815);
#9815 = COLOUR_RGB('',0.678431390124,0.709803936702,0.741176476869);
#9816 = CURVE_STYLE('',#9817,POSITIVE_LENGTH_MEASURE(0.1),#9818);
#9817 = DRAUGHTING_PRE_DEFINED_CURVE_FONT('continuous');
#9818 = COLOUR_RGB('',9.803921802644E-02,9.803921802644E-02,
  9.803921802644E-02);
ENDSEC;
END-ISO-10303-21;
