ISO-10303-21;
HEADER;
FILE_DESCRIPTION(('FreeCAD Model'),'2;1');
FILE_NAME('Open CASCADE Shape Model','2026-07-01T13:47:08',('Author'),(
    ''),'Open CASCADE STEP processor 7.8','FreeCAD','Unknown');
FILE_SCHEMA(('AUTOMOTIVE_DESIGN { 1 0 10303 214 1 1 1 1 }'));
ENDSEC;
DATA;
#1 = APPLICATION_PROTOCOL_DEFINITION('international standard',
  'automotive_design',2000,#2);
#2 = APPLICATION_CONTEXT(
  'core data for automotive mechanical design processes');
#3 = SHAPE_DEFINITION_REPRESENTATION(#4,#10);
#4 = PRODUCT_DEFINITION_SHAPE('','',#5);
#5 = PRODUCT_DEFINITION('design','',#6,#9);
#6 = PRODUCT_DEFINITION_FORMATION('','',#7);
#7 = PRODUCT('GEAR32_M0.6IDLE','GEAR32_M0.6IDLE','',(#8));
#8 = PRODUCT_CONTEXT('',#2,'mechanical');
#9 = PRODUCT_DEFINITION_CONTEXT('part definition',#2,'design');
#10 = ADVANCED_BREP_SHAPE_REPRESENTATION('',(#11,#15),#7137);
#11 = AXIS2_PLACEMENT_3D('',#12,#13,#14);
#12 = CARTESIAN_POINT('',(0.,0.,0.));
#13 = DIRECTION('',(0.,0.,1.));
#14 = DIRECTION('',(1.,0.,-0.));
#15 = MANIFOLD_SOLID_BREP('',#16);
#16 = CLOSED_SHELL('',(#17,#65,#98,#137,#170,#203,#236,#275,#308,#347,
    #380,#413,#446,#485,#518,#557,#590,#623,#656,#695,#728,#767,#800,
    #833,#866,#905,#938,#977,#1010,#1043,#1076,#1115,#1148,#1187,#1220,
    #1253,#1286,#1325,#1358,#1397,#1430,#1463,#1496,#1535,#1568,#1607,
    #1640,#1673,#1706,#1745,#1778,#1817,#1850,#1883,#1916,#1955,#1988,
    #2027,#2060,#2093,#2126,#2165,#2198,#2237,#2270,#2303,#2336,#2375,
    #2408,#2447,#2480,#2513,#2546,#2585,#2618,#2657,#2690,#2723,#2756,
    #2795,#2828,#2867,#2900,#2933,#2966,#3005,#3038,#3077,#3110,#3143,
    #3176,#3215,#3248,#3287,#3320,#3353,#3386,#3425,#3458,#3497,#3530,
    #3563,#3596,#3635,#3668,#3707,#3740,#3773,#3806,#3845,#3878,#3917,
    #3950,#3983,#4016,#4055,#4088,#4127,#4160,#4193,#4226,#4265,#4298,
    #4337,#4370,#4403,#4436,#4475,#4508,#4547,#4580,#4613,#4646,#4685,
    #4718,#4757,#4790,#4823,#4856,#4895,#4928,#4967,#5000,#5033,#5066,
    #5105,#5138,#5177,#5210,#5243,#5276,#5315,#5348,#5387,#5420,#5453,
    #5486,#5525,#5558,#5597,#5630,#5663,#5696,#5735,#5768,#5807,#5840,
    #5873,#5906,#5945,#5978,#6017,#6050,#6083,#6116,#6155,#6188,#6227,
    #6260,#6293,#6326,#6365,#6398,#6437,#6470,#6503,#6536,#6575,#6608,
    #6647,#6680,#6713,#6737,#6937));
#17 = ADVANCED_FACE('',(#18),#56,.F.);
#18 = FACE_BOUND('',#19,.F.);
#19 = EDGE_LOOP('',(#20,#30,#40,#48));
#20 = ORIENTED_EDGE('',*,*,#21,.T.);
#21 = EDGE_CURVE('',#22,#24,#26,.T.);
#22 = VERTEX_POINT('',#23);
#23 = CARTESIAN_POINT('',(9.041346245563,-0.576963592682,0.));
#24 = VERTEX_POINT('',#25);
#25 = CARTESIAN_POINT('',(9.041346245563,-0.576963592682,12.));
#26 = LINE('',#27,#28);
#27 = CARTESIAN_POINT('',(9.041346245563,-0.576963592682,0.));
#28 = VECTOR('',#29,1.);
#29 = DIRECTION('',(0.,0.,1.));
#30 = ORIENTED_EDGE('',*,*,#31,.T.);
#31 = EDGE_CURVE('',#24,#32,#34,.T.);
#32 = VERTEX_POINT('',#33);
#33 = CARTESIAN_POINT('',(10.197535992421,-0.222616272877,12.));
#34 = B_SPLINE_CURVE_WITH_KNOTS('',4,(#35,#36,#37,#38,#39),
  .UNSPECIFIED.,.F.,.F.,(5,5),(0.,1.),.PIECEWISE_BEZIER_KNOTS.);
#35 = CARTESIAN_POINT('',(9.041346245563,-0.576963592682,12.));
#36 = CARTESIAN_POINT('',(9.132252858027,-0.57398922911,12.));
#37 = CARTESIAN_POINT('',(9.364906033841,-0.553751188839,12.));
#38 = CARTESIAN_POINT('',(9.734750829029,-0.455938283979,12.));
#39 = CARTESIAN_POINT('',(10.197535992421,-0.222616272877,12.));
#40 = ORIENTED_EDGE('',*,*,#41,.F.);
#41 = EDGE_CURVE('',#42,#32,#44,.T.);
#42 = VERTEX_POINT('',#43);
#43 = CARTESIAN_POINT('',(10.197535992421,-0.222616272877,0.));
#44 = LINE('',#45,#46);
#45 = CARTESIAN_POINT('',(10.197535992421,-0.222616272877,0.));
#46 = VECTOR('',#47,1.);
#47 = DIRECTION('',(0.,0.,1.));
#48 = ORIENTED_EDGE('',*,*,#49,.F.);
#49 = EDGE_CURVE('',#22,#42,#50,.T.);
#50 = B_SPLINE_CURVE_WITH_KNOTS('',4,(#51,#52,#53,#54,#55),
  .UNSPECIFIED.,.F.,.F.,(5,5),(0.,1.),.PIECEWISE_BEZIER_KNOTS.);
#51 = CARTESIAN_POINT('',(9.041346245563,-0.576963592682,0.));
#52 = CARTESIAN_POINT('',(9.132252858027,-0.57398922911,0.));
#53 = CARTESIAN_POINT('',(9.364906033841,-0.553751188839,0.));
#54 = CARTESIAN_POINT('',(9.734750829029,-0.455938283979,0.));
#55 = CARTESIAN_POINT('',(10.197535992421,-0.222616272877,0.));
#56 = SURFACE_OF_LINEAR_EXTRUSION('',#57,#63);
#57 = B_SPLINE_CURVE_WITH_KNOTS('',4,(#58,#59,#60,#61,#62),
  .UNSPECIFIED.,.F.,.F.,(5,5),(0.,1.),.PIECEWISE_BEZIER_KNOTS.);
#58 = CARTESIAN_POINT('',(9.041346245563,-0.576963592682,0.));
#59 = CARTESIAN_POINT('',(9.132252858027,-0.57398922911,0.));
#60 = CARTESIAN_POINT('',(9.364906033841,-0.553751188839,0.));
#61 = CARTESIAN_POINT('',(9.734750829029,-0.455938283979,0.));
#62 = CARTESIAN_POINT('',(10.197535992421,-0.222616272877,0.));
#63 = VECTOR('',#64,1.);
#64 = DIRECTION('',(-0.,-0.,-1.));
#65 = ADVANCED_FACE('',(#66),#93,.T.);
#66 = FACE_BOUND('',#67,.F.);
#67 = EDGE_LOOP('',(#68,#69,#78,#86));
#68 = ORIENTED_EDGE('',*,*,#41,.T.);
#69 = ORIENTED_EDGE('',*,*,#70,.T.);
#70 = EDGE_CURVE('',#32,#71,#73,.T.);
#71 = VERTEX_POINT('',#72);
#72 = CARTESIAN_POINT('',(10.197564110155,0.222904058483,12.));
#73 = CIRCLE('',#74,10.200000000008);
#74 = AXIS2_PLACEMENT_3D('',#75,#76,#77);
#75 = CARTESIAN_POINT('',(-1.718282943042E-05,7.874829120768E-04,12.));
#76 = DIRECTION('',(-0.,0.,1.));
#77 = DIRECTION('',(0.99976011522,-2.190232899896E-02,0.));
#78 = ORIENTED_EDGE('',*,*,#79,.F.);
#79 = EDGE_CURVE('',#80,#71,#82,.T.);
#80 = VERTEX_POINT('',#81);
#81 = CARTESIAN_POINT('',(10.197564110155,0.222904058483,0.));
#82 = LINE('',#83,#84);
#83 = CARTESIAN_POINT('',(10.197564110155,0.222904058483,0.));
#84 = VECTOR('',#85,1.);
#85 = DIRECTION('',(0.,0.,1.));
#86 = ORIENTED_EDGE('',*,*,#87,.F.);
#87 = EDGE_CURVE('',#42,#80,#88,.T.);
#88 = CIRCLE('',#89,10.200000000008);
#89 = AXIS2_PLACEMENT_3D('',#90,#91,#92);
#90 = CARTESIAN_POINT('',(-1.718282943042E-05,7.874829120768E-04,0.));
#91 = DIRECTION('',(-0.,0.,1.));
#92 = DIRECTION('',(0.99976011522,-2.190232899896E-02,0.));
#93 = CYLINDRICAL_SURFACE('',#94,10.200000000008);
#94 = AXIS2_PLACEMENT_3D('',#95,#96,#97);
#95 = CARTESIAN_POINT('',(-1.718282943042E-05,7.874829120768E-04,0.));
#96 = DIRECTION('',(0.,0.,-1.));
#97 = DIRECTION('',(0.99976011522,-2.190232899896E-02,0.));
#98 = ADVANCED_FACE('',(#99),#128,.F.);
#99 = FACE_BOUND('',#100,.F.);
#100 = EDGE_LOOP('',(#101,#102,#112,#120));
#101 = ORIENTED_EDGE('',*,*,#79,.T.);
#102 = ORIENTED_EDGE('',*,*,#103,.T.);
#103 = EDGE_CURVE('',#71,#104,#106,.T.);
#104 = VERTEX_POINT('',#105);
#105 = CARTESIAN_POINT('',(9.041359383944,0.57696297071,12.));
#106 = B_SPLINE_CURVE_WITH_KNOTS('',4,(#107,#108,#109,#110,#111),
  .UNSPECIFIED.,.F.,.F.,(5,5),(0.,1.),.PIECEWISE_BEZIER_KNOTS.);
#107 = CARTESIAN_POINT('',(10.197564110155,0.222904058483,12.));
#108 = CARTESIAN_POINT('',(9.734750829029,0.455938283979,12.));
#109 = CARTESIAN_POINT('',(9.364906033841,0.553751188839,12.));
#110 = CARTESIAN_POINT('',(9.132252858027,0.57398922911,12.));
#111 = CARTESIAN_POINT('',(9.041359383944,0.57696297071,12.));
#112 = ORIENTED_EDGE('',*,*,#113,.F.);
#113 = EDGE_CURVE('',#114,#104,#116,.T.);
#114 = VERTEX_POINT('',#115);
#115 = CARTESIAN_POINT('',(9.041359383944,0.57696297071,0.));
#116 = LINE('',#117,#118);
#117 = CARTESIAN_POINT('',(9.041359383944,0.57696297071,0.));
#118 = VECTOR('',#119,1.);
#119 = DIRECTION('',(0.,0.,1.));
#120 = ORIENTED_EDGE('',*,*,#121,.F.);
#121 = EDGE_CURVE('',#80,#114,#122,.T.);
#122 = B_SPLINE_CURVE_WITH_KNOTS('',4,(#123,#124,#125,#126,#127),
  .UNSPECIFIED.,.F.,.F.,(5,5),(0.,1.),.PIECEWISE_BEZIER_KNOTS.);
#123 = CARTESIAN_POINT('',(10.197564110155,0.222904058483,0.));
#124 = CARTESIAN_POINT('',(9.734750829029,0.455938283979,0.));
#125 = CARTESIAN_POINT('',(9.364906033841,0.553751188839,0.));
#126 = CARTESIAN_POINT('',(9.132252858027,0.57398922911,0.));
#127 = CARTESIAN_POINT('',(9.041359383944,0.57696297071,0.));
#128 = SURFACE_OF_LINEAR_EXTRUSION('',#129,#135);
#129 = B_SPLINE_CURVE_WITH_KNOTS('',4,(#130,#131,#132,#133,#134),
  .UNSPECIFIED.,.F.,.F.,(5,5),(0.,1.),.PIECEWISE_BEZIER_KNOTS.);
#130 = CARTESIAN_POINT('',(10.197564110155,0.222904058483,0.));
#131 = CARTESIAN_POINT('',(9.734750829029,0.455938283979,0.));
#132 = CARTESIAN_POINT('',(9.364906033841,0.553751188839,0.));
#133 = CARTESIAN_POINT('',(9.132252858027,0.57398922911,0.));
#134 = CARTESIAN_POINT('',(9.041359383944,0.57696297071,0.));
#135 = VECTOR('',#136,1.);
#136 = DIRECTION('',(-0.,-0.,-1.));
#137 = ADVANCED_FACE('',(#138),#165,.F.);
#138 = FACE_BOUND('',#139,.F.);
#139 = EDGE_LOOP('',(#140,#141,#150,#158));
#140 = ORIENTED_EDGE('',*,*,#113,.T.);
#141 = ORIENTED_EDGE('',*,*,#142,.T.);
#142 = EDGE_CURVE('',#104,#143,#145,.T.);
#143 = VERTEX_POINT('',#144);
#144 = CARTESIAN_POINT('',(8.815123839386,0.784915088586,12.));
#145 = CIRCLE('',#146,0.228);
#146 = AXIS2_PLACEMENT_3D('',#147,#148,#149);
#147 = CARTESIAN_POINT('',(9.042240881336,0.804961266673,12.));
#148 = DIRECTION('',(0.,0.,-1.));
#149 = DIRECTION('',(-3.866216630898E-03,-0.999992526157,-0.));
#150 = ORIENTED_EDGE('',*,*,#151,.F.);
#151 = EDGE_CURVE('',#152,#143,#154,.T.);
#152 = VERTEX_POINT('',#153);
#153 = CARTESIAN_POINT('',(8.815123839386,0.784915088586,0.));
#154 = LINE('',#155,#156);
#155 = CARTESIAN_POINT('',(8.815123839386,0.784915088586,0.));
#156 = VECTOR('',#157,1.);
#157 = DIRECTION('',(0.,0.,1.));
#158 = ORIENTED_EDGE('',*,*,#159,.F.);
#159 = EDGE_CURVE('',#114,#152,#160,.T.);
#160 = CIRCLE('',#161,0.228);
#161 = AXIS2_PLACEMENT_3D('',#162,#163,#164);
#162 = CARTESIAN_POINT('',(9.042240881336,0.804961266673,0.));
#163 = DIRECTION('',(0.,0.,-1.));
#164 = DIRECTION('',(-3.866216630898E-03,-0.999992526157,-0.));
#165 = CYLINDRICAL_SURFACE('',#166,0.228);
#166 = AXIS2_PLACEMENT_3D('',#167,#168,#169);
#167 = CARTESIAN_POINT('',(9.042240881336,0.804961266673,0.));
#168 = DIRECTION('',(0.,0.,-1.));
#169 = DIRECTION('',(-3.866216630898E-03,-0.999992526157,-0.));
#170 = ADVANCED_FACE('',(#171),#198,.T.);
#171 = FACE_BOUND('',#172,.F.);
#172 = EDGE_LOOP('',(#173,#174,#183,#191));
#173 = ORIENTED_EDGE('',*,*,#151,.T.);
#174 = ORIENTED_EDGE('',*,*,#175,.T.);
#175 = EDGE_CURVE('',#143,#176,#178,.T.);
#176 = VERTEX_POINT('',#177);
#177 = CARTESIAN_POINT('',(8.798873043989,0.949912183187,12.));
#178 = CIRCLE('',#179,8.850000000018);
#179 = AXIS2_PLACEMENT_3D('',#180,#181,#182);
#180 = CARTESIAN_POINT('',(-1.832756169051E-11,-1.82504011903E-12,12.));
#181 = DIRECTION('',(0.,-0.,1.));
#182 = DIRECTION('',(0.996059190891,8.869097046166E-02,0.));
#183 = ORIENTED_EDGE('',*,*,#184,.F.);
#184 = EDGE_CURVE('',#185,#176,#187,.T.);
#185 = VERTEX_POINT('',#186);
#186 = CARTESIAN_POINT('',(8.798873043989,0.949912183187,0.));
#187 = LINE('',#188,#189);
#188 = CARTESIAN_POINT('',(8.798873043989,0.949912183187,0.));
#189 = VECTOR('',#190,1.);
#190 = DIRECTION('',(0.,0.,1.));
#191 = ORIENTED_EDGE('',*,*,#192,.F.);
#192 = EDGE_CURVE('',#152,#185,#193,.T.);
#193 = CIRCLE('',#194,8.850000000018);
#194 = AXIS2_PLACEMENT_3D('',#195,#196,#197);
#195 = CARTESIAN_POINT('',(-1.832756169051E-11,-1.82504011903E-12,0.));
#196 = DIRECTION('',(0.,-0.,1.));
#197 = DIRECTION('',(0.996059190891,8.869097046166E-02,0.));
#198 = CYLINDRICAL_SURFACE('',#199,8.850000000018);
#199 = AXIS2_PLACEMENT_3D('',#200,#201,#202);
#200 = CARTESIAN_POINT('',(-1.832756169051E-11,-1.82504011903E-12,0.));
#201 = DIRECTION('',(0.,0.,-1.));
#202 = DIRECTION('',(0.996059190891,8.869097046166E-02,0.));
#203 = ADVANCED_FACE('',(#204),#231,.F.);
#204 = FACE_BOUND('',#205,.F.);
#205 = EDGE_LOOP('',(#206,#207,#216,#224));
#206 = ORIENTED_EDGE('',*,*,#184,.T.);
#207 = ORIENTED_EDGE('',*,*,#208,.T.);
#208 = EDGE_CURVE('',#176,#209,#211,.T.);
#209 = VERTEX_POINT('',#210);
#210 = CARTESIAN_POINT('',(8.980179325765,1.198001751475,12.));
#211 = CIRCLE('',#212,0.228);
#212 = AXIS2_PLACEMENT_3D('',#213,#214,#215);
#213 = CARTESIAN_POINT('',(9.025536972966,0.974558953783,12.));
#214 = DIRECTION('',(0.,0.,-1.));
#215 = DIRECTION('',(-0.994140039372,-0.108099871038,-0.));
#216 = ORIENTED_EDGE('',*,*,#217,.F.);
#217 = EDGE_CURVE('',#218,#209,#220,.T.);
#218 = VERTEX_POINT('',#219);
#219 = CARTESIAN_POINT('',(8.980179325765,1.198001751475,0.));
#220 = LINE('',#221,#222);
#221 = CARTESIAN_POINT('',(8.980179325765,1.198001751475,0.));
#222 = VECTOR('',#223,1.);
#223 = DIRECTION('',(0.,0.,1.));
#224 = ORIENTED_EDGE('',*,*,#225,.F.);
#225 = EDGE_CURVE('',#185,#218,#226,.T.);
#226 = CIRCLE('',#227,0.228);
#227 = AXIS2_PLACEMENT_3D('',#228,#229,#230);
#228 = CARTESIAN_POINT('',(9.025536972966,0.974558953783,0.));
#229 = DIRECTION('',(0.,0.,-1.));
#230 = DIRECTION('',(-0.994140039372,-0.108099871038,-0.));
#231 = CYLINDRICAL_SURFACE('',#232,0.228);
#232 = AXIS2_PLACEMENT_3D('',#233,#234,#235);
#233 = CARTESIAN_POINT('',(9.025536972966,0.974558953783,0.));
#234 = DIRECTION('',(0.,0.,-1.));
#235 = DIRECTION('',(-0.994140039372,-0.108099871038,-0.));
#236 = ADVANCED_FACE('',(#237),#266,.F.);
#237 = FACE_BOUND('',#238,.F.);
#238 = EDGE_LOOP('',(#239,#240,#250,#258));
#239 = ORIENTED_EDGE('',*,*,#217,.T.);
#240 = ORIENTED_EDGE('',*,*,#241,.T.);
#241 = EDGE_CURVE('',#209,#242,#244,.T.);
#242 = VERTEX_POINT('',#243);
#243 = CARTESIAN_POINT('',(10.04502347811,1.771101816916,12.));
#244 = B_SPLINE_CURVE_WITH_KNOTS('',4,(#245,#246,#247,#248,#249),
  .UNSPECIFIED.,.F.,.F.,(5,5),(0.,1.),.PIECEWISE_BEZIER_KNOTS.);
#245 = CARTESIAN_POINT('',(8.980179325765,1.198001751475,12.));
#246 = CARTESIAN_POINT('',(9.068758923614,1.218653963784,12.));
#247 = CARTESIAN_POINT('',(9.292993488098,1.283891518774,12.));
#248 = CARTESIAN_POINT('',(9.636649468146,1.451978116283,12.));
#249 = CARTESIAN_POINT('',(10.04502347811,1.771101816916,12.));
#250 = ORIENTED_EDGE('',*,*,#251,.F.);
#251 = EDGE_CURVE('',#252,#242,#254,.T.);
#252 = VERTEX_POINT('',#253);
#253 = CARTESIAN_POINT('',(10.04502347811,1.771101816916,0.));
#254 = LINE('',#255,#256);
#255 = CARTESIAN_POINT('',(10.04502347811,1.771101816916,0.));
#256 = VECTOR('',#257,1.);
#257 = DIRECTION('',(0.,0.,1.));
#258 = ORIENTED_EDGE('',*,*,#259,.F.);
#259 = EDGE_CURVE('',#218,#252,#260,.T.);
#260 = B_SPLINE_CURVE_WITH_KNOTS('',4,(#261,#262,#263,#264,#265),
  .UNSPECIFIED.,.F.,.F.,(5,5),(0.,1.),.PIECEWISE_BEZIER_KNOTS.);
#261 = CARTESIAN_POINT('',(8.980179325765,1.198001751475,0.));
#262 = CARTESIAN_POINT('',(9.068758923614,1.218653963784,0.));
#263 = CARTESIAN_POINT('',(9.292993488098,1.283891518774,0.));
#264 = CARTESIAN_POINT('',(9.636649468146,1.451978116283,0.));
#265 = CARTESIAN_POINT('',(10.04502347811,1.771101816916,0.));
#266 = SURFACE_OF_LINEAR_EXTRUSION('',#267,#273);
#267 = B_SPLINE_CURVE_WITH_KNOTS('',4,(#268,#269,#270,#271,#272),
  .UNSPECIFIED.,.F.,.F.,(5,5),(0.,1.),.PIECEWISE_BEZIER_KNOTS.);
#268 = CARTESIAN_POINT('',(8.980179325765,1.198001751475,0.));
#269 = CARTESIAN_POINT('',(9.068758923614,1.218653963784,0.));
#270 = CARTESIAN_POINT('',(9.292993488098,1.283891518774,0.));
#271 = CARTESIAN_POINT('',(9.636649468146,1.451978116283,0.));
#272 = CARTESIAN_POINT('',(10.04502347811,1.771101816916,0.));
#273 = VECTOR('',#274,1.);
#274 = DIRECTION('',(-0.,-0.,-1.));
#275 = ADVANCED_FACE('',(#276),#303,.T.);
#276 = FACE_BOUND('',#277,.F.);
#277 = EDGE_LOOP('',(#278,#279,#288,#296));
#278 = ORIENTED_EDGE('',*,*,#251,.T.);
#279 = ORIENTED_EDGE('',*,*,#280,.T.);
#280 = EDGE_CURVE('',#242,#281,#283,.T.);
#281 = VERTEX_POINT('',#282);
#282 = CARTESIAN_POINT('',(9.95813435066,2.208067085533,12.));
#283 = CIRCLE('',#284,10.200000000001);
#284 = AXIS2_PLACEMENT_3D('',#285,#286,#287);
#285 = CARTESIAN_POINT('',(-1.704829543057E-04,7.689994463802E-04,12.));
#286 = DIRECTION('',(0.,-0.,1.));
#287 = DIRECTION('',(0.984822937359,0.173562040928,0.));
#288 = ORIENTED_EDGE('',*,*,#289,.F.);
#289 = EDGE_CURVE('',#290,#281,#292,.T.);
#290 = VERTEX_POINT('',#291);
#291 = CARTESIAN_POINT('',(9.95813435066,2.208067085533,0.));
#292 = LINE('',#293,#294);
#293 = CARTESIAN_POINT('',(9.95813435066,2.208067085533,0.));
#294 = VECTOR('',#295,1.);
#295 = DIRECTION('',(0.,0.,1.));
#296 = ORIENTED_EDGE('',*,*,#297,.F.);
#297 = EDGE_CURVE('',#252,#290,#298,.T.);
#298 = CIRCLE('',#299,10.200000000001);
#299 = AXIS2_PLACEMENT_3D('',#300,#301,#302);
#300 = CARTESIAN_POINT('',(-1.704829543057E-04,7.689994463802E-04,0.));
#301 = DIRECTION('',(0.,-0.,1.));
#302 = DIRECTION('',(0.984822937359,0.173562040928,0.));
#303 = CYLINDRICAL_SURFACE('',#304,10.200000000001);
#304 = AXIS2_PLACEMENT_3D('',#305,#306,#307);
#305 = CARTESIAN_POINT('',(-1.704829543057E-04,7.689994463802E-04,0.));
#306 = DIRECTION('',(0.,0.,-1.));
#307 = DIRECTION('',(0.984822937359,0.173562040928,0.));
#308 = ADVANCED_FACE('',(#309),#338,.F.);
#309 = FACE_BOUND('',#310,.F.);
#310 = EDGE_LOOP('',(#311,#312,#322,#330));
#311 = ORIENTED_EDGE('',*,*,#289,.T.);
#312 = ORIENTED_EDGE('',*,*,#313,.T.);
#313 = EDGE_CURVE('',#281,#314,#316,.T.);
#314 = VERTEX_POINT('',#315);
#315 = CARTESIAN_POINT('',(8.755072306861,2.329758502687,12.));
#316 = B_SPLINE_CURVE_WITH_KNOTS('',4,(#317,#318,#319,#320,#321),
  .UNSPECIFIED.,.F.,.F.,(5,5),(0.,1.),.PIECEWISE_BEZIER_KNOTS.);
#317 = CARTESIAN_POINT('',(9.95813435066,2.208067085533,12.));
#318 = CARTESIAN_POINT('',(9.458751174864,2.346333231681,12.));
#319 = CARTESIAN_POINT('',(9.076930492603,2.370113548812,12.));
#320 = CARTESIAN_POINT('',(8.844799436532,2.344574337826,12.));
#321 = CARTESIAN_POINT('',(8.755072306861,2.329758502687,12.));
#322 = ORIENTED_EDGE('',*,*,#323,.F.);
#323 = EDGE_CURVE('',#324,#314,#326,.T.);
#324 = VERTEX_POINT('',#325);
#325 = CARTESIAN_POINT('',(8.755072306861,2.329758502687,0.));
#326 = LINE('',#327,#328);
#327 = CARTESIAN_POINT('',(8.755072306861,2.329758502687,0.));
#328 = VECTOR('',#329,1.);
#329 = DIRECTION('',(0.,0.,1.));
#330 = ORIENTED_EDGE('',*,*,#331,.F.);
#331 = EDGE_CURVE('',#290,#324,#332,.T.);
#332 = B_SPLINE_CURVE_WITH_KNOTS('',4,(#333,#334,#335,#336,#337),
  .UNSPECIFIED.,.F.,.F.,(5,5),(0.,1.),.PIECEWISE_BEZIER_KNOTS.);
#333 = CARTESIAN_POINT('',(9.95813435066,2.208067085533,0.));
#334 = CARTESIAN_POINT('',(9.458751174864,2.346333231681,0.));
#335 = CARTESIAN_POINT('',(9.076930492603,2.370113548812,0.));
#336 = CARTESIAN_POINT('',(8.844799436532,2.344574337826,0.));
#337 = CARTESIAN_POINT('',(8.755072306861,2.329758502687,0.));
#338 = SURFACE_OF_LINEAR_EXTRUSION('',#339,#345);
#339 = B_SPLINE_CURVE_WITH_KNOTS('',4,(#340,#341,#342,#343,#344),
  .UNSPECIFIED.,.F.,.F.,(5,5),(0.,1.),.PIECEWISE_BEZIER_KNOTS.);
#340 = CARTESIAN_POINT('',(9.95813435066,2.208067085533,0.));
#341 = CARTESIAN_POINT('',(9.458751174864,2.346333231681,0.));
#342 = CARTESIAN_POINT('',(9.076930492603,2.370113548812,0.));
#343 = CARTESIAN_POINT('',(8.844799436532,2.344574337826,0.));
#344 = CARTESIAN_POINT('',(8.755072306861,2.329758502687,0.));
#345 = VECTOR('',#346,1.);
#346 = DIRECTION('',(-0.,-0.,-1.));
#347 = ADVANCED_FACE('',(#348),#375,.F.);
#348 = FACE_BOUND('',#349,.F.);
#349 = EDGE_LOOP('',(#350,#351,#360,#368));
#350 = ORIENTED_EDGE('',*,*,#323,.T.);
#351 = ORIENTED_EDGE('',*,*,#352,.T.);
#352 = EDGE_CURVE('',#314,#353,#355,.T.);
#353 = VERTEX_POINT('',#354);
#354 = CARTESIAN_POINT('',(8.492614369214,2.489578513689,12.));
#355 = CIRCLE('',#356,0.228);
#356 = AXIS2_PLACEMENT_3D('',#357,#358,#359);
#357 = CARTESIAN_POINT('',(8.711456605549,2.553547846935,12.));
#358 = DIRECTION('',(0.,0.,-1.));
#359 = DIRECTION('',(0.191296935579,-0.981532211615,0.));
#360 = ORIENTED_EDGE('',*,*,#361,.F.);
#361 = EDGE_CURVE('',#362,#353,#364,.T.);
#362 = VERTEX_POINT('',#363);
#363 = CARTESIAN_POINT('',(8.492614369214,2.489578513689,0.));
#364 = LINE('',#365,#366);
#365 = CARTESIAN_POINT('',(8.492614369214,2.489578513689,0.));
#366 = VECTOR('',#367,1.);
#367 = DIRECTION('',(0.,0.,1.));
#368 = ORIENTED_EDGE('',*,*,#369,.F.);
#369 = EDGE_CURVE('',#324,#362,#370,.T.);
#370 = CIRCLE('',#371,0.228);
#371 = AXIS2_PLACEMENT_3D('',#372,#373,#374);
#372 = CARTESIAN_POINT('',(8.711456605549,2.553547846935,0.));
#373 = DIRECTION('',(0.,0.,-1.));
#374 = DIRECTION('',(0.191296935579,-0.981532211615,0.));
#375 = CYLINDRICAL_SURFACE('',#376,0.228);
#376 = AXIS2_PLACEMENT_3D('',#377,#378,#379);
#377 = CARTESIAN_POINT('',(8.711456605549,2.553547846935,0.));
#378 = DIRECTION('',(0.,0.,-1.));
#379 = DIRECTION('',(0.191296935579,-0.981532211615,0.));
#380 = ADVANCED_FACE('',(#381),#408,.T.);
#381 = FACE_BOUND('',#382,.F.);
#382 = EDGE_LOOP('',(#383,#384,#393,#401));
#383 = ORIENTED_EDGE('',*,*,#361,.T.);
#384 = ORIENTED_EDGE('',*,*,#385,.T.);
#385 = EDGE_CURVE('',#353,#386,#388,.T.);
#386 = VERTEX_POINT('',#387);
#387 = CARTESIAN_POINT('',(8.444486491976,2.648234862476,12.));
#388 = CIRCLE('',#389,8.849999999954);
#389 = AXIS2_PLACEMENT_3D('',#390,#391,#392);
#390 = CARTESIAN_POINT('',(4.3822723228E-11,1.321365239448E-11,12.));
#391 = DIRECTION('',(0.,-0.,1.));
#392 = DIRECTION('',(0.959617442849,0.281308306631,0.));
#393 = ORIENTED_EDGE('',*,*,#394,.F.);
#394 = EDGE_CURVE('',#395,#386,#397,.T.);
#395 = VERTEX_POINT('',#396);
#396 = CARTESIAN_POINT('',(8.444486491976,2.648234862476,0.));
#397 = LINE('',#398,#399);
#398 = CARTESIAN_POINT('',(8.444486491976,2.648234862476,0.));
#399 = VECTOR('',#400,1.);
#400 = DIRECTION('',(0.,0.,1.));
#401 = ORIENTED_EDGE('',*,*,#402,.F.);
#402 = EDGE_CURVE('',#362,#395,#403,.T.);
#403 = CIRCLE('',#404,8.849999999954);
#404 = AXIS2_PLACEMENT_3D('',#405,#406,#407);
#405 = CARTESIAN_POINT('',(4.3822723228E-11,1.321365239448E-11,0.));
#406 = DIRECTION('',(0.,-0.,1.));
#407 = DIRECTION('',(0.959617442849,0.281308306631,0.));
#408 = CYLINDRICAL_SURFACE('',#409,8.849999999954);
#409 = AXIS2_PLACEMENT_3D('',#410,#411,#412);
#410 = CARTESIAN_POINT('',(4.3822723228E-11,1.321365239448E-11,0.));
#411 = DIRECTION('',(0.,0.,-1.));
#412 = DIRECTION('',(0.959617442849,0.281308306631,0.));
#413 = ADVANCED_FACE('',(#414),#441,.F.);
#414 = FACE_BOUND('',#415,.F.);
#415 = EDGE_LOOP('',(#416,#417,#426,#434));
#416 = ORIENTED_EDGE('',*,*,#394,.T.);
#417 = ORIENTED_EDGE('',*,*,#418,.T.);
#418 = EDGE_CURVE('',#386,#419,#421,.T.);
#419 = VERTEX_POINT('',#420);
#420 = CARTESIAN_POINT('',(8.573909150621,2.92692856017,12.));
#421 = CIRCLE('',#422,0.228);
#422 = AXIS2_PLACEMENT_3D('',#423,#424,#425);
#423 = CARTESIAN_POINT('',(8.661986790702,2.71662799118,12.));
#424 = DIRECTION('',(0.,0.,-1.));
#425 = DIRECTION('',(-0.953948678624,-0.299969862737,-0.));
#426 = ORIENTED_EDGE('',*,*,#427,.F.);
#427 = EDGE_CURVE('',#428,#419,#430,.T.);
#428 = VERTEX_POINT('',#429);
#429 = CARTESIAN_POINT('',(8.573909150621,2.92692856017,0.));
#430 = LINE('',#431,#432);
#431 = CARTESIAN_POINT('',(8.573909150621,2.92692856017,0.));
#432 = VECTOR('',#433,1.);
#433 = DIRECTION('',(0.,0.,1.));
#434 = ORIENTED_EDGE('',*,*,#435,.F.);
#435 = EDGE_CURVE('',#395,#428,#436,.T.);
#436 = CIRCLE('',#437,0.228);
#437 = AXIS2_PLACEMENT_3D('',#438,#439,#440);
#438 = CARTESIAN_POINT('',(8.661986790702,2.71662799118,0.));
#439 = DIRECTION('',(0.,0.,-1.));
#440 = DIRECTION('',(-0.953948678624,-0.299969862737,-0.));
#441 = CYLINDRICAL_SURFACE('',#442,0.228);
#442 = AXIS2_PLACEMENT_3D('',#443,#444,#445);
#443 = CARTESIAN_POINT('',(8.661986790702,2.71662799118,0.));
#444 = DIRECTION('',(0.,0.,-1.));
#445 = DIRECTION('',(-0.953948678624,-0.299969862737,-0.));
#446 = ADVANCED_FACE('',(#447),#476,.F.);
#447 = FACE_BOUND('',#448,.F.);
#448 = EDGE_LOOP('',(#449,#450,#460,#468));
#449 = ORIENTED_EDGE('',*,*,#427,.T.);
#450 = ORIENTED_EDGE('',*,*,#451,.T.);
#451 = EDGE_CURVE('',#419,#452,#454,.T.);
#452 = VERTEX_POINT('',#453);
#453 = CARTESIAN_POINT('',(9.50648634485,3.696757457131,12.));
#454 = B_SPLINE_CURVE_WITH_KNOTS('',4,(#455,#456,#457,#458,#459),
  .UNSPECIFIED.,.F.,.F.,(5,5),(0.,1.),.PIECEWISE_BEZIER_KNOTS.);
#455 = CARTESIAN_POINT('',(8.573909150621,2.92692856017,12.));
#456 = CARTESIAN_POINT('',(8.656757669585,2.964464968279,12.));
#457 = CARTESIAN_POINT('',(8.863956414178,3.072194995335,12.));
#458 = CARTESIAN_POINT('',(9.168217072497,3.304095811815,12.));
#459 = CARTESIAN_POINT('',(9.50648634485,3.696757457131,12.));
#460 = ORIENTED_EDGE('',*,*,#461,.F.);
#461 = EDGE_CURVE('',#462,#452,#464,.T.);
#462 = VERTEX_POINT('',#463);
#463 = CARTESIAN_POINT('',(9.50648634485,3.696757457131,0.));
#464 = LINE('',#465,#466);
#465 = CARTESIAN_POINT('',(9.50648634485,3.696757457131,0.));
#466 = VECTOR('',#467,1.);
#467 = DIRECTION('',(0.,0.,1.));
#468 = ORIENTED_EDGE('',*,*,#469,.F.);
#469 = EDGE_CURVE('',#428,#462,#470,.T.);
#470 = B_SPLINE_CURVE_WITH_KNOTS('',4,(#471,#472,#473,#474,#475),
  .UNSPECIFIED.,.F.,.F.,(5,5),(0.,1.),.PIECEWISE_BEZIER_KNOTS.);
#471 = CARTESIAN_POINT('',(8.573909150621,2.92692856017,0.));
#472 = CARTESIAN_POINT('',(8.656757669585,2.964464968279,0.));
#473 = CARTESIAN_POINT('',(8.863956414178,3.072194995335,0.));
#474 = CARTESIAN_POINT('',(9.168217072497,3.304095811815,0.));
#475 = CARTESIAN_POINT('',(9.50648634485,3.696757457131,0.));
#476 = SURFACE_OF_LINEAR_EXTRUSION('',#477,#483);
#477 = B_SPLINE_CURVE_WITH_KNOTS('',4,(#478,#479,#480,#481,#482),
  .UNSPECIFIED.,.F.,.F.,(5,5),(0.,1.),.PIECEWISE_BEZIER_KNOTS.);
#478 = CARTESIAN_POINT('',(8.573909150621,2.92692856017,0.));
#479 = CARTESIAN_POINT('',(8.656757669585,2.964464968279,0.));
#480 = CARTESIAN_POINT('',(8.863956414178,3.072194995335,0.));
#481 = CARTESIAN_POINT('',(9.168217072497,3.304095811815,0.));
#482 = CARTESIAN_POINT('',(9.50648634485,3.696757457131,0.));
#483 = VECTOR('',#484,1.);
#484 = DIRECTION('',(-0.,-0.,-1.));
#485 = ADVANCED_FACE('',(#486),#513,.T.);
#486 = FACE_BOUND('',#487,.F.);
#487 = EDGE_LOOP('',(#488,#489,#498,#506));
#488 = ORIENTED_EDGE('',*,*,#461,.T.);
#489 = ORIENTED_EDGE('',*,*,#490,.T.);
#490 = EDGE_CURVE('',#452,#491,#493,.T.);
#491 = VERTEX_POINT('',#492);
#492 = CARTESIAN_POINT('',(9.336019072655,4.108375332784,12.));
#493 = CIRCLE('',#494,10.200000000015);
#494 = AXIS2_PLACEMENT_3D('',#495,#496,#497);
#495 = CARTESIAN_POINT('',(-3.172315350009E-04,7.209637576893E-04,12.));
#496 = DIRECTION('',(0.,-0.,1.));
#497 = DIRECTION('',(0.932039566311,0.362356518958,0.));
#498 = ORIENTED_EDGE('',*,*,#499,.F.);
#499 = EDGE_CURVE('',#500,#491,#502,.T.);
#500 = VERTEX_POINT('',#501);
#501 = CARTESIAN_POINT('',(9.336019072655,4.108375332784,0.));
#502 = LINE('',#503,#504);
#503 = CARTESIAN_POINT('',(9.336019072655,4.108375332784,0.));
#504 = VECTOR('',#505,1.);
#505 = DIRECTION('',(0.,0.,1.));
#506 = ORIENTED_EDGE('',*,*,#507,.F.);
#507 = EDGE_CURVE('',#462,#500,#508,.T.);
#508 = CIRCLE('',#509,10.200000000015);
#509 = AXIS2_PLACEMENT_3D('',#510,#511,#512);
#510 = CARTESIAN_POINT('',(-3.172315350009E-04,7.209637576893E-04,0.));
#511 = DIRECTION('',(0.,-0.,1.));
#512 = DIRECTION('',(0.932039566311,0.362356518958,0.));
#513 = CYLINDRICAL_SURFACE('',#514,10.200000000015);
#514 = AXIS2_PLACEMENT_3D('',#515,#516,#517);
#515 = CARTESIAN_POINT('',(-3.172315350009E-04,7.209637576893E-04,0.));
#516 = DIRECTION('',(0.,0.,-1.));
#517 = DIRECTION('',(0.932039566311,0.362356518958,0.));
#518 = ADVANCED_FACE('',(#519),#548,.F.);
#519 = FACE_BOUND('',#520,.F.);
#520 = EDGE_LOOP('',(#521,#522,#532,#540));
#521 = ORIENTED_EDGE('',*,*,#499,.T.);
#522 = ORIENTED_EDGE('',*,*,#523,.T.);
#523 = EDGE_CURVE('',#491,#524,#526,.T.);
#524 = VERTEX_POINT('',#525);
#525 = CARTESIAN_POINT('',(8.132332710926,3.99302272195,12.));
#526 = B_SPLINE_CURVE_WITH_KNOTS('',4,(#527,#528,#529,#530,#531),
  .UNSPECIFIED.,.F.,.F.,(5,5),(0.,1.),.PIECEWISE_BEZIER_KNOTS.);
#527 = CARTESIAN_POINT('',(9.336019072655,4.108375332784,12.));
#528 = CARTESIAN_POINT('',(8.819257017577,4.146559909128,12.));
#529 = CARTESIAN_POINT('',(8.440133602936,4.095393774279,12.));
#530 = CARTESIAN_POINT('',(8.217445332912,4.025058769593,12.));
#531 = CARTESIAN_POINT('',(8.132332710926,3.99302272195,12.));
#532 = ORIENTED_EDGE('',*,*,#533,.F.);
#533 = EDGE_CURVE('',#534,#524,#536,.T.);
#534 = VERTEX_POINT('',#535);
#535 = CARTESIAN_POINT('',(8.132332710926,3.99302272195,0.));
#536 = LINE('',#537,#538);
#537 = CARTESIAN_POINT('',(8.132332710926,3.99302272195,0.));
#538 = VECTOR('',#539,1.);
#539 = DIRECTION('',(0.,0.,1.));
#540 = ORIENTED_EDGE('',*,*,#541,.F.);
#541 = EDGE_CURVE('',#500,#534,#542,.T.);
#542 = B_SPLINE_CURVE_WITH_KNOTS('',4,(#543,#544,#545,#546,#547),
  .UNSPECIFIED.,.F.,.F.,(5,5),(0.,1.),.PIECEWISE_BEZIER_KNOTS.);
#543 = CARTESIAN_POINT('',(9.336019072655,4.108375332784,0.));
#544 = CARTESIAN_POINT('',(8.819257017577,4.146559909128,0.));
#545 = CARTESIAN_POINT('',(8.440133602936,4.095393774279,0.));
#546 = CARTESIAN_POINT('',(8.217445332912,4.025058769593,0.));
#547 = CARTESIAN_POINT('',(8.132332710926,3.99302272195,0.));
#548 = SURFACE_OF_LINEAR_EXTRUSION('',#549,#555);
#549 = B_SPLINE_CURVE_WITH_KNOTS('',4,(#550,#551,#552,#553,#554),
  .UNSPECIFIED.,.F.,.F.,(5,5),(0.,1.),.PIECEWISE_BEZIER_KNOTS.);
#550 = CARTESIAN_POINT('',(9.336019072655,4.108375332784,0.));
#551 = CARTESIAN_POINT('',(8.819257017577,4.146559909128,0.));
#552 = CARTESIAN_POINT('',(8.440133602936,4.095393774279,0.));
#553 = CARTESIAN_POINT('',(8.217445332912,4.025058769593,0.));
#554 = CARTESIAN_POINT('',(8.132332710926,3.99302272195,0.));
#555 = VECTOR('',#556,1.);
#556 = DIRECTION('',(-0.,-0.,-1.));
#557 = ADVANCED_FACE('',(#558),#585,.F.);
#558 = FACE_BOUND('',#559,.F.);
#559 = EDGE_LOOP('',(#560,#561,#570,#578));
#560 = ORIENTED_EDGE('',*,*,#533,.T.);
#561 = ORIENTED_EDGE('',*,*,#562,.T.);
#562 = EDGE_CURVE('',#524,#563,#565,.T.);
#563 = VERTEX_POINT('',#564);
#564 = CARTESIAN_POINT('',(7.843738491546,4.098568832683,12.));
#565 = CIRCLE('',#566,0.228);
#566 = AXIS2_PLACEMENT_3D('',#567,#568,#569);
#567 = CARTESIAN_POINT('',(8.045895937852,4.204003015485,12.));
#568 = DIRECTION('',(0.,-0.,-1.));
#569 = DIRECTION('',(0.379108653835,-0.925352164631,0.));
#570 = ORIENTED_EDGE('',*,*,#571,.F.);
#571 = EDGE_CURVE('',#572,#563,#574,.T.);
#572 = VERTEX_POINT('',#573);
#573 = CARTESIAN_POINT('',(7.843738491546,4.098568832683,0.));
#574 = LINE('',#575,#576);
#575 = CARTESIAN_POINT('',(7.843738491546,4.098568832683,0.));
#576 = VECTOR('',#577,1.);
#577 = DIRECTION('',(0.,0.,1.));
#578 = ORIENTED_EDGE('',*,*,#579,.F.);
#579 = EDGE_CURVE('',#534,#572,#580,.T.);
#580 = CIRCLE('',#581,0.228);
#581 = AXIS2_PLACEMENT_3D('',#582,#583,#584);
#582 = CARTESIAN_POINT('',(8.045895937852,4.204003015485,0.));
#583 = DIRECTION('',(0.,-0.,-1.));
#584 = DIRECTION('',(0.379108653835,-0.925352164631,0.));
#585 = CYLINDRICAL_SURFACE('',#586,0.228);
#586 = AXIS2_PLACEMENT_3D('',#587,#588,#589);
#587 = CARTESIAN_POINT('',(8.045895937852,4.204003015485,0.));
#588 = DIRECTION('',(0.,0.,-1.));
#589 = DIRECTION('',(0.379108653835,-0.925352164631,0.));
#590 = ADVANCED_FACE('',(#591),#618,.T.);
#591 = FACE_BOUND('',#592,.F.);
#592 = EDGE_LOOP('',(#593,#594,#603,#611));
#593 = ORIENTED_EDGE('',*,*,#571,.T.);
#594 = ORIENTED_EDGE('',*,*,#595,.T.);
#595 = EDGE_CURVE('',#563,#596,#598,.T.);
#596 = VERTEX_POINT('',#597);
#597 = CARTESIAN_POINT('',(7.765583059799,4.244787361148,12.));
#598 = CIRCLE('',#599,8.85000000002);
#599 = AXIS2_PLACEMENT_3D('',#600,#601,#602);
#600 = CARTESIAN_POINT('',(-1.782263225891E-11,-9.558576152813E-12,12.)
  );
#601 = DIRECTION('',(0.,-0.,1.));
#602 = DIRECTION('',(0.886298134638,0.463115122337,0.));
#603 = ORIENTED_EDGE('',*,*,#604,.F.);
#604 = EDGE_CURVE('',#605,#596,#607,.T.);
#605 = VERTEX_POINT('',#606);
#606 = CARTESIAN_POINT('',(7.765583059799,4.244787361148,0.));
#607 = LINE('',#608,#609);
#608 = CARTESIAN_POINT('',(7.765583059799,4.244787361148,0.));
#609 = VECTOR('',#610,1.);
#610 = DIRECTION('',(0.,0.,1.));
#611 = ORIENTED_EDGE('',*,*,#612,.F.);
#612 = EDGE_CURVE('',#572,#605,#613,.T.);
#613 = CIRCLE('',#614,8.85000000002);
#614 = AXIS2_PLACEMENT_3D('',#615,#616,#617);
#615 = CARTESIAN_POINT('',(-1.782263225891E-11,-9.558576152813E-12,0.));
#616 = DIRECTION('',(0.,-0.,1.));
#617 = DIRECTION('',(0.886298134638,0.463115122337,0.));
#618 = CYLINDRICAL_SURFACE('',#619,8.85000000002);
#619 = AXIS2_PLACEMENT_3D('',#620,#621,#622);
#620 = CARTESIAN_POINT('',(-1.782263225891E-11,-9.558576152813E-12,0.));
#621 = DIRECTION('',(0.,0.,-1.));
#622 = DIRECTION('',(0.886298134638,0.463115122337,0.));
#623 = ADVANCED_FACE('',(#624),#651,.F.);
#624 = FACE_BOUND('',#625,.F.);
#625 = EDGE_LOOP('',(#626,#627,#636,#644));
#626 = ORIENTED_EDGE('',*,*,#604,.T.);
#627 = ORIENTED_EDGE('',*,*,#628,.T.);
#628 = EDGE_CURVE('',#596,#629,#631,.T.);
#629 = VERTEX_POINT('',#630);
#630 = CARTESIAN_POINT('',(7.838148455121,4.543375145739,12.));
#631 = CIRCLE('',#632,0.228);
#632 = AXIS2_PLACEMENT_3D('',#633,#634,#635);
#633 = CARTESIAN_POINT('',(7.965561313771,4.354298538379,12.));
#634 = DIRECTION('',(0.,0.,-1.));
#635 = DIRECTION('',(-0.877097605138,-0.480312180837,-0.));
#636 = ORIENTED_EDGE('',*,*,#637,.F.);
#637 = EDGE_CURVE('',#638,#629,#640,.T.);
#638 = VERTEX_POINT('',#639);
#639 = CARTESIAN_POINT('',(7.838148455121,4.543375145739,0.));
#640 = LINE('',#641,#642);
#641 = CARTESIAN_POINT('',(7.838148455121,4.543375145739,0.));
#642 = VECTOR('',#643,1.);
#643 = DIRECTION('',(0.,0.,1.));
#644 = ORIENTED_EDGE('',*,*,#645,.F.);
#645 = EDGE_CURVE('',#605,#638,#646,.T.);
#646 = CIRCLE('',#647,0.228);
#647 = AXIS2_PLACEMENT_3D('',#648,#649,#650);
#648 = CARTESIAN_POINT('',(7.965561313771,4.354298538379,0.));
#649 = DIRECTION('',(0.,0.,-1.));
#650 = DIRECTION('',(-0.877097605138,-0.480312180837,-0.));
#651 = CYLINDRICAL_SURFACE('',#652,0.228);
#652 = AXIS2_PLACEMENT_3D('',#653,#654,#655);
#653 = CARTESIAN_POINT('',(7.965561313771,4.354298538379,0.));
#654 = DIRECTION('',(0.,0.,-1.));
#655 = DIRECTION('',(-0.877097605138,-0.480312180837,-0.));
#656 = ADVANCED_FACE('',(#657),#686,.F.);
#657 = FACE_BOUND('',#658,.F.);
#658 = EDGE_LOOP('',(#659,#660,#670,#678));
#659 = ORIENTED_EDGE('',*,*,#637,.T.);
#660 = ORIENTED_EDGE('',*,*,#661,.T.);
#661 = EDGE_CURVE('',#629,#662,#664,.T.);
#662 = VERTEX_POINT('',#663);
#663 = CARTESIAN_POINT('',(8.602620272656,5.480348781433,12.));
#664 = B_SPLINE_CURVE_WITH_KNOTS('',4,(#665,#666,#667,#668,#669),
  .UNSPECIFIED.,.F.,.F.,(5,5),(0.,1.),.PIECEWISE_BEZIER_KNOTS.);
#665 = CARTESIAN_POINT('',(7.838148455121,4.543375145739,12.));
#666 = CARTESIAN_POINT('',(7.91208207308,4.596353246534,12.));
#667 = CARTESIAN_POINT('',(8.094282466225,4.742435741132,12.));
#668 = CARTESIAN_POINT('',(8.347455236347,5.029238958258,12.));
#669 = CARTESIAN_POINT('',(8.602620272656,5.480348781433,12.));
#670 = ORIENTED_EDGE('',*,*,#671,.F.);
#671 = EDGE_CURVE('',#672,#662,#674,.T.);
#672 = VERTEX_POINT('',#673);
#673 = CARTESIAN_POINT('',(8.602620272656,5.480348781433,0.));
#674 = LINE('',#675,#676);
#675 = CARTESIAN_POINT('',(8.602620272656,5.480348781433,0.));
#676 = VECTOR('',#677,1.);
#677 = DIRECTION('',(0.,0.,1.));
#678 = ORIENTED_EDGE('',*,*,#679,.F.);
#679 = EDGE_CURVE('',#638,#672,#680,.T.);
#680 = B_SPLINE_CURVE_WITH_KNOTS('',4,(#681,#682,#683,#684,#685),
  .UNSPECIFIED.,.F.,.F.,(5,5),(0.,1.),.PIECEWISE_BEZIER_KNOTS.);
#681 = CARTESIAN_POINT('',(7.838148455121,4.543375145739,0.));
#682 = CARTESIAN_POINT('',(7.91208207308,4.596353246534,0.));
#683 = CARTESIAN_POINT('',(8.094282466225,4.742435741132,0.));
#684 = CARTESIAN_POINT('',(8.347455236347,5.029238958258,0.));
#685 = CARTESIAN_POINT('',(8.602620272656,5.480348781433,0.));
#686 = SURFACE_OF_LINEAR_EXTRUSION('',#687,#693);
#687 = B_SPLINE_CURVE_WITH_KNOTS('',4,(#688,#689,#690,#691,#692),
  .UNSPECIFIED.,.F.,.F.,(5,5),(0.,1.),.PIECEWISE_BEZIER_KNOTS.);
#688 = CARTESIAN_POINT('',(7.838148455121,4.543375145739,0.));
#689 = CARTESIAN_POINT('',(7.91208207308,4.596353246534,0.));
#690 = CARTESIAN_POINT('',(8.094282466225,4.742435741132,0.));
#691 = CARTESIAN_POINT('',(8.347455236347,5.029238958258,0.));
#692 = CARTESIAN_POINT('',(8.602620272656,5.480348781433,0.));
#693 = VECTOR('',#694,1.);
#694 = DIRECTION('',(-0.,-0.,-1.));
#695 = ADVANCED_FACE('',(#696),#723,.T.);
#696 = FACE_BOUND('',#697,.F.);
#697 = EDGE_LOOP('',(#698,#699,#708,#716));
#698 = ORIENTED_EDGE('',*,*,#671,.T.);
#699 = ORIENTED_EDGE('',*,*,#700,.T.);
#700 = EDGE_CURVE('',#662,#701,#703,.T.);
#701 = VERTEX_POINT('',#702);
#702 = CARTESIAN_POINT('',(8.355125817388,5.850801019999,12.));
#703 = CIRCLE('',#704,10.200000000002);
#704 = AXIS2_PLACEMENT_3D('',#705,#706,#707);
#705 = CARTESIAN_POINT('',(-4.517890602438E-04,6.452218465212E-04,12.));
#706 = DIRECTION('',(0.,-0.,1.));
#707 = DIRECTION('',(0.843438437423,0.537225839175,0.));
#708 = ORIENTED_EDGE('',*,*,#709,.F.);
#709 = EDGE_CURVE('',#710,#701,#712,.T.);
#710 = VERTEX_POINT('',#711);
#711 = CARTESIAN_POINT('',(8.355125817388,5.850801019999,0.));
#712 = LINE('',#713,#714);
#713 = CARTESIAN_POINT('',(8.355125817388,5.850801019999,0.));
#714 = VECTOR('',#715,1.);
#715 = DIRECTION('',(0.,0.,1.));
#716 = ORIENTED_EDGE('',*,*,#717,.F.);
#717 = EDGE_CURVE('',#672,#710,#718,.T.);
#718 = CIRCLE('',#719,10.200000000002);
#719 = AXIS2_PLACEMENT_3D('',#720,#721,#722);
#720 = CARTESIAN_POINT('',(-4.517890602438E-04,6.452218465212E-04,0.));
#721 = DIRECTION('',(0.,-0.,1.));
#722 = DIRECTION('',(0.843438437423,0.537225839175,0.));
#723 = CYLINDRICAL_SURFACE('',#724,10.200000000002);
#724 = AXIS2_PLACEMENT_3D('',#725,#726,#727);
#725 = CARTESIAN_POINT('',(-4.517890602438E-04,6.452218465212E-04,0.));
#726 = DIRECTION('',(0.,0.,-1.));
#727 = DIRECTION('',(0.843438437423,0.537225839175,0.));
#728 = ADVANCED_FACE('',(#729),#758,.F.);
#729 = FACE_BOUND('',#730,.F.);
#730 = EDGE_LOOP('',(#731,#732,#742,#750));
#731 = ORIENTED_EDGE('',*,*,#709,.T.);
#732 = ORIENTED_EDGE('',*,*,#733,.T.);
#733 = EDGE_CURVE('',#701,#734,#736,.T.);
#734 = VERTEX_POINT('',#735);
#735 = CARTESIAN_POINT('',(7.197072129575,5.502837317321,12.));
#736 = B_SPLINE_CURVE_WITH_KNOTS('',4,(#737,#738,#739,#740,#741),
  .UNSPECIFIED.,.F.,.F.,(5,5),(0.,1.),.PIECEWISE_BEZIER_KNOTS.);
#737 = CARTESIAN_POINT('',(8.355125817388,5.850801019999,12.));
#738 = CARTESIAN_POINT('',(7.840843759002,5.787436614685,12.));
#739 = CARTESIAN_POINT('',(7.478987112189,5.663290313723,12.));
#740 = CARTESIAN_POINT('',(7.274299413545,5.550862450122,12.));
#741 = CARTESIAN_POINT('',(7.197072129575,5.502837317321,12.));
#742 = ORIENTED_EDGE('',*,*,#743,.F.);
#743 = EDGE_CURVE('',#744,#734,#746,.T.);
#744 = VERTEX_POINT('',#745);
#745 = CARTESIAN_POINT('',(7.197072129575,5.502837317321,0.));
#746 = LINE('',#747,#748);
#747 = CARTESIAN_POINT('',(7.197072129575,5.502837317321,0.));
#748 = VECTOR('',#749,1.);
#749 = DIRECTION('',(0.,0.,1.));
#750 = ORIENTED_EDGE('',*,*,#751,.F.);
#751 = EDGE_CURVE('',#710,#744,#752,.T.);
#752 = B_SPLINE_CURVE_WITH_KNOTS('',4,(#753,#754,#755,#756,#757),
  .UNSPECIFIED.,.F.,.F.,(5,5),(0.,1.),.PIECEWISE_BEZIER_KNOTS.);
#753 = CARTESIAN_POINT('',(8.355125817388,5.850801019999,0.));
#754 = CARTESIAN_POINT('',(7.840843759002,5.787436614685,0.));
#755 = CARTESIAN_POINT('',(7.478987112189,5.663290313723,0.));
#756 = CARTESIAN_POINT('',(7.274299413545,5.550862450122,0.));
#757 = CARTESIAN_POINT('',(7.197072129575,5.502837317321,0.));
#758 = SURFACE_OF_LINEAR_EXTRUSION('',#759,#765);
#759 = B_SPLINE_CURVE_WITH_KNOTS('',4,(#760,#761,#762,#763,#764),
  .UNSPECIFIED.,.F.,.F.,(5,5),(0.,1.),.PIECEWISE_BEZIER_KNOTS.);
#760 = CARTESIAN_POINT('',(8.355125817388,5.850801019999,0.));
#761 = CARTESIAN_POINT('',(7.840843759002,5.787436614685,0.));
#762 = CARTESIAN_POINT('',(7.478987112189,5.663290313723,0.));
#763 = CARTESIAN_POINT('',(7.274299413545,5.550862450122,0.));
#764 = CARTESIAN_POINT('',(7.197072129575,5.502837317321,0.));
#765 = VECTOR('',#766,1.);
#766 = DIRECTION('',(-0.,-0.,-1.));
#767 = ADVANCED_FACE('',(#768),#795,.F.);
#768 = FACE_BOUND('',#769,.F.);
#769 = EDGE_LOOP('',(#770,#771,#780,#788));
#770 = ORIENTED_EDGE('',*,*,#743,.T.);
#771 = ORIENTED_EDGE('',*,*,#772,.T.);
#772 = EDGE_CURVE('',#734,#773,#775,.T.);
#773 = VERTEX_POINT('',#774);
#774 = CARTESIAN_POINT('',(6.893432142467,5.550053449941,12.));
#775 = CIRCLE('',#776,0.228);
#776 = AXIS2_PLACEMENT_3D('',#777,#778,#779);
#777 = CARTESIAN_POINT('',(7.071136001453,5.692900705783,12.));
#778 = DIRECTION('',(0.,-0.,-1.));
#779 = DIRECTION('',(0.552351439131,-0.833611352903,0.));
#780 = ORIENTED_EDGE('',*,*,#781,.F.);
#781 = EDGE_CURVE('',#782,#773,#784,.T.);
#782 = VERTEX_POINT('',#783);
#783 = CARTESIAN_POINT('',(6.893432142467,5.550053449941,0.));
#784 = LINE('',#785,#786);
#785 = CARTESIAN_POINT('',(6.893432142467,5.550053449941,0.));
#786 = VECTOR('',#787,1.);
#787 = DIRECTION('',(0.,0.,1.));
#788 = ORIENTED_EDGE('',*,*,#789,.F.);
#789 = EDGE_CURVE('',#744,#782,#790,.T.);
#790 = CIRCLE('',#791,0.228);
#791 = AXIS2_PLACEMENT_3D('',#792,#793,#794);
#792 = CARTESIAN_POINT('',(7.071136001453,5.692900705783,0.));
#793 = DIRECTION('',(0.,-0.,-1.));
#794 = DIRECTION('',(0.552351439131,-0.833611352903,0.));
#795 = CYLINDRICAL_SURFACE('',#796,0.228);
#796 = AXIS2_PLACEMENT_3D('',#797,#798,#799);
#797 = CARTESIAN_POINT('',(7.071136001453,5.692900705783,0.));
#798 = DIRECTION('',(0.,0.,-1.));
#799 = DIRECTION('',(0.552351439131,-0.833611352903,0.));
#800 = ADVANCED_FACE('',(#801),#828,.T.);
#801 = FACE_BOUND('',#802,.F.);
#802 = EDGE_LOOP('',(#803,#804,#813,#821));
#803 = ORIENTED_EDGE('',*,*,#781,.T.);
#804 = ORIENTED_EDGE('',*,*,#805,.T.);
#805 = EDGE_CURVE('',#773,#806,#808,.T.);
#806 = VERTEX_POINT('',#807);
#807 = CARTESIAN_POINT('',(6.788252625623,5.678215062035,12.));
#808 = CIRCLE('',#809,8.850000000017);
#809 = AXIS2_PLACEMENT_3D('',#810,#811,#812);
#810 = CARTESIAN_POINT('',(-1.285238582227E-11,-1.058264587073E-11,12.)
  );
#811 = DIRECTION('',(0.,-0.,1.));
#812 = DIRECTION('',(0.778918886154,0.627124683609,0.));
#813 = ORIENTED_EDGE('',*,*,#814,.F.);
#814 = EDGE_CURVE('',#815,#806,#817,.T.);
#815 = VERTEX_POINT('',#816);
#816 = CARTESIAN_POINT('',(6.788252625623,5.678215062035,0.));
#817 = LINE('',#818,#819);
#818 = CARTESIAN_POINT('',(6.788252625623,5.678215062035,0.));
#819 = VECTOR('',#820,1.);
#820 = DIRECTION('',(0.,0.,1.));
#821 = ORIENTED_EDGE('',*,*,#822,.F.);
#822 = EDGE_CURVE('',#782,#815,#823,.T.);
#823 = CIRCLE('',#824,8.850000000017);
#824 = AXIS2_PLACEMENT_3D('',#825,#826,#827);
#825 = CARTESIAN_POINT('',(-1.285238582227E-11,-1.058264587073E-11,0.));
#826 = DIRECTION('',(0.,-0.,1.));
#827 = DIRECTION('',(0.778918886154,0.627124683609,0.));
#828 = CYLINDRICAL_SURFACE('',#829,8.850000000017);
#829 = AXIS2_PLACEMENT_3D('',#830,#831,#832);
#830 = CARTESIAN_POINT('',(-1.285238582227E-11,-1.058264587073E-11,0.));
#831 = DIRECTION('',(0.,0.,-1.));
#832 = DIRECTION('',(0.778918886154,0.627124683609,0.));
#833 = ADVANCED_FACE('',(#834),#861,.F.);
#834 = FACE_BOUND('',#835,.F.);
#835 = EDGE_LOOP('',(#836,#837,#846,#854));
#836 = ORIENTED_EDGE('',*,*,#814,.T.);
#837 = ORIENTED_EDGE('',*,*,#838,.T.);
#838 = EDGE_CURVE('',#806,#839,#841,.T.);
#839 = VERTEX_POINT('',#840);
#840 = CARTESIAN_POINT('',(6.801172110176,5.98522237241,12.));
#841 = CIRCLE('',#842,0.228);
#842 = AXIS2_PLACEMENT_3D('',#843,#844,#845);
#843 = CARTESIAN_POINT('',(6.963023782689,5.824635834666,12.));
#844 = DIRECTION('',(0.,0.,-1.));
#845 = DIRECTION('',(-0.766540162569,-0.642196371189,-0.));
#846 = ORIENTED_EDGE('',*,*,#847,.F.);
#847 = EDGE_CURVE('',#848,#839,#850,.T.);
#848 = VERTEX_POINT('',#849);
#849 = CARTESIAN_POINT('',(6.801172110176,5.98522237241,0.));
#850 = LINE('',#851,#852);
#851 = CARTESIAN_POINT('',(6.801172110176,5.98522237241,0.));
#852 = VECTOR('',#853,1.);
#853 = DIRECTION('',(0.,0.,1.));
#854 = ORIENTED_EDGE('',*,*,#855,.F.);
#855 = EDGE_CURVE('',#815,#848,#856,.T.);
#856 = CIRCLE('',#857,0.228);
#857 = AXIS2_PLACEMENT_3D('',#858,#859,#860);
#858 = CARTESIAN_POINT('',(6.963023782689,5.824635834666,0.));
#859 = DIRECTION('',(0.,0.,-1.));
#860 = DIRECTION('',(-0.766540162569,-0.642196371189,-0.));
#861 = CYLINDRICAL_SURFACE('',#862,0.228);
#862 = AXIS2_PLACEMENT_3D('',#863,#864,#865);
#863 = CARTESIAN_POINT('',(6.963023782689,5.824635834666,0.));
#864 = DIRECTION('',(0.,0.,-1.));
#865 = DIRECTION('',(-0.766540162569,-0.642196371189,-0.));
#866 = ADVANCED_FACE('',(#867),#896,.F.);
#867 = FACE_BOUND('',#868,.F.);
#868 = EDGE_LOOP('',(#869,#870,#880,#888));
#869 = ORIENTED_EDGE('',*,*,#847,.T.);
#870 = ORIENTED_EDGE('',*,*,#871,.T.);
#871 = EDGE_CURVE('',#839,#872,#874,.T.);
#872 = VERTEX_POINT('',#873);
#873 = CARTESIAN_POINT('',(7.368160327789,7.053333375481,12.));
#874 = B_SPLINE_CURVE_WITH_KNOTS('',4,(#875,#876,#877,#878,#879),
  .UNSPECIFIED.,.F.,.F.,(5,5),(0.,1.),.PIECEWISE_BEZIER_KNOTS.);
#875 = CARTESIAN_POINT('',(6.801172110176,5.98522237241,12.));
#876 = CARTESIAN_POINT('',(6.863349599653,6.051606247189,12.));
#877 = CARTESIAN_POINT('',(7.013549782422,6.230427340985,12.));
#878 = CARTESIAN_POINT('',(7.205905376772,6.561111271964,12.));
#879 = CARTESIAN_POINT('',(7.368160327789,7.053333375481,12.));
#880 = ORIENTED_EDGE('',*,*,#881,.F.);
#881 = EDGE_CURVE('',#882,#872,#884,.T.);
#882 = VERTEX_POINT('',#883);
#883 = CARTESIAN_POINT('',(7.368160327789,7.053333375481,0.));
#884 = LINE('',#885,#886);
#885 = CARTESIAN_POINT('',(7.368160327789,7.053333375481,0.));
#886 = VECTOR('',#887,1.);
#887 = DIRECTION('',(0.,0.,1.));
#888 = ORIENTED_EDGE('',*,*,#889,.F.);
#889 = EDGE_CURVE('',#848,#882,#890,.T.);
#890 = B_SPLINE_CURVE_WITH_KNOTS('',4,(#891,#892,#893,#894,#895),
  .UNSPECIFIED.,.F.,.F.,(5,5),(0.,1.),.PIECEWISE_BEZIER_KNOTS.);
#891 = CARTESIAN_POINT('',(6.801172110176,5.98522237241,0.));
#892 = CARTESIAN_POINT('',(6.863349599653,6.051606247189,0.));
#893 = CARTESIAN_POINT('',(7.013549782422,6.230427340985,0.));
#894 = CARTESIAN_POINT('',(7.205905376772,6.561111271964,0.));
#895 = CARTESIAN_POINT('',(7.368160327789,7.053333375481,0.));
#896 = SURFACE_OF_LINEAR_EXTRUSION('',#897,#903);
#897 = B_SPLINE_CURVE_WITH_KNOTS('',4,(#898,#899,#900,#901,#902),
  .UNSPECIFIED.,.F.,.F.,(5,5),(0.,1.),.PIECEWISE_BEZIER_KNOTS.);
#898 = CARTESIAN_POINT('',(6.801172110176,5.98522237241,0.));
#899 = CARTESIAN_POINT('',(6.863349599653,6.051606247189,0.));
#900 = CARTESIAN_POINT('',(7.013549782422,6.230427340985,0.));
#901 = CARTESIAN_POINT('',(7.205905376772,6.561111271964,0.));
#902 = CARTESIAN_POINT('',(7.368160327789,7.053333375481,0.));
#903 = VECTOR('',#904,1.);
#904 = DIRECTION('',(-0.,-0.,-1.));
#905 = ADVANCED_FACE('',(#906),#933,.T.);
#906 = FACE_BOUND('',#907,.F.);
#907 = EDGE_LOOP('',(#908,#909,#918,#926));
#908 = ORIENTED_EDGE('',*,*,#881,.T.);
#909 = ORIENTED_EDGE('',*,*,#910,.T.);
#910 = EDGE_CURVE('',#872,#911,#913,.T.);
#911 = VERTEX_POINT('',#912);
#912 = CARTESIAN_POINT('',(7.053149762567,7.368383705182,12.));
#913 = CIRCLE('',#914,10.200000000005);
#914 = AXIS2_PLACEMENT_3D('',#915,#916,#917);
#915 = CARTESIAN_POINT('',(-5.689846001959E-04,5.446844142054E-04,12.));
#916 = DIRECTION('',(0.,-0.,1.));
#917 = DIRECTION('',(0.722424442391,0.691449871673,0.));
#918 = ORIENTED_EDGE('',*,*,#919,.F.);
#919 = EDGE_CURVE('',#920,#911,#922,.T.);
#920 = VERTEX_POINT('',#921);
#921 = CARTESIAN_POINT('',(7.053149762567,7.368383705182,0.));
#922 = LINE('',#923,#924);
#923 = CARTESIAN_POINT('',(7.053149762567,7.368383705182,0.));
#924 = VECTOR('',#925,1.);
#925 = DIRECTION('',(0.,0.,1.));
#926 = ORIENTED_EDGE('',*,*,#927,.F.);
#927 = EDGE_CURVE('',#882,#920,#928,.T.);
#928 = CIRCLE('',#929,10.200000000005);
#929 = AXIS2_PLACEMENT_3D('',#930,#931,#932);
#930 = CARTESIAN_POINT('',(-5.689846001959E-04,5.446844142054E-04,0.));
#931 = DIRECTION('',(0.,-0.,1.));
#932 = DIRECTION('',(0.722424442391,0.691449871673,0.));
#933 = CYLINDRICAL_SURFACE('',#934,10.200000000005);
#934 = AXIS2_PLACEMENT_3D('',#935,#936,#937);
#935 = CARTESIAN_POINT('',(-5.689846001959E-04,5.446844142054E-04,0.));
#936 = DIRECTION('',(0.,0.,-1.));
#937 = DIRECTION('',(0.722424442391,0.691449871673,0.));
#938 = ADVANCED_FACE('',(#939),#968,.F.);
#939 = FACE_BOUND('',#940,.F.);
#940 = EDGE_LOOP('',(#941,#942,#952,#960));
#941 = ORIENTED_EDGE('',*,*,#919,.T.);
#942 = ORIENTED_EDGE('',*,*,#943,.T.);
#943 = EDGE_CURVE('',#911,#944,#946,.T.);
#944 = VERTEX_POINT('',#945);
#945 = CARTESIAN_POINT('',(5.985232102449,6.801180960614,12.));
#946 = B_SPLINE_CURVE_WITH_KNOTS('',4,(#947,#948,#949,#950,#951),
  .UNSPECIFIED.,.F.,.F.,(5,5),(0.,1.),.PIECEWISE_BEZIER_KNOTS.);
#947 = CARTESIAN_POINT('',(7.053149762567,7.368383705182,12.));
#948 = CARTESIAN_POINT('',(6.561111271964,7.205905376772,12.));
#949 = CARTESIAN_POINT('',(6.230427340985,7.013549782422,12.));
#950 = CARTESIAN_POINT('',(6.051606247189,6.863349599653,12.));
#951 = CARTESIAN_POINT('',(5.985232102449,6.801180960614,12.));
#952 = ORIENTED_EDGE('',*,*,#953,.F.);
#953 = EDGE_CURVE('',#954,#944,#956,.T.);
#954 = VERTEX_POINT('',#955);
#955 = CARTESIAN_POINT('',(5.985232102449,6.801180960614,0.));
#956 = LINE('',#957,#958);
#957 = CARTESIAN_POINT('',(5.985232102449,6.801180960614,0.));
#958 = VECTOR('',#959,1.);
#959 = DIRECTION('',(0.,0.,1.));
#960 = ORIENTED_EDGE('',*,*,#961,.F.);
#961 = EDGE_CURVE('',#920,#954,#962,.T.);
#962 = B_SPLINE_CURVE_WITH_KNOTS('',4,(#963,#964,#965,#966,#967),
  .UNSPECIFIED.,.F.,.F.,(5,5),(0.,1.),.PIECEWISE_BEZIER_KNOTS.);
#963 = CARTESIAN_POINT('',(7.053149762567,7.368383705182,0.));
#964 = CARTESIAN_POINT('',(6.561111271964,7.205905376772,0.));
#965 = CARTESIAN_POINT('',(6.230427340985,7.013549782422,0.));
#966 = CARTESIAN_POINT('',(6.051606247189,6.863349599653,0.));
#967 = CARTESIAN_POINT('',(5.985232102449,6.801180960614,0.));
#968 = SURFACE_OF_LINEAR_EXTRUSION('',#969,#975);
#969 = B_SPLINE_CURVE_WITH_KNOTS('',4,(#970,#971,#972,#973,#974),
  .UNSPECIFIED.,.F.,.F.,(5,5),(0.,1.),.PIECEWISE_BEZIER_KNOTS.);
#970 = CARTESIAN_POINT('',(7.053149762567,7.368383705182,0.));
#971 = CARTESIAN_POINT('',(6.561111271964,7.205905376772,0.));
#972 = CARTESIAN_POINT('',(6.230427340985,7.013549782422,0.));
#973 = CARTESIAN_POINT('',(6.051606247189,6.863349599653,0.));
#974 = CARTESIAN_POINT('',(5.985232102449,6.801180960614,0.));
#975 = VECTOR('',#976,1.);
#976 = DIRECTION('',(-0.,-0.,-1.));
#977 = ADVANCED_FACE('',(#978),#1005,.F.);
#978 = FACE_BOUND('',#979,.F.);
#979 = EDGE_LOOP('',(#980,#981,#990,#998));
#980 = ORIENTED_EDGE('',*,*,#953,.T.);
#981 = ORIENTED_EDGE('',*,*,#982,.T.);
#982 = EDGE_CURVE('',#944,#983,#985,.T.);
#983 = VERTEX_POINT('',#984);
#984 = CARTESIAN_POINT('',(5.678215062035,6.788252625623,12.));
#985 = CIRCLE('',#986,0.228);
#986 = AXIS2_PLACEMENT_3D('',#987,#988,#989);
#987 = CARTESIAN_POINT('',(5.824636274058,6.963023414572,12.));
#988 = DIRECTION('',(0.,-0.,-1.));
#989 = DIRECTION('',(0.704367668384,-0.709835324378,0.));
#990 = ORIENTED_EDGE('',*,*,#991,.F.);
#991 = EDGE_CURVE('',#992,#983,#994,.T.);
#992 = VERTEX_POINT('',#993);
#993 = CARTESIAN_POINT('',(5.678215062035,6.788252625623,0.));
#994 = LINE('',#995,#996);
#995 = CARTESIAN_POINT('',(5.678215062035,6.788252625623,0.));
#996 = VECTOR('',#997,1.);
#997 = DIRECTION('',(0.,0.,1.));
#998 = ORIENTED_EDGE('',*,*,#999,.F.);
#999 = EDGE_CURVE('',#954,#992,#1000,.T.);
#1000 = CIRCLE('',#1001,0.228);
#1001 = AXIS2_PLACEMENT_3D('',#1002,#1003,#1004);
#1002 = CARTESIAN_POINT('',(5.824636274058,6.963023414572,0.));
#1003 = DIRECTION('',(0.,-0.,-1.));
#1004 = DIRECTION('',(0.704367668384,-0.709835324378,0.));
#1005 = CYLINDRICAL_SURFACE('',#1006,0.228);
#1006 = AXIS2_PLACEMENT_3D('',#1007,#1008,#1009);
#1007 = CARTESIAN_POINT('',(5.824636274058,6.963023414572,0.));
#1008 = DIRECTION('',(0.,0.,-1.));
#1009 = DIRECTION('',(0.704367668384,-0.709835324378,0.));
#1010 = ADVANCED_FACE('',(#1011),#1038,.T.);
#1011 = FACE_BOUND('',#1012,.F.);
#1012 = EDGE_LOOP('',(#1013,#1014,#1023,#1031));
#1013 = ORIENTED_EDGE('',*,*,#991,.T.);
#1014 = ORIENTED_EDGE('',*,*,#1015,.T.);
#1015 = EDGE_CURVE('',#983,#1016,#1018,.T.);
#1016 = VERTEX_POINT('',#1017);
#1017 = CARTESIAN_POINT('',(5.550053449941,6.893432142467,12.));
#1018 = CIRCLE('',#1019,8.849999999973);
#1019 = AXIS2_PLACEMENT_3D('',#1020,#1021,#1022);
#1020 = CARTESIAN_POINT('',(1.702238350276E-11,2.072475524528E-11,12.));
#1021 = DIRECTION('',(0.,-0.,1.));
#1022 = DIRECTION('',(0.641606221699,0.767034194986,0.));
#1023 = ORIENTED_EDGE('',*,*,#1024,.F.);
#1024 = EDGE_CURVE('',#1025,#1016,#1027,.T.);
#1025 = VERTEX_POINT('',#1026);
#1026 = CARTESIAN_POINT('',(5.550053449941,6.893432142467,0.));
#1027 = LINE('',#1028,#1029);
#1028 = CARTESIAN_POINT('',(5.550053449941,6.893432142467,0.));
#1029 = VECTOR('',#1030,1.);
#1030 = DIRECTION('',(0.,0.,1.));
#1031 = ORIENTED_EDGE('',*,*,#1032,.F.);
#1032 = EDGE_CURVE('',#992,#1025,#1033,.T.);
#1033 = CIRCLE('',#1034,8.849999999973);
#1034 = AXIS2_PLACEMENT_3D('',#1035,#1036,#1037);
#1035 = CARTESIAN_POINT('',(1.702238350276E-11,2.072475524528E-11,0.));
#1036 = DIRECTION('',(0.,-0.,1.));
#1037 = DIRECTION('',(0.641606221699,0.767034194986,0.));
#1038 = CYLINDRICAL_SURFACE('',#1039,8.849999999973);
#1039 = AXIS2_PLACEMENT_3D('',#1040,#1041,#1042);
#1040 = CARTESIAN_POINT('',(1.702238350276E-11,2.072475524528E-11,0.));
#1041 = DIRECTION('',(0.,0.,-1.));
#1042 = DIRECTION('',(0.641606221699,0.767034194986,0.));
#1043 = ADVANCED_FACE('',(#1044),#1071,.F.);
#1044 = FACE_BOUND('',#1045,.F.);
#1045 = EDGE_LOOP('',(#1046,#1047,#1056,#1064));
#1046 = ORIENTED_EDGE('',*,*,#1024,.T.);
#1047 = ORIENTED_EDGE('',*,*,#1048,.T.);
#1048 = EDGE_CURVE('',#1016,#1049,#1051,.T.);
#1049 = VERTEX_POINT('',#1050);
#1050 = CARTESIAN_POINT('',(5.502830535178,7.197060859861,12.));
#1051 = CIRCLE('',#1052,0.228);
#1052 = AXIS2_PLACEMENT_3D('',#1053,#1054,#1055);
#1053 = CARTESIAN_POINT('',(5.692901152548,7.07113564232,12.));
#1054 = DIRECTION('',(0.,0.,-1.));
#1055 = DIRECTION('',(-0.626525011432,-0.779401315145,-0.));
#1056 = ORIENTED_EDGE('',*,*,#1057,.F.);
#1057 = EDGE_CURVE('',#1058,#1049,#1060,.T.);
#1058 = VERTEX_POINT('',#1059);
#1059 = CARTESIAN_POINT('',(5.502830535178,7.197060859861,0.));
#1060 = LINE('',#1061,#1062);
#1061 = CARTESIAN_POINT('',(5.502830535178,7.197060859861,0.));
#1062 = VECTOR('',#1063,1.);
#1063 = DIRECTION('',(0.,0.,1.));
#1064 = ORIENTED_EDGE('',*,*,#1065,.F.);
#1065 = EDGE_CURVE('',#1025,#1058,#1066,.T.);
#1066 = CIRCLE('',#1067,0.228);
#1067 = AXIS2_PLACEMENT_3D('',#1068,#1069,#1070);
#1068 = CARTESIAN_POINT('',(5.692901152548,7.07113564232,0.));
#1069 = DIRECTION('',(0.,0.,-1.));
#1070 = DIRECTION('',(-0.626525011432,-0.779401315145,-0.));
#1071 = CYLINDRICAL_SURFACE('',#1072,0.228);
#1072 = AXIS2_PLACEMENT_3D('',#1073,#1074,#1075);
#1073 = CARTESIAN_POINT('',(5.692901152548,7.07113564232,0.));
#1074 = DIRECTION('',(0.,0.,-1.));
#1075 = DIRECTION('',(-0.626525011432,-0.779401315145,-0.));
#1076 = ADVANCED_FACE('',(#1077),#1106,.F.);
#1077 = FACE_BOUND('',#1078,.F.);
#1078 = EDGE_LOOP('',(#1079,#1080,#1090,#1098));
#1079 = ORIENTED_EDGE('',*,*,#1057,.T.);
#1080 = ORIENTED_EDGE('',*,*,#1081,.T.);
#1081 = EDGE_CURVE('',#1049,#1082,#1084,.T.);
#1082 = VERTEX_POINT('',#1083);
#1083 = CARTESIAN_POINT('',(5.850546113637,8.355262323463,12.));
#1084 = B_SPLINE_CURVE_WITH_KNOTS('',4,(#1085,#1086,#1087,#1088,#1089),
  .UNSPECIFIED.,.F.,.F.,(5,5),(0.,1.),.PIECEWISE_BEZIER_KNOTS.);
#1085 = CARTESIAN_POINT('',(5.502830535178,7.197060859861,12.));
#1086 = CARTESIAN_POINT('',(5.550862450122,7.274299413545,12.));
#1087 = CARTESIAN_POINT('',(5.663290313723,7.478987112189,12.));
#1088 = CARTESIAN_POINT('',(5.787436614685,7.840843759002,12.));
#1089 = CARTESIAN_POINT('',(5.850546113637,8.355262323463,12.));
#1090 = ORIENTED_EDGE('',*,*,#1091,.F.);
#1091 = EDGE_CURVE('',#1092,#1082,#1094,.T.);
#1092 = VERTEX_POINT('',#1093);
#1093 = CARTESIAN_POINT('',(5.850546113637,8.355262323463,0.));
#1094 = LINE('',#1095,#1096);
#1095 = CARTESIAN_POINT('',(5.850546113637,8.355262323463,0.));
#1096 = VECTOR('',#1097,1.);
#1097 = DIRECTION('',(0.,0.,1.));
#1098 = ORIENTED_EDGE('',*,*,#1099,.F.);
#1099 = EDGE_CURVE('',#1058,#1092,#1100,.T.);
#1100 = B_SPLINE_CURVE_WITH_KNOTS('',4,(#1101,#1102,#1103,#1104,#1105),
  .UNSPECIFIED.,.F.,.F.,(5,5),(0.,1.),.PIECEWISE_BEZIER_KNOTS.);
#1101 = CARTESIAN_POINT('',(5.502830535178,7.197060859861,0.));
#1102 = CARTESIAN_POINT('',(5.550862450122,7.274299413545,0.));
#1103 = CARTESIAN_POINT('',(5.663290313723,7.478987112189,0.));
#1104 = CARTESIAN_POINT('',(5.787436614685,7.840843759002,0.));
#1105 = CARTESIAN_POINT('',(5.850546113637,8.355262323463,0.));
#1106 = SURFACE_OF_LINEAR_EXTRUSION('',#1107,#1113);
#1107 = B_SPLINE_CURVE_WITH_KNOTS('',4,(#1108,#1109,#1110,#1111,#1112),
  .UNSPECIFIED.,.F.,.F.,(5,5),(0.,1.),.PIECEWISE_BEZIER_KNOTS.);
#1108 = CARTESIAN_POINT('',(5.502830535178,7.197060859861,0.));
#1109 = CARTESIAN_POINT('',(5.550862450122,7.274299413545,0.));
#1110 = CARTESIAN_POINT('',(5.663290313723,7.478987112189,0.));
#1111 = CARTESIAN_POINT('',(5.787436614685,7.840843759002,0.));
#1112 = CARTESIAN_POINT('',(5.850546113637,8.355262323463,0.));
#1113 = VECTOR('',#1114,1.);
#1114 = DIRECTION('',(-0.,-0.,-1.));
#1115 = ADVANCED_FACE('',(#1116),#1143,.T.);
#1116 = FACE_BOUND('',#1117,.F.);
#1117 = EDGE_LOOP('',(#1118,#1119,#1128,#1136));
#1118 = ORIENTED_EDGE('',*,*,#1091,.T.);
#1119 = ORIENTED_EDGE('',*,*,#1120,.T.);
#1120 = EDGE_CURVE('',#1082,#1121,#1123,.T.);
#1121 = VERTEX_POINT('',#1122);
#1122 = CARTESIAN_POINT('',(5.480125117823,8.602803536813,12.));
#1123 = CIRCLE('',#1124,10.200000000011);
#1124 = AXIS2_PLACEMENT_3D('',#1125,#1126,#1127);
#1125 = CARTESIAN_POINT('',(-6.643143819001E-04,4.232150618098E-04,12.)
  );
#1126 = DIRECTION('',(0.,-0.,1.));
#1127 = DIRECTION('',(0.573648081178,0.819101873372,0.));
#1128 = ORIENTED_EDGE('',*,*,#1129,.F.);
#1129 = EDGE_CURVE('',#1130,#1121,#1132,.T.);
#1130 = VERTEX_POINT('',#1131);
#1131 = CARTESIAN_POINT('',(5.480125117823,8.602803536813,0.));
#1132 = LINE('',#1133,#1134);
#1133 = CARTESIAN_POINT('',(5.480125117823,8.602803536813,0.));
#1134 = VECTOR('',#1135,1.);
#1135 = DIRECTION('',(0.,0.,1.));
#1136 = ORIENTED_EDGE('',*,*,#1137,.F.);
#1137 = EDGE_CURVE('',#1092,#1130,#1138,.T.);
#1138 = CIRCLE('',#1139,10.200000000011);
#1139 = AXIS2_PLACEMENT_3D('',#1140,#1141,#1142);
#1140 = CARTESIAN_POINT('',(-6.643143819001E-04,4.232150618098E-04,0.));
#1141 = DIRECTION('',(0.,-0.,1.));
#1142 = DIRECTION('',(0.573648081178,0.819101873372,0.));
#1143 = CYLINDRICAL_SURFACE('',#1144,10.200000000011);
#1144 = AXIS2_PLACEMENT_3D('',#1145,#1146,#1147);
#1145 = CARTESIAN_POINT('',(-6.643143819001E-04,4.232150618098E-04,0.));
#1146 = DIRECTION('',(0.,0.,-1.));
#1147 = DIRECTION('',(0.573648081178,0.819101873372,0.));
#1148 = ADVANCED_FACE('',(#1149),#1178,.F.);
#1149 = FACE_BOUND('',#1150,.F.);
#1150 = EDGE_LOOP('',(#1151,#1152,#1162,#1170));
#1151 = ORIENTED_EDGE('',*,*,#1129,.T.);
#1152 = ORIENTED_EDGE('',*,*,#1153,.T.);
#1153 = EDGE_CURVE('',#1121,#1154,#1156,.T.);
#1154 = VERTEX_POINT('',#1155);
#1155 = CARTESIAN_POINT('',(4.543382962183,7.838159033737,12.));
#1156 = B_SPLINE_CURVE_WITH_KNOTS('',4,(#1157,#1158,#1159,#1160,#1161),
  .UNSPECIFIED.,.F.,.F.,(5,5),(0.,1.),.PIECEWISE_BEZIER_KNOTS.);
#1157 = CARTESIAN_POINT('',(5.480125117823,8.602803536813,12.));
#1158 = CARTESIAN_POINT('',(5.029238958258,8.347455236347,12.));
#1159 = CARTESIAN_POINT('',(4.742435741132,8.094282466225,12.));
#1160 = CARTESIAN_POINT('',(4.596353246534,7.91208207308,12.));
#1161 = CARTESIAN_POINT('',(4.543382962183,7.838159033737,12.));
#1162 = ORIENTED_EDGE('',*,*,#1163,.F.);
#1163 = EDGE_CURVE('',#1164,#1154,#1166,.T.);
#1164 = VERTEX_POINT('',#1165);
#1165 = CARTESIAN_POINT('',(4.543382962183,7.838159033737,0.));
#1166 = LINE('',#1167,#1168);
#1167 = CARTESIAN_POINT('',(4.543382962183,7.838159033737,0.));
#1168 = VECTOR('',#1169,1.);
#1169 = DIRECTION('',(0.,0.,1.));
#1170 = ORIENTED_EDGE('',*,*,#1171,.F.);
#1171 = EDGE_CURVE('',#1130,#1164,#1172,.T.);
#1172 = B_SPLINE_CURVE_WITH_KNOTS('',4,(#1173,#1174,#1175,#1176,#1177),
  .UNSPECIFIED.,.F.,.F.,(5,5),(0.,1.),.PIECEWISE_BEZIER_KNOTS.);
#1173 = CARTESIAN_POINT('',(5.480125117823,8.602803536813,0.));
#1174 = CARTESIAN_POINT('',(5.029238958258,8.347455236347,0.));
#1175 = CARTESIAN_POINT('',(4.742435741132,8.094282466225,0.));
#1176 = CARTESIAN_POINT('',(4.596353246534,7.91208207308,0.));
#1177 = CARTESIAN_POINT('',(4.543382962183,7.838159033737,0.));
#1178 = SURFACE_OF_LINEAR_EXTRUSION('',#1179,#1185);
#1179 = B_SPLINE_CURVE_WITH_KNOTS('',4,(#1180,#1181,#1182,#1183,#1184),
  .UNSPECIFIED.,.F.,.F.,(5,5),(0.,1.),.PIECEWISE_BEZIER_KNOTS.);
#1180 = CARTESIAN_POINT('',(5.480125117823,8.602803536813,0.));
#1181 = CARTESIAN_POINT('',(5.029238958258,8.347455236347,0.));
#1182 = CARTESIAN_POINT('',(4.742435741132,8.094282466225,0.));
#1183 = CARTESIAN_POINT('',(4.596353246534,7.91208207308,0.));
#1184 = CARTESIAN_POINT('',(4.543382962183,7.838159033737,0.));
#1185 = VECTOR('',#1186,1.);
#1186 = DIRECTION('',(-0.,-0.,-1.));
#1187 = ADVANCED_FACE('',(#1188),#1215,.F.);
#1188 = FACE_BOUND('',#1189,.F.);
#1189 = EDGE_LOOP('',(#1190,#1191,#1200,#1208));
#1190 = ORIENTED_EDGE('',*,*,#1163,.T.);
#1191 = ORIENTED_EDGE('',*,*,#1192,.T.);
#1192 = EDGE_CURVE('',#1154,#1193,#1195,.T.);
#1193 = VERTEX_POINT('',#1194);
#1194 = CARTESIAN_POINT('',(4.244787361148,7.765583059799,12.));
#1195 = CIRCLE('',#1196,0.228);
#1196 = AXIS2_PLACEMENT_3D('',#1197,#1198,#1199);
#1197 = CARTESIAN_POINT('',(4.354299041144,7.965561038448,12.));
#1198 = DIRECTION('',(0.,-0.,-1.));
#1199 = DIRECTION('',(0.829315443154,-0.558780722418,0.));
#1200 = ORIENTED_EDGE('',*,*,#1201,.F.);
#1201 = EDGE_CURVE('',#1202,#1193,#1204,.T.);
#1202 = VERTEX_POINT('',#1203);
#1203 = CARTESIAN_POINT('',(4.244787361148,7.765583059799,0.));
#1204 = LINE('',#1205,#1206);
#1205 = CARTESIAN_POINT('',(4.244787361148,7.765583059799,0.));
#1206 = VECTOR('',#1207,1.);
#1207 = DIRECTION('',(0.,0.,1.));
#1208 = ORIENTED_EDGE('',*,*,#1209,.F.);
#1209 = EDGE_CURVE('',#1164,#1202,#1210,.T.);
#1210 = CIRCLE('',#1211,0.228);
#1211 = AXIS2_PLACEMENT_3D('',#1212,#1213,#1214);
#1212 = CARTESIAN_POINT('',(4.354299041144,7.965561038448,0.));
#1213 = DIRECTION('',(0.,-0.,-1.));
#1214 = DIRECTION('',(0.829315443154,-0.558780722418,0.));
#1215 = CYLINDRICAL_SURFACE('',#1216,0.228);
#1216 = AXIS2_PLACEMENT_3D('',#1217,#1218,#1219);
#1217 = CARTESIAN_POINT('',(4.354299041144,7.965561038448,0.));
#1218 = DIRECTION('',(0.,0.,-1.));
#1219 = DIRECTION('',(0.829315443154,-0.558780722418,0.));
#1220 = ADVANCED_FACE('',(#1221),#1248,.T.);
#1221 = FACE_BOUND('',#1222,.F.);
#1222 = EDGE_LOOP('',(#1223,#1224,#1233,#1241));
#1223 = ORIENTED_EDGE('',*,*,#1201,.T.);
#1224 = ORIENTED_EDGE('',*,*,#1225,.T.);
#1225 = EDGE_CURVE('',#1193,#1226,#1228,.T.);
#1226 = VERTEX_POINT('',#1227);
#1227 = CARTESIAN_POINT('',(4.098568832683,7.843738491546,12.));
#1228 = CIRCLE('',#1229,8.850000000024);
#1229 = AXIS2_PLACEMENT_3D('',#1230,#1231,#1232);
#1230 = CARTESIAN_POINT('',(-1.151567730062E-11,-2.15281126259E-11,12.)
  );
#1231 = DIRECTION('',(0.,-0.,1.));
#1232 = DIRECTION('',(0.47963698996,0.877467012407,0.));
#1233 = ORIENTED_EDGE('',*,*,#1234,.F.);
#1234 = EDGE_CURVE('',#1235,#1226,#1237,.T.);
#1235 = VERTEX_POINT('',#1236);
#1236 = CARTESIAN_POINT('',(4.098568832683,7.843738491546,0.));
#1237 = LINE('',#1238,#1239);
#1238 = CARTESIAN_POINT('',(4.098568832683,7.843738491546,0.));
#1239 = VECTOR('',#1240,1.);
#1240 = DIRECTION('',(0.,0.,1.));
#1241 = ORIENTED_EDGE('',*,*,#1242,.F.);
#1242 = EDGE_CURVE('',#1202,#1235,#1243,.T.);
#1243 = CIRCLE('',#1244,8.850000000024);
#1244 = AXIS2_PLACEMENT_3D('',#1245,#1246,#1247);
#1245 = CARTESIAN_POINT('',(-1.151567730062E-11,-2.15281126259E-11,0.));
#1246 = DIRECTION('',(0.,-0.,1.));
#1247 = DIRECTION('',(0.47963698996,0.877467012407,0.));
#1248 = CYLINDRICAL_SURFACE('',#1249,8.850000000024);
#1249 = AXIS2_PLACEMENT_3D('',#1250,#1251,#1252);
#1250 = CARTESIAN_POINT('',(-1.151567730062E-11,-2.15281126259E-11,0.));
#1251 = DIRECTION('',(0.,0.,-1.));
#1252 = DIRECTION('',(0.47963698996,0.877467012407,0.));
#1253 = ADVANCED_FACE('',(#1254),#1281,.F.);
#1254 = FACE_BOUND('',#1255,.F.);
#1255 = EDGE_LOOP('',(#1256,#1257,#1266,#1274));
#1256 = ORIENTED_EDGE('',*,*,#1234,.T.);
#1257 = ORIENTED_EDGE('',*,*,#1258,.T.);
#1258 = EDGE_CURVE('',#1226,#1259,#1261,.T.);
#1259 = VERTEX_POINT('',#1260);
#1260 = CARTESIAN_POINT('',(3.993018268736,8.132320334626,12.));
#1261 = CIRCLE('',#1262,0.228);
#1262 = AXIS2_PLACEMENT_3D('',#1263,#1264,#1265);
#1263 = CARTESIAN_POINT('',(4.204003523729,8.045895672779,12.));
#1264 = DIRECTION('',(0.,0.,-1.));
#1265 = DIRECTION('',(-0.462432855466,-0.886654303653,-0.));
#1266 = ORIENTED_EDGE('',*,*,#1267,.F.);
#1267 = EDGE_CURVE('',#1268,#1259,#1270,.T.);
#1268 = VERTEX_POINT('',#1269);
#1269 = CARTESIAN_POINT('',(3.993018268736,8.132320334626,0.));
#1270 = LINE('',#1271,#1272);
#1271 = CARTESIAN_POINT('',(3.993018268736,8.132320334626,0.));
#1272 = VECTOR('',#1273,1.);
#1273 = DIRECTION('',(0.,0.,1.));
#1274 = ORIENTED_EDGE('',*,*,#1275,.F.);
#1275 = EDGE_CURVE('',#1235,#1268,#1276,.T.);
#1276 = CIRCLE('',#1277,0.228);
#1277 = AXIS2_PLACEMENT_3D('',#1278,#1279,#1280);
#1278 = CARTESIAN_POINT('',(4.204003523729,8.045895672779,0.));
#1279 = DIRECTION('',(0.,0.,-1.));
#1280 = DIRECTION('',(-0.462432855466,-0.886654303653,-0.));
#1281 = CYLINDRICAL_SURFACE('',#1282,0.228);
#1282 = AXIS2_PLACEMENT_3D('',#1283,#1284,#1285);
#1283 = CARTESIAN_POINT('',(4.204003523729,8.045895672779,0.));
#1284 = DIRECTION('',(0.,0.,-1.));
#1285 = DIRECTION('',(-0.462432855466,-0.886654303653,-0.));
#1286 = ADVANCED_FACE('',(#1287),#1316,.F.);
#1287 = FACE_BOUND('',#1288,.F.);
#1288 = EDGE_LOOP('',(#1289,#1290,#1300,#1308));
#1289 = ORIENTED_EDGE('',*,*,#1267,.T.);
#1290 = ORIENTED_EDGE('',*,*,#1291,.T.);
#1291 = EDGE_CURVE('',#1259,#1292,#1294,.T.);
#1292 = VERTEX_POINT('',#1293);
#1293 = CARTESIAN_POINT('',(4.108098693362,9.33610322604,12.));
#1294 = B_SPLINE_CURVE_WITH_KNOTS('',4,(#1295,#1296,#1297,#1298,#1299),
  .UNSPECIFIED.,.F.,.F.,(5,5),(0.,1.),.PIECEWISE_BEZIER_KNOTS.);
#1295 = CARTESIAN_POINT('',(3.993018268736,8.132320334626,12.));
#1296 = CARTESIAN_POINT('',(4.025058769593,8.217445332912,12.));
#1297 = CARTESIAN_POINT('',(4.095393774279,8.440133602936,12.));
#1298 = CARTESIAN_POINT('',(4.146559909128,8.819257017577,12.));
#1299 = CARTESIAN_POINT('',(4.108098693362,9.33610322604,12.));
#1300 = ORIENTED_EDGE('',*,*,#1301,.F.);
#1301 = EDGE_CURVE('',#1302,#1292,#1304,.T.);
#1302 = VERTEX_POINT('',#1303);
#1303 = CARTESIAN_POINT('',(4.108098693362,9.33610322604,0.));
#1304 = LINE('',#1305,#1306);
#1305 = CARTESIAN_POINT('',(4.108098693362,9.33610322604,0.));
#1306 = VECTOR('',#1307,1.);
#1307 = DIRECTION('',(0.,0.,1.));
#1308 = ORIENTED_EDGE('',*,*,#1309,.F.);
#1309 = EDGE_CURVE('',#1268,#1302,#1310,.T.);
#1310 = B_SPLINE_CURVE_WITH_KNOTS('',4,(#1311,#1312,#1313,#1314,#1315),
  .UNSPECIFIED.,.F.,.F.,(5,5),(0.,1.),.PIECEWISE_BEZIER_KNOTS.);
#1311 = CARTESIAN_POINT('',(3.993018268736,8.132320334626,0.));
#1312 = CARTESIAN_POINT('',(4.025058769593,8.217445332912,0.));
#1313 = CARTESIAN_POINT('',(4.095393774279,8.440133602936,0.));
#1314 = CARTESIAN_POINT('',(4.146559909128,8.819257017577,0.));
#1315 = CARTESIAN_POINT('',(4.108098693362,9.33610322604,0.));
#1316 = SURFACE_OF_LINEAR_EXTRUSION('',#1317,#1323);
#1317 = B_SPLINE_CURVE_WITH_KNOTS('',4,(#1318,#1319,#1320,#1321,#1322),
  .UNSPECIFIED.,.F.,.F.,(5,5),(0.,1.),.PIECEWISE_BEZIER_KNOTS.);
#1318 = CARTESIAN_POINT('',(3.993018268736,8.132320334626,0.));
#1319 = CARTESIAN_POINT('',(4.025058769593,8.217445332912,0.));
#1320 = CARTESIAN_POINT('',(4.095393774279,8.440133602936,0.));
#1321 = CARTESIAN_POINT('',(4.146559909128,8.819257017577,0.));
#1322 = CARTESIAN_POINT('',(4.108098693362,9.33610322604,0.));
#1323 = VECTOR('',#1324,1.);
#1324 = DIRECTION('',(-0.,-0.,-1.));
#1325 = ADVANCED_FACE('',(#1326),#1353,.T.);
#1326 = FACE_BOUND('',#1327,.F.);
#1327 = EDGE_LOOP('',(#1328,#1329,#1338,#1346));
#1328 = ORIENTED_EDGE('',*,*,#1301,.T.);
#1329 = ORIENTED_EDGE('',*,*,#1330,.T.);
#1330 = EDGE_CURVE('',#1292,#1331,#1333,.T.);
#1331 = VERTEX_POINT('',#1332);
#1332 = CARTESIAN_POINT('',(3.69650233809,9.506622453032,12.));
#1333 = CIRCLE('',#1334,10.200000000001);
#1334 = AXIS2_PLACEMENT_3D('',#1335,#1336,#1337);
#1335 = CARTESIAN_POINT('',(-7.341149260314E-04,2.85481805939E-04,12.));
#1336 = DIRECTION('',(0.,-0.,1.));
#1337 = DIRECTION('',(0.402826745911,0.915276249435,0.));
#1338 = ORIENTED_EDGE('',*,*,#1339,.F.);
#1339 = EDGE_CURVE('',#1340,#1331,#1342,.T.);
#1340 = VERTEX_POINT('',#1341);
#1341 = CARTESIAN_POINT('',(3.69650233809,9.506622453032,0.));
#1342 = LINE('',#1343,#1344);
#1343 = CARTESIAN_POINT('',(3.69650233809,9.506622453032,0.));
#1344 = VECTOR('',#1345,1.);
#1345 = DIRECTION('',(0.,0.,1.));
#1346 = ORIENTED_EDGE('',*,*,#1347,.F.);
#1347 = EDGE_CURVE('',#1302,#1340,#1348,.T.);
#1348 = CIRCLE('',#1349,10.200000000001);
#1349 = AXIS2_PLACEMENT_3D('',#1350,#1351,#1352);
#1350 = CARTESIAN_POINT('',(-7.341149260314E-04,2.85481805939E-04,0.));
#1351 = DIRECTION('',(0.,-0.,1.));
#1352 = DIRECTION('',(0.402826745911,0.915276249435,0.));
#1353 = CYLINDRICAL_SURFACE('',#1354,10.200000000001);
#1354 = AXIS2_PLACEMENT_3D('',#1355,#1356,#1357);
#1355 = CARTESIAN_POINT('',(-7.341149260314E-04,2.85481805939E-04,0.));
#1356 = DIRECTION('',(0.,0.,-1.));
#1357 = DIRECTION('',(0.402826745911,0.915276249435,0.));
#1358 = ADVANCED_FACE('',(#1359),#1388,.F.);
#1359 = FACE_BOUND('',#1360,.F.);
#1360 = EDGE_LOOP('',(#1361,#1362,#1372,#1380));
#1361 = ORIENTED_EDGE('',*,*,#1339,.T.);
#1362 = ORIENTED_EDGE('',*,*,#1363,.T.);
#1363 = EDGE_CURVE('',#1331,#1364,#1366,.T.);
#1364 = VERTEX_POINT('',#1365);
#1365 = CARTESIAN_POINT('',(2.926934162638,8.573921050883,12.));
#1366 = B_SPLINE_CURVE_WITH_KNOTS('',4,(#1367,#1368,#1369,#1370,#1371),
  .UNSPECIFIED.,.F.,.F.,(5,5),(0.,1.),.PIECEWISE_BEZIER_KNOTS.);
#1367 = CARTESIAN_POINT('',(3.69650233809,9.506622453032,12.));
#1368 = CARTESIAN_POINT('',(3.304095811815,9.168217072497,12.));
#1369 = CARTESIAN_POINT('',(3.072194995335,8.863956414178,12.));
#1370 = CARTESIAN_POINT('',(2.964464968279,8.656757669585,12.));
#1371 = CARTESIAN_POINT('',(2.926934162638,8.573921050883,12.));
#1372 = ORIENTED_EDGE('',*,*,#1373,.F.);
#1373 = EDGE_CURVE('',#1374,#1364,#1376,.T.);
#1374 = VERTEX_POINT('',#1375);
#1375 = CARTESIAN_POINT('',(2.926934162638,8.573921050883,0.));
#1376 = LINE('',#1377,#1378);
#1377 = CARTESIAN_POINT('',(2.926934162638,8.573921050883,0.));
#1378 = VECTOR('',#1379,1.);
#1379 = DIRECTION('',(0.,0.,1.));
#1380 = ORIENTED_EDGE('',*,*,#1381,.F.);
#1381 = EDGE_CURVE('',#1340,#1374,#1382,.T.);
#1382 = B_SPLINE_CURVE_WITH_KNOTS('',4,(#1383,#1384,#1385,#1386,#1387),
  .UNSPECIFIED.,.F.,.F.,(5,5),(0.,1.),.PIECEWISE_BEZIER_KNOTS.);
#1383 = CARTESIAN_POINT('',(3.69650233809,9.506622453032,0.));
#1384 = CARTESIAN_POINT('',(3.304095811815,9.168217072497,0.));
#1385 = CARTESIAN_POINT('',(3.072194995335,8.863956414178,0.));
#1386 = CARTESIAN_POINT('',(2.964464968279,8.656757669585,0.));
#1387 = CARTESIAN_POINT('',(2.926934162638,8.573921050883,0.));
#1388 = SURFACE_OF_LINEAR_EXTRUSION('',#1389,#1395);
#1389 = B_SPLINE_CURVE_WITH_KNOTS('',4,(#1390,#1391,#1392,#1393,#1394),
  .UNSPECIFIED.,.F.,.F.,(5,5),(0.,1.),.PIECEWISE_BEZIER_KNOTS.);
#1390 = CARTESIAN_POINT('',(3.69650233809,9.506622453032,0.));
#1391 = CARTESIAN_POINT('',(3.304095811815,9.168217072497,0.));
#1392 = CARTESIAN_POINT('',(3.072194995335,8.863956414178,0.));
#1393 = CARTESIAN_POINT('',(2.964464968279,8.656757669585,0.));
#1394 = CARTESIAN_POINT('',(2.926934162638,8.573921050883,0.));
#1395 = VECTOR('',#1396,1.);
#1396 = DIRECTION('',(-0.,-0.,-1.));
#1397 = ADVANCED_FACE('',(#1398),#1425,.F.);
#1398 = FACE_BOUND('',#1399,.F.);
#1399 = EDGE_LOOP('',(#1400,#1401,#1410,#1418));
#1400 = ORIENTED_EDGE('',*,*,#1373,.T.);
#1401 = ORIENTED_EDGE('',*,*,#1402,.T.);
#1402 = EDGE_CURVE('',#1364,#1403,#1405,.T.);
#1403 = VERTEX_POINT('',#1404);
#1404 = CARTESIAN_POINT('',(2.648234862476,8.444486491976,12.));
#1405 = CIRCLE('',#1406,0.228);
#1406 = AXIS2_PLACEMENT_3D('',#1407,#1408,#1409);
#1407 = CARTESIAN_POINT('',(2.716628537998,8.661986618755,12.));
#1408 = DIRECTION('',(0.,0.,-1.));
#1409 = DIRECTION('',(0.92239309053,-0.386252490663,0.));
#1410 = ORIENTED_EDGE('',*,*,#1411,.F.);
#1411 = EDGE_CURVE('',#1412,#1403,#1414,.T.);
#1412 = VERTEX_POINT('',#1413);
#1413 = CARTESIAN_POINT('',(2.648234862476,8.444486491976,0.));
#1414 = LINE('',#1415,#1416);
#1415 = CARTESIAN_POINT('',(2.648234862476,8.444486491976,0.));
#1416 = VECTOR('',#1417,1.);
#1417 = DIRECTION('',(0.,0.,1.));
#1418 = ORIENTED_EDGE('',*,*,#1419,.F.);
#1419 = EDGE_CURVE('',#1374,#1412,#1420,.T.);
#1420 = CIRCLE('',#1421,0.228);
#1421 = AXIS2_PLACEMENT_3D('',#1422,#1423,#1424);
#1422 = CARTESIAN_POINT('',(2.716628537998,8.661986618755,0.));
#1423 = DIRECTION('',(0.,0.,-1.));
#1424 = DIRECTION('',(0.92239309053,-0.386252490663,0.));
#1425 = CYLINDRICAL_SURFACE('',#1426,0.228);
#1426 = AXIS2_PLACEMENT_3D('',#1427,#1428,#1429);
#1427 = CARTESIAN_POINT('',(2.716628537998,8.661986618755,0.));
#1428 = DIRECTION('',(0.,0.,-1.));
#1429 = DIRECTION('',(0.92239309053,-0.386252490663,0.));
#1430 = ADVANCED_FACE('',(#1431),#1458,.T.);
#1431 = FACE_BOUND('',#1432,.F.);
#1432 = EDGE_LOOP('',(#1433,#1434,#1443,#1451));
#1433 = ORIENTED_EDGE('',*,*,#1411,.T.);
#1434 = ORIENTED_EDGE('',*,*,#1435,.T.);
#1435 = EDGE_CURVE('',#1403,#1436,#1438,.T.);
#1436 = VERTEX_POINT('',#1437);
#1437 = CARTESIAN_POINT('',(2.489578513689,8.492614369214,12.));
#1438 = CIRCLE('',#1439,8.849999999956);
#1439 = AXIS2_PLACEMENT_3D('',#1440,#1441,#1442);
#1440 = CARTESIAN_POINT('',(1.29485311362E-11,4.22986090598E-11,12.));
#1441 = DIRECTION('',(0.,-0.,1.));
#1442 = DIRECTION('',(0.299235577681,0.95417926463,0.));
#1443 = ORIENTED_EDGE('',*,*,#1444,.F.);
#1444 = EDGE_CURVE('',#1445,#1436,#1447,.T.);
#1445 = VERTEX_POINT('',#1446);
#1446 = CARTESIAN_POINT('',(2.489578513689,8.492614369214,0.));
#1447 = LINE('',#1448,#1449);
#1448 = CARTESIAN_POINT('',(2.489578513689,8.492614369214,0.));
#1449 = VECTOR('',#1450,1.);
#1450 = DIRECTION('',(0.,0.,1.));
#1451 = ORIENTED_EDGE('',*,*,#1452,.F.);
#1452 = EDGE_CURVE('',#1412,#1445,#1453,.T.);
#1453 = CIRCLE('',#1454,8.849999999956);
#1454 = AXIS2_PLACEMENT_3D('',#1455,#1456,#1457);
#1455 = CARTESIAN_POINT('',(1.29485311362E-11,4.22986090598E-11,0.));
#1456 = DIRECTION('',(0.,-0.,1.));
#1457 = DIRECTION('',(0.299235577681,0.95417926463,0.));
#1458 = CYLINDRICAL_SURFACE('',#1459,8.849999999956);
#1459 = AXIS2_PLACEMENT_3D('',#1460,#1461,#1462);
#1460 = CARTESIAN_POINT('',(1.29485311362E-11,4.22986090598E-11,0.));
#1461 = DIRECTION('',(0.,0.,-1.));
#1462 = DIRECTION('',(0.299235577681,0.95417926463,0.));
#1463 = ADVANCED_FACE('',(#1464),#1491,.F.);
#1464 = FACE_BOUND('',#1465,.F.);
#1465 = EDGE_LOOP('',(#1466,#1467,#1476,#1484));
#1466 = ORIENTED_EDGE('',*,*,#1444,.T.);
#1467 = ORIENTED_EDGE('',*,*,#1468,.T.);
#1468 = EDGE_CURVE('',#1436,#1469,#1471,.T.);
#1469 = VERTEX_POINT('',#1470);
#1470 = CARTESIAN_POINT('',(2.329756549537,8.755059299589,12.));
#1471 = CIRCLE('',#1472,0.228);
#1472 = AXIS2_PLACEMENT_3D('',#1473,#1474,#1475);
#1473 = CARTESIAN_POINT('',(2.553548397126,8.711456444723,12.));
#1474 = DIRECTION('',(0.,0.,-1.));
#1475 = DIRECTION('',(-0.280569664199,-0.959833664512,-0.));
#1476 = ORIENTED_EDGE('',*,*,#1477,.F.);
#1477 = EDGE_CURVE('',#1478,#1469,#1480,.T.);
#1478 = VERTEX_POINT('',#1479);
#1479 = CARTESIAN_POINT('',(2.329756549537,8.755059299589,0.));
#1480 = LINE('',#1481,#1482);
#1481 = CARTESIAN_POINT('',(2.329756549537,8.755059299589,0.));
#1482 = VECTOR('',#1483,1.);
#1483 = DIRECTION('',(0.,0.,1.));
#1484 = ORIENTED_EDGE('',*,*,#1485,.F.);
#1485 = EDGE_CURVE('',#1445,#1478,#1486,.T.);
#1486 = CIRCLE('',#1487,0.228);
#1487 = AXIS2_PLACEMENT_3D('',#1488,#1489,#1490);
#1488 = CARTESIAN_POINT('',(2.553548397126,8.711456444723,0.));
#1489 = DIRECTION('',(0.,0.,-1.));
#1490 = DIRECTION('',(-0.280569664199,-0.959833664512,-0.));
#1491 = CYLINDRICAL_SURFACE('',#1492,0.228);
#1492 = AXIS2_PLACEMENT_3D('',#1493,#1494,#1495);
#1493 = CARTESIAN_POINT('',(2.553548397126,8.711456444723,0.));
#1494 = DIRECTION('',(0.,0.,-1.));
#1495 = DIRECTION('',(-0.280569664199,-0.959833664512,-0.));
#1496 = ADVANCED_FACE('',(#1497),#1526,.F.);
#1497 = FACE_BOUND('',#1498,.F.);
#1498 = EDGE_LOOP('',(#1499,#1500,#1510,#1518));
#1499 = ORIENTED_EDGE('',*,*,#1477,.T.);
#1500 = ORIENTED_EDGE('',*,*,#1501,.T.);
#1501 = EDGE_CURVE('',#1469,#1502,#1504,.T.);
#1502 = VERTEX_POINT('',#1503);
#1503 = CARTESIAN_POINT('',(2.207779344149,9.958162917387,12.));
#1504 = B_SPLINE_CURVE_WITH_KNOTS('',4,(#1505,#1506,#1507,#1508,#1509),
  .UNSPECIFIED.,.F.,.F.,(5,5),(0.,1.),.PIECEWISE_BEZIER_KNOTS.);
#1505 = CARTESIAN_POINT('',(2.329756549537,8.755059299589,12.));
#1506 = CARTESIAN_POINT('',(2.344574337826,8.844799436532,12.));
#1507 = CARTESIAN_POINT('',(2.370113548812,9.076930492603,12.));
#1508 = CARTESIAN_POINT('',(2.346333231681,9.458751174864,12.));
#1509 = CARTESIAN_POINT('',(2.207779344149,9.958162917387,12.));
#1510 = ORIENTED_EDGE('',*,*,#1511,.F.);
#1511 = EDGE_CURVE('',#1512,#1502,#1514,.T.);
#1512 = VERTEX_POINT('',#1513);
#1513 = CARTESIAN_POINT('',(2.207779344149,9.958162917387,0.));
#1514 = LINE('',#1515,#1516);
#1515 = CARTESIAN_POINT('',(2.207779344149,9.958162917387,0.));
#1516 = VECTOR('',#1517,1.);
#1517 = DIRECTION('',(0.,0.,1.));
#1518 = ORIENTED_EDGE('',*,*,#1519,.F.);
#1519 = EDGE_CURVE('',#1478,#1512,#1520,.T.);
#1520 = B_SPLINE_CURVE_WITH_KNOTS('',4,(#1521,#1522,#1523,#1524,#1525),
  .UNSPECIFIED.,.F.,.F.,(5,5),(0.,1.),.PIECEWISE_BEZIER_KNOTS.);
#1521 = CARTESIAN_POINT('',(2.329756549537,8.755059299589,0.));
#1522 = CARTESIAN_POINT('',(2.344574337826,8.844799436532,0.));
#1523 = CARTESIAN_POINT('',(2.370113548812,9.076930492603,0.));
#1524 = CARTESIAN_POINT('',(2.346333231681,9.458751174864,0.));
#1525 = CARTESIAN_POINT('',(2.207779344149,9.958162917387,0.));
#1526 = SURFACE_OF_LINEAR_EXTRUSION('',#1527,#1533);
#1527 = B_SPLINE_CURVE_WITH_KNOTS('',4,(#1528,#1529,#1530,#1531,#1532),
  .UNSPECIFIED.,.F.,.F.,(5,5),(0.,1.),.PIECEWISE_BEZIER_KNOTS.);
#1528 = CARTESIAN_POINT('',(2.329756549537,8.755059299589,0.));
#1529 = CARTESIAN_POINT('',(2.344574337826,8.844799436532,0.));
#1530 = CARTESIAN_POINT('',(2.370113548812,9.076930492603,0.));
#1531 = CARTESIAN_POINT('',(2.346333231681,9.458751174864,0.));
#1532 = CARTESIAN_POINT('',(2.207779344149,9.958162917387,0.));
#1533 = VECTOR('',#1534,1.);
#1534 = DIRECTION('',(-0.,-0.,-1.));
#1535 = ADVANCED_FACE('',(#1536),#1563,.T.);
#1536 = FACE_BOUND('',#1537,.F.);
#1537 = EDGE_LOOP('',(#1538,#1539,#1548,#1556));
#1538 = ORIENTED_EDGE('',*,*,#1511,.T.);
#1539 = ORIENTED_EDGE('',*,*,#1540,.T.);
#1540 = EDGE_CURVE('',#1502,#1541,#1543,.T.);
#1541 = VERTEX_POINT('',#1542);
#1542 = CARTESIAN_POINT('',(1.770825046527,10.045107199756,12.));
#1543 = CIRCLE('',#1544,10.200000000006);
#1544 = AXIS2_PLACEMENT_3D('',#1545,#1546,#1547);
#1545 = CARTESIAN_POINT('',(-7.757038521644E-04,1.367776302503E-04,12.)
  );
#1546 = DIRECTION('',(0.,-0.,1.));
#1547 = DIRECTION('',(0.216525004706,0.976277072525,0.));
#1548 = ORIENTED_EDGE('',*,*,#1549,.F.);
#1549 = EDGE_CURVE('',#1550,#1541,#1552,.T.);
#1550 = VERTEX_POINT('',#1551);
#1551 = CARTESIAN_POINT('',(1.770825046527,10.045107199756,0.));
#1552 = LINE('',#1553,#1554);
#1553 = CARTESIAN_POINT('',(1.770825046527,10.045107199756,0.));
#1554 = VECTOR('',#1555,1.);
#1555 = DIRECTION('',(0.,0.,1.));
#1556 = ORIENTED_EDGE('',*,*,#1557,.F.);
#1557 = EDGE_CURVE('',#1512,#1550,#1558,.T.);
#1558 = CIRCLE('',#1559,10.200000000006);
#1559 = AXIS2_PLACEMENT_3D('',#1560,#1561,#1562);
#1560 = CARTESIAN_POINT('',(-7.757038521644E-04,1.367776302503E-04,0.));
#1561 = DIRECTION('',(0.,-0.,1.));
#1562 = DIRECTION('',(0.216525004706,0.976277072525,0.));
#1563 = CYLINDRICAL_SURFACE('',#1564,10.200000000006);
#1564 = AXIS2_PLACEMENT_3D('',#1565,#1566,#1567);
#1565 = CARTESIAN_POINT('',(-7.757038521644E-04,1.367776302503E-04,0.));
#1566 = DIRECTION('',(0.,0.,-1.));
#1567 = DIRECTION('',(0.216525004706,0.976277072525,0.));
#1568 = ADVANCED_FACE('',(#1569),#1598,.F.);
#1569 = FACE_BOUND('',#1570,.F.);
#1570 = EDGE_LOOP('',(#1571,#1572,#1582,#1590));
#1571 = ORIENTED_EDGE('',*,*,#1549,.T.);
#1572 = ORIENTED_EDGE('',*,*,#1573,.T.);
#1573 = EDGE_CURVE('',#1541,#1574,#1576,.T.);
#1574 = VERTEX_POINT('',#1575);
#1575 = CARTESIAN_POINT('',(1.198004924667,8.980192090355,12.));
#1576 = B_SPLINE_CURVE_WITH_KNOTS('',4,(#1577,#1578,#1579,#1580,#1581),
  .UNSPECIFIED.,.F.,.F.,(5,5),(0.,1.),.PIECEWISE_BEZIER_KNOTS.);
#1577 = CARTESIAN_POINT('',(1.770825046527,10.045107199756,12.));
#1578 = CARTESIAN_POINT('',(1.451978116283,9.636649468146,12.));
#1579 = CARTESIAN_POINT('',(1.283891518774,9.292993488098,12.));
#1580 = CARTESIAN_POINT('',(1.218653963784,9.068758923614,12.));
#1581 = CARTESIAN_POINT('',(1.198004924667,8.980192090355,12.));
#1582 = ORIENTED_EDGE('',*,*,#1583,.F.);
#1583 = EDGE_CURVE('',#1584,#1574,#1586,.T.);
#1584 = VERTEX_POINT('',#1585);
#1585 = CARTESIAN_POINT('',(1.198004924667,8.980192090355,0.));
#1586 = LINE('',#1587,#1588);
#1587 = CARTESIAN_POINT('',(1.198004924667,8.980192090355,0.));
#1588 = VECTOR('',#1589,1.);
#1589 = DIRECTION('',(0.,0.,1.));
#1590 = ORIENTED_EDGE('',*,*,#1591,.F.);
#1591 = EDGE_CURVE('',#1550,#1584,#1592,.T.);
#1592 = B_SPLINE_CURVE_WITH_KNOTS('',4,(#1593,#1594,#1595,#1596,#1597),
  .UNSPECIFIED.,.F.,.F.,(5,5),(0.,1.),.PIECEWISE_BEZIER_KNOTS.);
#1593 = CARTESIAN_POINT('',(1.770825046527,10.045107199756,0.));
#1594 = CARTESIAN_POINT('',(1.451978116283,9.636649468146,0.));
#1595 = CARTESIAN_POINT('',(1.283891518774,9.292993488098,0.));
#1596 = CARTESIAN_POINT('',(1.218653963784,9.068758923614,0.));
#1597 = CARTESIAN_POINT('',(1.198004924667,8.980192090355,0.));
#1598 = SURFACE_OF_LINEAR_EXTRUSION('',#1599,#1605);
#1599 = B_SPLINE_CURVE_WITH_KNOTS('',4,(#1600,#1601,#1602,#1603,#1604),
  .UNSPECIFIED.,.F.,.F.,(5,5),(0.,1.),.PIECEWISE_BEZIER_KNOTS.);
#1600 = CARTESIAN_POINT('',(1.770825046527,10.045107199756,0.));
#1601 = CARTESIAN_POINT('',(1.451978116283,9.636649468146,0.));
#1602 = CARTESIAN_POINT('',(1.283891518774,9.292993488098,0.));
#1603 = CARTESIAN_POINT('',(1.218653963784,9.068758923614,0.));
#1604 = CARTESIAN_POINT('',(1.198004924667,8.980192090355,0.));
#1605 = VECTOR('',#1606,1.);
#1606 = DIRECTION('',(-0.,-0.,-1.));
#1607 = ADVANCED_FACE('',(#1608),#1635,.F.);
#1608 = FACE_BOUND('',#1609,.F.);
#1609 = EDGE_LOOP('',(#1610,#1611,#1620,#1628));
#1610 = ORIENTED_EDGE('',*,*,#1583,.T.);
#1611 = ORIENTED_EDGE('',*,*,#1612,.T.);
#1612 = EDGE_CURVE('',#1574,#1613,#1615,.T.);
#1613 = VERTEX_POINT('',#1614);
#1614 = CARTESIAN_POINT('',(0.949912183187,8.798873043989,12.));
#1615 = CIRCLE('',#1616,0.228);
#1616 = AXIS2_PLACEMENT_3D('',#1617,#1618,#1619);
#1617 = CARTESIAN_POINT('',(0.974559523639,9.025536911,12.));
#1618 = DIRECTION('',(0.,0.,-1.));
#1619 = DIRECTION('',(0.98002368872,-0.198880792304,0.));
#1620 = ORIENTED_EDGE('',*,*,#1621,.F.);
#1621 = EDGE_CURVE('',#1622,#1613,#1624,.T.);
#1622 = VERTEX_POINT('',#1623);
#1623 = CARTESIAN_POINT('',(0.949912183187,8.798873043989,0.));
#1624 = LINE('',#1625,#1626);
#1625 = CARTESIAN_POINT('',(0.949912183187,8.798873043989,0.));
#1626 = VECTOR('',#1627,1.);
#1627 = DIRECTION('',(0.,0.,1.));
#1628 = ORIENTED_EDGE('',*,*,#1629,.F.);
#1629 = EDGE_CURVE('',#1584,#1622,#1630,.T.);
#1630 = CIRCLE('',#1631,0.228);
#1631 = AXIS2_PLACEMENT_3D('',#1632,#1633,#1634);
#1632 = CARTESIAN_POINT('',(0.974559523639,9.025536911,0.));
#1633 = DIRECTION('',(0.,0.,-1.));
#1634 = DIRECTION('',(0.98002368872,-0.198880792304,0.));
#1635 = CYLINDRICAL_SURFACE('',#1636,0.228);
#1636 = AXIS2_PLACEMENT_3D('',#1637,#1638,#1639);
#1637 = CARTESIAN_POINT('',(0.974559523639,9.025536911,0.));
#1638 = DIRECTION('',(0.,0.,-1.));
#1639 = DIRECTION('',(0.98002368872,-0.198880792304,0.));
#1640 = ADVANCED_FACE('',(#1641),#1668,.T.);
#1641 = FACE_BOUND('',#1642,.F.);
#1642 = EDGE_LOOP('',(#1643,#1644,#1653,#1661));
#1643 = ORIENTED_EDGE('',*,*,#1621,.T.);
#1644 = ORIENTED_EDGE('',*,*,#1645,.T.);
#1645 = EDGE_CURVE('',#1613,#1646,#1648,.T.);
#1646 = VERTEX_POINT('',#1647);
#1647 = CARTESIAN_POINT('',(0.784915088586,8.815123839386,12.));
#1648 = CIRCLE('',#1649,8.850000000018);
#1649 = AXIS2_PLACEMENT_3D('',#1650,#1651,#1652);
#1650 = CARTESIAN_POINT('',(-1.785183112446E-12,-1.793587500742E-11,12.)
  );
#1651 = DIRECTION('',(0.,-0.,1.));
#1652 = DIRECTION('',(0.107334709965,0.994222942824,0.));
#1653 = ORIENTED_EDGE('',*,*,#1654,.F.);
#1654 = EDGE_CURVE('',#1655,#1646,#1657,.T.);
#1655 = VERTEX_POINT('',#1656);
#1656 = CARTESIAN_POINT('',(0.784915088586,8.815123839386,0.));
#1657 = LINE('',#1658,#1659);
#1658 = CARTESIAN_POINT('',(0.784915088586,8.815123839386,0.));
#1659 = VECTOR('',#1660,1.);
#1660 = DIRECTION('',(0.,0.,1.));
#1661 = ORIENTED_EDGE('',*,*,#1662,.F.);
#1662 = EDGE_CURVE('',#1622,#1655,#1663,.T.);
#1663 = CIRCLE('',#1664,8.850000000018);
#1664 = AXIS2_PLACEMENT_3D('',#1665,#1666,#1667);
#1665 = CARTESIAN_POINT('',(-1.785183112446E-12,-1.793587500742E-11,0.)
  );
#1666 = DIRECTION('',(0.,-0.,1.));
#1667 = DIRECTION('',(0.107334709965,0.994222942824,0.));
#1668 = CYLINDRICAL_SURFACE('',#1669,8.850000000018);
#1669 = AXIS2_PLACEMENT_3D('',#1670,#1671,#1672);
#1670 = CARTESIAN_POINT('',(-1.785183112446E-12,-1.793587500742E-11,0.)
  );
#1671 = DIRECTION('',(0.,0.,-1.));
#1672 = DIRECTION('',(0.107334709965,0.994222942824,0.));
#1673 = ADVANCED_FACE('',(#1674),#1701,.F.);
#1674 = FACE_BOUND('',#1675,.F.);
#1675 = EDGE_LOOP('',(#1676,#1677,#1686,#1694));
#1676 = ORIENTED_EDGE('',*,*,#1654,.T.);
#1677 = ORIENTED_EDGE('',*,*,#1678,.T.);
#1678 = EDGE_CURVE('',#1646,#1679,#1681,.T.);
#1679 = VERTEX_POINT('',#1680);
#1680 = CARTESIAN_POINT('',(0.576963592682,9.041346245563,12.));
#1681 = CIRCLE('',#1682,0.228);
#1682 = AXIS2_PLACEMENT_3D('',#1683,#1684,#1685);
#1683 = CARTESIAN_POINT('',(0.804961837668,9.042240830937,12.));
#1684 = DIRECTION('',(0.,0.,-1.));
#1685 = DIRECTION('',(-8.792433808281E-02,-0.996127155926,-0.));
#1686 = ORIENTED_EDGE('',*,*,#1687,.F.);
#1687 = EDGE_CURVE('',#1688,#1679,#1690,.T.);
#1688 = VERTEX_POINT('',#1689);
#1689 = CARTESIAN_POINT('',(0.576963592682,9.041346245563,0.));
#1690 = LINE('',#1691,#1692);
#1691 = CARTESIAN_POINT('',(0.576963592682,9.041346245563,0.));
#1692 = VECTOR('',#1693,1.);
#1693 = DIRECTION('',(0.,0.,1.));
#1694 = ORIENTED_EDGE('',*,*,#1695,.F.);
#1695 = EDGE_CURVE('',#1655,#1688,#1696,.T.);
#1696 = CIRCLE('',#1697,0.228);
#1697 = AXIS2_PLACEMENT_3D('',#1698,#1699,#1700);
#1698 = CARTESIAN_POINT('',(0.804961837668,9.042240830937,0.));
#1699 = DIRECTION('',(0.,0.,-1.));
#1700 = DIRECTION('',(-8.792433808281E-02,-0.996127155926,-0.));
#1701 = CYLINDRICAL_SURFACE('',#1702,0.228);
#1702 = AXIS2_PLACEMENT_3D('',#1703,#1704,#1705);
#1703 = CARTESIAN_POINT('',(0.804961837668,9.042240830937,0.));
#1704 = DIRECTION('',(0.,0.,-1.));
#1705 = DIRECTION('',(-8.792433808281E-02,-0.996127155926,-0.));
#1706 = ADVANCED_FACE('',(#1707),#1736,.F.);
#1707 = FACE_BOUND('',#1708,.F.);
#1708 = EDGE_LOOP('',(#1709,#1710,#1720,#1728));
#1709 = ORIENTED_EDGE('',*,*,#1687,.T.);
#1710 = ORIENTED_EDGE('',*,*,#1711,.T.);
#1711 = EDGE_CURVE('',#1679,#1712,#1714,.T.);
#1712 = VERTEX_POINT('',#1713);
#1713 = CARTESIAN_POINT('',(0.222616272877,10.197535992421,12.));
#1714 = B_SPLINE_CURVE_WITH_KNOTS('',4,(#1715,#1716,#1717,#1718,#1719),
  .UNSPECIFIED.,.F.,.F.,(5,5),(0.,1.),.PIECEWISE_BEZIER_KNOTS.);
#1715 = CARTESIAN_POINT('',(0.576963592682,9.041346245563,12.));
#1716 = CARTESIAN_POINT('',(0.57398922911,9.132252858027,12.));
#1717 = CARTESIAN_POINT('',(0.553751188839,9.364906033841,12.));
#1718 = CARTESIAN_POINT('',(0.455938283979,9.734750829029,12.));
#1719 = CARTESIAN_POINT('',(0.222616272877,10.197535992421,12.));
#1720 = ORIENTED_EDGE('',*,*,#1721,.F.);
#1721 = EDGE_CURVE('',#1722,#1712,#1724,.T.);
#1722 = VERTEX_POINT('',#1723);
#1723 = CARTESIAN_POINT('',(0.222616272877,10.197535992421,0.));
#1724 = LINE('',#1725,#1726);
#1725 = CARTESIAN_POINT('',(0.222616272877,10.197535992421,0.));
#1726 = VECTOR('',#1727,1.);
#1727 = DIRECTION('',(0.,0.,1.));
#1728 = ORIENTED_EDGE('',*,*,#1729,.F.);
#1729 = EDGE_CURVE('',#1688,#1722,#1730,.T.);
#1730 = B_SPLINE_CURVE_WITH_KNOTS('',4,(#1731,#1732,#1733,#1734,#1735),
  .UNSPECIFIED.,.F.,.F.,(5,5),(0.,1.),.PIECEWISE_BEZIER_KNOTS.);
#1731 = CARTESIAN_POINT('',(0.576963592682,9.041346245563,0.));
#1732 = CARTESIAN_POINT('',(0.57398922911,9.132252858027,0.));
#1733 = CARTESIAN_POINT('',(0.553751188839,9.364906033841,0.));
#1734 = CARTESIAN_POINT('',(0.455938283979,9.734750829029,0.));
#1735 = CARTESIAN_POINT('',(0.222616272877,10.197535992421,0.));
#1736 = SURFACE_OF_LINEAR_EXTRUSION('',#1737,#1743);
#1737 = B_SPLINE_CURVE_WITH_KNOTS('',4,(#1738,#1739,#1740,#1741,#1742),
  .UNSPECIFIED.,.F.,.F.,(5,5),(0.,1.),.PIECEWISE_BEZIER_KNOTS.);
#1738 = CARTESIAN_POINT('',(0.576963592682,9.041346245563,0.));
#1739 = CARTESIAN_POINT('',(0.57398922911,9.132252858027,0.));
#1740 = CARTESIAN_POINT('',(0.553751188839,9.364906033841,0.));
#1741 = CARTESIAN_POINT('',(0.455938283979,9.734750829029,0.));
#1742 = CARTESIAN_POINT('',(0.222616272877,10.197535992421,0.));
#1743 = VECTOR('',#1744,1.);
#1744 = DIRECTION('',(-0.,-0.,-1.));
#1745 = ADVANCED_FACE('',(#1746),#1773,.T.);
#1746 = FACE_BOUND('',#1747,.F.);
#1747 = EDGE_LOOP('',(#1748,#1749,#1758,#1766));
#1748 = ORIENTED_EDGE('',*,*,#1721,.T.);
#1749 = ORIENTED_EDGE('',*,*,#1750,.T.);
#1750 = EDGE_CURVE('',#1712,#1751,#1753,.T.);
#1751 = VERTEX_POINT('',#1752);
#1752 = CARTESIAN_POINT('',(-0.222904058483,10.197564110155,12.));
#1753 = CIRCLE('',#1754,10.200000000008);
#1754 = AXIS2_PLACEMENT_3D('',#1755,#1756,#1757);
#1755 = CARTESIAN_POINT('',(-7.874829120762E-04,-1.718282943042E-05,12.)
  );
#1756 = DIRECTION('',(0.,-0.,1.));
#1757 = DIRECTION('',(2.190232899896E-02,0.99976011522,0.));
#1758 = ORIENTED_EDGE('',*,*,#1759,.F.);
#1759 = EDGE_CURVE('',#1760,#1751,#1762,.T.);
#1760 = VERTEX_POINT('',#1761);
#1761 = CARTESIAN_POINT('',(-0.222904058483,10.197564110155,0.));
#1762 = LINE('',#1763,#1764);
#1763 = CARTESIAN_POINT('',(-0.222904058483,10.197564110155,0.));
#1764 = VECTOR('',#1765,1.);
#1765 = DIRECTION('',(0.,0.,1.));
#1766 = ORIENTED_EDGE('',*,*,#1767,.F.);
#1767 = EDGE_CURVE('',#1722,#1760,#1768,.T.);
#1768 = CIRCLE('',#1769,10.200000000008);
#1769 = AXIS2_PLACEMENT_3D('',#1770,#1771,#1772);
#1770 = CARTESIAN_POINT('',(-7.874829120762E-04,-1.718282943042E-05,0.)
  );
#1771 = DIRECTION('',(0.,-0.,1.));
#1772 = DIRECTION('',(2.190232899896E-02,0.99976011522,0.));
#1773 = CYLINDRICAL_SURFACE('',#1774,10.200000000008);
#1774 = AXIS2_PLACEMENT_3D('',#1775,#1776,#1777);
#1775 = CARTESIAN_POINT('',(-7.874829120762E-04,-1.718282943042E-05,0.)
  );
#1776 = DIRECTION('',(0.,0.,-1.));
#1777 = DIRECTION('',(2.190232899896E-02,0.99976011522,0.));
#1778 = ADVANCED_FACE('',(#1779),#1808,.F.);
#1779 = FACE_BOUND('',#1780,.F.);
#1780 = EDGE_LOOP('',(#1781,#1782,#1792,#1800));
#1781 = ORIENTED_EDGE('',*,*,#1759,.T.);
#1782 = ORIENTED_EDGE('',*,*,#1783,.T.);
#1783 = EDGE_CURVE('',#1751,#1784,#1786,.T.);
#1784 = VERTEX_POINT('',#1785);
#1785 = CARTESIAN_POINT('',(-0.57696297071,9.041359383944,12.));
#1786 = B_SPLINE_CURVE_WITH_KNOTS('',4,(#1787,#1788,#1789,#1790,#1791),
  .UNSPECIFIED.,.F.,.F.,(5,5),(0.,1.),.PIECEWISE_BEZIER_KNOTS.);
#1787 = CARTESIAN_POINT('',(-0.222904058483,10.197564110155,12.));
#1788 = CARTESIAN_POINT('',(-0.455938283979,9.734750829029,12.));
#1789 = CARTESIAN_POINT('',(-0.553751188839,9.364906033841,12.));
#1790 = CARTESIAN_POINT('',(-0.57398922911,9.132252858027,12.));
#1791 = CARTESIAN_POINT('',(-0.57696297071,9.041359383944,12.));
#1792 = ORIENTED_EDGE('',*,*,#1793,.F.);
#1793 = EDGE_CURVE('',#1794,#1784,#1796,.T.);
#1794 = VERTEX_POINT('',#1795);
#1795 = CARTESIAN_POINT('',(-0.57696297071,9.041359383944,0.));
#1796 = LINE('',#1797,#1798);
#1797 = CARTESIAN_POINT('',(-0.57696297071,9.041359383944,0.));
#1798 = VECTOR('',#1799,1.);
#1799 = DIRECTION('',(0.,0.,1.));
#1800 = ORIENTED_EDGE('',*,*,#1801,.F.);
#1801 = EDGE_CURVE('',#1760,#1794,#1802,.T.);
#1802 = B_SPLINE_CURVE_WITH_KNOTS('',4,(#1803,#1804,#1805,#1806,#1807),
  .UNSPECIFIED.,.F.,.F.,(5,5),(0.,1.),.PIECEWISE_BEZIER_KNOTS.);
#1803 = CARTESIAN_POINT('',(-0.222904058483,10.197564110155,0.));
#1804 = CARTESIAN_POINT('',(-0.455938283979,9.734750829029,0.));
#1805 = CARTESIAN_POINT('',(-0.553751188839,9.364906033841,0.));
#1806 = CARTESIAN_POINT('',(-0.57398922911,9.132252858027,0.));
#1807 = CARTESIAN_POINT('',(-0.57696297071,9.041359383944,0.));
#1808 = SURFACE_OF_LINEAR_EXTRUSION('',#1809,#1815);
#1809 = B_SPLINE_CURVE_WITH_KNOTS('',4,(#1810,#1811,#1812,#1813,#1814),
  .UNSPECIFIED.,.F.,.F.,(5,5),(0.,1.),.PIECEWISE_BEZIER_KNOTS.);
#1810 = CARTESIAN_POINT('',(-0.222904058483,10.197564110155,0.));
#1811 = CARTESIAN_POINT('',(-0.455938283979,9.734750829029,0.));
#1812 = CARTESIAN_POINT('',(-0.553751188839,9.364906033841,0.));
#1813 = CARTESIAN_POINT('',(-0.57398922911,9.132252858027,0.));
#1814 = CARTESIAN_POINT('',(-0.57696297071,9.041359383944,0.));
#1815 = VECTOR('',#1816,1.);
#1816 = DIRECTION('',(-0.,-0.,-1.));
#1817 = ADVANCED_FACE('',(#1818),#1845,.F.);
#1818 = FACE_BOUND('',#1819,.F.);
#1819 = EDGE_LOOP('',(#1820,#1821,#1830,#1838));
#1820 = ORIENTED_EDGE('',*,*,#1793,.T.);
#1821 = ORIENTED_EDGE('',*,*,#1822,.T.);
#1822 = EDGE_CURVE('',#1784,#1823,#1825,.T.);
#1823 = VERTEX_POINT('',#1824);
#1824 = CARTESIAN_POINT('',(-0.784915088586,8.815123839386,12.));
#1825 = CIRCLE('',#1826,0.228);
#1826 = AXIS2_PLACEMENT_3D('',#1827,#1828,#1829);
#1827 = CARTESIAN_POINT('',(-0.804961266673,9.042240881336,12.));
#1828 = DIRECTION('',(0.,0.,-1.));
#1829 = DIRECTION('',(0.999992526157,-3.866216630898E-03,0.));
#1830 = ORIENTED_EDGE('',*,*,#1831,.F.);
#1831 = EDGE_CURVE('',#1832,#1823,#1834,.T.);
#1832 = VERTEX_POINT('',#1833);
#1833 = CARTESIAN_POINT('',(-0.784915088586,8.815123839386,0.));
#1834 = LINE('',#1835,#1836);
#1835 = CARTESIAN_POINT('',(-0.784915088586,8.815123839386,0.));
#1836 = VECTOR('',#1837,1.);
#1837 = DIRECTION('',(0.,0.,1.));
#1838 = ORIENTED_EDGE('',*,*,#1839,.F.);
#1839 = EDGE_CURVE('',#1794,#1832,#1840,.T.);
#1840 = CIRCLE('',#1841,0.228);
#1841 = AXIS2_PLACEMENT_3D('',#1842,#1843,#1844);
#1842 = CARTESIAN_POINT('',(-0.804961266673,9.042240881336,0.));
#1843 = DIRECTION('',(0.,0.,-1.));
#1844 = DIRECTION('',(0.999992526157,-3.866216630898E-03,0.));
#1845 = CYLINDRICAL_SURFACE('',#1846,0.228);
#1846 = AXIS2_PLACEMENT_3D('',#1847,#1848,#1849);
#1847 = CARTESIAN_POINT('',(-0.804961266673,9.042240881336,0.));
#1848 = DIRECTION('',(0.,0.,-1.));
#1849 = DIRECTION('',(0.999992526157,-3.866216630898E-03,0.));
#1850 = ADVANCED_FACE('',(#1851),#1878,.T.);
#1851 = FACE_BOUND('',#1852,.F.);
#1852 = EDGE_LOOP('',(#1853,#1854,#1863,#1871));
#1853 = ORIENTED_EDGE('',*,*,#1831,.T.);
#1854 = ORIENTED_EDGE('',*,*,#1855,.T.);
#1855 = EDGE_CURVE('',#1823,#1856,#1858,.T.);
#1856 = VERTEX_POINT('',#1857);
#1857 = CARTESIAN_POINT('',(-0.949912183187,8.798873043989,12.));
#1858 = CIRCLE('',#1859,8.850000000018);
#1859 = AXIS2_PLACEMENT_3D('',#1860,#1861,#1862);
#1860 = CARTESIAN_POINT('',(1.825595230542E-12,-1.832756169051E-11,12.)
  );
#1861 = DIRECTION('',(0.,0.,1.));
#1862 = DIRECTION('',(-8.869097046166E-02,0.996059190891,0.));
#1863 = ORIENTED_EDGE('',*,*,#1864,.F.);
#1864 = EDGE_CURVE('',#1865,#1856,#1867,.T.);
#1865 = VERTEX_POINT('',#1866);
#1866 = CARTESIAN_POINT('',(-0.949912183187,8.798873043989,0.));
#1867 = LINE('',#1868,#1869);
#1868 = CARTESIAN_POINT('',(-0.949912183187,8.798873043989,0.));
#1869 = VECTOR('',#1870,1.);
#1870 = DIRECTION('',(0.,0.,1.));
#1871 = ORIENTED_EDGE('',*,*,#1872,.F.);
#1872 = EDGE_CURVE('',#1832,#1865,#1873,.T.);
#1873 = CIRCLE('',#1874,8.850000000018);
#1874 = AXIS2_PLACEMENT_3D('',#1875,#1876,#1877);
#1875 = CARTESIAN_POINT('',(1.825595230542E-12,-1.832756169051E-11,0.));
#1876 = DIRECTION('',(0.,0.,1.));
#1877 = DIRECTION('',(-8.869097046166E-02,0.996059190891,0.));
#1878 = CYLINDRICAL_SURFACE('',#1879,8.850000000018);
#1879 = AXIS2_PLACEMENT_3D('',#1880,#1881,#1882);
#1880 = CARTESIAN_POINT('',(1.825595230542E-12,-1.832756169051E-11,0.));
#1881 = DIRECTION('',(-0.,-0.,-1.));
#1882 = DIRECTION('',(-8.869097046166E-02,0.996059190891,0.));
#1883 = ADVANCED_FACE('',(#1884),#1911,.F.);
#1884 = FACE_BOUND('',#1885,.F.);
#1885 = EDGE_LOOP('',(#1886,#1887,#1896,#1904));
#1886 = ORIENTED_EDGE('',*,*,#1864,.T.);
#1887 = ORIENTED_EDGE('',*,*,#1888,.T.);
#1888 = EDGE_CURVE('',#1856,#1889,#1891,.T.);
#1889 = VERTEX_POINT('',#1890);
#1890 = CARTESIAN_POINT('',(-1.198001751475,8.980179325765,12.));
#1891 = CIRCLE('',#1892,0.228);
#1892 = AXIS2_PLACEMENT_3D('',#1893,#1894,#1895);
#1893 = CARTESIAN_POINT('',(-0.974558953783,9.025536972966,12.));
#1894 = DIRECTION('',(0.,0.,-1.));
#1895 = DIRECTION('',(0.108099871038,-0.994140039372,0.));
#1896 = ORIENTED_EDGE('',*,*,#1897,.F.);
#1897 = EDGE_CURVE('',#1898,#1889,#1900,.T.);
#1898 = VERTEX_POINT('',#1899);
#1899 = CARTESIAN_POINT('',(-1.198001751475,8.980179325765,0.));
#1900 = LINE('',#1901,#1902);
#1901 = CARTESIAN_POINT('',(-1.198001751475,8.980179325765,0.));
#1902 = VECTOR('',#1903,1.);
#1903 = DIRECTION('',(0.,0.,1.));
#1904 = ORIENTED_EDGE('',*,*,#1905,.F.);
#1905 = EDGE_CURVE('',#1865,#1898,#1906,.T.);
#1906 = CIRCLE('',#1907,0.228);
#1907 = AXIS2_PLACEMENT_3D('',#1908,#1909,#1910);
#1908 = CARTESIAN_POINT('',(-0.974558953783,9.025536972966,0.));
#1909 = DIRECTION('',(0.,0.,-1.));
#1910 = DIRECTION('',(0.108099871038,-0.994140039372,0.));
#1911 = CYLINDRICAL_SURFACE('',#1912,0.228);
#1912 = AXIS2_PLACEMENT_3D('',#1913,#1914,#1915);
#1913 = CARTESIAN_POINT('',(-0.974558953783,9.025536972966,0.));
#1914 = DIRECTION('',(0.,0.,-1.));
#1915 = DIRECTION('',(0.108099871038,-0.994140039372,0.));
#1916 = ADVANCED_FACE('',(#1917),#1946,.F.);
#1917 = FACE_BOUND('',#1918,.F.);
#1918 = EDGE_LOOP('',(#1919,#1920,#1930,#1938));
#1919 = ORIENTED_EDGE('',*,*,#1897,.T.);
#1920 = ORIENTED_EDGE('',*,*,#1921,.T.);
#1921 = EDGE_CURVE('',#1889,#1922,#1924,.T.);
#1922 = VERTEX_POINT('',#1923);
#1923 = CARTESIAN_POINT('',(-1.771101816916,10.04502347811,12.));
#1924 = B_SPLINE_CURVE_WITH_KNOTS('',4,(#1925,#1926,#1927,#1928,#1929),
  .UNSPECIFIED.,.F.,.F.,(5,5),(0.,1.),.PIECEWISE_BEZIER_KNOTS.);
#1925 = CARTESIAN_POINT('',(-1.198001751475,8.980179325765,12.));
#1926 = CARTESIAN_POINT('',(-1.218653963784,9.068758923614,12.));
#1927 = CARTESIAN_POINT('',(-1.283891518774,9.292993488098,12.));
#1928 = CARTESIAN_POINT('',(-1.451978116283,9.636649468146,12.));
#1929 = CARTESIAN_POINT('',(-1.771101816916,10.04502347811,12.));
#1930 = ORIENTED_EDGE('',*,*,#1931,.F.);
#1931 = EDGE_CURVE('',#1932,#1922,#1934,.T.);
#1932 = VERTEX_POINT('',#1933);
#1933 = CARTESIAN_POINT('',(-1.771101816916,10.04502347811,0.));
#1934 = LINE('',#1935,#1936);
#1935 = CARTESIAN_POINT('',(-1.771101816916,10.04502347811,0.));
#1936 = VECTOR('',#1937,1.);
#1937 = DIRECTION('',(0.,0.,1.));
#1938 = ORIENTED_EDGE('',*,*,#1939,.F.);
#1939 = EDGE_CURVE('',#1898,#1932,#1940,.T.);
#1940 = B_SPLINE_CURVE_WITH_KNOTS('',4,(#1941,#1942,#1943,#1944,#1945),
  .UNSPECIFIED.,.F.,.F.,(5,5),(0.,1.),.PIECEWISE_BEZIER_KNOTS.);
#1941 = CARTESIAN_POINT('',(-1.198001751475,8.980179325765,0.));
#1942 = CARTESIAN_POINT('',(-1.218653963784,9.068758923614,0.));
#1943 = CARTESIAN_POINT('',(-1.283891518774,9.292993488098,0.));
#1944 = CARTESIAN_POINT('',(-1.451978116283,9.636649468146,0.));
#1945 = CARTESIAN_POINT('',(-1.771101816916,10.04502347811,0.));
#1946 = SURFACE_OF_LINEAR_EXTRUSION('',#1947,#1953);
#1947 = B_SPLINE_CURVE_WITH_KNOTS('',4,(#1948,#1949,#1950,#1951,#1952),
  .UNSPECIFIED.,.F.,.F.,(5,5),(0.,1.),.PIECEWISE_BEZIER_KNOTS.);
#1948 = CARTESIAN_POINT('',(-1.198001751475,8.980179325765,0.));
#1949 = CARTESIAN_POINT('',(-1.218653963784,9.068758923614,0.));
#1950 = CARTESIAN_POINT('',(-1.283891518774,9.292993488098,0.));
#1951 = CARTESIAN_POINT('',(-1.451978116283,9.636649468146,0.));
#1952 = CARTESIAN_POINT('',(-1.771101816916,10.04502347811,0.));
#1953 = VECTOR('',#1954,1.);
#1954 = DIRECTION('',(-0.,-0.,-1.));
#1955 = ADVANCED_FACE('',(#1956),#1983,.T.);
#1956 = FACE_BOUND('',#1957,.F.);
#1957 = EDGE_LOOP('',(#1958,#1959,#1968,#1976));
#1958 = ORIENTED_EDGE('',*,*,#1931,.T.);
#1959 = ORIENTED_EDGE('',*,*,#1960,.T.);
#1960 = EDGE_CURVE('',#1922,#1961,#1963,.T.);
#1961 = VERTEX_POINT('',#1962);
#1962 = CARTESIAN_POINT('',(-2.208067085533,9.95813435066,12.));
#1963 = CIRCLE('',#1964,10.200000000001);
#1964 = AXIS2_PLACEMENT_3D('',#1965,#1966,#1967);
#1965 = CARTESIAN_POINT('',(-7.689994463798E-04,-1.704829543057E-04,12.)
  );
#1966 = DIRECTION('',(0.,0.,1.));
#1967 = DIRECTION('',(-0.173562040928,0.984822937359,0.));
#1968 = ORIENTED_EDGE('',*,*,#1969,.F.);
#1969 = EDGE_CURVE('',#1970,#1961,#1972,.T.);
#1970 = VERTEX_POINT('',#1971);
#1971 = CARTESIAN_POINT('',(-2.208067085533,9.95813435066,0.));
#1972 = LINE('',#1973,#1974);
#1973 = CARTESIAN_POINT('',(-2.208067085533,9.95813435066,0.));
#1974 = VECTOR('',#1975,1.);
#1975 = DIRECTION('',(0.,0.,1.));
#1976 = ORIENTED_EDGE('',*,*,#1977,.F.);
#1977 = EDGE_CURVE('',#1932,#1970,#1978,.T.);
#1978 = CIRCLE('',#1979,10.200000000001);
#1979 = AXIS2_PLACEMENT_3D('',#1980,#1981,#1982);
#1980 = CARTESIAN_POINT('',(-7.689994463798E-04,-1.704829543057E-04,0.)
  );
#1981 = DIRECTION('',(0.,0.,1.));
#1982 = DIRECTION('',(-0.173562040928,0.984822937359,0.));
#1983 = CYLINDRICAL_SURFACE('',#1984,10.200000000001);
#1984 = AXIS2_PLACEMENT_3D('',#1985,#1986,#1987);
#1985 = CARTESIAN_POINT('',(-7.689994463798E-04,-1.704829543057E-04,0.)
  );
#1986 = DIRECTION('',(-0.,-0.,-1.));
#1987 = DIRECTION('',(-0.173562040928,0.984822937359,0.));
#1988 = ADVANCED_FACE('',(#1989),#2018,.F.);
#1989 = FACE_BOUND('',#1990,.F.);
#1990 = EDGE_LOOP('',(#1991,#1992,#2002,#2010));
#1991 = ORIENTED_EDGE('',*,*,#1969,.T.);
#1992 = ORIENTED_EDGE('',*,*,#1993,.T.);
#1993 = EDGE_CURVE('',#1961,#1994,#1996,.T.);
#1994 = VERTEX_POINT('',#1995);
#1995 = CARTESIAN_POINT('',(-2.329758502687,8.755072306861,12.));
#1996 = B_SPLINE_CURVE_WITH_KNOTS('',4,(#1997,#1998,#1999,#2000,#2001),
  .UNSPECIFIED.,.F.,.F.,(5,5),(0.,1.),.PIECEWISE_BEZIER_KNOTS.);
#1997 = CARTESIAN_POINT('',(-2.208067085533,9.95813435066,12.));
#1998 = CARTESIAN_POINT('',(-2.346333231681,9.458751174864,12.));
#1999 = CARTESIAN_POINT('',(-2.370113548812,9.076930492603,12.));
#2000 = CARTESIAN_POINT('',(-2.344574337826,8.844799436532,12.));
#2001 = CARTESIAN_POINT('',(-2.329758502687,8.755072306861,12.));
#2002 = ORIENTED_EDGE('',*,*,#2003,.F.);
#2003 = EDGE_CURVE('',#2004,#1994,#2006,.T.);
#2004 = VERTEX_POINT('',#2005);
#2005 = CARTESIAN_POINT('',(-2.329758502687,8.755072306861,0.));
#2006 = LINE('',#2007,#2008);
#2007 = CARTESIAN_POINT('',(-2.329758502687,8.755072306861,0.));
#2008 = VECTOR('',#2009,1.);
#2009 = DIRECTION('',(0.,0.,1.));
#2010 = ORIENTED_EDGE('',*,*,#2011,.F.);
#2011 = EDGE_CURVE('',#1970,#2004,#2012,.T.);
#2012 = B_SPLINE_CURVE_WITH_KNOTS('',4,(#2013,#2014,#2015,#2016,#2017),
  .UNSPECIFIED.,.F.,.F.,(5,5),(0.,1.),.PIECEWISE_BEZIER_KNOTS.);
#2013 = CARTESIAN_POINT('',(-2.208067085533,9.95813435066,0.));
#2014 = CARTESIAN_POINT('',(-2.346333231681,9.458751174864,0.));
#2015 = CARTESIAN_POINT('',(-2.370113548812,9.076930492603,0.));
#2016 = CARTESIAN_POINT('',(-2.344574337826,8.844799436532,0.));
#2017 = CARTESIAN_POINT('',(-2.329758502687,8.755072306861,0.));
#2018 = SURFACE_OF_LINEAR_EXTRUSION('',#2019,#2025);
#2019 = B_SPLINE_CURVE_WITH_KNOTS('',4,(#2020,#2021,#2022,#2023,#2024),
  .UNSPECIFIED.,.F.,.F.,(5,5),(0.,1.),.PIECEWISE_BEZIER_KNOTS.);
#2020 = CARTESIAN_POINT('',(-2.208067085533,9.95813435066,0.));
#2021 = CARTESIAN_POINT('',(-2.346333231681,9.458751174864,0.));
#2022 = CARTESIAN_POINT('',(-2.370113548812,9.076930492603,0.));
#2023 = CARTESIAN_POINT('',(-2.344574337826,8.844799436532,0.));
#2024 = CARTESIAN_POINT('',(-2.329758502687,8.755072306861,0.));
#2025 = VECTOR('',#2026,1.);
#2026 = DIRECTION('',(-0.,-0.,-1.));
#2027 = ADVANCED_FACE('',(#2028),#2055,.F.);
#2028 = FACE_BOUND('',#2029,.F.);
#2029 = EDGE_LOOP('',(#2030,#2031,#2040,#2048));
#2030 = ORIENTED_EDGE('',*,*,#2003,.T.);
#2031 = ORIENTED_EDGE('',*,*,#2032,.T.);
#2032 = EDGE_CURVE('',#1994,#2033,#2035,.T.);
#2033 = VERTEX_POINT('',#2034);
#2034 = CARTESIAN_POINT('',(-2.489578513689,8.492614369214,12.));
#2035 = CIRCLE('',#2036,0.228);
#2036 = AXIS2_PLACEMENT_3D('',#2037,#2038,#2039);
#2037 = CARTESIAN_POINT('',(-2.553547846935,8.711456605549,12.));
#2038 = DIRECTION('',(0.,0.,-1.));
#2039 = DIRECTION('',(0.981532211615,0.191296935579,0.));
#2040 = ORIENTED_EDGE('',*,*,#2041,.F.);
#2041 = EDGE_CURVE('',#2042,#2033,#2044,.T.);
#2042 = VERTEX_POINT('',#2043);
#2043 = CARTESIAN_POINT('',(-2.489578513689,8.492614369214,0.));
#2044 = LINE('',#2045,#2046);
#2045 = CARTESIAN_POINT('',(-2.489578513689,8.492614369214,0.));
#2046 = VECTOR('',#2047,1.);
#2047 = DIRECTION('',(0.,0.,1.));
#2048 = ORIENTED_EDGE('',*,*,#2049,.F.);
#2049 = EDGE_CURVE('',#2004,#2042,#2050,.T.);
#2050 = CIRCLE('',#2051,0.228);
#2051 = AXIS2_PLACEMENT_3D('',#2052,#2053,#2054);
#2052 = CARTESIAN_POINT('',(-2.553547846935,8.711456605549,0.));
#2053 = DIRECTION('',(0.,0.,-1.));
#2054 = DIRECTION('',(0.981532211615,0.191296935579,0.));
#2055 = CYLINDRICAL_SURFACE('',#2056,0.228);
#2056 = AXIS2_PLACEMENT_3D('',#2057,#2058,#2059);
#2057 = CARTESIAN_POINT('',(-2.553547846935,8.711456605549,0.));
#2058 = DIRECTION('',(0.,0.,-1.));
#2059 = DIRECTION('',(0.981532211615,0.191296935579,0.));
#2060 = ADVANCED_FACE('',(#2061),#2088,.T.);
#2061 = FACE_BOUND('',#2062,.F.);
#2062 = EDGE_LOOP('',(#2063,#2064,#2073,#2081));
#2063 = ORIENTED_EDGE('',*,*,#2041,.T.);
#2064 = ORIENTED_EDGE('',*,*,#2065,.T.);
#2065 = EDGE_CURVE('',#2033,#2066,#2068,.T.);
#2066 = VERTEX_POINT('',#2067);
#2067 = CARTESIAN_POINT('',(-2.648234862476,8.444486491976,12.));
#2068 = CIRCLE('',#2069,8.84999999998);
#2069 = AXIS2_PLACEMENT_3D('',#2070,#2071,#2072);
#2070 = CARTESIAN_POINT('',(-5.817790693641E-12,1.944311378566E-11,12.)
  );
#2071 = DIRECTION('',(0.,0.,1.));
#2072 = DIRECTION('',(-0.281308306632,0.959617442849,0.));
#2073 = ORIENTED_EDGE('',*,*,#2074,.F.);
#2074 = EDGE_CURVE('',#2075,#2066,#2077,.T.);
#2075 = VERTEX_POINT('',#2076);
#2076 = CARTESIAN_POINT('',(-2.648234862476,8.444486491976,0.));
#2077 = LINE('',#2078,#2079);
#2078 = CARTESIAN_POINT('',(-2.648234862476,8.444486491976,0.));
#2079 = VECTOR('',#2080,1.);
#2080 = DIRECTION('',(0.,0.,1.));
#2081 = ORIENTED_EDGE('',*,*,#2082,.F.);
#2082 = EDGE_CURVE('',#2042,#2075,#2083,.T.);
#2083 = CIRCLE('',#2084,8.84999999998);
#2084 = AXIS2_PLACEMENT_3D('',#2085,#2086,#2087);
#2085 = CARTESIAN_POINT('',(-5.817790693641E-12,1.944311378566E-11,0.));
#2086 = DIRECTION('',(0.,0.,1.));
#2087 = DIRECTION('',(-0.281308306632,0.959617442849,0.));
#2088 = CYLINDRICAL_SURFACE('',#2089,8.84999999998);
#2089 = AXIS2_PLACEMENT_3D('',#2090,#2091,#2092);
#2090 = CARTESIAN_POINT('',(-5.817790693641E-12,1.944311378566E-11,0.));
#2091 = DIRECTION('',(-0.,-0.,-1.));
#2092 = DIRECTION('',(-0.281308306632,0.959617442849,0.));
#2093 = ADVANCED_FACE('',(#2094),#2121,.F.);
#2094 = FACE_BOUND('',#2095,.F.);
#2095 = EDGE_LOOP('',(#2096,#2097,#2106,#2114));
#2096 = ORIENTED_EDGE('',*,*,#2074,.T.);
#2097 = ORIENTED_EDGE('',*,*,#2098,.T.);
#2098 = EDGE_CURVE('',#2066,#2099,#2101,.T.);
#2099 = VERTEX_POINT('',#2100);
#2100 = CARTESIAN_POINT('',(-2.92692856017,8.573909150621,12.));
#2101 = CIRCLE('',#2102,0.228);
#2102 = AXIS2_PLACEMENT_3D('',#2103,#2104,#2105);
#2103 = CARTESIAN_POINT('',(-2.71662799118,8.661986790702,12.));
#2104 = DIRECTION('',(0.,0.,-1.));
#2105 = DIRECTION('',(0.299969862737,-0.953948678624,0.));
#2106 = ORIENTED_EDGE('',*,*,#2107,.F.);
#2107 = EDGE_CURVE('',#2108,#2099,#2110,.T.);
#2108 = VERTEX_POINT('',#2109);
#2109 = CARTESIAN_POINT('',(-2.92692856017,8.573909150621,0.));
#2110 = LINE('',#2111,#2112);
#2111 = CARTESIAN_POINT('',(-2.92692856017,8.573909150621,0.));
#2112 = VECTOR('',#2113,1.);
#2113 = DIRECTION('',(0.,0.,1.));
#2114 = ORIENTED_EDGE('',*,*,#2115,.F.);
#2115 = EDGE_CURVE('',#2075,#2108,#2116,.T.);
#2116 = CIRCLE('',#2117,0.228);
#2117 = AXIS2_PLACEMENT_3D('',#2118,#2119,#2120);
#2118 = CARTESIAN_POINT('',(-2.71662799118,8.661986790702,0.));
#2119 = DIRECTION('',(0.,0.,-1.));
#2120 = DIRECTION('',(0.299969862737,-0.953948678624,0.));
#2121 = CYLINDRICAL_SURFACE('',#2122,0.228);
#2122 = AXIS2_PLACEMENT_3D('',#2123,#2124,#2125);
#2123 = CARTESIAN_POINT('',(-2.71662799118,8.661986790702,0.));
#2124 = DIRECTION('',(0.,0.,-1.));
#2125 = DIRECTION('',(0.299969862737,-0.953948678624,0.));
#2126 = ADVANCED_FACE('',(#2127),#2156,.F.);
#2127 = FACE_BOUND('',#2128,.F.);
#2128 = EDGE_LOOP('',(#2129,#2130,#2140,#2148));
#2129 = ORIENTED_EDGE('',*,*,#2107,.T.);
#2130 = ORIENTED_EDGE('',*,*,#2131,.T.);
#2131 = EDGE_CURVE('',#2099,#2132,#2134,.T.);
#2132 = VERTEX_POINT('',#2133);
#2133 = CARTESIAN_POINT('',(-3.696757457131,9.50648634485,12.));
#2134 = B_SPLINE_CURVE_WITH_KNOTS('',4,(#2135,#2136,#2137,#2138,#2139),
  .UNSPECIFIED.,.F.,.F.,(5,5),(0.,1.),.PIECEWISE_BEZIER_KNOTS.);
#2135 = CARTESIAN_POINT('',(-2.92692856017,8.573909150621,12.));
#2136 = CARTESIAN_POINT('',(-2.964464968279,8.656757669585,12.));
#2137 = CARTESIAN_POINT('',(-3.072194995335,8.863956414178,12.));
#2138 = CARTESIAN_POINT('',(-3.304095811815,9.168217072497,12.));
#2139 = CARTESIAN_POINT('',(-3.696757457131,9.50648634485,12.));
#2140 = ORIENTED_EDGE('',*,*,#2141,.F.);
#2141 = EDGE_CURVE('',#2142,#2132,#2144,.T.);
#2142 = VERTEX_POINT('',#2143);
#2143 = CARTESIAN_POINT('',(-3.696757457131,9.50648634485,0.));
#2144 = LINE('',#2145,#2146);
#2145 = CARTESIAN_POINT('',(-3.696757457131,9.50648634485,0.));
#2146 = VECTOR('',#2147,1.);
#2147 = DIRECTION('',(0.,0.,1.));
#2148 = ORIENTED_EDGE('',*,*,#2149,.F.);
#2149 = EDGE_CURVE('',#2108,#2142,#2150,.T.);
#2150 = B_SPLINE_CURVE_WITH_KNOTS('',4,(#2151,#2152,#2153,#2154,#2155),
  .UNSPECIFIED.,.F.,.F.,(5,5),(0.,1.),.PIECEWISE_BEZIER_KNOTS.);
#2151 = CARTESIAN_POINT('',(-2.92692856017,8.573909150621,0.));
#2152 = CARTESIAN_POINT('',(-2.964464968279,8.656757669585,0.));
#2153 = CARTESIAN_POINT('',(-3.072194995335,8.863956414178,0.));
#2154 = CARTESIAN_POINT('',(-3.304095811815,9.168217072497,0.));
#2155 = CARTESIAN_POINT('',(-3.696757457131,9.50648634485,0.));
#2156 = SURFACE_OF_LINEAR_EXTRUSION('',#2157,#2163);
#2157 = B_SPLINE_CURVE_WITH_KNOTS('',4,(#2158,#2159,#2160,#2161,#2162),
  .UNSPECIFIED.,.F.,.F.,(5,5),(0.,1.),.PIECEWISE_BEZIER_KNOTS.);
#2158 = CARTESIAN_POINT('',(-2.92692856017,8.573909150621,0.));
#2159 = CARTESIAN_POINT('',(-2.964464968279,8.656757669585,0.));
#2160 = CARTESIAN_POINT('',(-3.072194995335,8.863956414178,0.));
#2161 = CARTESIAN_POINT('',(-3.304095811815,9.168217072497,0.));
#2162 = CARTESIAN_POINT('',(-3.696757457131,9.50648634485,0.));
#2163 = VECTOR('',#2164,1.);
#2164 = DIRECTION('',(-0.,-0.,-1.));
#2165 = ADVANCED_FACE('',(#2166),#2193,.T.);
#2166 = FACE_BOUND('',#2167,.F.);
#2167 = EDGE_LOOP('',(#2168,#2169,#2178,#2186));
#2168 = ORIENTED_EDGE('',*,*,#2141,.T.);
#2169 = ORIENTED_EDGE('',*,*,#2170,.T.);
#2170 = EDGE_CURVE('',#2132,#2171,#2173,.T.);
#2171 = VERTEX_POINT('',#2172);
#2172 = CARTESIAN_POINT('',(-4.108375332784,9.336019072655,12.));
#2173 = CIRCLE('',#2174,10.199999999997);
#2174 = AXIS2_PLACEMENT_3D('',#2175,#2176,#2177);
#2175 = CARTESIAN_POINT('',(-7.209637647168E-04,-3.172315180224E-04,12.)
  );
#2176 = DIRECTION('',(0.,0.,1.));
#2177 = DIRECTION('',(-0.362356518958,0.932039566311,0.));
#2178 = ORIENTED_EDGE('',*,*,#2179,.F.);
#2179 = EDGE_CURVE('',#2180,#2171,#2182,.T.);
#2180 = VERTEX_POINT('',#2181);
#2181 = CARTESIAN_POINT('',(-4.108375332784,9.336019072655,0.));
#2182 = LINE('',#2183,#2184);
#2183 = CARTESIAN_POINT('',(-4.108375332784,9.336019072655,0.));
#2184 = VECTOR('',#2185,1.);
#2185 = DIRECTION('',(0.,0.,1.));
#2186 = ORIENTED_EDGE('',*,*,#2187,.F.);
#2187 = EDGE_CURVE('',#2142,#2180,#2188,.T.);
#2188 = CIRCLE('',#2189,10.199999999997);
#2189 = AXIS2_PLACEMENT_3D('',#2190,#2191,#2192);
#2190 = CARTESIAN_POINT('',(-7.209637647168E-04,-3.172315180224E-04,0.)
  );
#2191 = DIRECTION('',(0.,0.,1.));
#2192 = DIRECTION('',(-0.362356518958,0.932039566311,0.));
#2193 = CYLINDRICAL_SURFACE('',#2194,10.199999999997);
#2194 = AXIS2_PLACEMENT_3D('',#2195,#2196,#2197);
#2195 = CARTESIAN_POINT('',(-7.209637647168E-04,-3.172315180224E-04,0.)
  );
#2196 = DIRECTION('',(-0.,-0.,-1.));
#2197 = DIRECTION('',(-0.362356518958,0.932039566311,0.));
#2198 = ADVANCED_FACE('',(#2199),#2228,.F.);
#2199 = FACE_BOUND('',#2200,.F.);
#2200 = EDGE_LOOP('',(#2201,#2202,#2212,#2220));
#2201 = ORIENTED_EDGE('',*,*,#2179,.T.);
#2202 = ORIENTED_EDGE('',*,*,#2203,.T.);
#2203 = EDGE_CURVE('',#2171,#2204,#2206,.T.);
#2204 = VERTEX_POINT('',#2205);
#2205 = CARTESIAN_POINT('',(-3.99302272195,8.132332710926,12.));
#2206 = B_SPLINE_CURVE_WITH_KNOTS('',4,(#2207,#2208,#2209,#2210,#2211),
  .UNSPECIFIED.,.F.,.F.,(5,5),(0.,1.),.PIECEWISE_BEZIER_KNOTS.);
#2207 = CARTESIAN_POINT('',(-4.108375332784,9.336019072655,12.));
#2208 = CARTESIAN_POINT('',(-4.146559909128,8.819257017577,12.));
#2209 = CARTESIAN_POINT('',(-4.095393774279,8.440133602936,12.));
#2210 = CARTESIAN_POINT('',(-4.025058769593,8.217445332912,12.));
#2211 = CARTESIAN_POINT('',(-3.99302272195,8.132332710926,12.));
#2212 = ORIENTED_EDGE('',*,*,#2213,.F.);
#2213 = EDGE_CURVE('',#2214,#2204,#2216,.T.);
#2214 = VERTEX_POINT('',#2215);
#2215 = CARTESIAN_POINT('',(-3.99302272195,8.132332710926,0.));
#2216 = LINE('',#2217,#2218);
#2217 = CARTESIAN_POINT('',(-3.99302272195,8.132332710926,0.));
#2218 = VECTOR('',#2219,1.);
#2219 = DIRECTION('',(0.,0.,1.));
#2220 = ORIENTED_EDGE('',*,*,#2221,.F.);
#2221 = EDGE_CURVE('',#2180,#2214,#2222,.T.);
#2222 = B_SPLINE_CURVE_WITH_KNOTS('',4,(#2223,#2224,#2225,#2226,#2227),
  .UNSPECIFIED.,.F.,.F.,(5,5),(0.,1.),.PIECEWISE_BEZIER_KNOTS.);
#2223 = CARTESIAN_POINT('',(-4.108375332784,9.336019072655,0.));
#2224 = CARTESIAN_POINT('',(-4.146559909128,8.819257017577,0.));
#2225 = CARTESIAN_POINT('',(-4.095393774279,8.440133602936,0.));
#2226 = CARTESIAN_POINT('',(-4.025058769593,8.217445332912,0.));
#2227 = CARTESIAN_POINT('',(-3.99302272195,8.132332710926,0.));
#2228 = SURFACE_OF_LINEAR_EXTRUSION('',#2229,#2235);
#2229 = B_SPLINE_CURVE_WITH_KNOTS('',4,(#2230,#2231,#2232,#2233,#2234),
  .UNSPECIFIED.,.F.,.F.,(5,5),(0.,1.),.PIECEWISE_BEZIER_KNOTS.);
#2230 = CARTESIAN_POINT('',(-4.108375332784,9.336019072655,0.));
#2231 = CARTESIAN_POINT('',(-4.146559909128,8.819257017577,0.));
#2232 = CARTESIAN_POINT('',(-4.095393774279,8.440133602936,0.));
#2233 = CARTESIAN_POINT('',(-4.025058769593,8.217445332912,0.));
#2234 = CARTESIAN_POINT('',(-3.99302272195,8.132332710926,0.));
#2235 = VECTOR('',#2236,1.);
#2236 = DIRECTION('',(-0.,-0.,-1.));
#2237 = ADVANCED_FACE('',(#2238),#2265,.F.);
#2238 = FACE_BOUND('',#2239,.F.);
#2239 = EDGE_LOOP('',(#2240,#2241,#2250,#2258));
#2240 = ORIENTED_EDGE('',*,*,#2213,.T.);
#2241 = ORIENTED_EDGE('',*,*,#2242,.T.);
#2242 = EDGE_CURVE('',#2204,#2243,#2245,.T.);
#2243 = VERTEX_POINT('',#2244);
#2244 = CARTESIAN_POINT('',(-4.098568832683,7.843738491546,12.));
#2245 = CIRCLE('',#2246,0.228);
#2246 = AXIS2_PLACEMENT_3D('',#2247,#2248,#2249);
#2247 = CARTESIAN_POINT('',(-4.204003015485,8.045895937852,12.));
#2248 = DIRECTION('',(0.,0.,-1.));
#2249 = DIRECTION('',(0.925352164631,0.379108653835,0.));
#2250 = ORIENTED_EDGE('',*,*,#2251,.F.);
#2251 = EDGE_CURVE('',#2252,#2243,#2254,.T.);
#2252 = VERTEX_POINT('',#2253);
#2253 = CARTESIAN_POINT('',(-4.098568832683,7.843738491546,0.));
#2254 = LINE('',#2255,#2256);
#2255 = CARTESIAN_POINT('',(-4.098568832683,7.843738491546,0.));
#2256 = VECTOR('',#2257,1.);
#2257 = DIRECTION('',(0.,0.,1.));
#2258 = ORIENTED_EDGE('',*,*,#2259,.F.);
#2259 = EDGE_CURVE('',#2214,#2252,#2260,.T.);
#2260 = CIRCLE('',#2261,0.228);
#2261 = AXIS2_PLACEMENT_3D('',#2262,#2263,#2264);
#2262 = CARTESIAN_POINT('',(-4.204003015485,8.045895937852,0.));
#2263 = DIRECTION('',(0.,0.,-1.));
#2264 = DIRECTION('',(0.925352164631,0.379108653835,0.));
#2265 = CYLINDRICAL_SURFACE('',#2266,0.228);
#2266 = AXIS2_PLACEMENT_3D('',#2267,#2268,#2269);
#2267 = CARTESIAN_POINT('',(-4.204003015485,8.045895937852,0.));
#2268 = DIRECTION('',(0.,0.,-1.));
#2269 = DIRECTION('',(0.925352164631,0.379108653835,0.));
#2270 = ADVANCED_FACE('',(#2271),#2298,.T.);
#2271 = FACE_BOUND('',#2272,.F.);
#2272 = EDGE_LOOP('',(#2273,#2274,#2283,#2291));
#2273 = ORIENTED_EDGE('',*,*,#2251,.T.);
#2274 = ORIENTED_EDGE('',*,*,#2275,.T.);
#2275 = EDGE_CURVE('',#2243,#2276,#2278,.T.);
#2276 = VERTEX_POINT('',#2277);
#2277 = CARTESIAN_POINT('',(-4.244787361148,7.765583059799,12.));
#2278 = CIRCLE('',#2279,8.85000000002);
#2279 = AXIS2_PLACEMENT_3D('',#2280,#2281,#2282);
#2280 = CARTESIAN_POINT('',(9.558576152813E-12,-1.782263225891E-11,12.)
  );
#2281 = DIRECTION('',(0.,0.,1.));
#2282 = DIRECTION('',(-0.463115122337,0.886298134638,0.));
#2283 = ORIENTED_EDGE('',*,*,#2284,.F.);
#2284 = EDGE_CURVE('',#2285,#2276,#2287,.T.);
#2285 = VERTEX_POINT('',#2286);
#2286 = CARTESIAN_POINT('',(-4.244787361148,7.765583059799,0.));
#2287 = LINE('',#2288,#2289);
#2288 = CARTESIAN_POINT('',(-4.244787361148,7.765583059799,0.));
#2289 = VECTOR('',#2290,1.);
#2290 = DIRECTION('',(0.,0.,1.));
#2291 = ORIENTED_EDGE('',*,*,#2292,.F.);
#2292 = EDGE_CURVE('',#2252,#2285,#2293,.T.);
#2293 = CIRCLE('',#2294,8.85000000002);
#2294 = AXIS2_PLACEMENT_3D('',#2295,#2296,#2297);
#2295 = CARTESIAN_POINT('',(9.558576152813E-12,-1.782263225891E-11,0.));
#2296 = DIRECTION('',(0.,0.,1.));
#2297 = DIRECTION('',(-0.463115122337,0.886298134638,0.));
#2298 = CYLINDRICAL_SURFACE('',#2299,8.85000000002);
#2299 = AXIS2_PLACEMENT_3D('',#2300,#2301,#2302);
#2300 = CARTESIAN_POINT('',(9.558576152813E-12,-1.782263225891E-11,0.));
#2301 = DIRECTION('',(-0.,-0.,-1.));
#2302 = DIRECTION('',(-0.463115122337,0.886298134638,0.));
#2303 = ADVANCED_FACE('',(#2304),#2331,.F.);
#2304 = FACE_BOUND('',#2305,.F.);
#2305 = EDGE_LOOP('',(#2306,#2307,#2316,#2324));
#2306 = ORIENTED_EDGE('',*,*,#2284,.T.);
#2307 = ORIENTED_EDGE('',*,*,#2308,.T.);
#2308 = EDGE_CURVE('',#2276,#2309,#2311,.T.);
#2309 = VERTEX_POINT('',#2310);
#2310 = CARTESIAN_POINT('',(-4.543375145739,7.838148455121,12.));
#2311 = CIRCLE('',#2312,0.228);
#2312 = AXIS2_PLACEMENT_3D('',#2313,#2314,#2315);
#2313 = CARTESIAN_POINT('',(-4.354298538379,7.965561313771,12.));
#2314 = DIRECTION('',(0.,-0.,-1.));
#2315 = DIRECTION('',(0.480312180837,-0.877097605138,0.));
#2316 = ORIENTED_EDGE('',*,*,#2317,.F.);
#2317 = EDGE_CURVE('',#2318,#2309,#2320,.T.);
#2318 = VERTEX_POINT('',#2319);
#2319 = CARTESIAN_POINT('',(-4.543375145739,7.838148455121,0.));
#2320 = LINE('',#2321,#2322);
#2321 = CARTESIAN_POINT('',(-4.543375145739,7.838148455121,0.));
#2322 = VECTOR('',#2323,1.);
#2323 = DIRECTION('',(0.,0.,1.));
#2324 = ORIENTED_EDGE('',*,*,#2325,.F.);
#2325 = EDGE_CURVE('',#2285,#2318,#2326,.T.);
#2326 = CIRCLE('',#2327,0.228);
#2327 = AXIS2_PLACEMENT_3D('',#2328,#2329,#2330);
#2328 = CARTESIAN_POINT('',(-4.354298538379,7.965561313771,0.));
#2329 = DIRECTION('',(0.,-0.,-1.));
#2330 = DIRECTION('',(0.480312180837,-0.877097605138,0.));
#2331 = CYLINDRICAL_SURFACE('',#2332,0.228);
#2332 = AXIS2_PLACEMENT_3D('',#2333,#2334,#2335);
#2333 = CARTESIAN_POINT('',(-4.354298538379,7.965561313771,0.));
#2334 = DIRECTION('',(0.,0.,-1.));
#2335 = DIRECTION('',(0.480312180837,-0.877097605138,0.));
#2336 = ADVANCED_FACE('',(#2337),#2366,.F.);
#2337 = FACE_BOUND('',#2338,.F.);
#2338 = EDGE_LOOP('',(#2339,#2340,#2350,#2358));
#2339 = ORIENTED_EDGE('',*,*,#2317,.T.);
#2340 = ORIENTED_EDGE('',*,*,#2341,.T.);
#2341 = EDGE_CURVE('',#2309,#2342,#2344,.T.);
#2342 = VERTEX_POINT('',#2343);
#2343 = CARTESIAN_POINT('',(-5.480348781433,8.602620272656,12.));
#2344 = B_SPLINE_CURVE_WITH_KNOTS('',4,(#2345,#2346,#2347,#2348,#2349),
  .UNSPECIFIED.,.F.,.F.,(5,5),(0.,1.),.PIECEWISE_BEZIER_KNOTS.);
#2345 = CARTESIAN_POINT('',(-4.543375145739,7.838148455121,12.));
#2346 = CARTESIAN_POINT('',(-4.596353246534,7.91208207308,12.));
#2347 = CARTESIAN_POINT('',(-4.742435741132,8.094282466225,12.));
#2348 = CARTESIAN_POINT('',(-5.029238958258,8.347455236347,12.));
#2349 = CARTESIAN_POINT('',(-5.480348781433,8.602620272656,12.));
#2350 = ORIENTED_EDGE('',*,*,#2351,.F.);
#2351 = EDGE_CURVE('',#2352,#2342,#2354,.T.);
#2352 = VERTEX_POINT('',#2353);
#2353 = CARTESIAN_POINT('',(-5.480348781433,8.602620272656,0.));
#2354 = LINE('',#2355,#2356);
#2355 = CARTESIAN_POINT('',(-5.480348781433,8.602620272656,0.));
#2356 = VECTOR('',#2357,1.);
#2357 = DIRECTION('',(0.,0.,1.));
#2358 = ORIENTED_EDGE('',*,*,#2359,.F.);
#2359 = EDGE_CURVE('',#2318,#2352,#2360,.T.);
#2360 = B_SPLINE_CURVE_WITH_KNOTS('',4,(#2361,#2362,#2363,#2364,#2365),
  .UNSPECIFIED.,.F.,.F.,(5,5),(0.,1.),.PIECEWISE_BEZIER_KNOTS.);
#2361 = CARTESIAN_POINT('',(-4.543375145739,7.838148455121,0.));
#2362 = CARTESIAN_POINT('',(-4.596353246534,7.91208207308,0.));
#2363 = CARTESIAN_POINT('',(-4.742435741132,8.094282466225,0.));
#2364 = CARTESIAN_POINT('',(-5.029238958258,8.347455236347,0.));
#2365 = CARTESIAN_POINT('',(-5.480348781433,8.602620272656,0.));
#2366 = SURFACE_OF_LINEAR_EXTRUSION('',#2367,#2373);
#2367 = B_SPLINE_CURVE_WITH_KNOTS('',4,(#2368,#2369,#2370,#2371,#2372),
  .UNSPECIFIED.,.F.,.F.,(5,5),(0.,1.),.PIECEWISE_BEZIER_KNOTS.);
#2368 = CARTESIAN_POINT('',(-4.543375145739,7.838148455121,0.));
#2369 = CARTESIAN_POINT('',(-4.596353246534,7.91208207308,0.));
#2370 = CARTESIAN_POINT('',(-4.742435741132,8.094282466225,0.));
#2371 = CARTESIAN_POINT('',(-5.029238958258,8.347455236347,0.));
#2372 = CARTESIAN_POINT('',(-5.480348781433,8.602620272656,0.));
#2373 = VECTOR('',#2374,1.);
#2374 = DIRECTION('',(-0.,-0.,-1.));
#2375 = ADVANCED_FACE('',(#2376),#2403,.T.);
#2376 = FACE_BOUND('',#2377,.F.);
#2377 = EDGE_LOOP('',(#2378,#2379,#2388,#2396));
#2378 = ORIENTED_EDGE('',*,*,#2351,.T.);
#2379 = ORIENTED_EDGE('',*,*,#2380,.T.);
#2380 = EDGE_CURVE('',#2342,#2381,#2383,.T.);
#2381 = VERTEX_POINT('',#2382);
#2382 = CARTESIAN_POINT('',(-5.850801019999,8.355125817388,12.));
#2383 = CIRCLE('',#2384,10.199999999999);
#2384 = AXIS2_PLACEMENT_3D('',#2385,#2386,#2387);
#2385 = CARTESIAN_POINT('',(-6.452218477042E-04,-4.517890585509E-04,12.)
  );
#2386 = DIRECTION('',(0.,0.,1.));
#2387 = DIRECTION('',(-0.537225839175,0.843438437423,0.));
#2388 = ORIENTED_EDGE('',*,*,#2389,.F.);
#2389 = EDGE_CURVE('',#2390,#2381,#2392,.T.);
#2390 = VERTEX_POINT('',#2391);
#2391 = CARTESIAN_POINT('',(-5.850801019999,8.355125817388,0.));
#2392 = LINE('',#2393,#2394);
#2393 = CARTESIAN_POINT('',(-5.850801019999,8.355125817388,0.));
#2394 = VECTOR('',#2395,1.);
#2395 = DIRECTION('',(0.,0.,1.));
#2396 = ORIENTED_EDGE('',*,*,#2397,.F.);
#2397 = EDGE_CURVE('',#2352,#2390,#2398,.T.);
#2398 = CIRCLE('',#2399,10.199999999999);
#2399 = AXIS2_PLACEMENT_3D('',#2400,#2401,#2402);
#2400 = CARTESIAN_POINT('',(-6.452218477042E-04,-4.517890585509E-04,0.)
  );
#2401 = DIRECTION('',(0.,0.,1.));
#2402 = DIRECTION('',(-0.537225839175,0.843438437423,0.));
#2403 = CYLINDRICAL_SURFACE('',#2404,10.199999999999);
#2404 = AXIS2_PLACEMENT_3D('',#2405,#2406,#2407);
#2405 = CARTESIAN_POINT('',(-6.452218477042E-04,-4.517890585509E-04,0.)
  );
#2406 = DIRECTION('',(-0.,-0.,-1.));
#2407 = DIRECTION('',(-0.537225839175,0.843438437423,0.));
#2408 = ADVANCED_FACE('',(#2409),#2438,.F.);
#2409 = FACE_BOUND('',#2410,.F.);
#2410 = EDGE_LOOP('',(#2411,#2412,#2422,#2430));
#2411 = ORIENTED_EDGE('',*,*,#2389,.T.);
#2412 = ORIENTED_EDGE('',*,*,#2413,.T.);
#2413 = EDGE_CURVE('',#2381,#2414,#2416,.T.);
#2414 = VERTEX_POINT('',#2415);
#2415 = CARTESIAN_POINT('',(-5.502837317321,7.197072129575,12.));
#2416 = B_SPLINE_CURVE_WITH_KNOTS('',4,(#2417,#2418,#2419,#2420,#2421),
  .UNSPECIFIED.,.F.,.F.,(5,5),(0.,1.),.PIECEWISE_BEZIER_KNOTS.);
#2417 = CARTESIAN_POINT('',(-5.850801019999,8.355125817388,12.));
#2418 = CARTESIAN_POINT('',(-5.787436614685,7.840843759002,12.));
#2419 = CARTESIAN_POINT('',(-5.663290313723,7.478987112189,12.));
#2420 = CARTESIAN_POINT('',(-5.550862450122,7.274299413545,12.));
#2421 = CARTESIAN_POINT('',(-5.502837317321,7.197072129575,12.));
#2422 = ORIENTED_EDGE('',*,*,#2423,.F.);
#2423 = EDGE_CURVE('',#2424,#2414,#2426,.T.);
#2424 = VERTEX_POINT('',#2425);
#2425 = CARTESIAN_POINT('',(-5.502837317321,7.197072129575,0.));
#2426 = LINE('',#2427,#2428);
#2427 = CARTESIAN_POINT('',(-5.502837317321,7.197072129575,0.));
#2428 = VECTOR('',#2429,1.);
#2429 = DIRECTION('',(0.,0.,1.));
#2430 = ORIENTED_EDGE('',*,*,#2431,.F.);
#2431 = EDGE_CURVE('',#2390,#2424,#2432,.T.);
#2432 = B_SPLINE_CURVE_WITH_KNOTS('',4,(#2433,#2434,#2435,#2436,#2437),
  .UNSPECIFIED.,.F.,.F.,(5,5),(0.,1.),.PIECEWISE_BEZIER_KNOTS.);
#2433 = CARTESIAN_POINT('',(-5.850801019999,8.355125817388,0.));
#2434 = CARTESIAN_POINT('',(-5.787436614685,7.840843759002,0.));
#2435 = CARTESIAN_POINT('',(-5.663290313723,7.478987112189,0.));
#2436 = CARTESIAN_POINT('',(-5.550862450122,7.274299413545,0.));
#2437 = CARTESIAN_POINT('',(-5.502837317321,7.197072129575,0.));
#2438 = SURFACE_OF_LINEAR_EXTRUSION('',#2439,#2445);
#2439 = B_SPLINE_CURVE_WITH_KNOTS('',4,(#2440,#2441,#2442,#2443,#2444),
  .UNSPECIFIED.,.F.,.F.,(5,5),(0.,1.),.PIECEWISE_BEZIER_KNOTS.);
#2440 = CARTESIAN_POINT('',(-5.850801019999,8.355125817388,0.));
#2441 = CARTESIAN_POINT('',(-5.787436614685,7.840843759002,0.));
#2442 = CARTESIAN_POINT('',(-5.663290313723,7.478987112189,0.));
#2443 = CARTESIAN_POINT('',(-5.550862450122,7.274299413545,0.));
#2444 = CARTESIAN_POINT('',(-5.502837317321,7.197072129575,0.));
#2445 = VECTOR('',#2446,1.);
#2446 = DIRECTION('',(-0.,-0.,-1.));
#2447 = ADVANCED_FACE('',(#2448),#2475,.F.);
#2448 = FACE_BOUND('',#2449,.F.);
#2449 = EDGE_LOOP('',(#2450,#2451,#2460,#2468));
#2450 = ORIENTED_EDGE('',*,*,#2423,.T.);
#2451 = ORIENTED_EDGE('',*,*,#2452,.T.);
#2452 = EDGE_CURVE('',#2414,#2453,#2455,.T.);
#2453 = VERTEX_POINT('',#2454);
#2454 = CARTESIAN_POINT('',(-5.550053449941,6.893432142467,12.));
#2455 = CIRCLE('',#2456,0.228);
#2456 = AXIS2_PLACEMENT_3D('',#2457,#2458,#2459);
#2457 = CARTESIAN_POINT('',(-5.692900705783,7.071136001453,12.));
#2458 = DIRECTION('',(0.,0.,-1.));
#2459 = DIRECTION('',(0.833611352903,0.552351439131,0.));
#2460 = ORIENTED_EDGE('',*,*,#2461,.F.);
#2461 = EDGE_CURVE('',#2462,#2453,#2464,.T.);
#2462 = VERTEX_POINT('',#2463);
#2463 = CARTESIAN_POINT('',(-5.550053449941,6.893432142467,0.));
#2464 = LINE('',#2465,#2466);
#2465 = CARTESIAN_POINT('',(-5.550053449941,6.893432142467,0.));
#2466 = VECTOR('',#2467,1.);
#2467 = DIRECTION('',(0.,0.,1.));
#2468 = ORIENTED_EDGE('',*,*,#2469,.F.);
#2469 = EDGE_CURVE('',#2424,#2462,#2470,.T.);
#2470 = CIRCLE('',#2471,0.228);
#2471 = AXIS2_PLACEMENT_3D('',#2472,#2473,#2474);
#2472 = CARTESIAN_POINT('',(-5.692900705783,7.071136001453,0.));
#2473 = DIRECTION('',(0.,0.,-1.));
#2474 = DIRECTION('',(0.833611352903,0.552351439131,0.));
#2475 = CYLINDRICAL_SURFACE('',#2476,0.228);
#2476 = AXIS2_PLACEMENT_3D('',#2477,#2478,#2479);
#2477 = CARTESIAN_POINT('',(-5.692900705783,7.071136001453,0.));
#2478 = DIRECTION('',(0.,0.,-1.));
#2479 = DIRECTION('',(0.833611352903,0.552351439131,0.));
#2480 = ADVANCED_FACE('',(#2481),#2508,.T.);
#2481 = FACE_BOUND('',#2482,.F.);
#2482 = EDGE_LOOP('',(#2483,#2484,#2493,#2501));
#2483 = ORIENTED_EDGE('',*,*,#2461,.T.);
#2484 = ORIENTED_EDGE('',*,*,#2485,.T.);
#2485 = EDGE_CURVE('',#2453,#2486,#2488,.T.);
#2486 = VERTEX_POINT('',#2487);
#2487 = CARTESIAN_POINT('',(-5.678215062035,6.788252625623,12.));
#2488 = CIRCLE('',#2489,8.849999999973);
#2489 = AXIS2_PLACEMENT_3D('',#2490,#2491,#2492);
#2490 = CARTESIAN_POINT('',(-1.716982112043E-11,2.090905226737E-11,12.)
  );
#2491 = DIRECTION('',(0.,0.,1.));
#2492 = DIRECTION('',(-0.627124683609,0.778918886154,0.));
#2493 = ORIENTED_EDGE('',*,*,#2494,.F.);
#2494 = EDGE_CURVE('',#2495,#2486,#2497,.T.);
#2495 = VERTEX_POINT('',#2496);
#2496 = CARTESIAN_POINT('',(-5.678215062035,6.788252625623,0.));
#2497 = LINE('',#2498,#2499);
#2498 = CARTESIAN_POINT('',(-5.678215062035,6.788252625623,0.));
#2499 = VECTOR('',#2500,1.);
#2500 = DIRECTION('',(0.,0.,1.));
#2501 = ORIENTED_EDGE('',*,*,#2502,.F.);
#2502 = EDGE_CURVE('',#2462,#2495,#2503,.T.);
#2503 = CIRCLE('',#2504,8.849999999973);
#2504 = AXIS2_PLACEMENT_3D('',#2505,#2506,#2507);
#2505 = CARTESIAN_POINT('',(-1.716982112043E-11,2.090905226737E-11,0.));
#2506 = DIRECTION('',(0.,0.,1.));
#2507 = DIRECTION('',(-0.627124683609,0.778918886154,0.));
#2508 = CYLINDRICAL_SURFACE('',#2509,8.849999999973);
#2509 = AXIS2_PLACEMENT_3D('',#2510,#2511,#2512);
#2510 = CARTESIAN_POINT('',(-1.716982112043E-11,2.090905226737E-11,0.));
#2511 = DIRECTION('',(-0.,-0.,-1.));
#2512 = DIRECTION('',(-0.627124683609,0.778918886154,0.));
#2513 = ADVANCED_FACE('',(#2514),#2541,.F.);
#2514 = FACE_BOUND('',#2515,.F.);
#2515 = EDGE_LOOP('',(#2516,#2517,#2526,#2534));
#2516 = ORIENTED_EDGE('',*,*,#2494,.T.);
#2517 = ORIENTED_EDGE('',*,*,#2518,.T.);
#2518 = EDGE_CURVE('',#2486,#2519,#2521,.T.);
#2519 = VERTEX_POINT('',#2520);
#2520 = CARTESIAN_POINT('',(-5.98522237241,6.801172110176,12.));
#2521 = CIRCLE('',#2522,0.228);
#2522 = AXIS2_PLACEMENT_3D('',#2523,#2524,#2525);
#2523 = CARTESIAN_POINT('',(-5.824635834666,6.963023782689,12.));
#2524 = DIRECTION('',(0.,-0.,-1.));
#2525 = DIRECTION('',(0.642196371189,-0.766540162569,0.));
#2526 = ORIENTED_EDGE('',*,*,#2527,.F.);
#2527 = EDGE_CURVE('',#2528,#2519,#2530,.T.);
#2528 = VERTEX_POINT('',#2529);
#2529 = CARTESIAN_POINT('',(-5.98522237241,6.801172110176,0.));
#2530 = LINE('',#2531,#2532);
#2531 = CARTESIAN_POINT('',(-5.98522237241,6.801172110176,0.));
#2532 = VECTOR('',#2533,1.);
#2533 = DIRECTION('',(0.,0.,1.));
#2534 = ORIENTED_EDGE('',*,*,#2535,.F.);
#2535 = EDGE_CURVE('',#2495,#2528,#2536,.T.);
#2536 = CIRCLE('',#2537,0.228);
#2537 = AXIS2_PLACEMENT_3D('',#2538,#2539,#2540);
#2538 = CARTESIAN_POINT('',(-5.824635834666,6.963023782689,0.));
#2539 = DIRECTION('',(0.,-0.,-1.));
#2540 = DIRECTION('',(0.642196371189,-0.766540162569,0.));
#2541 = CYLINDRICAL_SURFACE('',#2542,0.228);
#2542 = AXIS2_PLACEMENT_3D('',#2543,#2544,#2545);
#2543 = CARTESIAN_POINT('',(-5.824635834666,6.963023782689,0.));
#2544 = DIRECTION('',(0.,0.,-1.));
#2545 = DIRECTION('',(0.642196371189,-0.766540162569,0.));
#2546 = ADVANCED_FACE('',(#2547),#2576,.F.);
#2547 = FACE_BOUND('',#2548,.F.);
#2548 = EDGE_LOOP('',(#2549,#2550,#2560,#2568));
#2549 = ORIENTED_EDGE('',*,*,#2527,.T.);
#2550 = ORIENTED_EDGE('',*,*,#2551,.T.);
#2551 = EDGE_CURVE('',#2519,#2552,#2554,.T.);
#2552 = VERTEX_POINT('',#2553);
#2553 = CARTESIAN_POINT('',(-7.053333375481,7.368160327789,12.));
#2554 = B_SPLINE_CURVE_WITH_KNOTS('',4,(#2555,#2556,#2557,#2558,#2559),
  .UNSPECIFIED.,.F.,.F.,(5,5),(0.,1.),.PIECEWISE_BEZIER_KNOTS.);
#2555 = CARTESIAN_POINT('',(-5.98522237241,6.801172110176,12.));
#2556 = CARTESIAN_POINT('',(-6.051606247189,6.863349599653,12.));
#2557 = CARTESIAN_POINT('',(-6.230427340985,7.013549782422,12.));
#2558 = CARTESIAN_POINT('',(-6.561111271964,7.205905376772,12.));
#2559 = CARTESIAN_POINT('',(-7.053333375481,7.368160327789,12.));
#2560 = ORIENTED_EDGE('',*,*,#2561,.F.);
#2561 = EDGE_CURVE('',#2562,#2552,#2564,.T.);
#2562 = VERTEX_POINT('',#2563);
#2563 = CARTESIAN_POINT('',(-7.053333375481,7.368160327789,0.));
#2564 = LINE('',#2565,#2566);
#2565 = CARTESIAN_POINT('',(-7.053333375481,7.368160327789,0.));
#2566 = VECTOR('',#2567,1.);
#2567 = DIRECTION('',(0.,0.,1.));
#2568 = ORIENTED_EDGE('',*,*,#2569,.F.);
#2569 = EDGE_CURVE('',#2528,#2562,#2570,.T.);
#2570 = B_SPLINE_CURVE_WITH_KNOTS('',4,(#2571,#2572,#2573,#2574,#2575),
  .UNSPECIFIED.,.F.,.F.,(5,5),(0.,1.),.PIECEWISE_BEZIER_KNOTS.);
#2571 = CARTESIAN_POINT('',(-5.98522237241,6.801172110176,0.));
#2572 = CARTESIAN_POINT('',(-6.051606247189,6.863349599653,0.));
#2573 = CARTESIAN_POINT('',(-6.230427340985,7.013549782422,0.));
#2574 = CARTESIAN_POINT('',(-6.561111271964,7.205905376772,0.));
#2575 = CARTESIAN_POINT('',(-7.053333375481,7.368160327789,0.));
#2576 = SURFACE_OF_LINEAR_EXTRUSION('',#2577,#2583);
#2577 = B_SPLINE_CURVE_WITH_KNOTS('',4,(#2578,#2579,#2580,#2581,#2582),
  .UNSPECIFIED.,.F.,.F.,(5,5),(0.,1.),.PIECEWISE_BEZIER_KNOTS.);
#2578 = CARTESIAN_POINT('',(-5.98522237241,6.801172110176,0.));
#2579 = CARTESIAN_POINT('',(-6.051606247189,6.863349599653,0.));
#2580 = CARTESIAN_POINT('',(-6.230427340985,7.013549782422,0.));
#2581 = CARTESIAN_POINT('',(-6.561111271964,7.205905376772,0.));
#2582 = CARTESIAN_POINT('',(-7.053333375481,7.368160327789,0.));
#2583 = VECTOR('',#2584,1.);
#2584 = DIRECTION('',(-0.,-0.,-1.));
#2585 = ADVANCED_FACE('',(#2586),#2613,.T.);
#2586 = FACE_BOUND('',#2587,.F.);
#2587 = EDGE_LOOP('',(#2588,#2589,#2598,#2606));
#2588 = ORIENTED_EDGE('',*,*,#2561,.T.);
#2589 = ORIENTED_EDGE('',*,*,#2590,.T.);
#2590 = EDGE_CURVE('',#2552,#2591,#2593,.T.);
#2591 = VERTEX_POINT('',#2592);
#2592 = CARTESIAN_POINT('',(-7.368383705182,7.053149762567,12.));
#2593 = CIRCLE('',#2594,10.200000000007);
#2594 = AXIS2_PLACEMENT_3D('',#2595,#2596,#2597);
#2595 = CARTESIAN_POINT('',(-5.446844123123E-04,-5.689846020887E-04,12.)
  );
#2596 = DIRECTION('',(0.,0.,1.));
#2597 = DIRECTION('',(-0.691449871673,0.722424442391,0.));
#2598 = ORIENTED_EDGE('',*,*,#2599,.F.);
#2599 = EDGE_CURVE('',#2600,#2591,#2602,.T.);
#2600 = VERTEX_POINT('',#2601);
#2601 = CARTESIAN_POINT('',(-7.368383705182,7.053149762567,0.));
#2602 = LINE('',#2603,#2604);
#2603 = CARTESIAN_POINT('',(-7.368383705182,7.053149762567,0.));
#2604 = VECTOR('',#2605,1.);
#2605 = DIRECTION('',(0.,0.,1.));
#2606 = ORIENTED_EDGE('',*,*,#2607,.F.);
#2607 = EDGE_CURVE('',#2562,#2600,#2608,.T.);
#2608 = CIRCLE('',#2609,10.200000000007);
#2609 = AXIS2_PLACEMENT_3D('',#2610,#2611,#2612);
#2610 = CARTESIAN_POINT('',(-5.446844123123E-04,-5.689846020887E-04,0.)
  );
#2611 = DIRECTION('',(0.,0.,1.));
#2612 = DIRECTION('',(-0.691449871673,0.722424442391,0.));
#2613 = CYLINDRICAL_SURFACE('',#2614,10.200000000007);
#2614 = AXIS2_PLACEMENT_3D('',#2615,#2616,#2617);
#2615 = CARTESIAN_POINT('',(-5.446844123123E-04,-5.689846020887E-04,0.)
  );
#2616 = DIRECTION('',(-0.,-0.,-1.));
#2617 = DIRECTION('',(-0.691449871673,0.722424442391,0.));
#2618 = ADVANCED_FACE('',(#2619),#2648,.F.);
#2619 = FACE_BOUND('',#2620,.F.);
#2620 = EDGE_LOOP('',(#2621,#2622,#2632,#2640));
#2621 = ORIENTED_EDGE('',*,*,#2599,.T.);
#2622 = ORIENTED_EDGE('',*,*,#2623,.T.);
#2623 = EDGE_CURVE('',#2591,#2624,#2626,.T.);
#2624 = VERTEX_POINT('',#2625);
#2625 = CARTESIAN_POINT('',(-6.801180960614,5.985232102449,12.));
#2626 = B_SPLINE_CURVE_WITH_KNOTS('',4,(#2627,#2628,#2629,#2630,#2631),
  .UNSPECIFIED.,.F.,.F.,(5,5),(0.,1.),.PIECEWISE_BEZIER_KNOTS.);
#2627 = CARTESIAN_POINT('',(-7.368383705182,7.053149762567,12.));
#2628 = CARTESIAN_POINT('',(-7.205905376772,6.561111271964,12.));
#2629 = CARTESIAN_POINT('',(-7.013549782422,6.230427340985,12.));
#2630 = CARTESIAN_POINT('',(-6.863349599653,6.051606247189,12.));
#2631 = CARTESIAN_POINT('',(-6.801180960614,5.985232102449,12.));
#2632 = ORIENTED_EDGE('',*,*,#2633,.F.);
#2633 = EDGE_CURVE('',#2634,#2624,#2636,.T.);
#2634 = VERTEX_POINT('',#2635);
#2635 = CARTESIAN_POINT('',(-6.801180960614,5.985232102449,0.));
#2636 = LINE('',#2637,#2638);
#2637 = CARTESIAN_POINT('',(-6.801180960614,5.985232102449,0.));
#2638 = VECTOR('',#2639,1.);
#2639 = DIRECTION('',(0.,0.,1.));
#2640 = ORIENTED_EDGE('',*,*,#2641,.F.);
#2641 = EDGE_CURVE('',#2600,#2634,#2642,.T.);
#2642 = B_SPLINE_CURVE_WITH_KNOTS('',4,(#2643,#2644,#2645,#2646,#2647),
  .UNSPECIFIED.,.F.,.F.,(5,5),(0.,1.),.PIECEWISE_BEZIER_KNOTS.);
#2643 = CARTESIAN_POINT('',(-7.368383705182,7.053149762567,0.));
#2644 = CARTESIAN_POINT('',(-7.205905376772,6.561111271964,0.));
#2645 = CARTESIAN_POINT('',(-7.013549782422,6.230427340985,0.));
#2646 = CARTESIAN_POINT('',(-6.863349599653,6.051606247189,0.));
#2647 = CARTESIAN_POINT('',(-6.801180960614,5.985232102449,0.));
#2648 = SURFACE_OF_LINEAR_EXTRUSION('',#2649,#2655);
#2649 = B_SPLINE_CURVE_WITH_KNOTS('',4,(#2650,#2651,#2652,#2653,#2654),
  .UNSPECIFIED.,.F.,.F.,(5,5),(0.,1.),.PIECEWISE_BEZIER_KNOTS.);
#2650 = CARTESIAN_POINT('',(-7.368383705182,7.053149762567,0.));
#2651 = CARTESIAN_POINT('',(-7.205905376772,6.561111271964,0.));
#2652 = CARTESIAN_POINT('',(-7.013549782422,6.230427340985,0.));
#2653 = CARTESIAN_POINT('',(-6.863349599653,6.051606247189,0.));
#2654 = CARTESIAN_POINT('',(-6.801180960614,5.985232102449,0.));
#2655 = VECTOR('',#2656,1.);
#2656 = DIRECTION('',(-0.,-0.,-1.));
#2657 = ADVANCED_FACE('',(#2658),#2685,.F.);
#2658 = FACE_BOUND('',#2659,.F.);
#2659 = EDGE_LOOP('',(#2660,#2661,#2670,#2678));
#2660 = ORIENTED_EDGE('',*,*,#2633,.T.);
#2661 = ORIENTED_EDGE('',*,*,#2662,.T.);
#2662 = EDGE_CURVE('',#2624,#2663,#2665,.T.);
#2663 = VERTEX_POINT('',#2664);
#2664 = CARTESIAN_POINT('',(-6.788252625623,5.678215062035,12.));
#2665 = CIRCLE('',#2666,0.228);
#2666 = AXIS2_PLACEMENT_3D('',#2667,#2668,#2669);
#2667 = CARTESIAN_POINT('',(-6.963023414572,5.824636274058,12.));
#2668 = DIRECTION('',(0.,0.,-1.));
#2669 = DIRECTION('',(0.709835324378,0.704367668384,0.));
#2670 = ORIENTED_EDGE('',*,*,#2671,.F.);
#2671 = EDGE_CURVE('',#2672,#2663,#2674,.T.);
#2672 = VERTEX_POINT('',#2673);
#2673 = CARTESIAN_POINT('',(-6.788252625623,5.678215062035,0.));
#2674 = LINE('',#2675,#2676);
#2675 = CARTESIAN_POINT('',(-6.788252625623,5.678215062035,0.));
#2676 = VECTOR('',#2677,1.);
#2677 = DIRECTION('',(0.,0.,1.));
#2678 = ORIENTED_EDGE('',*,*,#2679,.F.);
#2679 = EDGE_CURVE('',#2634,#2672,#2680,.T.);
#2680 = CIRCLE('',#2681,0.228);
#2681 = AXIS2_PLACEMENT_3D('',#2682,#2683,#2684);
#2682 = CARTESIAN_POINT('',(-6.963023414572,5.824636274058,0.));
#2683 = DIRECTION('',(0.,0.,-1.));
#2684 = DIRECTION('',(0.709835324378,0.704367668384,0.));
#2685 = CYLINDRICAL_SURFACE('',#2686,0.228);
#2686 = AXIS2_PLACEMENT_3D('',#2687,#2688,#2689);
#2687 = CARTESIAN_POINT('',(-6.963023414572,5.824636274058,0.));
#2688 = DIRECTION('',(0.,0.,-1.));
#2689 = DIRECTION('',(0.709835324378,0.704367668384,0.));
#2690 = ADVANCED_FACE('',(#2691),#2718,.T.);
#2691 = FACE_BOUND('',#2692,.F.);
#2692 = EDGE_LOOP('',(#2693,#2694,#2703,#2711));
#2693 = ORIENTED_EDGE('',*,*,#2671,.T.);
#2694 = ORIENTED_EDGE('',*,*,#2695,.T.);
#2695 = EDGE_CURVE('',#2663,#2696,#2698,.T.);
#2696 = VERTEX_POINT('',#2697);
#2697 = CARTESIAN_POINT('',(-6.893432142467,5.550053449941,12.));
#2698 = CIRCLE('',#2699,8.849999999973);
#2699 = AXIS2_PLACEMENT_3D('',#2700,#2701,#2702);
#2700 = CARTESIAN_POINT('',(-2.084643568878E-11,1.712274766419E-11,12.)
  );
#2701 = DIRECTION('',(0.,0.,1.));
#2702 = DIRECTION('',(-0.767034194986,0.641606221699,0.));
#2703 = ORIENTED_EDGE('',*,*,#2704,.F.);
#2704 = EDGE_CURVE('',#2705,#2696,#2707,.T.);
#2705 = VERTEX_POINT('',#2706);
#2706 = CARTESIAN_POINT('',(-6.893432142467,5.550053449941,0.));
#2707 = LINE('',#2708,#2709);
#2708 = CARTESIAN_POINT('',(-6.893432142467,5.550053449941,0.));
#2709 = VECTOR('',#2710,1.);
#2710 = DIRECTION('',(0.,0.,1.));
#2711 = ORIENTED_EDGE('',*,*,#2712,.F.);
#2712 = EDGE_CURVE('',#2672,#2705,#2713,.T.);
#2713 = CIRCLE('',#2714,8.849999999973);
#2714 = AXIS2_PLACEMENT_3D('',#2715,#2716,#2717);
#2715 = CARTESIAN_POINT('',(-2.084643568878E-11,1.712274766419E-11,0.));
#2716 = DIRECTION('',(0.,0.,1.));
#2717 = DIRECTION('',(-0.767034194986,0.641606221699,0.));
#2718 = CYLINDRICAL_SURFACE('',#2719,8.849999999973);
#2719 = AXIS2_PLACEMENT_3D('',#2720,#2721,#2722);
#2720 = CARTESIAN_POINT('',(-2.084643568878E-11,1.712274766419E-11,0.));
#2721 = DIRECTION('',(-0.,-0.,-1.));
#2722 = DIRECTION('',(-0.767034194986,0.641606221699,0.));
#2723 = ADVANCED_FACE('',(#2724),#2751,.F.);
#2724 = FACE_BOUND('',#2725,.F.);
#2725 = EDGE_LOOP('',(#2726,#2727,#2736,#2744));
#2726 = ORIENTED_EDGE('',*,*,#2704,.T.);
#2727 = ORIENTED_EDGE('',*,*,#2728,.T.);
#2728 = EDGE_CURVE('',#2696,#2729,#2731,.T.);
#2729 = VERTEX_POINT('',#2730);
#2730 = CARTESIAN_POINT('',(-7.197060859861,5.502830535178,12.));
#2731 = CIRCLE('',#2732,0.228);
#2732 = AXIS2_PLACEMENT_3D('',#2733,#2734,#2735);
#2733 = CARTESIAN_POINT('',(-7.07113564232,5.692901152548,12.));
#2734 = DIRECTION('',(0.,-0.,-1.));
#2735 = DIRECTION('',(0.779401315145,-0.626525011432,0.));
#2736 = ORIENTED_EDGE('',*,*,#2737,.F.);
#2737 = EDGE_CURVE('',#2738,#2729,#2740,.T.);
#2738 = VERTEX_POINT('',#2739);
#2739 = CARTESIAN_POINT('',(-7.197060859861,5.502830535178,0.));
#2740 = LINE('',#2741,#2742);
#2741 = CARTESIAN_POINT('',(-7.197060859861,5.502830535178,0.));
#2742 = VECTOR('',#2743,1.);
#2743 = DIRECTION('',(0.,0.,1.));
#2744 = ORIENTED_EDGE('',*,*,#2745,.F.);
#2745 = EDGE_CURVE('',#2705,#2738,#2746,.T.);
#2746 = CIRCLE('',#2747,0.228);
#2747 = AXIS2_PLACEMENT_3D('',#2748,#2749,#2750);
#2748 = CARTESIAN_POINT('',(-7.07113564232,5.692901152548,0.));
#2749 = DIRECTION('',(0.,-0.,-1.));
#2750 = DIRECTION('',(0.779401315145,-0.626525011432,0.));
#2751 = CYLINDRICAL_SURFACE('',#2752,0.228);
#2752 = AXIS2_PLACEMENT_3D('',#2753,#2754,#2755);
#2753 = CARTESIAN_POINT('',(-7.07113564232,5.692901152548,0.));
#2754 = DIRECTION('',(0.,0.,-1.));
#2755 = DIRECTION('',(0.779401315145,-0.626525011432,0.));
#2756 = ADVANCED_FACE('',(#2757),#2786,.F.);
#2757 = FACE_BOUND('',#2758,.F.);
#2758 = EDGE_LOOP('',(#2759,#2760,#2770,#2778));
#2759 = ORIENTED_EDGE('',*,*,#2737,.T.);
#2760 = ORIENTED_EDGE('',*,*,#2761,.T.);
#2761 = EDGE_CURVE('',#2729,#2762,#2764,.T.);
#2762 = VERTEX_POINT('',#2763);
#2763 = CARTESIAN_POINT('',(-8.355262323463,5.850546113637,12.));
#2764 = B_SPLINE_CURVE_WITH_KNOTS('',4,(#2765,#2766,#2767,#2768,#2769),
  .UNSPECIFIED.,.F.,.F.,(5,5),(0.,1.),.PIECEWISE_BEZIER_KNOTS.);
#2765 = CARTESIAN_POINT('',(-7.197060859861,5.502830535178,12.));
#2766 = CARTESIAN_POINT('',(-7.274299413545,5.550862450122,12.));
#2767 = CARTESIAN_POINT('',(-7.478987112189,5.663290313723,12.));
#2768 = CARTESIAN_POINT('',(-7.840843759002,5.787436614685,12.));
#2769 = CARTESIAN_POINT('',(-8.355262323463,5.850546113637,12.));
#2770 = ORIENTED_EDGE('',*,*,#2771,.F.);
#2771 = EDGE_CURVE('',#2772,#2762,#2774,.T.);
#2772 = VERTEX_POINT('',#2773);
#2773 = CARTESIAN_POINT('',(-8.355262323463,5.850546113637,0.));
#2774 = LINE('',#2775,#2776);
#2775 = CARTESIAN_POINT('',(-8.355262323463,5.850546113637,0.));
#2776 = VECTOR('',#2777,1.);
#2777 = DIRECTION('',(0.,0.,1.));
#2778 = ORIENTED_EDGE('',*,*,#2779,.F.);
#2779 = EDGE_CURVE('',#2738,#2772,#2780,.T.);
#2780 = B_SPLINE_CURVE_WITH_KNOTS('',4,(#2781,#2782,#2783,#2784,#2785),
  .UNSPECIFIED.,.F.,.F.,(5,5),(0.,1.),.PIECEWISE_BEZIER_KNOTS.);
#2781 = CARTESIAN_POINT('',(-7.197060859861,5.502830535178,0.));
#2782 = CARTESIAN_POINT('',(-7.274299413545,5.550862450122,0.));
#2783 = CARTESIAN_POINT('',(-7.478987112189,5.663290313723,0.));
#2784 = CARTESIAN_POINT('',(-7.840843759002,5.787436614685,0.));
#2785 = CARTESIAN_POINT('',(-8.355262323463,5.850546113637,0.));
#2786 = SURFACE_OF_LINEAR_EXTRUSION('',#2787,#2793);
#2787 = B_SPLINE_CURVE_WITH_KNOTS('',4,(#2788,#2789,#2790,#2791,#2792),
  .UNSPECIFIED.,.F.,.F.,(5,5),(0.,1.),.PIECEWISE_BEZIER_KNOTS.);
#2788 = CARTESIAN_POINT('',(-7.197060859861,5.502830535178,0.));
#2789 = CARTESIAN_POINT('',(-7.274299413545,5.550862450122,0.));
#2790 = CARTESIAN_POINT('',(-7.478987112189,5.663290313723,0.));
#2791 = CARTESIAN_POINT('',(-7.840843759002,5.787436614685,0.));
#2792 = CARTESIAN_POINT('',(-8.355262323463,5.850546113637,0.));
#2793 = VECTOR('',#2794,1.);
#2794 = DIRECTION('',(-0.,-0.,-1.));
#2795 = ADVANCED_FACE('',(#2796),#2823,.T.);
#2796 = FACE_BOUND('',#2797,.F.);
#2797 = EDGE_LOOP('',(#2798,#2799,#2808,#2816));
#2798 = ORIENTED_EDGE('',*,*,#2771,.T.);
#2799 = ORIENTED_EDGE('',*,*,#2800,.T.);
#2800 = EDGE_CURVE('',#2762,#2801,#2803,.T.);
#2801 = VERTEX_POINT('',#2802);
#2802 = CARTESIAN_POINT('',(-8.602803536813,5.480125117823,12.));
#2803 = CIRCLE('',#2804,10.200000000001);
#2804 = AXIS2_PLACEMENT_3D('',#2805,#2806,#2807);
#2805 = CARTESIAN_POINT('',(-4.232150702101E-04,-6.643143763156E-04,12.)
  );
#2806 = DIRECTION('',(0.,0.,1.));
#2807 = DIRECTION('',(-0.819101873372,0.573648081178,0.));
#2808 = ORIENTED_EDGE('',*,*,#2809,.F.);
#2809 = EDGE_CURVE('',#2810,#2801,#2812,.T.);
#2810 = VERTEX_POINT('',#2811);
#2811 = CARTESIAN_POINT('',(-8.602803536813,5.480125117823,0.));
#2812 = LINE('',#2813,#2814);
#2813 = CARTESIAN_POINT('',(-8.602803536813,5.480125117823,0.));
#2814 = VECTOR('',#2815,1.);
#2815 = DIRECTION('',(0.,0.,1.));
#2816 = ORIENTED_EDGE('',*,*,#2817,.F.);
#2817 = EDGE_CURVE('',#2772,#2810,#2818,.T.);
#2818 = CIRCLE('',#2819,10.200000000001);
#2819 = AXIS2_PLACEMENT_3D('',#2820,#2821,#2822);
#2820 = CARTESIAN_POINT('',(-4.232150702101E-04,-6.643143763156E-04,0.)
  );
#2821 = DIRECTION('',(0.,0.,1.));
#2822 = DIRECTION('',(-0.819101873372,0.573648081178,0.));
#2823 = CYLINDRICAL_SURFACE('',#2824,10.200000000001);
#2824 = AXIS2_PLACEMENT_3D('',#2825,#2826,#2827);
#2825 = CARTESIAN_POINT('',(-4.232150702101E-04,-6.643143763156E-04,0.)
  );
#2826 = DIRECTION('',(-0.,-0.,-1.));
#2827 = DIRECTION('',(-0.819101873372,0.573648081178,0.));
#2828 = ADVANCED_FACE('',(#2829),#2858,.F.);
#2829 = FACE_BOUND('',#2830,.F.);
#2830 = EDGE_LOOP('',(#2831,#2832,#2842,#2850));
#2831 = ORIENTED_EDGE('',*,*,#2809,.T.);
#2832 = ORIENTED_EDGE('',*,*,#2833,.T.);
#2833 = EDGE_CURVE('',#2801,#2834,#2836,.T.);
#2834 = VERTEX_POINT('',#2835);
#2835 = CARTESIAN_POINT('',(-7.838159033737,4.543382962183,12.));
#2836 = B_SPLINE_CURVE_WITH_KNOTS('',4,(#2837,#2838,#2839,#2840,#2841),
  .UNSPECIFIED.,.F.,.F.,(5,5),(0.,1.),.PIECEWISE_BEZIER_KNOTS.);
#2837 = CARTESIAN_POINT('',(-8.602803536813,5.480125117823,12.));
#2838 = CARTESIAN_POINT('',(-8.347455236347,5.029238958258,12.));
#2839 = CARTESIAN_POINT('',(-8.094282466225,4.742435741132,12.));
#2840 = CARTESIAN_POINT('',(-7.91208207308,4.596353246534,12.));
#2841 = CARTESIAN_POINT('',(-7.838159033737,4.543382962183,12.));
#2842 = ORIENTED_EDGE('',*,*,#2843,.F.);
#2843 = EDGE_CURVE('',#2844,#2834,#2846,.T.);
#2844 = VERTEX_POINT('',#2845);
#2845 = CARTESIAN_POINT('',(-7.838159033737,4.543382962183,0.));
#2846 = LINE('',#2847,#2848);
#2847 = CARTESIAN_POINT('',(-7.838159033737,4.543382962183,0.));
#2848 = VECTOR('',#2849,1.);
#2849 = DIRECTION('',(0.,0.,1.));
#2850 = ORIENTED_EDGE('',*,*,#2851,.F.);
#2851 = EDGE_CURVE('',#2810,#2844,#2852,.T.);
#2852 = B_SPLINE_CURVE_WITH_KNOTS('',4,(#2853,#2854,#2855,#2856,#2857),
  .UNSPECIFIED.,.F.,.F.,(5,5),(0.,1.),.PIECEWISE_BEZIER_KNOTS.);
#2853 = CARTESIAN_POINT('',(-8.602803536813,5.480125117823,0.));
#2854 = CARTESIAN_POINT('',(-8.347455236347,5.029238958258,0.));
#2855 = CARTESIAN_POINT('',(-8.094282466225,4.742435741132,0.));
#2856 = CARTESIAN_POINT('',(-7.91208207308,4.596353246534,0.));
#2857 = CARTESIAN_POINT('',(-7.838159033737,4.543382962183,0.));
#2858 = SURFACE_OF_LINEAR_EXTRUSION('',#2859,#2865);
#2859 = B_SPLINE_CURVE_WITH_KNOTS('',4,(#2860,#2861,#2862,#2863,#2864),
  .UNSPECIFIED.,.F.,.F.,(5,5),(0.,1.),.PIECEWISE_BEZIER_KNOTS.);
#2860 = CARTESIAN_POINT('',(-8.602803536813,5.480125117823,0.));
#2861 = CARTESIAN_POINT('',(-8.347455236347,5.029238958258,0.));
#2862 = CARTESIAN_POINT('',(-8.094282466225,4.742435741132,0.));
#2863 = CARTESIAN_POINT('',(-7.91208207308,4.596353246534,0.));
#2864 = CARTESIAN_POINT('',(-7.838159033737,4.543382962183,0.));
#2865 = VECTOR('',#2866,1.);
#2866 = DIRECTION('',(-0.,-0.,-1.));
#2867 = ADVANCED_FACE('',(#2868),#2895,.F.);
#2868 = FACE_BOUND('',#2869,.F.);
#2869 = EDGE_LOOP('',(#2870,#2871,#2880,#2888));
#2870 = ORIENTED_EDGE('',*,*,#2843,.T.);
#2871 = ORIENTED_EDGE('',*,*,#2872,.T.);
#2872 = EDGE_CURVE('',#2834,#2873,#2875,.T.);
#2873 = VERTEX_POINT('',#2874);
#2874 = CARTESIAN_POINT('',(-7.765583059799,4.244787361148,12.));
#2875 = CIRCLE('',#2876,0.228);
#2876 = AXIS2_PLACEMENT_3D('',#2877,#2878,#2879);
#2877 = CARTESIAN_POINT('',(-7.965561038448,4.354299041144,12.));
#2878 = DIRECTION('',(0.,0.,-1.));
#2879 = DIRECTION('',(0.558780722418,0.829315443154,0.));
#2880 = ORIENTED_EDGE('',*,*,#2881,.F.);
#2881 = EDGE_CURVE('',#2882,#2873,#2884,.T.);
#2882 = VERTEX_POINT('',#2883);
#2883 = CARTESIAN_POINT('',(-7.765583059799,4.244787361148,0.));
#2884 = LINE('',#2885,#2886);
#2885 = CARTESIAN_POINT('',(-7.765583059799,4.244787361148,0.));
#2886 = VECTOR('',#2887,1.);
#2887 = DIRECTION('',(0.,0.,1.));
#2888 = ORIENTED_EDGE('',*,*,#2889,.F.);
#2889 = EDGE_CURVE('',#2844,#2882,#2890,.T.);
#2890 = CIRCLE('',#2891,0.228);
#2891 = AXIS2_PLACEMENT_3D('',#2892,#2893,#2894);
#2892 = CARTESIAN_POINT('',(-7.965561038448,4.354299041144,0.));
#2893 = DIRECTION('',(0.,0.,-1.));
#2894 = DIRECTION('',(0.558780722418,0.829315443154,0.));
#2895 = CYLINDRICAL_SURFACE('',#2896,0.228);
#2896 = AXIS2_PLACEMENT_3D('',#2897,#2898,#2899);
#2897 = CARTESIAN_POINT('',(-7.965561038448,4.354299041144,0.));
#2898 = DIRECTION('',(0.,0.,-1.));
#2899 = DIRECTION('',(0.558780722418,0.829315443154,0.));
#2900 = ADVANCED_FACE('',(#2901),#2928,.T.);
#2901 = FACE_BOUND('',#2902,.F.);
#2902 = EDGE_LOOP('',(#2903,#2904,#2913,#2921));
#2903 = ORIENTED_EDGE('',*,*,#2881,.T.);
#2904 = ORIENTED_EDGE('',*,*,#2905,.T.);
#2905 = EDGE_CURVE('',#2873,#2906,#2908,.T.);
#2906 = VERTEX_POINT('',#2907);
#2907 = CARTESIAN_POINT('',(-7.843738491546,4.098568832683,12.));
#2908 = CIRCLE('',#2909,8.850000000012);
#2909 = AXIS2_PLACEMENT_3D('',#2910,#2911,#2912);
#2910 = CARTESIAN_POINT('',(1.028288565408E-11,-5.507150291351E-12,12.)
  );
#2911 = DIRECTION('',(0.,0.,1.));
#2912 = DIRECTION('',(-0.877467012407,0.47963698996,0.));
#2913 = ORIENTED_EDGE('',*,*,#2914,.F.);
#2914 = EDGE_CURVE('',#2915,#2906,#2917,.T.);
#2915 = VERTEX_POINT('',#2916);
#2916 = CARTESIAN_POINT('',(-7.843738491546,4.098568832683,0.));
#2917 = LINE('',#2918,#2919);
#2918 = CARTESIAN_POINT('',(-7.843738491546,4.098568832683,0.));
#2919 = VECTOR('',#2920,1.);
#2920 = DIRECTION('',(0.,0.,1.));
#2921 = ORIENTED_EDGE('',*,*,#2922,.F.);
#2922 = EDGE_CURVE('',#2882,#2915,#2923,.T.);
#2923 = CIRCLE('',#2924,8.850000000012);
#2924 = AXIS2_PLACEMENT_3D('',#2925,#2926,#2927);
#2925 = CARTESIAN_POINT('',(1.028288565408E-11,-5.507150291351E-12,0.));
#2926 = DIRECTION('',(0.,0.,1.));
#2927 = DIRECTION('',(-0.877467012407,0.47963698996,0.));
#2928 = CYLINDRICAL_SURFACE('',#2929,8.850000000012);
#2929 = AXIS2_PLACEMENT_3D('',#2930,#2931,#2932);
#2930 = CARTESIAN_POINT('',(1.028288565408E-11,-5.507150291351E-12,0.));
#2931 = DIRECTION('',(-0.,-0.,-1.));
#2932 = DIRECTION('',(-0.877467012407,0.47963698996,0.));
#2933 = ADVANCED_FACE('',(#2934),#2961,.F.);
#2934 = FACE_BOUND('',#2935,.F.);
#2935 = EDGE_LOOP('',(#2936,#2937,#2946,#2954));
#2936 = ORIENTED_EDGE('',*,*,#2914,.T.);
#2937 = ORIENTED_EDGE('',*,*,#2938,.T.);
#2938 = EDGE_CURVE('',#2906,#2939,#2941,.T.);
#2939 = VERTEX_POINT('',#2940);
#2940 = CARTESIAN_POINT('',(-8.132320334626,3.993018268736,12.));
#2941 = CIRCLE('',#2942,0.228);
#2942 = AXIS2_PLACEMENT_3D('',#2943,#2944,#2945);
#2943 = CARTESIAN_POINT('',(-8.045895672779,4.204003523729,12.));
#2944 = DIRECTION('',(0.,-0.,-1.));
#2945 = DIRECTION('',(0.886654303653,-0.462432855466,0.));
#2946 = ORIENTED_EDGE('',*,*,#2947,.F.);
#2947 = EDGE_CURVE('',#2948,#2939,#2950,.T.);
#2948 = VERTEX_POINT('',#2949);
#2949 = CARTESIAN_POINT('',(-8.132320334626,3.993018268736,0.));
#2950 = LINE('',#2951,#2952);
#2951 = CARTESIAN_POINT('',(-8.132320334626,3.993018268736,0.));
#2952 = VECTOR('',#2953,1.);
#2953 = DIRECTION('',(0.,0.,1.));
#2954 = ORIENTED_EDGE('',*,*,#2955,.F.);
#2955 = EDGE_CURVE('',#2915,#2948,#2956,.T.);
#2956 = CIRCLE('',#2957,0.228);
#2957 = AXIS2_PLACEMENT_3D('',#2958,#2959,#2960);
#2958 = CARTESIAN_POINT('',(-8.045895672779,4.204003523729,0.));
#2959 = DIRECTION('',(0.,-0.,-1.));
#2960 = DIRECTION('',(0.886654303653,-0.462432855466,0.));
#2961 = CYLINDRICAL_SURFACE('',#2962,0.228);
#2962 = AXIS2_PLACEMENT_3D('',#2963,#2964,#2965);
#2963 = CARTESIAN_POINT('',(-8.045895672779,4.204003523729,0.));
#2964 = DIRECTION('',(0.,0.,-1.));
#2965 = DIRECTION('',(0.886654303653,-0.462432855466,0.));
#2966 = ADVANCED_FACE('',(#2967),#2996,.F.);
#2967 = FACE_BOUND('',#2968,.F.);
#2968 = EDGE_LOOP('',(#2969,#2970,#2980,#2988));
#2969 = ORIENTED_EDGE('',*,*,#2947,.T.);
#2970 = ORIENTED_EDGE('',*,*,#2971,.T.);
#2971 = EDGE_CURVE('',#2939,#2972,#2974,.T.);
#2972 = VERTEX_POINT('',#2973);
#2973 = CARTESIAN_POINT('',(-9.33610322604,4.108098693362,12.));
#2974 = B_SPLINE_CURVE_WITH_KNOTS('',4,(#2975,#2976,#2977,#2978,#2979),
  .UNSPECIFIED.,.F.,.F.,(5,5),(0.,1.),.PIECEWISE_BEZIER_KNOTS.);
#2975 = CARTESIAN_POINT('',(-8.132320334626,3.993018268736,12.));
#2976 = CARTESIAN_POINT('',(-8.217445332912,4.025058769593,12.));
#2977 = CARTESIAN_POINT('',(-8.440133602936,4.095393774279,12.));
#2978 = CARTESIAN_POINT('',(-8.819257017577,4.146559909128,12.));
#2979 = CARTESIAN_POINT('',(-9.33610322604,4.108098693362,12.));
#2980 = ORIENTED_EDGE('',*,*,#2981,.F.);
#2981 = EDGE_CURVE('',#2982,#2972,#2984,.T.);
#2982 = VERTEX_POINT('',#2983);
#2983 = CARTESIAN_POINT('',(-9.33610322604,4.108098693362,0.));
#2984 = LINE('',#2985,#2986);
#2985 = CARTESIAN_POINT('',(-9.33610322604,4.108098693362,0.));
#2986 = VECTOR('',#2987,1.);
#2987 = DIRECTION('',(0.,0.,1.));
#2988 = ORIENTED_EDGE('',*,*,#2989,.F.);
#2989 = EDGE_CURVE('',#2948,#2982,#2990,.T.);
#2990 = B_SPLINE_CURVE_WITH_KNOTS('',4,(#2991,#2992,#2993,#2994,#2995),
  .UNSPECIFIED.,.F.,.F.,(5,5),(0.,1.),.PIECEWISE_BEZIER_KNOTS.);
#2991 = CARTESIAN_POINT('',(-8.132320334626,3.993018268736,0.));
#2992 = CARTESIAN_POINT('',(-8.217445332912,4.025058769593,0.));
#2993 = CARTESIAN_POINT('',(-8.440133602936,4.095393774279,0.));
#2994 = CARTESIAN_POINT('',(-8.819257017577,4.146559909128,0.));
#2995 = CARTESIAN_POINT('',(-9.33610322604,4.108098693362,0.));
#2996 = SURFACE_OF_LINEAR_EXTRUSION('',#2997,#3003);
#2997 = B_SPLINE_CURVE_WITH_KNOTS('',4,(#2998,#2999,#3000,#3001,#3002),
  .UNSPECIFIED.,.F.,.F.,(5,5),(0.,1.),.PIECEWISE_BEZIER_KNOTS.);
#2998 = CARTESIAN_POINT('',(-8.132320334626,3.993018268736,0.));
#2999 = CARTESIAN_POINT('',(-8.217445332912,4.025058769593,0.));
#3000 = CARTESIAN_POINT('',(-8.440133602936,4.095393774279,0.));
#3001 = CARTESIAN_POINT('',(-8.819257017577,4.146559909128,0.));
#3002 = CARTESIAN_POINT('',(-9.33610322604,4.108098693362,0.));
#3003 = VECTOR('',#3004,1.);
#3004 = DIRECTION('',(-0.,-0.,-1.));
#3005 = ADVANCED_FACE('',(#3006),#3033,.T.);
#3006 = FACE_BOUND('',#3007,.F.);
#3007 = EDGE_LOOP('',(#3008,#3009,#3018,#3026));
#3008 = ORIENTED_EDGE('',*,*,#2981,.T.);
#3009 = ORIENTED_EDGE('',*,*,#3010,.T.);
#3010 = EDGE_CURVE('',#2972,#3011,#3013,.T.);
#3011 = VERTEX_POINT('',#3012);
#3012 = CARTESIAN_POINT('',(-9.506622453032,3.69650233809,12.));
#3013 = CIRCLE('',#3014,10.199999999983);
#3014 = AXIS2_PLACEMENT_3D('',#3015,#3016,#3017);
#3015 = CARTESIAN_POINT('',(-2.854818222477E-04,-7.34114919279E-04,12.)
  );
#3016 = DIRECTION('',(0.,0.,1.));
#3017 = DIRECTION('',(-0.915276249435,0.402826745911,0.));
#3018 = ORIENTED_EDGE('',*,*,#3019,.F.);
#3019 = EDGE_CURVE('',#3020,#3011,#3022,.T.);
#3020 = VERTEX_POINT('',#3021);
#3021 = CARTESIAN_POINT('',(-9.506622453032,3.69650233809,0.));
#3022 = LINE('',#3023,#3024);
#3023 = CARTESIAN_POINT('',(-9.506622453032,3.69650233809,0.));
#3024 = VECTOR('',#3025,1.);
#3025 = DIRECTION('',(0.,0.,1.));
#3026 = ORIENTED_EDGE('',*,*,#3027,.F.);
#3027 = EDGE_CURVE('',#2982,#3020,#3028,.T.);
#3028 = CIRCLE('',#3029,10.199999999983);
#3029 = AXIS2_PLACEMENT_3D('',#3030,#3031,#3032);
#3030 = CARTESIAN_POINT('',(-2.854818222477E-04,-7.34114919279E-04,0.));
#3031 = DIRECTION('',(0.,0.,1.));
#3032 = DIRECTION('',(-0.915276249435,0.402826745911,0.));
#3033 = CYLINDRICAL_SURFACE('',#3034,10.199999999983);
#3034 = AXIS2_PLACEMENT_3D('',#3035,#3036,#3037);
#3035 = CARTESIAN_POINT('',(-2.854818222477E-04,-7.34114919279E-04,0.));
#3036 = DIRECTION('',(-0.,-0.,-1.));
#3037 = DIRECTION('',(-0.915276249435,0.402826745911,0.));
#3038 = ADVANCED_FACE('',(#3039),#3068,.F.);
#3039 = FACE_BOUND('',#3040,.F.);
#3040 = EDGE_LOOP('',(#3041,#3042,#3052,#3060));
#3041 = ORIENTED_EDGE('',*,*,#3019,.T.);
#3042 = ORIENTED_EDGE('',*,*,#3043,.T.);
#3043 = EDGE_CURVE('',#3011,#3044,#3046,.T.);
#3044 = VERTEX_POINT('',#3045);
#3045 = CARTESIAN_POINT('',(-8.573921050883,2.926934162638,12.));
#3046 = B_SPLINE_CURVE_WITH_KNOTS('',4,(#3047,#3048,#3049,#3050,#3051),
  .UNSPECIFIED.,.F.,.F.,(5,5),(0.,1.),.PIECEWISE_BEZIER_KNOTS.);
#3047 = CARTESIAN_POINT('',(-9.506622453032,3.69650233809,12.));
#3048 = CARTESIAN_POINT('',(-9.168217072497,3.304095811815,12.));
#3049 = CARTESIAN_POINT('',(-8.863956414178,3.072194995335,12.));
#3050 = CARTESIAN_POINT('',(-8.656757669585,2.964464968279,12.));
#3051 = CARTESIAN_POINT('',(-8.573921050883,2.926934162638,12.));
#3052 = ORIENTED_EDGE('',*,*,#3053,.F.);
#3053 = EDGE_CURVE('',#3054,#3044,#3056,.T.);
#3054 = VERTEX_POINT('',#3055);
#3055 = CARTESIAN_POINT('',(-8.573921050883,2.926934162638,0.));
#3056 = LINE('',#3057,#3058);
#3057 = CARTESIAN_POINT('',(-8.573921050883,2.926934162638,0.));
#3058 = VECTOR('',#3059,1.);
#3059 = DIRECTION('',(0.,0.,1.));
#3060 = ORIENTED_EDGE('',*,*,#3061,.F.);
#3061 = EDGE_CURVE('',#3020,#3054,#3062,.T.);
#3062 = B_SPLINE_CURVE_WITH_KNOTS('',4,(#3063,#3064,#3065,#3066,#3067),
  .UNSPECIFIED.,.F.,.F.,(5,5),(0.,1.),.PIECEWISE_BEZIER_KNOTS.);
#3063 = CARTESIAN_POINT('',(-9.506622453032,3.69650233809,0.));
#3064 = CARTESIAN_POINT('',(-9.168217072497,3.304095811815,0.));
#3065 = CARTESIAN_POINT('',(-8.863956414178,3.072194995335,0.));
#3066 = CARTESIAN_POINT('',(-8.656757669585,2.964464968279,0.));
#3067 = CARTESIAN_POINT('',(-8.573921050883,2.926934162638,0.));
#3068 = SURFACE_OF_LINEAR_EXTRUSION('',#3069,#3075);
#3069 = B_SPLINE_CURVE_WITH_KNOTS('',4,(#3070,#3071,#3072,#3073,#3074),
  .UNSPECIFIED.,.F.,.F.,(5,5),(0.,1.),.PIECEWISE_BEZIER_KNOTS.);
#3070 = CARTESIAN_POINT('',(-9.506622453032,3.69650233809,0.));
#3071 = CARTESIAN_POINT('',(-9.168217072497,3.304095811815,0.));
#3072 = CARTESIAN_POINT('',(-8.863956414178,3.072194995335,0.));
#3073 = CARTESIAN_POINT('',(-8.656757669585,2.964464968279,0.));
#3074 = CARTESIAN_POINT('',(-8.573921050883,2.926934162638,0.));
#3075 = VECTOR('',#3076,1.);
#3076 = DIRECTION('',(-0.,-0.,-1.));
#3077 = ADVANCED_FACE('',(#3078),#3105,.F.);
#3078 = FACE_BOUND('',#3079,.F.);
#3079 = EDGE_LOOP('',(#3080,#3081,#3090,#3098));
#3080 = ORIENTED_EDGE('',*,*,#3053,.T.);
#3081 = ORIENTED_EDGE('',*,*,#3082,.T.);
#3082 = EDGE_CURVE('',#3044,#3083,#3085,.T.);
#3083 = VERTEX_POINT('',#3084);
#3084 = CARTESIAN_POINT('',(-8.444486491976,2.648234862476,12.));
#3085 = CIRCLE('',#3086,0.228);
#3086 = AXIS2_PLACEMENT_3D('',#3087,#3088,#3089);
#3087 = CARTESIAN_POINT('',(-8.661986618755,2.716628537998,12.));
#3088 = DIRECTION('',(0.,0.,-1.));
#3089 = DIRECTION('',(0.386252490663,0.92239309053,0.));
#3090 = ORIENTED_EDGE('',*,*,#3091,.F.);
#3091 = EDGE_CURVE('',#3092,#3083,#3094,.T.);
#3092 = VERTEX_POINT('',#3093);
#3093 = CARTESIAN_POINT('',(-8.444486491976,2.648234862476,0.));
#3094 = LINE('',#3095,#3096);
#3095 = CARTESIAN_POINT('',(-8.444486491976,2.648234862476,0.));
#3096 = VECTOR('',#3097,1.);
#3097 = DIRECTION('',(0.,0.,1.));
#3098 = ORIENTED_EDGE('',*,*,#3099,.F.);
#3099 = EDGE_CURVE('',#3054,#3092,#3100,.T.);
#3100 = CIRCLE('',#3101,0.228);
#3101 = AXIS2_PLACEMENT_3D('',#3102,#3103,#3104);
#3102 = CARTESIAN_POINT('',(-8.661986618755,2.716628537998,0.));
#3103 = DIRECTION('',(0.,0.,-1.));
#3104 = DIRECTION('',(0.386252490663,0.92239309053,0.));
#3105 = CYLINDRICAL_SURFACE('',#3106,0.228);
#3106 = AXIS2_PLACEMENT_3D('',#3107,#3108,#3109);
#3107 = CARTESIAN_POINT('',(-8.661986618755,2.716628537998,0.));
#3108 = DIRECTION('',(0.,0.,-1.));
#3109 = DIRECTION('',(0.386252490663,0.92239309053,0.));
#3110 = ADVANCED_FACE('',(#3111),#3138,.T.);
#3111 = FACE_BOUND('',#3112,.F.);
#3112 = EDGE_LOOP('',(#3113,#3114,#3123,#3131));
#3113 = ORIENTED_EDGE('',*,*,#3091,.T.);
#3114 = ORIENTED_EDGE('',*,*,#3115,.T.);
#3115 = EDGE_CURVE('',#3083,#3116,#3118,.T.);
#3116 = VERTEX_POINT('',#3117);
#3117 = CARTESIAN_POINT('',(-8.492614369214,2.489578513689,12.));
#3118 = CIRCLE('',#3119,8.850000000053);
#3119 = AXIS2_PLACEMENT_3D('',#3120,#3121,#3122);
#3120 = CARTESIAN_POINT('',(5.076650211322E-11,-1.528865922751E-11,12.)
  );
#3121 = DIRECTION('',(0.,0.,1.));
#3122 = DIRECTION('',(-0.95417926463,0.299235577681,0.));
#3123 = ORIENTED_EDGE('',*,*,#3124,.F.);
#3124 = EDGE_CURVE('',#3125,#3116,#3127,.T.);
#3125 = VERTEX_POINT('',#3126);
#3126 = CARTESIAN_POINT('',(-8.492614369214,2.489578513689,0.));
#3127 = LINE('',#3128,#3129);
#3128 = CARTESIAN_POINT('',(-8.492614369214,2.489578513689,0.));
#3129 = VECTOR('',#3130,1.);
#3130 = DIRECTION('',(0.,0.,1.));
#3131 = ORIENTED_EDGE('',*,*,#3132,.F.);
#3132 = EDGE_CURVE('',#3092,#3125,#3133,.T.);
#3133 = CIRCLE('',#3134,8.850000000053);
#3134 = AXIS2_PLACEMENT_3D('',#3135,#3136,#3137);
#3135 = CARTESIAN_POINT('',(5.076650211322E-11,-1.528865922751E-11,0.));
#3136 = DIRECTION('',(0.,0.,1.));
#3137 = DIRECTION('',(-0.95417926463,0.299235577681,0.));
#3138 = CYLINDRICAL_SURFACE('',#3139,8.850000000053);
#3139 = AXIS2_PLACEMENT_3D('',#3140,#3141,#3142);
#3140 = CARTESIAN_POINT('',(5.076650211322E-11,-1.528865922751E-11,0.));
#3141 = DIRECTION('',(-0.,-0.,-1.));
#3142 = DIRECTION('',(-0.95417926463,0.299235577681,0.));
#3143 = ADVANCED_FACE('',(#3144),#3171,.F.);
#3144 = FACE_BOUND('',#3145,.F.);
#3145 = EDGE_LOOP('',(#3146,#3147,#3156,#3164));
#3146 = ORIENTED_EDGE('',*,*,#3124,.T.);
#3147 = ORIENTED_EDGE('',*,*,#3148,.T.);
#3148 = EDGE_CURVE('',#3116,#3149,#3151,.T.);
#3149 = VERTEX_POINT('',#3150);
#3150 = CARTESIAN_POINT('',(-8.755059299589,2.329756549537,12.));
#3151 = CIRCLE('',#3152,0.228);
#3152 = AXIS2_PLACEMENT_3D('',#3153,#3154,#3155);
#3153 = CARTESIAN_POINT('',(-8.711456444723,2.553548397126,12.));
#3154 = DIRECTION('',(0.,0.,-1.));
#3155 = DIRECTION('',(0.959833664512,-0.280569664199,0.));
#3156 = ORIENTED_EDGE('',*,*,#3157,.F.);
#3157 = EDGE_CURVE('',#3158,#3149,#3160,.T.);
#3158 = VERTEX_POINT('',#3159);
#3159 = CARTESIAN_POINT('',(-8.755059299589,2.329756549537,0.));
#3160 = LINE('',#3161,#3162);
#3161 = CARTESIAN_POINT('',(-8.755059299589,2.329756549537,0.));
#3162 = VECTOR('',#3163,1.);
#3163 = DIRECTION('',(0.,0.,1.));
#3164 = ORIENTED_EDGE('',*,*,#3165,.F.);
#3165 = EDGE_CURVE('',#3125,#3158,#3166,.T.);
#3166 = CIRCLE('',#3167,0.228);
#3167 = AXIS2_PLACEMENT_3D('',#3168,#3169,#3170);
#3168 = CARTESIAN_POINT('',(-8.711456444723,2.553548397126,0.));
#3169 = DIRECTION('',(0.,0.,-1.));
#3170 = DIRECTION('',(0.959833664512,-0.280569664199,0.));
#3171 = CYLINDRICAL_SURFACE('',#3172,0.228);
#3172 = AXIS2_PLACEMENT_3D('',#3173,#3174,#3175);
#3173 = CARTESIAN_POINT('',(-8.711456444723,2.553548397126,0.));
#3174 = DIRECTION('',(0.,0.,-1.));
#3175 = DIRECTION('',(0.959833664512,-0.280569664199,0.));
#3176 = ADVANCED_FACE('',(#3177),#3206,.F.);
#3177 = FACE_BOUND('',#3178,.F.);
#3178 = EDGE_LOOP('',(#3179,#3180,#3190,#3198));
#3179 = ORIENTED_EDGE('',*,*,#3157,.T.);
#3180 = ORIENTED_EDGE('',*,*,#3181,.T.);
#3181 = EDGE_CURVE('',#3149,#3182,#3184,.T.);
#3182 = VERTEX_POINT('',#3183);
#3183 = CARTESIAN_POINT('',(-9.958162917387,2.207779344149,12.));
#3184 = B_SPLINE_CURVE_WITH_KNOTS('',4,(#3185,#3186,#3187,#3188,#3189),
  .UNSPECIFIED.,.F.,.F.,(5,5),(0.,1.),.PIECEWISE_BEZIER_KNOTS.);
#3185 = CARTESIAN_POINT('',(-8.755059299589,2.329756549537,12.));
#3186 = CARTESIAN_POINT('',(-8.844799436532,2.344574337826,12.));
#3187 = CARTESIAN_POINT('',(-9.076930492603,2.370113548812,12.));
#3188 = CARTESIAN_POINT('',(-9.458751174864,2.346333231681,12.));
#3189 = CARTESIAN_POINT('',(-9.958162917387,2.207779344149,12.));
#3190 = ORIENTED_EDGE('',*,*,#3191,.F.);
#3191 = EDGE_CURVE('',#3192,#3182,#3194,.T.);
#3192 = VERTEX_POINT('',#3193);
#3193 = CARTESIAN_POINT('',(-9.958162917387,2.207779344149,0.));
#3194 = LINE('',#3195,#3196);
#3195 = CARTESIAN_POINT('',(-9.958162917387,2.207779344149,0.));
#3196 = VECTOR('',#3197,1.);
#3197 = DIRECTION('',(0.,0.,1.));
#3198 = ORIENTED_EDGE('',*,*,#3199,.F.);
#3199 = EDGE_CURVE('',#3158,#3192,#3200,.T.);
#3200 = B_SPLINE_CURVE_WITH_KNOTS('',4,(#3201,#3202,#3203,#3204,#3205),
  .UNSPECIFIED.,.F.,.F.,(5,5),(0.,1.),.PIECEWISE_BEZIER_KNOTS.);
#3201 = CARTESIAN_POINT('',(-8.755059299589,2.329756549537,0.));
#3202 = CARTESIAN_POINT('',(-8.844799436532,2.344574337826,0.));
#3203 = CARTESIAN_POINT('',(-9.076930492603,2.370113548812,0.));
#3204 = CARTESIAN_POINT('',(-9.458751174864,2.346333231681,0.));
#3205 = CARTESIAN_POINT('',(-9.958162917387,2.207779344149,0.));
#3206 = SURFACE_OF_LINEAR_EXTRUSION('',#3207,#3213);
#3207 = B_SPLINE_CURVE_WITH_KNOTS('',4,(#3208,#3209,#3210,#3211,#3212),
  .UNSPECIFIED.,.F.,.F.,(5,5),(0.,1.),.PIECEWISE_BEZIER_KNOTS.);
#3208 = CARTESIAN_POINT('',(-8.755059299589,2.329756549537,0.));
#3209 = CARTESIAN_POINT('',(-8.844799436532,2.344574337826,0.));
#3210 = CARTESIAN_POINT('',(-9.076930492603,2.370113548812,0.));
#3211 = CARTESIAN_POINT('',(-9.458751174864,2.346333231681,0.));
#3212 = CARTESIAN_POINT('',(-9.958162917387,2.207779344149,0.));
#3213 = VECTOR('',#3214,1.);
#3214 = DIRECTION('',(-0.,-0.,-1.));
#3215 = ADVANCED_FACE('',(#3216),#3243,.T.);
#3216 = FACE_BOUND('',#3217,.F.);
#3217 = EDGE_LOOP('',(#3218,#3219,#3228,#3236));
#3218 = ORIENTED_EDGE('',*,*,#3191,.T.);
#3219 = ORIENTED_EDGE('',*,*,#3220,.T.);
#3220 = EDGE_CURVE('',#3182,#3221,#3223,.T.);
#3221 = VERTEX_POINT('',#3222);
#3222 = CARTESIAN_POINT('',(-10.04510719975,1.770825046527,12.));
#3223 = CIRCLE('',#3224,10.200000000006);
#3224 = AXIS2_PLACEMENT_3D('',#3225,#3226,#3227);
#3225 = CARTESIAN_POINT('',(-1.367776301375E-04,-7.757038521853E-04,12.)
  );
#3226 = DIRECTION('',(0.,0.,1.));
#3227 = DIRECTION('',(-0.976277072525,0.216525004706,0.));
#3228 = ORIENTED_EDGE('',*,*,#3229,.F.);
#3229 = EDGE_CURVE('',#3230,#3221,#3232,.T.);
#3230 = VERTEX_POINT('',#3231);
#3231 = CARTESIAN_POINT('',(-10.04510719975,1.770825046527,0.));
#3232 = LINE('',#3233,#3234);
#3233 = CARTESIAN_POINT('',(-10.04510719975,1.770825046527,0.));
#3234 = VECTOR('',#3235,1.);
#3235 = DIRECTION('',(0.,0.,1.));
#3236 = ORIENTED_EDGE('',*,*,#3237,.F.);
#3237 = EDGE_CURVE('',#3192,#3230,#3238,.T.);
#3238 = CIRCLE('',#3239,10.200000000006);
#3239 = AXIS2_PLACEMENT_3D('',#3240,#3241,#3242);
#3240 = CARTESIAN_POINT('',(-1.367776301375E-04,-7.757038521853E-04,0.)
  );
#3241 = DIRECTION('',(0.,0.,1.));
#3242 = DIRECTION('',(-0.976277072525,0.216525004706,0.));
#3243 = CYLINDRICAL_SURFACE('',#3244,10.200000000006);
#3244 = AXIS2_PLACEMENT_3D('',#3245,#3246,#3247);
#3245 = CARTESIAN_POINT('',(-1.367776301375E-04,-7.757038521853E-04,0.)
  );
#3246 = DIRECTION('',(-0.,-0.,-1.));
#3247 = DIRECTION('',(-0.976277072525,0.216525004706,0.));
#3248 = ADVANCED_FACE('',(#3249),#3278,.F.);
#3249 = FACE_BOUND('',#3250,.F.);
#3250 = EDGE_LOOP('',(#3251,#3252,#3262,#3270));
#3251 = ORIENTED_EDGE('',*,*,#3229,.T.);
#3252 = ORIENTED_EDGE('',*,*,#3253,.T.);
#3253 = EDGE_CURVE('',#3221,#3254,#3256,.T.);
#3254 = VERTEX_POINT('',#3255);
#3255 = CARTESIAN_POINT('',(-8.980192090355,1.198004924667,12.));
#3256 = B_SPLINE_CURVE_WITH_KNOTS('',4,(#3257,#3258,#3259,#3260,#3261),
  .UNSPECIFIED.,.F.,.F.,(5,5),(0.,1.),.PIECEWISE_BEZIER_KNOTS.);
#3257 = CARTESIAN_POINT('',(-10.04510719975,1.770825046527,12.));
#3258 = CARTESIAN_POINT('',(-9.636649468146,1.451978116283,12.));
#3259 = CARTESIAN_POINT('',(-9.292993488098,1.283891518774,12.));
#3260 = CARTESIAN_POINT('',(-9.068758923614,1.218653963784,12.));
#3261 = CARTESIAN_POINT('',(-8.980192090355,1.198004924667,12.));
#3262 = ORIENTED_EDGE('',*,*,#3263,.F.);
#3263 = EDGE_CURVE('',#3264,#3254,#3266,.T.);
#3264 = VERTEX_POINT('',#3265);
#3265 = CARTESIAN_POINT('',(-8.980192090355,1.198004924667,0.));
#3266 = LINE('',#3267,#3268);
#3267 = CARTESIAN_POINT('',(-8.980192090355,1.198004924667,0.));
#3268 = VECTOR('',#3269,1.);
#3269 = DIRECTION('',(0.,0.,1.));
#3270 = ORIENTED_EDGE('',*,*,#3271,.F.);
#3271 = EDGE_CURVE('',#3230,#3264,#3272,.T.);
#3272 = B_SPLINE_CURVE_WITH_KNOTS('',4,(#3273,#3274,#3275,#3276,#3277),
  .UNSPECIFIED.,.F.,.F.,(5,5),(0.,1.),.PIECEWISE_BEZIER_KNOTS.);
#3273 = CARTESIAN_POINT('',(-10.04510719975,1.770825046527,0.));
#3274 = CARTESIAN_POINT('',(-9.636649468146,1.451978116283,0.));
#3275 = CARTESIAN_POINT('',(-9.292993488098,1.283891518774,0.));
#3276 = CARTESIAN_POINT('',(-9.068758923614,1.218653963784,0.));
#3277 = CARTESIAN_POINT('',(-8.980192090355,1.198004924667,0.));
#3278 = SURFACE_OF_LINEAR_EXTRUSION('',#3279,#3285);
#3279 = B_SPLINE_CURVE_WITH_KNOTS('',4,(#3280,#3281,#3282,#3283,#3284),
  .UNSPECIFIED.,.F.,.F.,(5,5),(0.,1.),.PIECEWISE_BEZIER_KNOTS.);
#3280 = CARTESIAN_POINT('',(-10.04510719975,1.770825046527,0.));
#3281 = CARTESIAN_POINT('',(-9.636649468146,1.451978116283,0.));
#3282 = CARTESIAN_POINT('',(-9.292993488098,1.283891518774,0.));
#3283 = CARTESIAN_POINT('',(-9.068758923614,1.218653963784,0.));
#3284 = CARTESIAN_POINT('',(-8.980192090355,1.198004924667,0.));
#3285 = VECTOR('',#3286,1.);
#3286 = DIRECTION('',(-0.,-0.,-1.));
#3287 = ADVANCED_FACE('',(#3288),#3315,.F.);
#3288 = FACE_BOUND('',#3289,.F.);
#3289 = EDGE_LOOP('',(#3290,#3291,#3300,#3308));
#3290 = ORIENTED_EDGE('',*,*,#3263,.T.);
#3291 = ORIENTED_EDGE('',*,*,#3292,.T.);
#3292 = EDGE_CURVE('',#3254,#3293,#3295,.T.);
#3293 = VERTEX_POINT('',#3294);
#3294 = CARTESIAN_POINT('',(-8.798873043989,0.949912183187,12.));
#3295 = CIRCLE('',#3296,0.228);
#3296 = AXIS2_PLACEMENT_3D('',#3297,#3298,#3299);
#3297 = CARTESIAN_POINT('',(-9.025536911,0.974559523639,12.));
#3298 = DIRECTION('',(0.,0.,-1.));
#3299 = DIRECTION('',(0.198880792304,0.98002368872,0.));
#3300 = ORIENTED_EDGE('',*,*,#3301,.F.);
#3301 = EDGE_CURVE('',#3302,#3293,#3304,.T.);
#3302 = VERTEX_POINT('',#3303);
#3303 = CARTESIAN_POINT('',(-8.798873043989,0.949912183187,0.));
#3304 = LINE('',#3305,#3306);
#3305 = CARTESIAN_POINT('',(-8.798873043989,0.949912183187,0.));
#3306 = VECTOR('',#3307,1.);
#3307 = DIRECTION('',(0.,0.,1.));
#3308 = ORIENTED_EDGE('',*,*,#3309,.F.);
#3309 = EDGE_CURVE('',#3264,#3302,#3310,.T.);
#3310 = CIRCLE('',#3311,0.228);
#3311 = AXIS2_PLACEMENT_3D('',#3312,#3313,#3314);
#3312 = CARTESIAN_POINT('',(-9.025536911,0.974559523639,0.));
#3313 = DIRECTION('',(0.,0.,-1.));
#3314 = DIRECTION('',(0.198880792304,0.98002368872,0.));
#3315 = CYLINDRICAL_SURFACE('',#3316,0.228);
#3316 = AXIS2_PLACEMENT_3D('',#3317,#3318,#3319);
#3317 = CARTESIAN_POINT('',(-9.025536911,0.974559523639,0.));
#3318 = DIRECTION('',(0.,0.,-1.));
#3319 = DIRECTION('',(0.198880792304,0.98002368872,0.));
#3320 = ADVANCED_FACE('',(#3321),#3348,.T.);
#3321 = FACE_BOUND('',#3322,.F.);
#3322 = EDGE_LOOP('',(#3323,#3324,#3333,#3341));
#3323 = ORIENTED_EDGE('',*,*,#3301,.T.);
#3324 = ORIENTED_EDGE('',*,*,#3325,.T.);
#3325 = EDGE_CURVE('',#3293,#3326,#3328,.T.);
#3326 = VERTEX_POINT('',#3327);
#3327 = CARTESIAN_POINT('',(-8.815123839386,0.784915088586,12.));
#3328 = CIRCLE('',#3329,8.85000000002);
#3329 = AXIS2_PLACEMENT_3D('',#3330,#3331,#3332);
#3330 = CARTESIAN_POINT('',(1.997779719431E-11,-1.889155498702E-12,12.)
  );
#3331 = DIRECTION('',(0.,0.,1.));
#3332 = DIRECTION('',(-0.994222942824,0.107334709965,0.));
#3333 = ORIENTED_EDGE('',*,*,#3334,.F.);
#3334 = EDGE_CURVE('',#3335,#3326,#3337,.T.);
#3335 = VERTEX_POINT('',#3336);
#3336 = CARTESIAN_POINT('',(-8.815123839386,0.784915088586,0.));
#3337 = LINE('',#3338,#3339);
#3338 = CARTESIAN_POINT('',(-8.815123839386,0.784915088586,0.));
#3339 = VECTOR('',#3340,1.);
#3340 = DIRECTION('',(0.,0.,1.));
#3341 = ORIENTED_EDGE('',*,*,#3342,.F.);
#3342 = EDGE_CURVE('',#3302,#3335,#3343,.T.);
#3343 = CIRCLE('',#3344,8.85000000002);
#3344 = AXIS2_PLACEMENT_3D('',#3345,#3346,#3347);
#3345 = CARTESIAN_POINT('',(1.997779719431E-11,-1.889155498702E-12,0.));
#3346 = DIRECTION('',(0.,0.,1.));
#3347 = DIRECTION('',(-0.994222942824,0.107334709965,0.));
#3348 = CYLINDRICAL_SURFACE('',#3349,8.85000000002);
#3349 = AXIS2_PLACEMENT_3D('',#3350,#3351,#3352);
#3350 = CARTESIAN_POINT('',(1.997779719431E-11,-1.889155498702E-12,0.));
#3351 = DIRECTION('',(-0.,-0.,-1.));
#3352 = DIRECTION('',(-0.994222942824,0.107334709965,0.));
#3353 = ADVANCED_FACE('',(#3354),#3381,.F.);
#3354 = FACE_BOUND('',#3355,.F.);
#3355 = EDGE_LOOP('',(#3356,#3357,#3366,#3374));
#3356 = ORIENTED_EDGE('',*,*,#3334,.T.);
#3357 = ORIENTED_EDGE('',*,*,#3358,.T.);
#3358 = EDGE_CURVE('',#3326,#3359,#3361,.T.);
#3359 = VERTEX_POINT('',#3360);
#3360 = CARTESIAN_POINT('',(-9.041346245563,0.576963592682,12.));
#3361 = CIRCLE('',#3362,0.228);
#3362 = AXIS2_PLACEMENT_3D('',#3363,#3364,#3365);
#3363 = CARTESIAN_POINT('',(-9.042240830937,0.804961837668,12.));
#3364 = DIRECTION('',(0.,0.,-1.));
#3365 = DIRECTION('',(0.996127155926,-8.792433808281E-02,0.));
#3366 = ORIENTED_EDGE('',*,*,#3367,.F.);
#3367 = EDGE_CURVE('',#3368,#3359,#3370,.T.);
#3368 = VERTEX_POINT('',#3369);
#3369 = CARTESIAN_POINT('',(-9.041346245563,0.576963592682,0.));
#3370 = LINE('',#3371,#3372);
#3371 = CARTESIAN_POINT('',(-9.041346245563,0.576963592682,0.));
#3372 = VECTOR('',#3373,1.);
#3373 = DIRECTION('',(0.,0.,1.));
#3374 = ORIENTED_EDGE('',*,*,#3375,.F.);
#3375 = EDGE_CURVE('',#3335,#3368,#3376,.T.);
#3376 = CIRCLE('',#3377,0.228);
#3377 = AXIS2_PLACEMENT_3D('',#3378,#3379,#3380);
#3378 = CARTESIAN_POINT('',(-9.042240830937,0.804961837668,0.));
#3379 = DIRECTION('',(0.,0.,-1.));
#3380 = DIRECTION('',(0.996127155926,-8.792433808281E-02,0.));
#3381 = CYLINDRICAL_SURFACE('',#3382,0.228);
#3382 = AXIS2_PLACEMENT_3D('',#3383,#3384,#3385);
#3383 = CARTESIAN_POINT('',(-9.042240830937,0.804961837668,0.));
#3384 = DIRECTION('',(0.,0.,-1.));
#3385 = DIRECTION('',(0.996127155926,-8.792433808281E-02,0.));
#3386 = ADVANCED_FACE('',(#3387),#3416,.F.);
#3387 = FACE_BOUND('',#3388,.F.);
#3388 = EDGE_LOOP('',(#3389,#3390,#3400,#3408));
#3389 = ORIENTED_EDGE('',*,*,#3367,.T.);
#3390 = ORIENTED_EDGE('',*,*,#3391,.T.);
#3391 = EDGE_CURVE('',#3359,#3392,#3394,.T.);
#3392 = VERTEX_POINT('',#3393);
#3393 = CARTESIAN_POINT('',(-10.19753599242,0.222616272877,12.));
#3394 = B_SPLINE_CURVE_WITH_KNOTS('',4,(#3395,#3396,#3397,#3398,#3399),
  .UNSPECIFIED.,.F.,.F.,(5,5),(0.,1.),.PIECEWISE_BEZIER_KNOTS.);
#3395 = CARTESIAN_POINT('',(-9.041346245563,0.576963592682,12.));
#3396 = CARTESIAN_POINT('',(-9.132252858027,0.57398922911,12.));
#3397 = CARTESIAN_POINT('',(-9.364906033841,0.553751188839,12.));
#3398 = CARTESIAN_POINT('',(-9.734750829029,0.455938283979,12.));
#3399 = CARTESIAN_POINT('',(-10.19753599242,0.222616272877,12.));
#3400 = ORIENTED_EDGE('',*,*,#3401,.F.);
#3401 = EDGE_CURVE('',#3402,#3392,#3404,.T.);
#3402 = VERTEX_POINT('',#3403);
#3403 = CARTESIAN_POINT('',(-10.19753599242,0.222616272877,0.));
#3404 = LINE('',#3405,#3406);
#3405 = CARTESIAN_POINT('',(-10.19753599242,0.222616272877,0.));
#3406 = VECTOR('',#3407,1.);
#3407 = DIRECTION('',(0.,0.,1.));
#3408 = ORIENTED_EDGE('',*,*,#3409,.F.);
#3409 = EDGE_CURVE('',#3368,#3402,#3410,.T.);
#3410 = B_SPLINE_CURVE_WITH_KNOTS('',4,(#3411,#3412,#3413,#3414,#3415),
  .UNSPECIFIED.,.F.,.F.,(5,5),(0.,1.),.PIECEWISE_BEZIER_KNOTS.);
#3411 = CARTESIAN_POINT('',(-9.041346245563,0.576963592682,0.));
#3412 = CARTESIAN_POINT('',(-9.132252858027,0.57398922911,0.));
#3413 = CARTESIAN_POINT('',(-9.364906033841,0.553751188839,0.));
#3414 = CARTESIAN_POINT('',(-9.734750829029,0.455938283979,0.));
#3415 = CARTESIAN_POINT('',(-10.19753599242,0.222616272877,0.));
#3416 = SURFACE_OF_LINEAR_EXTRUSION('',#3417,#3423);
#3417 = B_SPLINE_CURVE_WITH_KNOTS('',4,(#3418,#3419,#3420,#3421,#3422),
  .UNSPECIFIED.,.F.,.F.,(5,5),(0.,1.),.PIECEWISE_BEZIER_KNOTS.);
#3418 = CARTESIAN_POINT('',(-9.041346245563,0.576963592682,0.));
#3419 = CARTESIAN_POINT('',(-9.132252858027,0.57398922911,0.));
#3420 = CARTESIAN_POINT('',(-9.364906033841,0.553751188839,0.));
#3421 = CARTESIAN_POINT('',(-9.734750829029,0.455938283979,0.));
#3422 = CARTESIAN_POINT('',(-10.19753599242,0.222616272877,0.));
#3423 = VECTOR('',#3424,1.);
#3424 = DIRECTION('',(-0.,-0.,-1.));
#3425 = ADVANCED_FACE('',(#3426),#3453,.T.);
#3426 = FACE_BOUND('',#3427,.F.);
#3427 = EDGE_LOOP('',(#3428,#3429,#3438,#3446));
#3428 = ORIENTED_EDGE('',*,*,#3401,.T.);
#3429 = ORIENTED_EDGE('',*,*,#3430,.T.);
#3430 = EDGE_CURVE('',#3392,#3431,#3433,.T.);
#3431 = VERTEX_POINT('',#3432);
#3432 = CARTESIAN_POINT('',(-10.19756411015,-0.222904058483,12.));
#3433 = CIRCLE('',#3434,10.200000000008);
#3434 = AXIS2_PLACEMENT_3D('',#3435,#3436,#3437);
#3435 = CARTESIAN_POINT('',(1.718282943042E-05,-7.874829120755E-04,12.)
  );
#3436 = DIRECTION('',(0.,0.,1.));
#3437 = DIRECTION('',(-0.99976011522,2.190232899896E-02,0.));
#3438 = ORIENTED_EDGE('',*,*,#3439,.F.);
#3439 = EDGE_CURVE('',#3440,#3431,#3442,.T.);
#3440 = VERTEX_POINT('',#3441);
#3441 = CARTESIAN_POINT('',(-10.19756411015,-0.222904058483,0.));
#3442 = LINE('',#3443,#3444);
#3443 = CARTESIAN_POINT('',(-10.19756411015,-0.222904058483,0.));
#3444 = VECTOR('',#3445,1.);
#3445 = DIRECTION('',(0.,0.,1.));
#3446 = ORIENTED_EDGE('',*,*,#3447,.F.);
#3447 = EDGE_CURVE('',#3402,#3440,#3448,.T.);
#3448 = CIRCLE('',#3449,10.200000000008);
#3449 = AXIS2_PLACEMENT_3D('',#3450,#3451,#3452);
#3450 = CARTESIAN_POINT('',(1.718282943042E-05,-7.874829120755E-04,0.));
#3451 = DIRECTION('',(0.,0.,1.));
#3452 = DIRECTION('',(-0.99976011522,2.190232899896E-02,0.));
#3453 = CYLINDRICAL_SURFACE('',#3454,10.200000000008);
#3454 = AXIS2_PLACEMENT_3D('',#3455,#3456,#3457);
#3455 = CARTESIAN_POINT('',(1.718282943042E-05,-7.874829120755E-04,0.));
#3456 = DIRECTION('',(-0.,-0.,-1.));
#3457 = DIRECTION('',(-0.99976011522,2.190232899896E-02,0.));
#3458 = ADVANCED_FACE('',(#3459),#3488,.F.);
#3459 = FACE_BOUND('',#3460,.F.);
#3460 = EDGE_LOOP('',(#3461,#3462,#3472,#3480));
#3461 = ORIENTED_EDGE('',*,*,#3439,.T.);
#3462 = ORIENTED_EDGE('',*,*,#3463,.T.);
#3463 = EDGE_CURVE('',#3431,#3464,#3466,.T.);
#3464 = VERTEX_POINT('',#3465);
#3465 = CARTESIAN_POINT('',(-9.041359383944,-0.57696297071,12.));
#3466 = B_SPLINE_CURVE_WITH_KNOTS('',4,(#3467,#3468,#3469,#3470,#3471),
  .UNSPECIFIED.,.F.,.F.,(5,5),(0.,1.),.PIECEWISE_BEZIER_KNOTS.);
#3467 = CARTESIAN_POINT('',(-10.19756411015,-0.222904058483,12.));
#3468 = CARTESIAN_POINT('',(-9.734750829029,-0.455938283979,12.));
#3469 = CARTESIAN_POINT('',(-9.364906033841,-0.553751188839,12.));
#3470 = CARTESIAN_POINT('',(-9.132252858027,-0.57398922911,12.));
#3471 = CARTESIAN_POINT('',(-9.041359383944,-0.57696297071,12.));
#3472 = ORIENTED_EDGE('',*,*,#3473,.F.);
#3473 = EDGE_CURVE('',#3474,#3464,#3476,.T.);
#3474 = VERTEX_POINT('',#3475);
#3475 = CARTESIAN_POINT('',(-9.041359383944,-0.57696297071,0.));
#3476 = LINE('',#3477,#3478);
#3477 = CARTESIAN_POINT('',(-9.041359383944,-0.57696297071,0.));
#3478 = VECTOR('',#3479,1.);
#3479 = DIRECTION('',(0.,0.,1.));
#3480 = ORIENTED_EDGE('',*,*,#3481,.F.);
#3481 = EDGE_CURVE('',#3440,#3474,#3482,.T.);
#3482 = B_SPLINE_CURVE_WITH_KNOTS('',4,(#3483,#3484,#3485,#3486,#3487),
  .UNSPECIFIED.,.F.,.F.,(5,5),(0.,1.),.PIECEWISE_BEZIER_KNOTS.);
#3483 = CARTESIAN_POINT('',(-10.19756411015,-0.222904058483,0.));
#3484 = CARTESIAN_POINT('',(-9.734750829029,-0.455938283979,0.));
#3485 = CARTESIAN_POINT('',(-9.364906033841,-0.553751188839,0.));
#3486 = CARTESIAN_POINT('',(-9.132252858027,-0.57398922911,0.));
#3487 = CARTESIAN_POINT('',(-9.041359383944,-0.57696297071,0.));
#3488 = SURFACE_OF_LINEAR_EXTRUSION('',#3489,#3495);
#3489 = B_SPLINE_CURVE_WITH_KNOTS('',4,(#3490,#3491,#3492,#3493,#3494),
  .UNSPECIFIED.,.F.,.F.,(5,5),(0.,1.),.PIECEWISE_BEZIER_KNOTS.);
#3490 = CARTESIAN_POINT('',(-10.19756411015,-0.222904058483,0.));
#3491 = CARTESIAN_POINT('',(-9.734750829029,-0.455938283979,0.));
#3492 = CARTESIAN_POINT('',(-9.364906033841,-0.553751188839,0.));
#3493 = CARTESIAN_POINT('',(-9.132252858027,-0.57398922911,0.));
#3494 = CARTESIAN_POINT('',(-9.041359383944,-0.57696297071,0.));
#3495 = VECTOR('',#3496,1.);
#3496 = DIRECTION('',(-0.,-0.,-1.));
#3497 = ADVANCED_FACE('',(#3498),#3525,.F.);
#3498 = FACE_BOUND('',#3499,.F.);
#3499 = EDGE_LOOP('',(#3500,#3501,#3510,#3518));
#3500 = ORIENTED_EDGE('',*,*,#3473,.T.);
#3501 = ORIENTED_EDGE('',*,*,#3502,.T.);
#3502 = EDGE_CURVE('',#3464,#3503,#3505,.T.);
#3503 = VERTEX_POINT('',#3504);
#3504 = CARTESIAN_POINT('',(-8.815123839386,-0.784915088586,12.));
#3505 = CIRCLE('',#3506,0.228);
#3506 = AXIS2_PLACEMENT_3D('',#3507,#3508,#3509);
#3507 = CARTESIAN_POINT('',(-9.042240881336,-0.804961266673,12.));
#3508 = DIRECTION('',(0.,0.,-1.));
#3509 = DIRECTION('',(3.866216630898E-03,0.999992526157,0.));
#3510 = ORIENTED_EDGE('',*,*,#3511,.F.);
#3511 = EDGE_CURVE('',#3512,#3503,#3514,.T.);
#3512 = VERTEX_POINT('',#3513);
#3513 = CARTESIAN_POINT('',(-8.815123839386,-0.784915088586,0.));
#3514 = LINE('',#3515,#3516);
#3515 = CARTESIAN_POINT('',(-8.815123839386,-0.784915088586,0.));
#3516 = VECTOR('',#3517,1.);
#3517 = DIRECTION('',(0.,0.,1.));
#3518 = ORIENTED_EDGE('',*,*,#3519,.F.);
#3519 = EDGE_CURVE('',#3474,#3512,#3520,.T.);
#3520 = CIRCLE('',#3521,0.228);
#3521 = AXIS2_PLACEMENT_3D('',#3522,#3523,#3524);
#3522 = CARTESIAN_POINT('',(-9.042240881336,-0.804961266673,0.));
#3523 = DIRECTION('',(0.,0.,-1.));
#3524 = DIRECTION('',(3.866216630898E-03,0.999992526157,0.));
#3525 = CYLINDRICAL_SURFACE('',#3526,0.228);
#3526 = AXIS2_PLACEMENT_3D('',#3527,#3528,#3529);
#3527 = CARTESIAN_POINT('',(-9.042240881336,-0.804961266673,0.));
#3528 = DIRECTION('',(0.,0.,-1.));
#3529 = DIRECTION('',(3.866216630898E-03,0.999992526157,0.));
#3530 = ADVANCED_FACE('',(#3531),#3558,.T.);
#3531 = FACE_BOUND('',#3532,.F.);
#3532 = EDGE_LOOP('',(#3533,#3534,#3543,#3551));
#3533 = ORIENTED_EDGE('',*,*,#3511,.T.);
#3534 = ORIENTED_EDGE('',*,*,#3535,.T.);
#3535 = EDGE_CURVE('',#3503,#3536,#3538,.T.);
#3536 = VERTEX_POINT('',#3537);
#3537 = CARTESIAN_POINT('',(-8.798873043989,-0.949912183187,12.));
#3538 = CIRCLE('',#3539,8.850000000018);
#3539 = AXIS2_PLACEMENT_3D('',#3540,#3541,#3542);
#3540 = CARTESIAN_POINT('',(1.832756169051E-11,1.826150342055E-12,12.));
#3541 = DIRECTION('',(0.,0.,1.));
#3542 = DIRECTION('',(-0.996059190891,-8.869097046166E-02,0.));
#3543 = ORIENTED_EDGE('',*,*,#3544,.F.);
#3544 = EDGE_CURVE('',#3545,#3536,#3547,.T.);
#3545 = VERTEX_POINT('',#3546);
#3546 = CARTESIAN_POINT('',(-8.798873043989,-0.949912183187,0.));
#3547 = LINE('',#3548,#3549);
#3548 = CARTESIAN_POINT('',(-8.798873043989,-0.949912183187,0.));
#3549 = VECTOR('',#3550,1.);
#3550 = DIRECTION('',(0.,0.,1.));
#3551 = ORIENTED_EDGE('',*,*,#3552,.F.);
#3552 = EDGE_CURVE('',#3512,#3545,#3553,.T.);
#3553 = CIRCLE('',#3554,8.850000000018);
#3554 = AXIS2_PLACEMENT_3D('',#3555,#3556,#3557);
#3555 = CARTESIAN_POINT('',(1.832756169051E-11,1.826150342055E-12,0.));
#3556 = DIRECTION('',(0.,0.,1.));
#3557 = DIRECTION('',(-0.996059190891,-8.869097046166E-02,0.));
#3558 = CYLINDRICAL_SURFACE('',#3559,8.850000000018);
#3559 = AXIS2_PLACEMENT_3D('',#3560,#3561,#3562);
#3560 = CARTESIAN_POINT('',(1.832756169051E-11,1.826150342055E-12,0.));
#3561 = DIRECTION('',(-0.,-0.,-1.));
#3562 = DIRECTION('',(-0.996059190891,-8.869097046166E-02,0.));
#3563 = ADVANCED_FACE('',(#3564),#3591,.F.);
#3564 = FACE_BOUND('',#3565,.F.);
#3565 = EDGE_LOOP('',(#3566,#3567,#3576,#3584));
#3566 = ORIENTED_EDGE('',*,*,#3544,.T.);
#3567 = ORIENTED_EDGE('',*,*,#3568,.T.);
#3568 = EDGE_CURVE('',#3536,#3569,#3571,.T.);
#3569 = VERTEX_POINT('',#3570);
#3570 = CARTESIAN_POINT('',(-8.980179325765,-1.198001751475,12.));
#3571 = CIRCLE('',#3572,0.228);
#3572 = AXIS2_PLACEMENT_3D('',#3573,#3574,#3575);
#3573 = CARTESIAN_POINT('',(-9.025536972966,-0.974558953783,12.));
#3574 = DIRECTION('',(0.,0.,-1.));
#3575 = DIRECTION('',(0.994140039372,0.108099871038,0.));
#3576 = ORIENTED_EDGE('',*,*,#3577,.F.);
#3577 = EDGE_CURVE('',#3578,#3569,#3580,.T.);
#3578 = VERTEX_POINT('',#3579);
#3579 = CARTESIAN_POINT('',(-8.980179325765,-1.198001751475,0.));
#3580 = LINE('',#3581,#3582);
#3581 = CARTESIAN_POINT('',(-8.980179325765,-1.198001751475,0.));
#3582 = VECTOR('',#3583,1.);
#3583 = DIRECTION('',(0.,0.,1.));
#3584 = ORIENTED_EDGE('',*,*,#3585,.F.);
#3585 = EDGE_CURVE('',#3545,#3578,#3586,.T.);
#3586 = CIRCLE('',#3587,0.228);
#3587 = AXIS2_PLACEMENT_3D('',#3588,#3589,#3590);
#3588 = CARTESIAN_POINT('',(-9.025536972966,-0.974558953783,0.));
#3589 = DIRECTION('',(0.,0.,-1.));
#3590 = DIRECTION('',(0.994140039372,0.108099871038,0.));
#3591 = CYLINDRICAL_SURFACE('',#3592,0.228);
#3592 = AXIS2_PLACEMENT_3D('',#3593,#3594,#3595);
#3593 = CARTESIAN_POINT('',(-9.025536972966,-0.974558953783,0.));
#3594 = DIRECTION('',(0.,0.,-1.));
#3595 = DIRECTION('',(0.994140039372,0.108099871038,0.));
#3596 = ADVANCED_FACE('',(#3597),#3626,.F.);
#3597 = FACE_BOUND('',#3598,.F.);
#3598 = EDGE_LOOP('',(#3599,#3600,#3610,#3618));
#3599 = ORIENTED_EDGE('',*,*,#3577,.T.);
#3600 = ORIENTED_EDGE('',*,*,#3601,.T.);
#3601 = EDGE_CURVE('',#3569,#3602,#3604,.T.);
#3602 = VERTEX_POINT('',#3603);
#3603 = CARTESIAN_POINT('',(-10.04502347811,-1.771101816916,12.));
#3604 = B_SPLINE_CURVE_WITH_KNOTS('',4,(#3605,#3606,#3607,#3608,#3609),
  .UNSPECIFIED.,.F.,.F.,(5,5),(0.,1.),.PIECEWISE_BEZIER_KNOTS.);
#3605 = CARTESIAN_POINT('',(-8.980179325765,-1.198001751475,12.));
#3606 = CARTESIAN_POINT('',(-9.068758923614,-1.218653963784,12.));
#3607 = CARTESIAN_POINT('',(-9.292993488098,-1.283891518774,12.));
#3608 = CARTESIAN_POINT('',(-9.636649468146,-1.451978116283,12.));
#3609 = CARTESIAN_POINT('',(-10.04502347811,-1.771101816916,12.));
#3610 = ORIENTED_EDGE('',*,*,#3611,.F.);
#3611 = EDGE_CURVE('',#3612,#3602,#3614,.T.);
#3612 = VERTEX_POINT('',#3613);
#3613 = CARTESIAN_POINT('',(-10.04502347811,-1.771101816916,0.));
#3614 = LINE('',#3615,#3616);
#3615 = CARTESIAN_POINT('',(-10.04502347811,-1.771101816916,0.));
#3616 = VECTOR('',#3617,1.);
#3617 = DIRECTION('',(0.,0.,1.));
#3618 = ORIENTED_EDGE('',*,*,#3619,.F.);
#3619 = EDGE_CURVE('',#3578,#3612,#3620,.T.);
#3620 = B_SPLINE_CURVE_WITH_KNOTS('',4,(#3621,#3622,#3623,#3624,#3625),
  .UNSPECIFIED.,.F.,.F.,(5,5),(0.,1.),.PIECEWISE_BEZIER_KNOTS.);
#3621 = CARTESIAN_POINT('',(-8.980179325765,-1.198001751475,0.));
#3622 = CARTESIAN_POINT('',(-9.068758923614,-1.218653963784,0.));
#3623 = CARTESIAN_POINT('',(-9.292993488098,-1.283891518774,0.));
#3624 = CARTESIAN_POINT('',(-9.636649468146,-1.451978116283,0.));
#3625 = CARTESIAN_POINT('',(-10.04502347811,-1.771101816916,0.));
#3626 = SURFACE_OF_LINEAR_EXTRUSION('',#3627,#3633);
#3627 = B_SPLINE_CURVE_WITH_KNOTS('',4,(#3628,#3629,#3630,#3631,#3632),
  .UNSPECIFIED.,.F.,.F.,(5,5),(0.,1.),.PIECEWISE_BEZIER_KNOTS.);
#3628 = CARTESIAN_POINT('',(-8.980179325765,-1.198001751475,0.));
#3629 = CARTESIAN_POINT('',(-9.068758923614,-1.218653963784,0.));
#3630 = CARTESIAN_POINT('',(-9.292993488098,-1.283891518774,0.));
#3631 = CARTESIAN_POINT('',(-9.636649468146,-1.451978116283,0.));
#3632 = CARTESIAN_POINT('',(-10.04502347811,-1.771101816916,0.));
#3633 = VECTOR('',#3634,1.);
#3634 = DIRECTION('',(-0.,-0.,-1.));
#3635 = ADVANCED_FACE('',(#3636),#3663,.T.);
#3636 = FACE_BOUND('',#3637,.F.);
#3637 = EDGE_LOOP('',(#3638,#3639,#3648,#3656));
#3638 = ORIENTED_EDGE('',*,*,#3611,.T.);
#3639 = ORIENTED_EDGE('',*,*,#3640,.T.);
#3640 = EDGE_CURVE('',#3602,#3641,#3643,.T.);
#3641 = VERTEX_POINT('',#3642);
#3642 = CARTESIAN_POINT('',(-9.95813435066,-2.208067085533,12.));
#3643 = CIRCLE('',#3644,10.200000000001);
#3644 = AXIS2_PLACEMENT_3D('',#3645,#3646,#3647);
#3645 = CARTESIAN_POINT('',(1.704829543057E-04,-7.689994463815E-04,12.)
  );
#3646 = DIRECTION('',(0.,0.,1.));
#3647 = DIRECTION('',(-0.984822937359,-0.173562040928,0.));
#3648 = ORIENTED_EDGE('',*,*,#3649,.F.);
#3649 = EDGE_CURVE('',#3650,#3641,#3652,.T.);
#3650 = VERTEX_POINT('',#3651);
#3651 = CARTESIAN_POINT('',(-9.95813435066,-2.208067085533,0.));
#3652 = LINE('',#3653,#3654);
#3653 = CARTESIAN_POINT('',(-9.95813435066,-2.208067085533,0.));
#3654 = VECTOR('',#3655,1.);
#3655 = DIRECTION('',(0.,0.,1.));
#3656 = ORIENTED_EDGE('',*,*,#3657,.F.);
#3657 = EDGE_CURVE('',#3612,#3650,#3658,.T.);
#3658 = CIRCLE('',#3659,10.200000000001);
#3659 = AXIS2_PLACEMENT_3D('',#3660,#3661,#3662);
#3660 = CARTESIAN_POINT('',(1.704829543057E-04,-7.689994463815E-04,0.));
#3661 = DIRECTION('',(0.,0.,1.));
#3662 = DIRECTION('',(-0.984822937359,-0.173562040928,0.));
#3663 = CYLINDRICAL_SURFACE('',#3664,10.200000000001);
#3664 = AXIS2_PLACEMENT_3D('',#3665,#3666,#3667);
#3665 = CARTESIAN_POINT('',(1.704829543057E-04,-7.689994463815E-04,0.));
#3666 = DIRECTION('',(-0.,-0.,-1.));
#3667 = DIRECTION('',(-0.984822937359,-0.173562040928,0.));
#3668 = ADVANCED_FACE('',(#3669),#3698,.F.);
#3669 = FACE_BOUND('',#3670,.F.);
#3670 = EDGE_LOOP('',(#3671,#3672,#3682,#3690));
#3671 = ORIENTED_EDGE('',*,*,#3649,.T.);
#3672 = ORIENTED_EDGE('',*,*,#3673,.T.);
#3673 = EDGE_CURVE('',#3641,#3674,#3676,.T.);
#3674 = VERTEX_POINT('',#3675);
#3675 = CARTESIAN_POINT('',(-8.755072306861,-2.329758502687,12.));
#3676 = B_SPLINE_CURVE_WITH_KNOTS('',4,(#3677,#3678,#3679,#3680,#3681),
  .UNSPECIFIED.,.F.,.F.,(5,5),(0.,1.),.PIECEWISE_BEZIER_KNOTS.);
#3677 = CARTESIAN_POINT('',(-9.95813435066,-2.208067085533,12.));
#3678 = CARTESIAN_POINT('',(-9.458751174864,-2.346333231681,12.));
#3679 = CARTESIAN_POINT('',(-9.076930492603,-2.370113548812,12.));
#3680 = CARTESIAN_POINT('',(-8.844799436532,-2.344574337826,12.));
#3681 = CARTESIAN_POINT('',(-8.755072306861,-2.329758502687,12.));
#3682 = ORIENTED_EDGE('',*,*,#3683,.F.);
#3683 = EDGE_CURVE('',#3684,#3674,#3686,.T.);
#3684 = VERTEX_POINT('',#3685);
#3685 = CARTESIAN_POINT('',(-8.755072306861,-2.329758502687,0.));
#3686 = LINE('',#3687,#3688);
#3687 = CARTESIAN_POINT('',(-8.755072306861,-2.329758502687,0.));
#3688 = VECTOR('',#3689,1.);
#3689 = DIRECTION('',(0.,0.,1.));
#3690 = ORIENTED_EDGE('',*,*,#3691,.F.);
#3691 = EDGE_CURVE('',#3650,#3684,#3692,.T.);
#3692 = B_SPLINE_CURVE_WITH_KNOTS('',4,(#3693,#3694,#3695,#3696,#3697),
  .UNSPECIFIED.,.F.,.F.,(5,5),(0.,1.),.PIECEWISE_BEZIER_KNOTS.);
#3693 = CARTESIAN_POINT('',(-9.95813435066,-2.208067085533,0.));
#3694 = CARTESIAN_POINT('',(-9.458751174864,-2.346333231681,0.));
#3695 = CARTESIAN_POINT('',(-9.076930492603,-2.370113548812,0.));
#3696 = CARTESIAN_POINT('',(-8.844799436532,-2.344574337826,0.));
#3697 = CARTESIAN_POINT('',(-8.755072306861,-2.329758502687,0.));
#3698 = SURFACE_OF_LINEAR_EXTRUSION('',#3699,#3705);
#3699 = B_SPLINE_CURVE_WITH_KNOTS('',4,(#3700,#3701,#3702,#3703,#3704),
  .UNSPECIFIED.,.F.,.F.,(5,5),(0.,1.),.PIECEWISE_BEZIER_KNOTS.);
#3700 = CARTESIAN_POINT('',(-9.95813435066,-2.208067085533,0.));
#3701 = CARTESIAN_POINT('',(-9.458751174864,-2.346333231681,0.));
#3702 = CARTESIAN_POINT('',(-9.076930492603,-2.370113548812,0.));
#3703 = CARTESIAN_POINT('',(-8.844799436532,-2.344574337826,0.));
#3704 = CARTESIAN_POINT('',(-8.755072306861,-2.329758502687,0.));
#3705 = VECTOR('',#3706,1.);
#3706 = DIRECTION('',(-0.,-0.,-1.));
#3707 = ADVANCED_FACE('',(#3708),#3735,.F.);
#3708 = FACE_BOUND('',#3709,.F.);
#3709 = EDGE_LOOP('',(#3710,#3711,#3720,#3728));
#3710 = ORIENTED_EDGE('',*,*,#3683,.T.);
#3711 = ORIENTED_EDGE('',*,*,#3712,.T.);
#3712 = EDGE_CURVE('',#3674,#3713,#3715,.T.);
#3713 = VERTEX_POINT('',#3714);
#3714 = CARTESIAN_POINT('',(-8.492614369214,-2.489578513689,12.));
#3715 = CIRCLE('',#3716,0.228);
#3716 = AXIS2_PLACEMENT_3D('',#3717,#3718,#3719);
#3717 = CARTESIAN_POINT('',(-8.711456605549,-2.553547846935,12.));
#3718 = DIRECTION('',(0.,0.,-1.));
#3719 = DIRECTION('',(-0.191296935579,0.981532211615,0.));
#3720 = ORIENTED_EDGE('',*,*,#3721,.F.);
#3721 = EDGE_CURVE('',#3722,#3713,#3724,.T.);
#3722 = VERTEX_POINT('',#3723);
#3723 = CARTESIAN_POINT('',(-8.492614369214,-2.489578513689,0.));
#3724 = LINE('',#3725,#3726);
#3725 = CARTESIAN_POINT('',(-8.492614369214,-2.489578513689,0.));
#3726 = VECTOR('',#3727,1.);
#3727 = DIRECTION('',(0.,0.,1.));
#3728 = ORIENTED_EDGE('',*,*,#3729,.F.);
#3729 = EDGE_CURVE('',#3684,#3722,#3730,.T.);
#3730 = CIRCLE('',#3731,0.228);
#3731 = AXIS2_PLACEMENT_3D('',#3732,#3733,#3734);
#3732 = CARTESIAN_POINT('',(-8.711456605549,-2.553547846935,0.));
#3733 = DIRECTION('',(0.,0.,-1.));
#3734 = DIRECTION('',(-0.191296935579,0.981532211615,0.));
#3735 = CYLINDRICAL_SURFACE('',#3736,0.228);
#3736 = AXIS2_PLACEMENT_3D('',#3737,#3738,#3739);
#3737 = CARTESIAN_POINT('',(-8.711456605549,-2.553547846935,0.));
#3738 = DIRECTION('',(0.,0.,-1.));
#3739 = DIRECTION('',(-0.191296935579,0.981532211615,0.));
#3740 = ADVANCED_FACE('',(#3741),#3768,.T.);
#3741 = FACE_BOUND('',#3742,.F.);
#3742 = EDGE_LOOP('',(#3743,#3744,#3753,#3761));
#3743 = ORIENTED_EDGE('',*,*,#3721,.T.);
#3744 = ORIENTED_EDGE('',*,*,#3745,.T.);
#3745 = EDGE_CURVE('',#3713,#3746,#3748,.T.);
#3746 = VERTEX_POINT('',#3747);
#3747 = CARTESIAN_POINT('',(-8.444486491976,-2.648234862476,12.));
#3748 = CIRCLE('',#3749,8.849999999954);
#3749 = AXIS2_PLACEMENT_3D('',#3750,#3751,#3752);
#3750 = CARTESIAN_POINT('',(-4.3822723228E-11,-1.32145405729E-11,12.));
#3751 = DIRECTION('',(0.,0.,1.));
#3752 = DIRECTION('',(-0.959617442849,-0.281308306631,0.));
#3753 = ORIENTED_EDGE('',*,*,#3754,.F.);
#3754 = EDGE_CURVE('',#3755,#3746,#3757,.T.);
#3755 = VERTEX_POINT('',#3756);
#3756 = CARTESIAN_POINT('',(-8.444486491976,-2.648234862476,0.));
#3757 = LINE('',#3758,#3759);
#3758 = CARTESIAN_POINT('',(-8.444486491976,-2.648234862476,0.));
#3759 = VECTOR('',#3760,1.);
#3760 = DIRECTION('',(0.,0.,1.));
#3761 = ORIENTED_EDGE('',*,*,#3762,.F.);
#3762 = EDGE_CURVE('',#3722,#3755,#3763,.T.);
#3763 = CIRCLE('',#3764,8.849999999954);
#3764 = AXIS2_PLACEMENT_3D('',#3765,#3766,#3767);
#3765 = CARTESIAN_POINT('',(-4.3822723228E-11,-1.32145405729E-11,0.));
#3766 = DIRECTION('',(0.,0.,1.));
#3767 = DIRECTION('',(-0.959617442849,-0.281308306631,0.));
#3768 = CYLINDRICAL_SURFACE('',#3769,8.849999999954);
#3769 = AXIS2_PLACEMENT_3D('',#3770,#3771,#3772);
#3770 = CARTESIAN_POINT('',(-4.3822723228E-11,-1.32145405729E-11,0.));
#3771 = DIRECTION('',(-0.,-0.,-1.));
#3772 = DIRECTION('',(-0.959617442849,-0.281308306631,0.));
#3773 = ADVANCED_FACE('',(#3774),#3801,.F.);
#3774 = FACE_BOUND('',#3775,.F.);
#3775 = EDGE_LOOP('',(#3776,#3777,#3786,#3794));
#3776 = ORIENTED_EDGE('',*,*,#3754,.T.);
#3777 = ORIENTED_EDGE('',*,*,#3778,.T.);
#3778 = EDGE_CURVE('',#3746,#3779,#3781,.T.);
#3779 = VERTEX_POINT('',#3780);
#3780 = CARTESIAN_POINT('',(-8.573909150621,-2.92692856017,12.));
#3781 = CIRCLE('',#3782,0.228);
#3782 = AXIS2_PLACEMENT_3D('',#3783,#3784,#3785);
#3783 = CARTESIAN_POINT('',(-8.661986790702,-2.71662799118,12.));
#3784 = DIRECTION('',(0.,0.,-1.));
#3785 = DIRECTION('',(0.953948678624,0.299969862737,0.));
#3786 = ORIENTED_EDGE('',*,*,#3787,.F.);
#3787 = EDGE_CURVE('',#3788,#3779,#3790,.T.);
#3788 = VERTEX_POINT('',#3789);
#3789 = CARTESIAN_POINT('',(-8.573909150621,-2.92692856017,0.));
#3790 = LINE('',#3791,#3792);
#3791 = CARTESIAN_POINT('',(-8.573909150621,-2.92692856017,0.));
#3792 = VECTOR('',#3793,1.);
#3793 = DIRECTION('',(0.,0.,1.));
#3794 = ORIENTED_EDGE('',*,*,#3795,.F.);
#3795 = EDGE_CURVE('',#3755,#3788,#3796,.T.);
#3796 = CIRCLE('',#3797,0.228);
#3797 = AXIS2_PLACEMENT_3D('',#3798,#3799,#3800);
#3798 = CARTESIAN_POINT('',(-8.661986790702,-2.71662799118,0.));
#3799 = DIRECTION('',(0.,0.,-1.));
#3800 = DIRECTION('',(0.953948678624,0.299969862737,0.));
#3801 = CYLINDRICAL_SURFACE('',#3802,0.228);
#3802 = AXIS2_PLACEMENT_3D('',#3803,#3804,#3805);
#3803 = CARTESIAN_POINT('',(-8.661986790702,-2.71662799118,0.));
#3804 = DIRECTION('',(0.,0.,-1.));
#3805 = DIRECTION('',(0.953948678624,0.299969862737,0.));
#3806 = ADVANCED_FACE('',(#3807),#3836,.F.);
#3807 = FACE_BOUND('',#3808,.F.);
#3808 = EDGE_LOOP('',(#3809,#3810,#3820,#3828));
#3809 = ORIENTED_EDGE('',*,*,#3787,.T.);
#3810 = ORIENTED_EDGE('',*,*,#3811,.T.);
#3811 = EDGE_CURVE('',#3779,#3812,#3814,.T.);
#3812 = VERTEX_POINT('',#3813);
#3813 = CARTESIAN_POINT('',(-9.50648634485,-3.696757457131,12.));
#3814 = B_SPLINE_CURVE_WITH_KNOTS('',4,(#3815,#3816,#3817,#3818,#3819),
  .UNSPECIFIED.,.F.,.F.,(5,5),(0.,1.),.PIECEWISE_BEZIER_KNOTS.);
#3815 = CARTESIAN_POINT('',(-8.573909150621,-2.92692856017,12.));
#3816 = CARTESIAN_POINT('',(-8.656757669585,-2.964464968279,12.));
#3817 = CARTESIAN_POINT('',(-8.863956414178,-3.072194995335,12.));
#3818 = CARTESIAN_POINT('',(-9.168217072497,-3.304095811815,12.));
#3819 = CARTESIAN_POINT('',(-9.50648634485,-3.696757457131,12.));
#3820 = ORIENTED_EDGE('',*,*,#3821,.F.);
#3821 = EDGE_CURVE('',#3822,#3812,#3824,.T.);
#3822 = VERTEX_POINT('',#3823);
#3823 = CARTESIAN_POINT('',(-9.50648634485,-3.696757457131,0.));
#3824 = LINE('',#3825,#3826);
#3825 = CARTESIAN_POINT('',(-9.50648634485,-3.696757457131,0.));
#3826 = VECTOR('',#3827,1.);
#3827 = DIRECTION('',(0.,0.,1.));
#3828 = ORIENTED_EDGE('',*,*,#3829,.F.);
#3829 = EDGE_CURVE('',#3788,#3822,#3830,.T.);
#3830 = B_SPLINE_CURVE_WITH_KNOTS('',4,(#3831,#3832,#3833,#3834,#3835),
  .UNSPECIFIED.,.F.,.F.,(5,5),(0.,1.),.PIECEWISE_BEZIER_KNOTS.);
#3831 = CARTESIAN_POINT('',(-8.573909150621,-2.92692856017,0.));
#3832 = CARTESIAN_POINT('',(-8.656757669585,-2.964464968279,0.));
#3833 = CARTESIAN_POINT('',(-8.863956414178,-3.072194995335,0.));
#3834 = CARTESIAN_POINT('',(-9.168217072497,-3.304095811815,0.));
#3835 = CARTESIAN_POINT('',(-9.50648634485,-3.696757457131,0.));
#3836 = SURFACE_OF_LINEAR_EXTRUSION('',#3837,#3843);
#3837 = B_SPLINE_CURVE_WITH_KNOTS('',4,(#3838,#3839,#3840,#3841,#3842),
  .UNSPECIFIED.,.F.,.F.,(5,5),(0.,1.),.PIECEWISE_BEZIER_KNOTS.);
#3838 = CARTESIAN_POINT('',(-8.573909150621,-2.92692856017,0.));
#3839 = CARTESIAN_POINT('',(-8.656757669585,-2.964464968279,0.));
#3840 = CARTESIAN_POINT('',(-8.863956414178,-3.072194995335,0.));
#3841 = CARTESIAN_POINT('',(-9.168217072497,-3.304095811815,0.));
#3842 = CARTESIAN_POINT('',(-9.50648634485,-3.696757457131,0.));
#3843 = VECTOR('',#3844,1.);
#3844 = DIRECTION('',(-0.,-0.,-1.));
#3845 = ADVANCED_FACE('',(#3846),#3873,.T.);
#3846 = FACE_BOUND('',#3847,.F.);
#3847 = EDGE_LOOP('',(#3848,#3849,#3858,#3866));
#3848 = ORIENTED_EDGE('',*,*,#3821,.T.);
#3849 = ORIENTED_EDGE('',*,*,#3850,.T.);
#3850 = EDGE_CURVE('',#3812,#3851,#3853,.T.);
#3851 = VERTEX_POINT('',#3852);
#3852 = CARTESIAN_POINT('',(-9.336019072655,-4.108375332784,12.));
#3853 = CIRCLE('',#3854,10.200000000008);
#3854 = AXIS2_PLACEMENT_3D('',#3855,#3856,#3857);
#3855 = CARTESIAN_POINT('',(3.172315285305E-04,-7.209637603718E-04,12.)
  );
#3856 = DIRECTION('',(0.,0.,1.));
#3857 = DIRECTION('',(-0.932039566311,-0.362356518958,0.));
#3858 = ORIENTED_EDGE('',*,*,#3859,.F.);
#3859 = EDGE_CURVE('',#3860,#3851,#3862,.T.);
#3860 = VERTEX_POINT('',#3861);
#3861 = CARTESIAN_POINT('',(-9.336019072655,-4.108375332784,0.));
#3862 = LINE('',#3863,#3864);
#3863 = CARTESIAN_POINT('',(-9.336019072655,-4.108375332784,0.));
#3864 = VECTOR('',#3865,1.);
#3865 = DIRECTION('',(0.,0.,1.));
#3866 = ORIENTED_EDGE('',*,*,#3867,.F.);
#3867 = EDGE_CURVE('',#3822,#3860,#3868,.T.);
#3868 = CIRCLE('',#3869,10.200000000008);
#3869 = AXIS2_PLACEMENT_3D('',#3870,#3871,#3872);
#3870 = CARTESIAN_POINT('',(3.172315285305E-04,-7.209637603718E-04,0.));
#3871 = DIRECTION('',(0.,0.,1.));
#3872 = DIRECTION('',(-0.932039566311,-0.362356518958,0.));
#3873 = CYLINDRICAL_SURFACE('',#3874,10.200000000008);
#3874 = AXIS2_PLACEMENT_3D('',#3875,#3876,#3877);
#3875 = CARTESIAN_POINT('',(3.172315285305E-04,-7.209637603718E-04,0.));
#3876 = DIRECTION('',(-0.,-0.,-1.));
#3877 = DIRECTION('',(-0.932039566311,-0.362356518958,0.));
#3878 = ADVANCED_FACE('',(#3879),#3908,.F.);
#3879 = FACE_BOUND('',#3880,.F.);
#3880 = EDGE_LOOP('',(#3881,#3882,#3892,#3900));
#3881 = ORIENTED_EDGE('',*,*,#3859,.T.);
#3882 = ORIENTED_EDGE('',*,*,#3883,.T.);
#3883 = EDGE_CURVE('',#3851,#3884,#3886,.T.);
#3884 = VERTEX_POINT('',#3885);
#3885 = CARTESIAN_POINT('',(-8.132332710926,-3.99302272195,12.));
#3886 = B_SPLINE_CURVE_WITH_KNOTS('',4,(#3887,#3888,#3889,#3890,#3891),
  .UNSPECIFIED.,.F.,.F.,(5,5),(0.,1.),.PIECEWISE_BEZIER_KNOTS.);
#3887 = CARTESIAN_POINT('',(-9.336019072655,-4.108375332784,12.));
#3888 = CARTESIAN_POINT('',(-8.819257017577,-4.146559909128,12.));
#3889 = CARTESIAN_POINT('',(-8.440133602936,-4.095393774279,12.));
#3890 = CARTESIAN_POINT('',(-8.217445332912,-4.025058769593,12.));
#3891 = CARTESIAN_POINT('',(-8.132332710926,-3.99302272195,12.));
#3892 = ORIENTED_EDGE('',*,*,#3893,.F.);
#3893 = EDGE_CURVE('',#3894,#3884,#3896,.T.);
#3894 = VERTEX_POINT('',#3895);
#3895 = CARTESIAN_POINT('',(-8.132332710926,-3.99302272195,0.));
#3896 = LINE('',#3897,#3898);
#3897 = CARTESIAN_POINT('',(-8.132332710926,-3.99302272195,0.));
#3898 = VECTOR('',#3899,1.);
#3899 = DIRECTION('',(0.,0.,1.));
#3900 = ORIENTED_EDGE('',*,*,#3901,.F.);
#3901 = EDGE_CURVE('',#3860,#3894,#3902,.T.);
#3902 = B_SPLINE_CURVE_WITH_KNOTS('',4,(#3903,#3904,#3905,#3906,#3907),
  .UNSPECIFIED.,.F.,.F.,(5,5),(0.,1.),.PIECEWISE_BEZIER_KNOTS.);
#3903 = CARTESIAN_POINT('',(-9.336019072655,-4.108375332784,0.));
#3904 = CARTESIAN_POINT('',(-8.819257017577,-4.146559909128,0.));
#3905 = CARTESIAN_POINT('',(-8.440133602936,-4.095393774279,0.));
#3906 = CARTESIAN_POINT('',(-8.217445332912,-4.025058769593,0.));
#3907 = CARTESIAN_POINT('',(-8.132332710926,-3.99302272195,0.));
#3908 = SURFACE_OF_LINEAR_EXTRUSION('',#3909,#3915);
#3909 = B_SPLINE_CURVE_WITH_KNOTS('',4,(#3910,#3911,#3912,#3913,#3914),
  .UNSPECIFIED.,.F.,.F.,(5,5),(0.,1.),.PIECEWISE_BEZIER_KNOTS.);
#3910 = CARTESIAN_POINT('',(-9.336019072655,-4.108375332784,0.));
#3911 = CARTESIAN_POINT('',(-8.819257017577,-4.146559909128,0.));
#3912 = CARTESIAN_POINT('',(-8.440133602936,-4.095393774279,0.));
#3913 = CARTESIAN_POINT('',(-8.217445332912,-4.025058769593,0.));
#3914 = CARTESIAN_POINT('',(-8.132332710926,-3.99302272195,0.));
#3915 = VECTOR('',#3916,1.);
#3916 = DIRECTION('',(-0.,-0.,-1.));
#3917 = ADVANCED_FACE('',(#3918),#3945,.F.);
#3918 = FACE_BOUND('',#3919,.F.);
#3919 = EDGE_LOOP('',(#3920,#3921,#3930,#3938));
#3920 = ORIENTED_EDGE('',*,*,#3893,.T.);
#3921 = ORIENTED_EDGE('',*,*,#3922,.T.);
#3922 = EDGE_CURVE('',#3884,#3923,#3925,.T.);
#3923 = VERTEX_POINT('',#3924);
#3924 = CARTESIAN_POINT('',(-7.843738491546,-4.098568832683,12.));
#3925 = CIRCLE('',#3926,0.228);
#3926 = AXIS2_PLACEMENT_3D('',#3927,#3928,#3929);
#3927 = CARTESIAN_POINT('',(-8.045895937852,-4.204003015485,12.));
#3928 = DIRECTION('',(0.,0.,-1.));
#3929 = DIRECTION('',(-0.379108653835,0.925352164631,0.));
#3930 = ORIENTED_EDGE('',*,*,#3931,.F.);
#3931 = EDGE_CURVE('',#3932,#3923,#3934,.T.);
#3932 = VERTEX_POINT('',#3933);
#3933 = CARTESIAN_POINT('',(-7.843738491546,-4.098568832683,0.));
#3934 = LINE('',#3935,#3936);
#3935 = CARTESIAN_POINT('',(-7.843738491546,-4.098568832683,0.));
#3936 = VECTOR('',#3937,1.);
#3937 = DIRECTION('',(0.,0.,1.));
#3938 = ORIENTED_EDGE('',*,*,#3939,.F.);
#3939 = EDGE_CURVE('',#3894,#3932,#3940,.T.);
#3940 = CIRCLE('',#3941,0.228);
#3941 = AXIS2_PLACEMENT_3D('',#3942,#3943,#3944);
#3942 = CARTESIAN_POINT('',(-8.045895937852,-4.204003015485,0.));
#3943 = DIRECTION('',(0.,0.,-1.));
#3944 = DIRECTION('',(-0.379108653835,0.925352164631,0.));
#3945 = CYLINDRICAL_SURFACE('',#3946,0.228);
#3946 = AXIS2_PLACEMENT_3D('',#3947,#3948,#3949);
#3947 = CARTESIAN_POINT('',(-8.045895937852,-4.204003015485,0.));
#3948 = DIRECTION('',(0.,0.,-1.));
#3949 = DIRECTION('',(-0.379108653835,0.925352164631,0.));
#3950 = ADVANCED_FACE('',(#3951),#3978,.T.);
#3951 = FACE_BOUND('',#3952,.F.);
#3952 = EDGE_LOOP('',(#3953,#3954,#3963,#3971));
#3953 = ORIENTED_EDGE('',*,*,#3931,.T.);
#3954 = ORIENTED_EDGE('',*,*,#3955,.T.);
#3955 = EDGE_CURVE('',#3923,#3956,#3958,.T.);
#3956 = VERTEX_POINT('',#3957);
#3957 = CARTESIAN_POINT('',(-7.765583059799,-4.244787361148,12.));
#3958 = CIRCLE('',#3959,8.849999999998);
#3959 = AXIS2_PLACEMENT_3D('',#3960,#3961,#3962);
#3960 = CARTESIAN_POINT('',(-1.639577362766E-12,-9.126033262419E-13,12.)
  );
#3961 = DIRECTION('',(0.,0.,1.));
#3962 = DIRECTION('',(-0.886298134638,-0.463115122337,0.));
#3963 = ORIENTED_EDGE('',*,*,#3964,.F.);
#3964 = EDGE_CURVE('',#3965,#3956,#3967,.T.);
#3965 = VERTEX_POINT('',#3966);
#3966 = CARTESIAN_POINT('',(-7.765583059799,-4.244787361148,0.));
#3967 = LINE('',#3968,#3969);
#3968 = CARTESIAN_POINT('',(-7.765583059799,-4.244787361148,0.));
#3969 = VECTOR('',#3970,1.);
#3970 = DIRECTION('',(0.,0.,1.));
#3971 = ORIENTED_EDGE('',*,*,#3972,.F.);
#3972 = EDGE_CURVE('',#3932,#3965,#3973,.T.);
#3973 = CIRCLE('',#3974,8.849999999998);
#3974 = AXIS2_PLACEMENT_3D('',#3975,#3976,#3977);
#3975 = CARTESIAN_POINT('',(-1.639577362766E-12,-9.126033262419E-13,0.)
  );
#3976 = DIRECTION('',(0.,0.,1.));
#3977 = DIRECTION('',(-0.886298134638,-0.463115122337,0.));
#3978 = CYLINDRICAL_SURFACE('',#3979,8.849999999998);
#3979 = AXIS2_PLACEMENT_3D('',#3980,#3981,#3982);
#3980 = CARTESIAN_POINT('',(-1.639577362766E-12,-9.126033262419E-13,0.)
  );
#3981 = DIRECTION('',(-0.,-0.,-1.));
#3982 = DIRECTION('',(-0.886298134638,-0.463115122337,0.));
#3983 = ADVANCED_FACE('',(#3984),#4011,.F.);
#3984 = FACE_BOUND('',#3985,.F.);
#3985 = EDGE_LOOP('',(#3986,#3987,#3996,#4004));
#3986 = ORIENTED_EDGE('',*,*,#3964,.T.);
#3987 = ORIENTED_EDGE('',*,*,#3988,.T.);
#3988 = EDGE_CURVE('',#3956,#3989,#3991,.T.);
#3989 = VERTEX_POINT('',#3990);
#3990 = CARTESIAN_POINT('',(-7.838148455121,-4.543375145739,12.));
#3991 = CIRCLE('',#3992,0.228);
#3992 = AXIS2_PLACEMENT_3D('',#3993,#3994,#3995);
#3993 = CARTESIAN_POINT('',(-7.965561313771,-4.354298538379,12.));
#3994 = DIRECTION('',(0.,0.,-1.));
#3995 = DIRECTION('',(0.877097605138,0.480312180837,0.));
#3996 = ORIENTED_EDGE('',*,*,#3997,.F.);
#3997 = EDGE_CURVE('',#3998,#3989,#4000,.T.);
#3998 = VERTEX_POINT('',#3999);
#3999 = CARTESIAN_POINT('',(-7.838148455121,-4.543375145739,0.));
#4000 = LINE('',#4001,#4002);
#4001 = CARTESIAN_POINT('',(-7.838148455121,-4.543375145739,0.));
#4002 = VECTOR('',#4003,1.);
#4003 = DIRECTION('',(0.,0.,1.));
#4004 = ORIENTED_EDGE('',*,*,#4005,.F.);
#4005 = EDGE_CURVE('',#3965,#3998,#4006,.T.);
#4006 = CIRCLE('',#4007,0.228);
#4007 = AXIS2_PLACEMENT_3D('',#4008,#4009,#4010);
#4008 = CARTESIAN_POINT('',(-7.965561313771,-4.354298538379,0.));
#4009 = DIRECTION('',(0.,0.,-1.));
#4010 = DIRECTION('',(0.877097605138,0.480312180837,0.));
#4011 = CYLINDRICAL_SURFACE('',#4012,0.228);
#4012 = AXIS2_PLACEMENT_3D('',#4013,#4014,#4015);
#4013 = CARTESIAN_POINT('',(-7.965561313771,-4.354298538379,0.));
#4014 = DIRECTION('',(0.,0.,-1.));
#4015 = DIRECTION('',(0.877097605138,0.480312180837,0.));
#4016 = ADVANCED_FACE('',(#4017),#4046,.F.);
#4017 = FACE_BOUND('',#4018,.F.);
#4018 = EDGE_LOOP('',(#4019,#4020,#4030,#4038));
#4019 = ORIENTED_EDGE('',*,*,#3997,.T.);
#4020 = ORIENTED_EDGE('',*,*,#4021,.T.);
#4021 = EDGE_CURVE('',#3989,#4022,#4024,.T.);
#4022 = VERTEX_POINT('',#4023);
#4023 = CARTESIAN_POINT('',(-8.602620272656,-5.480348781433,12.));
#4024 = B_SPLINE_CURVE_WITH_KNOTS('',4,(#4025,#4026,#4027,#4028,#4029),
  .UNSPECIFIED.,.F.,.F.,(5,5),(0.,1.),.PIECEWISE_BEZIER_KNOTS.);
#4025 = CARTESIAN_POINT('',(-7.838148455121,-4.543375145739,12.));
#4026 = CARTESIAN_POINT('',(-7.91208207308,-4.596353246534,12.));
#4027 = CARTESIAN_POINT('',(-8.094282466225,-4.742435741132,12.));
#4028 = CARTESIAN_POINT('',(-8.347455236347,-5.029238958258,12.));
#4029 = CARTESIAN_POINT('',(-8.602620272656,-5.480348781433,12.));
#4030 = ORIENTED_EDGE('',*,*,#4031,.F.);
#4031 = EDGE_CURVE('',#4032,#4022,#4034,.T.);
#4032 = VERTEX_POINT('',#4033);
#4033 = CARTESIAN_POINT('',(-8.602620272656,-5.480348781433,0.));
#4034 = LINE('',#4035,#4036);
#4035 = CARTESIAN_POINT('',(-8.602620272656,-5.480348781433,0.));
#4036 = VECTOR('',#4037,1.);
#4037 = DIRECTION('',(0.,0.,1.));
#4038 = ORIENTED_EDGE('',*,*,#4039,.F.);
#4039 = EDGE_CURVE('',#3998,#4032,#4040,.T.);
#4040 = B_SPLINE_CURVE_WITH_KNOTS('',4,(#4041,#4042,#4043,#4044,#4045),
  .UNSPECIFIED.,.F.,.F.,(5,5),(0.,1.),.PIECEWISE_BEZIER_KNOTS.);
#4041 = CARTESIAN_POINT('',(-7.838148455121,-4.543375145739,0.));
#4042 = CARTESIAN_POINT('',(-7.91208207308,-4.596353246534,0.));
#4043 = CARTESIAN_POINT('',(-8.094282466225,-4.742435741132,0.));
#4044 = CARTESIAN_POINT('',(-8.347455236347,-5.029238958258,0.));
#4045 = CARTESIAN_POINT('',(-8.602620272656,-5.480348781433,0.));
#4046 = SURFACE_OF_LINEAR_EXTRUSION('',#4047,#4053);
#4047 = B_SPLINE_CURVE_WITH_KNOTS('',4,(#4048,#4049,#4050,#4051,#4052),
  .UNSPECIFIED.,.F.,.F.,(5,5),(0.,1.),.PIECEWISE_BEZIER_KNOTS.);
#4048 = CARTESIAN_POINT('',(-7.838148455121,-4.543375145739,0.));
#4049 = CARTESIAN_POINT('',(-7.91208207308,-4.596353246534,0.));
#4050 = CARTESIAN_POINT('',(-8.094282466225,-4.742435741132,0.));
#4051 = CARTESIAN_POINT('',(-8.347455236347,-5.029238958258,0.));
#4052 = CARTESIAN_POINT('',(-8.602620272656,-5.480348781433,0.));
#4053 = VECTOR('',#4054,1.);
#4054 = DIRECTION('',(-0.,-0.,-1.));
#4055 = ADVANCED_FACE('',(#4056),#4083,.T.);
#4056 = FACE_BOUND('',#4057,.F.);
#4057 = EDGE_LOOP('',(#4058,#4059,#4068,#4076));
#4058 = ORIENTED_EDGE('',*,*,#4031,.T.);
#4059 = ORIENTED_EDGE('',*,*,#4060,.T.);
#4060 = EDGE_CURVE('',#4022,#4061,#4063,.T.);
#4061 = VERTEX_POINT('',#4062);
#4062 = CARTESIAN_POINT('',(-8.355125817388,-5.850801019999,12.));
#4063 = CIRCLE('',#4064,10.199999999994);
#4064 = AXIS2_PLACEMENT_3D('',#4065,#4066,#4067);
#4065 = CARTESIAN_POINT('',(4.517890538871E-04,-6.452218507795E-04,12.)
  );
#4066 = DIRECTION('',(0.,0.,1.));
#4067 = DIRECTION('',(-0.843438437423,-0.537225839175,0.));
#4068 = ORIENTED_EDGE('',*,*,#4069,.F.);
#4069 = EDGE_CURVE('',#4070,#4061,#4072,.T.);
#4070 = VERTEX_POINT('',#4071);
#4071 = CARTESIAN_POINT('',(-8.355125817388,-5.850801019999,0.));
#4072 = LINE('',#4073,#4074);
#4073 = CARTESIAN_POINT('',(-8.355125817388,-5.850801019999,0.));
#4074 = VECTOR('',#4075,1.);
#4075 = DIRECTION('',(0.,0.,1.));
#4076 = ORIENTED_EDGE('',*,*,#4077,.F.);
#4077 = EDGE_CURVE('',#4032,#4070,#4078,.T.);
#4078 = CIRCLE('',#4079,10.199999999994);
#4079 = AXIS2_PLACEMENT_3D('',#4080,#4081,#4082);
#4080 = CARTESIAN_POINT('',(4.517890538871E-04,-6.452218507795E-04,0.));
#4081 = DIRECTION('',(0.,0.,1.));
#4082 = DIRECTION('',(-0.843438437423,-0.537225839175,0.));
#4083 = CYLINDRICAL_SURFACE('',#4084,10.199999999994);
#4084 = AXIS2_PLACEMENT_3D('',#4085,#4086,#4087);
#4085 = CARTESIAN_POINT('',(4.517890538871E-04,-6.452218507795E-04,0.));
#4086 = DIRECTION('',(-0.,-0.,-1.));
#4087 = DIRECTION('',(-0.843438437423,-0.537225839175,0.));
#4088 = ADVANCED_FACE('',(#4089),#4118,.F.);
#4089 = FACE_BOUND('',#4090,.F.);
#4090 = EDGE_LOOP('',(#4091,#4092,#4102,#4110));
#4091 = ORIENTED_EDGE('',*,*,#4069,.T.);
#4092 = ORIENTED_EDGE('',*,*,#4093,.T.);
#4093 = EDGE_CURVE('',#4061,#4094,#4096,.T.);
#4094 = VERTEX_POINT('',#4095);
#4095 = CARTESIAN_POINT('',(-7.197072129575,-5.502837317321,12.));
#4096 = B_SPLINE_CURVE_WITH_KNOTS('',4,(#4097,#4098,#4099,#4100,#4101),
  .UNSPECIFIED.,.F.,.F.,(5,5),(0.,1.),.PIECEWISE_BEZIER_KNOTS.);
#4097 = CARTESIAN_POINT('',(-8.355125817388,-5.850801019999,12.));
#4098 = CARTESIAN_POINT('',(-7.840843759002,-5.787436614685,12.));
#4099 = CARTESIAN_POINT('',(-7.478987112189,-5.663290313723,12.));
#4100 = CARTESIAN_POINT('',(-7.274299413545,-5.550862450122,12.));
#4101 = CARTESIAN_POINT('',(-7.197072129575,-5.502837317321,12.));
#4102 = ORIENTED_EDGE('',*,*,#4103,.F.);
#4103 = EDGE_CURVE('',#4104,#4094,#4106,.T.);
#4104 = VERTEX_POINT('',#4105);
#4105 = CARTESIAN_POINT('',(-7.197072129575,-5.502837317321,0.));
#4106 = LINE('',#4107,#4108);
#4107 = CARTESIAN_POINT('',(-7.197072129575,-5.502837317321,0.));
#4108 = VECTOR('',#4109,1.);
#4109 = DIRECTION('',(0.,0.,1.));
#4110 = ORIENTED_EDGE('',*,*,#4111,.F.);
#4111 = EDGE_CURVE('',#4070,#4104,#4112,.T.);
#4112 = B_SPLINE_CURVE_WITH_KNOTS('',4,(#4113,#4114,#4115,#4116,#4117),
  .UNSPECIFIED.,.F.,.F.,(5,5),(0.,1.),.PIECEWISE_BEZIER_KNOTS.);
#4113 = CARTESIAN_POINT('',(-8.355125817388,-5.850801019999,0.));
#4114 = CARTESIAN_POINT('',(-7.840843759002,-5.787436614685,0.));
#4115 = CARTESIAN_POINT('',(-7.478987112189,-5.663290313723,0.));
#4116 = CARTESIAN_POINT('',(-7.274299413545,-5.550862450122,0.));
#4117 = CARTESIAN_POINT('',(-7.197072129575,-5.502837317321,0.));
#4118 = SURFACE_OF_LINEAR_EXTRUSION('',#4119,#4125);
#4119 = B_SPLINE_CURVE_WITH_KNOTS('',4,(#4120,#4121,#4122,#4123,#4124),
  .UNSPECIFIED.,.F.,.F.,(5,5),(0.,1.),.PIECEWISE_BEZIER_KNOTS.);
#4120 = CARTESIAN_POINT('',(-8.355125817388,-5.850801019999,0.));
#4121 = CARTESIAN_POINT('',(-7.840843759002,-5.787436614685,0.));
#4122 = CARTESIAN_POINT('',(-7.478987112189,-5.663290313723,0.));
#4123 = CARTESIAN_POINT('',(-7.274299413545,-5.550862450122,0.));
#4124 = CARTESIAN_POINT('',(-7.197072129575,-5.502837317321,0.));
#4125 = VECTOR('',#4126,1.);
#4126 = DIRECTION('',(-0.,-0.,-1.));
#4127 = ADVANCED_FACE('',(#4128),#4155,.F.);
#4128 = FACE_BOUND('',#4129,.F.);
#4129 = EDGE_LOOP('',(#4130,#4131,#4140,#4148));
#4130 = ORIENTED_EDGE('',*,*,#4103,.T.);
#4131 = ORIENTED_EDGE('',*,*,#4132,.T.);
#4132 = EDGE_CURVE('',#4094,#4133,#4135,.T.);
#4133 = VERTEX_POINT('',#4134);
#4134 = CARTESIAN_POINT('',(-6.893432142467,-5.550053449941,12.));
#4135 = CIRCLE('',#4136,0.228);
#4136 = AXIS2_PLACEMENT_3D('',#4137,#4138,#4139);
#4137 = CARTESIAN_POINT('',(-7.071136001453,-5.692900705783,12.));
#4138 = DIRECTION('',(0.,0.,-1.));
#4139 = DIRECTION('',(-0.552351439131,0.833611352903,0.));
#4140 = ORIENTED_EDGE('',*,*,#4141,.F.);
#4141 = EDGE_CURVE('',#4142,#4133,#4144,.T.);
#4142 = VERTEX_POINT('',#4143);
#4143 = CARTESIAN_POINT('',(-6.893432142467,-5.550053449941,0.));
#4144 = LINE('',#4145,#4146);
#4145 = CARTESIAN_POINT('',(-6.893432142467,-5.550053449941,0.));
#4146 = VECTOR('',#4147,1.);
#4147 = DIRECTION('',(0.,0.,1.));
#4148 = ORIENTED_EDGE('',*,*,#4149,.F.);
#4149 = EDGE_CURVE('',#4104,#4142,#4150,.T.);
#4150 = CIRCLE('',#4151,0.228);
#4151 = AXIS2_PLACEMENT_3D('',#4152,#4153,#4154);
#4152 = CARTESIAN_POINT('',(-7.071136001453,-5.692900705783,0.));
#4153 = DIRECTION('',(0.,0.,-1.));
#4154 = DIRECTION('',(-0.552351439131,0.833611352903,0.));
#4155 = CYLINDRICAL_SURFACE('',#4156,0.228);
#4156 = AXIS2_PLACEMENT_3D('',#4157,#4158,#4159);
#4157 = CARTESIAN_POINT('',(-7.071136001453,-5.692900705783,0.));
#4158 = DIRECTION('',(0.,0.,-1.));
#4159 = DIRECTION('',(-0.552351439131,0.833611352903,0.));
#4160 = ADVANCED_FACE('',(#4161),#4188,.T.);
#4161 = FACE_BOUND('',#4162,.F.);
#4162 = EDGE_LOOP('',(#4163,#4164,#4173,#4181));
#4163 = ORIENTED_EDGE('',*,*,#4141,.T.);
#4164 = ORIENTED_EDGE('',*,*,#4165,.T.);
#4165 = EDGE_CURVE('',#4133,#4166,#4168,.T.);
#4166 = VERTEX_POINT('',#4167);
#4167 = CARTESIAN_POINT('',(-6.788252625623,-5.678215062035,12.));
#4168 = CIRCLE('',#4169,8.850000000017);
#4169 = AXIS2_PLACEMENT_3D('',#4170,#4171,#4172);
#4170 = CARTESIAN_POINT('',(1.285060946543E-11,1.058442222757E-11,12.));
#4171 = DIRECTION('',(0.,0.,1.));
#4172 = DIRECTION('',(-0.778918886154,-0.627124683609,0.));
#4173 = ORIENTED_EDGE('',*,*,#4174,.F.);
#4174 = EDGE_CURVE('',#4175,#4166,#4177,.T.);
#4175 = VERTEX_POINT('',#4176);
#4176 = CARTESIAN_POINT('',(-6.788252625623,-5.678215062035,0.));
#4177 = LINE('',#4178,#4179);
#4178 = CARTESIAN_POINT('',(-6.788252625623,-5.678215062035,0.));
#4179 = VECTOR('',#4180,1.);
#4180 = DIRECTION('',(0.,0.,1.));
#4181 = ORIENTED_EDGE('',*,*,#4182,.F.);
#4182 = EDGE_CURVE('',#4142,#4175,#4183,.T.);
#4183 = CIRCLE('',#4184,8.850000000017);
#4184 = AXIS2_PLACEMENT_3D('',#4185,#4186,#4187);
#4185 = CARTESIAN_POINT('',(1.285060946543E-11,1.058442222757E-11,0.));
#4186 = DIRECTION('',(0.,0.,1.));
#4187 = DIRECTION('',(-0.778918886154,-0.627124683609,0.));
#4188 = CYLINDRICAL_SURFACE('',#4189,8.850000000017);
#4189 = AXIS2_PLACEMENT_3D('',#4190,#4191,#4192);
#4190 = CARTESIAN_POINT('',(1.285060946543E-11,1.058442222757E-11,0.));
#4191 = DIRECTION('',(-0.,-0.,-1.));
#4192 = DIRECTION('',(-0.778918886154,-0.627124683609,0.));
#4193 = ADVANCED_FACE('',(#4194),#4221,.F.);
#4194 = FACE_BOUND('',#4195,.F.);
#4195 = EDGE_LOOP('',(#4196,#4197,#4206,#4214));
#4196 = ORIENTED_EDGE('',*,*,#4174,.T.);
#4197 = ORIENTED_EDGE('',*,*,#4198,.T.);
#4198 = EDGE_CURVE('',#4166,#4199,#4201,.T.);
#4199 = VERTEX_POINT('',#4200);
#4200 = CARTESIAN_POINT('',(-6.801172110176,-5.98522237241,12.));
#4201 = CIRCLE('',#4202,0.228);
#4202 = AXIS2_PLACEMENT_3D('',#4203,#4204,#4205);
#4203 = CARTESIAN_POINT('',(-6.963023782689,-5.824635834666,12.));
#4204 = DIRECTION('',(0.,0.,-1.));
#4205 = DIRECTION('',(0.766540162569,0.642196371189,0.));
#4206 = ORIENTED_EDGE('',*,*,#4207,.F.);
#4207 = EDGE_CURVE('',#4208,#4199,#4210,.T.);
#4208 = VERTEX_POINT('',#4209);
#4209 = CARTESIAN_POINT('',(-6.801172110176,-5.98522237241,0.));
#4210 = LINE('',#4211,#4212);
#4211 = CARTESIAN_POINT('',(-6.801172110176,-5.98522237241,0.));
#4212 = VECTOR('',#4213,1.);
#4213 = DIRECTION('',(0.,0.,1.));
#4214 = ORIENTED_EDGE('',*,*,#4215,.F.);
#4215 = EDGE_CURVE('',#4175,#4208,#4216,.T.);
#4216 = CIRCLE('',#4217,0.228);
#4217 = AXIS2_PLACEMENT_3D('',#4218,#4219,#4220);
#4218 = CARTESIAN_POINT('',(-6.963023782689,-5.824635834666,0.));
#4219 = DIRECTION('',(0.,0.,-1.));
#4220 = DIRECTION('',(0.766540162569,0.642196371189,0.));
#4221 = CYLINDRICAL_SURFACE('',#4222,0.228);
#4222 = AXIS2_PLACEMENT_3D('',#4223,#4224,#4225);
#4223 = CARTESIAN_POINT('',(-6.963023782689,-5.824635834666,0.));
#4224 = DIRECTION('',(0.,0.,-1.));
#4225 = DIRECTION('',(0.766540162569,0.642196371189,0.));
#4226 = ADVANCED_FACE('',(#4227),#4256,.F.);
#4227 = FACE_BOUND('',#4228,.F.);
#4228 = EDGE_LOOP('',(#4229,#4230,#4240,#4248));
#4229 = ORIENTED_EDGE('',*,*,#4207,.T.);
#4230 = ORIENTED_EDGE('',*,*,#4231,.T.);
#4231 = EDGE_CURVE('',#4199,#4232,#4234,.T.);
#4232 = VERTEX_POINT('',#4233);
#4233 = CARTESIAN_POINT('',(-7.368160327789,-7.053333375481,12.));
#4234 = B_SPLINE_CURVE_WITH_KNOTS('',4,(#4235,#4236,#4237,#4238,#4239),
  .UNSPECIFIED.,.F.,.F.,(5,5),(0.,1.),.PIECEWISE_BEZIER_KNOTS.);
#4235 = CARTESIAN_POINT('',(-6.801172110176,-5.98522237241,12.));
#4236 = CARTESIAN_POINT('',(-6.863349599653,-6.051606247189,12.));
#4237 = CARTESIAN_POINT('',(-7.013549782422,-6.230427340985,12.));
#4238 = CARTESIAN_POINT('',(-7.205905376772,-6.561111271964,12.));
#4239 = CARTESIAN_POINT('',(-7.368160327789,-7.053333375481,12.));
#4240 = ORIENTED_EDGE('',*,*,#4241,.F.);
#4241 = EDGE_CURVE('',#4242,#4232,#4244,.T.);
#4242 = VERTEX_POINT('',#4243);
#4243 = CARTESIAN_POINT('',(-7.368160327789,-7.053333375481,0.));
#4244 = LINE('',#4245,#4246);
#4245 = CARTESIAN_POINT('',(-7.368160327789,-7.053333375481,0.));
#4246 = VECTOR('',#4247,1.);
#4247 = DIRECTION('',(0.,0.,1.));
#4248 = ORIENTED_EDGE('',*,*,#4249,.F.);
#4249 = EDGE_CURVE('',#4208,#4242,#4250,.T.);
#4250 = B_SPLINE_CURVE_WITH_KNOTS('',4,(#4251,#4252,#4253,#4254,#4255),
  .UNSPECIFIED.,.F.,.F.,(5,5),(0.,1.),.PIECEWISE_BEZIER_KNOTS.);
#4251 = CARTESIAN_POINT('',(-6.801172110176,-5.98522237241,0.));
#4252 = CARTESIAN_POINT('',(-6.863349599653,-6.051606247189,0.));
#4253 = CARTESIAN_POINT('',(-7.013549782422,-6.230427340985,0.));
#4254 = CARTESIAN_POINT('',(-7.205905376772,-6.561111271964,0.));
#4255 = CARTESIAN_POINT('',(-7.368160327789,-7.053333375481,0.));
#4256 = SURFACE_OF_LINEAR_EXTRUSION('',#4257,#4263);
#4257 = B_SPLINE_CURVE_WITH_KNOTS('',4,(#4258,#4259,#4260,#4261,#4262),
  .UNSPECIFIED.,.F.,.F.,(5,5),(0.,1.),.PIECEWISE_BEZIER_KNOTS.);
#4258 = CARTESIAN_POINT('',(-6.801172110176,-5.98522237241,0.));
#4259 = CARTESIAN_POINT('',(-6.863349599653,-6.051606247189,0.));
#4260 = CARTESIAN_POINT('',(-7.013549782422,-6.230427340985,0.));
#4261 = CARTESIAN_POINT('',(-7.205905376772,-6.561111271964,0.));
#4262 = CARTESIAN_POINT('',(-7.368160327789,-7.053333375481,0.));
#4263 = VECTOR('',#4264,1.);
#4264 = DIRECTION('',(-0.,-0.,-1.));
#4265 = ADVANCED_FACE('',(#4266),#4293,.T.);
#4266 = FACE_BOUND('',#4267,.F.);
#4267 = EDGE_LOOP('',(#4268,#4269,#4278,#4286));
#4268 = ORIENTED_EDGE('',*,*,#4241,.T.);
#4269 = ORIENTED_EDGE('',*,*,#4270,.T.);
#4270 = EDGE_CURVE('',#4232,#4271,#4273,.T.);
#4271 = VERTEX_POINT('',#4272);
#4272 = CARTESIAN_POINT('',(-7.053149762567,-7.368383705182,12.));
#4273 = CIRCLE('',#4274,10.20000000001);
#4274 = AXIS2_PLACEMENT_3D('',#4275,#4276,#4277);
#4275 = CARTESIAN_POINT('',(5.68984603615E-04,-5.446844107855E-04,12.));
#4276 = DIRECTION('',(0.,0.,1.));
#4277 = DIRECTION('',(-0.722424442391,-0.691449871673,0.));
#4278 = ORIENTED_EDGE('',*,*,#4279,.F.);
#4279 = EDGE_CURVE('',#4280,#4271,#4282,.T.);
#4280 = VERTEX_POINT('',#4281);
#4281 = CARTESIAN_POINT('',(-7.053149762567,-7.368383705182,0.));
#4282 = LINE('',#4283,#4284);
#4283 = CARTESIAN_POINT('',(-7.053149762567,-7.368383705182,0.));
#4284 = VECTOR('',#4285,1.);
#4285 = DIRECTION('',(0.,0.,1.));
#4286 = ORIENTED_EDGE('',*,*,#4287,.F.);
#4287 = EDGE_CURVE('',#4242,#4280,#4288,.T.);
#4288 = CIRCLE('',#4289,10.20000000001);
#4289 = AXIS2_PLACEMENT_3D('',#4290,#4291,#4292);
#4290 = CARTESIAN_POINT('',(5.68984603615E-04,-5.446844107855E-04,0.));
#4291 = DIRECTION('',(0.,0.,1.));
#4292 = DIRECTION('',(-0.722424442391,-0.691449871673,0.));
#4293 = CYLINDRICAL_SURFACE('',#4294,10.20000000001);
#4294 = AXIS2_PLACEMENT_3D('',#4295,#4296,#4297);
#4295 = CARTESIAN_POINT('',(5.68984603615E-04,-5.446844107855E-04,0.));
#4296 = DIRECTION('',(-0.,-0.,-1.));
#4297 = DIRECTION('',(-0.722424442391,-0.691449871673,0.));
#4298 = ADVANCED_FACE('',(#4299),#4328,.F.);
#4299 = FACE_BOUND('',#4300,.F.);
#4300 = EDGE_LOOP('',(#4301,#4302,#4312,#4320));
#4301 = ORIENTED_EDGE('',*,*,#4279,.T.);
#4302 = ORIENTED_EDGE('',*,*,#4303,.T.);
#4303 = EDGE_CURVE('',#4271,#4304,#4306,.T.);
#4304 = VERTEX_POINT('',#4305);
#4305 = CARTESIAN_POINT('',(-5.985232102449,-6.801180960614,12.));
#4306 = B_SPLINE_CURVE_WITH_KNOTS('',4,(#4307,#4308,#4309,#4310,#4311),
  .UNSPECIFIED.,.F.,.F.,(5,5),(0.,1.),.PIECEWISE_BEZIER_KNOTS.);
#4307 = CARTESIAN_POINT('',(-7.053149762567,-7.368383705182,12.));
#4308 = CARTESIAN_POINT('',(-6.561111271964,-7.205905376772,12.));
#4309 = CARTESIAN_POINT('',(-6.230427340985,-7.013549782422,12.));
#4310 = CARTESIAN_POINT('',(-6.051606247189,-6.863349599653,12.));
#4311 = CARTESIAN_POINT('',(-5.985232102449,-6.801180960614,12.));
#4312 = ORIENTED_EDGE('',*,*,#4313,.F.);
#4313 = EDGE_CURVE('',#4314,#4304,#4316,.T.);
#4314 = VERTEX_POINT('',#4315);
#4315 = CARTESIAN_POINT('',(-5.985232102449,-6.801180960614,0.));
#4316 = LINE('',#4317,#4318);
#4317 = CARTESIAN_POINT('',(-5.985232102449,-6.801180960614,0.));
#4318 = VECTOR('',#4319,1.);
#4319 = DIRECTION('',(0.,0.,1.));
#4320 = ORIENTED_EDGE('',*,*,#4321,.F.);
#4321 = EDGE_CURVE('',#4280,#4314,#4322,.T.);
#4322 = B_SPLINE_CURVE_WITH_KNOTS('',4,(#4323,#4324,#4325,#4326,#4327),
  .UNSPECIFIED.,.F.,.F.,(5,5),(0.,1.),.PIECEWISE_BEZIER_KNOTS.);
#4323 = CARTESIAN_POINT('',(-7.053149762567,-7.368383705182,0.));
#4324 = CARTESIAN_POINT('',(-6.561111271964,-7.205905376772,0.));
#4325 = CARTESIAN_POINT('',(-6.230427340985,-7.013549782422,0.));
#4326 = CARTESIAN_POINT('',(-6.051606247189,-6.863349599653,0.));
#4327 = CARTESIAN_POINT('',(-5.985232102449,-6.801180960614,0.));
#4328 = SURFACE_OF_LINEAR_EXTRUSION('',#4329,#4335);
#4329 = B_SPLINE_CURVE_WITH_KNOTS('',4,(#4330,#4331,#4332,#4333,#4334),
  .UNSPECIFIED.,.F.,.F.,(5,5),(0.,1.),.PIECEWISE_BEZIER_KNOTS.);
#4330 = CARTESIAN_POINT('',(-7.053149762567,-7.368383705182,0.));
#4331 = CARTESIAN_POINT('',(-6.561111271964,-7.205905376772,0.));
#4332 = CARTESIAN_POINT('',(-6.230427340985,-7.013549782422,0.));
#4333 = CARTESIAN_POINT('',(-6.051606247189,-6.863349599653,0.));
#4334 = CARTESIAN_POINT('',(-5.985232102449,-6.801180960614,0.));
#4335 = VECTOR('',#4336,1.);
#4336 = DIRECTION('',(-0.,-0.,-1.));
#4337 = ADVANCED_FACE('',(#4338),#4365,.F.);
#4338 = FACE_BOUND('',#4339,.F.);
#4339 = EDGE_LOOP('',(#4340,#4341,#4350,#4358));
#4340 = ORIENTED_EDGE('',*,*,#4313,.T.);
#4341 = ORIENTED_EDGE('',*,*,#4342,.T.);
#4342 = EDGE_CURVE('',#4304,#4343,#4345,.T.);
#4343 = VERTEX_POINT('',#4344);
#4344 = CARTESIAN_POINT('',(-5.678215062035,-6.788252625623,12.));
#4345 = CIRCLE('',#4346,0.228);
#4346 = AXIS2_PLACEMENT_3D('',#4347,#4348,#4349);
#4347 = CARTESIAN_POINT('',(-5.824636274058,-6.963023414572,12.));
#4348 = DIRECTION('',(0.,0.,-1.));
#4349 = DIRECTION('',(-0.704367668384,0.709835324378,0.));
#4350 = ORIENTED_EDGE('',*,*,#4351,.F.);
#4351 = EDGE_CURVE('',#4352,#4343,#4354,.T.);
#4352 = VERTEX_POINT('',#4353);
#4353 = CARTESIAN_POINT('',(-5.678215062035,-6.788252625623,0.));
#4354 = LINE('',#4355,#4356);
#4355 = CARTESIAN_POINT('',(-5.678215062035,-6.788252625623,0.));
#4356 = VECTOR('',#4357,1.);
#4357 = DIRECTION('',(0.,0.,1.));
#4358 = ORIENTED_EDGE('',*,*,#4359,.F.);
#4359 = EDGE_CURVE('',#4314,#4352,#4360,.T.);
#4360 = CIRCLE('',#4361,0.228);
#4361 = AXIS2_PLACEMENT_3D('',#4362,#4363,#4364);
#4362 = CARTESIAN_POINT('',(-5.824636274058,-6.963023414572,0.));
#4363 = DIRECTION('',(0.,0.,-1.));
#4364 = DIRECTION('',(-0.704367668384,0.709835324378,0.));
#4365 = CYLINDRICAL_SURFACE('',#4366,0.228);
#4366 = AXIS2_PLACEMENT_3D('',#4367,#4368,#4369);
#4367 = CARTESIAN_POINT('',(-5.824636274058,-6.963023414572,0.));
#4368 = DIRECTION('',(0.,0.,-1.));
#4369 = DIRECTION('',(-0.704367668384,0.709835324378,0.));
#4370 = ADVANCED_FACE('',(#4371),#4398,.T.);
#4371 = FACE_BOUND('',#4372,.F.);
#4372 = EDGE_LOOP('',(#4373,#4374,#4383,#4391));
#4373 = ORIENTED_EDGE('',*,*,#4351,.T.);
#4374 = ORIENTED_EDGE('',*,*,#4375,.T.);
#4375 = EDGE_CURVE('',#4343,#4376,#4378,.T.);
#4376 = VERTEX_POINT('',#4377);
#4377 = CARTESIAN_POINT('',(-5.550053449941,-6.893432142467,12.));
#4378 = CIRCLE('',#4379,8.850000000004);
#4379 = AXIS2_PLACEMENT_3D('',#4380,#4381,#4382);
#4380 = CARTESIAN_POINT('',(2.452704706002E-12,2.949196442614E-12,12.));
#4381 = DIRECTION('',(0.,0.,1.));
#4382 = DIRECTION('',(-0.641606221699,-0.767034194986,0.));
#4383 = ORIENTED_EDGE('',*,*,#4384,.F.);
#4384 = EDGE_CURVE('',#4385,#4376,#4387,.T.);
#4385 = VERTEX_POINT('',#4386);
#4386 = CARTESIAN_POINT('',(-5.550053449941,-6.893432142467,0.));
#4387 = LINE('',#4388,#4389);
#4388 = CARTESIAN_POINT('',(-5.550053449941,-6.893432142467,0.));
#4389 = VECTOR('',#4390,1.);
#4390 = DIRECTION('',(0.,0.,1.));
#4391 = ORIENTED_EDGE('',*,*,#4392,.F.);
#4392 = EDGE_CURVE('',#4352,#4385,#4393,.T.);
#4393 = CIRCLE('',#4394,8.850000000004);
#4394 = AXIS2_PLACEMENT_3D('',#4395,#4396,#4397);
#4395 = CARTESIAN_POINT('',(2.452704706002E-12,2.949196442614E-12,0.));
#4396 = DIRECTION('',(0.,0.,1.));
#4397 = DIRECTION('',(-0.641606221699,-0.767034194986,0.));
#4398 = CYLINDRICAL_SURFACE('',#4399,8.850000000004);
#4399 = AXIS2_PLACEMENT_3D('',#4400,#4401,#4402);
#4400 = CARTESIAN_POINT('',(2.452704706002E-12,2.949196442614E-12,0.));
#4401 = DIRECTION('',(-0.,-0.,-1.));
#4402 = DIRECTION('',(-0.641606221699,-0.767034194986,0.));
#4403 = ADVANCED_FACE('',(#4404),#4431,.F.);
#4404 = FACE_BOUND('',#4405,.F.);
#4405 = EDGE_LOOP('',(#4406,#4407,#4416,#4424));
#4406 = ORIENTED_EDGE('',*,*,#4384,.T.);
#4407 = ORIENTED_EDGE('',*,*,#4408,.T.);
#4408 = EDGE_CURVE('',#4376,#4409,#4411,.T.);
#4409 = VERTEX_POINT('',#4410);
#4410 = CARTESIAN_POINT('',(-5.502830535178,-7.197060859861,12.));
#4411 = CIRCLE('',#4412,0.228);
#4412 = AXIS2_PLACEMENT_3D('',#4413,#4414,#4415);
#4413 = CARTESIAN_POINT('',(-5.692901152548,-7.07113564232,12.));
#4414 = DIRECTION('',(0.,0.,-1.));
#4415 = DIRECTION('',(0.626525011432,0.779401315145,0.));
#4416 = ORIENTED_EDGE('',*,*,#4417,.F.);
#4417 = EDGE_CURVE('',#4418,#4409,#4420,.T.);
#4418 = VERTEX_POINT('',#4419);
#4419 = CARTESIAN_POINT('',(-5.502830535178,-7.197060859861,0.));
#4420 = LINE('',#4421,#4422);
#4421 = CARTESIAN_POINT('',(-5.502830535178,-7.197060859861,0.));
#4422 = VECTOR('',#4423,1.);
#4423 = DIRECTION('',(0.,0.,1.));
#4424 = ORIENTED_EDGE('',*,*,#4425,.F.);
#4425 = EDGE_CURVE('',#4385,#4418,#4426,.T.);
#4426 = CIRCLE('',#4427,0.228);
#4427 = AXIS2_PLACEMENT_3D('',#4428,#4429,#4430);
#4428 = CARTESIAN_POINT('',(-5.692901152548,-7.07113564232,0.));
#4429 = DIRECTION('',(0.,0.,-1.));
#4430 = DIRECTION('',(0.626525011432,0.779401315145,0.));
#4431 = CYLINDRICAL_SURFACE('',#4432,0.228);
#4432 = AXIS2_PLACEMENT_3D('',#4433,#4434,#4435);
#4433 = CARTESIAN_POINT('',(-5.692901152548,-7.07113564232,0.));
#4434 = DIRECTION('',(0.,0.,-1.));
#4435 = DIRECTION('',(0.626525011432,0.779401315145,0.));
#4436 = ADVANCED_FACE('',(#4437),#4466,.F.);
#4437 = FACE_BOUND('',#4438,.F.);
#4438 = EDGE_LOOP('',(#4439,#4440,#4450,#4458));
#4439 = ORIENTED_EDGE('',*,*,#4417,.T.);
#4440 = ORIENTED_EDGE('',*,*,#4441,.T.);
#4441 = EDGE_CURVE('',#4409,#4442,#4444,.T.);
#4442 = VERTEX_POINT('',#4443);
#4443 = CARTESIAN_POINT('',(-5.850546113637,-8.355262323463,12.));
#4444 = B_SPLINE_CURVE_WITH_KNOTS('',4,(#4445,#4446,#4447,#4448,#4449),
  .UNSPECIFIED.,.F.,.F.,(5,5),(0.,1.),.PIECEWISE_BEZIER_KNOTS.);
#4445 = CARTESIAN_POINT('',(-5.502830535178,-7.197060859861,12.));
#4446 = CARTESIAN_POINT('',(-5.550862450122,-7.274299413545,12.));
#4447 = CARTESIAN_POINT('',(-5.663290313723,-7.478987112189,12.));
#4448 = CARTESIAN_POINT('',(-5.787436614685,-7.840843759002,12.));
#4449 = CARTESIAN_POINT('',(-5.850546113637,-8.355262323463,12.));
#4450 = ORIENTED_EDGE('',*,*,#4451,.F.);
#4451 = EDGE_CURVE('',#4452,#4442,#4454,.T.);
#4452 = VERTEX_POINT('',#4453);
#4453 = CARTESIAN_POINT('',(-5.850546113637,-8.355262323463,0.));
#4454 = LINE('',#4455,#4456);
#4455 = CARTESIAN_POINT('',(-5.850546113637,-8.355262323463,0.));
#4456 = VECTOR('',#4457,1.);
#4457 = DIRECTION('',(0.,0.,1.));
#4458 = ORIENTED_EDGE('',*,*,#4459,.F.);
#4459 = EDGE_CURVE('',#4418,#4452,#4460,.T.);
#4460 = B_SPLINE_CURVE_WITH_KNOTS('',4,(#4461,#4462,#4463,#4464,#4465),
  .UNSPECIFIED.,.F.,.F.,(5,5),(0.,1.),.PIECEWISE_BEZIER_KNOTS.);
#4461 = CARTESIAN_POINT('',(-5.502830535178,-7.197060859861,0.));
#4462 = CARTESIAN_POINT('',(-5.550862450122,-7.274299413545,0.));
#4463 = CARTESIAN_POINT('',(-5.663290313723,-7.478987112189,0.));
#4464 = CARTESIAN_POINT('',(-5.787436614685,-7.840843759002,0.));
#4465 = CARTESIAN_POINT('',(-5.850546113637,-8.355262323463,0.));
#4466 = SURFACE_OF_LINEAR_EXTRUSION('',#4467,#4473);
#4467 = B_SPLINE_CURVE_WITH_KNOTS('',4,(#4468,#4469,#4470,#4471,#4472),
  .UNSPECIFIED.,.F.,.F.,(5,5),(0.,1.),.PIECEWISE_BEZIER_KNOTS.);
#4468 = CARTESIAN_POINT('',(-5.502830535178,-7.197060859861,0.));
#4469 = CARTESIAN_POINT('',(-5.550862450122,-7.274299413545,0.));
#4470 = CARTESIAN_POINT('',(-5.663290313723,-7.478987112189,0.));
#4471 = CARTESIAN_POINT('',(-5.787436614685,-7.840843759002,0.));
#4472 = CARTESIAN_POINT('',(-5.850546113637,-8.355262323463,0.));
#4473 = VECTOR('',#4474,1.);
#4474 = DIRECTION('',(-0.,-0.,-1.));
#4475 = ADVANCED_FACE('',(#4476),#4503,.T.);
#4476 = FACE_BOUND('',#4477,.F.);
#4477 = EDGE_LOOP('',(#4478,#4479,#4488,#4496));
#4478 = ORIENTED_EDGE('',*,*,#4451,.T.);
#4479 = ORIENTED_EDGE('',*,*,#4480,.T.);
#4480 = EDGE_CURVE('',#4442,#4481,#4483,.T.);
#4481 = VERTEX_POINT('',#4482);
#4482 = CARTESIAN_POINT('',(-5.480125117823,-8.602803536813,12.));
#4483 = CIRCLE('',#4484,10.200000000007);
#4484 = AXIS2_PLACEMENT_3D('',#4485,#4486,#4487);
#4485 = CARTESIAN_POINT('',(6.64314379804E-04,-4.232150649282E-04,12.));
#4486 = DIRECTION('',(0.,0.,1.));
#4487 = DIRECTION('',(-0.573648081178,-0.819101873372,0.));
#4488 = ORIENTED_EDGE('',*,*,#4489,.F.);
#4489 = EDGE_CURVE('',#4490,#4481,#4492,.T.);
#4490 = VERTEX_POINT('',#4491);
#4491 = CARTESIAN_POINT('',(-5.480125117823,-8.602803536813,0.));
#4492 = LINE('',#4493,#4494);
#4493 = CARTESIAN_POINT('',(-5.480125117823,-8.602803536813,0.));
#4494 = VECTOR('',#4495,1.);
#4495 = DIRECTION('',(0.,0.,1.));
#4496 = ORIENTED_EDGE('',*,*,#4497,.F.);
#4497 = EDGE_CURVE('',#4452,#4490,#4498,.T.);
#4498 = CIRCLE('',#4499,10.200000000007);
#4499 = AXIS2_PLACEMENT_3D('',#4500,#4501,#4502);
#4500 = CARTESIAN_POINT('',(6.64314379804E-04,-4.232150649282E-04,0.));
#4501 = DIRECTION('',(0.,0.,1.));
#4502 = DIRECTION('',(-0.573648081178,-0.819101873372,0.));
#4503 = CYLINDRICAL_SURFACE('',#4504,10.200000000007);
#4504 = AXIS2_PLACEMENT_3D('',#4505,#4506,#4507);
#4505 = CARTESIAN_POINT('',(6.64314379804E-04,-4.232150649282E-04,0.));
#4506 = DIRECTION('',(-0.,-0.,-1.));
#4507 = DIRECTION('',(-0.573648081178,-0.819101873372,0.));
#4508 = ADVANCED_FACE('',(#4509),#4538,.F.);
#4509 = FACE_BOUND('',#4510,.F.);
#4510 = EDGE_LOOP('',(#4511,#4512,#4522,#4530));
#4511 = ORIENTED_EDGE('',*,*,#4489,.T.);
#4512 = ORIENTED_EDGE('',*,*,#4513,.T.);
#4513 = EDGE_CURVE('',#4481,#4514,#4516,.T.);
#4514 = VERTEX_POINT('',#4515);
#4515 = CARTESIAN_POINT('',(-4.543382962183,-7.838159033737,12.));
#4516 = B_SPLINE_CURVE_WITH_KNOTS('',4,(#4517,#4518,#4519,#4520,#4521),
  .UNSPECIFIED.,.F.,.F.,(5,5),(0.,1.),.PIECEWISE_BEZIER_KNOTS.);
#4517 = CARTESIAN_POINT('',(-5.480125117823,-8.602803536813,12.));
#4518 = CARTESIAN_POINT('',(-5.029238958258,-8.347455236347,12.));
#4519 = CARTESIAN_POINT('',(-4.742435741132,-8.094282466225,12.));
#4520 = CARTESIAN_POINT('',(-4.596353246534,-7.91208207308,12.));
#4521 = CARTESIAN_POINT('',(-4.543382962183,-7.838159033737,12.));
#4522 = ORIENTED_EDGE('',*,*,#4523,.F.);
#4523 = EDGE_CURVE('',#4524,#4514,#4526,.T.);
#4524 = VERTEX_POINT('',#4525);
#4525 = CARTESIAN_POINT('',(-4.543382962183,-7.838159033737,0.));
#4526 = LINE('',#4527,#4528);
#4527 = CARTESIAN_POINT('',(-4.543382962183,-7.838159033737,0.));
#4528 = VECTOR('',#4529,1.);
#4529 = DIRECTION('',(0.,0.,1.));
#4530 = ORIENTED_EDGE('',*,*,#4531,.F.);
#4531 = EDGE_CURVE('',#4490,#4524,#4532,.T.);
#4532 = B_SPLINE_CURVE_WITH_KNOTS('',4,(#4533,#4534,#4535,#4536,#4537),
  .UNSPECIFIED.,.F.,.F.,(5,5),(0.,1.),.PIECEWISE_BEZIER_KNOTS.);
#4533 = CARTESIAN_POINT('',(-5.480125117823,-8.602803536813,0.));
#4534 = CARTESIAN_POINT('',(-5.029238958258,-8.347455236347,0.));
#4535 = CARTESIAN_POINT('',(-4.742435741132,-8.094282466225,0.));
#4536 = CARTESIAN_POINT('',(-4.596353246534,-7.91208207308,0.));
#4537 = CARTESIAN_POINT('',(-4.543382962183,-7.838159033737,0.));
#4538 = SURFACE_OF_LINEAR_EXTRUSION('',#4539,#4545);
#4539 = B_SPLINE_CURVE_WITH_KNOTS('',4,(#4540,#4541,#4542,#4543,#4544),
  .UNSPECIFIED.,.F.,.F.,(5,5),(0.,1.),.PIECEWISE_BEZIER_KNOTS.);
#4540 = CARTESIAN_POINT('',(-5.480125117823,-8.602803536813,0.));
#4541 = CARTESIAN_POINT('',(-5.029238958258,-8.347455236347,0.));
#4542 = CARTESIAN_POINT('',(-4.742435741132,-8.094282466225,0.));
#4543 = CARTESIAN_POINT('',(-4.596353246534,-7.91208207308,0.));
#4544 = CARTESIAN_POINT('',(-4.543382962183,-7.838159033737,0.));
#4545 = VECTOR('',#4546,1.);
#4546 = DIRECTION('',(-0.,-0.,-1.));
#4547 = ADVANCED_FACE('',(#4548),#4575,.F.);
#4548 = FACE_BOUND('',#4549,.F.);
#4549 = EDGE_LOOP('',(#4550,#4551,#4560,#4568));
#4550 = ORIENTED_EDGE('',*,*,#4523,.T.);
#4551 = ORIENTED_EDGE('',*,*,#4552,.T.);
#4552 = EDGE_CURVE('',#4514,#4553,#4555,.T.);
#4553 = VERTEX_POINT('',#4554);
#4554 = CARTESIAN_POINT('',(-4.244787361148,-7.765583059799,12.));
#4555 = CIRCLE('',#4556,0.228);
#4556 = AXIS2_PLACEMENT_3D('',#4557,#4558,#4559);
#4557 = CARTESIAN_POINT('',(-4.354299041144,-7.965561038448,12.));
#4558 = DIRECTION('',(0.,0.,-1.));
#4559 = DIRECTION('',(-0.829315443154,0.558780722418,0.));
#4560 = ORIENTED_EDGE('',*,*,#4561,.F.);
#4561 = EDGE_CURVE('',#4562,#4553,#4564,.T.);
#4562 = VERTEX_POINT('',#4563);
#4563 = CARTESIAN_POINT('',(-4.244787361148,-7.765583059799,0.));
#4564 = LINE('',#4565,#4566);
#4565 = CARTESIAN_POINT('',(-4.244787361148,-7.765583059799,0.));
#4566 = VECTOR('',#4567,1.);
#4567 = DIRECTION('',(0.,0.,1.));
#4568 = ORIENTED_EDGE('',*,*,#4569,.F.);
#4569 = EDGE_CURVE('',#4524,#4562,#4570,.T.);
#4570 = CIRCLE('',#4571,0.228);
#4571 = AXIS2_PLACEMENT_3D('',#4572,#4573,#4574);
#4572 = CARTESIAN_POINT('',(-4.354299041144,-7.965561038448,0.));
#4573 = DIRECTION('',(0.,0.,-1.));
#4574 = DIRECTION('',(-0.829315443154,0.558780722418,0.));
#4575 = CYLINDRICAL_SURFACE('',#4576,0.228);
#4576 = AXIS2_PLACEMENT_3D('',#4577,#4578,#4579);
#4577 = CARTESIAN_POINT('',(-4.354299041144,-7.965561038448,0.));
#4578 = DIRECTION('',(0.,0.,-1.));
#4579 = DIRECTION('',(-0.829315443154,0.558780722418,0.));
#4580 = ADVANCED_FACE('',(#4581),#4608,.T.);
#4581 = FACE_BOUND('',#4582,.F.);
#4582 = EDGE_LOOP('',(#4583,#4584,#4593,#4601));
#4583 = ORIENTED_EDGE('',*,*,#4561,.T.);
#4584 = ORIENTED_EDGE('',*,*,#4585,.T.);
#4585 = EDGE_CURVE('',#4553,#4586,#4588,.T.);
#4586 = VERTEX_POINT('',#4587);
#4587 = CARTESIAN_POINT('',(-4.098568832683,-7.843738491546,12.));
#4588 = CIRCLE('',#4589,8.850000000012);
#4589 = AXIS2_PLACEMENT_3D('',#4590,#4591,#4592);
#4590 = CARTESIAN_POINT('',(5.507150291351E-12,1.02837738325E-11,12.));
#4591 = DIRECTION('',(0.,0.,1.));
#4592 = DIRECTION('',(-0.47963698996,-0.877467012407,0.));
#4593 = ORIENTED_EDGE('',*,*,#4594,.F.);
#4594 = EDGE_CURVE('',#4595,#4586,#4597,.T.);
#4595 = VERTEX_POINT('',#4596);
#4596 = CARTESIAN_POINT('',(-4.098568832683,-7.843738491546,0.));
#4597 = LINE('',#4598,#4599);
#4598 = CARTESIAN_POINT('',(-4.098568832683,-7.843738491546,0.));
#4599 = VECTOR('',#4600,1.);
#4600 = DIRECTION('',(0.,0.,1.));
#4601 = ORIENTED_EDGE('',*,*,#4602,.F.);
#4602 = EDGE_CURVE('',#4562,#4595,#4603,.T.);
#4603 = CIRCLE('',#4604,8.850000000012);
#4604 = AXIS2_PLACEMENT_3D('',#4605,#4606,#4607);
#4605 = CARTESIAN_POINT('',(5.507150291351E-12,1.02837738325E-11,0.));
#4606 = DIRECTION('',(0.,0.,1.));
#4607 = DIRECTION('',(-0.47963698996,-0.877467012407,0.));
#4608 = CYLINDRICAL_SURFACE('',#4609,8.850000000012);
#4609 = AXIS2_PLACEMENT_3D('',#4610,#4611,#4612);
#4610 = CARTESIAN_POINT('',(5.507150291351E-12,1.02837738325E-11,0.));
#4611 = DIRECTION('',(-0.,-0.,-1.));
#4612 = DIRECTION('',(-0.47963698996,-0.877467012407,0.));
#4613 = ADVANCED_FACE('',(#4614),#4641,.F.);
#4614 = FACE_BOUND('',#4615,.F.);
#4615 = EDGE_LOOP('',(#4616,#4617,#4626,#4634));
#4616 = ORIENTED_EDGE('',*,*,#4594,.T.);
#4617 = ORIENTED_EDGE('',*,*,#4618,.T.);
#4618 = EDGE_CURVE('',#4586,#4619,#4621,.T.);
#4619 = VERTEX_POINT('',#4620);
#4620 = CARTESIAN_POINT('',(-3.993018268736,-8.132320334626,12.));
#4621 = CIRCLE('',#4622,0.228);
#4622 = AXIS2_PLACEMENT_3D('',#4623,#4624,#4625);
#4623 = CARTESIAN_POINT('',(-4.204003523729,-8.045895672779,12.));
#4624 = DIRECTION('',(0.,0.,-1.));
#4625 = DIRECTION('',(0.462432855466,0.886654303653,0.));
#4626 = ORIENTED_EDGE('',*,*,#4627,.F.);
#4627 = EDGE_CURVE('',#4628,#4619,#4630,.T.);
#4628 = VERTEX_POINT('',#4629);
#4629 = CARTESIAN_POINT('',(-3.993018268736,-8.132320334626,0.));
#4630 = LINE('',#4631,#4632);
#4631 = CARTESIAN_POINT('',(-3.993018268736,-8.132320334626,0.));
#4632 = VECTOR('',#4633,1.);
#4633 = DIRECTION('',(0.,0.,1.));
#4634 = ORIENTED_EDGE('',*,*,#4635,.F.);
#4635 = EDGE_CURVE('',#4595,#4628,#4636,.T.);
#4636 = CIRCLE('',#4637,0.228);
#4637 = AXIS2_PLACEMENT_3D('',#4638,#4639,#4640);
#4638 = CARTESIAN_POINT('',(-4.204003523729,-8.045895672779,0.));
#4639 = DIRECTION('',(0.,0.,-1.));
#4640 = DIRECTION('',(0.462432855466,0.886654303653,0.));
#4641 = CYLINDRICAL_SURFACE('',#4642,0.228);
#4642 = AXIS2_PLACEMENT_3D('',#4643,#4644,#4645);
#4643 = CARTESIAN_POINT('',(-4.204003523729,-8.045895672779,0.));
#4644 = DIRECTION('',(0.,0.,-1.));
#4645 = DIRECTION('',(0.462432855466,0.886654303653,0.));
#4646 = ADVANCED_FACE('',(#4647),#4676,.F.);
#4647 = FACE_BOUND('',#4648,.F.);
#4648 = EDGE_LOOP('',(#4649,#4650,#4660,#4668));
#4649 = ORIENTED_EDGE('',*,*,#4627,.T.);
#4650 = ORIENTED_EDGE('',*,*,#4651,.T.);
#4651 = EDGE_CURVE('',#4619,#4652,#4654,.T.);
#4652 = VERTEX_POINT('',#4653);
#4653 = CARTESIAN_POINT('',(-4.108098693362,-9.33610322604,12.));
#4654 = B_SPLINE_CURVE_WITH_KNOTS('',4,(#4655,#4656,#4657,#4658,#4659),
  .UNSPECIFIED.,.F.,.F.,(5,5),(0.,1.),.PIECEWISE_BEZIER_KNOTS.);
#4655 = CARTESIAN_POINT('',(-3.993018268736,-8.132320334626,12.));
#4656 = CARTESIAN_POINT('',(-4.025058769593,-8.217445332912,12.));
#4657 = CARTESIAN_POINT('',(-4.095393774279,-8.440133602936,12.));
#4658 = CARTESIAN_POINT('',(-4.146559909128,-8.819257017577,12.));
#4659 = CARTESIAN_POINT('',(-4.108098693362,-9.33610322604,12.));
#4660 = ORIENTED_EDGE('',*,*,#4661,.F.);
#4661 = EDGE_CURVE('',#4662,#4652,#4664,.T.);
#4662 = VERTEX_POINT('',#4663);
#4663 = CARTESIAN_POINT('',(-4.108098693362,-9.33610322604,0.));
#4664 = LINE('',#4665,#4666);
#4665 = CARTESIAN_POINT('',(-4.108098693362,-9.33610322604,0.));
#4666 = VECTOR('',#4667,1.);
#4667 = DIRECTION('',(0.,0.,1.));
#4668 = ORIENTED_EDGE('',*,*,#4669,.F.);
#4669 = EDGE_CURVE('',#4628,#4662,#4670,.T.);
#4670 = B_SPLINE_CURVE_WITH_KNOTS('',4,(#4671,#4672,#4673,#4674,#4675),
  .UNSPECIFIED.,.F.,.F.,(5,5),(0.,1.),.PIECEWISE_BEZIER_KNOTS.);
#4671 = CARTESIAN_POINT('',(-3.993018268736,-8.132320334626,0.));
#4672 = CARTESIAN_POINT('',(-4.025058769593,-8.217445332912,0.));
#4673 = CARTESIAN_POINT('',(-4.095393774279,-8.440133602936,0.));
#4674 = CARTESIAN_POINT('',(-4.146559909128,-8.819257017577,0.));
#4675 = CARTESIAN_POINT('',(-4.108098693362,-9.33610322604,0.));
#4676 = SURFACE_OF_LINEAR_EXTRUSION('',#4677,#4683);
#4677 = B_SPLINE_CURVE_WITH_KNOTS('',4,(#4678,#4679,#4680,#4681,#4682),
  .UNSPECIFIED.,.F.,.F.,(5,5),(0.,1.),.PIECEWISE_BEZIER_KNOTS.);
#4678 = CARTESIAN_POINT('',(-3.993018268736,-8.132320334626,0.));
#4679 = CARTESIAN_POINT('',(-4.025058769593,-8.217445332912,0.));
#4680 = CARTESIAN_POINT('',(-4.095393774279,-8.440133602936,0.));
#4681 = CARTESIAN_POINT('',(-4.146559909128,-8.819257017577,0.));
#4682 = CARTESIAN_POINT('',(-4.108098693362,-9.33610322604,0.));
#4683 = VECTOR('',#4684,1.);
#4684 = DIRECTION('',(-0.,-0.,-1.));
#4685 = ADVANCED_FACE('',(#4686),#4713,.T.);
#4686 = FACE_BOUND('',#4687,.F.);
#4687 = EDGE_LOOP('',(#4688,#4689,#4698,#4706));
#4688 = ORIENTED_EDGE('',*,*,#4661,.T.);
#4689 = ORIENTED_EDGE('',*,*,#4690,.T.);
#4690 = EDGE_CURVE('',#4652,#4691,#4693,.T.);
#4691 = VERTEX_POINT('',#4692);
#4692 = CARTESIAN_POINT('',(-3.69650233809,-9.506622453032,12.));
#4693 = CIRCLE('',#4694,10.199999999994);
#4694 = AXIS2_PLACEMENT_3D('',#4695,#4696,#4697);
#4695 = CARTESIAN_POINT('',(7.341149236133E-04,-2.85481811849E-04,12.));
#4696 = DIRECTION('',(0.,0.,1.));
#4697 = DIRECTION('',(-0.402826745911,-0.915276249435,0.));
#4698 = ORIENTED_EDGE('',*,*,#4699,.F.);
#4699 = EDGE_CURVE('',#4700,#4691,#4702,.T.);
#4700 = VERTEX_POINT('',#4701);
#4701 = CARTESIAN_POINT('',(-3.69650233809,-9.506622453032,0.));
#4702 = LINE('',#4703,#4704);
#4703 = CARTESIAN_POINT('',(-3.69650233809,-9.506622453032,0.));
#4704 = VECTOR('',#4705,1.);
#4705 = DIRECTION('',(0.,0.,1.));
#4706 = ORIENTED_EDGE('',*,*,#4707,.F.);
#4707 = EDGE_CURVE('',#4662,#4700,#4708,.T.);
#4708 = CIRCLE('',#4709,10.199999999994);
#4709 = AXIS2_PLACEMENT_3D('',#4710,#4711,#4712);
#4710 = CARTESIAN_POINT('',(7.341149236133E-04,-2.85481811849E-04,0.));
#4711 = DIRECTION('',(0.,0.,1.));
#4712 = DIRECTION('',(-0.402826745911,-0.915276249435,0.));
#4713 = CYLINDRICAL_SURFACE('',#4714,10.199999999994);
#4714 = AXIS2_PLACEMENT_3D('',#4715,#4716,#4717);
#4715 = CARTESIAN_POINT('',(7.341149236133E-04,-2.85481811849E-04,0.));
#4716 = DIRECTION('',(-0.,-0.,-1.));
#4717 = DIRECTION('',(-0.402826745911,-0.915276249435,0.));
#4718 = ADVANCED_FACE('',(#4719),#4748,.F.);
#4719 = FACE_BOUND('',#4720,.F.);
#4720 = EDGE_LOOP('',(#4721,#4722,#4732,#4740));
#4721 = ORIENTED_EDGE('',*,*,#4699,.T.);
#4722 = ORIENTED_EDGE('',*,*,#4723,.T.);
#4723 = EDGE_CURVE('',#4691,#4724,#4726,.T.);
#4724 = VERTEX_POINT('',#4725);
#4725 = CARTESIAN_POINT('',(-2.926934162638,-8.573921050883,12.));
#4726 = B_SPLINE_CURVE_WITH_KNOTS('',4,(#4727,#4728,#4729,#4730,#4731),
  .UNSPECIFIED.,.F.,.F.,(5,5),(0.,1.),.PIECEWISE_BEZIER_KNOTS.);
#4727 = CARTESIAN_POINT('',(-3.69650233809,-9.506622453032,12.));
#4728 = CARTESIAN_POINT('',(-3.304095811815,-9.168217072497,12.));
#4729 = CARTESIAN_POINT('',(-3.072194995335,-8.863956414178,12.));
#4730 = CARTESIAN_POINT('',(-2.964464968279,-8.656757669585,12.));
#4731 = CARTESIAN_POINT('',(-2.926934162638,-8.573921050883,12.));
#4732 = ORIENTED_EDGE('',*,*,#4733,.F.);
#4733 = EDGE_CURVE('',#4734,#4724,#4736,.T.);
#4734 = VERTEX_POINT('',#4735);
#4735 = CARTESIAN_POINT('',(-2.926934162638,-8.573921050883,0.));
#4736 = LINE('',#4737,#4738);
#4737 = CARTESIAN_POINT('',(-2.926934162638,-8.573921050883,0.));
#4738 = VECTOR('',#4739,1.);
#4739 = DIRECTION('',(0.,0.,1.));
#4740 = ORIENTED_EDGE('',*,*,#4741,.F.);
#4741 = EDGE_CURVE('',#4700,#4734,#4742,.T.);
#4742 = B_SPLINE_CURVE_WITH_KNOTS('',4,(#4743,#4744,#4745,#4746,#4747),
  .UNSPECIFIED.,.F.,.F.,(5,5),(0.,1.),.PIECEWISE_BEZIER_KNOTS.);
#4743 = CARTESIAN_POINT('',(-3.69650233809,-9.506622453032,0.));
#4744 = CARTESIAN_POINT('',(-3.304095811815,-9.168217072497,0.));
#4745 = CARTESIAN_POINT('',(-3.072194995335,-8.863956414178,0.));
#4746 = CARTESIAN_POINT('',(-2.964464968279,-8.656757669585,0.));
#4747 = CARTESIAN_POINT('',(-2.926934162638,-8.573921050883,0.));
#4748 = SURFACE_OF_LINEAR_EXTRUSION('',#4749,#4755);
#4749 = B_SPLINE_CURVE_WITH_KNOTS('',4,(#4750,#4751,#4752,#4753,#4754),
  .UNSPECIFIED.,.F.,.F.,(5,5),(0.,1.),.PIECEWISE_BEZIER_KNOTS.);
#4750 = CARTESIAN_POINT('',(-3.69650233809,-9.506622453032,0.));
#4751 = CARTESIAN_POINT('',(-3.304095811815,-9.168217072497,0.));
#4752 = CARTESIAN_POINT('',(-3.072194995335,-8.863956414178,0.));
#4753 = CARTESIAN_POINT('',(-2.964464968279,-8.656757669585,0.));
#4754 = CARTESIAN_POINT('',(-2.926934162638,-8.573921050883,0.));
#4755 = VECTOR('',#4756,1.);
#4756 = DIRECTION('',(-0.,-0.,-1.));
#4757 = ADVANCED_FACE('',(#4758),#4785,.F.);
#4758 = FACE_BOUND('',#4759,.F.);
#4759 = EDGE_LOOP('',(#4760,#4761,#4770,#4778));
#4760 = ORIENTED_EDGE('',*,*,#4733,.T.);
#4761 = ORIENTED_EDGE('',*,*,#4762,.T.);
#4762 = EDGE_CURVE('',#4724,#4763,#4765,.T.);
#4763 = VERTEX_POINT('',#4764);
#4764 = CARTESIAN_POINT('',(-2.648234862476,-8.444486491976,12.));
#4765 = CIRCLE('',#4766,0.228);
#4766 = AXIS2_PLACEMENT_3D('',#4767,#4768,#4769);
#4767 = CARTESIAN_POINT('',(-2.716628537998,-8.661986618755,12.));
#4768 = DIRECTION('',(0.,0.,-1.));
#4769 = DIRECTION('',(-0.92239309053,0.386252490663,0.));
#4770 = ORIENTED_EDGE('',*,*,#4771,.F.);
#4771 = EDGE_CURVE('',#4772,#4763,#4774,.T.);
#4772 = VERTEX_POINT('',#4773);
#4773 = CARTESIAN_POINT('',(-2.648234862476,-8.444486491976,0.));
#4774 = LINE('',#4775,#4776);
#4775 = CARTESIAN_POINT('',(-2.648234862476,-8.444486491976,0.));
#4776 = VECTOR('',#4777,1.);
#4777 = DIRECTION('',(0.,0.,1.));
#4778 = ORIENTED_EDGE('',*,*,#4779,.F.);
#4779 = EDGE_CURVE('',#4734,#4772,#4780,.T.);
#4780 = CIRCLE('',#4781,0.228);
#4781 = AXIS2_PLACEMENT_3D('',#4782,#4783,#4784);
#4782 = CARTESIAN_POINT('',(-2.716628537998,-8.661986618755,0.));
#4783 = DIRECTION('',(0.,0.,-1.));
#4784 = DIRECTION('',(-0.92239309053,0.386252490663,0.));
#4785 = CYLINDRICAL_SURFACE('',#4786,0.228);
#4786 = AXIS2_PLACEMENT_3D('',#4787,#4788,#4789);
#4787 = CARTESIAN_POINT('',(-2.716628537998,-8.661986618755,0.));
#4788 = DIRECTION('',(0.,0.,-1.));
#4789 = DIRECTION('',(-0.92239309053,0.386252490663,0.));
#4790 = ADVANCED_FACE('',(#4791),#4818,.T.);
#4791 = FACE_BOUND('',#4792,.F.);
#4792 = EDGE_LOOP('',(#4793,#4794,#4803,#4811));
#4793 = ORIENTED_EDGE('',*,*,#4771,.T.);
#4794 = ORIENTED_EDGE('',*,*,#4795,.T.);
#4795 = EDGE_CURVE('',#4763,#4796,#4798,.T.);
#4796 = VERTEX_POINT('',#4797);
#4797 = CARTESIAN_POINT('',(-2.489578513689,-8.492614369214,12.));
#4798 = CIRCLE('',#4799,8.850000000053);
#4799 = AXIS2_PLACEMENT_3D('',#4800,#4801,#4802);
#4800 = CARTESIAN_POINT('',(1.526156978571E-11,5.06936714828E-11,12.));
#4801 = DIRECTION('',(0.,0.,1.));
#4802 = DIRECTION('',(-0.299235577681,-0.95417926463,0.));
#4803 = ORIENTED_EDGE('',*,*,#4804,.F.);
#4804 = EDGE_CURVE('',#4805,#4796,#4807,.T.);
#4805 = VERTEX_POINT('',#4806);
#4806 = CARTESIAN_POINT('',(-2.489578513689,-8.492614369214,0.));
#4807 = LINE('',#4808,#4809);
#4808 = CARTESIAN_POINT('',(-2.489578513689,-8.492614369214,0.));
#4809 = VECTOR('',#4810,1.);
#4810 = DIRECTION('',(0.,0.,1.));
#4811 = ORIENTED_EDGE('',*,*,#4812,.F.);
#4812 = EDGE_CURVE('',#4772,#4805,#4813,.T.);
#4813 = CIRCLE('',#4814,8.850000000053);
#4814 = AXIS2_PLACEMENT_3D('',#4815,#4816,#4817);
#4815 = CARTESIAN_POINT('',(1.526156978571E-11,5.06936714828E-11,0.));
#4816 = DIRECTION('',(0.,0.,1.));
#4817 = DIRECTION('',(-0.299235577681,-0.95417926463,0.));
#4818 = CYLINDRICAL_SURFACE('',#4819,8.850000000053);
#4819 = AXIS2_PLACEMENT_3D('',#4820,#4821,#4822);
#4820 = CARTESIAN_POINT('',(1.526156978571E-11,5.06936714828E-11,0.));
#4821 = DIRECTION('',(-0.,-0.,-1.));
#4822 = DIRECTION('',(-0.299235577681,-0.95417926463,0.));
#4823 = ADVANCED_FACE('',(#4824),#4851,.F.);
#4824 = FACE_BOUND('',#4825,.F.);
#4825 = EDGE_LOOP('',(#4826,#4827,#4836,#4844));
#4826 = ORIENTED_EDGE('',*,*,#4804,.T.);
#4827 = ORIENTED_EDGE('',*,*,#4828,.T.);
#4828 = EDGE_CURVE('',#4796,#4829,#4831,.T.);
#4829 = VERTEX_POINT('',#4830);
#4830 = CARTESIAN_POINT('',(-2.329756549537,-8.755059299589,12.));
#4831 = CIRCLE('',#4832,0.228);
#4832 = AXIS2_PLACEMENT_3D('',#4833,#4834,#4835);
#4833 = CARTESIAN_POINT('',(-2.553548397126,-8.711456444723,12.));
#4834 = DIRECTION('',(0.,0.,-1.));
#4835 = DIRECTION('',(0.280569664199,0.959833664512,0.));
#4836 = ORIENTED_EDGE('',*,*,#4837,.F.);
#4837 = EDGE_CURVE('',#4838,#4829,#4840,.T.);
#4838 = VERTEX_POINT('',#4839);
#4839 = CARTESIAN_POINT('',(-2.329756549537,-8.755059299589,0.));
#4840 = LINE('',#4841,#4842);
#4841 = CARTESIAN_POINT('',(-2.329756549537,-8.755059299589,0.));
#4842 = VECTOR('',#4843,1.);
#4843 = DIRECTION('',(0.,0.,1.));
#4844 = ORIENTED_EDGE('',*,*,#4845,.F.);
#4845 = EDGE_CURVE('',#4805,#4838,#4846,.T.);
#4846 = CIRCLE('',#4847,0.228);
#4847 = AXIS2_PLACEMENT_3D('',#4848,#4849,#4850);
#4848 = CARTESIAN_POINT('',(-2.553548397126,-8.711456444723,0.));
#4849 = DIRECTION('',(0.,0.,-1.));
#4850 = DIRECTION('',(0.280569664199,0.959833664512,0.));
#4851 = CYLINDRICAL_SURFACE('',#4852,0.228);
#4852 = AXIS2_PLACEMENT_3D('',#4853,#4854,#4855);
#4853 = CARTESIAN_POINT('',(-2.553548397126,-8.711456444723,0.));
#4854 = DIRECTION('',(0.,0.,-1.));
#4855 = DIRECTION('',(0.280569664199,0.959833664512,0.));
#4856 = ADVANCED_FACE('',(#4857),#4886,.F.);
#4857 = FACE_BOUND('',#4858,.F.);
#4858 = EDGE_LOOP('',(#4859,#4860,#4870,#4878));
#4859 = ORIENTED_EDGE('',*,*,#4837,.T.);
#4860 = ORIENTED_EDGE('',*,*,#4861,.T.);
#4861 = EDGE_CURVE('',#4829,#4862,#4864,.T.);
#4862 = VERTEX_POINT('',#4863);
#4863 = CARTESIAN_POINT('',(-2.207779344149,-9.958162917387,12.));
#4864 = B_SPLINE_CURVE_WITH_KNOTS('',4,(#4865,#4866,#4867,#4868,#4869),
  .UNSPECIFIED.,.F.,.F.,(5,5),(0.,1.),.PIECEWISE_BEZIER_KNOTS.);
#4865 = CARTESIAN_POINT('',(-2.329756549537,-8.755059299589,12.));
#4866 = CARTESIAN_POINT('',(-2.344574337826,-8.844799436532,12.));
#4867 = CARTESIAN_POINT('',(-2.370113548812,-9.076930492603,12.));
#4868 = CARTESIAN_POINT('',(-2.346333231681,-9.458751174864,12.));
#4869 = CARTESIAN_POINT('',(-2.207779344149,-9.958162917387,12.));
#4870 = ORIENTED_EDGE('',*,*,#4871,.F.);
#4871 = EDGE_CURVE('',#4872,#4862,#4874,.T.);
#4872 = VERTEX_POINT('',#4873);
#4873 = CARTESIAN_POINT('',(-2.207779344149,-9.958162917387,0.));
#4874 = LINE('',#4875,#4876);
#4875 = CARTESIAN_POINT('',(-2.207779344149,-9.958162917387,0.));
#4876 = VECTOR('',#4877,1.);
#4877 = DIRECTION('',(0.,0.,1.));
#4878 = ORIENTED_EDGE('',*,*,#4879,.F.);
#4879 = EDGE_CURVE('',#4838,#4872,#4880,.T.);
#4880 = B_SPLINE_CURVE_WITH_KNOTS('',4,(#4881,#4882,#4883,#4884,#4885),
  .UNSPECIFIED.,.F.,.F.,(5,5),(0.,1.),.PIECEWISE_BEZIER_KNOTS.);
#4881 = CARTESIAN_POINT('',(-2.329756549537,-8.755059299589,0.));
#4882 = CARTESIAN_POINT('',(-2.344574337826,-8.844799436532,0.));
#4883 = CARTESIAN_POINT('',(-2.370113548812,-9.076930492603,0.));
#4884 = CARTESIAN_POINT('',(-2.346333231681,-9.458751174864,0.));
#4885 = CARTESIAN_POINT('',(-2.207779344149,-9.958162917387,0.));
#4886 = SURFACE_OF_LINEAR_EXTRUSION('',#4887,#4893);
#4887 = B_SPLINE_CURVE_WITH_KNOTS('',4,(#4888,#4889,#4890,#4891,#4892),
  .UNSPECIFIED.,.F.,.F.,(5,5),(0.,1.),.PIECEWISE_BEZIER_KNOTS.);
#4888 = CARTESIAN_POINT('',(-2.329756549537,-8.755059299589,0.));
#4889 = CARTESIAN_POINT('',(-2.344574337826,-8.844799436532,0.));
#4890 = CARTESIAN_POINT('',(-2.370113548812,-9.076930492603,0.));
#4891 = CARTESIAN_POINT('',(-2.346333231681,-9.458751174864,0.));
#4892 = CARTESIAN_POINT('',(-2.207779344149,-9.958162917387,0.));
#4893 = VECTOR('',#4894,1.);
#4894 = DIRECTION('',(-0.,-0.,-1.));
#4895 = ADVANCED_FACE('',(#4896),#4923,.T.);
#4896 = FACE_BOUND('',#4897,.F.);
#4897 = EDGE_LOOP('',(#4898,#4899,#4908,#4916));
#4898 = ORIENTED_EDGE('',*,*,#4871,.T.);
#4899 = ORIENTED_EDGE('',*,*,#4900,.T.);
#4900 = EDGE_CURVE('',#4862,#4901,#4903,.T.);
#4901 = VERTEX_POINT('',#4902);
#4902 = CARTESIAN_POINT('',(-1.770825046527,-10.04510719975,12.));
#4903 = CIRCLE('',#4904,10.199999999999);
#4904 = AXIS2_PLACEMENT_3D('',#4905,#4906,#4907);
#4905 = CARTESIAN_POINT('',(7.757038508212E-04,-1.367776369907E-04,12.)
  );
#4906 = DIRECTION('',(0.,0.,1.));
#4907 = DIRECTION('',(-0.216525004706,-0.976277072525,0.));
#4908 = ORIENTED_EDGE('',*,*,#4909,.F.);
#4909 = EDGE_CURVE('',#4910,#4901,#4912,.T.);
#4910 = VERTEX_POINT('',#4911);
#4911 = CARTESIAN_POINT('',(-1.770825046527,-10.04510719975,0.));
#4912 = LINE('',#4913,#4914);
#4913 = CARTESIAN_POINT('',(-1.770825046527,-10.04510719975,0.));
#4914 = VECTOR('',#4915,1.);
#4915 = DIRECTION('',(0.,0.,1.));
#4916 = ORIENTED_EDGE('',*,*,#4917,.F.);
#4917 = EDGE_CURVE('',#4872,#4910,#4918,.T.);
#4918 = CIRCLE('',#4919,10.199999999999);
#4919 = AXIS2_PLACEMENT_3D('',#4920,#4921,#4922);
#4920 = CARTESIAN_POINT('',(7.757038508212E-04,-1.367776369907E-04,0.));
#4921 = DIRECTION('',(0.,0.,1.));
#4922 = DIRECTION('',(-0.216525004706,-0.976277072525,0.));
#4923 = CYLINDRICAL_SURFACE('',#4924,10.199999999999);
#4924 = AXIS2_PLACEMENT_3D('',#4925,#4926,#4927);
#4925 = CARTESIAN_POINT('',(7.757038508212E-04,-1.367776369907E-04,0.));
#4926 = DIRECTION('',(-0.,-0.,-1.));
#4927 = DIRECTION('',(-0.216525004706,-0.976277072525,0.));
#4928 = ADVANCED_FACE('',(#4929),#4958,.F.);
#4929 = FACE_BOUND('',#4930,.F.);
#4930 = EDGE_LOOP('',(#4931,#4932,#4942,#4950));
#4931 = ORIENTED_EDGE('',*,*,#4909,.T.);
#4932 = ORIENTED_EDGE('',*,*,#4933,.T.);
#4933 = EDGE_CURVE('',#4901,#4934,#4936,.T.);
#4934 = VERTEX_POINT('',#4935);
#4935 = CARTESIAN_POINT('',(-1.198004924667,-8.980192090355,12.));
#4936 = B_SPLINE_CURVE_WITH_KNOTS('',4,(#4937,#4938,#4939,#4940,#4941),
  .UNSPECIFIED.,.F.,.F.,(5,5),(0.,1.),.PIECEWISE_BEZIER_KNOTS.);
#4937 = CARTESIAN_POINT('',(-1.770825046527,-10.04510719975,12.));
#4938 = CARTESIAN_POINT('',(-1.451978116283,-9.636649468146,12.));
#4939 = CARTESIAN_POINT('',(-1.283891518774,-9.292993488098,12.));
#4940 = CARTESIAN_POINT('',(-1.218653963784,-9.068758923614,12.));
#4941 = CARTESIAN_POINT('',(-1.198004924667,-8.980192090355,12.));
#4942 = ORIENTED_EDGE('',*,*,#4943,.F.);
#4943 = EDGE_CURVE('',#4944,#4934,#4946,.T.);
#4944 = VERTEX_POINT('',#4945);
#4945 = CARTESIAN_POINT('',(-1.198004924667,-8.980192090355,0.));
#4946 = LINE('',#4947,#4948);
#4947 = CARTESIAN_POINT('',(-1.198004924667,-8.980192090355,0.));
#4948 = VECTOR('',#4949,1.);
#4949 = DIRECTION('',(0.,0.,1.));
#4950 = ORIENTED_EDGE('',*,*,#4951,.F.);
#4951 = EDGE_CURVE('',#4910,#4944,#4952,.T.);
#4952 = B_SPLINE_CURVE_WITH_KNOTS('',4,(#4953,#4954,#4955,#4956,#4957),
  .UNSPECIFIED.,.F.,.F.,(5,5),(0.,1.),.PIECEWISE_BEZIER_KNOTS.);
#4953 = CARTESIAN_POINT('',(-1.770825046527,-10.04510719975,0.));
#4954 = CARTESIAN_POINT('',(-1.451978116283,-9.636649468146,0.));
#4955 = CARTESIAN_POINT('',(-1.283891518774,-9.292993488098,0.));
#4956 = CARTESIAN_POINT('',(-1.218653963784,-9.068758923614,0.));
#4957 = CARTESIAN_POINT('',(-1.198004924667,-8.980192090355,0.));
#4958 = SURFACE_OF_LINEAR_EXTRUSION('',#4959,#4965);
#4959 = B_SPLINE_CURVE_WITH_KNOTS('',4,(#4960,#4961,#4962,#4963,#4964),
  .UNSPECIFIED.,.F.,.F.,(5,5),(0.,1.),.PIECEWISE_BEZIER_KNOTS.);
#4960 = CARTESIAN_POINT('',(-1.770825046527,-10.04510719975,0.));
#4961 = CARTESIAN_POINT('',(-1.451978116283,-9.636649468146,0.));
#4962 = CARTESIAN_POINT('',(-1.283891518774,-9.292993488098,0.));
#4963 = CARTESIAN_POINT('',(-1.218653963784,-9.068758923614,0.));
#4964 = CARTESIAN_POINT('',(-1.198004924667,-8.980192090355,0.));
#4965 = VECTOR('',#4966,1.);
#4966 = DIRECTION('',(-0.,-0.,-1.));
#4967 = ADVANCED_FACE('',(#4968),#4995,.F.);
#4968 = FACE_BOUND('',#4969,.F.);
#4969 = EDGE_LOOP('',(#4970,#4971,#4980,#4988));
#4970 = ORIENTED_EDGE('',*,*,#4943,.T.);
#4971 = ORIENTED_EDGE('',*,*,#4972,.T.);
#4972 = EDGE_CURVE('',#4934,#4973,#4975,.T.);
#4973 = VERTEX_POINT('',#4974);
#4974 = CARTESIAN_POINT('',(-0.949912183187,-8.798873043989,12.));
#4975 = CIRCLE('',#4976,0.228);
#4976 = AXIS2_PLACEMENT_3D('',#4977,#4978,#4979);
#4977 = CARTESIAN_POINT('',(-0.974559523639,-9.025536911,12.));
#4978 = DIRECTION('',(0.,0.,-1.));
#4979 = DIRECTION('',(-0.98002368872,0.198880792304,0.));
#4980 = ORIENTED_EDGE('',*,*,#4981,.F.);
#4981 = EDGE_CURVE('',#4982,#4973,#4984,.T.);
#4982 = VERTEX_POINT('',#4983);
#4983 = CARTESIAN_POINT('',(-0.949912183187,-8.798873043989,0.));
#4984 = LINE('',#4985,#4986);
#4985 = CARTESIAN_POINT('',(-0.949912183187,-8.798873043989,0.));
#4986 = VECTOR('',#4987,1.);
#4987 = DIRECTION('',(0.,0.,1.));
#4988 = ORIENTED_EDGE('',*,*,#4989,.F.);
#4989 = EDGE_CURVE('',#4944,#4982,#4990,.T.);
#4990 = CIRCLE('',#4991,0.228);
#4991 = AXIS2_PLACEMENT_3D('',#4992,#4993,#4994);
#4992 = CARTESIAN_POINT('',(-0.974559523639,-9.025536911,0.));
#4993 = DIRECTION('',(0.,0.,-1.));
#4994 = DIRECTION('',(-0.98002368872,0.198880792304,0.));
#4995 = CYLINDRICAL_SURFACE('',#4996,0.228);
#4996 = AXIS2_PLACEMENT_3D('',#4997,#4998,#4999);
#4997 = CARTESIAN_POINT('',(-0.974559523639,-9.025536911,0.));
#4998 = DIRECTION('',(0.,0.,-1.));
#4999 = DIRECTION('',(-0.98002368872,0.198880792304,0.));
#5000 = ADVANCED_FACE('',(#5001),#5028,.T.);
#5001 = FACE_BOUND('',#5002,.F.);
#5002 = EDGE_LOOP('',(#5003,#5004,#5013,#5021));
#5003 = ORIENTED_EDGE('',*,*,#4981,.T.);
#5004 = ORIENTED_EDGE('',*,*,#5005,.T.);
#5005 = EDGE_CURVE('',#4973,#5006,#5008,.T.);
#5006 = VERTEX_POINT('',#5007);
#5007 = CARTESIAN_POINT('',(-0.784915088586,-8.815123839386,12.));
#5008 = CIRCLE('',#5009,8.850000000021);
#5009 = AXIS2_PLACEMENT_3D('',#5010,#5011,#5012);
#5010 = CARTESIAN_POINT('',(1.936117932644E-12,2.046096625463E-11,12.));
#5011 = DIRECTION('',(0.,0.,1.));
#5012 = DIRECTION('',(-0.107334709965,-0.994222942824,0.));
#5013 = ORIENTED_EDGE('',*,*,#5014,.F.);
#5014 = EDGE_CURVE('',#5015,#5006,#5017,.T.);
#5015 = VERTEX_POINT('',#5016);
#5016 = CARTESIAN_POINT('',(-0.784915088586,-8.815123839386,0.));
#5017 = LINE('',#5018,#5019);
#5018 = CARTESIAN_POINT('',(-0.784915088586,-8.815123839386,0.));
#5019 = VECTOR('',#5020,1.);
#5020 = DIRECTION('',(0.,0.,1.));
#5021 = ORIENTED_EDGE('',*,*,#5022,.F.);
#5022 = EDGE_CURVE('',#4982,#5015,#5023,.T.);
#5023 = CIRCLE('',#5024,8.850000000021);
#5024 = AXIS2_PLACEMENT_3D('',#5025,#5026,#5027);
#5025 = CARTESIAN_POINT('',(1.936117932644E-12,2.046096625463E-11,0.));
#5026 = DIRECTION('',(0.,0.,1.));
#5027 = DIRECTION('',(-0.107334709965,-0.994222942824,0.));
#5028 = CYLINDRICAL_SURFACE('',#5029,8.850000000021);
#5029 = AXIS2_PLACEMENT_3D('',#5030,#5031,#5032);
#5030 = CARTESIAN_POINT('',(1.936117932644E-12,2.046096625463E-11,0.));
#5031 = DIRECTION('',(-0.,-0.,-1.));
#5032 = DIRECTION('',(-0.107334709965,-0.994222942824,0.));
#5033 = ADVANCED_FACE('',(#5034),#5061,.F.);
#5034 = FACE_BOUND('',#5035,.F.);
#5035 = EDGE_LOOP('',(#5036,#5037,#5046,#5054));
#5036 = ORIENTED_EDGE('',*,*,#5014,.T.);
#5037 = ORIENTED_EDGE('',*,*,#5038,.T.);
#5038 = EDGE_CURVE('',#5006,#5039,#5041,.T.);
#5039 = VERTEX_POINT('',#5040);
#5040 = CARTESIAN_POINT('',(-0.576963592682,-9.041346245563,12.));
#5041 = CIRCLE('',#5042,0.228);
#5042 = AXIS2_PLACEMENT_3D('',#5043,#5044,#5045);
#5043 = CARTESIAN_POINT('',(-0.804961837668,-9.042240830937,12.));
#5044 = DIRECTION('',(0.,0.,-1.));
#5045 = DIRECTION('',(8.792433808282E-02,0.996127155926,0.));
#5046 = ORIENTED_EDGE('',*,*,#5047,.F.);
#5047 = EDGE_CURVE('',#5048,#5039,#5050,.T.);
#5048 = VERTEX_POINT('',#5049);
#5049 = CARTESIAN_POINT('',(-0.576963592682,-9.041346245563,0.));
#5050 = LINE('',#5051,#5052);
#5051 = CARTESIAN_POINT('',(-0.576963592682,-9.041346245563,0.));
#5052 = VECTOR('',#5053,1.);
#5053 = DIRECTION('',(0.,0.,1.));
#5054 = ORIENTED_EDGE('',*,*,#5055,.F.);
#5055 = EDGE_CURVE('',#5015,#5048,#5056,.T.);
#5056 = CIRCLE('',#5057,0.228);
#5057 = AXIS2_PLACEMENT_3D('',#5058,#5059,#5060);
#5058 = CARTESIAN_POINT('',(-0.804961837668,-9.042240830937,0.));
#5059 = DIRECTION('',(0.,0.,-1.));
#5060 = DIRECTION('',(8.792433808282E-02,0.996127155926,0.));
#5061 = CYLINDRICAL_SURFACE('',#5062,0.228);
#5062 = AXIS2_PLACEMENT_3D('',#5063,#5064,#5065);
#5063 = CARTESIAN_POINT('',(-0.804961837668,-9.042240830937,0.));
#5064 = DIRECTION('',(0.,0.,-1.));
#5065 = DIRECTION('',(8.792433808282E-02,0.996127155926,0.));
#5066 = ADVANCED_FACE('',(#5067),#5096,.F.);
#5067 = FACE_BOUND('',#5068,.F.);
#5068 = EDGE_LOOP('',(#5069,#5070,#5080,#5088));
#5069 = ORIENTED_EDGE('',*,*,#5047,.T.);
#5070 = ORIENTED_EDGE('',*,*,#5071,.T.);
#5071 = EDGE_CURVE('',#5039,#5072,#5074,.T.);
#5072 = VERTEX_POINT('',#5073);
#5073 = CARTESIAN_POINT('',(-0.222616272877,-10.19753599242,12.));
#5074 = B_SPLINE_CURVE_WITH_KNOTS('',4,(#5075,#5076,#5077,#5078,#5079),
  .UNSPECIFIED.,.F.,.F.,(5,5),(0.,1.),.PIECEWISE_BEZIER_KNOTS.);
#5075 = CARTESIAN_POINT('',(-0.576963592682,-9.041346245563,12.));
#5076 = CARTESIAN_POINT('',(-0.57398922911,-9.132252858027,12.));
#5077 = CARTESIAN_POINT('',(-0.553751188839,-9.364906033841,12.));
#5078 = CARTESIAN_POINT('',(-0.455938283979,-9.734750829029,12.));
#5079 = CARTESIAN_POINT('',(-0.222616272877,-10.19753599242,12.));
#5080 = ORIENTED_EDGE('',*,*,#5081,.F.);
#5081 = EDGE_CURVE('',#5082,#5072,#5084,.T.);
#5082 = VERTEX_POINT('',#5083);
#5083 = CARTESIAN_POINT('',(-0.222616272877,-10.19753599242,0.));
#5084 = LINE('',#5085,#5086);
#5085 = CARTESIAN_POINT('',(-0.222616272877,-10.19753599242,0.));
#5086 = VECTOR('',#5087,1.);
#5087 = DIRECTION('',(0.,0.,1.));
#5088 = ORIENTED_EDGE('',*,*,#5089,.F.);
#5089 = EDGE_CURVE('',#5048,#5082,#5090,.T.);
#5090 = B_SPLINE_CURVE_WITH_KNOTS('',4,(#5091,#5092,#5093,#5094,#5095),
  .UNSPECIFIED.,.F.,.F.,(5,5),(0.,1.),.PIECEWISE_BEZIER_KNOTS.);
#5091 = CARTESIAN_POINT('',(-0.576963592682,-9.041346245563,0.));
#5092 = CARTESIAN_POINT('',(-0.57398922911,-9.132252858027,0.));
#5093 = CARTESIAN_POINT('',(-0.553751188839,-9.364906033841,0.));
#5094 = CARTESIAN_POINT('',(-0.455938283979,-9.734750829029,0.));
#5095 = CARTESIAN_POINT('',(-0.222616272877,-10.19753599242,0.));
#5096 = SURFACE_OF_LINEAR_EXTRUSION('',#5097,#5103);
#5097 = B_SPLINE_CURVE_WITH_KNOTS('',4,(#5098,#5099,#5100,#5101,#5102),
  .UNSPECIFIED.,.F.,.F.,(5,5),(0.,1.),.PIECEWISE_BEZIER_KNOTS.);
#5098 = CARTESIAN_POINT('',(-0.576963592682,-9.041346245563,0.));
#5099 = CARTESIAN_POINT('',(-0.57398922911,-9.132252858027,0.));
#5100 = CARTESIAN_POINT('',(-0.553751188839,-9.364906033841,0.));
#5101 = CARTESIAN_POINT('',(-0.455938283979,-9.734750829029,0.));
#5102 = CARTESIAN_POINT('',(-0.222616272877,-10.19753599242,0.));
#5103 = VECTOR('',#5104,1.);
#5104 = DIRECTION('',(-0.,-0.,-1.));
#5105 = ADVANCED_FACE('',(#5106),#5133,.T.);
#5106 = FACE_BOUND('',#5107,.F.);
#5107 = EDGE_LOOP('',(#5108,#5109,#5118,#5126));
#5108 = ORIENTED_EDGE('',*,*,#5081,.T.);
#5109 = ORIENTED_EDGE('',*,*,#5110,.T.);
#5110 = EDGE_CURVE('',#5072,#5111,#5113,.T.);
#5111 = VERTEX_POINT('',#5112);
#5112 = CARTESIAN_POINT('',(0.222904058483,-10.19756411015,12.));
#5113 = CIRCLE('',#5114,10.200000000008);
#5114 = AXIS2_PLACEMENT_3D('',#5115,#5116,#5117);
#5115 = CARTESIAN_POINT('',(7.874829120749E-04,1.718282943042E-05,12.));
#5116 = DIRECTION('',(0.,0.,1.));
#5117 = DIRECTION('',(-2.190232899896E-02,-0.99976011522,0.));
#5118 = ORIENTED_EDGE('',*,*,#5119,.F.);
#5119 = EDGE_CURVE('',#5120,#5111,#5122,.T.);
#5120 = VERTEX_POINT('',#5121);
#5121 = CARTESIAN_POINT('',(0.222904058483,-10.19756411015,0.));
#5122 = LINE('',#5123,#5124);
#5123 = CARTESIAN_POINT('',(0.222904058483,-10.19756411015,0.));
#5124 = VECTOR('',#5125,1.);
#5125 = DIRECTION('',(0.,0.,1.));
#5126 = ORIENTED_EDGE('',*,*,#5127,.F.);
#5127 = EDGE_CURVE('',#5082,#5120,#5128,.T.);
#5128 = CIRCLE('',#5129,10.200000000008);
#5129 = AXIS2_PLACEMENT_3D('',#5130,#5131,#5132);
#5130 = CARTESIAN_POINT('',(7.874829120749E-04,1.718282943042E-05,0.));
#5131 = DIRECTION('',(0.,0.,1.));
#5132 = DIRECTION('',(-2.190232899896E-02,-0.99976011522,0.));
#5133 = CYLINDRICAL_SURFACE('',#5134,10.200000000008);
#5134 = AXIS2_PLACEMENT_3D('',#5135,#5136,#5137);
#5135 = CARTESIAN_POINT('',(7.874829120749E-04,1.718282943042E-05,0.));
#5136 = DIRECTION('',(-0.,-0.,-1.));
#5137 = DIRECTION('',(-2.190232899896E-02,-0.99976011522,0.));
#5138 = ADVANCED_FACE('',(#5139),#5168,.F.);
#5139 = FACE_BOUND('',#5140,.F.);
#5140 = EDGE_LOOP('',(#5141,#5142,#5152,#5160));
#5141 = ORIENTED_EDGE('',*,*,#5119,.T.);
#5142 = ORIENTED_EDGE('',*,*,#5143,.T.);
#5143 = EDGE_CURVE('',#5111,#5144,#5146,.T.);
#5144 = VERTEX_POINT('',#5145);
#5145 = CARTESIAN_POINT('',(0.57696297071,-9.041359383944,12.));
#5146 = B_SPLINE_CURVE_WITH_KNOTS('',4,(#5147,#5148,#5149,#5150,#5151),
  .UNSPECIFIED.,.F.,.F.,(5,5),(0.,1.),.PIECEWISE_BEZIER_KNOTS.);
#5147 = CARTESIAN_POINT('',(0.222904058483,-10.19756411015,12.));
#5148 = CARTESIAN_POINT('',(0.455938283979,-9.734750829029,12.));
#5149 = CARTESIAN_POINT('',(0.553751188839,-9.364906033841,12.));
#5150 = CARTESIAN_POINT('',(0.57398922911,-9.132252858027,12.));
#5151 = CARTESIAN_POINT('',(0.57696297071,-9.041359383944,12.));
#5152 = ORIENTED_EDGE('',*,*,#5153,.F.);
#5153 = EDGE_CURVE('',#5154,#5144,#5156,.T.);
#5154 = VERTEX_POINT('',#5155);
#5155 = CARTESIAN_POINT('',(0.57696297071,-9.041359383944,0.));
#5156 = LINE('',#5157,#5158);
#5157 = CARTESIAN_POINT('',(0.57696297071,-9.041359383944,0.));
#5158 = VECTOR('',#5159,1.);
#5159 = DIRECTION('',(0.,0.,1.));
#5160 = ORIENTED_EDGE('',*,*,#5161,.F.);
#5161 = EDGE_CURVE('',#5120,#5154,#5162,.T.);
#5162 = B_SPLINE_CURVE_WITH_KNOTS('',4,(#5163,#5164,#5165,#5166,#5167),
  .UNSPECIFIED.,.F.,.F.,(5,5),(0.,1.),.PIECEWISE_BEZIER_KNOTS.);
#5163 = CARTESIAN_POINT('',(0.222904058483,-10.19756411015,0.));
#5164 = CARTESIAN_POINT('',(0.455938283979,-9.734750829029,0.));
#5165 = CARTESIAN_POINT('',(0.553751188839,-9.364906033841,0.));
#5166 = CARTESIAN_POINT('',(0.57398922911,-9.132252858027,0.));
#5167 = CARTESIAN_POINT('',(0.57696297071,-9.041359383944,0.));
#5168 = SURFACE_OF_LINEAR_EXTRUSION('',#5169,#5175);
#5169 = B_SPLINE_CURVE_WITH_KNOTS('',4,(#5170,#5171,#5172,#5173,#5174),
  .UNSPECIFIED.,.F.,.F.,(5,5),(0.,1.),.PIECEWISE_BEZIER_KNOTS.);
#5170 = CARTESIAN_POINT('',(0.222904058483,-10.19756411015,0.));
#5171 = CARTESIAN_POINT('',(0.455938283979,-9.734750829029,0.));
#5172 = CARTESIAN_POINT('',(0.553751188839,-9.364906033841,0.));
#5173 = CARTESIAN_POINT('',(0.57398922911,-9.132252858027,0.));
#5174 = CARTESIAN_POINT('',(0.57696297071,-9.041359383944,0.));
#5175 = VECTOR('',#5176,1.);
#5176 = DIRECTION('',(-0.,-0.,-1.));
#5177 = ADVANCED_FACE('',(#5178),#5205,.F.);
#5178 = FACE_BOUND('',#5179,.F.);
#5179 = EDGE_LOOP('',(#5180,#5181,#5190,#5198));
#5180 = ORIENTED_EDGE('',*,*,#5153,.T.);
#5181 = ORIENTED_EDGE('',*,*,#5182,.T.);
#5182 = EDGE_CURVE('',#5144,#5183,#5185,.T.);
#5183 = VERTEX_POINT('',#5184);
#5184 = CARTESIAN_POINT('',(0.784915088586,-8.815123839386,12.));
#5185 = CIRCLE('',#5186,0.228);
#5186 = AXIS2_PLACEMENT_3D('',#5187,#5188,#5189);
#5187 = CARTESIAN_POINT('',(0.804961266673,-9.042240881336,12.));
#5188 = DIRECTION('',(0.,0.,-1.));
#5189 = DIRECTION('',(-0.999992526157,3.866216630898E-03,0.));
#5190 = ORIENTED_EDGE('',*,*,#5191,.F.);
#5191 = EDGE_CURVE('',#5192,#5183,#5194,.T.);
#5192 = VERTEX_POINT('',#5193);
#5193 = CARTESIAN_POINT('',(0.784915088586,-8.815123839386,0.));
#5194 = LINE('',#5195,#5196);
#5195 = CARTESIAN_POINT('',(0.784915088586,-8.815123839386,0.));
#5196 = VECTOR('',#5197,1.);
#5197 = DIRECTION('',(0.,0.,1.));
#5198 = ORIENTED_EDGE('',*,*,#5199,.F.);
#5199 = EDGE_CURVE('',#5154,#5192,#5200,.T.);
#5200 = CIRCLE('',#5201,0.228);
#5201 = AXIS2_PLACEMENT_3D('',#5202,#5203,#5204);
#5202 = CARTESIAN_POINT('',(0.804961266673,-9.042240881336,0.));
#5203 = DIRECTION('',(0.,0.,-1.));
#5204 = DIRECTION('',(-0.999992526157,3.866216630898E-03,0.));
#5205 = CYLINDRICAL_SURFACE('',#5206,0.228);
#5206 = AXIS2_PLACEMENT_3D('',#5207,#5208,#5209);
#5207 = CARTESIAN_POINT('',(0.804961266673,-9.042240881336,0.));
#5208 = DIRECTION('',(0.,0.,-1.));
#5209 = DIRECTION('',(-0.999992526157,3.866216630898E-03,0.));
#5210 = ADVANCED_FACE('',(#5211),#5238,.T.);
#5211 = FACE_BOUND('',#5212,.F.);
#5212 = EDGE_LOOP('',(#5213,#5214,#5223,#5231));
#5213 = ORIENTED_EDGE('',*,*,#5191,.T.);
#5214 = ORIENTED_EDGE('',*,*,#5215,.T.);
#5215 = EDGE_CURVE('',#5183,#5216,#5218,.T.);
#5216 = VERTEX_POINT('',#5217);
#5217 = CARTESIAN_POINT('',(0.949912183187,-8.798873043989,12.));
#5218 = CIRCLE('',#5219,8.850000000018);
#5219 = AXIS2_PLACEMENT_3D('',#5220,#5221,#5222);
#5220 = CARTESIAN_POINT('',(-1.826705453567E-12,1.832756169051E-11,12.)
  );
#5221 = DIRECTION('',(-0.,0.,1.));
#5222 = DIRECTION('',(8.869097046166E-02,-0.996059190891,0.));
#5223 = ORIENTED_EDGE('',*,*,#5224,.F.);
#5224 = EDGE_CURVE('',#5225,#5216,#5227,.T.);
#5225 = VERTEX_POINT('',#5226);
#5226 = CARTESIAN_POINT('',(0.949912183187,-8.798873043989,0.));
#5227 = LINE('',#5228,#5229);
#5228 = CARTESIAN_POINT('',(0.949912183187,-8.798873043989,0.));
#5229 = VECTOR('',#5230,1.);
#5230 = DIRECTION('',(0.,0.,1.));
#5231 = ORIENTED_EDGE('',*,*,#5232,.F.);
#5232 = EDGE_CURVE('',#5192,#5225,#5233,.T.);
#5233 = CIRCLE('',#5234,8.850000000018);
#5234 = AXIS2_PLACEMENT_3D('',#5235,#5236,#5237);
#5235 = CARTESIAN_POINT('',(-1.826705453567E-12,1.832756169051E-11,0.));
#5236 = DIRECTION('',(-0.,0.,1.));
#5237 = DIRECTION('',(8.869097046166E-02,-0.996059190891,0.));
#5238 = CYLINDRICAL_SURFACE('',#5239,8.850000000018);
#5239 = AXIS2_PLACEMENT_3D('',#5240,#5241,#5242);
#5240 = CARTESIAN_POINT('',(-1.826705453567E-12,1.832756169051E-11,0.));
#5241 = DIRECTION('',(0.,0.,-1.));
#5242 = DIRECTION('',(8.869097046166E-02,-0.996059190891,0.));
#5243 = ADVANCED_FACE('',(#5244),#5271,.F.);
#5244 = FACE_BOUND('',#5245,.F.);
#5245 = EDGE_LOOP('',(#5246,#5247,#5256,#5264));
#5246 = ORIENTED_EDGE('',*,*,#5224,.T.);
#5247 = ORIENTED_EDGE('',*,*,#5248,.T.);
#5248 = EDGE_CURVE('',#5216,#5249,#5251,.T.);
#5249 = VERTEX_POINT('',#5250);
#5250 = CARTESIAN_POINT('',(1.198001751475,-8.980179325765,12.));
#5251 = CIRCLE('',#5252,0.228);
#5252 = AXIS2_PLACEMENT_3D('',#5253,#5254,#5255);
#5253 = CARTESIAN_POINT('',(0.974558953783,-9.025536972966,12.));
#5254 = DIRECTION('',(0.,0.,-1.));
#5255 = DIRECTION('',(-0.108099871038,0.994140039372,0.));
#5256 = ORIENTED_EDGE('',*,*,#5257,.F.);
#5257 = EDGE_CURVE('',#5258,#5249,#5260,.T.);
#5258 = VERTEX_POINT('',#5259);
#5259 = CARTESIAN_POINT('',(1.198001751475,-8.980179325765,0.));
#5260 = LINE('',#5261,#5262);
#5261 = CARTESIAN_POINT('',(1.198001751475,-8.980179325765,0.));
#5262 = VECTOR('',#5263,1.);
#5263 = DIRECTION('',(0.,0.,1.));
#5264 = ORIENTED_EDGE('',*,*,#5265,.F.);
#5265 = EDGE_CURVE('',#5225,#5258,#5266,.T.);
#5266 = CIRCLE('',#5267,0.228);
#5267 = AXIS2_PLACEMENT_3D('',#5268,#5269,#5270);
#5268 = CARTESIAN_POINT('',(0.974558953783,-9.025536972966,0.));
#5269 = DIRECTION('',(0.,0.,-1.));
#5270 = DIRECTION('',(-0.108099871038,0.994140039372,0.));
#5271 = CYLINDRICAL_SURFACE('',#5272,0.228);
#5272 = AXIS2_PLACEMENT_3D('',#5273,#5274,#5275);
#5273 = CARTESIAN_POINT('',(0.974558953783,-9.025536972966,0.));
#5274 = DIRECTION('',(0.,0.,-1.));
#5275 = DIRECTION('',(-0.108099871038,0.994140039372,0.));
#5276 = ADVANCED_FACE('',(#5277),#5306,.F.);
#5277 = FACE_BOUND('',#5278,.F.);
#5278 = EDGE_LOOP('',(#5279,#5280,#5290,#5298));
#5279 = ORIENTED_EDGE('',*,*,#5257,.T.);
#5280 = ORIENTED_EDGE('',*,*,#5281,.T.);
#5281 = EDGE_CURVE('',#5249,#5282,#5284,.T.);
#5282 = VERTEX_POINT('',#5283);
#5283 = CARTESIAN_POINT('',(1.771101816916,-10.04502347811,12.));
#5284 = B_SPLINE_CURVE_WITH_KNOTS('',4,(#5285,#5286,#5287,#5288,#5289),
  .UNSPECIFIED.,.F.,.F.,(5,5),(0.,1.),.PIECEWISE_BEZIER_KNOTS.);
#5285 = CARTESIAN_POINT('',(1.198001751475,-8.980179325765,12.));
#5286 = CARTESIAN_POINT('',(1.218653963784,-9.068758923614,12.));
#5287 = CARTESIAN_POINT('',(1.283891518774,-9.292993488098,12.));
#5288 = CARTESIAN_POINT('',(1.451978116283,-9.636649468146,12.));
#5289 = CARTESIAN_POINT('',(1.771101816916,-10.04502347811,12.));
#5290 = ORIENTED_EDGE('',*,*,#5291,.F.);
#5291 = EDGE_CURVE('',#5292,#5282,#5294,.T.);
#5292 = VERTEX_POINT('',#5293);
#5293 = CARTESIAN_POINT('',(1.771101816916,-10.04502347811,0.));
#5294 = LINE('',#5295,#5296);
#5295 = CARTESIAN_POINT('',(1.771101816916,-10.04502347811,0.));
#5296 = VECTOR('',#5297,1.);
#5297 = DIRECTION('',(0.,0.,1.));
#5298 = ORIENTED_EDGE('',*,*,#5299,.F.);
#5299 = EDGE_CURVE('',#5258,#5292,#5300,.T.);
#5300 = B_SPLINE_CURVE_WITH_KNOTS('',4,(#5301,#5302,#5303,#5304,#5305),
  .UNSPECIFIED.,.F.,.F.,(5,5),(0.,1.),.PIECEWISE_BEZIER_KNOTS.);
#5301 = CARTESIAN_POINT('',(1.198001751475,-8.980179325765,0.));
#5302 = CARTESIAN_POINT('',(1.218653963784,-9.068758923614,0.));
#5303 = CARTESIAN_POINT('',(1.283891518774,-9.292993488098,0.));
#5304 = CARTESIAN_POINT('',(1.451978116283,-9.636649468146,0.));
#5305 = CARTESIAN_POINT('',(1.771101816916,-10.04502347811,0.));
#5306 = SURFACE_OF_LINEAR_EXTRUSION('',#5307,#5313);
#5307 = B_SPLINE_CURVE_WITH_KNOTS('',4,(#5308,#5309,#5310,#5311,#5312),
  .UNSPECIFIED.,.F.,.F.,(5,5),(0.,1.),.PIECEWISE_BEZIER_KNOTS.);
#5308 = CARTESIAN_POINT('',(1.198001751475,-8.980179325765,0.));
#5309 = CARTESIAN_POINT('',(1.218653963784,-9.068758923614,0.));
#5310 = CARTESIAN_POINT('',(1.283891518774,-9.292993488098,0.));
#5311 = CARTESIAN_POINT('',(1.451978116283,-9.636649468146,0.));
#5312 = CARTESIAN_POINT('',(1.771101816916,-10.04502347811,0.));
#5313 = VECTOR('',#5314,1.);
#5314 = DIRECTION('',(-0.,-0.,-1.));
#5315 = ADVANCED_FACE('',(#5316),#5343,.T.);
#5316 = FACE_BOUND('',#5317,.F.);
#5317 = EDGE_LOOP('',(#5318,#5319,#5328,#5336));
#5318 = ORIENTED_EDGE('',*,*,#5291,.T.);
#5319 = ORIENTED_EDGE('',*,*,#5320,.T.);
#5320 = EDGE_CURVE('',#5282,#5321,#5323,.T.);
#5321 = VERTEX_POINT('',#5322);
#5322 = CARTESIAN_POINT('',(2.208067085533,-9.95813435066,12.));
#5323 = CIRCLE('',#5324,10.200000000001);
#5324 = AXIS2_PLACEMENT_3D('',#5325,#5326,#5327);
#5325 = CARTESIAN_POINT('',(7.689994463811E-04,1.704829543057E-04,12.));
#5326 = DIRECTION('',(-0.,0.,1.));
#5327 = DIRECTION('',(0.173562040928,-0.984822937359,0.));
#5328 = ORIENTED_EDGE('',*,*,#5329,.F.);
#5329 = EDGE_CURVE('',#5330,#5321,#5332,.T.);
#5330 = VERTEX_POINT('',#5331);
#5331 = CARTESIAN_POINT('',(2.208067085533,-9.95813435066,0.));
#5332 = LINE('',#5333,#5334);
#5333 = CARTESIAN_POINT('',(2.208067085533,-9.95813435066,0.));
#5334 = VECTOR('',#5335,1.);
#5335 = DIRECTION('',(0.,0.,1.));
#5336 = ORIENTED_EDGE('',*,*,#5337,.F.);
#5337 = EDGE_CURVE('',#5292,#5330,#5338,.T.);
#5338 = CIRCLE('',#5339,10.200000000001);
#5339 = AXIS2_PLACEMENT_3D('',#5340,#5341,#5342);
#5340 = CARTESIAN_POINT('',(7.689994463811E-04,1.704829543057E-04,0.));
#5341 = DIRECTION('',(-0.,0.,1.));
#5342 = DIRECTION('',(0.173562040928,-0.984822937359,0.));
#5343 = CYLINDRICAL_SURFACE('',#5344,10.200000000001);
#5344 = AXIS2_PLACEMENT_3D('',#5345,#5346,#5347);
#5345 = CARTESIAN_POINT('',(7.689994463811E-04,1.704829543057E-04,0.));
#5346 = DIRECTION('',(0.,0.,-1.));
#5347 = DIRECTION('',(0.173562040928,-0.984822937359,0.));
#5348 = ADVANCED_FACE('',(#5349),#5378,.F.);
#5349 = FACE_BOUND('',#5350,.F.);
#5350 = EDGE_LOOP('',(#5351,#5352,#5362,#5370));
#5351 = ORIENTED_EDGE('',*,*,#5329,.T.);
#5352 = ORIENTED_EDGE('',*,*,#5353,.T.);
#5353 = EDGE_CURVE('',#5321,#5354,#5356,.T.);
#5354 = VERTEX_POINT('',#5355);
#5355 = CARTESIAN_POINT('',(2.329758502687,-8.755072306861,12.));
#5356 = B_SPLINE_CURVE_WITH_KNOTS('',4,(#5357,#5358,#5359,#5360,#5361),
  .UNSPECIFIED.,.F.,.F.,(5,5),(0.,1.),.PIECEWISE_BEZIER_KNOTS.);
#5357 = CARTESIAN_POINT('',(2.208067085533,-9.95813435066,12.));
#5358 = CARTESIAN_POINT('',(2.346333231681,-9.458751174864,12.));
#5359 = CARTESIAN_POINT('',(2.370113548812,-9.076930492603,12.));
#5360 = CARTESIAN_POINT('',(2.344574337826,-8.844799436532,12.));
#5361 = CARTESIAN_POINT('',(2.329758502687,-8.755072306861,12.));
#5362 = ORIENTED_EDGE('',*,*,#5363,.F.);
#5363 = EDGE_CURVE('',#5364,#5354,#5366,.T.);
#5364 = VERTEX_POINT('',#5365);
#5365 = CARTESIAN_POINT('',(2.329758502687,-8.755072306861,0.));
#5366 = LINE('',#5367,#5368);
#5367 = CARTESIAN_POINT('',(2.329758502687,-8.755072306861,0.));
#5368 = VECTOR('',#5369,1.);
#5369 = DIRECTION('',(0.,0.,1.));
#5370 = ORIENTED_EDGE('',*,*,#5371,.F.);
#5371 = EDGE_CURVE('',#5330,#5364,#5372,.T.);
#5372 = B_SPLINE_CURVE_WITH_KNOTS('',4,(#5373,#5374,#5375,#5376,#5377),
  .UNSPECIFIED.,.F.,.F.,(5,5),(0.,1.),.PIECEWISE_BEZIER_KNOTS.);
#5373 = CARTESIAN_POINT('',(2.208067085533,-9.95813435066,0.));
#5374 = CARTESIAN_POINT('',(2.346333231681,-9.458751174864,0.));
#5375 = CARTESIAN_POINT('',(2.370113548812,-9.076930492603,0.));
#5376 = CARTESIAN_POINT('',(2.344574337826,-8.844799436532,0.));
#5377 = CARTESIAN_POINT('',(2.329758502687,-8.755072306861,0.));
#5378 = SURFACE_OF_LINEAR_EXTRUSION('',#5379,#5385);
#5379 = B_SPLINE_CURVE_WITH_KNOTS('',4,(#5380,#5381,#5382,#5383,#5384),
  .UNSPECIFIED.,.F.,.F.,(5,5),(0.,1.),.PIECEWISE_BEZIER_KNOTS.);
#5380 = CARTESIAN_POINT('',(2.208067085533,-9.95813435066,0.));
#5381 = CARTESIAN_POINT('',(2.346333231681,-9.458751174864,0.));
#5382 = CARTESIAN_POINT('',(2.370113548812,-9.076930492603,0.));
#5383 = CARTESIAN_POINT('',(2.344574337826,-8.844799436532,0.));
#5384 = CARTESIAN_POINT('',(2.329758502687,-8.755072306861,0.));
#5385 = VECTOR('',#5386,1.);
#5386 = DIRECTION('',(-0.,-0.,-1.));
#5387 = ADVANCED_FACE('',(#5388),#5415,.F.);
#5388 = FACE_BOUND('',#5389,.F.);
#5389 = EDGE_LOOP('',(#5390,#5391,#5400,#5408));
#5390 = ORIENTED_EDGE('',*,*,#5363,.T.);
#5391 = ORIENTED_EDGE('',*,*,#5392,.T.);
#5392 = EDGE_CURVE('',#5354,#5393,#5395,.T.);
#5393 = VERTEX_POINT('',#5394);
#5394 = CARTESIAN_POINT('',(2.489578513689,-8.492614369214,12.));
#5395 = CIRCLE('',#5396,0.228);
#5396 = AXIS2_PLACEMENT_3D('',#5397,#5398,#5399);
#5397 = CARTESIAN_POINT('',(2.553547846935,-8.711456605549,12.));
#5398 = DIRECTION('',(0.,0.,-1.));
#5399 = DIRECTION('',(-0.981532211615,-0.191296935579,-0.));
#5400 = ORIENTED_EDGE('',*,*,#5401,.F.);
#5401 = EDGE_CURVE('',#5402,#5393,#5404,.T.);
#5402 = VERTEX_POINT('',#5403);
#5403 = CARTESIAN_POINT('',(2.489578513689,-8.492614369214,0.));
#5404 = LINE('',#5405,#5406);
#5405 = CARTESIAN_POINT('',(2.489578513689,-8.492614369214,0.));
#5406 = VECTOR('',#5407,1.);
#5407 = DIRECTION('',(0.,0.,1.));
#5408 = ORIENTED_EDGE('',*,*,#5409,.F.);
#5409 = EDGE_CURVE('',#5364,#5402,#5410,.T.);
#5410 = CIRCLE('',#5411,0.228);
#5411 = AXIS2_PLACEMENT_3D('',#5412,#5413,#5414);
#5412 = CARTESIAN_POINT('',(2.553547846935,-8.711456605549,0.));
#5413 = DIRECTION('',(0.,0.,-1.));
#5414 = DIRECTION('',(-0.981532211615,-0.191296935579,-0.));
#5415 = CYLINDRICAL_SURFACE('',#5416,0.228);
#5416 = AXIS2_PLACEMENT_3D('',#5417,#5418,#5419);
#5417 = CARTESIAN_POINT('',(2.553547846935,-8.711456605549,0.));
#5418 = DIRECTION('',(0.,0.,-1.));
#5419 = DIRECTION('',(-0.981532211615,-0.191296935579,-0.));
#5420 = ADVANCED_FACE('',(#5421),#5448,.T.);
#5421 = FACE_BOUND('',#5422,.F.);
#5422 = EDGE_LOOP('',(#5423,#5424,#5433,#5441));
#5423 = ORIENTED_EDGE('',*,*,#5401,.T.);
#5424 = ORIENTED_EDGE('',*,*,#5425,.T.);
#5425 = EDGE_CURVE('',#5393,#5426,#5428,.T.);
#5426 = VERTEX_POINT('',#5427);
#5427 = CARTESIAN_POINT('',(2.648234862476,-8.444486491976,12.));
#5428 = CIRCLE('',#5429,8.850000000032);
#5429 = AXIS2_PLACEMENT_3D('',#5430,#5431,#5432);
#5430 = CARTESIAN_POINT('',(-9.34519128748E-12,3.057110120608E-11,12.));
#5431 = DIRECTION('',(-0.,0.,1.));
#5432 = DIRECTION('',(0.281308306632,-0.959617442849,0.));
#5433 = ORIENTED_EDGE('',*,*,#5434,.F.);
#5434 = EDGE_CURVE('',#5435,#5426,#5437,.T.);
#5435 = VERTEX_POINT('',#5436);
#5436 = CARTESIAN_POINT('',(2.648234862476,-8.444486491976,0.));
#5437 = LINE('',#5438,#5439);
#5438 = CARTESIAN_POINT('',(2.648234862476,-8.444486491976,0.));
#5439 = VECTOR('',#5440,1.);
#5440 = DIRECTION('',(0.,0.,1.));
#5441 = ORIENTED_EDGE('',*,*,#5442,.F.);
#5442 = EDGE_CURVE('',#5402,#5435,#5443,.T.);
#5443 = CIRCLE('',#5444,8.850000000032);
#5444 = AXIS2_PLACEMENT_3D('',#5445,#5446,#5447);
#5445 = CARTESIAN_POINT('',(-9.34519128748E-12,3.057110120608E-11,0.));
#5446 = DIRECTION('',(-0.,0.,1.));
#5447 = DIRECTION('',(0.281308306632,-0.959617442849,0.));
#5448 = CYLINDRICAL_SURFACE('',#5449,8.850000000032);
#5449 = AXIS2_PLACEMENT_3D('',#5450,#5451,#5452);
#5450 = CARTESIAN_POINT('',(-9.34519128748E-12,3.057110120608E-11,0.));
#5451 = DIRECTION('',(0.,0.,-1.));
#5452 = DIRECTION('',(0.281308306632,-0.959617442849,0.));
#5453 = ADVANCED_FACE('',(#5454),#5481,.F.);
#5454 = FACE_BOUND('',#5455,.F.);
#5455 = EDGE_LOOP('',(#5456,#5457,#5466,#5474));
#5456 = ORIENTED_EDGE('',*,*,#5434,.T.);
#5457 = ORIENTED_EDGE('',*,*,#5458,.T.);
#5458 = EDGE_CURVE('',#5426,#5459,#5461,.T.);
#5459 = VERTEX_POINT('',#5460);
#5460 = CARTESIAN_POINT('',(2.92692856017,-8.573909150621,12.));
#5461 = CIRCLE('',#5462,0.228);
#5462 = AXIS2_PLACEMENT_3D('',#5463,#5464,#5465);
#5463 = CARTESIAN_POINT('',(2.71662799118,-8.661986790702,12.));
#5464 = DIRECTION('',(0.,0.,-1.));
#5465 = DIRECTION('',(-0.299969862737,0.953948678624,0.));
#5466 = ORIENTED_EDGE('',*,*,#5467,.F.);
#5467 = EDGE_CURVE('',#5468,#5459,#5470,.T.);
#5468 = VERTEX_POINT('',#5469);
#5469 = CARTESIAN_POINT('',(2.92692856017,-8.573909150621,0.));
#5470 = LINE('',#5471,#5472);
#5471 = CARTESIAN_POINT('',(2.92692856017,-8.573909150621,0.));
#5472 = VECTOR('',#5473,1.);
#5473 = DIRECTION('',(0.,0.,1.));
#5474 = ORIENTED_EDGE('',*,*,#5475,.F.);
#5475 = EDGE_CURVE('',#5435,#5468,#5476,.T.);
#5476 = CIRCLE('',#5477,0.228);
#5477 = AXIS2_PLACEMENT_3D('',#5478,#5479,#5480);
#5478 = CARTESIAN_POINT('',(2.71662799118,-8.661986790702,0.));
#5479 = DIRECTION('',(0.,0.,-1.));
#5480 = DIRECTION('',(-0.299969862737,0.953948678624,0.));
#5481 = CYLINDRICAL_SURFACE('',#5482,0.228);
#5482 = AXIS2_PLACEMENT_3D('',#5483,#5484,#5485);
#5483 = CARTESIAN_POINT('',(2.71662799118,-8.661986790702,0.));
#5484 = DIRECTION('',(0.,0.,-1.));
#5485 = DIRECTION('',(-0.299969862737,0.953948678624,0.));
#5486 = ADVANCED_FACE('',(#5487),#5516,.F.);
#5487 = FACE_BOUND('',#5488,.F.);
#5488 = EDGE_LOOP('',(#5489,#5490,#5500,#5508));
#5489 = ORIENTED_EDGE('',*,*,#5467,.T.);
#5490 = ORIENTED_EDGE('',*,*,#5491,.T.);
#5491 = EDGE_CURVE('',#5459,#5492,#5494,.T.);
#5492 = VERTEX_POINT('',#5493);
#5493 = CARTESIAN_POINT('',(3.696757457131,-9.50648634485,12.));
#5494 = B_SPLINE_CURVE_WITH_KNOTS('',4,(#5495,#5496,#5497,#5498,#5499),
  .UNSPECIFIED.,.F.,.F.,(5,5),(0.,1.),.PIECEWISE_BEZIER_KNOTS.);
#5495 = CARTESIAN_POINT('',(2.92692856017,-8.573909150621,12.));
#5496 = CARTESIAN_POINT('',(2.964464968279,-8.656757669585,12.));
#5497 = CARTESIAN_POINT('',(3.072194995335,-8.863956414178,12.));
#5498 = CARTESIAN_POINT('',(3.304095811815,-9.168217072497,12.));
#5499 = CARTESIAN_POINT('',(3.696757457131,-9.50648634485,12.));
#5500 = ORIENTED_EDGE('',*,*,#5501,.F.);
#5501 = EDGE_CURVE('',#5502,#5492,#5504,.T.);
#5502 = VERTEX_POINT('',#5503);
#5503 = CARTESIAN_POINT('',(3.696757457131,-9.50648634485,0.));
#5504 = LINE('',#5505,#5506);
#5505 = CARTESIAN_POINT('',(3.696757457131,-9.50648634485,0.));
#5506 = VECTOR('',#5507,1.);
#5507 = DIRECTION('',(0.,0.,1.));
#5508 = ORIENTED_EDGE('',*,*,#5509,.F.);
#5509 = EDGE_CURVE('',#5468,#5502,#5510,.T.);
#5510 = B_SPLINE_CURVE_WITH_KNOTS('',4,(#5511,#5512,#5513,#5514,#5515),
  .UNSPECIFIED.,.F.,.F.,(5,5),(0.,1.),.PIECEWISE_BEZIER_KNOTS.);
#5511 = CARTESIAN_POINT('',(2.92692856017,-8.573909150621,0.));
#5512 = CARTESIAN_POINT('',(2.964464968279,-8.656757669585,0.));
#5513 = CARTESIAN_POINT('',(3.072194995335,-8.863956414178,0.));
#5514 = CARTESIAN_POINT('',(3.304095811815,-9.168217072497,0.));
#5515 = CARTESIAN_POINT('',(3.696757457131,-9.50648634485,0.));
#5516 = SURFACE_OF_LINEAR_EXTRUSION('',#5517,#5523);
#5517 = B_SPLINE_CURVE_WITH_KNOTS('',4,(#5518,#5519,#5520,#5521,#5522),
  .UNSPECIFIED.,.F.,.F.,(5,5),(0.,1.),.PIECEWISE_BEZIER_KNOTS.);
#5518 = CARTESIAN_POINT('',(2.92692856017,-8.573909150621,0.));
#5519 = CARTESIAN_POINT('',(2.964464968279,-8.656757669585,0.));
#5520 = CARTESIAN_POINT('',(3.072194995335,-8.863956414178,0.));
#5521 = CARTESIAN_POINT('',(3.304095811815,-9.168217072497,0.));
#5522 = CARTESIAN_POINT('',(3.696757457131,-9.50648634485,0.));
#5523 = VECTOR('',#5524,1.);
#5524 = DIRECTION('',(-0.,-0.,-1.));
#5525 = ADVANCED_FACE('',(#5526),#5553,.T.);
#5526 = FACE_BOUND('',#5527,.F.);
#5527 = EDGE_LOOP('',(#5528,#5529,#5538,#5546));
#5528 = ORIENTED_EDGE('',*,*,#5501,.T.);
#5529 = ORIENTED_EDGE('',*,*,#5530,.T.);
#5530 = EDGE_CURVE('',#5492,#5531,#5533,.T.);
#5531 = VERTEX_POINT('',#5532);
#5532 = CARTESIAN_POINT('',(4.108375332784,-9.336019072655,12.));
#5533 = CIRCLE('',#5534,10.199999999997);
#5534 = AXIS2_PLACEMENT_3D('',#5535,#5536,#5537);
#5535 = CARTESIAN_POINT('',(7.209637647307E-04,3.17231517994E-04,12.));
#5536 = DIRECTION('',(-0.,0.,1.));
#5537 = DIRECTION('',(0.362356518958,-0.932039566311,0.));
#5538 = ORIENTED_EDGE('',*,*,#5539,.F.);
#5539 = EDGE_CURVE('',#5540,#5531,#5542,.T.);
#5540 = VERTEX_POINT('',#5541);
#5541 = CARTESIAN_POINT('',(4.108375332784,-9.336019072655,0.));
#5542 = LINE('',#5543,#5544);
#5543 = CARTESIAN_POINT('',(4.108375332784,-9.336019072655,0.));
#5544 = VECTOR('',#5545,1.);
#5545 = DIRECTION('',(0.,0.,1.));
#5546 = ORIENTED_EDGE('',*,*,#5547,.F.);
#5547 = EDGE_CURVE('',#5502,#5540,#5548,.T.);
#5548 = CIRCLE('',#5549,10.199999999997);
#5549 = AXIS2_PLACEMENT_3D('',#5550,#5551,#5552);
#5550 = CARTESIAN_POINT('',(7.209637647307E-04,3.17231517994E-04,0.));
#5551 = DIRECTION('',(-0.,0.,1.));
#5552 = DIRECTION('',(0.362356518958,-0.932039566311,0.));
#5553 = CYLINDRICAL_SURFACE('',#5554,10.199999999997);
#5554 = AXIS2_PLACEMENT_3D('',#5555,#5556,#5557);
#5555 = CARTESIAN_POINT('',(7.209637647307E-04,3.17231517994E-04,0.));
#5556 = DIRECTION('',(0.,0.,-1.));
#5557 = DIRECTION('',(0.362356518958,-0.932039566311,0.));
#5558 = ADVANCED_FACE('',(#5559),#5588,.F.);
#5559 = FACE_BOUND('',#5560,.F.);
#5560 = EDGE_LOOP('',(#5561,#5562,#5572,#5580));
#5561 = ORIENTED_EDGE('',*,*,#5539,.T.);
#5562 = ORIENTED_EDGE('',*,*,#5563,.T.);
#5563 = EDGE_CURVE('',#5531,#5564,#5566,.T.);
#5564 = VERTEX_POINT('',#5565);
#5565 = CARTESIAN_POINT('',(3.99302272195,-8.132332710926,12.));
#5566 = B_SPLINE_CURVE_WITH_KNOTS('',4,(#5567,#5568,#5569,#5570,#5571),
  .UNSPECIFIED.,.F.,.F.,(5,5),(0.,1.),.PIECEWISE_BEZIER_KNOTS.);
#5567 = CARTESIAN_POINT('',(4.108375332784,-9.336019072655,12.));
#5568 = CARTESIAN_POINT('',(4.146559909128,-8.819257017577,12.));
#5569 = CARTESIAN_POINT('',(4.095393774279,-8.440133602936,12.));
#5570 = CARTESIAN_POINT('',(4.025058769593,-8.217445332912,12.));
#5571 = CARTESIAN_POINT('',(3.99302272195,-8.132332710926,12.));
#5572 = ORIENTED_EDGE('',*,*,#5573,.F.);
#5573 = EDGE_CURVE('',#5574,#5564,#5576,.T.);
#5574 = VERTEX_POINT('',#5575);
#5575 = CARTESIAN_POINT('',(3.99302272195,-8.132332710926,0.));
#5576 = LINE('',#5577,#5578);
#5577 = CARTESIAN_POINT('',(3.99302272195,-8.132332710926,0.));
#5578 = VECTOR('',#5579,1.);
#5579 = DIRECTION('',(0.,0.,1.));
#5580 = ORIENTED_EDGE('',*,*,#5581,.F.);
#5581 = EDGE_CURVE('',#5540,#5574,#5582,.T.);
#5582 = B_SPLINE_CURVE_WITH_KNOTS('',4,(#5583,#5584,#5585,#5586,#5587),
  .UNSPECIFIED.,.F.,.F.,(5,5),(0.,1.),.PIECEWISE_BEZIER_KNOTS.);
#5583 = CARTESIAN_POINT('',(4.108375332784,-9.336019072655,0.));
#5584 = CARTESIAN_POINT('',(4.146559909128,-8.819257017577,0.));
#5585 = CARTESIAN_POINT('',(4.095393774279,-8.440133602936,0.));
#5586 = CARTESIAN_POINT('',(4.025058769593,-8.217445332912,0.));
#5587 = CARTESIAN_POINT('',(3.99302272195,-8.132332710926,0.));
#5588 = SURFACE_OF_LINEAR_EXTRUSION('',#5589,#5595);
#5589 = B_SPLINE_CURVE_WITH_KNOTS('',4,(#5590,#5591,#5592,#5593,#5594),
  .UNSPECIFIED.,.F.,.F.,(5,5),(0.,1.),.PIECEWISE_BEZIER_KNOTS.);
#5590 = CARTESIAN_POINT('',(4.108375332784,-9.336019072655,0.));
#5591 = CARTESIAN_POINT('',(4.146559909128,-8.819257017577,0.));
#5592 = CARTESIAN_POINT('',(4.095393774279,-8.440133602936,0.));
#5593 = CARTESIAN_POINT('',(4.025058769593,-8.217445332912,0.));
#5594 = CARTESIAN_POINT('',(3.99302272195,-8.132332710926,0.));
#5595 = VECTOR('',#5596,1.);
#5596 = DIRECTION('',(-0.,-0.,-1.));
#5597 = ADVANCED_FACE('',(#5598),#5625,.F.);
#5598 = FACE_BOUND('',#5599,.F.);
#5599 = EDGE_LOOP('',(#5600,#5601,#5610,#5618));
#5600 = ORIENTED_EDGE('',*,*,#5573,.T.);
#5601 = ORIENTED_EDGE('',*,*,#5602,.T.);
#5602 = EDGE_CURVE('',#5564,#5603,#5605,.T.);
#5603 = VERTEX_POINT('',#5604);
#5604 = CARTESIAN_POINT('',(4.098568832683,-7.843738491546,12.));
#5605 = CIRCLE('',#5606,0.228);
#5606 = AXIS2_PLACEMENT_3D('',#5607,#5608,#5609);
#5607 = CARTESIAN_POINT('',(4.204003015485,-8.045895937852,12.));
#5608 = DIRECTION('',(0.,0.,-1.));
#5609 = DIRECTION('',(-0.925352164631,-0.379108653835,-0.));
#5610 = ORIENTED_EDGE('',*,*,#5611,.F.);
#5611 = EDGE_CURVE('',#5612,#5603,#5614,.T.);
#5612 = VERTEX_POINT('',#5613);
#5613 = CARTESIAN_POINT('',(4.098568832683,-7.843738491546,0.));
#5614 = LINE('',#5615,#5616);
#5615 = CARTESIAN_POINT('',(4.098568832683,-7.843738491546,0.));
#5616 = VECTOR('',#5617,1.);
#5617 = DIRECTION('',(0.,0.,1.));
#5618 = ORIENTED_EDGE('',*,*,#5619,.F.);
#5619 = EDGE_CURVE('',#5574,#5612,#5620,.T.);
#5620 = CIRCLE('',#5621,0.228);
#5621 = AXIS2_PLACEMENT_3D('',#5622,#5623,#5624);
#5622 = CARTESIAN_POINT('',(4.204003015485,-8.045895937852,0.));
#5623 = DIRECTION('',(0.,0.,-1.));
#5624 = DIRECTION('',(-0.925352164631,-0.379108653835,-0.));
#5625 = CYLINDRICAL_SURFACE('',#5626,0.228);
#5626 = AXIS2_PLACEMENT_3D('',#5627,#5628,#5629);
#5627 = CARTESIAN_POINT('',(4.204003015485,-8.045895937852,0.));
#5628 = DIRECTION('',(0.,0.,-1.));
#5629 = DIRECTION('',(-0.925352164631,-0.379108653835,-0.));
#5630 = ADVANCED_FACE('',(#5631),#5658,.T.);
#5631 = FACE_BOUND('',#5632,.F.);
#5632 = EDGE_LOOP('',(#5633,#5634,#5643,#5651));
#5633 = ORIENTED_EDGE('',*,*,#5611,.T.);
#5634 = ORIENTED_EDGE('',*,*,#5635,.T.);
#5635 = EDGE_CURVE('',#5603,#5636,#5638,.T.);
#5636 = VERTEX_POINT('',#5637);
#5637 = CARTESIAN_POINT('',(4.244787361148,-7.765583059799,12.));
#5638 = CIRCLE('',#5639,8.850000000034);
#5639 = AXIS2_PLACEMENT_3D('',#5640,#5641,#5642);
#5640 = CARTESIAN_POINT('',(-1.597522114594E-11,2.974465118655E-11,12.)
  );
#5641 = DIRECTION('',(-0.,0.,1.));
#5642 = DIRECTION('',(0.463115122337,-0.886298134638,0.));
#5643 = ORIENTED_EDGE('',*,*,#5644,.F.);
#5644 = EDGE_CURVE('',#5645,#5636,#5647,.T.);
#5645 = VERTEX_POINT('',#5646);
#5646 = CARTESIAN_POINT('',(4.244787361148,-7.765583059799,0.));
#5647 = LINE('',#5648,#5649);
#5648 = CARTESIAN_POINT('',(4.244787361148,-7.765583059799,0.));
#5649 = VECTOR('',#5650,1.);
#5650 = DIRECTION('',(0.,0.,1.));
#5651 = ORIENTED_EDGE('',*,*,#5652,.F.);
#5652 = EDGE_CURVE('',#5612,#5645,#5653,.T.);
#5653 = CIRCLE('',#5654,8.850000000034);
#5654 = AXIS2_PLACEMENT_3D('',#5655,#5656,#5657);
#5655 = CARTESIAN_POINT('',(-1.597522114594E-11,2.974465118655E-11,0.));
#5656 = DIRECTION('',(-0.,0.,1.));
#5657 = DIRECTION('',(0.463115122337,-0.886298134638,0.));
#5658 = CYLINDRICAL_SURFACE('',#5659,8.850000000034);
#5659 = AXIS2_PLACEMENT_3D('',#5660,#5661,#5662);
#5660 = CARTESIAN_POINT('',(-1.597522114594E-11,2.974465118655E-11,0.));
#5661 = DIRECTION('',(0.,0.,-1.));
#5662 = DIRECTION('',(0.463115122337,-0.886298134638,0.));
#5663 = ADVANCED_FACE('',(#5664),#5691,.F.);
#5664 = FACE_BOUND('',#5665,.F.);
#5665 = EDGE_LOOP('',(#5666,#5667,#5676,#5684));
#5666 = ORIENTED_EDGE('',*,*,#5644,.T.);
#5667 = ORIENTED_EDGE('',*,*,#5668,.T.);
#5668 = EDGE_CURVE('',#5636,#5669,#5671,.T.);
#5669 = VERTEX_POINT('',#5670);
#5670 = CARTESIAN_POINT('',(4.543375145739,-7.838148455121,12.));
#5671 = CIRCLE('',#5672,0.228);
#5672 = AXIS2_PLACEMENT_3D('',#5673,#5674,#5675);
#5673 = CARTESIAN_POINT('',(4.354298538379,-7.965561313771,12.));
#5674 = DIRECTION('',(0.,0.,-1.));
#5675 = DIRECTION('',(-0.480312180837,0.877097605138,0.));
#5676 = ORIENTED_EDGE('',*,*,#5677,.F.);
#5677 = EDGE_CURVE('',#5678,#5669,#5680,.T.);
#5678 = VERTEX_POINT('',#5679);
#5679 = CARTESIAN_POINT('',(4.543375145739,-7.838148455121,0.));
#5680 = LINE('',#5681,#5682);
#5681 = CARTESIAN_POINT('',(4.543375145739,-7.838148455121,0.));
#5682 = VECTOR('',#5683,1.);
#5683 = DIRECTION('',(0.,0.,1.));
#5684 = ORIENTED_EDGE('',*,*,#5685,.F.);
#5685 = EDGE_CURVE('',#5645,#5678,#5686,.T.);
#5686 = CIRCLE('',#5687,0.228);
#5687 = AXIS2_PLACEMENT_3D('',#5688,#5689,#5690);
#5688 = CARTESIAN_POINT('',(4.354298538379,-7.965561313771,0.));
#5689 = DIRECTION('',(0.,0.,-1.));
#5690 = DIRECTION('',(-0.480312180837,0.877097605138,0.));
#5691 = CYLINDRICAL_SURFACE('',#5692,0.228);
#5692 = AXIS2_PLACEMENT_3D('',#5693,#5694,#5695);
#5693 = CARTESIAN_POINT('',(4.354298538379,-7.965561313771,0.));
#5694 = DIRECTION('',(0.,0.,-1.));
#5695 = DIRECTION('',(-0.480312180837,0.877097605138,0.));
#5696 = ADVANCED_FACE('',(#5697),#5726,.F.);
#5697 = FACE_BOUND('',#5698,.F.);
#5698 = EDGE_LOOP('',(#5699,#5700,#5710,#5718));
#5699 = ORIENTED_EDGE('',*,*,#5677,.T.);
#5700 = ORIENTED_EDGE('',*,*,#5701,.T.);
#5701 = EDGE_CURVE('',#5669,#5702,#5704,.T.);
#5702 = VERTEX_POINT('',#5703);
#5703 = CARTESIAN_POINT('',(5.480348781433,-8.602620272656,12.));
#5704 = B_SPLINE_CURVE_WITH_KNOTS('',4,(#5705,#5706,#5707,#5708,#5709),
  .UNSPECIFIED.,.F.,.F.,(5,5),(0.,1.),.PIECEWISE_BEZIER_KNOTS.);
#5705 = CARTESIAN_POINT('',(4.543375145739,-7.838148455121,12.));
#5706 = CARTESIAN_POINT('',(4.596353246534,-7.91208207308,12.));
#5707 = CARTESIAN_POINT('',(4.742435741132,-8.094282466225,12.));
#5708 = CARTESIAN_POINT('',(5.029238958258,-8.347455236347,12.));
#5709 = CARTESIAN_POINT('',(5.480348781433,-8.602620272656,12.));
#5710 = ORIENTED_EDGE('',*,*,#5711,.F.);
#5711 = EDGE_CURVE('',#5712,#5702,#5714,.T.);
#5712 = VERTEX_POINT('',#5713);
#5713 = CARTESIAN_POINT('',(5.480348781433,-8.602620272656,0.));
#5714 = LINE('',#5715,#5716);
#5715 = CARTESIAN_POINT('',(5.480348781433,-8.602620272656,0.));
#5716 = VECTOR('',#5717,1.);
#5717 = DIRECTION('',(0.,0.,1.));
#5718 = ORIENTED_EDGE('',*,*,#5719,.F.);
#5719 = EDGE_CURVE('',#5678,#5712,#5720,.T.);
#5720 = B_SPLINE_CURVE_WITH_KNOTS('',4,(#5721,#5722,#5723,#5724,#5725),
  .UNSPECIFIED.,.F.,.F.,(5,5),(0.,1.),.PIECEWISE_BEZIER_KNOTS.);
#5721 = CARTESIAN_POINT('',(4.543375145739,-7.838148455121,0.));
#5722 = CARTESIAN_POINT('',(4.596353246534,-7.91208207308,0.));
#5723 = CARTESIAN_POINT('',(4.742435741132,-8.094282466225,0.));
#5724 = CARTESIAN_POINT('',(5.029238958258,-8.347455236347,0.));
#5725 = CARTESIAN_POINT('',(5.480348781433,-8.602620272656,0.));
#5726 = SURFACE_OF_LINEAR_EXTRUSION('',#5727,#5733);
#5727 = B_SPLINE_CURVE_WITH_KNOTS('',4,(#5728,#5729,#5730,#5731,#5732),
  .UNSPECIFIED.,.F.,.F.,(5,5),(0.,1.),.PIECEWISE_BEZIER_KNOTS.);
#5728 = CARTESIAN_POINT('',(4.543375145739,-7.838148455121,0.));
#5729 = CARTESIAN_POINT('',(4.596353246534,-7.91208207308,0.));
#5730 = CARTESIAN_POINT('',(4.742435741132,-8.094282466225,0.));
#5731 = CARTESIAN_POINT('',(5.029238958258,-8.347455236347,0.));
#5732 = CARTESIAN_POINT('',(5.480348781433,-8.602620272656,0.));
#5733 = VECTOR('',#5734,1.);
#5734 = DIRECTION('',(-0.,-0.,-1.));
#5735 = ADVANCED_FACE('',(#5736),#5763,.T.);
#5736 = FACE_BOUND('',#5737,.F.);
#5737 = EDGE_LOOP('',(#5738,#5739,#5748,#5756));
#5738 = ORIENTED_EDGE('',*,*,#5711,.T.);
#5739 = ORIENTED_EDGE('',*,*,#5740,.T.);
#5740 = EDGE_CURVE('',#5702,#5741,#5743,.T.);
#5741 = VERTEX_POINT('',#5742);
#5742 = CARTESIAN_POINT('',(5.850801019999,-8.355125817388,12.));
#5743 = CIRCLE('',#5744,10.199999999994);
#5744 = AXIS2_PLACEMENT_3D('',#5745,#5746,#5747);
#5745 = CARTESIAN_POINT('',(6.452218507778E-04,4.517890538871E-04,12.));
#5746 = DIRECTION('',(-0.,0.,1.));
#5747 = DIRECTION('',(0.537225839175,-0.843438437423,0.));
#5748 = ORIENTED_EDGE('',*,*,#5749,.F.);
#5749 = EDGE_CURVE('',#5750,#5741,#5752,.T.);
#5750 = VERTEX_POINT('',#5751);
#5751 = CARTESIAN_POINT('',(5.850801019999,-8.355125817388,0.));
#5752 = LINE('',#5753,#5754);
#5753 = CARTESIAN_POINT('',(5.850801019999,-8.355125817388,0.));
#5754 = VECTOR('',#5755,1.);
#5755 = DIRECTION('',(0.,0.,1.));
#5756 = ORIENTED_EDGE('',*,*,#5757,.F.);
#5757 = EDGE_CURVE('',#5712,#5750,#5758,.T.);
#5758 = CIRCLE('',#5759,10.199999999994);
#5759 = AXIS2_PLACEMENT_3D('',#5760,#5761,#5762);
#5760 = CARTESIAN_POINT('',(6.452218507778E-04,4.517890538871E-04,0.));
#5761 = DIRECTION('',(-0.,0.,1.));
#5762 = DIRECTION('',(0.537225839175,-0.843438437423,0.));
#5763 = CYLINDRICAL_SURFACE('',#5764,10.199999999994);
#5764 = AXIS2_PLACEMENT_3D('',#5765,#5766,#5767);
#5765 = CARTESIAN_POINT('',(6.452218507778E-04,4.517890538871E-04,0.));
#5766 = DIRECTION('',(0.,0.,-1.));
#5767 = DIRECTION('',(0.537225839175,-0.843438437423,0.));
#5768 = ADVANCED_FACE('',(#5769),#5798,.F.);
#5769 = FACE_BOUND('',#5770,.F.);
#5770 = EDGE_LOOP('',(#5771,#5772,#5782,#5790));
#5771 = ORIENTED_EDGE('',*,*,#5749,.T.);
#5772 = ORIENTED_EDGE('',*,*,#5773,.T.);
#5773 = EDGE_CURVE('',#5741,#5774,#5776,.T.);
#5774 = VERTEX_POINT('',#5775);
#5775 = CARTESIAN_POINT('',(5.502837317321,-7.197072129575,12.));
#5776 = B_SPLINE_CURVE_WITH_KNOTS('',4,(#5777,#5778,#5779,#5780,#5781),
  .UNSPECIFIED.,.F.,.F.,(5,5),(0.,1.),.PIECEWISE_BEZIER_KNOTS.);
#5777 = CARTESIAN_POINT('',(5.850801019999,-8.355125817388,12.));
#5778 = CARTESIAN_POINT('',(5.787436614685,-7.840843759002,12.));
#5779 = CARTESIAN_POINT('',(5.663290313723,-7.478987112189,12.));
#5780 = CARTESIAN_POINT('',(5.550862450122,-7.274299413545,12.));
#5781 = CARTESIAN_POINT('',(5.502837317321,-7.197072129575,12.));
#5782 = ORIENTED_EDGE('',*,*,#5783,.F.);
#5783 = EDGE_CURVE('',#5784,#5774,#5786,.T.);
#5784 = VERTEX_POINT('',#5785);
#5785 = CARTESIAN_POINT('',(5.502837317321,-7.197072129575,0.));
#5786 = LINE('',#5787,#5788);
#5787 = CARTESIAN_POINT('',(5.502837317321,-7.197072129575,0.));
#5788 = VECTOR('',#5789,1.);
#5789 = DIRECTION('',(0.,0.,1.));
#5790 = ORIENTED_EDGE('',*,*,#5791,.F.);
#5791 = EDGE_CURVE('',#5750,#5784,#5792,.T.);
#5792 = B_SPLINE_CURVE_WITH_KNOTS('',4,(#5793,#5794,#5795,#5796,#5797),
  .UNSPECIFIED.,.F.,.F.,(5,5),(0.,1.),.PIECEWISE_BEZIER_KNOTS.);
#5793 = CARTESIAN_POINT('',(5.850801019999,-8.355125817388,0.));
#5794 = CARTESIAN_POINT('',(5.787436614685,-7.840843759002,0.));
#5795 = CARTESIAN_POINT('',(5.663290313723,-7.478987112189,0.));
#5796 = CARTESIAN_POINT('',(5.550862450122,-7.274299413545,0.));
#5797 = CARTESIAN_POINT('',(5.502837317321,-7.197072129575,0.));
#5798 = SURFACE_OF_LINEAR_EXTRUSION('',#5799,#5805);
#5799 = B_SPLINE_CURVE_WITH_KNOTS('',4,(#5800,#5801,#5802,#5803,#5804),
  .UNSPECIFIED.,.F.,.F.,(5,5),(0.,1.),.PIECEWISE_BEZIER_KNOTS.);
#5800 = CARTESIAN_POINT('',(5.850801019999,-8.355125817388,0.));
#5801 = CARTESIAN_POINT('',(5.787436614685,-7.840843759002,0.));
#5802 = CARTESIAN_POINT('',(5.663290313723,-7.478987112189,0.));
#5803 = CARTESIAN_POINT('',(5.550862450122,-7.274299413545,0.));
#5804 = CARTESIAN_POINT('',(5.502837317321,-7.197072129575,0.));
#5805 = VECTOR('',#5806,1.);
#5806 = DIRECTION('',(-0.,-0.,-1.));
#5807 = ADVANCED_FACE('',(#5808),#5835,.F.);
#5808 = FACE_BOUND('',#5809,.F.);
#5809 = EDGE_LOOP('',(#5810,#5811,#5820,#5828));
#5810 = ORIENTED_EDGE('',*,*,#5783,.T.);
#5811 = ORIENTED_EDGE('',*,*,#5812,.T.);
#5812 = EDGE_CURVE('',#5774,#5813,#5815,.T.);
#5813 = VERTEX_POINT('',#5814);
#5814 = CARTESIAN_POINT('',(5.550053449941,-6.893432142467,12.));
#5815 = CIRCLE('',#5816,0.228);
#5816 = AXIS2_PLACEMENT_3D('',#5817,#5818,#5819);
#5817 = CARTESIAN_POINT('',(5.692900705783,-7.071136001453,12.));
#5818 = DIRECTION('',(0.,0.,-1.));
#5819 = DIRECTION('',(-0.833611352903,-0.552351439131,-0.));
#5820 = ORIENTED_EDGE('',*,*,#5821,.F.);
#5821 = EDGE_CURVE('',#5822,#5813,#5824,.T.);
#5822 = VERTEX_POINT('',#5823);
#5823 = CARTESIAN_POINT('',(5.550053449941,-6.893432142467,0.));
#5824 = LINE('',#5825,#5826);
#5825 = CARTESIAN_POINT('',(5.550053449941,-6.893432142467,0.));
#5826 = VECTOR('',#5827,1.);
#5827 = DIRECTION('',(0.,0.,1.));
#5828 = ORIENTED_EDGE('',*,*,#5829,.F.);
#5829 = EDGE_CURVE('',#5784,#5822,#5830,.T.);
#5830 = CIRCLE('',#5831,0.228);
#5831 = AXIS2_PLACEMENT_3D('',#5832,#5833,#5834);
#5832 = CARTESIAN_POINT('',(5.692900705783,-7.071136001453,0.));
#5833 = DIRECTION('',(0.,0.,-1.));
#5834 = DIRECTION('',(-0.833611352903,-0.552351439131,-0.));
#5835 = CYLINDRICAL_SURFACE('',#5836,0.228);
#5836 = AXIS2_PLACEMENT_3D('',#5837,#5838,#5839);
#5837 = CARTESIAN_POINT('',(5.692900705783,-7.071136001453,0.));
#5838 = DIRECTION('',(0.,0.,-1.));
#5839 = DIRECTION('',(-0.833611352903,-0.552351439131,-0.));
#5840 = ADVANCED_FACE('',(#5841),#5868,.T.);
#5841 = FACE_BOUND('',#5842,.F.);
#5842 = EDGE_LOOP('',(#5843,#5844,#5853,#5861));
#5843 = ORIENTED_EDGE('',*,*,#5821,.T.);
#5844 = ORIENTED_EDGE('',*,*,#5845,.T.);
#5845 = EDGE_CURVE('',#5813,#5846,#5848,.T.);
#5846 = VERTEX_POINT('',#5847);
#5847 = CARTESIAN_POINT('',(5.678215062035,-6.788252625623,12.));
#5848 = CIRCLE('',#5849,8.85000000002);
#5849 = AXIS2_PLACEMENT_3D('',#5850,#5851,#5852);
#5850 = CARTESIAN_POINT('',(-1.249089720545E-11,1.517230785453E-11,12.)
  );
#5851 = DIRECTION('',(-0.,0.,1.));
#5852 = DIRECTION('',(0.627124683609,-0.778918886154,0.));
#5853 = ORIENTED_EDGE('',*,*,#5854,.F.);
#5854 = EDGE_CURVE('',#5855,#5846,#5857,.T.);
#5855 = VERTEX_POINT('',#5856);
#5856 = CARTESIAN_POINT('',(5.678215062035,-6.788252625623,0.));
#5857 = LINE('',#5858,#5859);
#5858 = CARTESIAN_POINT('',(5.678215062035,-6.788252625623,0.));
#5859 = VECTOR('',#5860,1.);
#5860 = DIRECTION('',(0.,0.,1.));
#5861 = ORIENTED_EDGE('',*,*,#5862,.F.);
#5862 = EDGE_CURVE('',#5822,#5855,#5863,.T.);
#5863 = CIRCLE('',#5864,8.85000000002);
#5864 = AXIS2_PLACEMENT_3D('',#5865,#5866,#5867);
#5865 = CARTESIAN_POINT('',(-1.249089720545E-11,1.517230785453E-11,0.));
#5866 = DIRECTION('',(-0.,0.,1.));
#5867 = DIRECTION('',(0.627124683609,-0.778918886154,0.));
#5868 = CYLINDRICAL_SURFACE('',#5869,8.85000000002);
#5869 = AXIS2_PLACEMENT_3D('',#5870,#5871,#5872);
#5870 = CARTESIAN_POINT('',(-1.249089720545E-11,1.517230785453E-11,0.));
#5871 = DIRECTION('',(0.,0.,-1.));
#5872 = DIRECTION('',(0.627124683609,-0.778918886154,0.));
#5873 = ADVANCED_FACE('',(#5874),#5901,.F.);
#5874 = FACE_BOUND('',#5875,.F.);
#5875 = EDGE_LOOP('',(#5876,#5877,#5886,#5894));
#5876 = ORIENTED_EDGE('',*,*,#5854,.T.);
#5877 = ORIENTED_EDGE('',*,*,#5878,.T.);
#5878 = EDGE_CURVE('',#5846,#5879,#5881,.T.);
#5879 = VERTEX_POINT('',#5880);
#5880 = CARTESIAN_POINT('',(5.98522237241,-6.801172110176,12.));
#5881 = CIRCLE('',#5882,0.228);
#5882 = AXIS2_PLACEMENT_3D('',#5883,#5884,#5885);
#5883 = CARTESIAN_POINT('',(5.824635834666,-6.963023782689,12.));
#5884 = DIRECTION('',(0.,0.,-1.));
#5885 = DIRECTION('',(-0.642196371189,0.766540162569,0.));
#5886 = ORIENTED_EDGE('',*,*,#5887,.F.);
#5887 = EDGE_CURVE('',#5888,#5879,#5890,.T.);
#5888 = VERTEX_POINT('',#5889);
#5889 = CARTESIAN_POINT('',(5.98522237241,-6.801172110176,0.));
#5890 = LINE('',#5891,#5892);
#5891 = CARTESIAN_POINT('',(5.98522237241,-6.801172110176,0.));
#5892 = VECTOR('',#5893,1.);
#5893 = DIRECTION('',(0.,0.,1.));
#5894 = ORIENTED_EDGE('',*,*,#5895,.F.);
#5895 = EDGE_CURVE('',#5855,#5888,#5896,.T.);
#5896 = CIRCLE('',#5897,0.228);
#5897 = AXIS2_PLACEMENT_3D('',#5898,#5899,#5900);
#5898 = CARTESIAN_POINT('',(5.824635834666,-6.963023782689,0.));
#5899 = DIRECTION('',(0.,0.,-1.));
#5900 = DIRECTION('',(-0.642196371189,0.766540162569,0.));
#5901 = CYLINDRICAL_SURFACE('',#5902,0.228);
#5902 = AXIS2_PLACEMENT_3D('',#5903,#5904,#5905);
#5903 = CARTESIAN_POINT('',(5.824635834666,-6.963023782689,0.));
#5904 = DIRECTION('',(0.,0.,-1.));
#5905 = DIRECTION('',(-0.642196371189,0.766540162569,0.));
#5906 = ADVANCED_FACE('',(#5907),#5936,.F.);
#5907 = FACE_BOUND('',#5908,.F.);
#5908 = EDGE_LOOP('',(#5909,#5910,#5920,#5928));
#5909 = ORIENTED_EDGE('',*,*,#5887,.T.);
#5910 = ORIENTED_EDGE('',*,*,#5911,.T.);
#5911 = EDGE_CURVE('',#5879,#5912,#5914,.T.);
#5912 = VERTEX_POINT('',#5913);
#5913 = CARTESIAN_POINT('',(7.053333375481,-7.368160327789,12.));
#5914 = B_SPLINE_CURVE_WITH_KNOTS('',4,(#5915,#5916,#5917,#5918,#5919),
  .UNSPECIFIED.,.F.,.F.,(5,5),(0.,1.),.PIECEWISE_BEZIER_KNOTS.);
#5915 = CARTESIAN_POINT('',(5.98522237241,-6.801172110176,12.));
#5916 = CARTESIAN_POINT('',(6.051606247189,-6.863349599653,12.));
#5917 = CARTESIAN_POINT('',(6.230427340985,-7.013549782422,12.));
#5918 = CARTESIAN_POINT('',(6.561111271964,-7.205905376772,12.));
#5919 = CARTESIAN_POINT('',(7.053333375481,-7.368160327789,12.));
#5920 = ORIENTED_EDGE('',*,*,#5921,.F.);
#5921 = EDGE_CURVE('',#5922,#5912,#5924,.T.);
#5922 = VERTEX_POINT('',#5923);
#5923 = CARTESIAN_POINT('',(7.053333375481,-7.368160327789,0.));
#5924 = LINE('',#5925,#5926);
#5925 = CARTESIAN_POINT('',(7.053333375481,-7.368160327789,0.));
#5926 = VECTOR('',#5927,1.);
#5927 = DIRECTION('',(0.,0.,1.));
#5928 = ORIENTED_EDGE('',*,*,#5929,.F.);
#5929 = EDGE_CURVE('',#5888,#5922,#5930,.T.);
#5930 = B_SPLINE_CURVE_WITH_KNOTS('',4,(#5931,#5932,#5933,#5934,#5935),
  .UNSPECIFIED.,.F.,.F.,(5,5),(0.,1.),.PIECEWISE_BEZIER_KNOTS.);
#5931 = CARTESIAN_POINT('',(5.98522237241,-6.801172110176,0.));
#5932 = CARTESIAN_POINT('',(6.051606247189,-6.863349599653,0.));
#5933 = CARTESIAN_POINT('',(6.230427340985,-7.013549782422,0.));
#5934 = CARTESIAN_POINT('',(6.561111271964,-7.205905376772,0.));
#5935 = CARTESIAN_POINT('',(7.053333375481,-7.368160327789,0.));
#5936 = SURFACE_OF_LINEAR_EXTRUSION('',#5937,#5943);
#5937 = B_SPLINE_CURVE_WITH_KNOTS('',4,(#5938,#5939,#5940,#5941,#5942),
  .UNSPECIFIED.,.F.,.F.,(5,5),(0.,1.),.PIECEWISE_BEZIER_KNOTS.);
#5938 = CARTESIAN_POINT('',(5.98522237241,-6.801172110176,0.));
#5939 = CARTESIAN_POINT('',(6.051606247189,-6.863349599653,0.));
#5940 = CARTESIAN_POINT('',(6.230427340985,-7.013549782422,0.));
#5941 = CARTESIAN_POINT('',(6.561111271964,-7.205905376772,0.));
#5942 = CARTESIAN_POINT('',(7.053333375481,-7.368160327789,0.));
#5943 = VECTOR('',#5944,1.);
#5944 = DIRECTION('',(-0.,-0.,-1.));
#5945 = ADVANCED_FACE('',(#5946),#5973,.T.);
#5946 = FACE_BOUND('',#5947,.F.);
#5947 = EDGE_LOOP('',(#5948,#5949,#5958,#5966));
#5948 = ORIENTED_EDGE('',*,*,#5921,.T.);
#5949 = ORIENTED_EDGE('',*,*,#5950,.T.);
#5950 = EDGE_CURVE('',#5912,#5951,#5953,.T.);
#5951 = VERTEX_POINT('',#5952);
#5952 = CARTESIAN_POINT('',(7.368383705182,-7.053149762567,12.));
#5953 = CIRCLE('',#5954,10.20000000001);
#5954 = AXIS2_PLACEMENT_3D('',#5955,#5956,#5957);
#5955 = CARTESIAN_POINT('',(5.446844104804E-04,5.689846039187E-04,12.));
#5956 = DIRECTION('',(-0.,0.,1.));
#5957 = DIRECTION('',(0.691449871673,-0.722424442391,0.));
#5958 = ORIENTED_EDGE('',*,*,#5959,.F.);
#5959 = EDGE_CURVE('',#5960,#5951,#5962,.T.);
#5960 = VERTEX_POINT('',#5961);
#5961 = CARTESIAN_POINT('',(7.368383705182,-7.053149762567,0.));
#5962 = LINE('',#5963,#5964);
#5963 = CARTESIAN_POINT('',(7.368383705182,-7.053149762567,0.));
#5964 = VECTOR('',#5965,1.);
#5965 = DIRECTION('',(0.,0.,1.));
#5966 = ORIENTED_EDGE('',*,*,#5967,.F.);
#5967 = EDGE_CURVE('',#5922,#5960,#5968,.T.);
#5968 = CIRCLE('',#5969,10.20000000001);
#5969 = AXIS2_PLACEMENT_3D('',#5970,#5971,#5972);
#5970 = CARTESIAN_POINT('',(5.446844104804E-04,5.689846039187E-04,0.));
#5971 = DIRECTION('',(-0.,0.,1.));
#5972 = DIRECTION('',(0.691449871673,-0.722424442391,0.));
#5973 = CYLINDRICAL_SURFACE('',#5974,10.20000000001);
#5974 = AXIS2_PLACEMENT_3D('',#5975,#5976,#5977);
#5975 = CARTESIAN_POINT('',(5.446844104804E-04,5.689846039187E-04,0.));
#5976 = DIRECTION('',(0.,0.,-1.));
#5977 = DIRECTION('',(0.691449871673,-0.722424442391,0.));
#5978 = ADVANCED_FACE('',(#5979),#6008,.F.);
#5979 = FACE_BOUND('',#5980,.F.);
#5980 = EDGE_LOOP('',(#5981,#5982,#5992,#6000));
#5981 = ORIENTED_EDGE('',*,*,#5959,.T.);
#5982 = ORIENTED_EDGE('',*,*,#5983,.T.);
#5983 = EDGE_CURVE('',#5951,#5984,#5986,.T.);
#5984 = VERTEX_POINT('',#5985);
#5985 = CARTESIAN_POINT('',(6.801180960614,-5.985232102449,12.));
#5986 = B_SPLINE_CURVE_WITH_KNOTS('',4,(#5987,#5988,#5989,#5990,#5991),
  .UNSPECIFIED.,.F.,.F.,(5,5),(0.,1.),.PIECEWISE_BEZIER_KNOTS.);
#5987 = CARTESIAN_POINT('',(7.368383705182,-7.053149762567,12.));
#5988 = CARTESIAN_POINT('',(7.205905376772,-6.561111271964,12.));
#5989 = CARTESIAN_POINT('',(7.013549782422,-6.230427340985,12.));
#5990 = CARTESIAN_POINT('',(6.863349599653,-6.051606247189,12.));
#5991 = CARTESIAN_POINT('',(6.801180960614,-5.985232102449,12.));
#5992 = ORIENTED_EDGE('',*,*,#5993,.F.);
#5993 = EDGE_CURVE('',#5994,#5984,#5996,.T.);
#5994 = VERTEX_POINT('',#5995);
#5995 = CARTESIAN_POINT('',(6.801180960614,-5.985232102449,0.));
#5996 = LINE('',#5997,#5998);
#5997 = CARTESIAN_POINT('',(6.801180960614,-5.985232102449,0.));
#5998 = VECTOR('',#5999,1.);
#5999 = DIRECTION('',(0.,0.,1.));
#6000 = ORIENTED_EDGE('',*,*,#6001,.F.);
#6001 = EDGE_CURVE('',#5960,#5994,#6002,.T.);
#6002 = B_SPLINE_CURVE_WITH_KNOTS('',4,(#6003,#6004,#6005,#6006,#6007),
  .UNSPECIFIED.,.F.,.F.,(5,5),(0.,1.),.PIECEWISE_BEZIER_KNOTS.);
#6003 = CARTESIAN_POINT('',(7.368383705182,-7.053149762567,0.));
#6004 = CARTESIAN_POINT('',(7.205905376772,-6.561111271964,0.));
#6005 = CARTESIAN_POINT('',(7.013549782422,-6.230427340985,0.));
#6006 = CARTESIAN_POINT('',(6.863349599653,-6.051606247189,0.));
#6007 = CARTESIAN_POINT('',(6.801180960614,-5.985232102449,0.));
#6008 = SURFACE_OF_LINEAR_EXTRUSION('',#6009,#6015);
#6009 = B_SPLINE_CURVE_WITH_KNOTS('',4,(#6010,#6011,#6012,#6013,#6014),
  .UNSPECIFIED.,.F.,.F.,(5,5),(0.,1.),.PIECEWISE_BEZIER_KNOTS.);
#6010 = CARTESIAN_POINT('',(7.368383705182,-7.053149762567,0.));
#6011 = CARTESIAN_POINT('',(7.205905376772,-6.561111271964,0.));
#6012 = CARTESIAN_POINT('',(7.013549782422,-6.230427340985,0.));
#6013 = CARTESIAN_POINT('',(6.863349599653,-6.051606247189,0.));
#6014 = CARTESIAN_POINT('',(6.801180960614,-5.985232102449,0.));
#6015 = VECTOR('',#6016,1.);
#6016 = DIRECTION('',(-0.,-0.,-1.));
#6017 = ADVANCED_FACE('',(#6018),#6045,.F.);
#6018 = FACE_BOUND('',#6019,.F.);
#6019 = EDGE_LOOP('',(#6020,#6021,#6030,#6038));
#6020 = ORIENTED_EDGE('',*,*,#5993,.T.);
#6021 = ORIENTED_EDGE('',*,*,#6022,.T.);
#6022 = EDGE_CURVE('',#5984,#6023,#6025,.T.);
#6023 = VERTEX_POINT('',#6024);
#6024 = CARTESIAN_POINT('',(6.788252625623,-5.678215062035,12.));
#6025 = CIRCLE('',#6026,0.228);
#6026 = AXIS2_PLACEMENT_3D('',#6027,#6028,#6029);
#6027 = CARTESIAN_POINT('',(6.963023414572,-5.824636274058,12.));
#6028 = DIRECTION('',(0.,0.,-1.));
#6029 = DIRECTION('',(-0.709835324378,-0.704367668384,-0.));
#6030 = ORIENTED_EDGE('',*,*,#6031,.F.);
#6031 = EDGE_CURVE('',#6032,#6023,#6034,.T.);
#6032 = VERTEX_POINT('',#6033);
#6033 = CARTESIAN_POINT('',(6.788252625623,-5.678215062035,0.));
#6034 = LINE('',#6035,#6036);
#6035 = CARTESIAN_POINT('',(6.788252625623,-5.678215062035,0.));
#6036 = VECTOR('',#6037,1.);
#6037 = DIRECTION('',(0.,0.,1.));
#6038 = ORIENTED_EDGE('',*,*,#6039,.F.);
#6039 = EDGE_CURVE('',#5994,#6032,#6040,.T.);
#6040 = CIRCLE('',#6041,0.228);
#6041 = AXIS2_PLACEMENT_3D('',#6042,#6043,#6044);
#6042 = CARTESIAN_POINT('',(6.963023414572,-5.824636274058,0.));
#6043 = DIRECTION('',(0.,0.,-1.));
#6044 = DIRECTION('',(-0.709835324378,-0.704367668384,-0.));
#6045 = CYLINDRICAL_SURFACE('',#6046,0.228);
#6046 = AXIS2_PLACEMENT_3D('',#6047,#6048,#6049);
#6047 = CARTESIAN_POINT('',(6.963023414572,-5.824636274058,0.));
#6048 = DIRECTION('',(0.,0.,-1.));
#6049 = DIRECTION('',(-0.709835324378,-0.704367668384,-0.));
#6050 = ADVANCED_FACE('',(#6051),#6078,.T.);
#6051 = FACE_BOUND('',#6052,.F.);
#6052 = EDGE_LOOP('',(#6053,#6054,#6063,#6071));
#6053 = ORIENTED_EDGE('',*,*,#6031,.T.);
#6054 = ORIENTED_EDGE('',*,*,#6055,.T.);
#6055 = EDGE_CURVE('',#6023,#6056,#6058,.T.);
#6056 = VERTEX_POINT('',#6057);
#6057 = CARTESIAN_POINT('',(6.893432142467,-5.550053449941,12.));
#6058 = CIRCLE('',#6059,8.850000000034);
#6059 = AXIS2_PLACEMENT_3D('',#6060,#6061,#6062);
#6060 = CARTESIAN_POINT('',(-2.646194374734E-11,2.170086332853E-11,12.)
  );
#6061 = DIRECTION('',(-0.,0.,1.));
#6062 = DIRECTION('',(0.767034194986,-0.641606221699,0.));
#6063 = ORIENTED_EDGE('',*,*,#6064,.F.);
#6064 = EDGE_CURVE('',#6065,#6056,#6067,.T.);
#6065 = VERTEX_POINT('',#6066);
#6066 = CARTESIAN_POINT('',(6.893432142467,-5.550053449941,0.));
#6067 = LINE('',#6068,#6069);
#6068 = CARTESIAN_POINT('',(6.893432142467,-5.550053449941,0.));
#6069 = VECTOR('',#6070,1.);
#6070 = DIRECTION('',(0.,0.,1.));
#6071 = ORIENTED_EDGE('',*,*,#6072,.F.);
#6072 = EDGE_CURVE('',#6032,#6065,#6073,.T.);
#6073 = CIRCLE('',#6074,8.850000000034);
#6074 = AXIS2_PLACEMENT_3D('',#6075,#6076,#6077);
#6075 = CARTESIAN_POINT('',(-2.646194374734E-11,2.170086332853E-11,0.));
#6076 = DIRECTION('',(-0.,0.,1.));
#6077 = DIRECTION('',(0.767034194986,-0.641606221699,0.));
#6078 = CYLINDRICAL_SURFACE('',#6079,8.850000000034);
#6079 = AXIS2_PLACEMENT_3D('',#6080,#6081,#6082);
#6080 = CARTESIAN_POINT('',(-2.646194374734E-11,2.170086332853E-11,0.));
#6081 = DIRECTION('',(0.,0.,-1.));
#6082 = DIRECTION('',(0.767034194986,-0.641606221699,0.));
#6083 = ADVANCED_FACE('',(#6084),#6111,.F.);
#6084 = FACE_BOUND('',#6085,.F.);
#6085 = EDGE_LOOP('',(#6086,#6087,#6096,#6104));
#6086 = ORIENTED_EDGE('',*,*,#6064,.T.);
#6087 = ORIENTED_EDGE('',*,*,#6088,.T.);
#6088 = EDGE_CURVE('',#6056,#6089,#6091,.T.);
#6089 = VERTEX_POINT('',#6090);
#6090 = CARTESIAN_POINT('',(7.197060859861,-5.502830535178,12.));
#6091 = CIRCLE('',#6092,0.228);
#6092 = AXIS2_PLACEMENT_3D('',#6093,#6094,#6095);
#6093 = CARTESIAN_POINT('',(7.07113564232,-5.692901152548,12.));
#6094 = DIRECTION('',(0.,0.,-1.));
#6095 = DIRECTION('',(-0.779401315145,0.626525011432,0.));
#6096 = ORIENTED_EDGE('',*,*,#6097,.F.);
#6097 = EDGE_CURVE('',#6098,#6089,#6100,.T.);
#6098 = VERTEX_POINT('',#6099);
#6099 = CARTESIAN_POINT('',(7.197060859861,-5.502830535178,0.));
#6100 = LINE('',#6101,#6102);
#6101 = CARTESIAN_POINT('',(7.197060859861,-5.502830535178,0.));
#6102 = VECTOR('',#6103,1.);
#6103 = DIRECTION('',(0.,0.,1.));
#6104 = ORIENTED_EDGE('',*,*,#6105,.F.);
#6105 = EDGE_CURVE('',#6065,#6098,#6106,.T.);
#6106 = CIRCLE('',#6107,0.228);
#6107 = AXIS2_PLACEMENT_3D('',#6108,#6109,#6110);
#6108 = CARTESIAN_POINT('',(7.07113564232,-5.692901152548,0.));
#6109 = DIRECTION('',(0.,0.,-1.));
#6110 = DIRECTION('',(-0.779401315145,0.626525011432,0.));
#6111 = CYLINDRICAL_SURFACE('',#6112,0.228);
#6112 = AXIS2_PLACEMENT_3D('',#6113,#6114,#6115);
#6113 = CARTESIAN_POINT('',(7.07113564232,-5.692901152548,0.));
#6114 = DIRECTION('',(0.,0.,-1.));
#6115 = DIRECTION('',(-0.779401315145,0.626525011432,0.));
#6116 = ADVANCED_FACE('',(#6117),#6146,.F.);
#6117 = FACE_BOUND('',#6118,.F.);
#6118 = EDGE_LOOP('',(#6119,#6120,#6130,#6138));
#6119 = ORIENTED_EDGE('',*,*,#6097,.T.);
#6120 = ORIENTED_EDGE('',*,*,#6121,.T.);
#6121 = EDGE_CURVE('',#6089,#6122,#6124,.T.);
#6122 = VERTEX_POINT('',#6123);
#6123 = CARTESIAN_POINT('',(8.355262323463,-5.850546113637,12.));
#6124 = B_SPLINE_CURVE_WITH_KNOTS('',4,(#6125,#6126,#6127,#6128,#6129),
  .UNSPECIFIED.,.F.,.F.,(5,5),(0.,1.),.PIECEWISE_BEZIER_KNOTS.);
#6125 = CARTESIAN_POINT('',(7.197060859861,-5.502830535178,12.));
#6126 = CARTESIAN_POINT('',(7.274299413545,-5.550862450122,12.));
#6127 = CARTESIAN_POINT('',(7.478987112189,-5.663290313723,12.));
#6128 = CARTESIAN_POINT('',(7.840843759002,-5.787436614685,12.));
#6129 = CARTESIAN_POINT('',(8.355262323463,-5.850546113637,12.));
#6130 = ORIENTED_EDGE('',*,*,#6131,.F.);
#6131 = EDGE_CURVE('',#6132,#6122,#6134,.T.);
#6132 = VERTEX_POINT('',#6133);
#6133 = CARTESIAN_POINT('',(8.355262323463,-5.850546113637,0.));
#6134 = LINE('',#6135,#6136);
#6135 = CARTESIAN_POINT('',(8.355262323463,-5.850546113637,0.));
#6136 = VECTOR('',#6137,1.);
#6137 = DIRECTION('',(0.,0.,1.));
#6138 = ORIENTED_EDGE('',*,*,#6139,.F.);
#6139 = EDGE_CURVE('',#6098,#6132,#6140,.T.);
#6140 = B_SPLINE_CURVE_WITH_KNOTS('',4,(#6141,#6142,#6143,#6144,#6145),
  .UNSPECIFIED.,.F.,.F.,(5,5),(0.,1.),.PIECEWISE_BEZIER_KNOTS.);
#6141 = CARTESIAN_POINT('',(7.197060859861,-5.502830535178,0.));
#6142 = CARTESIAN_POINT('',(7.274299413545,-5.550862450122,0.));
#6143 = CARTESIAN_POINT('',(7.478987112189,-5.663290313723,0.));
#6144 = CARTESIAN_POINT('',(7.840843759002,-5.787436614685,0.));
#6145 = CARTESIAN_POINT('',(8.355262323463,-5.850546113637,0.));
#6146 = SURFACE_OF_LINEAR_EXTRUSION('',#6147,#6153);
#6147 = B_SPLINE_CURVE_WITH_KNOTS('',4,(#6148,#6149,#6150,#6151,#6152),
  .UNSPECIFIED.,.F.,.F.,(5,5),(0.,1.),.PIECEWISE_BEZIER_KNOTS.);
#6148 = CARTESIAN_POINT('',(7.197060859861,-5.502830535178,0.));
#6149 = CARTESIAN_POINT('',(7.274299413545,-5.550862450122,0.));
#6150 = CARTESIAN_POINT('',(7.478987112189,-5.663290313723,0.));
#6151 = CARTESIAN_POINT('',(7.840843759002,-5.787436614685,0.));
#6152 = CARTESIAN_POINT('',(8.355262323463,-5.850546113637,0.));
#6153 = VECTOR('',#6154,1.);
#6154 = DIRECTION('',(-0.,-0.,-1.));
#6155 = ADVANCED_FACE('',(#6156),#6183,.T.);
#6156 = FACE_BOUND('',#6157,.F.);
#6157 = EDGE_LOOP('',(#6158,#6159,#6168,#6176));
#6158 = ORIENTED_EDGE('',*,*,#6131,.T.);
#6159 = ORIENTED_EDGE('',*,*,#6160,.T.);
#6160 = EDGE_CURVE('',#6122,#6161,#6163,.T.);
#6161 = VERTEX_POINT('',#6162);
#6162 = CARTESIAN_POINT('',(8.602803536813,-5.480125117823,12.));
#6163 = CIRCLE('',#6164,10.200000000007);
#6164 = AXIS2_PLACEMENT_3D('',#6165,#6166,#6167);
#6165 = CARTESIAN_POINT('',(4.232150649282E-04,6.64314379804E-04,12.));
#6166 = DIRECTION('',(-0.,0.,1.));
#6167 = DIRECTION('',(0.819101873372,-0.573648081178,0.));
#6168 = ORIENTED_EDGE('',*,*,#6169,.F.);
#6169 = EDGE_CURVE('',#6170,#6161,#6172,.T.);
#6170 = VERTEX_POINT('',#6171);
#6171 = CARTESIAN_POINT('',(8.602803536813,-5.480125117823,0.));
#6172 = LINE('',#6173,#6174);
#6173 = CARTESIAN_POINT('',(8.602803536813,-5.480125117823,0.));
#6174 = VECTOR('',#6175,1.);
#6175 = DIRECTION('',(0.,0.,1.));
#6176 = ORIENTED_EDGE('',*,*,#6177,.F.);
#6177 = EDGE_CURVE('',#6132,#6170,#6178,.T.);
#6178 = CIRCLE('',#6179,10.200000000007);
#6179 = AXIS2_PLACEMENT_3D('',#6180,#6181,#6182);
#6180 = CARTESIAN_POINT('',(4.232150649282E-04,6.64314379804E-04,0.));
#6181 = DIRECTION('',(-0.,0.,1.));
#6182 = DIRECTION('',(0.819101873372,-0.573648081178,0.));
#6183 = CYLINDRICAL_SURFACE('',#6184,10.200000000007);
#6184 = AXIS2_PLACEMENT_3D('',#6185,#6186,#6187);
#6185 = CARTESIAN_POINT('',(4.232150649282E-04,6.64314379804E-04,0.));
#6186 = DIRECTION('',(0.,0.,-1.));
#6187 = DIRECTION('',(0.819101873372,-0.573648081178,0.));
#6188 = ADVANCED_FACE('',(#6189),#6218,.F.);
#6189 = FACE_BOUND('',#6190,.F.);
#6190 = EDGE_LOOP('',(#6191,#6192,#6202,#6210));
#6191 = ORIENTED_EDGE('',*,*,#6169,.T.);
#6192 = ORIENTED_EDGE('',*,*,#6193,.T.);
#6193 = EDGE_CURVE('',#6161,#6194,#6196,.T.);
#6194 = VERTEX_POINT('',#6195);
#6195 = CARTESIAN_POINT('',(7.838159033737,-4.543382962183,12.));
#6196 = B_SPLINE_CURVE_WITH_KNOTS('',4,(#6197,#6198,#6199,#6200,#6201),
  .UNSPECIFIED.,.F.,.F.,(5,5),(0.,1.),.PIECEWISE_BEZIER_KNOTS.);
#6197 = CARTESIAN_POINT('',(8.602803536813,-5.480125117823,12.));
#6198 = CARTESIAN_POINT('',(8.347455236347,-5.029238958258,12.));
#6199 = CARTESIAN_POINT('',(8.094282466225,-4.742435741132,12.));
#6200 = CARTESIAN_POINT('',(7.91208207308,-4.596353246534,12.));
#6201 = CARTESIAN_POINT('',(7.838159033737,-4.543382962183,12.));
#6202 = ORIENTED_EDGE('',*,*,#6203,.F.);
#6203 = EDGE_CURVE('',#6204,#6194,#6206,.T.);
#6204 = VERTEX_POINT('',#6205);
#6205 = CARTESIAN_POINT('',(7.838159033737,-4.543382962183,0.));
#6206 = LINE('',#6207,#6208);
#6207 = CARTESIAN_POINT('',(7.838159033737,-4.543382962183,0.));
#6208 = VECTOR('',#6209,1.);
#6209 = DIRECTION('',(0.,0.,1.));
#6210 = ORIENTED_EDGE('',*,*,#6211,.F.);
#6211 = EDGE_CURVE('',#6170,#6204,#6212,.T.);
#6212 = B_SPLINE_CURVE_WITH_KNOTS('',4,(#6213,#6214,#6215,#6216,#6217),
  .UNSPECIFIED.,.F.,.F.,(5,5),(0.,1.),.PIECEWISE_BEZIER_KNOTS.);
#6213 = CARTESIAN_POINT('',(8.602803536813,-5.480125117823,0.));
#6214 = CARTESIAN_POINT('',(8.347455236347,-5.029238958258,0.));
#6215 = CARTESIAN_POINT('',(8.094282466225,-4.742435741132,0.));
#6216 = CARTESIAN_POINT('',(7.91208207308,-4.596353246534,0.));
#6217 = CARTESIAN_POINT('',(7.838159033737,-4.543382962183,0.));
#6218 = SURFACE_OF_LINEAR_EXTRUSION('',#6219,#6225);
#6219 = B_SPLINE_CURVE_WITH_KNOTS('',4,(#6220,#6221,#6222,#6223,#6224),
  .UNSPECIFIED.,.F.,.F.,(5,5),(0.,1.),.PIECEWISE_BEZIER_KNOTS.);
#6220 = CARTESIAN_POINT('',(8.602803536813,-5.480125117823,0.));
#6221 = CARTESIAN_POINT('',(8.347455236347,-5.029238958258,0.));
#6222 = CARTESIAN_POINT('',(8.094282466225,-4.742435741132,0.));
#6223 = CARTESIAN_POINT('',(7.91208207308,-4.596353246534,0.));
#6224 = CARTESIAN_POINT('',(7.838159033737,-4.543382962183,0.));
#6225 = VECTOR('',#6226,1.);
#6226 = DIRECTION('',(-0.,-0.,-1.));
#6227 = ADVANCED_FACE('',(#6228),#6255,.F.);
#6228 = FACE_BOUND('',#6229,.F.);
#6229 = EDGE_LOOP('',(#6230,#6231,#6240,#6248));
#6230 = ORIENTED_EDGE('',*,*,#6203,.T.);
#6231 = ORIENTED_EDGE('',*,*,#6232,.T.);
#6232 = EDGE_CURVE('',#6194,#6233,#6235,.T.);
#6233 = VERTEX_POINT('',#6234);
#6234 = CARTESIAN_POINT('',(7.765583059799,-4.244787361148,12.));
#6235 = CIRCLE('',#6236,0.228);
#6236 = AXIS2_PLACEMENT_3D('',#6237,#6238,#6239);
#6237 = CARTESIAN_POINT('',(7.965561038448,-4.354299041144,12.));
#6238 = DIRECTION('',(0.,0.,-1.));
#6239 = DIRECTION('',(-0.558780722418,-0.829315443154,-0.));
#6240 = ORIENTED_EDGE('',*,*,#6241,.F.);
#6241 = EDGE_CURVE('',#6242,#6233,#6244,.T.);
#6242 = VERTEX_POINT('',#6243);
#6243 = CARTESIAN_POINT('',(7.765583059799,-4.244787361148,0.));
#6244 = LINE('',#6245,#6246);
#6245 = CARTESIAN_POINT('',(7.765583059799,-4.244787361148,0.));
#6246 = VECTOR('',#6247,1.);
#6247 = DIRECTION('',(0.,0.,1.));
#6248 = ORIENTED_EDGE('',*,*,#6249,.F.);
#6249 = EDGE_CURVE('',#6204,#6242,#6250,.T.);
#6250 = CIRCLE('',#6251,0.228);
#6251 = AXIS2_PLACEMENT_3D('',#6252,#6253,#6254);
#6252 = CARTESIAN_POINT('',(7.965561038448,-4.354299041144,0.));
#6253 = DIRECTION('',(0.,0.,-1.));
#6254 = DIRECTION('',(-0.558780722418,-0.829315443154,-0.));
#6255 = CYLINDRICAL_SURFACE('',#6256,0.228);
#6256 = AXIS2_PLACEMENT_3D('',#6257,#6258,#6259);
#6257 = CARTESIAN_POINT('',(7.965561038448,-4.354299041144,0.));
#6258 = DIRECTION('',(0.,0.,-1.));
#6259 = DIRECTION('',(-0.558780722418,-0.829315443154,-0.));
#6260 = ADVANCED_FACE('',(#6261),#6288,.T.);
#6261 = FACE_BOUND('',#6262,.F.);
#6262 = EDGE_LOOP('',(#6263,#6264,#6273,#6281));
#6263 = ORIENTED_EDGE('',*,*,#6241,.T.);
#6264 = ORIENTED_EDGE('',*,*,#6265,.T.);
#6265 = EDGE_CURVE('',#6233,#6266,#6268,.T.);
#6266 = VERTEX_POINT('',#6267);
#6267 = CARTESIAN_POINT('',(7.843738491546,-4.098568832683,12.));
#6268 = CIRCLE('',#6269,8.850000000012);
#6269 = AXIS2_PLACEMENT_3D('',#6270,#6271,#6272);
#6270 = CARTESIAN_POINT('',(-1.02837738325E-11,5.507150291351E-12,12.));
#6271 = DIRECTION('',(-0.,0.,1.));
#6272 = DIRECTION('',(0.877467012407,-0.47963698996,0.));
#6273 = ORIENTED_EDGE('',*,*,#6274,.F.);
#6274 = EDGE_CURVE('',#6275,#6266,#6277,.T.);
#6275 = VERTEX_POINT('',#6276);
#6276 = CARTESIAN_POINT('',(7.843738491546,-4.098568832683,0.));
#6277 = LINE('',#6278,#6279);
#6278 = CARTESIAN_POINT('',(7.843738491546,-4.098568832683,0.));
#6279 = VECTOR('',#6280,1.);
#6280 = DIRECTION('',(0.,0.,1.));
#6281 = ORIENTED_EDGE('',*,*,#6282,.F.);
#6282 = EDGE_CURVE('',#6242,#6275,#6283,.T.);
#6283 = CIRCLE('',#6284,8.850000000012);
#6284 = AXIS2_PLACEMENT_3D('',#6285,#6286,#6287);
#6285 = CARTESIAN_POINT('',(-1.02837738325E-11,5.507150291351E-12,0.));
#6286 = DIRECTION('',(-0.,0.,1.));
#6287 = DIRECTION('',(0.877467012407,-0.47963698996,0.));
#6288 = CYLINDRICAL_SURFACE('',#6289,8.850000000012);
#6289 = AXIS2_PLACEMENT_3D('',#6290,#6291,#6292);
#6290 = CARTESIAN_POINT('',(-1.02837738325E-11,5.507150291351E-12,0.));
#6291 = DIRECTION('',(0.,0.,-1.));
#6292 = DIRECTION('',(0.877467012407,-0.47963698996,0.));
#6293 = ADVANCED_FACE('',(#6294),#6321,.F.);
#6294 = FACE_BOUND('',#6295,.F.);
#6295 = EDGE_LOOP('',(#6296,#6297,#6306,#6314));
#6296 = ORIENTED_EDGE('',*,*,#6274,.T.);
#6297 = ORIENTED_EDGE('',*,*,#6298,.T.);
#6298 = EDGE_CURVE('',#6266,#6299,#6301,.T.);
#6299 = VERTEX_POINT('',#6300);
#6300 = CARTESIAN_POINT('',(8.132320334626,-3.993018268736,12.));
#6301 = CIRCLE('',#6302,0.228);
#6302 = AXIS2_PLACEMENT_3D('',#6303,#6304,#6305);
#6303 = CARTESIAN_POINT('',(8.045895672779,-4.204003523729,12.));
#6304 = DIRECTION('',(0.,0.,-1.));
#6305 = DIRECTION('',(-0.886654303653,0.462432855466,0.));
#6306 = ORIENTED_EDGE('',*,*,#6307,.F.);
#6307 = EDGE_CURVE('',#6308,#6299,#6310,.T.);
#6308 = VERTEX_POINT('',#6309);
#6309 = CARTESIAN_POINT('',(8.132320334626,-3.993018268736,0.));
#6310 = LINE('',#6311,#6312);
#6311 = CARTESIAN_POINT('',(8.132320334626,-3.993018268736,0.));
#6312 = VECTOR('',#6313,1.);
#6313 = DIRECTION('',(0.,0.,1.));
#6314 = ORIENTED_EDGE('',*,*,#6315,.F.);
#6315 = EDGE_CURVE('',#6275,#6308,#6316,.T.);
#6316 = CIRCLE('',#6317,0.228);
#6317 = AXIS2_PLACEMENT_3D('',#6318,#6319,#6320);
#6318 = CARTESIAN_POINT('',(8.045895672779,-4.204003523729,0.));
#6319 = DIRECTION('',(0.,0.,-1.));
#6320 = DIRECTION('',(-0.886654303653,0.462432855466,0.));
#6321 = CYLINDRICAL_SURFACE('',#6322,0.228);
#6322 = AXIS2_PLACEMENT_3D('',#6323,#6324,#6325);
#6323 = CARTESIAN_POINT('',(8.045895672779,-4.204003523729,0.));
#6324 = DIRECTION('',(0.,0.,-1.));
#6325 = DIRECTION('',(-0.886654303653,0.462432855466,0.));
#6326 = ADVANCED_FACE('',(#6327),#6356,.F.);
#6327 = FACE_BOUND('',#6328,.F.);
#6328 = EDGE_LOOP('',(#6329,#6330,#6340,#6348));
#6329 = ORIENTED_EDGE('',*,*,#6307,.T.);
#6330 = ORIENTED_EDGE('',*,*,#6331,.T.);
#6331 = EDGE_CURVE('',#6299,#6332,#6334,.T.);
#6332 = VERTEX_POINT('',#6333);
#6333 = CARTESIAN_POINT('',(9.33610322604,-4.108098693362,12.));
#6334 = B_SPLINE_CURVE_WITH_KNOTS('',4,(#6335,#6336,#6337,#6338,#6339),
  .UNSPECIFIED.,.F.,.F.,(5,5),(0.,1.),.PIECEWISE_BEZIER_KNOTS.);
#6335 = CARTESIAN_POINT('',(8.132320334626,-3.993018268736,12.));
#6336 = CARTESIAN_POINT('',(8.217445332912,-4.025058769593,12.));
#6337 = CARTESIAN_POINT('',(8.440133602936,-4.095393774279,12.));
#6338 = CARTESIAN_POINT('',(8.819257017577,-4.146559909128,12.));
#6339 = CARTESIAN_POINT('',(9.33610322604,-4.108098693362,12.));
#6340 = ORIENTED_EDGE('',*,*,#6341,.F.);
#6341 = EDGE_CURVE('',#6342,#6332,#6344,.T.);
#6342 = VERTEX_POINT('',#6343);
#6343 = CARTESIAN_POINT('',(9.33610322604,-4.108098693362,0.));
#6344 = LINE('',#6345,#6346);
#6345 = CARTESIAN_POINT('',(9.33610322604,-4.108098693362,0.));
#6346 = VECTOR('',#6347,1.);
#6347 = DIRECTION('',(0.,0.,1.));
#6348 = ORIENTED_EDGE('',*,*,#6349,.F.);
#6349 = EDGE_CURVE('',#6308,#6342,#6350,.T.);
#6350 = B_SPLINE_CURVE_WITH_KNOTS('',4,(#6351,#6352,#6353,#6354,#6355),
  .UNSPECIFIED.,.F.,.F.,(5,5),(0.,1.),.PIECEWISE_BEZIER_KNOTS.);
#6351 = CARTESIAN_POINT('',(8.132320334626,-3.993018268736,0.));
#6352 = CARTESIAN_POINT('',(8.217445332912,-4.025058769593,0.));
#6353 = CARTESIAN_POINT('',(8.440133602936,-4.095393774279,0.));
#6354 = CARTESIAN_POINT('',(8.819257017577,-4.146559909128,0.));
#6355 = CARTESIAN_POINT('',(9.33610322604,-4.108098693362,0.));
#6356 = SURFACE_OF_LINEAR_EXTRUSION('',#6357,#6363);
#6357 = B_SPLINE_CURVE_WITH_KNOTS('',4,(#6358,#6359,#6360,#6361,#6362),
  .UNSPECIFIED.,.F.,.F.,(5,5),(0.,1.),.PIECEWISE_BEZIER_KNOTS.);
#6358 = CARTESIAN_POINT('',(8.132320334626,-3.993018268736,0.));
#6359 = CARTESIAN_POINT('',(8.217445332912,-4.025058769593,0.));
#6360 = CARTESIAN_POINT('',(8.440133602936,-4.095393774279,0.));
#6361 = CARTESIAN_POINT('',(8.819257017577,-4.146559909128,0.));
#6362 = CARTESIAN_POINT('',(9.33610322604,-4.108098693362,0.));
#6363 = VECTOR('',#6364,1.);
#6364 = DIRECTION('',(-0.,-0.,-1.));
#6365 = ADVANCED_FACE('',(#6366),#6393,.T.);
#6366 = FACE_BOUND('',#6367,.F.);
#6367 = EDGE_LOOP('',(#6368,#6369,#6378,#6386));
#6368 = ORIENTED_EDGE('',*,*,#6341,.T.);
#6369 = ORIENTED_EDGE('',*,*,#6370,.T.);
#6370 = EDGE_CURVE('',#6332,#6371,#6373,.T.);
#6371 = VERTEX_POINT('',#6372);
#6372 = CARTESIAN_POINT('',(9.506622453032,-3.69650233809,12.));
#6373 = CIRCLE('',#6374,10.200000000005);
#6374 = AXIS2_PLACEMENT_3D('',#6375,#6376,#6377);
#6375 = CARTESIAN_POINT('',(2.85481802309E-04,7.341149275693E-04,12.));
#6376 = DIRECTION('',(-0.,0.,1.));
#6377 = DIRECTION('',(0.915276249435,-0.402826745911,0.));
#6378 = ORIENTED_EDGE('',*,*,#6379,.F.);
#6379 = EDGE_CURVE('',#6380,#6371,#6382,.T.);
#6380 = VERTEX_POINT('',#6381);
#6381 = CARTESIAN_POINT('',(9.506622453032,-3.69650233809,0.));
#6382 = LINE('',#6383,#6384);
#6383 = CARTESIAN_POINT('',(9.506622453032,-3.69650233809,0.));
#6384 = VECTOR('',#6385,1.);
#6385 = DIRECTION('',(0.,0.,1.));
#6386 = ORIENTED_EDGE('',*,*,#6387,.F.);
#6387 = EDGE_CURVE('',#6342,#6380,#6388,.T.);
#6388 = CIRCLE('',#6389,10.200000000005);
#6389 = AXIS2_PLACEMENT_3D('',#6390,#6391,#6392);
#6390 = CARTESIAN_POINT('',(2.85481802309E-04,7.341149275693E-04,0.));
#6391 = DIRECTION('',(-0.,0.,1.));
#6392 = DIRECTION('',(0.915276249435,-0.402826745911,0.));
#6393 = CYLINDRICAL_SURFACE('',#6394,10.200000000005);
#6394 = AXIS2_PLACEMENT_3D('',#6395,#6396,#6397);
#6395 = CARTESIAN_POINT('',(2.85481802309E-04,7.341149275693E-04,0.));
#6396 = DIRECTION('',(0.,0.,-1.));
#6397 = DIRECTION('',(0.915276249435,-0.402826745911,0.));
#6398 = ADVANCED_FACE('',(#6399),#6428,.F.);
#6399 = FACE_BOUND('',#6400,.F.);
#6400 = EDGE_LOOP('',(#6401,#6402,#6412,#6420));
#6401 = ORIENTED_EDGE('',*,*,#6379,.T.);
#6402 = ORIENTED_EDGE('',*,*,#6403,.T.);
#6403 = EDGE_CURVE('',#6371,#6404,#6406,.T.);
#6404 = VERTEX_POINT('',#6405);
#6405 = CARTESIAN_POINT('',(8.573921050883,-2.926934162638,12.));
#6406 = B_SPLINE_CURVE_WITH_KNOTS('',4,(#6407,#6408,#6409,#6410,#6411),
  .UNSPECIFIED.,.F.,.F.,(5,5),(0.,1.),.PIECEWISE_BEZIER_KNOTS.);
#6407 = CARTESIAN_POINT('',(9.506622453032,-3.69650233809,12.));
#6408 = CARTESIAN_POINT('',(9.168217072497,-3.304095811815,12.));
#6409 = CARTESIAN_POINT('',(8.863956414178,-3.072194995335,12.));
#6410 = CARTESIAN_POINT('',(8.656757669585,-2.964464968279,12.));
#6411 = CARTESIAN_POINT('',(8.573921050883,-2.926934162638,12.));
#6412 = ORIENTED_EDGE('',*,*,#6413,.F.);
#6413 = EDGE_CURVE('',#6414,#6404,#6416,.T.);
#6414 = VERTEX_POINT('',#6415);
#6415 = CARTESIAN_POINT('',(8.573921050883,-2.926934162638,0.));
#6416 = LINE('',#6417,#6418);
#6417 = CARTESIAN_POINT('',(8.573921050883,-2.926934162638,0.));
#6418 = VECTOR('',#6419,1.);
#6419 = DIRECTION('',(0.,0.,1.));
#6420 = ORIENTED_EDGE('',*,*,#6421,.F.);
#6421 = EDGE_CURVE('',#6380,#6414,#6422,.T.);
#6422 = B_SPLINE_CURVE_WITH_KNOTS('',4,(#6423,#6424,#6425,#6426,#6427),
  .UNSPECIFIED.,.F.,.F.,(5,5),(0.,1.),.PIECEWISE_BEZIER_KNOTS.);
#6423 = CARTESIAN_POINT('',(9.506622453032,-3.69650233809,0.));
#6424 = CARTESIAN_POINT('',(9.168217072497,-3.304095811815,0.));
#6425 = CARTESIAN_POINT('',(8.863956414178,-3.072194995335,0.));
#6426 = CARTESIAN_POINT('',(8.656757669585,-2.964464968279,0.));
#6427 = CARTESIAN_POINT('',(8.573921050883,-2.926934162638,0.));
#6428 = SURFACE_OF_LINEAR_EXTRUSION('',#6429,#6435);
#6429 = B_SPLINE_CURVE_WITH_KNOTS('',4,(#6430,#6431,#6432,#6433,#6434),
  .UNSPECIFIED.,.F.,.F.,(5,5),(0.,1.),.PIECEWISE_BEZIER_KNOTS.);
#6430 = CARTESIAN_POINT('',(9.506622453032,-3.69650233809,0.));
#6431 = CARTESIAN_POINT('',(9.168217072497,-3.304095811815,0.));
#6432 = CARTESIAN_POINT('',(8.863956414178,-3.072194995335,0.));
#6433 = CARTESIAN_POINT('',(8.656757669585,-2.964464968279,0.));
#6434 = CARTESIAN_POINT('',(8.573921050883,-2.926934162638,0.));
#6435 = VECTOR('',#6436,1.);
#6436 = DIRECTION('',(-0.,-0.,-1.));
#6437 = ADVANCED_FACE('',(#6438),#6465,.F.);
#6438 = FACE_BOUND('',#6439,.F.);
#6439 = EDGE_LOOP('',(#6440,#6441,#6450,#6458));
#6440 = ORIENTED_EDGE('',*,*,#6413,.T.);
#6441 = ORIENTED_EDGE('',*,*,#6442,.T.);
#6442 = EDGE_CURVE('',#6404,#6443,#6445,.T.);
#6443 = VERTEX_POINT('',#6444);
#6444 = CARTESIAN_POINT('',(8.444486491976,-2.648234862476,12.));
#6445 = CIRCLE('',#6446,0.228);
#6446 = AXIS2_PLACEMENT_3D('',#6447,#6448,#6449);
#6447 = CARTESIAN_POINT('',(8.661986618755,-2.716628537998,12.));
#6448 = DIRECTION('',(0.,0.,-1.));
#6449 = DIRECTION('',(-0.386252490663,-0.92239309053,-0.));
#6450 = ORIENTED_EDGE('',*,*,#6451,.F.);
#6451 = EDGE_CURVE('',#6452,#6443,#6454,.T.);
#6452 = VERTEX_POINT('',#6453);
#6453 = CARTESIAN_POINT('',(8.444486491976,-2.648234862476,0.));
#6454 = LINE('',#6455,#6456);
#6455 = CARTESIAN_POINT('',(8.444486491976,-2.648234862476,0.));
#6456 = VECTOR('',#6457,1.);
#6457 = DIRECTION('',(0.,0.,1.));
#6458 = ORIENTED_EDGE('',*,*,#6459,.F.);
#6459 = EDGE_CURVE('',#6414,#6452,#6460,.T.);
#6460 = CIRCLE('',#6461,0.228);
#6461 = AXIS2_PLACEMENT_3D('',#6462,#6463,#6464);
#6462 = CARTESIAN_POINT('',(8.661986618755,-2.716628537998,0.));
#6463 = DIRECTION('',(0.,0.,-1.));
#6464 = DIRECTION('',(-0.386252490663,-0.92239309053,-0.));
#6465 = CYLINDRICAL_SURFACE('',#6466,0.228);
#6466 = AXIS2_PLACEMENT_3D('',#6467,#6468,#6469);
#6467 = CARTESIAN_POINT('',(8.661986618755,-2.716628537998,0.));
#6468 = DIRECTION('',(0.,0.,-1.));
#6469 = DIRECTION('',(-0.386252490663,-0.92239309053,-0.));
#6470 = ADVANCED_FACE('',(#6471),#6498,.T.);
#6471 = FACE_BOUND('',#6472,.F.);
#6472 = EDGE_LOOP('',(#6473,#6474,#6483,#6491));
#6473 = ORIENTED_EDGE('',*,*,#6451,.T.);
#6474 = ORIENTED_EDGE('',*,*,#6475,.T.);
#6475 = EDGE_CURVE('',#6443,#6476,#6478,.T.);
#6476 = VERTEX_POINT('',#6477);
#6477 = CARTESIAN_POINT('',(8.492614369214,-2.489578513689,12.));
#6478 = CIRCLE('',#6479,8.849999999956);
#6479 = AXIS2_PLACEMENT_3D('',#6480,#6481,#6482);
#6480 = CARTESIAN_POINT('',(4.218314586524E-11,-1.291922124835E-11,12.)
  );
#6481 = DIRECTION('',(-0.,0.,1.));
#6482 = DIRECTION('',(0.95417926463,-0.299235577681,0.));
#6483 = ORIENTED_EDGE('',*,*,#6484,.F.);
#6484 = EDGE_CURVE('',#6485,#6476,#6487,.T.);
#6485 = VERTEX_POINT('',#6486);
#6486 = CARTESIAN_POINT('',(8.492614369214,-2.489578513689,0.));
#6487 = LINE('',#6488,#6489);
#6488 = CARTESIAN_POINT('',(8.492614369214,-2.489578513689,0.));
#6489 = VECTOR('',#6490,1.);
#6490 = DIRECTION('',(0.,0.,1.));
#6491 = ORIENTED_EDGE('',*,*,#6492,.F.);
#6492 = EDGE_CURVE('',#6452,#6485,#6493,.T.);
#6493 = CIRCLE('',#6494,8.849999999956);
#6494 = AXIS2_PLACEMENT_3D('',#6495,#6496,#6497);
#6495 = CARTESIAN_POINT('',(4.218314586524E-11,-1.291922124835E-11,0.));
#6496 = DIRECTION('',(-0.,0.,1.));
#6497 = DIRECTION('',(0.95417926463,-0.299235577681,0.));
#6498 = CYLINDRICAL_SURFACE('',#6499,8.849999999956);
#6499 = AXIS2_PLACEMENT_3D('',#6500,#6501,#6502);
#6500 = CARTESIAN_POINT('',(4.218314586524E-11,-1.291922124835E-11,0.));
#6501 = DIRECTION('',(0.,0.,-1.));
#6502 = DIRECTION('',(0.95417926463,-0.299235577681,0.));
#6503 = ADVANCED_FACE('',(#6504),#6531,.F.);
#6504 = FACE_BOUND('',#6505,.F.);
#6505 = EDGE_LOOP('',(#6506,#6507,#6516,#6524));
#6506 = ORIENTED_EDGE('',*,*,#6484,.T.);
#6507 = ORIENTED_EDGE('',*,*,#6508,.T.);
#6508 = EDGE_CURVE('',#6476,#6509,#6511,.T.);
#6509 = VERTEX_POINT('',#6510);
#6510 = CARTESIAN_POINT('',(8.755059299589,-2.329756549537,12.));
#6511 = CIRCLE('',#6512,0.228);
#6512 = AXIS2_PLACEMENT_3D('',#6513,#6514,#6515);
#6513 = CARTESIAN_POINT('',(8.711456444723,-2.553548397126,12.));
#6514 = DIRECTION('',(0.,0.,-1.));
#6515 = DIRECTION('',(-0.959833664512,0.280569664199,0.));
#6516 = ORIENTED_EDGE('',*,*,#6517,.F.);
#6517 = EDGE_CURVE('',#6518,#6509,#6520,.T.);
#6518 = VERTEX_POINT('',#6519);
#6519 = CARTESIAN_POINT('',(8.755059299589,-2.329756549537,0.));
#6520 = LINE('',#6521,#6522);
#6521 = CARTESIAN_POINT('',(8.755059299589,-2.329756549537,0.));
#6522 = VECTOR('',#6523,1.);
#6523 = DIRECTION('',(0.,0.,1.));
#6524 = ORIENTED_EDGE('',*,*,#6525,.F.);
#6525 = EDGE_CURVE('',#6485,#6518,#6526,.T.);
#6526 = CIRCLE('',#6527,0.228);
#6527 = AXIS2_PLACEMENT_3D('',#6528,#6529,#6530);
#6528 = CARTESIAN_POINT('',(8.711456444723,-2.553548397126,0.));
#6529 = DIRECTION('',(0.,0.,-1.));
#6530 = DIRECTION('',(-0.959833664512,0.280569664199,0.));
#6531 = CYLINDRICAL_SURFACE('',#6532,0.228);
#6532 = AXIS2_PLACEMENT_3D('',#6533,#6534,#6535);
#6533 = CARTESIAN_POINT('',(8.711456444723,-2.553548397126,0.));
#6534 = DIRECTION('',(0.,0.,-1.));
#6535 = DIRECTION('',(-0.959833664512,0.280569664199,0.));
#6536 = ADVANCED_FACE('',(#6537),#6566,.F.);
#6537 = FACE_BOUND('',#6538,.F.);
#6538 = EDGE_LOOP('',(#6539,#6540,#6550,#6558));
#6539 = ORIENTED_EDGE('',*,*,#6517,.T.);
#6540 = ORIENTED_EDGE('',*,*,#6541,.T.);
#6541 = EDGE_CURVE('',#6509,#6542,#6544,.T.);
#6542 = VERTEX_POINT('',#6543);
#6543 = CARTESIAN_POINT('',(9.958162917387,-2.207779344149,12.));
#6544 = B_SPLINE_CURVE_WITH_KNOTS('',4,(#6545,#6546,#6547,#6548,#6549),
  .UNSPECIFIED.,.F.,.F.,(5,5),(0.,1.),.PIECEWISE_BEZIER_KNOTS.);
#6545 = CARTESIAN_POINT('',(8.755059299589,-2.329756549537,12.));
#6546 = CARTESIAN_POINT('',(8.844799436532,-2.344574337826,12.));
#6547 = CARTESIAN_POINT('',(9.076930492603,-2.370113548812,12.));
#6548 = CARTESIAN_POINT('',(9.458751174864,-2.346333231681,12.));
#6549 = CARTESIAN_POINT('',(9.958162917387,-2.207779344149,12.));
#6550 = ORIENTED_EDGE('',*,*,#6551,.F.);
#6551 = EDGE_CURVE('',#6552,#6542,#6554,.T.);
#6552 = VERTEX_POINT('',#6553);
#6553 = CARTESIAN_POINT('',(9.958162917387,-2.207779344149,0.));
#6554 = LINE('',#6555,#6556);
#6555 = CARTESIAN_POINT('',(9.958162917387,-2.207779344149,0.));
#6556 = VECTOR('',#6557,1.);
#6557 = DIRECTION('',(0.,0.,1.));
#6558 = ORIENTED_EDGE('',*,*,#6559,.F.);
#6559 = EDGE_CURVE('',#6518,#6552,#6560,.T.);
#6560 = B_SPLINE_CURVE_WITH_KNOTS('',4,(#6561,#6562,#6563,#6564,#6565),
  .UNSPECIFIED.,.F.,.F.,(5,5),(0.,1.),.PIECEWISE_BEZIER_KNOTS.);
#6561 = CARTESIAN_POINT('',(8.755059299589,-2.329756549537,0.));
#6562 = CARTESIAN_POINT('',(8.844799436532,-2.344574337826,0.));
#6563 = CARTESIAN_POINT('',(9.076930492603,-2.370113548812,0.));
#6564 = CARTESIAN_POINT('',(9.458751174864,-2.346333231681,0.));
#6565 = CARTESIAN_POINT('',(9.958162917387,-2.207779344149,0.));
#6566 = SURFACE_OF_LINEAR_EXTRUSION('',#6567,#6573);
#6567 = B_SPLINE_CURVE_WITH_KNOTS('',4,(#6568,#6569,#6570,#6571,#6572),
  .UNSPECIFIED.,.F.,.F.,(5,5),(0.,1.),.PIECEWISE_BEZIER_KNOTS.);
#6568 = CARTESIAN_POINT('',(8.755059299589,-2.329756549537,0.));
#6569 = CARTESIAN_POINT('',(8.844799436532,-2.344574337826,0.));
#6570 = CARTESIAN_POINT('',(9.076930492603,-2.370113548812,0.));
#6571 = CARTESIAN_POINT('',(9.458751174864,-2.346333231681,0.));
#6572 = CARTESIAN_POINT('',(9.958162917387,-2.207779344149,0.));
#6573 = VECTOR('',#6574,1.);
#6574 = DIRECTION('',(-0.,-0.,-1.));
#6575 = ADVANCED_FACE('',(#6576),#6603,.T.);
#6576 = FACE_BOUND('',#6577,.F.);
#6577 = EDGE_LOOP('',(#6578,#6579,#6588,#6596));
#6578 = ORIENTED_EDGE('',*,*,#6551,.T.);
#6579 = ORIENTED_EDGE('',*,*,#6580,.T.);
#6580 = EDGE_CURVE('',#6542,#6581,#6583,.T.);
#6581 = VERTEX_POINT('',#6582);
#6582 = CARTESIAN_POINT('',(10.045107199756,-1.770825046527,12.));
#6583 = CIRCLE('',#6584,10.199999999999);
#6584 = AXIS2_PLACEMENT_3D('',#6585,#6586,#6587);
#6585 = CARTESIAN_POINT('',(1.367776370751E-04,7.757038508022E-04,12.));
#6586 = DIRECTION('',(-0.,0.,1.));
#6587 = DIRECTION('',(0.976277072525,-0.216525004706,0.));
#6588 = ORIENTED_EDGE('',*,*,#6589,.F.);
#6589 = EDGE_CURVE('',#6590,#6581,#6592,.T.);
#6590 = VERTEX_POINT('',#6591);
#6591 = CARTESIAN_POINT('',(10.045107199756,-1.770825046527,0.));
#6592 = LINE('',#6593,#6594);
#6593 = CARTESIAN_POINT('',(10.045107199756,-1.770825046527,0.));
#6594 = VECTOR('',#6595,1.);
#6595 = DIRECTION('',(0.,0.,1.));
#6596 = ORIENTED_EDGE('',*,*,#6597,.F.);
#6597 = EDGE_CURVE('',#6552,#6590,#6598,.T.);
#6598 = CIRCLE('',#6599,10.199999999999);
#6599 = AXIS2_PLACEMENT_3D('',#6600,#6601,#6602);
#6600 = CARTESIAN_POINT('',(1.367776370751E-04,7.757038508022E-04,0.));
#6601 = DIRECTION('',(-0.,0.,1.));
#6602 = DIRECTION('',(0.976277072525,-0.216525004706,0.));
#6603 = CYLINDRICAL_SURFACE('',#6604,10.199999999999);
#6604 = AXIS2_PLACEMENT_3D('',#6605,#6606,#6607);
#6605 = CARTESIAN_POINT('',(1.367776370751E-04,7.757038508022E-04,0.));
#6606 = DIRECTION('',(0.,0.,-1.));
#6607 = DIRECTION('',(0.976277072525,-0.216525004706,0.));
#6608 = ADVANCED_FACE('',(#6609),#6638,.F.);
#6609 = FACE_BOUND('',#6610,.F.);
#6610 = EDGE_LOOP('',(#6611,#6612,#6622,#6630));
#6611 = ORIENTED_EDGE('',*,*,#6589,.T.);
#6612 = ORIENTED_EDGE('',*,*,#6613,.T.);
#6613 = EDGE_CURVE('',#6581,#6614,#6616,.T.);
#6614 = VERTEX_POINT('',#6615);
#6615 = CARTESIAN_POINT('',(8.980192090355,-1.198004924667,12.));
#6616 = B_SPLINE_CURVE_WITH_KNOTS('',4,(#6617,#6618,#6619,#6620,#6621),
  .UNSPECIFIED.,.F.,.F.,(5,5),(0.,1.),.PIECEWISE_BEZIER_KNOTS.);
#6617 = CARTESIAN_POINT('',(10.045107199756,-1.770825046527,12.));
#6618 = CARTESIAN_POINT('',(9.636649468146,-1.451978116283,12.));
#6619 = CARTESIAN_POINT('',(9.292993488098,-1.283891518774,12.));
#6620 = CARTESIAN_POINT('',(9.068758923614,-1.218653963784,12.));
#6621 = CARTESIAN_POINT('',(8.980192090355,-1.198004924667,12.));
#6622 = ORIENTED_EDGE('',*,*,#6623,.F.);
#6623 = EDGE_CURVE('',#6624,#6614,#6626,.T.);
#6624 = VERTEX_POINT('',#6625);
#6625 = CARTESIAN_POINT('',(8.980192090355,-1.198004924667,0.));
#6626 = LINE('',#6627,#6628);
#6627 = CARTESIAN_POINT('',(8.980192090355,-1.198004924667,0.));
#6628 = VECTOR('',#6629,1.);
#6629 = DIRECTION('',(0.,0.,1.));
#6630 = ORIENTED_EDGE('',*,*,#6631,.F.);
#6631 = EDGE_CURVE('',#6590,#6624,#6632,.T.);
#6632 = B_SPLINE_CURVE_WITH_KNOTS('',4,(#6633,#6634,#6635,#6636,#6637),
  .UNSPECIFIED.,.F.,.F.,(5,5),(0.,1.),.PIECEWISE_BEZIER_KNOTS.);
#6633 = CARTESIAN_POINT('',(10.045107199756,-1.770825046527,0.));
#6634 = CARTESIAN_POINT('',(9.636649468146,-1.451978116283,0.));
#6635 = CARTESIAN_POINT('',(9.292993488098,-1.283891518774,0.));
#6636 = CARTESIAN_POINT('',(9.068758923614,-1.218653963784,0.));
#6637 = CARTESIAN_POINT('',(8.980192090355,-1.198004924667,0.));
#6638 = SURFACE_OF_LINEAR_EXTRUSION('',#6639,#6645);
#6639 = B_SPLINE_CURVE_WITH_KNOTS('',4,(#6640,#6641,#6642,#6643,#6644),
  .UNSPECIFIED.,.F.,.F.,(5,5),(0.,1.),.PIECEWISE_BEZIER_KNOTS.);
#6640 = CARTESIAN_POINT('',(10.045107199756,-1.770825046527,0.));
#6641 = CARTESIAN_POINT('',(9.636649468146,-1.451978116283,0.));
#6642 = CARTESIAN_POINT('',(9.292993488098,-1.283891518774,0.));
#6643 = CARTESIAN_POINT('',(9.068758923614,-1.218653963784,0.));
#6644 = CARTESIAN_POINT('',(8.980192090355,-1.198004924667,0.));
#6645 = VECTOR('',#6646,1.);
#6646 = DIRECTION('',(-0.,-0.,-1.));
#6647 = ADVANCED_FACE('',(#6648),#6675,.F.);
#6648 = FACE_BOUND('',#6649,.F.);
#6649 = EDGE_LOOP('',(#6650,#6651,#6660,#6668));
#6650 = ORIENTED_EDGE('',*,*,#6623,.T.);
#6651 = ORIENTED_EDGE('',*,*,#6652,.T.);
#6652 = EDGE_CURVE('',#6614,#6653,#6655,.T.);
#6653 = VERTEX_POINT('',#6654);
#6654 = CARTESIAN_POINT('',(8.798873043989,-0.949912183187,12.));
#6655 = CIRCLE('',#6656,0.228);
#6656 = AXIS2_PLACEMENT_3D('',#6657,#6658,#6659);
#6657 = CARTESIAN_POINT('',(9.025536911,-0.974559523639,12.));
#6658 = DIRECTION('',(0.,0.,-1.));
#6659 = DIRECTION('',(-0.198880792304,-0.98002368872,-0.));
#6660 = ORIENTED_EDGE('',*,*,#6661,.F.);
#6661 = EDGE_CURVE('',#6662,#6653,#6664,.T.);
#6662 = VERTEX_POINT('',#6663);
#6663 = CARTESIAN_POINT('',(8.798873043989,-0.949912183187,0.));
#6664 = LINE('',#6665,#6666);
#6665 = CARTESIAN_POINT('',(8.798873043989,-0.949912183187,0.));
#6666 = VECTOR('',#6667,1.);
#6667 = DIRECTION('',(0.,0.,1.));
#6668 = ORIENTED_EDGE('',*,*,#6669,.F.);
#6669 = EDGE_CURVE('',#6624,#6662,#6670,.T.);
#6670 = CIRCLE('',#6671,0.228);
#6671 = AXIS2_PLACEMENT_3D('',#6672,#6673,#6674);
#6672 = CARTESIAN_POINT('',(9.025536911,-0.974559523639,0.));
#6673 = DIRECTION('',(0.,0.,-1.));
#6674 = DIRECTION('',(-0.198880792304,-0.98002368872,-0.));
#6675 = CYLINDRICAL_SURFACE('',#6676,0.228);
#6676 = AXIS2_PLACEMENT_3D('',#6677,#6678,#6679);
#6677 = CARTESIAN_POINT('',(9.025536911,-0.974559523639,0.));
#6678 = DIRECTION('',(0.,0.,-1.));
#6679 = DIRECTION('',(-0.198880792304,-0.98002368872,-0.));
#6680 = ADVANCED_FACE('',(#6681),#6708,.T.);
#6681 = FACE_BOUND('',#6682,.F.);
#6682 = EDGE_LOOP('',(#6683,#6684,#6693,#6701));
#6683 = ORIENTED_EDGE('',*,*,#6661,.T.);
#6684 = ORIENTED_EDGE('',*,*,#6685,.T.);
#6685 = EDGE_CURVE('',#6653,#6686,#6688,.T.);
#6686 = VERTEX_POINT('',#6687);
#6687 = CARTESIAN_POINT('',(8.815123839386,-0.784915088586,12.));
#6688 = CIRCLE('',#6689,8.850000000021);
#6689 = AXIS2_PLACEMENT_3D('',#6690,#6691,#6692);
#6690 = CARTESIAN_POINT('',(-2.046096625463E-11,1.935673843434E-12,12.)
  );
#6691 = DIRECTION('',(-0.,0.,1.));
#6692 = DIRECTION('',(0.994222942824,-0.107334709965,0.));
#6693 = ORIENTED_EDGE('',*,*,#6694,.F.);
#6694 = EDGE_CURVE('',#6695,#6686,#6697,.T.);
#6695 = VERTEX_POINT('',#6696);
#6696 = CARTESIAN_POINT('',(8.815123839386,-0.784915088586,0.));
#6697 = LINE('',#6698,#6699);
#6698 = CARTESIAN_POINT('',(8.815123839386,-0.784915088586,0.));
#6699 = VECTOR('',#6700,1.);
#6700 = DIRECTION('',(0.,0.,1.));
#6701 = ORIENTED_EDGE('',*,*,#6702,.F.);
#6702 = EDGE_CURVE('',#6662,#6695,#6703,.T.);
#6703 = CIRCLE('',#6704,8.850000000021);
#6704 = AXIS2_PLACEMENT_3D('',#6705,#6706,#6707);
#6705 = CARTESIAN_POINT('',(-2.046096625463E-11,1.935673843434E-12,0.));
#6706 = DIRECTION('',(-0.,0.,1.));
#6707 = DIRECTION('',(0.994222942824,-0.107334709965,0.));
#6708 = CYLINDRICAL_SURFACE('',#6709,8.850000000021);
#6709 = AXIS2_PLACEMENT_3D('',#6710,#6711,#6712);
#6710 = CARTESIAN_POINT('',(-2.046096625463E-11,1.935673843434E-12,0.));
#6711 = DIRECTION('',(0.,0.,-1.));
#6712 = DIRECTION('',(0.994222942824,-0.107334709965,0.));
#6713 = ADVANCED_FACE('',(#6714),#6732,.F.);
#6714 = FACE_BOUND('',#6715,.F.);
#6715 = EDGE_LOOP('',(#6716,#6717,#6724,#6725));
#6716 = ORIENTED_EDGE('',*,*,#6694,.T.);
#6717 = ORIENTED_EDGE('',*,*,#6718,.T.);
#6718 = EDGE_CURVE('',#6686,#24,#6719,.T.);
#6719 = CIRCLE('',#6720,0.228);
#6720 = AXIS2_PLACEMENT_3D('',#6721,#6722,#6723);
#6721 = CARTESIAN_POINT('',(9.042240830937,-0.804961837668,12.));
#6722 = DIRECTION('',(0.,0.,-1.));
#6723 = DIRECTION('',(-0.996127155926,8.792433808282E-02,0.));
#6724 = ORIENTED_EDGE('',*,*,#21,.F.);
#6725 = ORIENTED_EDGE('',*,*,#6726,.F.);
#6726 = EDGE_CURVE('',#6695,#22,#6727,.T.);
#6727 = CIRCLE('',#6728,0.228);
#6728 = AXIS2_PLACEMENT_3D('',#6729,#6730,#6731);
#6729 = CARTESIAN_POINT('',(9.042240830937,-0.804961837668,0.));
#6730 = DIRECTION('',(0.,0.,-1.));
#6731 = DIRECTION('',(-0.996127155926,8.792433808282E-02,0.));
#6732 = CYLINDRICAL_SURFACE('',#6733,0.228);
#6733 = AXIS2_PLACEMENT_3D('',#6734,#6735,#6736);
#6734 = CARTESIAN_POINT('',(9.042240830937,-0.804961837668,0.));
#6735 = DIRECTION('',(0.,0.,-1.));
#6736 = DIRECTION('',(-0.996127155926,8.792433808282E-02,0.));
#6737 = ADVANCED_FACE('',(#6738),#6932,.F.);
#6738 = FACE_BOUND('',#6739,.F.);
#6739 = EDGE_LOOP('',(#6740,#6741,#6742,#6743,#6744,#6745,#6746,#6747,
    #6748,#6749,#6750,#6751,#6752,#6753,#6754,#6755,#6756,#6757,#6758,
    #6759,#6760,#6761,#6762,#6763,#6764,#6765,#6766,#6767,#6768,#6769,
    #6770,#6771,#6772,#6773,#6774,#6775,#6776,#6777,#6778,#6779,#6780,
    #6781,#6782,#6783,#6784,#6785,#6786,#6787,#6788,#6789,#6790,#6791,
    #6792,#6793,#6794,#6795,#6796,#6797,#6798,#6799,#6800,#6801,#6802,
    #6803,#6804,#6805,#6806,#6807,#6808,#6809,#6810,#6811,#6812,#6813,
    #6814,#6815,#6816,#6817,#6818,#6819,#6820,#6821,#6822,#6823,#6824,
    #6825,#6826,#6827,#6828,#6829,#6830,#6831,#6832,#6833,#6834,#6835,
    #6836,#6837,#6838,#6839,#6840,#6841,#6842,#6843,#6844,#6845,#6846,
    #6847,#6848,#6849,#6850,#6851,#6852,#6853,#6854,#6855,#6856,#6857,
    #6858,#6859,#6860,#6861,#6862,#6863,#6864,#6865,#6866,#6867,#6868,
    #6869,#6870,#6871,#6872,#6873,#6874,#6875,#6876,#6877,#6878,#6879,
    #6880,#6881,#6882,#6883,#6884,#6885,#6886,#6887,#6888,#6889,#6890,
    #6891,#6892,#6893,#6894,#6895,#6896,#6897,#6898,#6899,#6900,#6901,
    #6902,#6903,#6904,#6905,#6906,#6907,#6908,#6909,#6910,#6911,#6912,
    #6913,#6914,#6915,#6916,#6917,#6918,#6919,#6920,#6921,#6922,#6923,
    #6924,#6925,#6926,#6927,#6928,#6929,#6930,#6931));
#6740 = ORIENTED_EDGE('',*,*,#49,.T.);
#6741 = ORIENTED_EDGE('',*,*,#87,.T.);
#6742 = ORIENTED_EDGE('',*,*,#121,.T.);
#6743 = ORIENTED_EDGE('',*,*,#159,.T.);
#6744 = ORIENTED_EDGE('',*,*,#192,.T.);
#6745 = ORIENTED_EDGE('',*,*,#225,.T.);
#6746 = ORIENTED_EDGE('',*,*,#259,.T.);
#6747 = ORIENTED_EDGE('',*,*,#297,.T.);
#6748 = ORIENTED_EDGE('',*,*,#331,.T.);
#6749 = ORIENTED_EDGE('',*,*,#369,.T.);
#6750 = ORIENTED_EDGE('',*,*,#402,.T.);
#6751 = ORIENTED_EDGE('',*,*,#435,.T.);
#6752 = ORIENTED_EDGE('',*,*,#469,.T.);
#6753 = ORIENTED_EDGE('',*,*,#507,.T.);
#6754 = ORIENTED_EDGE('',*,*,#541,.T.);
#6755 = ORIENTED_EDGE('',*,*,#579,.T.);
#6756 = ORIENTED_EDGE('',*,*,#612,.T.);
#6757 = ORIENTED_EDGE('',*,*,#645,.T.);
#6758 = ORIENTED_EDGE('',*,*,#679,.T.);
#6759 = ORIENTED_EDGE('',*,*,#717,.T.);
#6760 = ORIENTED_EDGE('',*,*,#751,.T.);
#6761 = ORIENTED_EDGE('',*,*,#789,.T.);
#6762 = ORIENTED_EDGE('',*,*,#822,.T.);
#6763 = ORIENTED_EDGE('',*,*,#855,.T.);
#6764 = ORIENTED_EDGE('',*,*,#889,.T.);
#6765 = ORIENTED_EDGE('',*,*,#927,.T.);
#6766 = ORIENTED_EDGE('',*,*,#961,.T.);
#6767 = ORIENTED_EDGE('',*,*,#999,.T.);
#6768 = ORIENTED_EDGE('',*,*,#1032,.T.);
#6769 = ORIENTED_EDGE('',*,*,#1065,.T.);
#6770 = ORIENTED_EDGE('',*,*,#1099,.T.);
#6771 = ORIENTED_EDGE('',*,*,#1137,.T.);
#6772 = ORIENTED_EDGE('',*,*,#1171,.T.);
#6773 = ORIENTED_EDGE('',*,*,#1209,.T.);
#6774 = ORIENTED_EDGE('',*,*,#1242,.T.);
#6775 = ORIENTED_EDGE('',*,*,#1275,.T.);
#6776 = ORIENTED_EDGE('',*,*,#1309,.T.);
#6777 = ORIENTED_EDGE('',*,*,#1347,.T.);
#6778 = ORIENTED_EDGE('',*,*,#1381,.T.);
#6779 = ORIENTED_EDGE('',*,*,#1419,.T.);
#6780 = ORIENTED_EDGE('',*,*,#1452,.T.);
#6781 = ORIENTED_EDGE('',*,*,#1485,.T.);
#6782 = ORIENTED_EDGE('',*,*,#1519,.T.);
#6783 = ORIENTED_EDGE('',*,*,#1557,.T.);
#6784 = ORIENTED_EDGE('',*,*,#1591,.T.);
#6785 = ORIENTED_EDGE('',*,*,#1629,.T.);
#6786 = ORIENTED_EDGE('',*,*,#1662,.T.);
#6787 = ORIENTED_EDGE('',*,*,#1695,.T.);
#6788 = ORIENTED_EDGE('',*,*,#1729,.T.);
#6789 = ORIENTED_EDGE('',*,*,#1767,.T.);
#6790 = ORIENTED_EDGE('',*,*,#1801,.T.);
#6791 = ORIENTED_EDGE('',*,*,#1839,.T.);
#6792 = ORIENTED_EDGE('',*,*,#1872,.T.);
#6793 = ORIENTED_EDGE('',*,*,#1905,.T.);
#6794 = ORIENTED_EDGE('',*,*,#1939,.T.);
#6795 = ORIENTED_EDGE('',*,*,#1977,.T.);
#6796 = ORIENTED_EDGE('',*,*,#2011,.T.);
#6797 = ORIENTED_EDGE('',*,*,#2049,.T.);
#6798 = ORIENTED_EDGE('',*,*,#2082,.T.);
#6799 = ORIENTED_EDGE('',*,*,#2115,.T.);
#6800 = ORIENTED_EDGE('',*,*,#2149,.T.);
#6801 = ORIENTED_EDGE('',*,*,#2187,.T.);
#6802 = ORIENTED_EDGE('',*,*,#2221,.T.);
#6803 = ORIENTED_EDGE('',*,*,#2259,.T.);
#6804 = ORIENTED_EDGE('',*,*,#2292,.T.);
#6805 = ORIENTED_EDGE('',*,*,#2325,.T.);
#6806 = ORIENTED_EDGE('',*,*,#2359,.T.);
#6807 = ORIENTED_EDGE('',*,*,#2397,.T.);
#6808 = ORIENTED_EDGE('',*,*,#2431,.T.);
#6809 = ORIENTED_EDGE('',*,*,#2469,.T.);
#6810 = ORIENTED_EDGE('',*,*,#2502,.T.);
#6811 = ORIENTED_EDGE('',*,*,#2535,.T.);
#6812 = ORIENTED_EDGE('',*,*,#2569,.T.);
#6813 = ORIENTED_EDGE('',*,*,#2607,.T.);
#6814 = ORIENTED_EDGE('',*,*,#2641,.T.);
#6815 = ORIENTED_EDGE('',*,*,#2679,.T.);
#6816 = ORIENTED_EDGE('',*,*,#2712,.T.);
#6817 = ORIENTED_EDGE('',*,*,#2745,.T.);
#6818 = ORIENTED_EDGE('',*,*,#2779,.T.);
#6819 = ORIENTED_EDGE('',*,*,#2817,.T.);
#6820 = ORIENTED_EDGE('',*,*,#2851,.T.);
#6821 = ORIENTED_EDGE('',*,*,#2889,.T.);
#6822 = ORIENTED_EDGE('',*,*,#2922,.T.);
#6823 = ORIENTED_EDGE('',*,*,#2955,.T.);
#6824 = ORIENTED_EDGE('',*,*,#2989,.T.);
#6825 = ORIENTED_EDGE('',*,*,#3027,.T.);
#6826 = ORIENTED_EDGE('',*,*,#3061,.T.);
#6827 = ORIENTED_EDGE('',*,*,#3099,.T.);
#6828 = ORIENTED_EDGE('',*,*,#3132,.T.);
#6829 = ORIENTED_EDGE('',*,*,#3165,.T.);
#6830 = ORIENTED_EDGE('',*,*,#3199,.T.);
#6831 = ORIENTED_EDGE('',*,*,#3237,.T.);
#6832 = ORIENTED_EDGE('',*,*,#3271,.T.);
#6833 = ORIENTED_EDGE('',*,*,#3309,.T.);
#6834 = ORIENTED_EDGE('',*,*,#3342,.T.);
#6835 = ORIENTED_EDGE('',*,*,#3375,.T.);
#6836 = ORIENTED_EDGE('',*,*,#3409,.T.);
#6837 = ORIENTED_EDGE('',*,*,#3447,.T.);
#6838 = ORIENTED_EDGE('',*,*,#3481,.T.);
#6839 = ORIENTED_EDGE('',*,*,#3519,.T.);
#6840 = ORIENTED_EDGE('',*,*,#3552,.T.);
#6841 = ORIENTED_EDGE('',*,*,#3585,.T.);
#6842 = ORIENTED_EDGE('',*,*,#3619,.T.);
#6843 = ORIENTED_EDGE('',*,*,#3657,.T.);
#6844 = ORIENTED_EDGE('',*,*,#3691,.T.);
#6845 = ORIENTED_EDGE('',*,*,#3729,.T.);
#6846 = ORIENTED_EDGE('',*,*,#3762,.T.);
#6847 = ORIENTED_EDGE('',*,*,#3795,.T.);
#6848 = ORIENTED_EDGE('',*,*,#3829,.T.);
#6849 = ORIENTED_EDGE('',*,*,#3867,.T.);
#6850 = ORIENTED_EDGE('',*,*,#3901,.T.);
#6851 = ORIENTED_EDGE('',*,*,#3939,.T.);
#6852 = ORIENTED_EDGE('',*,*,#3972,.T.);
#6853 = ORIENTED_EDGE('',*,*,#4005,.T.);
#6854 = ORIENTED_EDGE('',*,*,#4039,.T.);
#6855 = ORIENTED_EDGE('',*,*,#4077,.T.);
#6856 = ORIENTED_EDGE('',*,*,#4111,.T.);
#6857 = ORIENTED_EDGE('',*,*,#4149,.T.);
#6858 = ORIENTED_EDGE('',*,*,#4182,.T.);
#6859 = ORIENTED_EDGE('',*,*,#4215,.T.);
#6860 = ORIENTED_EDGE('',*,*,#4249,.T.);
#6861 = ORIENTED_EDGE('',*,*,#4287,.T.);
#6862 = ORIENTED_EDGE('',*,*,#4321,.T.);
#6863 = ORIENTED_EDGE('',*,*,#4359,.T.);
#6864 = ORIENTED_EDGE('',*,*,#4392,.T.);
#6865 = ORIENTED_EDGE('',*,*,#4425,.T.);
#6866 = ORIENTED_EDGE('',*,*,#4459,.T.);
#6867 = ORIENTED_EDGE('',*,*,#4497,.T.);
#6868 = ORIENTED_EDGE('',*,*,#4531,.T.);
#6869 = ORIENTED_EDGE('',*,*,#4569,.T.);
#6870 = ORIENTED_EDGE('',*,*,#4602,.T.);
#6871 = ORIENTED_EDGE('',*,*,#4635,.T.);
#6872 = ORIENTED_EDGE('',*,*,#4669,.T.);
#6873 = ORIENTED_EDGE('',*,*,#4707,.T.);
#6874 = ORIENTED_EDGE('',*,*,#4741,.T.);
#6875 = ORIENTED_EDGE('',*,*,#4779,.T.);
#6876 = ORIENTED_EDGE('',*,*,#4812,.T.);
#6877 = ORIENTED_EDGE('',*,*,#4845,.T.);
#6878 = ORIENTED_EDGE('',*,*,#4879,.T.);
#6879 = ORIENTED_EDGE('',*,*,#4917,.T.);
#6880 = ORIENTED_EDGE('',*,*,#4951,.T.);
#6881 = ORIENTED_EDGE('',*,*,#4989,.T.);
#6882 = ORIENTED_EDGE('',*,*,#5022,.T.);
#6883 = ORIENTED_EDGE('',*,*,#5055,.T.);
#6884 = ORIENTED_EDGE('',*,*,#5089,.T.);
#6885 = ORIENTED_EDGE('',*,*,#5127,.T.);
#6886 = ORIENTED_EDGE('',*,*,#5161,.T.);
#6887 = ORIENTED_EDGE('',*,*,#5199,.T.);
#6888 = ORIENTED_EDGE('',*,*,#5232,.T.);
#6889 = ORIENTED_EDGE('',*,*,#5265,.T.);
#6890 = ORIENTED_EDGE('',*,*,#5299,.T.);
#6891 = ORIENTED_EDGE('',*,*,#5337,.T.);
#6892 = ORIENTED_EDGE('',*,*,#5371,.T.);
#6893 = ORIENTED_EDGE('',*,*,#5409,.T.);
#6894 = ORIENTED_EDGE('',*,*,#5442,.T.);
#6895 = ORIENTED_EDGE('',*,*,#5475,.T.);
#6896 = ORIENTED_EDGE('',*,*,#5509,.T.);
#6897 = ORIENTED_EDGE('',*,*,#5547,.T.);
#6898 = ORIENTED_EDGE('',*,*,#5581,.T.);
#6899 = ORIENTED_EDGE('',*,*,#5619,.T.);
#6900 = ORIENTED_EDGE('',*,*,#5652,.T.);
#6901 = ORIENTED_EDGE('',*,*,#5685,.T.);
#6902 = ORIENTED_EDGE('',*,*,#5719,.T.);
#6903 = ORIENTED_EDGE('',*,*,#5757,.T.);
#6904 = ORIENTED_EDGE('',*,*,#5791,.T.);
#6905 = ORIENTED_EDGE('',*,*,#5829,.T.);
#6906 = ORIENTED_EDGE('',*,*,#5862,.T.);
#6907 = ORIENTED_EDGE('',*,*,#5895,.T.);
#6908 = ORIENTED_EDGE('',*,*,#5929,.T.);
#6909 = ORIENTED_EDGE('',*,*,#5967,.T.);
#6910 = ORIENTED_EDGE('',*,*,#6001,.T.);
#6911 = ORIENTED_EDGE('',*,*,#6039,.T.);
#6912 = ORIENTED_EDGE('',*,*,#6072,.T.);
#6913 = ORIENTED_EDGE('',*,*,#6105,.T.);
#6914 = ORIENTED_EDGE('',*,*,#6139,.T.);
#6915 = ORIENTED_EDGE('',*,*,#6177,.T.);
#6916 = ORIENTED_EDGE('',*,*,#6211,.T.);
#6917 = ORIENTED_EDGE('',*,*,#6249,.T.);
#6918 = ORIENTED_EDGE('',*,*,#6282,.T.);
#6919 = ORIENTED_EDGE('',*,*,#6315,.T.);
#6920 = ORIENTED_EDGE('',*,*,#6349,.T.);
#6921 = ORIENTED_EDGE('',*,*,#6387,.T.);
#6922 = ORIENTED_EDGE('',*,*,#6421,.T.);
#6923 = ORIENTED_EDGE('',*,*,#6459,.T.);
#6924 = ORIENTED_EDGE('',*,*,#6492,.T.);
#6925 = ORIENTED_EDGE('',*,*,#6525,.T.);
#6926 = ORIENTED_EDGE('',*,*,#6559,.T.);
#6927 = ORIENTED_EDGE('',*,*,#6597,.T.);
#6928 = ORIENTED_EDGE('',*,*,#6631,.T.);
#6929 = ORIENTED_EDGE('',*,*,#6669,.T.);
#6930 = ORIENTED_EDGE('',*,*,#6702,.T.);
#6931 = ORIENTED_EDGE('',*,*,#6726,.T.);
#6932 = PLANE('',#6933);
#6933 = AXIS2_PLACEMENT_3D('',#6934,#6935,#6936);
#6934 = CARTESIAN_POINT('',(-1.059841190495E-15,-3.835966213612E-16,0.)
  );
#6935 = DIRECTION('',(0.,0.,1.));
#6936 = DIRECTION('',(1.,0.,0.));
#6937 = ADVANCED_FACE('',(#6938),#7132,.T.);
#6938 = FACE_BOUND('',#6939,.T.);
#6939 = EDGE_LOOP('',(#6940,#6941,#6942,#6943,#6944,#6945,#6946,#6947,
    #6948,#6949,#6950,#6951,#6952,#6953,#6954,#6955,#6956,#6957,#6958,
    #6959,#6960,#6961,#6962,#6963,#6964,#6965,#6966,#6967,#6968,#6969,
    #6970,#6971,#6972,#6973,#6974,#6975,#6976,#6977,#6978,#6979,#6980,
    #6981,#6982,#6983,#6984,#6985,#6986,#6987,#6988,#6989,#6990,#6991,
    #6992,#6993,#6994,#6995,#6996,#6997,#6998,#6999,#7000,#7001,#7002,
    #7003,#7004,#7005,#7006,#7007,#7008,#7009,#7010,#7011,#7012,#7013,
    #7014,#7015,#7016,#7017,#7018,#7019,#7020,#7021,#7022,#7023,#7024,
    #7025,#7026,#7027,#7028,#7029,#7030,#7031,#7032,#7033,#7034,#7035,
    #7036,#7037,#7038,#7039,#7040,#7041,#7042,#7043,#7044,#7045,#7046,
    #7047,#7048,#7049,#7050,#7051,#7052,#7053,#7054,#7055,#7056,#7057,
    #7058,#7059,#7060,#7061,#7062,#7063,#7064,#7065,#7066,#7067,#7068,
    #7069,#7070,#7071,#7072,#7073,#7074,#7075,#7076,#7077,#7078,#7079,
    #7080,#7081,#7082,#7083,#7084,#7085,#7086,#7087,#7088,#7089,#7090,
    #7091,#7092,#7093,#7094,#7095,#7096,#7097,#7098,#7099,#7100,#7101,
    #7102,#7103,#7104,#7105,#7106,#7107,#7108,#7109,#7110,#7111,#7112,
    #7113,#7114,#7115,#7116,#7117,#7118,#7119,#7120,#7121,#7122,#7123,
    #7124,#7125,#7126,#7127,#7128,#7129,#7130,#7131));
#6940 = ORIENTED_EDGE('',*,*,#31,.T.);
#6941 = ORIENTED_EDGE('',*,*,#70,.T.);
#6942 = ORIENTED_EDGE('',*,*,#103,.T.);
#6943 = ORIENTED_EDGE('',*,*,#142,.T.);
#6944 = ORIENTED_EDGE('',*,*,#175,.T.);
#6945 = ORIENTED_EDGE('',*,*,#208,.T.);
#6946 = ORIENTED_EDGE('',*,*,#241,.T.);
#6947 = ORIENTED_EDGE('',*,*,#280,.T.);
#6948 = ORIENTED_EDGE('',*,*,#313,.T.);
#6949 = ORIENTED_EDGE('',*,*,#352,.T.);
#6950 = ORIENTED_EDGE('',*,*,#385,.T.);
#6951 = ORIENTED_EDGE('',*,*,#418,.T.);
#6952 = ORIENTED_EDGE('',*,*,#451,.T.);
#6953 = ORIENTED_EDGE('',*,*,#490,.T.);
#6954 = ORIENTED_EDGE('',*,*,#523,.T.);
#6955 = ORIENTED_EDGE('',*,*,#562,.T.);
#6956 = ORIENTED_EDGE('',*,*,#595,.T.);
#6957 = ORIENTED_EDGE('',*,*,#628,.T.);
#6958 = ORIENTED_EDGE('',*,*,#661,.T.);
#6959 = ORIENTED_EDGE('',*,*,#700,.T.);
#6960 = ORIENTED_EDGE('',*,*,#733,.T.);
#6961 = ORIENTED_EDGE('',*,*,#772,.T.);
#6962 = ORIENTED_EDGE('',*,*,#805,.T.);
#6963 = ORIENTED_EDGE('',*,*,#838,.T.);
#6964 = ORIENTED_EDGE('',*,*,#871,.T.);
#6965 = ORIENTED_EDGE('',*,*,#910,.T.);
#6966 = ORIENTED_EDGE('',*,*,#943,.T.);
#6967 = ORIENTED_EDGE('',*,*,#982,.T.);
#6968 = ORIENTED_EDGE('',*,*,#1015,.T.);
#6969 = ORIENTED_EDGE('',*,*,#1048,.T.);
#6970 = ORIENTED_EDGE('',*,*,#1081,.T.);
#6971 = ORIENTED_EDGE('',*,*,#1120,.T.);
#6972 = ORIENTED_EDGE('',*,*,#1153,.T.);
#6973 = ORIENTED_EDGE('',*,*,#1192,.T.);
#6974 = ORIENTED_EDGE('',*,*,#1225,.T.);
#6975 = ORIENTED_EDGE('',*,*,#1258,.T.);
#6976 = ORIENTED_EDGE('',*,*,#1291,.T.);
#6977 = ORIENTED_EDGE('',*,*,#1330,.T.);
#6978 = ORIENTED_EDGE('',*,*,#1363,.T.);
#6979 = ORIENTED_EDGE('',*,*,#1402,.T.);
#6980 = ORIENTED_EDGE('',*,*,#1435,.T.);
#6981 = ORIENTED_EDGE('',*,*,#1468,.T.);
#6982 = ORIENTED_EDGE('',*,*,#1501,.T.);
#6983 = ORIENTED_EDGE('',*,*,#1540,.T.);
#6984 = ORIENTED_EDGE('',*,*,#1573,.T.);
#6985 = ORIENTED_EDGE('',*,*,#1612,.T.);
#6986 = ORIENTED_EDGE('',*,*,#1645,.T.);
#6987 = ORIENTED_EDGE('',*,*,#1678,.T.);
#6988 = ORIENTED_EDGE('',*,*,#1711,.T.);
#6989 = ORIENTED_EDGE('',*,*,#1750,.T.);
#6990 = ORIENTED_EDGE('',*,*,#1783,.T.);
#6991 = ORIENTED_EDGE('',*,*,#1822,.T.);
#6992 = ORIENTED_EDGE('',*,*,#1855,.T.);
#6993 = ORIENTED_EDGE('',*,*,#1888,.T.);
#6994 = ORIENTED_EDGE('',*,*,#1921,.T.);
#6995 = ORIENTED_EDGE('',*,*,#1960,.T.);
#6996 = ORIENTED_EDGE('',*,*,#1993,.T.);
#6997 = ORIENTED_EDGE('',*,*,#2032,.T.);
#6998 = ORIENTED_EDGE('',*,*,#2065,.T.);
#6999 = ORIENTED_EDGE('',*,*,#2098,.T.);
#7000 = ORIENTED_EDGE('',*,*,#2131,.T.);
#7001 = ORIENTED_EDGE('',*,*,#2170,.T.);
#7002 = ORIENTED_EDGE('',*,*,#2203,.T.);
#7003 = ORIENTED_EDGE('',*,*,#2242,.T.);
#7004 = ORIENTED_EDGE('',*,*,#2275,.T.);
#7005 = ORIENTED_EDGE('',*,*,#2308,.T.);
#7006 = ORIENTED_EDGE('',*,*,#2341,.T.);
#7007 = ORIENTED_EDGE('',*,*,#2380,.T.);
#7008 = ORIENTED_EDGE('',*,*,#2413,.T.);
#7009 = ORIENTED_EDGE('',*,*,#2452,.T.);
#7010 = ORIENTED_EDGE('',*,*,#2485,.T.);
#7011 = ORIENTED_EDGE('',*,*,#2518,.T.);
#7012 = ORIENTED_EDGE('',*,*,#2551,.T.);
#7013 = ORIENTED_EDGE('',*,*,#2590,.T.);
#7014 = ORIENTED_EDGE('',*,*,#2623,.T.);
#7015 = ORIENTED_EDGE('',*,*,#2662,.T.);
#7016 = ORIENTED_EDGE('',*,*,#2695,.T.);
#7017 = ORIENTED_EDGE('',*,*,#2728,.T.);
#7018 = ORIENTED_EDGE('',*,*,#2761,.T.);
#7019 = ORIENTED_EDGE('',*,*,#2800,.T.);
#7020 = ORIENTED_EDGE('',*,*,#2833,.T.);
#7021 = ORIENTED_EDGE('',*,*,#2872,.T.);
#7022 = ORIENTED_EDGE('',*,*,#2905,.T.);
#7023 = ORIENTED_EDGE('',*,*,#2938,.T.);
#7024 = ORIENTED_EDGE('',*,*,#2971,.T.);
#7025 = ORIENTED_EDGE('',*,*,#3010,.T.);
#7026 = ORIENTED_EDGE('',*,*,#3043,.T.);
#7027 = ORIENTED_EDGE('',*,*,#3082,.T.);
#7028 = ORIENTED_EDGE('',*,*,#3115,.T.);
#7029 = ORIENTED_EDGE('',*,*,#3148,.T.);
#7030 = ORIENTED_EDGE('',*,*,#3181,.T.);
#7031 = ORIENTED_EDGE('',*,*,#3220,.T.);
#7032 = ORIENTED_EDGE('',*,*,#3253,.T.);
#7033 = ORIENTED_EDGE('',*,*,#3292,.T.);
#7034 = ORIENTED_EDGE('',*,*,#3325,.T.);
#7035 = ORIENTED_EDGE('',*,*,#3358,.T.);
#7036 = ORIENTED_EDGE('',*,*,#3391,.T.);
#7037 = ORIENTED_EDGE('',*,*,#3430,.T.);
#7038 = ORIENTED_EDGE('',*,*,#3463,.T.);
#7039 = ORIENTED_EDGE('',*,*,#3502,.T.);
#7040 = ORIENTED_EDGE('',*,*,#3535,.T.);
#7041 = ORIENTED_EDGE('',*,*,#3568,.T.);
#7042 = ORIENTED_EDGE('',*,*,#3601,.T.);
#7043 = ORIENTED_EDGE('',*,*,#3640,.T.);
#7044 = ORIENTED_EDGE('',*,*,#3673,.T.);
#7045 = ORIENTED_EDGE('',*,*,#3712,.T.);
#7046 = ORIENTED_EDGE('',*,*,#3745,.T.);
#7047 = ORIENTED_EDGE('',*,*,#3778,.T.);
#7048 = ORIENTED_EDGE('',*,*,#3811,.T.);
#7049 = ORIENTED_EDGE('',*,*,#3850,.T.);
#7050 = ORIENTED_EDGE('',*,*,#3883,.T.);
#7051 = ORIENTED_EDGE('',*,*,#3922,.T.);
#7052 = ORIENTED_EDGE('',*,*,#3955,.T.);
#7053 = ORIENTED_EDGE('',*,*,#3988,.T.);
#7054 = ORIENTED_EDGE('',*,*,#4021,.T.);
#7055 = ORIENTED_EDGE('',*,*,#4060,.T.);
#7056 = ORIENTED_EDGE('',*,*,#4093,.T.);
#7057 = ORIENTED_EDGE('',*,*,#4132,.T.);
#7058 = ORIENTED_EDGE('',*,*,#4165,.T.);
#7059 = ORIENTED_EDGE('',*,*,#4198,.T.);
#7060 = ORIENTED_EDGE('',*,*,#4231,.T.);
#7061 = ORIENTED_EDGE('',*,*,#4270,.T.);
#7062 = ORIENTED_EDGE('',*,*,#4303,.T.);
#7063 = ORIENTED_EDGE('',*,*,#4342,.T.);
#7064 = ORIENTED_EDGE('',*,*,#4375,.T.);
#7065 = ORIENTED_EDGE('',*,*,#4408,.T.);
#7066 = ORIENTED_EDGE('',*,*,#4441,.T.);
#7067 = ORIENTED_EDGE('',*,*,#4480,.T.);
#7068 = ORIENTED_EDGE('',*,*,#4513,.T.);
#7069 = ORIENTED_EDGE('',*,*,#4552,.T.);
#7070 = ORIENTED_EDGE('',*,*,#4585,.T.);
#7071 = ORIENTED_EDGE('',*,*,#4618,.T.);
#7072 = ORIENTED_EDGE('',*,*,#4651,.T.);
#7073 = ORIENTED_EDGE('',*,*,#4690,.T.);
#7074 = ORIENTED_EDGE('',*,*,#4723,.T.);
#7075 = ORIENTED_EDGE('',*,*,#4762,.T.);
#7076 = ORIENTED_EDGE('',*,*,#4795,.T.);
#7077 = ORIENTED_EDGE('',*,*,#4828,.T.);
#7078 = ORIENTED_EDGE('',*,*,#4861,.T.);
#7079 = ORIENTED_EDGE('',*,*,#4900,.T.);
#7080 = ORIENTED_EDGE('',*,*,#4933,.T.);
#7081 = ORIENTED_EDGE('',*,*,#4972,.T.);
#7082 = ORIENTED_EDGE('',*,*,#5005,.T.);
#7083 = ORIENTED_EDGE('',*,*,#5038,.T.);
#7084 = ORIENTED_EDGE('',*,*,#5071,.T.);
#7085 = ORIENTED_EDGE('',*,*,#5110,.T.);
#7086 = ORIENTED_EDGE('',*,*,#5143,.T.);
#7087 = ORIENTED_EDGE('',*,*,#5182,.T.);
#7088 = ORIENTED_EDGE('',*,*,#5215,.T.);
#7089 = ORIENTED_EDGE('',*,*,#5248,.T.);
#7090 = ORIENTED_EDGE('',*,*,#5281,.T.);
#7091 = ORIENTED_EDGE('',*,*,#5320,.T.);
#7092 = ORIENTED_EDGE('',*,*,#5353,.T.);
#7093 = ORIENTED_EDGE('',*,*,#5392,.T.);
#7094 = ORIENTED_EDGE('',*,*,#5425,.T.);
#7095 = ORIENTED_EDGE('',*,*,#5458,.T.);
#7096 = ORIENTED_EDGE('',*,*,#5491,.T.);
#7097 = ORIENTED_EDGE('',*,*,#5530,.T.);
#7098 = ORIENTED_EDGE('',*,*,#5563,.T.);
#7099 = ORIENTED_EDGE('',*,*,#5602,.T.);
#7100 = ORIENTED_EDGE('',*,*,#5635,.T.);
#7101 = ORIENTED_EDGE('',*,*,#5668,.T.);
#7102 = ORIENTED_EDGE('',*,*,#5701,.T.);
#7103 = ORIENTED_EDGE('',*,*,#5740,.T.);
#7104 = ORIENTED_EDGE('',*,*,#5773,.T.);
#7105 = ORIENTED_EDGE('',*,*,#5812,.T.);
#7106 = ORIENTED_EDGE('',*,*,#5845,.T.);
#7107 = ORIENTED_EDGE('',*,*,#5878,.T.);
#7108 = ORIENTED_EDGE('',*,*,#5911,.T.);
#7109 = ORIENTED_EDGE('',*,*,#5950,.T.);
#7110 = ORIENTED_EDGE('',*,*,#5983,.T.);
#7111 = ORIENTED_EDGE('',*,*,#6022,.T.);
#7112 = ORIENTED_EDGE('',*,*,#6055,.T.);
#7113 = ORIENTED_EDGE('',*,*,#6088,.T.);
#7114 = ORIENTED_EDGE('',*,*,#6121,.T.);
#7115 = ORIENTED_EDGE('',*,*,#6160,.T.);
#7116 = ORIENTED_EDGE('',*,*,#6193,.T.);
#7117 = ORIENTED_EDGE('',*,*,#6232,.T.);
#7118 = ORIENTED_EDGE('',*,*,#6265,.T.);
#7119 = ORIENTED_EDGE('',*,*,#6298,.T.);
#7120 = ORIENTED_EDGE('',*,*,#6331,.T.);
#7121 = ORIENTED_EDGE('',*,*,#6370,.T.);
#7122 = ORIENTED_EDGE('',*,*,#6403,.T.);
#7123 = ORIENTED_EDGE('',*,*,#6442,.T.);
#7124 = ORIENTED_EDGE('',*,*,#6475,.T.);
#7125 = ORIENTED_EDGE('',*,*,#6508,.T.);
#7126 = ORIENTED_EDGE('',*,*,#6541,.T.);
#7127 = ORIENTED_EDGE('',*,*,#6580,.T.);
#7128 = ORIENTED_EDGE('',*,*,#6613,.T.);
#7129 = ORIENTED_EDGE('',*,*,#6652,.T.);
#7130 = ORIENTED_EDGE('',*,*,#6685,.T.);
#7131 = ORIENTED_EDGE('',*,*,#6718,.T.);
#7132 = PLANE('',#7133);
#7133 = AXIS2_PLACEMENT_3D('',#7134,#7135,#7136);
#7134 = CARTESIAN_POINT('',(-1.059841190495E-15,-3.835966213612E-16,12.)
  );
#7135 = DIRECTION('',(0.,0.,1.));
#7136 = DIRECTION('',(1.,0.,0.));
#7137 = ( GEOMETRIC_REPRESENTATION_CONTEXT(3) 
GLOBAL_UNCERTAINTY_ASSIGNED_CONTEXT((#7141)) 
GLOBAL_UNIT_ASSIGNED_CONTEXT((#7138,#7139,#7140)) REPRESENTATION_CONTEXT
('Context #1','3D Context with UNIT and UNCERTAINTY') );
#7138 = ( LENGTH_UNIT() NAMED_UNIT(*) SI_UNIT(.MILLI.,.METRE.) );
#7139 = ( NAMED_UNIT(*) PLANE_ANGLE_UNIT() SI_UNIT($,.RADIAN.) );
#7140 = ( NAMED_UNIT(*) SI_UNIT($,.STERADIAN.) SOLID_ANGLE_UNIT() );
#7141 = UNCERTAINTY_MEASURE_WITH_UNIT(LENGTH_MEASURE(1.E-07),#7138,
  'distance_accuracy_value','confusion accuracy');
#7142 = PRODUCT_RELATED_PRODUCT_CATEGORY('part',$,(#7));
#7143 = MECHANICAL_DESIGN_GEOMETRIC_PRESENTATION_REPRESENTATION('',(
    #7144),#7137);
#7144 = STYLED_ITEM('color',(#7145),#15);
#7145 = PRESENTATION_STYLE_ASSIGNMENT((#7146,#7152));
#7146 = SURFACE_STYLE_USAGE(.BOTH.,#7147);
#7147 = SURFACE_SIDE_STYLE('',(#7148));
#7148 = SURFACE_STYLE_FILL_AREA(#7149);
#7149 = FILL_AREA_STYLE('',(#7150));
#7150 = FILL_AREA_STYLE_COLOUR('',#7151);
#7151 = COLOUR_RGB('',0.678431390124,0.709803936702,0.741176476869);
#7152 = CURVE_STYLE('',#7153,POSITIVE_LENGTH_MEASURE(0.1),#7154);
#7153 = DRAUGHTING_PRE_DEFINED_CURVE_FONT('continuous');
#7154 = COLOUR_RGB('',9.803921802644E-02,9.803921802644E-02,
  9.803921802644E-02);
ENDSEC;
END-ISO-10303-21;
