Data from Parasolid IGES Translator 28.1.247, Copyright(c) 2006 Siemens S      1
PLM Software. All Rights Reserved.                                      S      2
1H,,1H;,6HNoname,14HP12-2GT-60.igs,27HBy Siemens PLM Incorporated,27HXPlG      1
us GENERIC/IGES 28.1.247,32,38, 6,308,15,6HNoname,1.000,2,2HMM,1,1.000, G      2
15H20260515.060633,1.0e-05,0.00,6HNoname,6HNoname,11,0,15H20260515.06063G      3
3;                                                                      G      4
     110       1       0       1       0       0       0       000010001D      1
     110       1       0       1       0       0       0               0D      2
     110       2       0       1       0       0       0       000010001D      3
     110       1       0       1       0       0       0               0D      4
     120       3       0       1       0       0       0       000010001D      5
     120       1       0       1       0       0       0               0D      6
     126       4       0       1       0       0       0       000010501D      7
     126       1       0       4       0       0       0               0D      8
     126       8       0       1       0       0       0       000010501D      9
     126       1       0       2       0       0       0               0D     10
     126      10       0       1       0       0       0       000010501D     11
     126       1       0       4       0       0       0               0D     12
     126      14       0       1       0       0       0       000010501D     13
     126       1       0       2       0       0       0               0D     14
     102      16       0       1       0       0       0       000010501D     15
     102       1       0       1       0       0       0               0D     16
     124      17       0       1       0       0       0       000010001D     17
     124       1       0       1       0       0       0               0D     18
     100      18       0       1       0       0      17       000010001D     19
     100       1       0       1       0       0       0               0D     20
     110      19       0       1       0       0       0       000010001D     21
     110       1       0       1       0       0       0               0D     22
     124      20       0       1       0       0       0       000010001D     23
     124       1       0       1       0       0       0               0D     24
     100      21       0       1       0       0      23       000010001D     25
     100       1       0       1       0       0       0               0D     26
     110      22       0       1       0       0       0       000010001D     27
     110       1       0       2       0       0       0               0D     28
     102      24       0       1       0       0       0       000010001D     29
     102       1       0       1       0       0       0               0D     30
     142      25       0       1       0       0       0       000010001D     31
     142       1       0       1       0       0       0               0D     32
     144      26       0       1       0       0       0       000000001D     33
     144       1       0       1       0       0       0               0D     34
     110      27       0       1       0       0       0       000010001D     35
     110       1       0       2       0       0       0               0D     36
     110      29       0       1       0       0       0       000010001D     37
     110       1       0       2       0       0       0               0D     38
     120      31       0       1       0       0       0       000010001D     39
     120       1       0       1       0       0       0               0D     40
     126      32       0       1       0       0       0       000010501D     41
     126       1       0       4       0       0       0               0D     42
     126      36       0       1       0       0       0       000010501D     43
     126       1       0       2       0       0       0               0D     44
     126      38       0       1       0       0       0       000010501D     45
     126       1       0       4       0       0       0               0D     46
     126      42       0       1       0       0       0       000010501D     47
     126       1       0       2       0       0       0               0D     48
     102      44       0       1       0       0       0       000010501D     49
     102       1       0       1       0       0       0               0D     50
     124      45       0       1       0       0       0       000010001D     51
     124       1       0       2       0       0       0               0D     52
     100      47       0       1       0       0      51       000010001D     53
     100       1       0       1       0       0       0               0D     54
     110      48       0       1       0       0       0       000010001D     55
     110       1       0       2       0       0       0               0D     56
     124      50       0       1       0       0       0       000010001D     57
     124       1       0       2       0       0       0               0D     58
     100      52       0       1       0       0      57       000010001D     59
     100       1       0       1       0       0       0               0D     60
     110      53       0       1       0       0       0       000010001D     61
     110       1       0       2       0       0       0               0D     62
     102      55       0       1       0       0       0       000010001D     63
     102       1       0       1       0       0       0               0D     64
     142      56       0       1       0       0       0       000010001D     65
     142       1       0       1       0       0       0               0D     66
     144      57       0       1       0       0       0       000000001D     67
     144       1       0       1       0       0       0               0D     68
     110      58       0       1       0       0       0       000010001D     69
     110       1       0       2       0       0       0               0D     70
     110      60       0       1       0       0       0       000010001D     71
     110       1       0       2       0       0       0               0D     72
     120      62       0       1       0       0       0       000010001D     73
     120       1       0       1       0       0       0               0D     74
     126      63       0       1       0       0       0       000010501D     75
     126       1       0       4       0       0       0               0D     76
     126      67       0       1       0       0       0       000010501D     77
     126       1       0       2       0       0       0               0D     78
     126      69       0       1       0       0       0       000010501D     79
     126       1       0       4       0       0       0               0D     80
     126      73       0       1       0       0       0       000010501D     81
     126       1       0       2       0       0       0               0D     82
     102      75       0       1       0       0       0       000010501D     83
     102       1       0       1       0       0       0               0D     84
     124      76       0       1       0       0       0       000010001D     85
     124       1       0       2       0       0       0               0D     86
     100      78       0       1       0       0      85       000010001D     87
     100       1       0       1       0       0       0               0D     88
     110      79       0       1       0       0       0       000010001D     89
     110       1       0       2       0       0       0               0D     90
     124      81       0       1       0       0       0       000010001D     91
     124       1       0       2       0       0       0               0D     92
     100      83       0       1       0       0      91       000010001D     93
     100       1       0       1       0       0       0               0D     94
     110      84       0       1       0       0       0       000010001D     95
     110       1       0       2       0       0       0               0D     96
     102      86       0       1       0       0       0       000010001D     97
     102       1       0       1       0       0       0               0D     98
     142      87       0       1       0       0       0       000010001D     99
     142       1       0       1       0       0       0               0D    100
     144      88       0       1       0       0       0       000000001D    101
     144       1       0       1       0       0       0               0D    102
     110      89       0       1       0       0       0       000010001D    103
     110       1       0       2       0       0       0               0D    104
     122      91       0       1       0       0       0       000010001D    105
     122       1       0       1       0       0       0               0D    106
     126      92       0       1       0       0       0       000010501D    107
     126       1       0      20       0       0       0               0D    108
     126     112       0       1       0       0       0       000010501D    109
     126       1       0       7       0       0       0               0D    110
     126     119       0       1       0       0       0       000010501D    111
     126       1       0       5       0       0       0               0D    112
     126     124       0       1       0       0       0       000010501D    113
     126       1       0      37       0       0       0               0D    114
     126     161       0       1       0       0       0       000010501D    115
     126       1       0       7       0       0       0               0D    116
     126     168       0       1       0       0       0       000010501D    117
     126       1       0      20       0       0       0               0D    118
     126     188       0       1       0       0       0       000010501D    119
     126       1       0       7       0       0       0               0D    120
     126     195       0       1       0       0       0       000010501D    121
     126       1       0       5       0       0       0               0D    122
     126     200       0       1       0       0       0       000010501D    123
     126       1       0       7       0       0       0               0D    124
     126     207       0       1       0       0       0       000010501D    125
     126       1       0       5       0       0       0               0D    126
     126     212       0       1       0       0       0       000010501D    127
     126       1       0      20       0       0       0               0D    128
     126     232       0       1       0       0       0       000010501D    129
     126       1       0       7       0       0       0               0D    130
     126     239       0       1       0       0       0       000010501D    131
     126       1       0       5       0       0       0               0D    132
     126     244       0       1       0       0       0       000010501D    133
     126       1       0       5       0       0       0               0D    134
     126     249       0       1       0       0       0       000010501D    135
     126       1       0       5       0       0       0               0D    136
     102     254       0       1       0       0       0       000010501D    137
     102       1       0       2       0       0       0               0D    138
     124     256       0       1       0       0       0       000010001D    139
     124       1       0       1       0       0       0               0D    140
     100     257       0       1       0       0     139       000010001D    141
     100       1       0       2       0       0       0               0D    142
     124     259       0       1       0       0       0       000010001D    143
     124       1       0       2       0       0       0               0D    144
     100     261       0       1       0       0     143       000010001D    145
     100       1       0       2       0       0       0               0D    146
     124     263       0       1       0       0       0       000010001D    147
     124       1       0       1       0       0       0               0D    148
     100     264       0       1       0       0     147       000010001D    149
     100       1       0       1       0       0       0               0D    150
     124     265       0       1       0       0       0       000010001D    151
     124       1       0       1       0       0       0               0D    152
     100     266       0       1       0       0     151       000010001D    153
     100       1       0       1       0       0       0               0D    154
     124     267       0       1       0       0       0       000010001D    155
     124       1       0       2       0       0       0               0D    156
     100     269       0       1       0       0     155       000010001D    157
     100       1       0       2       0       0       0               0D    158
     124     271       0       1       0       0       0       000010001D    159
     124       1       0       1       0       0       0               0D    160
     100     272       0       1       0       0     159       000010001D    161
     100       1       0       2       0       0       0               0D    162
     124     274       0       1       0       0       0       000010001D    163
     124       1       0       2       0       0       0               0D    164
     100     276       0       1       0       0     163       000010001D    165
     100       1       0       2       0       0       0               0D    166
     124     278       0       1       0       0       0       000010001D    167
     124       1       0       2       0       0       0               0D    168
     100     280       0       1       0       0     167       000010001D    169
     100       1       0       2       0       0       0               0D    170
     124     282       0       1       0       0       0       000010001D    171
     124       1       0       2       0       0       0               0D    172
     100     284       0       1       0       0     171       000010001D    173
     100       1       0       1       0       0       0               0D    174
     124     285       0       1       0       0       0       000010001D    175
     124       1       0       2       0       0       0               0D    176
     100     287       0       1       0       0     175       000010001D    177
     100       1       0       1       0       0       0               0D    178
     124     288       0       1       0       0       0       000010001D    179
     124       1       0       1       0       0       0               0D    180
     100     289       0       1       0       0     179       000010001D    181
     100       1       0       2       0       0       0               0D    182
     124     291       0       1       0       0       0       000010001D    183
     124       1       0       2       0       0       0               0D    184
     100     293       0       1       0       0     183       000010001D    185
     100       1       0       2       0       0       0               0D    186
     124     295       0       1       0       0       0       000010001D    187
     124       1       0       2       0       0       0               0D    188
     100     297       0       1       0       0     187       000010001D    189
     100       1       0       2       0       0       0               0D    190
     124     299       0       1       0       0       0       000010001D    191
     124       1       0       2       0       0       0               0D    192
     100     301       0       1       0       0     191       000010001D    193
     100       1       0       1       0       0       0               0D    194
     124     302       0       1       0       0       0       000010001D    195
     124       1       0       2       0       0       0               0D    196
     100     304       0       1       0       0     195       000010001D    197
     100       1       0       1       0       0       0               0D    198
     102     305       0       1       0       0       0       000010001D    199
     102       1       0       2       0       0       0               0D    200
     142     307       0       1       0       0       0       000010001D    201
     142       1       0       1       0       0       0               0D    202
     126     308       0       1       0       0       0       000010501D    203
     126       1       0      35       0       0       0               0D    204
     102     343       0       1       0       0       0       000010501D    205
     102       1       0       1       0       0       0               0D    206
     124     344       0       1       0       0       0       000010001D    207
     124       1       0       1       0       0       0               0D    208
     100     345       0       1       0       0     207       000010001D    209
     100       1       0       1       0       0       0               0D    210
     102     346       0       1       0       0       0       000010001D    211
     102       1       0       1       0       0       0               0D    212
     142     347       0       1       0       0       0       000010001D    213
     142       1       0       1       0       0       0               0D    214
     144     348       0       1       0       0       0       000000001D    215
     144       1       0       1       0       0       0               0D    216
     110     349       0       1       0       0       0       000010001D    217
     110       1       0       1       0       0       0               0D    218
     110     350       0       1       0       0       0       000010001D    219
     110       1       0       1       0       0       0               0D    220
     120     351       0       1       0       0       0       000010001D    221
     120       1       0       1       0       0       0               0D    222
     126     352       0       1       0       0       0       000010501D    223
     126       1       0       2       0       0       0               0D    224
     126     354       0       1       0       0       0       000010501D    225
     126       1       0       2       0       0       0               0D    226
     126     356       0       1       0       0       0       000010501D    227
     126       1       0       2       0       0       0               0D    228
     126     358       0       1       0       0       0       000010501D    229
     126       1       0       2       0       0       0               0D    230
     102     360       0       1       0       0       0       000010501D    231
     102       1       0       1       0       0       0               0D    232
     124     361       0       1       0       0       0       000010001D    233
     124       1       0       1       0       0       0               0D    234
     100     362       0       1       0       0     233       000010001D    235
     100       1       0       1       0       0       0               0D    236
     110     363       0       1       0       0       0       000010001D    237
     110       1       0       1       0       0       0               0D    238
     124     364       0       1       0       0       0       000010001D    239
     124       1       0       1       0       0       0               0D    240
     100     365       0       1       0       0     239       000010001D    241
     100       1       0       1       0       0       0               0D    242
     110     366       0       1       0       0       0       000010001D    243
     110       1       0       1       0       0       0               0D    244
     102     367       0       1       0       0       0       000010001D    245
     102       1       0       1       0       0       0               0D    246
     142     368       0       1       0       0       0       000010001D    247
     142       1       0       1       0       0       0               0D    248
     144     369       0       1       0       0       0       000000001D    249
     144       1       0       1       0       0       0               0D    250
     110     370       0       1       0       0       0       000010001D    251
     110       1       0       1       0       0       0               0D    252
     122     371       0       1       0       0       0       000010001D    253
     122       1       0       1       0       0       0               0D    254
     126     372       0       1       0       0       0       000010501D    255
     126       1       0      34       0       0       0               0D    256
     102     406       0       1       0       0       0       000010501D    257
     102       1       0       1       0       0       0               0D    258
     124     407       0       1       0       0       0       000010001D    259
     124       1       0       1       0       0       0               0D    260
     100     408       0       1       0       0     259       000010001D    261
     100       1       0       1       0       0       0               0D    262
     102     409       0       1       0       0       0       000010001D    263
     102       1       0       1       0       0       0               0D    264
     142     410       0       1       0       0       0       000010001D    265
     142       1       0       1       0       0       0               0D    266
     144     411       0       1       0       0       0       000000001D    267
     144       1       0       1       0       0       0               0D    268
     110     412       0       1       0       0       0       000010001D    269
     110       1       0       2       0       0       0               0D    270
     110     414       0       1       0       0       0       000010001D    271
     110       1       0       2       0       0       0               0D    272
     120     416       0       1       0       0       0       000010001D    273
     120       1       0       1       0       0       0               0D    274
     126     417       0       1       0       0       0       000010501D    275
     126       1       0       4       0       0       0               0D    276
     126     421       0       1       0       0       0       000010501D    277
     126       1       0       2       0       0       0               0D    278
     126     423       0       1       0       0       0       000010501D    279
     126       1       0       4       0       0       0               0D    280
     126     427       0       1       0       0       0       000010501D    281
     126       1       0       2       0       0       0               0D    282
     102     429       0       1       0       0       0       000010501D    283
     102       1       0       1       0       0       0               0D    284
     124     430       0       1       0       0       0       000010001D    285
     124       1       0       2       0       0       0               0D    286
     100     432       0       1       0       0     285       000010001D    287
     100       1       0       2       0       0       0               0D    288
     110     434       0       1       0       0       0       000010001D    289
     110       1       0       2       0       0       0               0D    290
     124     436       0       1       0       0       0       000010001D    291
     124       1       0       2       0       0       0               0D    292
     100     438       0       1       0       0     291       000010001D    293
     100       1       0       2       0       0       0               0D    294
     110     440       0       1       0       0       0       000010001D    295
     110       1       0       2       0       0       0               0D    296
     102     442       0       1       0       0       0       000010001D    297
     102       1       0       1       0       0       0               0D    298
     142     443       0       1       0       0       0       000010001D    299
     142       1       0       1       0       0       0               0D    300
     144     444       0       1       0       0       0       000000001D    301
     144       1       0       1       0       0       0               0D    302
     110     445       0       1       0       0       0       000010001D    303
     110       1       0       1       0       0       0               0D    304
     110     446       0       1       0       0       0       000010001D    305
     110       1       0       1       0       0       0               0D    306
     120     447       0       1       0       0       0       000010001D    307
     120       1       0       1       0       0       0               0D    308
     126     448       0       1       0       0       0       000010501D    309
     126       1       0       4       0       0       0               0D    310
     126     452       0       1       0       0       0       000010501D    311
     126       1       0       2       0       0       0               0D    312
     126     454       0       1       0       0       0       000010501D    313
     126       1       0       4       0       0       0               0D    314
     126     458       0       1       0       0       0       000010501D    315
     126       1       0       2       0       0       0               0D    316
     102     460       0       1       0       0       0       000010501D    317
     102       1       0       1       0       0       0               0D    318
     124     461       0       1       0       0       0       000010001D    319
     124       1       0       1       0       0       0               0D    320
     100     462       0       1       0       0     319       000010001D    321
     100       1       0       2       0       0       0               0D    322
     110     464       0       1       0       0       0       000010001D    323
     110       1       0       2       0       0       0               0D    324
     124     466       0       1       0       0       0       000010001D    325
     124       1       0       1       0       0       0               0D    326
     100     467       0       1       0       0     325       000010001D    327
     100       1       0       2       0       0       0               0D    328
     110     469       0       1       0       0       0       000010001D    329
     110       1       0       2       0       0       0               0D    330
     102     471       0       1       0       0       0       000010001D    331
     102       1       0       1       0       0       0               0D    332
     142     472       0       1       0       0       0       000010001D    333
     142       1       0       1       0       0       0               0D    334
     144     473       0       1       0       0       0       000000001D    335
     144       1       0       1       0       0       0               0D    336
     110     474       0       1       0       0       0       000010001D    337
     110       1       0       2       0       0       0               0D    338
     110     476       0       1       0       0       0       000010001D    339
     110       1       0       2       0       0       0               0D    340
     120     478       0       1       0       0       0       000010001D    341
     120       1       0       1       0       0       0               0D    342
     126     479       0       1       0       0       0       000010501D    343
     126       1       0       2       0       0       0               0D    344
     126     481       0       1       0       0       0       000010501D    345
     126       1       0       4       0       0       0               0D    346
     126     485       0       1       0       0       0       000010501D    347
     126       1       0       2       0       0       0               0D    348
     126     487       0       1       0       0       0       000010501D    349
     126       1       0       3       0       0       0               0D    350
     102     490       0       1       0       0       0       000010501D    351
     102       1       0       1       0       0       0               0D    352
     110     491       0       1       0       0       0       000010001D    353
     110       1       0       2       0       0       0               0D    354
     124     493       0       1       0       0       0       000010001D    355
     124       1       0       2       0       0       0               0D    356
     100     495       0       1       0       0     355       000010001D    357
     100       1       0       1       0       0       0               0D    358
     110     496       0       1       0       0       0       000010001D    359
     110       1       0       2       0       0       0               0D    360
     124     498       0       1       0       0       0       000010001D    361
     124       1       0       2       0       0       0               0D    362
     100     500       0       1       0       0     361       000010001D    363
     100       1       0       1       0       0       0               0D    364
     102     501       0       1       0       0       0       000010001D    365
     102       1       0       1       0       0       0               0D    366
     142     502       0       1       0       0       0       000010001D    367
     142       1       0       1       0       0       0               0D    368
     144     503       0       1       0       0       0       000000001D    369
     144       1       0       1       0       0       0               0D    370
     110     504       0       1       0       0       0       000010001D    371
     110       1       0       2       0       0       0               0D    372
     110     506       0       1       0       0       0       000010001D    373
     110       1       0       2       0       0       0               0D    374
     120     508       0       1       0       0       0       000010001D    375
     120       1       0       1       0       0       0               0D    376
     126     509       0       1       0       0       0       000010501D    377
     126       1       0       4       0       0       0               0D    378
     126     513       0       1       0       0       0       000010501D    379
     126       1       0       2       0       0       0               0D    380
     126     515       0       1       0       0       0       000010501D    381
     126       1       0       4       0       0       0               0D    382
     126     519       0       1       0       0       0       000010501D    383
     126       1       0       2       0       0       0               0D    384
     102     521       0       1       0       0       0       000010501D    385
     102       1       0       1       0       0       0               0D    386
     124     522       0       1       0       0       0       000010001D    387
     124       1       0       2       0       0       0               0D    388
     100     524       0       1       0       0     387       000010001D    389
     100       1       0       2       0       0       0               0D    390
     110     526       0       1       0       0       0       000010001D    391
     110       1       0       2       0       0       0               0D    392
     124     528       0       1       0       0       0       000010001D    393
     124       1       0       2       0       0       0               0D    394
     100     530       0       1       0       0     393       000010001D    395
     100       1       0       2       0       0       0               0D    396
     110     532       0       1       0       0       0       000010001D    397
     110       1       0       2       0       0       0               0D    398
     102     534       0       1       0       0       0       000010001D    399
     102       1       0       1       0       0       0               0D    400
     142     535       0       1       0       0       0       000010001D    401
     142       1       0       1       0       0       0               0D    402
     144     536       0       1       0       0       0       000000001D    403
     144       1       0       1       0       0       0               0D    404
     110     537       0       1       0       0       0       000010001D    405
     110       1       0       2       0       0       0               0D    406
     110     539       0       1       0       0       0       000010001D    407
     110       1       0       2       0       0       0               0D    408
     120     541       0       1       0       0       0       000010001D    409
     120       1       0       1       0       0       0               0D    410
     126     542       0       1       0       0       0       000010501D    411
     126       1       0       4       0       0       0               0D    412
     126     546       0       1       0       0       0       000010501D    413
     126       1       0       2       0       0       0               0D    414
     126     548       0       1       0       0       0       000010501D    415
     126       1       0       4       0       0       0               0D    416
     126     552       0       1       0       0       0       000010501D    417
     126       1       0       2       0       0       0               0D    418
     102     554       0       1       0       0       0       000010501D    419
     102       1       0       1       0       0       0               0D    420
     124     555       0       1       0       0       0       000010001D    421
     124       1       0       2       0       0       0               0D    422
     100     557       0       1       0       0     421       000010001D    423
     100       1       0       2       0       0       0               0D    424
     110     559       0       1       0       0       0       000010001D    425
     110       1       0       2       0       0       0               0D    426
     124     561       0       1       0       0       0       000010001D    427
     124       1       0       2       0       0       0               0D    428
     100     563       0       1       0       0     427       000010001D    429
     100       1       0       2       0       0       0               0D    430
     110     565       0       1       0       0       0       000010001D    431
     110       1       0       2       0       0       0               0D    432
     102     567       0       1       0       0       0       000010001D    433
     102       1       0       1       0       0       0               0D    434
     142     568       0       1       0       0       0       000010001D    435
     142       1       0       1       0       0       0               0D    436
     144     569       0       1       0       0       0       000000001D    437
     144       1       0       1       0       0       0               0D    438
     110     570       0       1       0       0       0       000010001D    439
     110       1       0       1       0       0       0               0D    440
     110     571       0       1       0       0       0       000010001D    441
     110       1       0       1       0       0       0               0D    442
     120     572       0       1       0       0       0       000010001D    443
     120       1       0       1       0       0       0               0D    444
     126     573       0       1       0       0       0       000010501D    445
     126       1       0       4       0       0       0               0D    446
     126     577       0       1       0       0       0       000010501D    447
     126       1       0       2       0       0       0               0D    448
     126     579       0       1       0       0       0       000010501D    449
     126       1       0       3       0       0       0               0D    450
     126     582       0       1       0       0       0       000010501D    451
     126       1       0       2       0       0       0               0D    452
     102     584       0       1       0       0       0       000010501D    453
     102       1       0       1       0       0       0               0D    454
     124     585       0       1       0       0       0       000010001D    455
     124       1       0       1       0       0       0               0D    456
     100     586       0       1       0       0     455       000010001D    457
     100       1       0       2       0       0       0               0D    458
     110     588       0       1       0       0       0       000010001D    459
     110       1       0       2       0       0       0               0D    460
     124     590       0       1       0       0       0       000010001D    461
     124       1       0       1       0       0       0               0D    462
     100     591       0       1       0       0     461       000010001D    463
     100       1       0       2       0       0       0               0D    464
     110     593       0       1       0       0       0       000010001D    465
     110       1       0       2       0       0       0               0D    466
     102     595       0       1       0       0       0       000010001D    467
     102       1       0       1       0       0       0               0D    468
     142     596       0       1       0       0       0       000010001D    469
     142       1       0       1       0       0       0               0D    470
     144     597       0       1       0       0       0       000000001D    471
     144       1       0       1       0       0       0               0D    472
     110     598       0       1       0       0       0       000010001D    473
     110       1       0       2       0       0       0               0D    474
     110     600       0       1       0       0       0       000010001D    475
     110       1       0       2       0       0       0               0D    476
     120     602       0       1       0       0       0       000010001D    477
     120       1       0       1       0       0       0               0D    478
     126     603       0       1       0       0       0       000010501D    479
     126       1       0       2       0       0       0               0D    480
     126     605       0       1       0       0       0       000010501D    481
     126       1       0       4       0       0       0               0D    482
     126     609       0       1       0       0       0       000010501D    483
     126       1       0       2       0       0       0               0D    484
     126     611       0       1       0       0       0       000010501D    485
     126       1       0       3       0       0       0               0D    486
     102     614       0       1       0       0       0       000010501D    487
     102       1       0       1       0       0       0               0D    488
     110     615       0       1       0       0       0       000010001D    489
     110       1       0       2       0       0       0               0D    490
     124     617       0       1       0       0       0       000010001D    491
     124       1       0       2       0       0       0               0D    492
     100     619       0       1       0       0     491       000010001D    493
     100       1       0       1       0       0       0               0D    494
     110     620       0       1       0       0       0       000010001D    495
     110       1       0       2       0       0       0               0D    496
     124     622       0       1       0       0       0       000010001D    497
     124       1       0       2       0       0       0               0D    498
     100     624       0       1       0       0     497       000010001D    499
     100       1       0       1       0       0       0               0D    500
     102     625       0       1       0       0       0       000010001D    501
     102       1       0       1       0       0       0               0D    502
     142     626       0       1       0       0       0       000010001D    503
     142       1       0       1       0       0       0               0D    504
     144     627       0       1       0       0       0       000000001D    505
     144       1       0       1       0       0       0               0D    506
     110     628       0       1       0       0       0       000010001D    507
     110       1       0       2       0       0       0               0D    508
     110     630       0       1       0       0       0       000010001D    509
     110       1       0       2       0       0       0               0D    510
     120     632       0       1       0       0       0       000010001D    511
     120       1       0       1       0       0       0               0D    512
     126     633       0       1       0       0       0       000010501D    513
     126       1       0       4       0       0       0               0D    514
     126     637       0       1       0       0       0       000010501D    515
     126       1       0       2       0       0       0               0D    516
     126     639       0       1       0       0       0       000010501D    517
     126       1       0       4       0       0       0               0D    518
     126     643       0       1       0       0       0       000010501D    519
     126       1       0       2       0       0       0               0D    520
     102     645       0       1       0       0       0       000010501D    521
     102       1       0       1       0       0       0               0D    522
     124     646       0       1       0       0       0       000010001D    523
     124       1       0       2       0       0       0               0D    524
     100     648       0       1       0       0     523       000010001D    525
     100       1       0       2       0       0       0               0D    526
     110     650       0       1       0       0       0       000010001D    527
     110       1       0       2       0       0       0               0D    528
     124     652       0       1       0       0       0       000010001D    529
     124       1       0       2       0       0       0               0D    530
     100     654       0       1       0       0     529       000010001D    531
     100       1       0       2       0       0       0               0D    532
     110     656       0       1       0       0       0       000010001D    533
     110       1       0       2       0       0       0               0D    534
     102     658       0       1       0       0       0       000010001D    535
     102       1       0       1       0       0       0               0D    536
     142     659       0       1       0       0       0       000010001D    537
     142       1       0       1       0       0       0               0D    538
     144     660       0       1       0       0       0       000000001D    539
     144       1       0       1       0       0       0               0D    540
     110     661       0       1       0       0       0       000010001D    541
     110       1       0       2       0       0       0               0D    542
     110     663       0       1       0       0       0       000010001D    543
     110       1       0       2       0       0       0               0D    544
     120     665       0       1       0       0       0       000010001D    545
     120       1       0       1       0       0       0               0D    546
     126     666       0       1       0       0       0       000010501D    547
     126       1       0       4       0       0       0               0D    548
     126     670       0       1       0       0       0       000010501D    549
     126       1       0       2       0       0       0               0D    550
     126     672       0       1       0       0       0       000010501D    551
     126       1       0       4       0       0       0               0D    552
     126     676       0       1       0       0       0       000010501D    553
     126       1       0       2       0       0       0               0D    554
     102     678       0       1       0       0       0       000010501D    555
     102       1       0       1       0       0       0               0D    556
     124     679       0       1       0       0       0       000010001D    557
     124       1       0       2       0       0       0               0D    558
     100     681       0       1       0       0     557       000010001D    559
     100       1       0       2       0       0       0               0D    560
     110     683       0       1       0       0       0       000010001D    561
     110       1       0       2       0       0       0               0D    562
     124     685       0       1       0       0       0       000010001D    563
     124       1       0       2       0       0       0               0D    564
     100     687       0       1       0       0     563       000010001D    565
     100       1       0       2       0       0       0               0D    566
     110     689       0       1       0       0       0       000010001D    567
     110       1       0       2       0       0       0               0D    568
     102     691       0       1       0       0       0       000010001D    569
     102       1       0       1       0       0       0               0D    570
     142     692       0       1       0       0       0       000010001D    571
     142       1       0       1       0       0       0               0D    572
     144     693       0       1       0       0       0       000000001D    573
     144       1       0       1       0       0       0               0D    574
     110     694       0       1       0       0       0       000010001D    575
     110       1       0       1       0       0       0               0D    576
     110     695       0       1       0       0       0       000010001D    577
     110       1       0       1       0       0       0               0D    578
     120     696       0       1       0       0       0       000010001D    579
     120       1       0       1       0       0       0               0D    580
     126     697       0       1       0       0       0       000010501D    581
     126       1       0       4       0       0       0               0D    582
     126     701       0       1       0       0       0       000010501D    583
     126       1       0       2       0       0       0               0D    584
     126     703       0       1       0       0       0       000010501D    585
     126       1       0       4       0       0       0               0D    586
     126     707       0       1       0       0       0       000010501D    587
     126       1       0       2       0       0       0               0D    588
     102     709       0       1       0       0       0       000010501D    589
     102       1       0       1       0       0       0               0D    590
     124     710       0       1       0       0       0       000010001D    591
     124       1       0       1       0       0       0               0D    592
     100     711       0       1       0       0     591       000010001D    593
     100       1       0       2       0       0       0               0D    594
     110     713       0       1       0       0       0       000010001D    595
     110       1       0       2       0       0       0               0D    596
     124     715       0       1       0       0       0       000010001D    597
     124       1       0       1       0       0       0               0D    598
     100     716       0       1       0       0     597       000010001D    599
     100       1       0       2       0       0       0               0D    600
     110     718       0       1       0       0       0       000010001D    601
     110       1       0       2       0       0       0               0D    602
     102     720       0       1       0       0       0       000010001D    603
     102       1       0       1       0       0       0               0D    604
     142     721       0       1       0       0       0       000010001D    605
     142       1       0       1       0       0       0               0D    606
     144     722       0       1       0       0       0       000000001D    607
     144       1       0       1       0       0       0               0D    608
     110     723       0       1       0       0       0       000010001D    609
     110       1       0       2       0       0       0               0D    610
     110     725       0       1       0       0       0       000010001D    611
     110       1       0       2       0       0       0               0D    612
     120     727       0       1       0       0       0       000010001D    613
     120       1       0       1       0       0       0               0D    614
     126     728       0       1       0       0       0       000010501D    615
     126       1       0       4       0       0       0               0D    616
     126     732       0       1       0       0       0       000010501D    617
     126       1       0       2       0       0       0               0D    618
     126     734       0       1       0       0       0       000010501D    619
     126       1       0       4       0       0       0               0D    620
     126     738       0       1       0       0       0       000010501D    621
     126       1       0       2       0       0       0               0D    622
     102     740       0       1       0       0       0       000010501D    623
     102       1       0       1       0       0       0               0D    624
     124     741       0       1       0       0       0       000010001D    625
     124       1       0       2       0       0       0               0D    626
     100     743       0       1       0       0     625       000010001D    627
     100       1       0       2       0       0       0               0D    628
     110     745       0       1       0       0       0       000010001D    629
     110       1       0       2       0       0       0               0D    630
     124     747       0       1       0       0       0       000010001D    631
     124       1       0       2       0       0       0               0D    632
     100     749       0       1       0       0     631       000010001D    633
     100       1       0       2       0       0       0               0D    634
     110     751       0       1       0       0       0       000010001D    635
     110       1       0       2       0       0       0               0D    636
     102     753       0       1       0       0       0       000010001D    637
     102       1       0       1       0       0       0               0D    638
     142     754       0       1       0       0       0       000010001D    639
     142       1       0       1       0       0       0               0D    640
     144     755       0       1       0       0       0       000000001D    641
     144       1       0       1       0       0       0               0D    642
     110     756       0       1       0       0       0       000010001D    643
     110       1       0       1       0       0       0               0D    644
     110     757       0       1       0       0       0       000010001D    645
     110       1       0       1       0       0       0               0D    646
     120     758       0       1       0       0       0       000010001D    647
     120       1       0       1       0       0       0               0D    648
     126     759       0       1       0       0       0       000010501D    649
     126       1       0       2       0       0       0               0D    650
     126     761       0       1       0       0       0       000010501D    651
     126       1       0       4       0       0       0               0D    652
     126     765       0       1       0       0       0       000010501D    653
     126       1       0       2       0       0       0               0D    654
     126     767       0       1       0       0       0       000010501D    655
     126       1       0       3       0       0       0               0D    656
     102     770       0       1       0       0       0       000010501D    657
     102       1       0       1       0       0       0               0D    658
     110     771       0       1       0       0       0       000010001D    659
     110       1       0       1       0       0       0               0D    660
     124     772       0       1       0       0       0       000010001D    661
     124       1       0       1       0       0       0               0D    662
     100     773       0       1       0       0     661       000010001D    663
     100       1       0       1       0       0       0               0D    664
     110     774       0       1       0       0       0       000010001D    665
     110       1       0       2       0       0       0               0D    666
     124     776       0       1       0       0       0       000010001D    667
     124       1       0       1       0       0       0               0D    668
     100     777       0       1       0       0     667       000010001D    669
     100       1       0       1       0       0       0               0D    670
     102     778       0       1       0       0       0       000010001D    671
     102       1       0       1       0       0       0               0D    672
     142     779       0       1       0       0       0       000010001D    673
     142       1       0       1       0       0       0               0D    674
     144     780       0       1       0       0       0       000000001D    675
     144       1       0       1       0       0       0               0D    676
     110     781       0       1       0       0       0       000010001D    677
     110       1       0       1       0       0       0               0D    678
     122     782       0       1       0       0       0       000010001D    679
     122       1       0       1       0       0       0               0D    680
     126     783       0       1       0       0       0       000010501D    681
     126       1       0       6       0       0       0               0D    682
     126     789       0       1       0       0       0       000010501D    683
     126       1       0       7       0       0       0               0D    684
     126     796       0       1       0       0       0       000010501D    685
     126       1       0      20       0       0       0               0D    686
     126     816       0       1       0       0       0       000010501D    687
     126       1       0       6       0       0       0               0D    688
     126     822       0       1       0       0       0       000010501D    689
     126       1       0       6       0       0       0               0D    690
     126     828       0       1       0       0       0       000010501D    691
     126       1       0       6       0       0       0               0D    692
     126     834       0       1       0       0       0       000010501D    693
     126       1       0       7       0       0       0               0D    694
     126     841       0       1       0       0       0       000010501D    695
     126       1       0      20       0       0       0               0D    696
     126     861       0       1       0       0       0       000010501D    697
     126       1       0       6       0       0       0               0D    698
     126     867       0       1       0       0       0       000010501D    699
     126       1       0       8       0       0       0               0D    700
     126     875       0       1       0       0       0       000010501D    701
     126       1       0       6       0       0       0               0D    702
     126     881       0       1       0       0       0       000010501D    703
     126       1       0       8       0       0       0               0D    704
     126     889       0       1       0       0       0       000010501D    705
     126       1       0      20       0       0       0               0D    706
     126     909       0       1       0       0       0       000010501D    707
     126       1       0       8       0       0       0               0D    708
     126     917       0       1       0       0       0       000010501D    709
     126       1       0      37       0       0       0               0D    710
     102     954       0       1       0       0       0       000010501D    711
     102       1       0       2       0       0       0               0D    712
     124     956       0       1       0       0       0       000010001D    713
     124       1       0       1       0       0       0               0D    714
     100     957       0       1       0       0     713       000010001D    715
     100       1       0       1       0       0       0               0D    716
     124     958       0       1       0       0       0       000010001D    717
     124       1       0       2       0       0       0               0D    718
     100     960       0       1       0       0     717       000010001D    719
     100       1       0       2       0       0       0               0D    720
     124     962       0       1       0       0       0       000010001D    721
     124       1       0       1       0       0       0               0D    722
     100     963       0       1       0       0     721       000010001D    723
     100       1       0       2       0       0       0               0D    724
     124     965       0       1       0       0       0       000010001D    725
     124       1       0       2       0       0       0               0D    726
     100     967       0       1       0       0     725       000010001D    727
     100       1       0       1       0       0       0               0D    728
     124     968       0       1       0       0       0       000010001D    729
     124       1       0       2       0       0       0               0D    730
     100     970       0       1       0       0     729       000010001D    731
     100       1       0       1       0       0       0               0D    732
     124     971       0       1       0       0       0       000010001D    733
     124       1       0       2       0       0       0               0D    734
     100     973       0       1       0       0     733       000010001D    735
     100       1       0       2       0       0       0               0D    736
     124     975       0       1       0       0       0       000010001D    737
     124       1       0       2       0       0       0               0D    738
     100     977       0       1       0       0     737       000010001D    739
     100       1       0       2       0       0       0               0D    740
     124     979       0       1       0       0       0       000010001D    741
     124       1       0       1       0       0       0               0D    742
     100     980       0       1       0       0     741       000010001D    743
     100       1       0       2       0       0       0               0D    744
     124     982       0       1       0       0       0       000010001D    745
     124       1       0       2       0       0       0               0D    746
     100     984       0       1       0       0     745       000010001D    747
     100       1       0       1       0       0       0               0D    748
     124     985       0       1       0       0       0       000010001D    749
     124       1       0       2       0       0       0               0D    750
     100     987       0       1       0       0     749       000010001D    751
     100       1       0       1       0       0       0               0D    752
     124     988       0       1       0       0       0       000010001D    753
     124       1       0       2       0       0       0               0D    754
     100     990       0       1       0       0     753       000010001D    755
     100       1       0       2       0       0       0               0D    756
     124     992       0       1       0       0       0       000010001D    757
     124       1       0       2       0       0       0               0D    758
     100     994       0       1       0       0     757       000010001D    759
     100       1       0       2       0       0       0               0D    760
     124     996       0       1       0       0       0       000010001D    761
     124       1       0       1       0       0       0               0D    762
     100     997       0       1       0       0     761       000010001D    763
     100       1       0       2       0       0       0               0D    764
     124     999       0       1       0       0       0       000010001D    765
     124       1       0       2       0       0       0               0D    766
     100    1001       0       1       0       0     765       000010001D    767
     100       1       0       2       0       0       0               0D    768
     124    1003       0       1       0       0       0       000010001D    769
     124       1       0       1       0       0       0               0D    770
     100    1004       0       1       0       0     769       000010001D    771
     100       1       0       1       0       0       0               0D    772
     102    1005       0       1       0       0       0       000010001D    773
     102       1       0       2       0       0       0               0D    774
     142    1007       0       1       0       0       0       000010001D    775
     142       1       0       1       0       0       0               0D    776
     144    1008       0       1       0       0       0       000000001D    777
     144       1       0       1       0       0       0               0D    778
110,60.,0.,-0.,-940.,0.,-0.;                                           1P      1
110,0.,0.,3.565,60.,0.,3.565;                                          3P      2
120,1,3,0.,6.28318530717959;                                           5P      3
126,1,1,1,0,1,0,-7.62688447718064,-7.62688447718064,                   7P      4
-3.14159265358979,-3.14159265358979,1.,1.,1.,1.79789348358874,         7P      5
0.,1.,6.28318530717959,0.,-7.62688447718064,-3.14159265358979,         7P      6
0.,0.,1.;                                                              7P      7
126,1,1,1,0,1,0,0.,0.,0.06,0.06,1.,1.,1.,6.28318530717959,0.,0.,       9P      8
6.28318530717959,0.,0.,0.06,0.,0.,1.;                                  9P      9
126,1,1,1,0,1,0,3.14159265358979,3.14159265358979,                    11P     10
7.62688447718064,7.62688447718064,1.,1.,0.,6.28318530717959,0.,       11P     11
0.,1.79789348358874,0.,3.14159265358979,7.62688447718064,0.,0.,       11P     12
1.;                                                                   11P     13
126,1,1,1,0,1,0,-0.06,-0.06,0.,0.,1.,1.,0.,1.79789348358874,0.,       13P     14
1.,1.79789348358874,0.,-0.06,0.,0.,0.,1.;                             13P     15
102,4,7,9,11,13;                                                      15P     16
124,0.,0.,-1.,60.,0.,-1.,0.,0.,-1.,0.,0.,-0.;                         17P     17
100,0.,0.,0.,0.80266034214417,-3.47346532660814,-3.565,-0.;           19P     18
110,60.,0.,3.565,0.,0.,3.565;                                         21P     19
124,0.,0.,1.,0.,0.,1.,0.,0.,-1.,0.,0.,-0.;                            23P     20
100,0.,0.,0.,-3.565,0.,0.80266034214417,3.47346532660814;             25P     21
110,0.,3.47346532660814,-0.80266034214417,60.,3.47346532660814,       27P     22
-0.80266034214417;                                                    27P     23
102,4,19,21,25,27;                                                    29P     24
142,1,5,15,29,2;                                                      31P     25
144,5,1,0,31;                                                         33P     26
110,60.,3.30184837870428,1.00873858558495,-940.,                      35P     27
3.30184837870428,1.00873858558495;                                    35P     28
110,0.,3.30184837870428,1.12123858558495,60.,3.30184837870428,        37P     29
1.12123858558495;                                                     37P     30
120,35,37,0.,6.28318530717959;                                        39P     31
126,1,1,1,0,1,0,-3.50431278735279,-3.50431278735279,                  41P     32
-3.14159265358979,-3.14159265358979,1.,1.,1.,5.92046517341659,        41P     33
0.,1.,6.28318530717959,0.,-3.50431278735279,-3.14159265358979,        41P     34
0.,0.,1.;                                                             41P     35
126,1,1,1,0,1,0,0.,0.,0.06,0.06,1.,1.,1.,6.28318530717959,0.,0.,      43P     36
6.28318530717959,0.,0.,0.06,0.,0.,1.;                                 43P     37
126,1,1,1,0,1,0,3.14159265358979,3.14159265358979,                    45P     38
3.50431278735279,3.50431278735279,1.,1.,0.,6.28318530717959,0.,       45P     39
0.,5.92046517341659,0.,3.14159265358979,3.50431278735279,0.,0.,       45P     40
1.;                                                                   45P     41
126,1,1,1,0,1,0,-0.06,-0.06,0.,0.,1.,1.,0.,5.92046517341659,0.,       47P     42
1.,5.92046517341659,0.,-0.06,0.,0.,0.,1.;                             47P     43
102,4,41,43,45,47;                                                    49P     44
124,0.,0.,-1.,60.,0.,-1.,0.,3.30184837870428,-1.,0.,0.,               51P     45
1.00873858558495;                                                     51P     46
100,0.,0.,0.,-0.10518020205929,0.03991710278523,-0.1125,-0.;          53P     47
110,60.,3.30184837870428,1.12123858558495,0.,3.30184837870428,        55P     48
1.12123858558495;                                                     55P     49
124,0.,0.,1.,0.,0.,1.,0.,3.30184837870428,-1.,0.,0.,                  57P     50
1.00873858558495;                                                     57P     51
100,0.,0.,0.,-0.1125,0.,-0.10518020205929,-0.03991710278523;          59P     52
110,0.,3.26193127591905,1.11391878764424,60.,3.26193127591905,        61P     53
1.11391878764424;                                                     61P     54
102,4,53,55,59,61;                                                    63P     55
142,1,39,49,63,2;                                                     65P     56
144,39,1,0,65;                                                        67P     57
110,60.,2.35511528260989,2.52451743024629,-940.,                      69P     58
2.35511528260989,2.52451743024629;                                    69P     59
110,0.,2.35511528260989,2.63701743024629,60.,2.35511528260989,        71P     60
2.63701743024629;                                                     71P     61
120,69,71,0.,6.28318530717959;                                        73P     62
126,1,1,1,0,1,0,-4.02791156295109,-4.02791156295109,                  75P     63
-3.14159265358979,-3.14159265358979,1.,1.,1.,5.39686639781829,        75P     64
0.,1.,6.28318530717959,0.,-4.02791156295109,-3.14159265358979,        75P     65
0.,0.,1.;                                                             75P     66
126,1,1,1,0,1,0,0.,0.,0.06,0.06,1.,1.,1.,6.28318530717959,0.,0.,      77P     67
6.28318530717959,0.,0.,0.06,0.,0.,1.;                                 77P     68
126,1,1,1,0,1,0,3.14159265358979,3.14159265358979,                    79P     69
4.02791156295109,4.02791156295109,1.,1.,0.,6.28318530717959,0.,       79P     70
0.,5.39686639781829,0.,3.14159265358979,4.02791156295109,0.,0.,       79P     71
1.;                                                                   79P     72
126,1,1,1,0,1,0,-0.06,-0.06,0.,0.,1.,1.,0.,5.39686639781829,0.,       81P     73
1.,5.39686639781829,0.,-0.06,0.,0.,0.,1.;                             81P     74
102,4,75,77,79,81;                                                    83P     75
124,0.,0.,-1.,60.,0.,-1.,0.,2.35511528260989,-1.,0.,0.,               85P     76
2.52451743024629;                                                     85P     77
100,0.,0.,0.,-0.07113017556591,0.08715932608713,-0.1125,-0.;          87P     78
110,60.,2.35511528260989,2.63701743024629,0.,2.35511528260989,        89P     79
2.63701743024629;                                                     89P     80
124,0.,0.,1.,0.,0.,1.,0.,2.35511528260989,-1.,0.,0.,                  91P     81
2.52451743024629;                                                     91P     82
100,0.,0.,0.,-0.1125,0.,-0.07113017556591,-0.08715932608713;          93P     83
110,0.,2.26795595652277,2.5956476058122,60.,2.26795595652277,         95P     84
2.5956476058122;                                                      95P     85
102,4,87,89,93,95;                                                    97P     86
142,1,73,83,97,2;                                                     99P     87
144,73,1,0,99;                                                       101P     88
110,60.,-3.60724812320917,3.60778,60.,-3.60724812320917,             103P     89
-3.60778;                                                            103P     90
122,103,60.,3.51860199140401,3.60778;                                105P     91
126,16,2,1,0,1,0,-7.16950421654088,-7.16950421654088,                107P     92
-7.16950421654088,-6.81702479530098,-6.81702479530098,               107P     93
-6.46454537406108,-6.46454537406108,-6.11206595282119,               107P     94
-6.11206595282119,-5.75958653158129,-5.75958653158129,               107P     95
-5.40710711034139,-5.40710711034139,-5.05462768910149,               107P     96
-5.05462768910149,-4.70214826786159,-4.70214826786159,               107P     97
-4.34966884662169,-4.34966884662169,-4.34966884662169,1.,1.,1.,      107P     98
1.,1.,1.,1.,1.,1.,1.,1.,1.,1.,1.,1.,1.,1.,0.1402708028466,           107P     99
0.82449167260528,0.,0.15317788803456,0.81382567326067,0.,            107P    100
0.16165504217678,0.79930346752253,0.,0.17013219631899,               107P    101
0.7847812617844,0.,0.1731370624081,0.7681885105785,0.,               107P    102
0.1761419284972,0.75159575937261,0.,0.17330502602458,                107P    103
0.73497271939367,0.,0.17046812355195,0.71834967941473,0.,            107P    104
0.1621382800984,0.70374033168692,0.,0.15380843664485,                107P    105
0.68913098395911,0.,0.14100989578885,0.6783317044503,0.,             107P    106
0.12821135493286,0.66753242494148,0.,0.11251783451904,               107P    107
0.66187110087438,0.,0.09682431410523,0.65620977680728,0.,            107P    108
0.08016550075944,0.65638252868569,0.,0.06350668741365,               107P    109
0.65655528056409,0.,0.04793096087912,0.66254086669204,0.,            107P    110
-7.16950421654088,-4.34966884662169,0.,0.,1.;                        107P    111
126,4,2,1,0,1,0,1.2080761930319,1.2080761930319,1.2080761930319,     109P    112
2.02658361390862,2.02658361390862,2.84509103478533,                  109P    113
2.84509103478533,2.84509103478533,1.,1.,1.,1.,1.,                    109P    114
0.04793096087912,0.66254086669204,0.,0.04160833238501,               109P    115
0.66497058560902,0.,0.03553605922794,0.66195640438574,0.,            109P    116
0.02946378607086,0.65894222316246,0.,0.02748790349202,               109P    117
0.65239325341303,0.,1.2080761930319,2.84509103478533,0.,0.,1.;       109P    118
126,2,2,1,0,1,0,2.84509103478533,2.84509103478533,                   111P    119
2.84509103478533,3.14159265358979,3.14159265358979,                  111P    120
3.14159265358979,1.,1.,1.,0.02748790349202,0.65239325341303,0.,      111P    121
0.00592885375494,0.58093679842606,0.,0.00592885375494,               111P    122
0.50622003903951,0.,2.84509103478533,3.14159265358979,0.,0.,1.;      111P    123
126,32,2,1,0,1,0,3.14159265358979,3.14159265358979,                  113P    124
3.14159265358979,3.42192339256422,3.42192339256422,                  113P    125
3.70225413153865,3.70225413153865,3.98258487051308,                  113P    126
3.98258487051308,4.26291560948751,4.26291560948751,                  113P    127
4.54324634846193,4.54324634846193,4.82357708743636,                  113P    128
4.82357708743636,5.10390782641079,5.10390782641079,                  113P    129
5.38423856538522,5.38423856538522,5.66456930435965,                  113P    130
5.66456930435965,5.94490004333407,5.94490004333407,                  113P    131
6.2252307823085,6.2252307823085,6.50556152128293,                    113P    132
6.50556152128293,6.78589226025736,6.78589226025736,                  113P    133
7.06622299923179,7.06622299923179,7.34655373820622,                  113P    134
7.34655373820622,7.62688447718064,7.62688447718064,                  113P    135
7.62688447718064,1.,1.,1.,1.,1.,1.,1.,1.,1.,1.,1.,1.,1.,1.,1.,       113P    136
1.,1.,1.,1.,1.,1.,1.,1.,1.,1.,1.,1.,1.,1.,1.,1.,1.,1.,               113P    137
0.00592885375494,0.50622003903951,0.,0.00592885375494,               113P    138
0.43563367930322,0.,0.0252154228436,0.36780272982337,0.,             113P    139
0.04450199193225,0.29997178034351,0.,0.08156938847686,               113P    140
0.24019194115615,0.,0.11863678502146,0.18041210196878,0.,            113P    141
0.17059108206501,0.13335050657222,0.,0.22254537910857,               113P    142
0.08628891117566,0.,0.28533039912687,0.05561975393619,0.,            113P    143
0.34811541914516,0.02495059669671,0.,0.41682940806686,               113P    144
0.01306828102965,0.,0.48554339698856,0.00118596536258,0.,            113P    145
0.55482171409434,0.00901816779301,0.,0.62410003120013,               113P    146
0.01685037022343,0.,0.6885339775228,0.04378561479515,0.,             113P    147
0.75296792384548,0.07072085936686,0.,0.80752701028706,               113P    148
0.1146562568126,0.,0.86208609672865,0.15859165425833,0.,             113P    149
0.90251078456454,0.21609707883724,0.,0.94293547240043,               113P    150
0.27360250341614,0.,0.96606972412162,0.34018838979924,0.,            113P    151
0.98920397584281,0.40677427618234,0.,0.99324165341624,               113P    152
0.4772421289391,0.,0.99727933098967,0.54770998169586,0.,             113P    153
0.98190520472395,0.61655823239407,0.,0.96653107845823,               113P    154
0.68540648309228,0.,0.93294543762609,0.74726000892296,0.,            113P    155
0.89935979679395,0.80911353475363,0.,0.85018474061012,               113P    156
0.85914330528915,0.,0.80100968442629,0.90917307582468,0.,            113P    157
0.74008440943457,0.94347316523532,0.,0.67915913444286,               113P    158
0.97777325464596,0.,0.61124020064197,0.99366578526493,0.,            113P    159
3.14159265358979,7.62688447718064,0.,0.,1.;                          113P    160
126,4,2,1,0,1,0,1.34369917000103,1.34369917000103,                   115P    161
1.34369917000103,2.16220659087776,2.16220659087776,                  115P    162
2.98071401175449,2.98071401175449,2.98071401175449,1.,1.,1.,1.,      115P    163
1.,0.61124020064197,0.99366578526493,0.,0.60465119894131,            115P    164
0.99520756316715,0.,0.59903715900271,0.9913897067648,0.,             115P    165
0.59342311906411,0.98757185036245,0.,0.59233984196748,               115P    166
0.98081250025781,0.,1.34369917000103,2.98071401175449,0.,0.,1.;      115P    167
126,16,2,1,0,1,0,-6.12230666534428,-6.12230666534428,                117P    168
-6.12230666534428,-5.76982724410438,-5.76982724410438,               117P    169
-5.41734782286449,-5.41734782286449,-5.06486840162459,               117P    170
-5.06486840162459,-4.71238898038469,-4.71238898038469,               117P    171
-4.35990955914479,-4.35990955914479,-4.00743013790489,               117P    172
-4.00743013790489,-3.65495071666499,-3.65495071666499,               117P    173
-3.30247129542509,-3.30247129542509,-3.30247129542509,1.,1.,1.,      117P    174
1.,1.,1.,1.,1.,1.,1.,1.,1.,1.,1.,1.,1.,1.,0.59233984196748,          117P    175
0.98081250025781,0.,0.58967120062092,0.96416091478525,0.,            117P    176
0.58148954141734,0.94946595716871,0.,0.57330788221376,               117P    177
0.93477099955217,0.,0.56061922788905,0.92383957241337,0.,            117P    178
0.54793057356435,0.91290814527458,0.,0.53229513023573,               117P    179
0.90708438480446,0.,0.51665968690711,0.90126062433434,0.,0.5,        117P    180
0.90126062433434,0.,0.48334031309289,0.90126062433434,0.,            117P    181
0.46770486976427,0.90708438480446,0.,0.45206942643565,               117P    182
0.91290814527458,0.,0.43938077211095,0.92383957241337,0.,            117P    183
0.42669211778624,0.93477099955217,0.,0.41851045858266,               117P    184
0.94946595716871,0.,0.41032879937908,0.96416091478525,0.,            117P    185
0.40766015803252,0.98081250025781,0.,-6.12230666534428,              117P    186
-3.30247129542509,0.,0.,1.;                                          117P    187
126,4,2,1,0,1,0,0.16087864183531,0.16087864183531,                   119P    188
0.16087864183531,0.97938606271202,0.97938606271202,                  119P    189
1.79789348358874,1.79789348358874,1.79789348358874,1.,1.,1.,1.,      119P    190
1.,0.40766015803252,0.98081250025781,0.,0.40657688093589,            119P    191
0.98757185036245,0.,0.40096284099729,0.9913897067648,0.,             119P    192
0.39534880105869,0.99520756316715,0.,0.38875979935803,               119P    193
0.99366578526493,0.,0.16087864183531,1.79789348358874,0.,0.,1.;      119P    194
126,2,2,1,0,1,0,1.79789348358873,1.79789348358873,                   121P    195
1.79789348358873,1.86729794559935,1.86729794559935,                  121P    196
1.86729794559935,1.,1.,1.,0.38875979935803,0.99366578526493,0.,      121P    197
0.37204794264516,0.98975533379513,0.,0.35564413345646,               121P    198
0.98468075996982,0.,1.79789348358873,1.86729794559935,0.,0.,1.;      121P    199
126,4,2,1,0,1,0,1.86729794559936,1.86729794559936,                   123P    200
1.86729794559936,2.50444529959458,2.50444529959458,                  123P    201
3.14159265358979,3.14159265358979,3.14159265358979,1.,1.,1.,1.,      123P    202
1.,0.35564413345646,0.98468075996982,0.,0.35072638805503,            123P    203
0.98315943880554,0.,0.34766731279412,0.97897418457253,0.,            123P    204
0.3446082375332,0.97478893033952,0.,0.3446082375332,                 123P    205
0.96958206961788,0.,1.86729794559936,3.14159265358979,0.,0.,1.;      123P    206
126,2,2,1,0,1,0,3.14159265358979,3.14159265358979,                   125P    207
3.14159265358979,3.50431278735279,3.50431278735279,                  125P    208
3.50431278735279,1.,1.,1.,0.3446082375332,0.96958206961788,0.,       125P    209
0.3446082375332,0.96668702061141,0.,0.34562268380497,                125P    210
0.96398033759388,0.,3.14159265358979,3.50431278735279,0.,0.,1.;      125P    211
126,16,2,1,0,1,0,-6.64590544094258,-6.64590544094258,                127P    212
-6.64590544094258,-6.29342601970268,-6.29342601970268,               127P    213
-5.94094659846278,-5.94094659846278,-5.58846717722289,               127P    214
-5.58846717722289,-5.23598775598299,-5.23598775598299,               127P    215
-4.88350833474309,-4.88350833474309,-4.53102891350319,               127P    216
-4.53102891350319,-4.17854949226329,-4.17854949226329,               127P    217
-3.8260700710234,-3.8260700710234,-3.8260700710234,1.,1.,1.,1.,      127P    218
1.,1.,1.,1.,1.,1.,1.,1.,1.,1.,1.,1.,1.,0.34562268380497,             127P    219
0.96398033759388,0.,0.35153385211288,0.94820852264608,0.,            127P    220
0.35170445619525,0.9313399855183,0.,0.35187506027762,                127P    221
0.91447144839052,0.,0.34628412253302,0.89858035661399,0.,            127P    222
0.34069318478842,0.88268926483746,0.,0.3300281709675,                127P    223
0.86972959855575,0.,0.31936315714659,0.85676993227404,0.,            127P    224
0.30493544506594,0.8483352214307,0.,0.29050773298529,                127P    225
0.83990051058736,0.,0.27409136456217,0.83702789333102,0.,            127P    226
0.25767499613905,0.83415527607467,0.,0.24128853991358,               127P    227
0.83719797150177,0.,0.2249020836881,0.84024066692887,0.,             127P    228
0.21056043017493,0.84882454300801,0.,0.19621877666175,               127P    229
0.85740841908715,0.,0.18568538595441,0.8704779962044,0.,             127P    230
-6.64590544094258,-3.8260700710234,0.,0.,1.;                         127P    231
126,4,2,1,0,1,0,0.6844774174336,0.6844774174336,0.6844774174336,     129P    232
1.50298483831032,1.50298483831032,2.32149225918704,                  129P    233
2.32149225918704,2.32149225918704,1.,1.,1.,1.,1.,                    129P    234
0.18568538595441,0.8704779962044,0.,0.181409584368,                  129P    235
0.87578330767763,0.,0.17466248835638,0.87624730975861,0.,            129P    236
0.16791539234476,0.87671131183959,0.,0.16297045410041,               129P    237
0.87204011650496,0.,0.6844774174336,2.32149225918704,0.,0.,1.;       129P    238
126,2,2,1,0,1,0,2.32149225918703,2.32149225918703,                   131P    239
2.32149225918703,2.39089672119766,2.39089672119766,                  131P    240
2.39089672119766,1.,1.,1.,0.16297045410041,0.87204011650496,0.,      131P    241
0.15042847837361,0.86019244205341,0.,0.13872810413399,               131P    242
0.84749257089141,0.,2.32149225918703,2.39089672119766,0.,0.,1.;      131P    243
126,2,2,1,0,1,0,2.39089672119765,2.39089672119765,                   133P    244
2.39089672119765,3.14159265358979,3.14159265358979,                  133P    245
3.14159265358979,1.,1.,1.,0.13872810413399,0.84749257089141,0.,      133P    246
0.13453738445162,0.8429438616833,0.,0.13453738445162,                133P    247
0.83672310109244,0.,2.39089672119765,3.14159265358979,0.,0.,1.;      133P    248
126,2,2,1,0,1,0,3.14159265358979,3.14159265358979,                   135P    249
3.14159265358979,4.02791156295109,4.02791156295109,                  135P    250
4.02791156295109,1.,1.,1.,0.13453738445162,0.83672310109244,0.,      135P    251
0.13453738445162,0.82922958484128,0.,0.1402708028466,                135P    252
0.82449167260528,0.,3.14159265358979,4.02791156295109,0.,0.,1.;      135P    253
102,15,107,109,111,113,115,117,119,121,123,125,127,129,131,133,      137P    254
135;                                                                 137P    255
124,0.,0.,-1.,60.,0.,-1.,0.,1.745,-1.,0.,0.,3.02242865920769;        139P    256
100,0.,0.,0.,0.42678105339549,-0.52295595652276,                     141P    257
-0.23950261671136,0.63108121235576;                                  141P    258
124,0.,0.,1.,60.,0.,1.,0.,1.00873858558495,-1.,0.,0.,                143P    259
3.30184837870428;                                                    143P    260
100,0.,0.,0.,0.03991710278523,0.10518020205929,                      145P    261
-0.10759100437487,0.03286983081196;                                  145P    262
124,0.,0.,1.,60.,0.,1.,0.,0.,-1.,0.,0.,-0.;                          147P    263
100,0.,0.,0.,-3.40943938307915,1.04160841639692,-3.565,0.;           149P    264
124,0.,0.,1.,60.,0.,1.,0.,0.,-1.,0.,0.,-0.;                          151P    265
100,0.,0.,0.,-3.565,0.,0.80266034214417,3.47346532660814;            153P    266
124,0.,0.,1.,60.,0.,1.,0.,3.36385386819484,-1.,0.,0.,                155P    267
-0.77733094845799;                                                   155P    268
100,0.,0.,0.,0.02532939368618,0.1096114584133,-0.11104727835114,     157P    269
0.01802087597217;                                                    157P    270
124,0.,0.,-1.,60.,0.,-1.,0.,3.49,-1.,0.,0.,0.;                       159P    271
100,0.,0.,0.,0.66628367010685,0.10812525583299,                      161P    272
-0.66628367010685,0.10812525583299;                                  161P    273
124,0.,0.,1.,60.,0.,1.,0.,3.36385386819484,-1.,0.,0.,                163P    274
0.77733094845799;                                                    163P    275
100,0.,0.,0.,0.11104727835114,0.01802087597217,                      165P    276
-0.02532939368618,0.1096114584133;                                   165P    277
124,0.,0.,1.,60.,0.,1.,0.,-0.00000000000012,-1.,0.,0.,               167P    278
-0.00000000000002;                                                   167P    279
100,0.,0.,0.,-0.80266034214418,3.47346532660826,                     169P    280
-1.04160841639693,3.40943938307927;                                  169P    281
124,0.,0.,1.,60.,0.,1.,0.,3.30184837870428,-1.,0.,0.,                171P    282
1.00873858558495;                                                    171P    283
100,0.,0.,0.,-0.03286983081196,0.10759100437487,-0.1125,0.;          173P    284
124,0.,0.,1.,60.,0.,1.,0.,3.30184837870428,-1.,0.,0.,                175P    285
1.00873858558495;                                                    175P    286
100,0.,0.,0.,-0.1125,0.,-0.10518020205929,-0.03991710278523;         177P    287
124,0.,0.,-1.,60.,0.,-1.,0.,3.02242865920769,-1.,0.,0.,1.745;        179P    288
100,0.,0.,0.,0.63108121235576,-0.23950261671136,                     181P    289
-0.52295595652276,0.42678105339549;                                  181P    290
124,0.,0.,1.,60.,0.,1.,0.,2.52451743024629,-1.,0.,0.,                183P    291
2.35511528260989;                                                    183P    292
100,0.,0.,0.,0.08715932608713,0.07113017556591,                      185P    293
-0.07674162760134,0.08226161068869;                                  185P    294
124,0.,0.,1.,60.,0.,1.,0.,0.00000000000033,-1.,0.,0.,                187P    295
0.00000000000031;                                                    187P    296
100,0.,0.,0.,-2.43185691021091,2.60677904093465,                     189P    297
-2.60677904093467,2.43185691021089;                                  189P    298
124,0.,0.,1.,60.,0.,1.,0.,2.35511528260989,-1.,0.,0.,                191P    299
2.52451743024629;                                                    191P    300
100,0.,0.,0.,-0.08226161068869,0.07674162760134,-0.1125,0.;          193P    301
124,0.,0.,1.,60.,0.,1.,0.,2.35511528260989,-1.,0.,0.,                195P    302
2.52451743024629;                                                    195P    303
100,0.,0.,0.,-0.1125,0.,-0.07113017556591,-0.08715932608713;         197P    304
102,15,141,145,149,153,157,161,165,169,173,177,181,185,189,193,      199P    305
197;                                                                 199P    306
142,1,105,137,199,2;                                                 201P    307
126,32,2,1,1,1,1,-6.28318530717959,-6.28318530717959,                203P    308
-6.28318530717959,-5.89048622548086,-5.89048622548086,               203P    309
-5.49778714378214,-5.49778714378214,-5.10508806208341,               203P    310
-5.10508806208341,-4.71238898038469,-4.71238898038469,               203P    311
-4.31968989868597,-4.31968989868597,-3.92699081698724,               203P    312
-3.92699081698724,-3.53429173528852,-3.53429173528852,               203P    313
-3.14159265358979,-3.14159265358979,-2.74889357189107,               203P    314
-2.74889357189107,-2.35619449019234,-2.35619449019234,               203P    315
-1.96349540849362,-1.96349540849362,-1.5707963267949,                203P    316
-1.5707963267949,-1.17809724509617,-1.17809724509617,                203P    317
-0.78539816339745,-0.78539816339745,-0.39269908169872,               203P    318
-0.39269908169872,0.,0.,0.,1.,1.,1.,1.,1.,1.,1.,1.,1.,1.,1.,1.,      203P    319
1.,1.,1.,1.,1.,1.,1.,1.,1.,1.,1.,1.,1.,1.,1.,1.,1.,1.,1.,1.,1.,      203P    320
0.8464734545898,0.50622003903951,0.,0.8464734545898,                 203P    321
0.43643455233255,0.,0.820099733254,0.37196116949764,0.,              203P    322
0.79372601191819,0.30748778666274,0.,0.74499372924158,               203P    323
0.25814199578385,0.,0.69626144656497,0.20879620490495,0.,            203P    324
0.63258965082582,0.18209045532266,0.,0.56891785508667,               203P    325
0.15538470574037,0.,0.5,0.15538470574037,0.,0.43108214491333,        203P    326
0.15538470574037,0.,0.36741034917418,0.18209045532266,0.,            203P    327
0.30373855343503,0.20879620490495,0.,0.25500627075842,               203P    328
0.25814199578385,0.,0.20627398808181,0.30748778666274,0.,            203P    329
0.179900266746,0.37196116949764,0.,0.1535265454102,                  203P    330
0.43643455233255,0.,0.1535265454102,0.50622003903951,0.,             203P    331
0.1535265454102,0.57600552574647,0.,0.179900266746,                  203P    332
0.64047890858137,0.,0.20627398808181,0.70495229141627,0.,            203P    333
0.25500627075842,0.75429808229517,0.,0.30373855343503,               203P    334
0.80364387317407,0.,0.36741034917418,0.83034962275636,0.,            203P    335
0.43108214491333,0.85705537233864,0.,0.5,0.85705537233864,0.,        203P    336
0.56891785508667,0.85705537233864,0.,0.63258965082582,               203P    337
0.83034962275636,0.,0.69626144656497,0.80364387317407,0.,            203P    338
0.74499372924158,0.75429808229517,0.,0.79372601191819,               203P    339
0.70495229141627,0.,0.820099733254,0.64047890858137,0.,              203P    340
0.8464734545898,0.57600552574647,0.,0.8464734545898,                 203P    341
0.50622003903951,0.,-6.28318530717959,0.,0.,0.,1.;                   203P    342
102,1,203;                                                           205P    343
124,0.,0.,-1.,60.,0.,-1.,0.,0.,-1.,0.,0.,0.;                         207P    344
100,0.,0.,0.,2.5,0.,2.5,0.;                                          209P    345
102,1,209;                                                           211P    346
142,1,105,205,211,2;                                                 213P    347
144,105,1,1,201,213;                                                 215P    348
110,80.,0.,0.,1080.,0.,0.;                                           217P    349
110,80.,0.,-2.5,60.,0.,-2.5;                                         219P    350
120,217,219,0.,6.28318530717959;                                     221P    351
126,1,1,1,0,1,0,0.,0.,6.28318530717959,6.28318530717959,1.,1.,       223P    352
1.,0.,0.,1.,6.28318530717959,0.,0.,6.28318530717959,0.,0.,1.;        223P    353
126,1,1,1,0,1,0,-0.02,-0.02,0.,0.,1.,1.,1.,6.28318530717959,0.,      225P    354
0.,6.28318530717959,0.,-0.02,0.,0.,0.,1.;                            225P    355
126,1,1,1,0,1,0,-6.28318530717959,-6.28318530717959,0.,0.,1.,1.,     227P    356
0.,6.28318530717959,0.,0.,0.,0.,-6.28318530717959,0.,0.,0.,1.;       227P    357
126,1,1,1,0,1,0,0.,0.,0.02,0.02,1.,1.,0.,0.,0.,1.,0.,0.,0.,0.02,     229P    358
0.,0.,1.;                                                            229P    359
102,4,223,225,227,229;                                               231P    360
124,0.,0.,1.,60.,0.,1.,0.,0.,-1.,0.,0.,0.;                           233P    361
100,0.,0.,0.,2.5,0.,2.5,-0.;                                         235P    362
110,60.,0.,-2.5,80.,0.,-2.5;                                         237P    363
124,0.,0.,-1.,80.,0.,-1.,0.,0.,-1.,0.,0.,0.;                         239P    364
100,0.,0.,0.,2.5,0.,2.5,0.;                                          241P    365
110,80.,0.,-2.5,60.,0.,-2.5;                                         243P    366
102,4,235,237,241,243;                                               245P    367
142,1,221,231,245,2;                                                 247P    368
144,221,1,0,247;                                                     249P    369
110,80.,-2.53,2.53,80.,-2.53,-2.53;                                  251P    370
122,251,80.,2.53,2.53;                                               253P    371
126,32,2,1,1,1,1,0.,0.,0.,0.39269908169872,0.39269908169872,         255P    372
0.78539816339745,0.78539816339745,1.17809724509617,                  255P    373
1.17809724509617,1.5707963267949,1.5707963267949,                    255P    374
1.96349540849362,1.96349540849362,2.35619449019234,                  255P    375
2.35619449019234,2.74889357189107,2.74889357189107,                  255P    376
3.14159265358979,3.14159265358979,3.53429173528852,                  255P    377
3.53429173528852,3.92699081698724,3.92699081698724,                  255P    378
4.31968989868597,4.31968989868597,4.71238898038469,                  255P    379
4.71238898038469,5.10508806208341,5.10508806208341,                  255P    380
5.49778714378214,5.49778714378214,5.89048622548086,                  255P    381
5.89048622548086,6.28318530717959,6.28318530717959,                  255P    382
6.28318530717959,1.,1.,1.,1.,1.,1.,1.,1.,1.,1.,1.,1.,1.,1.,1.,       255P    383
1.,1.,1.,1.,1.,1.,1.,1.,1.,1.,1.,1.,1.,1.,1.,1.,1.,1.,               255P    384
0.99407114624506,0.5,0.,0.99407114624506,0.59827686135359,0.,        255P    385
0.9564622196202,0.68907284207761,0.,0.91885329299534,                255P    386
0.77986882280164,0.,0.84936105789849,0.84936105789849,0.,            255P    387
0.77986882280164,0.91885329299534,0.,0.68907284207761,               255P    388
0.9564622196202,0.,0.59827686135359,0.99407114624506,0.,0.5,         255P    389
0.99407114624506,0.,0.40172313864641,0.99407114624506,0.,            255P    390
0.31092715792239,0.9564622196202,0.,0.22013117719836,                255P    391
0.91885329299534,0.,0.15063894210151,0.84936105789849,0.,            255P    392
0.08114670700466,0.77986882280164,0.,0.0435377803798,                255P    393
0.68907284207761,0.,0.00592885375494,0.59827686135359,0.,            255P    394
0.00592885375494,0.5,0.,0.00592885375494,0.40172313864641,0.,        255P    395
0.0435377803798,0.31092715792239,0.,0.08114670700466,                255P    396
0.22013117719836,0.,0.15063894210151,0.15063894210151,0.,            255P    397
0.22013117719836,0.08114670700466,0.,0.31092715792239,               255P    398
0.0435377803798,0.,0.40172313864641,0.00592885375494,0.,0.5,         255P    399
0.00592885375494,0.,0.59827686135359,0.00592885375494,0.,            255P    400
0.68907284207761,0.0435377803798,0.,0.77986882280164,                255P    401
0.08114670700466,0.,0.84936105789849,0.15063894210151,0.,            255P    402
0.91885329299534,0.22013117719836,0.,0.9564622196202,                255P    403
0.31092715792239,0.,0.99407114624506,0.40172313864641,0.,            255P    404
0.99407114624506,0.5,0.,0.,6.28318530717959,0.,0.,1.;                255P    405
102,1,255;                                                           257P    406
124,0.,0.,1.,80.,0.,1.,0.,0.,-1.,0.,0.,0.;                           259P    407
100,0.,0.,0.,2.5,0.,2.5,-0.;                                         261P    408
102,1,261;                                                           263P    409
142,1,253,257,263,2;                                                 265P    410
144,253,1,0,265;                                                     267P    411
110,60.,1.00873858558495,3.30184837870428,-940.,                     269P    412
1.00873858558495,3.30184837870428;                                   269P    413
110,0.,1.00873858558495,3.41434837870428,60.,1.00873858558495,       271P    414
3.41434837870428;                                                    271P    415
120,269,271,0.,6.28318530717959;                                     273P    416
126,1,1,1,0,1,0,1.2080761930319,1.2080761930319,                     275P    417
2.84509103478533,2.84509103478533,1.,1.,0.,1.93351646055789,0.,      275P    418
0.,0.29650161880446,0.,1.2080761930319,2.84509103478533,0.,0.,       275P    419
1.;                                                                  275P    420
126,1,1,1,0,1,0,-0.06,-0.06,0.,0.,1.,1.,0.,0.29650161880446,0.,      277P    421
1.,0.29650161880446,0.,-0.06,0.,0.,0.,1.;                            277P    422
126,1,1,1,0,1,0,-2.84509103478533,-2.84509103478533,                 279P    423
-1.2080761930319,-1.2080761930319,1.,1.,1.,0.29650161880446,0.,      279P    424
1.,1.93351646055789,0.,-2.84509103478533,-1.2080761930319,0.,0.,     279P    425
1.;                                                                  279P    426
126,1,1,1,0,1,0,0.,0.,0.06,0.06,1.,1.,1.,1.93351646055789,0.,0.,     281P    427
1.93351646055789,0.,0.,0.06,0.,0.,1.;                                281P    428
102,4,275,277,279,281;                                               283P    429
124,0.,0.,1.,0.,0.,1.,0.,1.00873858558495,-1.,0.,0.,                 285P    430
3.30184837870428;                                                    285P    431
100,0.,0.,0.,0.03991710278523,0.10518020205929,                      287P    432
-0.10759100437487,0.03286983081196;                                  287P    433
110,0.,1.04160841639692,3.40943938307915,60.,1.04160841639692,       289P    434
3.40943938307915;                                                    289P    435
124,0.,0.,-1.,60.,0.,-1.,0.,1.00873858558495,-1.,0.,0.,              291P    436
3.30184837870428;                                                    291P    437
100,0.,0.,0.,-0.10759100437487,-0.03286983081196,                    293P    438
0.03991710278523,-0.10518020205929;                                  293P    439
110,60.,1.11391878764424,3.26193127591905,0.,1.11391878764424,       295P    440
3.26193127591905;                                                    295P    441
102,4,287,289,293,295;                                               297P    442
142,1,273,283,297,2;                                                 299P    443
144,273,1,0,299;                                                     301P    444
110,60.,1.745,3.02242865920769,-940.,1.745,3.02242865920769;         303P    445
110,60.,1.745,3.69742865920769,0.,1.745,3.69742865920769;            305P    446
120,303,305,0.,6.28318530717959;                                     307P    447
126,1,1,1,0,1,0,-7.16950421654088,-7.16950421654088,                 309P    448
-4.34966884662169,-4.34966884662169,1.,1.,1.,2.2552737442285,0.,     309P    449
1.,5.07510911414769,0.,-7.16950421654088,-4.34966884662169,0.,       309P    450
0.,1.;                                                               309P    451
126,1,1,1,0,1,0,-0.06,-0.06,0.,0.,1.,1.,1.,5.07510911414769,0.,      311P    452
0.,5.07510911414769,0.,-0.06,0.,0.,0.,1.;                            311P    453
126,1,1,1,0,1,0,4.34966884662169,4.34966884662169,                   313P    454
7.16950421654088,7.16950421654088,1.,1.,0.,5.07510911414769,0.,      313P    455
0.,2.2552737442285,0.,4.34966884662169,7.16950421654088,0.,0.,       313P    456
1.;                                                                  313P    457
126,1,1,1,0,1,0,0.,0.,0.06,0.06,1.,1.,0.,2.2552737442285,0.,1.,      315P    458
2.2552737442285,0.,0.,0.06,0.,0.,1.;                                 315P    459
102,4,309,311,313,315;                                               317P    460
124,0.,0.,-1.,0.,0.,-1.,0.,1.745,-1.,0.,0.,3.02242865920769;         319P    461
100,0.,0.,0.,0.42678105339549,-0.52295595652276,                     321P    462
-0.23950261671136,0.63108121235576;                                  321P    463
110,0.,1.11391878764424,3.26193127591905,60.,1.11391878764424,       323P    464
3.26193127591905;                                                    323P    465
124,0.,0.,1.,60.,0.,1.,0.,1.745,-1.,0.,0.,3.02242865920769;          325P    466
100,0.,0.,0.,-0.23950261671136,-0.63108121235576,                    327P    467
0.42678105339549,0.52295595652276;                                   327P    468
110,60.,2.26795595652277,2.5956476058122,0.,2.26795595652277,        329P    469
2.5956476058122;                                                     329P    470
102,4,321,323,327,329;                                               331P    471
142,1,307,317,331,2;                                                 333P    472
144,307,1,0,333;                                                     335P    473
110,60.,2.35511528260989,2.52451743024629,-940.,                     337P    474
2.35511528260989,2.52451743024629;                                   337P    475
110,0.,2.35511528260989,2.63701743024629,60.,2.35511528260989,       339P    476
2.63701743024629;                                                    339P    477
120,337,339,0.,6.28318530717959;                                     341P    478
126,1,1,1,0,1,0,-0.06,-0.06,0.,0.,1.,1.,0.,0.,0.,1.,0.,0.,-0.06,     343P    479
0.,0.,0.,1.;                                                         343P    480
126,1,1,1,0,1,0,-3.14159265358979,-3.14159265358979,                 345P    481
-2.39089672119765,-2.39089672119765,1.,1.,1.,0.,0.,1.,               345P    482
0.75069593239215,0.,-3.14159265358979,-2.39089672119765,0.,0.,       345P    483
1.;                                                                  345P    484
126,1,1,1,0,1,0,0.,0.,0.06,0.06,1.,1.,1.,0.75069593239215,0.,0.,     347P    485
0.75069593239215,0.,0.,0.06,0.,0.,1.;                                347P    486
126,1,1,1,0,1,0,2.39089672119765,2.39089672119765,                   349P    487
3.14159265358979,3.14159265358979,1.,1.,0.,0.75069593239215,0.,      349P    488
0.,0.,0.,2.39089672119765,3.14159265358979,0.,0.,1.;                 349P    489
102,4,343,345,347,349;                                               351P    490
110,0.,2.35511528260989,2.63701743024629,60.,2.35511528260989,       353P    491
2.63701743024629;                                                    353P    492
124,0.,0.,-1.,60.,0.,-1.,0.,2.35511528260989,-1.,0.,0.,              355P    493
2.52451743024629;                                                    355P    494
100,0.,0.,0.,-0.1125,-0.,-0.08226161068869,-0.07674162760134;        357P    495
110,60.,2.43185691021123,2.60677904093498,0.,2.43185691021123,       359P    496
2.60677904093498;                                                    359P    497
124,0.,0.,1.,0.,0.,1.,0.,2.35511528260989,-1.,0.,0.,                 361P    498
2.52451743024629;                                                    361P    499
100,0.,0.,0.,-0.08226161068869,0.07674162760134,-0.1125,0.;          363P    500
102,4,353,357,359,363;                                               365P    501
142,1,341,351,365,2;                                                 367P    502
144,341,1,0,367;                                                     369P    503
110,60.,0.00000000000033,0.00000000000031,-940.,                     371P    504
0.00000000000033,0.00000000000031;                                   371P    505
110,0.,0.00000000000033,3.56499999999986,60.,0.00000000000033,       373P    506
3.56499999999986;                                                    373P    507
120,371,373,0.,6.28318530717959;                                     375P    508
126,1,1,1,0,1,0,2.32149225918703,2.32149225918703,                   377P    509
2.39089672119766,2.39089672119766,1.,1.,0.,0.82010039440276,0.,      377P    510
0.,0.75069593239213,0.,2.32149225918703,2.39089672119766,0.,0.,      377P    511
1.;                                                                  377P    512
126,1,1,1,0,1,0,-0.06,-0.06,0.,0.,1.,1.,0.,0.75069593239213,0.,      379P    513
1.,0.75069593239213,0.,-0.06,0.,0.,0.,1.;                            379P    514
126,1,1,1,0,1,0,-2.39089672119766,-2.39089672119766,                 381P    515
-2.32149225918703,-2.32149225918703,1.,1.,1.,0.75069593239213,       381P    516
0.,1.,0.82010039440276,0.,-2.39089672119766,-2.32149225918703,       381P    517
0.,0.,1.;                                                            381P    518
126,1,1,1,0,1,0,0.,0.,0.06,0.06,1.,1.,1.,0.82010039440276,0.,0.,     383P    519
0.82010039440276,0.,0.,0.06,0.,0.,1.;                                383P    520
102,4,377,379,381,383;                                               385P    521
124,0.,0.,1.,0.,0.,1.,0.,0.00000000000033,-1.,0.,0.,                 387P    522
0.00000000000031;                                                    387P    523
100,0.,0.,0.,-2.43185691021091,2.60677904093465,                     389P    524
-2.60677904093467,2.43185691021089;                                  389P    525
110,0.,2.43185691021123,2.60677904093498,60.,2.43185691021123,       391P    526
2.60677904093498;                                                    391P    527
124,0.,0.,-1.,60.,0.,-1.,0.,0.00000000000033,-1.,0.,0.,              393P    528
0.00000000000031;                                                    393P    529
100,0.,0.,0.,-2.60677904093467,-2.43185691021089,                    395P    530
-2.43185691021091,-2.60677904093465;                                 395P    531
110,60.,2.60677904093498,2.43185691021123,0.,2.60677904093498,       397P    532
2.43185691021123;                                                    397P    533
102,4,389,391,395,397;                                               399P    534
142,1,375,385,399,2;                                                 401P    535
144,375,1,0,401;                                                     403P    536
110,60.,2.52451743024629,2.35511528260989,-940.,                     405P    537
2.52451743024629,2.35511528260989;                                   405P    538
110,0.,2.52451743024629,2.46761528260989,60.,2.52451743024629,       407P    539
2.46761528260989;                                                    407P    540
120,405,407,0.,6.28318530717959;                                     409P    541
126,1,1,1,0,1,0,0.6844774174336,0.6844774174336,                     411P    542
2.32149225918704,2.32149225918704,1.,1.,0.,2.4571152361562,0.,       411P    543
0.,0.82010039440275,0.,0.6844774174336,2.32149225918704,0.,0.,       411P    544
1.;                                                                  411P    545
126,1,1,1,0,1,0,-0.06,-0.06,0.,0.,1.,1.,0.,0.82010039440275,0.,      413P    546
1.,0.82010039440275,0.,-0.06,0.,0.,0.,1.;                            413P    547
126,1,1,1,0,1,0,-2.32149225918704,-2.32149225918704,                 415P    548
-0.6844774174336,-0.6844774174336,1.,1.,1.,0.82010039440275,0.,      415P    549
1.,2.4571152361562,0.,-2.32149225918704,-0.6844774174336,0.,0.,      415P    550
1.;                                                                  415P    551
126,1,1,1,0,1,0,0.,0.,0.06,0.06,1.,1.,1.,2.4571152361562,0.,0.,      417P    552
2.4571152361562,0.,0.,0.06,0.,0.,1.;                                 417P    553
102,4,411,413,415,417;                                               419P    554
124,0.,0.,1.,0.,0.,1.,0.,2.52451743024629,-1.,0.,0.,                 421P    555
2.35511528260989;                                                    421P    556
100,0.,0.,0.,0.08715932608713,0.07113017556591,                      423P    557
-0.07674162760134,0.08226161068869;                                  423P    558
110,0.,2.60677904093498,2.43185691021123,60.,2.60677904093498,       425P    559
2.43185691021123;                                                    425P    560
124,0.,0.,-1.,60.,0.,-1.,0.,2.52451743024629,-1.,0.,0.,              427P    561
2.35511528260989;                                                    427P    562
100,0.,0.,0.,-0.07674162760134,-0.08226161068869,                    429P    563
0.08715932608713,-0.07113017556591;                                  429P    564
110,60.,2.5956476058122,2.26795595652276,0.,2.5956476058122,         431P    565
2.26795595652276;                                                    431P    566
102,4,423,425,429,431;                                               433P    567
142,1,409,419,433,2;                                                 435P    568
144,409,1,0,435;                                                     437P    569
110,60.,3.02242865920769,1.745,-940.,3.02242865920769,1.745;         439P    570
110,60.,3.02242865920769,2.42,0.,3.02242865920769,2.42;              441P    571
120,439,441,0.,6.28318530717959;                                     443P    572
126,1,1,1,0,1,0,-6.64590544094258,-6.64590544094258,                 445P    573
-3.8260700710234,-3.8260700710234,1.,1.,1.,2.7788725198268,0.,       445P    574
1.,5.59870788974598,0.,-6.64590544094258,-3.8260700710234,0.,0.,     445P    575
1.;                                                                  445P    576
126,1,1,1,0,1,0,-0.06,-0.06,0.,0.,1.,1.,1.,5.59870788974598,0.,      447P    577
0.,5.59870788974598,0.,-0.06,0.,0.,0.,1.;                            447P    578
126,1,1,1,0,1,0,3.8260700710234,3.8260700710234,                     449P    579
6.64590544094258,6.64590544094258,1.,1.,0.,5.59870788974598,0.,      449P    580
0.,2.7788725198268,0.,3.8260700710234,6.64590544094258,0.,0.,1.;     449P    581
126,1,1,1,0,1,0,0.,0.,0.06,0.06,1.,1.,0.,2.7788725198268,0.,1.,      451P    582
2.7788725198268,0.,0.,0.06,0.,0.,1.;                                 451P    583
102,4,445,447,449,451;                                               453P    584
124,0.,0.,-1.,0.,0.,-1.,0.,3.02242865920769,-1.,0.,0.,1.745;         455P    585
100,0.,0.,0.,0.63108121235576,-0.23950261671136,                     457P    586
-0.52295595652276,0.42678105339549;                                  457P    587
110,0.,2.5956476058122,2.26795595652276,60.,2.5956476058122,         459P    588
2.26795595652276;                                                    459P    589
124,0.,0.,1.,60.,0.,1.,0.,3.02242865920769,-1.,0.,0.,1.745;          461P    590
100,0.,0.,0.,-0.52295595652276,-0.42678105339549,                    463P    591
0.63108121235576,0.23950261671136;                                   463P    592
110,60.,3.26193127591905,1.11391878764424,0.,3.26193127591905,       465P    593
1.11391878764424;                                                    465P    594
102,4,457,459,463,465;                                               467P    595
142,1,443,453,467,2;                                                 469P    596
144,443,1,0,469;                                                     471P    597
110,60.,3.30184837870428,1.00873858558495,-940.,                     473P    598
3.30184837870428,1.00873858558495;                                   473P    599
110,0.,3.30184837870428,1.12123858558495,60.,3.30184837870428,       475P    600
1.12123858558495;                                                    475P    601
120,473,475,0.,6.28318530717959;                                     477P    602
126,1,1,1,0,1,0,-0.06,-0.06,0.,0.,1.,1.,0.,0.,0.,1.,0.,0.,-0.06,     479P    603
0.,0.,0.,1.;                                                         479P    604
126,1,1,1,0,1,0,-3.14159265358979,-3.14159265358979,                 481P    605
-1.86729794559936,-1.86729794559936,1.,1.,1.,0.,0.,1.,               481P    606
1.27429470799043,0.,-3.14159265358979,-1.86729794559936,0.,0.,       481P    607
1.;                                                                  481P    608
126,1,1,1,0,1,0,0.,0.,0.06,0.06,1.,1.,1.,1.27429470799043,0.,0.,     483P    609
1.27429470799043,0.,0.,0.06,0.,0.,1.;                                483P    610
126,1,1,1,0,1,0,1.86729794559936,1.86729794559936,                   485P    611
3.14159265358979,3.14159265358979,1.,1.,0.,1.27429470799043,0.,      485P    612
0.,0.,0.,1.86729794559936,3.14159265358979,0.,0.,1.;                 485P    613
102,4,479,481,483,485;                                               487P    614
110,0.,3.30184837870428,1.12123858558495,60.,3.30184837870428,       489P    615
1.12123858558495;                                                    489P    616
124,0.,0.,-1.,60.,0.,-1.,0.,3.30184837870428,-1.,0.,0.,              491P    617
1.00873858558495;                                                    491P    618
100,0.,0.,0.,-0.1125,-0.,-0.03286983081196,-0.10759100437487;        493P    619
110,60.,3.40943938307915,1.04160841639692,0.,3.40943938307915,       495P    620
1.04160841639692;                                                    495P    621
124,0.,0.,1.,0.,0.,1.,0.,3.30184837870428,-1.,0.,0.,                 497P    622
1.00873858558495;                                                    497P    623
100,0.,0.,0.,-0.03286983081196,0.10759100437487,-0.1125,0.;          499P    624
102,4,489,493,495,499;                                               501P    625
142,1,477,487,501,2;                                                 503P    626
144,477,1,0,503;                                                     505P    627
110,60.,-0.00000000000012,-0.00000000000002,-940.,                   507P    628
-0.00000000000012,-0.00000000000002;                                 507P    629
110,0.,-0.00000000000012,3.56500000000011,60.,-0.00000000000012,     509P    630
3.56500000000011;                                                    509P    631
120,507,509,0.,6.28318530717959;                                     511P    632
126,1,1,1,0,1,0,1.79789348358873,1.79789348358873,                   513P    633
1.86729794559935,1.86729794559935,1.,1.,0.,1.34369917000106,0.,      513P    634
0.,1.27429470799044,0.,1.79789348358873,1.86729794559935,0.,0.,      513P    635
1.;                                                                  513P    636
126,1,1,1,0,1,0,-0.06,-0.06,0.,0.,1.,1.,0.,1.27429470799044,0.,      515P    637
1.,1.27429470799044,0.,-0.06,0.,0.,0.,1.;                            515P    638
126,1,1,1,0,1,0,-1.86729794559935,-1.86729794559935,                 517P    639
-1.79789348358873,-1.79789348358873,1.,1.,1.,1.27429470799044,       517P    640
0.,1.,1.34369917000106,0.,-1.86729794559935,-1.79789348358873,       517P    641
0.,0.,1.;                                                            517P    642
126,1,1,1,0,1,0,0.,0.,0.06,0.06,1.,1.,1.,1.34369917000106,0.,0.,     519P    643
1.34369917000106,0.,0.,0.06,0.,0.,1.;                                519P    644
102,4,513,515,517,519;                                               521P    645
124,0.,0.,1.,0.,0.,1.,0.,-0.00000000000012,-1.,0.,0.,                523P    646
-0.00000000000002;                                                   523P    647
100,0.,0.,0.,-0.80266034214418,3.47346532660826,                     525P    648
-1.04160841639693,3.40943938307927;                                  525P    649
110,0.,3.40943938307915,1.04160841639692,60.,3.40943938307915,       527P    650
1.04160841639692;                                                    527P    651
124,0.,0.,-1.,60.,0.,-1.,0.,-0.00000000000012,-1.,0.,0.,             529P    652
-0.00000000000002;                                                   529P    653
100,0.,0.,0.,-1.04160841639693,-3.40943938307927,                    531P    654
-0.80266034214418,-3.47346532660826;                                 531P    655
110,60.,3.47346532660814,0.80266034214416,0.,3.47346532660814,       533P    656
0.80266034214416;                                                    533P    657
102,4,525,527,531,533;                                               535P    658
142,1,511,521,535,2;                                                 537P    659
144,511,1,0,537;                                                     539P    660
110,60.,3.36385386819484,0.77733094845799,-940.,                     541P    661
3.36385386819484,0.77733094845799;                                   541P    662
110,0.,3.36385386819484,0.88983094845799,60.,3.36385386819484,       543P    663
0.88983094845799;                                                    543P    664
120,541,543,0.,6.28318530717959;                                     545P    665
126,1,1,1,0,1,0,0.16087864183531,0.16087864183531,                   547P    666
1.79789348358874,1.79789348358874,1.,1.,0.,2.98071401175448,0.,      547P    667
0.,1.34369917000106,0.,0.16087864183531,1.79789348358874,0.,0.,      547P    668
1.;                                                                  547P    669
126,1,1,1,0,1,0,-0.06,-0.06,0.,0.,1.,1.,0.,1.34369917000106,0.,      549P    670
1.,1.34369917000106,0.,-0.06,0.,0.,0.,1.;                            549P    671
126,1,1,1,0,1,0,-1.79789348358874,-1.79789348358874,                 551P    672
-0.16087864183531,-0.16087864183531,1.,1.,1.,1.34369917000106,       551P    673
0.,1.,2.98071401175448,0.,-1.79789348358874,-0.16087864183531,       551P    674
0.,0.,1.;                                                            551P    675
126,1,1,1,0,1,0,0.,0.,0.06,0.06,1.,1.,1.,2.98071401175448,0.,0.,     553P    676
2.98071401175448,0.,0.,0.06,0.,0.,1.;                                553P    677
102,4,547,549,551,553;                                               555P    678
124,0.,0.,1.,0.,0.,1.,0.,3.36385386819484,-1.,0.,0.,                 557P    679
0.77733094845799;                                                    557P    680
100,0.,0.,0.,0.11104727835114,0.01802087597217,                      559P    681
-0.02532939368618,0.1096114584133;                                   559P    682
110,0.,3.47346532660814,0.80266034214416,60.,3.47346532660814,       561P    683
0.80266034214416;                                                    561P    684
124,0.,0.,-1.,60.,0.,-1.,0.,3.36385386819484,-1.,0.,0.,              563P    685
0.77733094845799;                                                    563P    686
100,0.,0.,0.,-0.02532939368618,-0.1096114584133,                     565P    687
0.11104727835114,-0.01802087597217;                                  565P    688
110,60.,3.38187474416701,0.66628367010685,0.,3.38187474416701,       567P    689
0.66628367010685;                                                    567P    690
102,4,559,561,565,567;                                               569P    691
142,1,545,555,569,2;                                                 571P    692
144,545,1,0,571;                                                     573P    693
110,60.,3.49,0.,-940.,3.49,0.;                                       575P    694
110,60.,3.49,0.675,0.,3.49,0.675;                                    577P    695
120,575,577,0.,6.28318530717959;                                     579P    696
126,1,1,1,0,1,0,-6.12230666534428,-6.12230666534428,                 581P    697
-3.30247129542509,-3.30247129542509,1.,1.,1.,3.3024712954251,0.,     581P    698
1.,6.12230666534429,0.,-6.12230666534428,-3.30247129542509,0.,       581P    699
0.,1.;                                                               581P    700
126,1,1,1,0,1,0,-0.06,-0.06,0.,0.,1.,1.,1.,6.12230666534428,0.,      583P    701
0.,6.12230666534428,0.,-0.06,0.,0.,0.,1.;                            583P    702
126,1,1,1,0,1,0,3.30247129542509,3.30247129542509,                   585P    703
6.12230666534428,6.12230666534428,1.,1.,0.,6.12230666534429,0.,      585P    704
0.,3.3024712954251,0.,3.30247129542509,6.12230666534428,0.,0.,       585P    705
1.;                                                                  585P    706
126,1,1,1,0,1,0,0.,0.,0.06,0.06,1.,1.,0.,3.3024712954251,0.,1.,      587P    707
3.3024712954251,0.,0.,0.06,0.,0.,1.;                                 587P    708
102,4,581,583,585,587;                                               589P    709
124,0.,0.,-1.,0.,0.,-1.,0.,3.49,-1.,0.,0.,0.;                        591P    710
100,0.,0.,0.,0.66628367010685,0.10812525583299,                      593P    711
-0.66628367010685,0.10812525583299;                                  593P    712
110,0.,3.38187474416701,0.66628367010685,60.,3.38187474416701,       595P    713
0.66628367010685;                                                    595P    714
124,0.,0.,1.,60.,0.,1.,0.,3.49,-1.,0.,0.,0.;                         597P    715
100,0.,0.,0.,-0.66628367010685,-0.10812525583299,                    599P    716
0.66628367010685,-0.10812525583299;                                  599P    717
110,60.,3.38187474416701,-0.66628367010685,0.,3.38187474416701,      601P    718
-0.66628367010685;                                                   601P    719
102,4,593,595,599,601;                                               603P    720
142,1,579,589,603,2;                                                 605P    721
144,579,1,0,605;                                                     607P    722
110,60.,3.36385386819484,-0.77733094845799,-940.,                    609P    723
3.36385386819484,-0.77733094845799;                                  609P    724
110,0.,3.36385386819484,-0.66483094845799,60.,3.36385386819484,      611P    725
-0.66483094845799;                                                   611P    726
120,609,611,0.,6.28318530717959;                                     613P    727
126,1,1,1,0,1,0,1.34369917000103,1.34369917000103,                   615P    728
2.98071401175449,2.98071401175449,1.,1.,0.,1.79789348358877,0.,      615P    729
0.,0.1608786418353,0.,1.34369917000103,2.98071401175449,0.,0.,       615P    730
1.;                                                                  615P    731
126,1,1,1,0,1,0,-0.06,-0.06,0.,0.,1.,1.,0.,0.1608786418353,0.,       617P    732
1.,0.1608786418353,0.,-0.06,0.,0.,0.,1.;                             617P    733
126,1,1,1,0,1,0,-2.98071401175449,-2.98071401175449,                 619P    734
-1.34369917000103,-1.34369917000103,1.,1.,1.,0.1608786418353,0.,     619P    735
1.,1.79789348358877,0.,-2.98071401175449,-1.34369917000103,0.,       619P    736
0.,1.;                                                               619P    737
126,1,1,1,0,1,0,0.,0.,0.06,0.06,1.,1.,1.,1.79789348358877,0.,0.,     621P    738
1.79789348358877,0.,0.,0.06,0.,0.,1.;                                621P    739
102,4,615,617,619,621;                                               623P    740
124,0.,0.,1.,0.,0.,1.,0.,3.36385386819484,-1.,0.,0.,                 625P    741
-0.77733094845799;                                                   625P    742
100,0.,0.,0.,0.02532939368618,0.1096114584133,-0.11104727835114,     627P    743
0.01802087597217;                                                    627P    744
110,0.,3.38187474416701,-0.66628367010685,60.,3.38187474416701,      629P    745
-0.66628367010685;                                                   629P    746
124,0.,0.,-1.,60.,0.,-1.,0.,3.36385386819484,-1.,0.,0.,              631P    747
-0.77733094845799;                                                   631P    748
100,0.,0.,0.,-0.11104727835114,-0.01802087597217,                    633P    749
0.02532939368618,-0.1096114584133;                                   633P    750
110,60.,3.47346532660814,-0.80266034214417,0.,3.47346532660814,      635P    751
-0.80266034214417;                                                   635P    752
102,4,627,629,633,635;                                               637P    753
142,1,613,623,637,2;                                                 639P    754
144,613,1,0,639;                                                     641P    755
110,60.,0.,-0.,-940.,0.,-0.;                                         643P    756
110,0.,0.,3.565,60.,0.,3.565;                                        645P    757
120,643,645,0.,6.28318530717959;                                     647P    758
126,1,1,1,0,1,0,-0.06,-0.06,0.,0.,1.,1.,0.,0.,0.,1.,0.,0.,-0.06,     649P    759
0.,0.,0.,1.;                                                         649P    760
126,1,1,1,0,1,0,-3.14159265358979,-3.14159265358979,                 651P    761
-2.84509103478533,-2.84509103478533,1.,1.,1.,0.,0.,1.,               651P    762
0.29650161880446,0.,-3.14159265358979,-2.84509103478533,0.,0.,       651P    763
1.;                                                                  651P    764
126,1,1,1,0,1,0,0.,0.,0.06,0.06,1.,1.,1.,0.29650161880446,0.,0.,     653P    765
0.29650161880446,0.,0.,0.06,0.,0.,1.;                                653P    766
126,1,1,1,0,1,0,2.84509103478533,2.84509103478533,                   655P    767
3.14159265358979,3.14159265358979,1.,1.,0.,0.29650161880446,0.,      655P    768
0.,0.,0.,2.84509103478533,3.14159265358979,0.,0.,1.;                 655P    769
102,4,649,651,653,655;                                               657P    770
110,0.,0.,3.565,60.,0.,3.565;                                        659P    771
124,0.,0.,-1.,60.,0.,-1.,0.,0.,-1.,0.,0.,-0.;                        661P    772
100,0.,0.,0.,-3.565,-0.,-3.40943938307915,-1.04160841639692;         663P    773
110,60.,1.04160841639692,3.40943938307915,0.,1.04160841639692,       665P    774
3.40943938307915;                                                    665P    775
124,0.,0.,1.,0.,0.,1.,0.,0.,-1.,0.,0.,-0.;                           667P    776
100,0.,0.,0.,-3.40943938307915,1.04160841639692,-3.565,0.;           669P    777
102,4,659,663,665,669;                                               671P    778
142,1,647,657,671,2;                                                 673P    779
144,647,1,0,673;                                                     675P    780
110,0.,-3.60724812320917,-3.60778,0.,-3.60724812320917,3.60778;      677P    781
122,677,0.,3.51860199140401,-3.60778;                                679P    782
126,2,2,1,0,1,0,-3.14159265358979,-3.14159265358979,                 681P    783
-3.14159265358979,-2.84509103478533,-2.84509103478533,               681P    784
-2.84509103478533,1.,1.,1.,0.99407114624506,0.50622003903951,0.,     681P    785
0.99407114624506,0.58093679842606,0.,0.97251209650798,               681P    786
0.65239325341303,0.,-3.14159265358979,-2.84509103478533,0.,0.,       681P    787
1.;                                                                  681P    788
126,4,2,1,0,1,0,-2.84509103478533,-2.84509103478533,                 683P    789
-2.84509103478533,-2.02658361390862,-2.02658361390862,               683P    790
-1.2080761930319,-1.2080761930319,-1.2080761930319,1.,1.,1.,1.,      683P    791
1.,0.97251209650798,0.65239325341303,0.,0.97053621392914,            683P    792
0.65894222316246,0.,0.96446394077206,0.66195640438574,0.,            683P    793
0.95839166761499,0.66497058560902,0.,0.95206903912088,               683P    794
0.66254086669204,0.,-2.84509103478533,-1.2080761930319,0.,0.,1.;     683P    795
126,16,2,1,0,1,0,4.34966884662169,4.34966884662169,                  685P    796
4.34966884662169,4.70214826786159,4.70214826786159,                  685P    797
5.05462768910149,5.05462768910149,5.40710711034139,                  685P    798
5.40710711034139,5.75958653158129,5.75958653158129,                  685P    799
6.11206595282119,6.11206595282119,6.46454537406108,                  685P    800
6.46454537406108,6.81702479530098,6.81702479530098,                  685P    801
7.16950421654088,7.16950421654088,7.16950421654088,1.,1.,1.,1.,      685P    802
1.,1.,1.,1.,1.,1.,1.,1.,1.,1.,1.,1.,1.,0.95206903912088,             685P    803
0.66254086669204,0.,0.93649331258635,0.65655528056409,0.,            685P    804
0.91983449924056,0.65638252868569,0.,0.90317568589477,               685P    805
0.65620977680728,0.,0.88748216548096,0.66187110087438,0.,            685P    806
0.87178864506714,0.66753242494148,0.,0.85899010421115,               685P    807
0.6783317044503,0.,0.84619156335515,0.68913098395911,0.,             685P    808
0.8378617199016,0.70374033168692,0.,0.82953187644805,                685P    809
0.71834967941473,0.,0.82669497397542,0.73497271939367,0.,            685P    810
0.8238580715028,0.75159575937261,0.,0.8268629375919,                 685P    811
0.7681885105785,0.,0.82986780368101,0.7847812617844,0.,              685P    812
0.83834495782322,0.79930346752253,0.,0.84682211196544,               685P    813
0.81382567326067,0.,0.8597291971534,0.82449167260528,0.,             685P    814
4.34966884662169,7.16950421654088,0.,0.,1.;                          685P    815
126,2,2,1,0,1,0,-4.02791156295109,-4.02791156295109,                 687P    816
-4.02791156295109,-3.14159265358979,-3.14159265358979,               687P    817
-3.14159265358979,1.,1.,1.,0.8597291971534,0.82449167260528,0.,      687P    818
0.86546261554838,0.82922958484128,0.,0.86546261554838,               687P    819
0.83672310109244,0.,-4.02791156295109,-3.14159265358979,0.,0.,       687P    820
1.;                                                                  687P    821
126,2,2,1,0,1,0,-3.14159265358979,-3.14159265358979,                 689P    822
-3.14159265358979,-2.39089672119765,-2.39089672119765,               689P    823
-2.39089672119765,1.,1.,1.,0.86546261554838,0.83672310109244,0.,     689P    824
0.86546261554838,0.8429438616833,0.,0.86127189586601,                689P    825
0.84749257089141,0.,-3.14159265358979,-2.39089672119765,0.,0.,       689P    826
1.;                                                                  689P    827
126,2,2,1,0,1,0,-2.39089672119766,-2.39089672119766,                 691P    828
-2.39089672119766,-2.32149225918703,-2.32149225918703,               691P    829
-2.32149225918703,1.,1.,1.,0.86127189586601,0.84749257089141,0.,     691P    830
0.84957152162639,0.86019244205342,0.,0.83702954589959,               691P    831
0.87204011650496,0.,-2.39089672119766,-2.32149225918703,0.,0.,       691P    832
1.;                                                                  691P    833
126,4,2,1,0,1,0,-2.32149225918704,-2.32149225918704,                 693P    834
-2.32149225918704,-1.50298483831032,-1.50298483831032,               693P    835
-0.6844774174336,-0.6844774174336,-0.6844774174336,1.,1.,1.,1.,      693P    836
1.,0.83702954589959,0.87204011650496,0.,0.83208460765524,            693P    837
0.87671131183959,0.,0.82533751164362,0.87624730975861,0.,            693P    838
0.818590415632,0.87578330767763,0.,0.81431461404559,                 693P    839
0.8704779962044,0.,-2.32149225918704,-0.6844774174336,0.,0.,1.;      693P    840
126,16,2,1,0,1,0,3.8260700710234,3.8260700710234,                    695P    841
3.8260700710234,4.17854949226329,4.17854949226329,                   695P    842
4.53102891350319,4.53102891350319,4.88350833474309,                  695P    843
4.88350833474309,5.23598775598299,5.23598775598299,                  695P    844
5.58846717722289,5.58846717722289,5.94094659846278,                  695P    845
5.94094659846278,6.29342601970268,6.29342601970268,                  695P    846
6.64590544094258,6.64590544094258,6.64590544094258,1.,1.,1.,1.,      695P    847
1.,1.,1.,1.,1.,1.,1.,1.,1.,1.,1.,1.,1.,0.81431461404559,             695P    848
0.8704779962044,0.,0.80378122333825,0.85740841908715,0.,             695P    849
0.78943956982507,0.84882454300801,0.,0.7750979163119,                695P    850
0.84024066692887,0.,0.75871146008642,0.83719797150177,0.,            695P    851
0.74232500386095,0.83415527607467,0.,0.72590863543783,               695P    852
0.83702789333102,0.,0.70949226701471,0.83990051058736,0.,            695P    853
0.69506455493406,0.8483352214307,0.,0.68063684285341,                695P    854
0.85676993227404,0.,0.6699718290325,0.86972959855575,0.,             695P    855
0.65930681521158,0.88268926483746,0.,0.65371587746698,               695P    856
0.89858035661399,0.,0.64812493972238,0.91447144839052,0.,            695P    857
0.64829554380475,0.9313399855183,0.,0.64846614788712,                695P    858
0.94820852264608,0.,0.65437731619503,0.96398033759388,0.,            695P    859
3.8260700710234,6.64590544094258,0.,0.,1.;                           695P    860
126,2,2,1,0,1,0,-3.50431278735279,-3.50431278735279,                 697P    861
-3.50431278735279,-3.14159265358979,-3.14159265358979,               697P    862
-3.14159265358979,1.,1.,1.,0.65437731619503,0.96398033759388,0.,     697P    863
0.6553917624668,0.96668702061141,0.,0.6553917624668,                 697P    864
0.96958206961788,0.,-3.50431278735279,-3.14159265358979,0.,0.,       697P    865
1.;                                                                  697P    866
126,4,2,1,0,1,0,-3.14159265358979,-3.14159265358979,                 699P    867
-3.14159265358979,-2.50444529959458,-2.50444529959458,               699P    868
-1.86729794559936,-1.86729794559936,-1.86729794559936,1.,1.,1.,      699P    869
1.,1.,0.6553917624668,0.96958206961788,0.,0.6553917624668,           699P    870
0.97478893033952,0.,0.65233268720588,0.97897418457253,0.,            699P    871
0.64927361194497,0.98315943880554,0.,0.64435586654354,               699P    872
0.98468075996982,0.,-3.14159265358979,-1.86729794559936,0.,0.,       699P    873
1.;                                                                  699P    874
126,2,2,1,0,1,0,-1.86729794559935,-1.86729794559935,                 701P    875
-1.86729794559935,-1.79789348358873,-1.79789348358873,               701P    876
-1.79789348358873,1.,1.,1.,0.64435586654354,0.98468075996982,0.,     701P    877
0.62795205735484,0.98975533379513,0.,0.61124020064197,               701P    878
0.99366578526493,0.,-1.86729794559935,-1.79789348358873,0.,0.,       701P    879
1.;                                                                  701P    880
126,4,2,1,0,1,0,-1.79789348358874,-1.79789348358874,                 703P    881
-1.79789348358874,-0.97938606271202,-0.97938606271202,               703P    882
-0.16087864183531,-0.16087864183531,-0.16087864183531,1.,1.,1.,      703P    883
1.,1.,0.61124020064197,0.99366578526493,0.,0.60465119894131,         703P    884
0.99520756316715,0.,0.59903715900271,0.9913897067648,0.,             703P    885
0.59342311906411,0.98757185036245,0.,0.59233984196748,               703P    886
0.98081250025781,0.,-1.79789348358874,-0.16087864183531,0.,0.,       703P    887
1.;                                                                  703P    888
126,16,2,1,0,1,0,3.30247129542509,3.30247129542509,                  705P    889
3.30247129542509,3.65495071666499,3.65495071666499,                  705P    890
4.00743013790489,4.00743013790489,4.35990955914479,                  705P    891
4.35990955914479,4.71238898038469,4.71238898038469,                  705P    892
5.06486840162459,5.06486840162459,5.41734782286449,                  705P    893
5.41734782286449,5.76982724410438,5.76982724410438,                  705P    894
6.12230666534428,6.12230666534428,6.12230666534428,1.,1.,1.,1.,      705P    895
1.,1.,1.,1.,1.,1.,1.,1.,1.,1.,1.,1.,1.,0.59233984196748,             705P    896
0.98081250025781,0.,0.58967120062092,0.96416091478525,0.,            705P    897
0.58148954141734,0.94946595716871,0.,0.57330788221376,               705P    898
0.93477099955217,0.,0.56061922788905,0.92383957241337,0.,            705P    899
0.54793057356435,0.91290814527458,0.,0.53229513023573,               705P    900
0.90708438480446,0.,0.51665968690711,0.90126062433434,0.,0.5,        705P    901
0.90126062433434,0.,0.48334031309289,0.90126062433434,0.,            705P    902
0.46770486976427,0.90708438480446,0.,0.45206942643565,               705P    903
0.91290814527458,0.,0.43938077211095,0.92383957241337,0.,            705P    904
0.42669211778624,0.93477099955217,0.,0.41851045858266,               705P    905
0.94946595716871,0.,0.41032879937908,0.96416091478525,0.,            705P    906
0.40766015803252,0.98081250025781,0.,3.30247129542509,               705P    907
6.12230666534428,0.,0.,1.;                                           705P    908
126,4,2,1,0,1,0,-2.98071401175449,-2.98071401175449,                 707P    909
-2.98071401175449,-2.16220659087776,-2.16220659087776,               707P    910
-1.34369917000103,-1.34369917000103,-1.34369917000103,1.,1.,1.,      707P    911
1.,1.,0.40766015803252,0.98081250025781,0.,0.40657688093589,         707P    912
0.98757185036245,0.,0.40096284099729,0.9913897067648,0.,             707P    913
0.39534880105869,0.99520756316715,0.,0.38875979935803,               707P    914
0.99366578526493,0.,-2.98071401175449,-1.34369917000103,0.,0.,       707P    915
1.;                                                                  707P    916
126,32,2,1,0,1,0,-7.62688447718064,-7.62688447718064,                709P    917
-7.62688447718064,-7.34655373820622,-7.34655373820622,               709P    918
-7.06622299923179,-7.06622299923179,-6.78589226025736,               709P    919
-6.78589226025736,-6.50556152128293,-6.50556152128293,               709P    920
-6.2252307823085,-6.2252307823085,-5.94490004333407,                 709P    921
-5.94490004333407,-5.66456930435965,-5.66456930435965,               709P    922
-5.38423856538522,-5.38423856538522,-5.10390782641079,               709P    923
-5.10390782641079,-4.82357708743636,-4.82357708743636,               709P    924
-4.54324634846193,-4.54324634846193,-4.26291560948751,               709P    925
-4.26291560948751,-3.98258487051308,-3.98258487051308,               709P    926
-3.70225413153865,-3.70225413153865,-3.42192339256422,               709P    927
-3.42192339256422,-3.14159265358979,-3.14159265358979,               709P    928
-3.14159265358979,1.,1.,1.,1.,1.,1.,1.,1.,1.,1.,1.,1.,1.,1.,1.,      709P    929
1.,1.,1.,1.,1.,1.,1.,1.,1.,1.,1.,1.,1.,1.,1.,1.,1.,1.,               709P    930
0.38875979935803,0.99366578526493,0.,0.32084086555714,               709P    931
0.97777325464596,0.,0.25991559056543,0.94347316523532,0.,            709P    932
0.19899031557371,0.90917307582468,0.,0.14981525938988,               709P    933
0.85914330528915,0.,0.10064020320605,0.80911353475363,0.,            709P    934
0.06705456237391,0.74726000892296,0.,0.03346892154177,               709P    935
0.68540648309228,0.,0.01809479527605,0.61655823239407,0.,            709P    936
0.00272066901033,0.54770998169586,0.,0.00675834658376,               709P    937
0.4772421289391,0.,0.01079602415719,0.40677427618234,0.,             709P    938
0.03393027587838,0.34018838979924,0.,0.05706452759957,               709P    939
0.27360250341614,0.,0.09748921543546,0.21609707883724,0.,            709P    940
0.13791390327135,0.15859165425833,0.,0.19247298971294,               709P    941
0.1146562568126,0.,0.24703207615452,0.07072085936686,0.,             709P    942
0.3114660224772,0.04378561479515,0.,0.37589996879987,                709P    943
0.01685037022343,0.,0.44517828590566,0.00901816779301,0.,            709P    944
0.51445660301144,0.00118596536258,0.,0.58317059193314,               709P    945
0.01306828102965,0.,0.65188458085484,0.02495059669671,0.,            709P    946
0.71466960087313,0.05561975393619,0.,0.77745462089143,               709P    947
0.08628891117566,0.,0.82940891793499,0.13335050657222,0.,            709P    948
0.88136321497854,0.18041210196878,0.,0.91843061152314,               709P    949
0.24019194115615,0.,0.95549800806775,0.29997178034351,0.,            709P    950
0.9747845771564,0.36780272982337,0.,0.99407114624506,                709P    951
0.43563367930322,0.,0.99407114624506,0.50622003903951,0.,            709P    952
-7.62688447718064,-3.14159265358979,0.,0.,1.;                        709P    953
102,15,681,683,685,687,689,691,693,695,697,699,701,703,705,707,      711P    954
709;                                                                 711P    955
124,0.,0.,-1.,0.,0.,-1.,0.,0.,-1.,0.,0.,-0.;                         713P    956
100,0.,0.,0.,-3.565,-0.,-3.40943938307915,-1.04160841639692;         715P    957
124,0.,0.,-1.,0.,0.,-1.,0.,1.00873858558495,-1.,0.,0.,               717P    958
3.30184837870428;                                                    717P    959
100,0.,0.,0.,-0.10759100437487,-0.03286983081196,                    719P    960
0.03991710278523,-0.10518020205929;                                  719P    961
124,0.,0.,1.,0.,0.,1.,0.,1.745,-1.,0.,0.,3.02242865920769;           721P    962
100,0.,0.,0.,-0.23950261671136,-0.63108121235576,                    723P    963
0.42678105339549,0.52295595652276;                                   723P    964
124,0.,0.,-1.,0.,0.,-1.,0.,2.35511528260989,-1.,0.,0.,               725P    965
2.52451743024629;                                                    725P    966
100,0.,0.,0.,-0.07113017556591,0.08715932608713,-0.1125,-0.;         727P    967
124,0.,0.,-1.,0.,0.,-1.,0.,2.35511528260989,-1.,0.,0.,               729P    968
2.52451743024629;                                                    729P    969
100,0.,0.,0.,-0.1125,-0.,-0.08226161068869,-0.07674162760134;        731P    970
124,0.,0.,-1.,0.,0.,-1.,0.,0.00000000000033,-1.,0.,0.,               733P    971
0.00000000000031;                                                    733P    972
100,0.,0.,0.,-2.60677904093467,-2.43185691021089,                    735P    973
-2.43185691021091,-2.60677904093465;                                 735P    974
124,0.,0.,-1.,0.,0.,-1.,0.,2.52451743024629,-1.,0.,0.,               737P    975
2.35511528260989;                                                    737P    976
100,0.,0.,0.,-0.07674162760134,-0.08226161068869,                    739P    977
0.08715932608713,-0.07113017556591;                                  739P    978
124,0.,0.,1.,0.,0.,1.,0.,3.02242865920769,-1.,0.,0.,1.745;           741P    979
100,0.,0.,0.,-0.52295595652276,-0.42678105339549,                    743P    980
0.63108121235576,0.23950261671136;                                   743P    981
124,0.,0.,-1.,0.,0.,-1.,0.,3.30184837870428,-1.,0.,0.,               745P    982
1.00873858558495;                                                    745P    983
100,0.,0.,0.,-0.10518020205929,0.03991710278523,-0.1125,-0.;         747P    984
124,0.,0.,-1.,0.,0.,-1.,0.,3.30184837870428,-1.,0.,0.,               749P    985
1.00873858558495;                                                    749P    986
100,0.,0.,0.,-0.1125,-0.,-0.03286983081196,-0.10759100437487;        751P    987
124,0.,0.,-1.,0.,0.,-1.,0.,-0.00000000000012,-1.,0.,0.,              753P    988
-0.00000000000002;                                                   753P    989
100,0.,0.,0.,-1.04160841639693,-3.40943938307927,                    755P    990
-0.80266034214418,-3.47346532660826;                                 755P    991
124,0.,0.,-1.,0.,0.,-1.,0.,3.36385386819484,-1.,0.,0.,               757P    992
0.77733094845799;                                                    757P    993
100,0.,0.,0.,-0.02532939368618,-0.1096114584133,                     759P    994
0.11104727835114,-0.01802087597217;                                  759P    995
124,0.,0.,1.,0.,0.,1.,0.,3.49,-1.,0.,0.,0.;                          761P    996
100,0.,0.,0.,-0.66628367010685,-0.10812525583299,                    763P    997
0.66628367010685,-0.10812525583299;                                  763P    998
124,0.,0.,-1.,0.,0.,-1.,0.,3.36385386819484,-1.,0.,0.,               765P    999
-0.77733094845799;                                                   765P   1000
100,0.,0.,0.,-0.11104727835114,-0.01802087597217,                    767P   1001
0.02532939368618,-0.1096114584133;                                   767P   1002
124,0.,0.,-1.,0.,0.,-1.,0.,0.,-1.,0.,0.,-0.;                         769P   1003
100,0.,0.,0.,0.80266034214417,-3.47346532660814,-3.565,-0.;          771P   1004
102,15,715,719,723,727,731,735,739,743,747,751,755,759,763,767,      773P   1005
771;                                                                 773P   1006
142,1,679,711,773,2;                                                 775P   1007
144,679,1,0,775;                                                     777P   1008
S      2G      4D    778P   1008                                        T      1
