Data from Parasolid IGES Translator 28.1.247, Copyright(c) 2006 Siemens S      1
PLM Software. All Rights Reserved.                                      S      2
1H,,1H;,6HNoname,18HP13-1.5GT-4-33.igs,27HBy Siemens PLM Incorporated,  G      1
27HXPlus GENERIC/IGES 28.1.247,32,38, 6,308,15,6HNoname,1.000,2,2HMM,1, G      2
1.000,15H20260515.060925,1.0e-05,0.00,6HNoname,6HNoname,11,0,15H20260515G      3
.060925;                                                                G      4
     110       1       0       1       0       0       0       000010001D      1
     110       1       0       2       0       0       0               0D      2
     110       3       0       1       0       0       0       000010001D      3
     110       1       0       2       0       0       0               0D      4
     120       5       0       1       0       0       0       000010001D      5
     120       1       0       1       0       0       0               0D      6
     126       6       0       1       0       0       0       000010501D      7
     126       1       0       4       0       0       0               0D      8
     126      10       0       1       0       0       0       000010501D      9
     126       1       0       2       0       0       0               0D     10
     126      12       0       1       0       0       0       000010501D     11
     126       1       0       4       0       0       0               0D     12
     126      16       0       1       0       0       0       000010501D     13
     126       1       0       2       0       0       0               0D     14
     102      18       0       1       0       0       0       000010501D     15
     102       1       0       1       0       0       0               0D     16
     124      19       0       1       0       0       0       000010001D     17
     124       1       0       2       0       0       0               0D     18
     100      21       0       1       0       0      17       000010001D     19
     100       1       0       1       0       0       0               0D     20
     110      22       0       1       0       0       0       000010001D     21
     110       1       0       2       0       0       0               0D     22
     124      24       0       1       0       0       0       000010001D     23
     124       1       0       2       0       0       0               0D     24
     100      26       0       1       0       0      23       000010001D     25
     100       1       0       1       0       0       0               0D     26
     110      27       0       1       0       0       0       000010001D     27
     110       1       0       2       0       0       0               0D     28
     102      29       0       1       0       0       0       000010001D     29
     102       1       0       1       0       0       0               0D     30
     142      30       0       1       0       0       0       000010001D     31
     142       1       0       1       0       0       0               0D     32
     144      31       0       1       0       0       0       000000001D     33
     144       1       0       1       0       0       0               0D     34
     110      32       0       1       0       0       0       000010001D     35
     110       1       0       2       0       0       0               0D     36
     110      34       0       1       0       0       0       000010001D     37
     110       1       0       2       0       0       0               0D     38
     120      36       0       1       0       0       0       000010001D     39
     120       1       0       1       0       0       0               0D     40
     126      37       0       1       0       0       0       000010501D     41
     126       1       0       4       0       0       0               0D     42
     126      41       0       1       0       0       0       000010501D     43
     126       1       0       2       0       0       0               0D     44
     126      43       0       1       0       0       0       000010501D     45
     126       1       0       4       0       0       0               0D     46
     126      47       0       1       0       0       0       000010501D     47
     126       1       0       2       0       0       0               0D     48
     102      49       0       1       0       0       0       000010501D     49
     102       1       0       1       0       0       0               0D     50
     124      50       0       1       0       0       0       000010001D     51
     124       1       0       2       0       0       0               0D     52
     100      52       0       1       0       0      51       000010001D     53
     100       1       0       1       0       0       0               0D     54
     110      53       0       1       0       0       0       000010001D     55
     110       1       0       2       0       0       0               0D     56
     124      55       0       1       0       0       0       000010001D     57
     124       1       0       2       0       0       0               0D     58
     100      57       0       1       0       0      57       000010001D     59
     100       1       0       1       0       0       0               0D     60
     110      58       0       1       0       0       0       000010001D     61
     110       1       0       2       0       0       0               0D     62
     102      60       0       1       0       0       0       000010001D     63
     102       1       0       1       0       0       0               0D     64
     142      61       0       1       0       0       0       000010001D     65
     142       1       0       1       0       0       0               0D     66
     144      62       0       1       0       0       0       000000001D     67
     144       1       0       1       0       0       0               0D     68
     110      63       0       1       0       0       0       000010001D     69
     110       1       0       1       0       0       0               0D     70
     110      64       0       1       0       0       0       000010001D     71
     110       1       0       1       0       0       0               0D     72
     120      65       0       1       0       0       0       000010001D     73
     120       1       0       1       0       0       0               0D     74
     126      66       0       1       0       0       0       000010501D     75
     126       1       0       4       0       0       0               0D     76
     126      70       0       1       0       0       0       000010501D     77
     126       1       0       2       0       0       0               0D     78
     126      72       0       1       0       0       0       000010501D     79
     126       1       0       4       0       0       0               0D     80
     126      76       0       1       0       0       0       000010501D     81
     126       1       0       2       0       0       0               0D     82
     102      78       0       1       0       0       0       000010501D     83
     102       1       0       1       0       0       0               0D     84
     124      79       0       1       0       0       0       000010001D     85
     124       1       0       1       0       0       0               0D     86
     100      80       0       1       0       0      85       000010001D     87
     100       1       0       1       0       0       0               0D     88
     110      81       0       1       0       0       0       000010001D     89
     110       1       0       1       0       0       0               0D     90
     124      82       0       1       0       0       0       000010001D     91
     124       1       0       1       0       0       0               0D     92
     100      83       0       1       0       0      91       000010001D     93
     100       1       0       1       0       0       0               0D     94
     110      84       0       1       0       0       0       000010001D     95
     110       1       0       2       0       0       0               0D     96
     102      86       0       1       0       0       0       000010001D     97
     102       1       0       1       0       0       0               0D     98
     142      87       0       1       0       0       0       000010001D     99
     142       1       0       1       0       0       0               0D    100
     144      88       0       1       0       0       0       000000001D    101
     144       1       0       1       0       0       0               0D    102
     110      89       0       1       0       0       0       000010001D    103
     110       1       0       2       0       0       0               0D    104
     110      91       0       1       0       0       0       000010001D    105
     110       1       0       2       0       0       0               0D    106
     120      93       0       1       0       0       0       000010001D    107
     120       1       0       1       0       0       0               0D    108
     126      94       0       1       0       0       0       000010501D    109
     126       1       0       4       0       0       0               0D    110
     126      98       0       1       0       0       0       000010501D    111
     126       1       0       2       0       0       0               0D    112
     126     100       0       1       0       0       0       000010501D    113
     126       1       0       4       0       0       0               0D    114
     126     104       0       1       0       0       0       000010501D    115
     126       1       0       2       0       0       0               0D    116
     102     106       0       1       0       0       0       000010501D    117
     102       1       0       1       0       0       0               0D    118
     124     107       0       1       0       0       0       000010001D    119
     124       1       0       2       0       0       0               0D    120
     100     109       0       1       0       0     119       000010001D    121
     100       1       0       2       0       0       0               0D    122
     110     111       0       1       0       0       0       000010001D    123
     110       1       0       2       0       0       0               0D    124
     124     113       0       1       0       0       0       000010001D    125
     124       1       0       2       0       0       0               0D    126
     100     115       0       1       0       0     125       000010001D    127
     100       1       0       2       0       0       0               0D    128
     110     117       0       1       0       0       0       000010001D    129
     110       1       0       2       0       0       0               0D    130
     102     119       0       1       0       0       0       000010001D    131
     102       1       0       1       0       0       0               0D    132
     142     120       0       1       0       0       0       000010001D    133
     142       1       0       1       0       0       0               0D    134
     144     121       0       1       0       0       0       000000001D    135
     144       1       0       1       0       0       0               0D    136
     110     122       0       1       0       0       0       000010001D    137
     110       1       0       1       0       0       0               0D    138
     110     123       0       1       0       0       0       000010001D    139
     110       1       0       1       0       0       0               0D    140
     120     124       0       1       0       0       0       000010001D    141
     120       1       0       1       0       0       0               0D    142
     126     125       0       1       0       0       0       000010501D    143
     126       1       0       2       0       0       0               0D    144
     126     127       0       1       0       0       0       000010501D    145
     126       1       0       4       0       0       0               0D    146
     126     131       0       1       0       0       0       000010501D    147
     126       1       0       2       0       0       0               0D    148
     126     133       0       1       0       0       0       000010501D    149
     126       1       0       3       0       0       0               0D    150
     102     136       0       1       0       0       0       000010501D    151
     102       1       0       1       0       0       0               0D    152
     110     137       0       1       0       0       0       000010001D    153
     110       1       0       1       0       0       0               0D    154
     124     138       0       1       0       0       0       000010001D    155
     124       1       0       1       0       0       0               0D    156
     100     139       0       1       0       0     155       000010001D    157
     100       1       0       1       0       0       0               0D    158
     110     140       0       1       0       0       0       000010001D    159
     110       1       0       2       0       0       0               0D    160
     124     142       0       1       0       0       0       000010001D    161
     124       1       0       1       0       0       0               0D    162
     100     143       0       1       0       0     161       000010001D    163
     100       1       0       1       0       0       0               0D    164
     102     144       0       1       0       0       0       000010001D    165
     102       1       0       1       0       0       0               0D    166
     142     145       0       1       0       0       0       000010001D    167
     142       1       0       1       0       0       0               0D    168
     144     146       0       1       0       0       0       000000001D    169
     144       1       0       1       0       0       0               0D    170
     110     147       0       1       0       0       0       000010001D    171
     110       1       0       2       0       0       0               0D    172
     110     149       0       1       0       0       0       000010001D    173
     110       1       0       2       0       0       0               0D    174
     120     151       0       1       0       0       0       000010001D    175
     120       1       0       1       0       0       0               0D    176
     126     152       0       1       0       0       0       000010501D    177
     126       1       0       4       0       0       0               0D    178
     126     156       0       1       0       0       0       000010501D    179
     126       1       0       2       0       0       0               0D    180
     126     158       0       1       0       0       0       000010501D    181
     126       1       0       4       0       0       0               0D    182
     126     162       0       1       0       0       0       000010501D    183
     126       1       0       2       0       0       0               0D    184
     102     164       0       1       0       0       0       000010501D    185
     102       1       0       1       0       0       0               0D    186
     124     165       0       1       0       0       0       000010001D    187
     124       1       0       2       0       0       0               0D    188
     100     167       0       1       0       0     187       000010001D    189
     100       1       0       2       0       0       0               0D    190
     110     169       0       1       0       0       0       000010001D    191
     110       1       0       2       0       0       0               0D    192
     124     171       0       1       0       0       0       000010001D    193
     124       1       0       2       0       0       0               0D    194
     100     173       0       1       0       0     193       000010001D    195
     100       1       0       2       0       0       0               0D    196
     110     175       0       1       0       0       0       000010001D    197
     110       1       0       2       0       0       0               0D    198
     102     177       0       1       0       0       0       000010001D    199
     102       1       0       1       0       0       0               0D    200
     142     178       0       1       0       0       0       000010001D    201
     142       1       0       1       0       0       0               0D    202
     144     179       0       1       0       0       0       000000001D    203
     144       1       0       1       0       0       0               0D    204
     110     180       0       1       0       0       0       000010001D    205
     110       1       0       1       0       0       0               0D    206
     110     181       0       1       0       0       0       000010001D    207
     110       1       0       1       0       0       0               0D    208
     120     182       0       1       0       0       0       000010001D    209
     120       1       0       1       0       0       0               0D    210
     126     183       0       1       0       0       0       000010501D    211
     126       1       0       4       0       0       0               0D    212
     126     187       0       1       0       0       0       000010501D    213
     126       1       0       2       0       0       0               0D    214
     126     189       0       1       0       0       0       000010501D    215
     126       1       0       4       0       0       0               0D    216
     126     193       0       1       0       0       0       000010501D    217
     126       1       0       2       0       0       0               0D    218
     102     195       0       1       0       0       0       000010501D    219
     102       1       0       1       0       0       0               0D    220
     124     196       0       1       0       0       0       000010001D    221
     124       1       0       1       0       0       0               0D    222
     100     197       0       1       0       0     221       000010001D    223
     100       1       0       2       0       0       0               0D    224
     110     199       0       1       0       0       0       000010001D    225
     110       1       0       2       0       0       0               0D    226
     124     201       0       1       0       0       0       000010001D    227
     124       1       0       1       0       0       0               0D    228
     100     202       0       1       0       0     227       000010001D    229
     100       1       0       2       0       0       0               0D    230
     110     204       0       1       0       0       0       000010001D    231
     110       1       0       2       0       0       0               0D    232
     102     206       0       1       0       0       0       000010001D    233
     102       1       0       1       0       0       0               0D    234
     142     207       0       1       0       0       0       000010001D    235
     142       1       0       1       0       0       0               0D    236
     144     208       0       1       0       0       0       000000001D    237
     144       1       0       1       0       0       0               0D    238
     110     209       0       1       0       0       0       000010001D    239
     110       1       0       2       0       0       0               0D    240
     110     211       0       1       0       0       0       000010001D    241
     110       1       0       2       0       0       0               0D    242
     120     213       0       1       0       0       0       000010001D    243
     120       1       0       1       0       0       0               0D    244
     126     214       0       1       0       0       0       000010501D    245
     126       1       0       4       0       0       0               0D    246
     126     218       0       1       0       0       0       000010501D    247
     126       1       0       2       0       0       0               0D    248
     126     220       0       1       0       0       0       000010501D    249
     126       1       0       4       0       0       0               0D    250
     126     224       0       1       0       0       0       000010501D    251
     126       1       0       2       0       0       0               0D    252
     102     226       0       1       0       0       0       000010501D    253
     102       1       0       1       0       0       0               0D    254
     124     227       0       1       0       0       0       000010001D    255
     124       1       0       2       0       0       0               0D    256
     100     229       0       1       0       0     255       000010001D    257
     100       1       0       2       0       0       0               0D    258
     110     231       0       1       0       0       0       000010001D    259
     110       1       0       2       0       0       0               0D    260
     124     233       0       1       0       0       0       000010001D    261
     124       1       0       2       0       0       0               0D    262
     100     235       0       1       0       0     261       000010001D    263
     100       1       0       2       0       0       0               0D    264
     110     237       0       1       0       0       0       000010001D    265
     110       1       0       2       0       0       0               0D    266
     102     239       0       1       0       0       0       000010001D    267
     102       1       0       1       0       0       0               0D    268
     142     240       0       1       0       0       0       000010001D    269
     142       1       0       1       0       0       0               0D    270
     144     241       0       1       0       0       0       000000001D    271
     144       1       0       1       0       0       0               0D    272
     110     242       0       1       0       0       0       000010001D    273
     110       1       0       2       0       0       0               0D    274
     110     244       0       1       0       0       0       000010001D    275
     110       1       0       2       0       0       0               0D    276
     120     246       0       1       0       0       0       000010001D    277
     120       1       0       1       0       0       0               0D    278
     126     247       0       1       0       0       0       000010501D    279
     126       1       0       3       0       0       0               0D    280
     126     250       0       1       0       0       0       000010501D    281
     126       1       0       2       0       0       0               0D    282
     126     252       0       1       0       0       0       000010501D    283
     126       1       0       4       0       0       0               0D    284
     126     256       0       1       0       0       0       000010501D    285
     126       1       0       2       0       0       0               0D    286
     102     258       0       1       0       0       0       000010501D    287
     102       1       0       1       0       0       0               0D    288
     124     259       0       1       0       0       0       000010001D    289
     124       1       0       2       0       0       0               0D    290
     100     261       0       1       0       0     289       000010001D    291
     100       1       0       2       0       0       0               0D    292
     110     263       0       1       0       0       0       000010001D    293
     110       1       0       2       0       0       0               0D    294
     124     265       0       1       0       0       0       000010001D    295
     124       1       0       2       0       0       0               0D    296
     100     267       0       1       0       0     295       000010001D    297
     100       1       0       2       0       0       0               0D    298
     110     269       0       1       0       0       0       000010001D    299
     110       1       0       2       0       0       0               0D    300
     102     271       0       1       0       0       0       000010001D    301
     102       1       0       1       0       0       0               0D    302
     142     272       0       1       0       0       0       000010001D    303
     142       1       0       1       0       0       0               0D    304
     144     273       0       1       0       0       0       000000001D    305
     144       1       0       1       0       0       0               0D    306
     110     274       0       1       0       0       0       000010001D    307
     110       1       0       2       0       0       0               0D    308
     110     276       0       1       0       0       0       000010001D    309
     110       1       0       2       0       0       0               0D    310
     120     278       0       1       0       0       0       000010001D    311
     120       1       0       1       0       0       0               0D    312
     126     279       0       1       0       0       0       000010501D    313
     126       1       0       2       0       0       0               0D    314
     126     281       0       1       0       0       0       000010501D    315
     126       1       0       4       0       0       0               0D    316
     126     285       0       1       0       0       0       000010501D    317
     126       1       0       2       0       0       0               0D    318
     126     287       0       1       0       0       0       000010501D    319
     126       1       0       3       0       0       0               0D    320
     102     290       0       1       0       0       0       000010501D    321
     102       1       0       1       0       0       0               0D    322
     110     291       0       1       0       0       0       000010001D    323
     110       1       0       2       0       0       0               0D    324
     124     293       0       1       0       0       0       000010001D    325
     124       1       0       2       0       0       0               0D    326
     100     295       0       1       0       0     325       000010001D    327
     100       1       0       1       0       0       0               0D    328
     110     296       0       1       0       0       0       000010001D    329
     110       1       0       2       0       0       0               0D    330
     124     298       0       1       0       0       0       000010001D    331
     124       1       0       2       0       0       0               0D    332
     100     300       0       1       0       0     331       000010001D    333
     100       1       0       1       0       0       0               0D    334
     102     301       0       1       0       0       0       000010001D    335
     102       1       0       1       0       0       0               0D    336
     142     302       0       1       0       0       0       000010001D    337
     142       1       0       1       0       0       0               0D    338
     144     303       0       1       0       0       0       000000001D    339
     144       1       0       1       0       0       0               0D    340
     110     304       0       1       0       0       0       000010001D    341
     110       1       0       2       0       0       0               0D    342
     110     306       0       1       0       0       0       000010001D    343
     110       1       0       2       0       0       0               0D    344
     120     308       0       1       0       0       0       000010001D    345
     120       1       0       1       0       0       0               0D    346
     126     309       0       1       0       0       0       000010501D    347
     126       1       0       4       0       0       0               0D    348
     126     313       0       1       0       0       0       000010501D    349
     126       1       0       2       0       0       0               0D    350
     126     315       0       1       0       0       0       000010501D    351
     126       1       0       4       0       0       0               0D    352
     126     319       0       1       0       0       0       000010501D    353
     126       1       0       2       0       0       0               0D    354
     102     321       0       1       0       0       0       000010501D    355
     102       1       0       1       0       0       0               0D    356
     124     322       0       1       0       0       0       000010001D    357
     124       1       0       2       0       0       0               0D    358
     100     324       0       1       0       0     357       000010001D    359
     100       1       0       2       0       0       0               0D    360
     110     326       0       1       0       0       0       000010001D    361
     110       1       0       2       0       0       0               0D    362
     124     328       0       1       0       0       0       000010001D    363
     124       1       0       2       0       0       0               0D    364
     100     330       0       1       0       0     363       000010001D    365
     100       1       0       2       0       0       0               0D    366
     110     332       0       1       0       0       0       000010001D    367
     110       1       0       2       0       0       0               0D    368
     102     334       0       1       0       0       0       000010001D    369
     102       1       0       1       0       0       0               0D    370
     142     335       0       1       0       0       0       000010001D    371
     142       1       0       1       0       0       0               0D    372
     144     336       0       1       0       0       0       000000001D    373
     144       1       0       1       0       0       0               0D    374
     110     337       0       1       0       0       0       000010001D    375
     110       1       0       2       0       0       0               0D    376
     110     339       0       1       0       0       0       000010001D    377
     110       1       0       2       0       0       0               0D    378
     120     341       0       1       0       0       0       000010001D    379
     120       1       0       1       0       0       0               0D    380
     126     342       0       1       0       0       0       000010501D    381
     126       1       0       4       0       0       0               0D    382
     126     346       0       1       0       0       0       000010501D    383
     126       1       0       2       0       0       0               0D    384
     126     348       0       1       0       0       0       000010501D    385
     126       1       0       4       0       0       0               0D    386
     126     352       0       1       0       0       0       000010501D    387
     126       1       0       2       0       0       0               0D    388
     102     354       0       1       0       0       0       000010501D    389
     102       1       0       1       0       0       0               0D    390
     124     355       0       1       0       0       0       000010001D    391
     124       1       0       2       0       0       0               0D    392
     100     357       0       1       0       0     391       000010001D    393
     100       1       0       2       0       0       0               0D    394
     110     359       0       1       0       0       0       000010001D    395
     110       1       0       2       0       0       0               0D    396
     124     361       0       1       0       0       0       000010001D    397
     124       1       0       2       0       0       0               0D    398
     100     363       0       1       0       0     397       000010001D    399
     100       1       0       2       0       0       0               0D    400
     110     365       0       1       0       0       0       000010001D    401
     110       1       0       2       0       0       0               0D    402
     102     367       0       1       0       0       0       000010001D    403
     102       1       0       1       0       0       0               0D    404
     142     368       0       1       0       0       0       000010001D    405
     142       1       0       1       0       0       0               0D    406
     144     369       0       1       0       0       0       000000001D    407
     144       1       0       1       0       0       0               0D    408
     110     370       0       1       0       0       0       000010001D    409
     110       1       0       2       0       0       0               0D    410
     110     372       0       1       0       0       0       000010001D    411
     110       1       0       2       0       0       0               0D    412
     120     374       0       1       0       0       0       000010001D    413
     120       1       0       1       0       0       0               0D    414
     126     375       0       1       0       0       0       000010501D    415
     126       1       0       4       0       0       0               0D    416
     126     379       0       1       0       0       0       000010501D    417
     126       1       0       2       0       0       0               0D    418
     126     381       0       1       0       0       0       000010501D    419
     126       1       0       4       0       0       0               0D    420
     126     385       0       1       0       0       0       000010501D    421
     126       1       0       2       0       0       0               0D    422
     102     387       0       1       0       0       0       000010501D    423
     102       1       0       1       0       0       0               0D    424
     124     388       0       1       0       0       0       000010001D    425
     124       1       0       2       0       0       0               0D    426
     100     390       0       1       0       0     425       000010001D    427
     100       1       0       2       0       0       0               0D    428
     110     392       0       1       0       0       0       000010001D    429
     110       1       0       2       0       0       0               0D    430
     124     394       0       1       0       0       0       000010001D    431
     124       1       0       2       0       0       0               0D    432
     100     396       0       1       0       0     431       000010001D    433
     100       1       0       2       0       0       0               0D    434
     110     398       0       1       0       0       0       000010001D    435
     110       1       0       2       0       0       0               0D    436
     102     400       0       1       0       0       0       000010001D    437
     102       1       0       1       0       0       0               0D    438
     142     401       0       1       0       0       0       000010001D    439
     142       1       0       1       0       0       0               0D    440
     144     402       0       1       0       0       0       000000001D    441
     144       1       0       1       0       0       0               0D    442
     110     403       0       1       0       0       0       000010001D    443
     110       1       0       2       0       0       0               0D    444
     110     405       0       1       0       0       0       000010001D    445
     110       1       0       2       0       0       0               0D    446
     120     407       0       1       0       0       0       000010001D    447
     120       1       0       1       0       0       0               0D    448
     126     408       0       1       0       0       0       000010501D    449
     126       1       0       2       0       0       0               0D    450
     126     410       0       1       0       0       0       000010501D    451
     126       1       0       4       0       0       0               0D    452
     126     414       0       1       0       0       0       000010501D    453
     126       1       0       2       0       0       0               0D    454
     126     416       0       1       0       0       0       000010501D    455
     126       1       0       3       0       0       0               0D    456
     102     419       0       1       0       0       0       000010501D    457
     102       1       0       1       0       0       0               0D    458
     110     420       0       1       0       0       0       000010001D    459
     110       1       0       2       0       0       0               0D    460
     124     422       0       1       0       0       0       000010001D    461
     124       1       0       2       0       0       0               0D    462
     100     424       0       1       0       0     461       000010001D    463
     100       1       0       1       0       0       0               0D    464
     110     425       0       1       0       0       0       000010001D    465
     110       1       0       2       0       0       0               0D    466
     124     427       0       1       0       0       0       000010001D    467
     124       1       0       2       0       0       0               0D    468
     100     429       0       1       0       0     467       000010001D    469
     100       1       0       1       0       0       0               0D    470
     102     430       0       1       0       0       0       000010001D    471
     102       1       0       1       0       0       0               0D    472
     142     431       0       1       0       0       0       000010001D    473
     142       1       0       1       0       0       0               0D    474
     144     432       0       1       0       0       0       000000001D    475
     144       1       0       1       0       0       0               0D    476
     110     433       0       1       0       0       0       000010001D    477
     110       1       0       2       0       0       0               0D    478
     110     435       0       1       0       0       0       000010001D    479
     110       1       0       2       0       0       0               0D    480
     120     437       0       1       0       0       0       000010001D    481
     120       1       0       1       0       0       0               0D    482
     126     438       0       1       0       0       0       000010501D    483
     126       1       0       4       0       0       0               0D    484
     126     442       0       1       0       0       0       000010501D    485
     126       1       0       2       0       0       0               0D    486
     126     444       0       1       0       0       0       000010501D    487
     126       1       0       4       0       0       0               0D    488
     126     448       0       1       0       0       0       000010501D    489
     126       1       0       2       0       0       0               0D    490
     102     450       0       1       0       0       0       000010501D    491
     102       1       0       1       0       0       0               0D    492
     124     451       0       1       0       0       0       000010001D    493
     124       1       0       2       0       0       0               0D    494
     100     453       0       1       0       0     493       000010001D    495
     100       1       0       2       0       0       0               0D    496
     110     455       0       1       0       0       0       000010001D    497
     110       1       0       2       0       0       0               0D    498
     124     457       0       1       0       0       0       000010001D    499
     124       1       0       2       0       0       0               0D    500
     100     459       0       1       0       0     499       000010001D    501
     100       1       0       2       0       0       0               0D    502
     110     461       0       1       0       0       0       000010001D    503
     110       1       0       2       0       0       0               0D    504
     102     463       0       1       0       0       0       000010001D    505
     102       1       0       1       0       0       0               0D    506
     142     464       0       1       0       0       0       000010001D    507
     142       1       0       1       0       0       0               0D    508
     144     465       0       1       0       0       0       000000001D    509
     144       1       0       1       0       0       0               0D    510
     110     466       0       1       0       0       0       000010001D    511
     110       1       0       1       0       0       0               0D    512
     122     467       0       1       0       0       0       000010001D    513
     122       1       0       1       0       0       0               0D    514
     126     468       0       1       0       0       0       000010501D    515
     126       1       0       7       0       0       0               0D    516
     126     475       0       1       0       0       0       000010501D    517
     126       1       0       5       0       0       0               0D    518
     126     480       0       1       0       0       0       000010501D    519
     126       1       0      37       0       0       0               0D    520
     126     517       0       1       0       0       0       000010501D    521
     126       1       0       7       0       0       0               0D    522
     126     524       0       1       0       0       0       000010501D    523
     126       1       0      20       0       0       0               0D    524
     126     544       0       1       0       0       0       000010501D    525
     126       1       0       7       0       0       0               0D    526
     126     551       0       1       0       0       0       000010501D    527
     126       1       0       5       0       0       0               0D    528
     126     556       0       1       0       0       0       000010501D    529
     126       1       0       7       0       0       0               0D    530
     126     563       0       1       0       0       0       000010501D    531
     126       1       0       5       0       0       0               0D    532
     126     568       0       1       0       0       0       000010501D    533
     126       1       0      20       0       0       0               0D    534
     126     588       0       1       0       0       0       000010501D    535
     126       1       0       7       0       0       0               0D    536
     126     595       0       1       0       0       0       000010501D    537
     126       1       0       5       0       0       0               0D    538
     126     600       0       1       0       0       0       000010501D    539
     126       1       0       5       0       0       0               0D    540
     126     605       0       1       0       0       0       000010501D    541
     126       1       0       5       0       0       0               0D    542
     126     610       0       1       0       0       0       000010501D    543
     126       1       0      20       0       0       0               0D    544
     102     630       0       1       0       0       0       000010501D    545
     102       1       0       2       0       0       0               0D    546
     124     632       0       1       0       0       0       000010001D    547
     124       1       0       2       0       0       0               0D    548
     100     634       0       1       0       0     547       000010001D    549
     100       1       0       2       0       0       0               0D    550
     124     636       0       1       0       0       0       000010001D    551
     124       1       0       1       0       0       0               0D    552
     100     637       0       1       0       0     551       000010001D    553
     100       1       0       1       0       0       0               0D    554
     124     638       0       1       0       0       0       000010001D    555
     124       1       0       1       0       0       0               0D    556
     100     639       0       1       0       0     555       000010001D    557
     100       1       0       1       0       0       0               0D    558
     124     640       0       1       0       0       0       000010001D    559
     124       1       0       2       0       0       0               0D    560
     100     642       0       1       0       0     559       000010001D    561
     100       1       0       2       0       0       0               0D    562
     124     644       0       1       0       0       0       000010001D    563
     124       1       0       1       0       0       0               0D    564
     100     645       0       1       0       0     563       000010001D    565
     100       1       0       2       0       0       0               0D    566
     124     647       0       1       0       0       0       000010001D    567
     124       1       0       2       0       0       0               0D    568
     100     649       0       1       0       0     567       000010001D    569
     100       1       0       2       0       0       0               0D    570
     124     651       0       1       0       0       0       000010001D    571
     124       1       0       2       0       0       0               0D    572
     100     653       0       1       0       0     571       000010001D    573
     100       1       0       2       0       0       0               0D    574
     124     655       0       1       0       0       0       000010001D    575
     124       1       0       2       0       0       0               0D    576
     100     657       0       1       0       0     575       000010001D    577
     100       1       0       1       0       0       0               0D    578
     124     658       0       1       0       0       0       000010001D    579
     124       1       0       2       0       0       0               0D    580
     100     660       0       1       0       0     579       000010001D    581
     100       1       0       1       0       0       0               0D    582
     124     661       0       1       0       0       0       000010001D    583
     124       1       0       2       0       0       0               0D    584
     100     663       0       1       0       0     583       000010001D    585
     100       1       0       2       0       0       0               0D    586
     124     665       0       1       0       0       0       000010001D    587
     124       1       0       2       0       0       0               0D    588
     100     667       0       1       0       0     587       000010001D    589
     100       1       0       2       0       0       0               0D    590
     124     669       0       1       0       0       0       000010001D    591
     124       1       0       2       0       0       0               0D    592
     100     671       0       1       0       0     591       000010001D    593
     100       1       0       2       0       0       0               0D    594
     124     673       0       1       0       0       0       000010001D    595
     124       1       0       2       0       0       0               0D    596
     100     675       0       1       0       0     595       000010001D    597
     100       1       0       1       0       0       0               0D    598
     124     676       0       1       0       0       0       000010001D    599
     124       1       0       2       0       0       0               0D    600
     100     678       0       1       0       0     599       000010001D    601
     100       1       0       1       0       0       0               0D    602
     124     679       0       1       0       0       0       000010001D    603
     124       1       0       2       0       0       0               0D    604
     100     681       0       1       0       0     603       000010001D    605
     100       1       0       2       0       0       0               0D    606
     102     683       0       1       0       0       0       000010001D    607
     102       1       0       2       0       0       0               0D    608
     142     685       0       1       0       0       0       000010001D    609
     142       1       0       1       0       0       0               0D    610
     144     686       0       1       0       0       0       000000001D    611
     144       1       0       1       0       0       0               0D    612
     110     687       0       1       0       0       0       000010001D    613
     110       1       0       1       0       0       0               0D    614
     122     688       0       1       0       0       0       000010001D    615
     122       1       0       1       0       0       0               0D    616
     126     689       0       1       0       0       0       000010501D    617
     126       1       0       8       0       0       0               0D    618
     126     697       0       1       0       0       0       000010501D    619
     126       1       0      20       0       0       0               0D    620
     126     717       0       1       0       0       0       000010501D    621
     126       1       0       6       0       0       0               0D    622
     126     723       0       1       0       0       0       000010501D    623
     126       1       0       6       0       0       0               0D    624
     126     729       0       1       0       0       0       000010501D    625
     126       1       0       6       0       0       0               0D    626
     126     735       0       1       0       0       0       000010501D    627
     126       1       0       8       0       0       0               0D    628
     126     743       0       1       0       0       0       000010501D    629
     126       1       0      20       0       0       0               0D    630
     126     763       0       1       0       0       0       000010501D    631
     126       1       0       6       0       0       0               0D    632
     126     769       0       1       0       0       0       000010501D    633
     126       1       0       8       0       0       0               0D    634
     126     777       0       1       0       0       0       000010501D    635
     126       1       0       5       0       0       0               0D    636
     126     782       0       1       0       0       0       000010501D    637
     126       1       0       8       0       0       0               0D    638
     126     790       0       1       0       0       0       000010501D    639
     126       1       0      20       0       0       0               0D    640
     126     810       0       1       0       0       0       000010501D    641
     126       1       0       8       0       0       0               0D    642
     126     818       0       1       0       0       0       000010501D    643
     126       1       0      37       0       0       0               0D    644
     126     855       0       1       0       0       0       000010501D    645
     126       1       0       6       0       0       0               0D    646
     102     861       0       1       0       0       0       000010501D    647
     102       1       0       2       0       0       0               0D    648
     124     863       0       1       0       0       0       000010001D    649
     124       1       0       2       0       0       0               0D    650
     100     865       0       1       0       0     649       000010001D    651
     100       1       0       2       0       0       0               0D    652
     124     867       0       1       0       0       0       000010001D    653
     124       1       0       2       0       0       0               0D    654
     100     869       0       1       0       0     653       000010001D    655
     100       1       0       2       0       0       0               0D    656
     124     871       0       1       0       0       0       000010001D    657
     124       1       0       2       0       0       0               0D    658
     100     873       0       1       0       0     657       000010001D    659
     100       1       0       1       0       0       0               0D    660
     124     874       0       1       0       0       0       000010001D    661
     124       1       0       2       0       0       0               0D    662
     100     876       0       1       0       0     661       000010001D    663
     100       1       0       1       0       0       0               0D    664
     124     877       0       1       0       0       0       000010001D    665
     124       1       0       2       0       0       0               0D    666
     100     879       0       1       0       0     665       000010001D    667
     100       1       0       2       0       0       0               0D    668
     124     881       0       1       0       0       0       000010001D    669
     124       1       0       2       0       0       0               0D    670
     100     883       0       1       0       0     669       000010001D    671
     100       1       0       2       0       0       0               0D    672
     124     885       0       1       0       0       0       000010001D    673
     124       1       0       2       0       0       0               0D    674
     100     887       0       1       0       0     673       000010001D    675
     100       1       0       2       0       0       0               0D    676
     124     889       0       1       0       0       0       000010001D    677
     124       1       0       2       0       0       0               0D    678
     100     891       0       1       0       0     677       000010001D    679
     100       1       0       1       0       0       0               0D    680
     124     892       0       1       0       0       0       000010001D    681
     124       1       0       2       0       0       0               0D    682
     100     894       0       1       0       0     681       000010001D    683
     100       1       0       1       0       0       0               0D    684
     124     895       0       1       0       0       0       000010001D    685
     124       1       0       2       0       0       0               0D    686
     100     897       0       1       0       0     685       000010001D    687
     100       1       0       2       0       0       0               0D    688
     124     899       0       1       0       0       0       000010001D    689
     124       1       0       2       0       0       0               0D    690
     100     901       0       1       0       0     689       000010001D    691
     100       1       0       2       0       0       0               0D    692
     124     903       0       1       0       0       0       000010001D    693
     124       1       0       1       0       0       0               0D    694
     100     904       0       1       0       0     693       000010001D    695
     100       1       0       2       0       0       0               0D    696
     124     906       0       1       0       0       0       000010001D    697
     124       1       0       2       0       0       0               0D    698
     100     908       0       1       0       0     697       000010001D    699
     100       1       0       2       0       0       0               0D    700
     124     910       0       1       0       0       0       000010001D    701
     124       1       0       1       0       0       0               0D    702
     100     911       0       1       0       0     701       000010001D    703
     100       1       0       1       0       0       0               0D    704
     124     912       0       1       0       0       0       000010001D    705
     124       1       0       1       0       0       0               0D    706
     100     913       0       1       0       0     705       000010001D    707
     100       1       0       1       0       0       0               0D    708
     102     914       0       1       0       0       0       000010001D    709
     102       1       0       2       0       0       0               0D    710
     142     916       0       1       0       0       0       000010001D    711
     142       1       0       1       0       0       0               0D    712
     144     917       0       1       0       0       0       000000001D    713
     144       1       0       1       0       0       0               0D    714
110,8.3,2.02902760609465,1.91643626914797,-991.70000000000005,         1P      1
2.02902760609465,1.91643626914797;                                     1P      2
110,0.,2.02902760609465,2.00043626914797,8.3,2.02902760609465,         3P      3
2.00043626914797;                                                      3P      4
120,1,3,0.,6.28318530717959;                                           5P      5
126,1,1,1,0,1,0,-3.95597403008279,-3.95597403008279,                   7P      6
-3.14159265358979,-3.14159265358979,1.,1.,1.,5.46880393068659,         7P      7
0.,1.,6.28318530717959,0.,-3.95597403008279,-3.14159265358979,         7P      8
0.,0.,1.;                                                              7P      9
126,1,1,1,0,1,0,0.,0.,0.0083,0.0083,1.,1.,1.,6.28318530717959,         9P     10
0.,0.,6.28318530717959,0.,0.,0.0083,0.,0.,1.;                          9P     11
126,1,1,1,0,1,0,3.14159265358979,3.14159265358979,                    11P     12
3.95597403008279,3.95597403008279,1.,1.,0.,6.28318530717959,0.,       11P     13
0.,5.46880393068659,0.,3.14159265358979,3.95597403008279,0.,0.,       11P     14
1.;                                                                   11P     15
126,1,1,1,0,1,0,-0.0083,-0.0083,0.,0.,1.,1.,0.,5.46880393068659,      13P     16
0.,1.,5.46880393068659,0.,-0.0083,0.,0.,0.,1.;                        13P     17
102,4,7,9,11,13;                                                      15P     18
124,0.,0.,-1.,8.3,0.,-1.,0.,2.02902760609465,-1.,0.,0.,               17P     19
1.91643626914797;                                                     17P     20
100,0.,0.,0.,-0.05765074982946,0.06109329786565,-0.084,-0.;           19P     21
110,8.3,2.02902760609465,2.00043626914797,0.,2.02902760609465,        21P     22
2.00043626914797;                                                     21P     23
124,0.,0.,1.,0.,0.,1.,0.,2.02902760609465,-1.,0.,0.,                  23P     24
1.91643626914797;                                                     23P     25
100,0.,0.,0.,-0.084,0.,-0.05765074982946,-0.06109329786565;           25P     26
110,0.,1.96793430822901,1.97408701897744,8.3,1.96793430822901,        27P     27
1.97408701897744;                                                     27P     28
102,4,19,21,25,27;                                                    29P     29
142,1,5,15,29,2;                                                      31P     30
144,5,1,0,31;                                                         33P     31
110,8.3,2.68722706205139,0.75398389702875,-991.70000000000005,        35P     32
2.68722706205139,0.75398389702875;                                    35P     33
110,0.,2.68722706205139,0.83798389702875,8.3,2.68722706205139,        37P     34
0.83798389702875;                                                     37P     35
120,35,37,0.,6.28318530717959;                                        39P     36
126,1,1,1,0,1,0,-3.47265208337667,-3.47265208337667,                  41P     37
-3.14159265358979,-3.14159265358979,1.,1.,1.,5.95212587739271,        41P     38
0.,1.,6.28318530717959,0.,-3.47265208337667,-3.14159265358979,        41P     39
0.,0.,1.;                                                             41P     40
126,1,1,1,0,1,0,0.,0.,0.0083,0.0083,1.,1.,1.,6.28318530717959,        43P     41
0.,0.,6.28318530717959,0.,0.,0.0083,0.,0.,1.;                         43P     42
126,1,1,1,0,1,0,3.14159265358979,3.14159265358979,                    45P     43
3.47265208337667,3.47265208337667,1.,1.,0.,6.28318530717959,0.,       45P     44
0.,5.95212587739271,0.,3.14159265358979,3.47265208337667,0.,0.,       45P     45
1.;                                                                   45P     46
126,1,1,1,0,1,0,-0.0083,-0.0083,0.,0.,1.,1.,0.,5.95212587739271,      47P     47
0.,1.,5.95212587739271,0.,-0.0083,0.,0.,0.,1.;                        47P     48
102,4,41,43,45,47;                                                    49P     49
124,0.,0.,-1.,8.3,0.,-1.,0.,2.68722706205139,-1.,0.,0.,               51P     50
0.75398389702875;                                                     51P     51
100,0.,0.,0.,-0.07943867499466,0.02730378939071,-0.084,-0.;           53P     52
110,8.3,2.68722706205139,0.83798389702875,0.,2.68722706205139,        55P     53
0.83798389702875;                                                     55P     54
124,0.,0.,1.,0.,0.,1.,0.,2.68722706205139,-1.,0.,0.,                  57P     55
0.75398389702875;                                                     57P     56
100,0.,0.,0.,-0.084,0.,-0.07943867499466,-0.02730378939071;           59P     57
110,0.,2.65992327266068,0.83342257202341,8.3,2.65992327266068,        61P     58
0.83342257202341;                                                     61P     59
102,4,53,55,59,61;                                                    63P     60
142,1,39,49,63,2;                                                     65P     61
144,39,1,0,65;                                                        67P     62
110,8.3,0.,-0.,-991.70000000000005,0.,-0.;                            69P     63
110,0.,0.,2.875,8.3,0.,2.875;                                         71P     64
120,69,71,0.,6.28318530717959;                                        73P     65
126,1,1,1,0,1,0,-7.64420673924757,-7.64420673924757,                  75P     66
-3.14159265358979,-3.14159265358979,1.,1.,1.,1.7805712215218,0.,      75P     67
1.,6.28318530717959,0.,-7.64420673924757,-3.14159265358979,0.,        75P     68
0.,1.;                                                                75P     69
126,1,1,1,0,1,0,0.,0.,0.0083,0.0083,1.,1.,1.,6.28318530717959,        77P     70
0.,0.,6.28318530717959,0.,0.,0.0083,0.,0.,1.;                         77P     71
126,1,1,1,0,1,0,3.14159265358979,3.14159265358979,                    79P     72
7.64420673924757,7.64420673924757,1.,1.,0.,6.28318530717959,0.,       79P     73
0.,1.7805712215218,0.,3.14159265358979,7.64420673924757,0.,0.,        79P     74
1.;                                                                   79P     75
126,1,1,1,0,1,0,-0.0083,-0.0083,0.,0.,1.,1.,0.,1.7805712215218,       81P     76
0.,1.,1.7805712215218,0.,-0.0083,0.,0.,0.,1.;                         81P     77
102,4,75,77,79,81;                                                    83P     78
124,0.,0.,-1.,8.3,0.,-1.,0.,0.,-1.,0.,0.,-0.;                         85P     79
100,0.,0.,0.,0.5986892371194,-2.81197371917971,-2.875,-0.;            87P     80
110,8.3,0.,2.875,0.,0.,2.875;                                         89P     81
124,0.,0.,1.,0.,0.,1.,0.,0.,-1.,0.,0.,-0.;                            91P     82
100,0.,0.,0.,-2.875,0.,0.5986892371194,2.81197371917971;              93P     83
110,0.,2.81197371917971,-0.5986892371194,8.3,2.81197371917971,        95P     84
-0.5986892371194;                                                     95P     85
102,4,87,89,93,95;                                                    97P     86
142,1,73,83,97,2;                                                     99P     87
144,73,1,0,99;                                                       101P     88
110,8.3,1.07239593465941,2.57675143530104,-991.70000000000005,       103P     89
1.07239593465941,2.57675143530104;                                   103P     90
110,0.,1.07239593465941,2.66075143530104,8.3,1.07239593465941,       105P     91
2.66075143530104;                                                    105P     92
120,103,105,0.,6.28318530717959;                                     107P     93
126,1,1,1,0,1,0,1.11890641033149,1.11890641033149,                   109P     94
2.74721514629332,2.74721514629332,1.,1.,0.,2.0226862432583,0.,       109P     95
0.,0.39437750729647,0.,1.11890641033149,2.74721514629332,0.,0.,      109P     96
1.;                                                                  109P     97
126,1,1,1,0,1,0,-0.0083,-0.0083,0.,0.,1.,1.,0.,0.39437750729647,     111P     98
0.,1.,0.39437750729647,0.,-0.0083,0.,0.,0.,1.;                       111P     99
126,1,1,1,0,1,0,-2.74721514629332,-2.74721514629332,                 113P    100
-1.11890641033149,-1.11890641033149,1.,1.,1.,0.39437750729647,       113P    101
0.,1.,2.0226862432583,0.,-2.74721514629332,-1.11890641033149,0.,     113P    102
0.,1.;                                                               113P    103
126,1,1,1,0,1,0,0.,0.,0.0083,0.0083,1.,1.,1.,2.0226862432583,0.,     115P    104
0.,2.0226862432583,0.,0.,0.0083,0.,0.,1.;                            115P    105
102,4,109,111,113,115;                                               117P    106
124,0.,0.,1.,0.,0.,1.,0.,1.07239593465941,-1.,0.,0.,                 119P    107
2.57675143530104;                                                    119P    108
100,0.,0.,0.,0.0366799881924,0.07556836948224,-0.07755181776789,     121P    109
0.03227561867566;                                                    121P    110
110,0.,1.10467155333507,2.65430325306893,8.3,1.10467155333507,       123P    111
2.65430325306893;                                                    123P    112
124,0.,0.,-1.,8.3,0.,-1.,0.,1.07239593465941,-1.,0.,0.,              125P    113
2.57675143530104;                                                    125P    114
100,0.,0.,0.,-0.07755181776789,-0.03227561867566,                    127P    115
0.0366799881924,-0.07556836948224;                                   127P    116
110,8.3,1.14796430414166,2.54007144710864,0.,1.14796430414166,       129P    117
2.54007144710864;                                                    129P    118
102,4,121,123,127,129;                                               131P    119
142,1,107,117,131,2;                                                 133P    120
144,107,1,0,133;                                                     135P    121
110,8.3,0.,-0.,-991.70000000000005,0.,-0.;                           137P    122
110,0.,0.,2.875,8.3,0.,2.875;                                        139P    123
120,137,139,0.,6.28318530717959;                                     141P    124
126,1,1,1,0,1,0,-0.0083,-0.0083,0.,0.,1.,1.,0.,0.,0.,1.,0.,0.,       143P    125
-0.0083,0.,0.,0.,1.;                                                 143P    126
126,1,1,1,0,1,0,-3.14159265358979,-3.14159265358979,                 145P    127
-2.74721511585029,-2.74721511585029,1.,1.,1.,0.,0.,1.,               145P    128
0.39437753773951,0.,-3.14159265358979,-2.74721511585029,0.,0.,       145P    129
1.;                                                                  145P    130
126,1,1,1,0,1,0,0.,0.,0.0083,0.0083,1.,1.,1.,0.39437753773951,       147P    131
0.,0.,0.39437753773951,0.,0.,0.0083,0.,0.,1.;                        147P    132
126,1,1,1,0,1,0,2.74721511585029,2.74721511585029,                   149P    133
3.14159265358979,3.14159265358979,1.,1.,0.,0.39437753773951,0.,      149P    134
0.,0.,0.,2.74721511585029,3.14159265358979,0.,0.,1.;                 149P    135
102,4,143,145,147,149;                                               151P    136
110,0.,0.,2.875,8.3,0.,2.875;                                        153P    137
124,0.,0.,-1.,8.3,0.,-1.,0.,0.,-1.,0.,0.,-0.;                        155P    138
100,0.,0.,0.,-2.875,-0.,-2.65430325306893,-1.10467155333507;         157P    139
110,8.3,1.10467155333507,2.65430325306893,0.,1.10467155333507,       159P    140
2.65430325306893;                                                    159P    141
124,0.,0.,1.,0.,0.,1.,0.,0.,-1.,0.,0.,-0.;                           161P    142
100,0.,0.,0.,-2.65430325306893,1.10467155333507,-2.875,0.;           163P    143
102,4,153,157,159,163;                                               165P    144
142,1,141,151,165,2;                                                 167P    145
144,141,1,0,167;                                                     169P    146
110,8.3,2.7298151826889,-0.58119709940879,-991.70000000000005,       171P    147
2.7298151826889,-0.58119709940879;                                   171P    148
110,0.,2.7298151826889,-0.49719709940878,8.3,2.7298151826889,        173P    149
-0.49719709940878;                                                   173P    150
120,171,173,0.,6.28318530717959;                                     175P    151
126,1,1,1,0,1,0,1.36102143206799,1.36102143206799,                   177P    152
2.98933013667054,2.98933013667054,1.,1.,0.,1.7805712215218,0.,       177P    153
0.,0.15226251691926,0.,1.36102143206799,2.98933013667054,0.,0.,      177P    154
1.;                                                                  177P    155
126,1,1,1,0,1,0,-0.0083,-0.0083,0.,0.,1.,1.,0.,0.15226251691926,     179P    156
0.,1.,0.15226251691926,0.,-0.0083,0.,0.,0.,1.;                       179P    157
126,1,1,1,0,1,0,-2.98933013667054,-2.98933013667054,                 181P    158
-1.36102143206799,-1.36102143206799,1.,1.,1.,0.15226251691926,       181P    159
0.,1.,1.7805712215218,0.,-2.98933013667054,-1.36102143206799,0.,     181P    160
0.,1.;                                                               181P    161
126,1,1,1,0,1,0,0.,0.,0.0083,0.0083,1.,1.,1.,1.7805712215218,0.,     183P    162
0.,1.7805712215218,0.,0.,0.0083,0.,0.,1.;                            183P    163
102,4,177,179,181,183;                                               185P    164
124,0.,0.,1.,0.,0.,1.,0.,2.7298151826889,-1.,0.,0.,                  187P    165
-0.58119709940879;                                                   187P    166
100,0.,0.,0.,0.01749213771062,0.08215853649082,-0.0830281570584,     189P    167
0.0127406881873;                                                     189P    168
110,0.,2.7425558708762,-0.49816894235039,8.3,2.7425558708762,        191P    169
-0.49816894235039;                                                   191P    170
124,0.,0.,-1.,8.3,0.,-1.,0.,2.7298151826889,-1.,0.,0.,               193P    171
-0.58119709940879;                                                   193P    172
100,0.,0.,0.,-0.0830281570584,-0.0127406881873,0.01749213771062,     195P    173
-0.08215853649082;                                                   195P    174
110,8.3,2.81197371917971,-0.5986892371194,0.,2.81197371917971,       197P    175
-0.5986892371194;                                                    197P    176
102,4,189,191,195,197;                                               199P    177
142,1,175,185,199,2;                                                 201P    178
144,175,1,0,201;                                                     203P    179
110,8.3,2.819,0.,-991.70000000000005,2.819,0.;                       205P    180
110,8.3,2.819,0.504,0.,2.819,0.504;                                  207P    181
120,205,207,0.,6.28318530717959;                                     209P    182
126,1,1,1,0,1,0,-6.13092279026033,-6.13092279026033,                 211P    183
-3.29385517050905,-3.29385517050905,1.,1.,1.,3.29385517050905,       211P    184
0.,1.,6.13092279026033,0.,-6.13092279026033,-3.29385517050905,       211P    185
0.,0.,1.;                                                            211P    186
126,1,1,1,0,1,0,-0.0083,-0.0083,0.,0.,1.,1.,1.,6.13092279026033,     213P    187
0.,0.,6.13092279026033,0.,-0.0083,0.,0.,0.,1.;                       213P    188
126,1,1,1,0,1,0,3.29385517050905,3.29385517050905,                   215P    189
6.13092279026033,6.13092279026033,1.,1.,0.,6.13092279026033,0.,      215P    190
0.,3.29385517050905,0.,3.29385517050905,6.13092279026033,0.,0.,      215P    191
1.;                                                                  215P    192
126,1,1,1,0,1,0,0.,0.,0.0083,0.0083,1.,1.,0.,3.29385517050905,       217P    193
0.,1.,3.29385517050905,0.,0.,0.0083,0.,0.,1.;                        217P    194
102,4,211,213,215,217;                                               219P    195
124,0.,0.,-1.,0.,0.,-1.,0.,2.819,-1.,0.,0.,0.;                       221P    196
100,0.,0.,0.,0.49816894235039,0.0764441291238,-0.49816894235039,     223P    197
0.0764441291238;                                                     223P    198
110,0.,2.7425558708762,0.49816894235039,8.3,2.7425558708762,         225P    199
0.49816894235039;                                                    225P    200
124,0.,0.,1.,8.3,0.,1.,0.,2.819,-1.,0.,0.,0.;                        227P    201
100,0.,0.,0.,-0.49816894235039,-0.0764441291238,                     229P    202
0.49816894235039,-0.0764441291238;                                   229P    203
110,8.3,2.7425558708762,-0.49816894235039,0.,2.7425558708762,        231P    204
-0.49816894235039;                                                   231P    205
102,4,223,225,229,231;                                               233P    206
142,1,209,219,233,2;                                                 235P    207
144,209,1,0,235;                                                     237P    208
110,8.3,2.7298151826889,0.58119709940879,-991.70000000000005,        239P    209
2.7298151826889,0.58119709940879;                                    239P    210
110,0.,2.7298151826889,0.66519709940879,8.3,2.7298151826889,         241P    211
0.66519709940879;                                                    241P    212
120,239,241,0.,6.28318530717959;                                     243P    213
126,1,1,1,0,1,0,0.15226251691925,0.15226251691925,                   245P    214
1.78057125288106,1.78057125288106,1.,1.,0.,2.98933013667054,0.,      245P    215
0.,1.36102140070873,0.,0.15226251691925,1.78057125288106,0.,0.,      245P    216
1.;                                                                  245P    217
126,1,1,1,0,1,0,-0.0083,-0.0083,0.,0.,1.,1.,0.,1.36102140070873,     247P    218
0.,1.,1.36102140070873,0.,-0.0083,0.,0.,0.,1.;                       247P    219
126,1,1,1,0,1,0,-1.78057125288106,-1.78057125288106,                 249P    220
-0.15226251691925,-0.15226251691925,1.,1.,1.,1.36102140070873,       249P    221
0.,1.,2.98933013667054,0.,-1.78057125288106,-0.15226251691925,       249P    222
0.,0.,1.;                                                            249P    223
126,1,1,1,0,1,0,0.,0.,0.0083,0.0083,1.,1.,1.,2.98933013667054,       251P    224
0.,0.,2.98933013667054,0.,0.,0.0083,0.,0.,1.;                        251P    225
102,4,245,247,249,251;                                               253P    226
124,0.,0.,1.,0.,0.,1.,0.,2.7298151826889,-1.,0.,0.,                  255P    227
0.58119709940879;                                                    255P    228
100,0.,0.,0.,0.0830281570584,0.0127406881873,-0.01749214028705,      257P    229
0.08215853594228;                                                    257P    230
110,0.,2.81197371863117,0.59868923969584,8.3,2.81197371863117,       259P    231
0.59868923969584;                                                    259P    232
124,0.,0.,-1.,8.3,0.,-1.,0.,2.7298151826889,-1.,0.,0.,               261P    233
0.58119709940879;                                                    261P    234
100,0.,0.,0.,-0.01749214028705,-0.08215853594228,                    263P    235
0.0830281570584,-0.0127406881873;                                    263P    236
110,8.3,2.7425558708762,0.49816894235039,0.,2.7425558708762,         265P    237
0.49816894235039;                                                    265P    238
102,4,257,259,263,265;                                               267P    239
142,1,243,253,267,2;                                                 269P    240
144,243,1,0,269;                                                     271P    241
110,8.3,-0.00000000000099,-0.00000000000024,-991.70000000000005,     273P    242
-0.00000000000099,-0.00000000000024;                                 273P    243
110,0.,-0.00000000000099,2.87500000000078,8.3,-0.00000000000099,     275P    244
2.87500000000078;                                                    275P    245
120,273,275,0.,6.28318530717959;                                     277P    246
126,1,1,1,0,1,0,1.78057122243805,1.78057122243805,                   279P    247
1.8443433787741,1.8443433787741,1.,1.,0.,1.36102143115174,0.,0.,     279P    248
1.2972492748157,0.,1.78057122243805,1.8443433787741,0.,0.,1.;        279P    249
126,1,1,1,0,1,0,-0.0083,-0.0083,0.,0.,1.,1.,0.,1.2972492748157,      281P    250
0.,1.,1.2972492748157,0.,-0.0083,0.,0.,0.,1.;                        281P    251
126,1,1,1,0,1,0,-1.8443433787741,-1.8443433787741,                   283P    252
-1.78057122243805,-1.78057122243805,1.,1.,1.,1.2972492748157,0.,     283P    253
1.,1.36102143115174,0.,-1.8443433787741,-1.78057122243805,0.,0.,     283P    254
1.;                                                                  283P    255
126,1,1,1,0,1,0,0.,0.,0.0083,0.0083,1.,1.,1.,1.36102143115174,       285P    256
0.,0.,1.36102143115174,0.,0.,0.0083,0.,0.,1.;                        285P    257
102,4,279,281,283,285;                                               287P    258
124,0.,0.,1.,0.,0.,1.,0.,-0.00000000000099,-1.,0.,0.,                289P    259
-0.00000000000024;                                                   289P    260
100,0.,0.,0.,-0.59868923969607,2.81197371863216,                     291P    261
-0.77667635398005,2.76810383496972;                                  291P    262
110,0.,2.76810383496874,0.77667635397981,8.3,2.76810383496874,       293P    263
0.77667635397981;                                                    293P    264
124,0.,0.,-1.,8.3,0.,-1.,0.,-0.00000000000099,-1.,0.,0.,             295P    265
-0.00000000000024;                                                   295P    266
100,0.,0.,0.,-0.77667635398005,-2.76810383496972,                    297P    267
-0.59868923969607,-2.81197371863216;                                 297P    268
110,8.3,2.81197371863117,0.59868923969584,0.,2.81197371863117,       299P    269
0.59868923969584;                                                    299P    270
102,4,291,293,297,299;                                               301P    271
142,1,277,287,301,2;                                                 303P    272
144,277,1,0,303;                                                     305P    273
110,8.3,2.68722706205139,0.75398389702875,-991.70000000000005,       307P    274
2.68722706205139,0.75398389702875;                                   307P    275
110,0.,2.68722706205139,0.83798389702875,8.3,2.68722706205139,       309P    276
0.83798389702875;                                                    309P    277
120,307,309,0.,6.28318530717959;                                     311P    278
126,1,1,1,0,1,0,-0.0083,-0.0083,0.,0.,1.,1.,0.,0.,0.,1.,0.,0.,       313P    279
-0.0083,0.,0.,0.,1.;                                                 313P    280
126,1,1,1,0,1,0,-3.14159265358979,-3.14159265358979,                 315P    281
-1.84434337877411,-1.84434337877411,1.,1.,1.,0.,0.,1.,               315P    282
1.29724927481568,0.,-3.14159265358979,-1.84434337877411,0.,0.,       315P    283
1.;                                                                  315P    284
126,1,1,1,0,1,0,0.,0.,0.0083,0.0083,1.,1.,1.,1.29724927481568,       317P    285
0.,0.,1.29724927481568,0.,0.,0.0083,0.,0.,1.;                        317P    286
126,1,1,1,0,1,0,1.84434337877411,1.84434337877411,                   319P    287
3.14159265358979,3.14159265358979,1.,1.,0.,1.29724927481568,0.,      319P    288
0.,0.,0.,1.84434337877411,3.14159265358979,0.,0.,1.;                 319P    289
102,4,313,315,317,319;                                               321P    290
110,0.,2.68722706205139,0.83798389702875,8.3,2.68722706205139,       323P    291
0.83798389702875;                                                    323P    292
124,0.,0.,-1.,8.3,0.,-1.,0.,2.68722706205139,-1.,0.,0.,              325P    293
0.75398389702875;                                                    325P    294
100,0.,0.,0.,-0.084,-0.,-0.02269245695106,-0.08087677291735;         327P    295
110,8.3,2.76810383496874,0.77667635397981,0.,2.76810383496874,       329P    296
0.77667635397981;                                                    329P    297
124,0.,0.,1.,0.,0.,1.,0.,2.68722706205139,-1.,0.,0.,                 331P    298
0.75398389702875;                                                    331P    299
100,0.,0.,0.,-0.02269245695106,0.08087677291735,-0.084,0.;           333P    300
102,4,323,327,329,333;                                               335P    301
142,1,311,321,335,2;                                                 337P    302
144,311,1,0,337;                                                     339P    303
110,8.3,2.4961005363164,1.31005462199138,-991.70000000000005,        341P    304
2.4961005363164,1.31005462199138;                                    341P    305
110,8.3,2.4961005363164,1.81405462199138,0.,2.4961005363164,         343P    306
1.81405462199138;                                                    343P    307
120,341,343,0.,6.28318530717959;                                     345P    308
126,1,1,1,0,1,0,-6.61424473696646,-6.61424473696646,                 347P    309
-3.77717711721517,-3.77717711721517,1.,1.,1.,2.81053322380292,       347P    310
0.,1.,5.64760084355421,0.,-6.61424473696646,-3.77717711721517,       347P    311
0.,0.,1.;                                                            347P    312
126,1,1,1,0,1,0,-0.0083,-0.0083,0.,0.,1.,1.,1.,5.64760084355421,     349P    313
0.,0.,5.64760084355421,0.,-0.0083,0.,0.,0.,1.;                       349P    314
126,1,1,1,0,1,0,3.77717711721517,3.77717711721517,                   351P    315
6.61424473696646,6.61424473696646,1.,1.,0.,5.64760084355421,0.,      351P    316
0.,2.81053322380292,0.,3.77717711721517,6.61424473696646,0.,0.,      351P    317
1.;                                                                  351P    318
126,1,1,1,0,1,0,0.,0.,0.0083,0.0083,1.,1.,0.,2.81053322380292,       353P    319
0.,1.,2.81053322380292,0.,0.,0.0083,0.,0.,1.;                        353P    320
102,4,347,349,351,353;                                               355P    321
124,0.,0.,-1.,0.,0.,-1.,0.,2.4961005363164,-1.,0.,0.,                357P    322
1.31005462199138;                                                    357P    323
100,0.,0.,0.,0.47663204996797,-0.16382273634428,                     359P    324
-0.4055813336269,0.29919856586124;                                   359P    325
110,0.,2.19690197045515,1.71563595561828,8.3,2.19690197045515,       361P    326
1.71563595561828;                                                    361P    327
124,0.,0.,1.,8.3,0.,1.,0.,2.4961005363164,-1.,0.,0.,                 363P    328
1.31005462199138;                                                    363P    329
100,0.,0.,0.,-0.4055813336269,-0.29919856586124,                     365P    330
0.47663204996797,0.16382273634428;                                   365P    331
110,8.3,2.65992327266068,0.83342257202341,0.,2.65992327266068,       367P    332
0.83342257202341;                                                    367P    333
102,4,359,361,365,367;                                               369P    334
142,1,345,355,369,2;                                                 371P    335
144,345,1,0,371;                                                     373P    336
110,8.3,2.14703554281161,1.7832328445561,-991.70000000000005,        375P    337
2.14703554281161,1.7832328445561;                                    375P    338
110,0.,2.14703554281161,1.8672328445561,8.3,2.14703554281161,        377P    339
1.8672328445561;                                                     377P    340
120,375,377,0.,6.28318530717959;                                     379P    341
126,1,1,1,0,1,0,0.63558446362538,0.63558446362538,                   381P    342
2.26389319958719,2.26389319958719,1.,1.,0.,2.50600818996441,0.,      381P    343
0.,0.8776994540026,0.,0.63558446362538,2.26389319958719,0.,0.,       381P    344
1.;                                                                  381P    345
126,1,1,1,0,1,0,-0.0083,-0.0083,0.,0.,1.,1.,0.,0.8776994540026,      383P    346
0.,1.,0.8776994540026,0.,-0.0083,0.,0.,0.,1.;                        383P    347
126,1,1,1,0,1,0,-2.26389319958719,-2.26389319958719,                 385P    348
-0.63558446362538,-0.63558446362538,1.,1.,1.,0.8776994540026,0.,     385P    349
1.,2.50600818996441,0.,-2.26389319958719,-0.63558446362538,0.,       385P    350
0.,1.;                                                               385P    351
126,1,1,1,0,1,0,0.,0.,0.0083,0.0083,1.,1.,1.,2.50600818996441,       387P    352
0.,0.,2.50600818996441,0.,0.,0.0083,0.,0.,1.;                        387P    353
102,4,381,383,385,387;                                               389P    354
124,0.,0.,1.,0.,0.,1.,0.,2.14703554281161,-1.,0.,0.,                 391P    355
1.7832328445561;                                                     391P    356
100,0.,0.,0.,0.06759688893782,0.04986642764354,                      393P    357
-0.05366949645231,0.0646187677889;                                   393P    358
110,0.,2.21165431060051,1.83690234100841,8.3,2.21165431060051,       395P    359
1.83690234100841;                                                    395P    360
124,0.,0.,-1.,8.3,0.,-1.,0.,2.14703554281161,-1.,0.,0.,              397P    361
1.7832328445561;                                                     397P    362
100,0.,0.,0.,-0.05366949645231,-0.0646187677889,                     399P    363
0.06759688893782,-0.04986642764354;                                  399P    364
110,8.3,2.19690197045515,1.71563595561828,0.,2.19690197045515,       401P    365
1.71563595561828;                                                    401P    366
102,4,393,395,399,401;                                               403P    367
142,1,379,389,403,2;                                                 405P    368
144,379,1,0,405;                                                     407P    369
110,8.3,-0.00000000000016,-0.00000000000012,-991.70000000000005,     409P    370
-0.00000000000016,-0.00000000000012;                                 409P    371
110,0.,-0.00000000000016,2.87500000000008,8.3,-0.00000000000016,     411P    372
2.87500000000008;                                                    411P    373
120,409,411,0.,6.28318530717959;                                     413P    374
126,1,1,1,0,1,0,2.26389316914416,2.26389316914416,                   415P    375
2.32766532548022,2.32766532548022,1.,1.,0.,0.87769948444563,0.,      415P    376
0.,0.81392732810957,0.,2.26389316914416,2.32766532548022,0.,0.,      415P    377
1.;                                                                  415P    378
126,1,1,1,0,1,0,-0.0083,-0.0083,0.,0.,1.,1.,0.,0.81392732810957,     417P    379
0.,1.,0.81392732810957,0.,-0.0083,0.,0.,0.,1.;                       417P    380
126,1,1,1,0,1,0,-2.32766532548022,-2.32766532548022,                 419P    381
-2.26389316914416,-2.26389316914416,1.,1.,1.,0.81392732810957,       419P    382
0.,1.,0.87769948444563,0.,-2.32766532548022,-2.26389316914416,       419P    383
0.,0.,1.;                                                            419P    384
126,1,1,1,0,1,0,0.,0.,0.0083,0.0083,1.,1.,1.,0.87769948444563,       421P    385
0.,0.,0.87769948444563,0.,0.,0.0083,0.,0.,1.;                        421P    386
102,4,415,417,419,421;                                               423P    387
124,0.,0.,1.,0.,0.,1.,0.,-0.00000000000016,-1.,0.,0.,                425P    388
-0.00000000000012;                                                   425P    389
100,0.,0.,0.,-1.83690234100852,2.21165431060067,                     427P    390
-1.9741147523471,2.0900947214341;                                    427P    391
110,0.,2.09009472143394,1.97411475234698,8.3,2.09009472143394,       429P    392
1.97411475234698;                                                    429P    393
124,0.,0.,-1.,8.3,0.,-1.,0.,-0.00000000000016,-1.,0.,0.,             431P    394
-0.00000000000012;                                                   431P    395
100,0.,0.,0.,-1.9741147523471,-2.0900947214341,                      433P    396
-1.83690234100852,-2.21165431060067;                                 433P    397
110,8.3,2.21165431060051,1.83690234100841,0.,2.21165431060051,       435P    398
1.83690234100841;                                                    435P    399
102,4,427,429,433,435;                                               437P    400
142,1,413,423,437,2;                                                 439P    401
144,413,1,0,439;                                                     441P    402
110,8.3,2.02902760609465,1.91643626914797,-991.70000000000005,       443P    403
2.02902760609465,1.91643626914797;                                   443P    404
110,0.,2.02902760609465,2.00043626914797,8.3,2.02902760609465,       445P    405
2.00043626914797;                                                    445P    406
120,443,445,0.,6.28318530717959;                                     447P    407
126,1,1,1,0,1,0,-0.0083,-0.0083,0.,0.,1.,1.,0.,0.,0.,1.,0.,0.,       449P    408
-0.0083,0.,0.,0.,1.;                                                 449P    409
126,1,1,1,0,1,0,-3.14159265358979,-3.14159265358979,                 451P    410
-2.32766532548023,-2.32766532548023,1.,1.,1.,0.,0.,1.,               451P    411
0.81392732810956,0.,-3.14159265358979,-2.32766532548023,0.,0.,       451P    412
1.;                                                                  451P    413
126,1,1,1,0,1,0,0.,0.,0.0083,0.0083,1.,1.,1.,0.81392732810956,       453P    414
0.,0.,0.81392732810956,0.,0.,0.0083,0.,0.,1.;                        453P    415
126,1,1,1,0,1,0,2.32766532548023,2.32766532548023,                   455P    416
3.14159265358979,3.14159265358979,1.,1.,0.,0.81392732810956,0.,      455P    417
0.,0.,0.,2.32766532548023,3.14159265358979,0.,0.,1.;                 455P    418
102,4,449,451,453,455;                                               457P    419
110,0.,2.02902760609465,2.00043626914797,8.3,2.02902760609465,       459P    420
2.00043626914797;                                                    459P    421
124,0.,0.,-1.,8.3,0.,-1.,0.,2.02902760609465,-1.,0.,0.,              461P    422
1.91643626914797;                                                    461P    423
100,0.,0.,0.,-0.084,-0.,-0.05767848319901,-0.06106711533929;         463P    424
110,8.3,2.09009472143394,1.97411475234698,0.,2.09009472143394,       465P    425
1.97411475234698;                                                    465P    426
124,0.,0.,1.,0.,0.,1.,0.,2.02902760609465,-1.,0.,0.,                 467P    427
1.91643626914797;                                                    467P    428
100,0.,0.,0.,-0.05767848319901,0.06106711533929,-0.084,0.;           469P    429
102,4,459,463,465,469;                                               471P    430
142,1,447,457,471,2;                                                 473P    431
144,447,1,0,473;                                                     475P    432
110,8.3,1.60137452103513,2.31999151795422,-991.70000000000005,       477P    433
1.60137452103513,2.31999151795422;                                   477P    434
110,8.3,1.60137452103513,2.82399151795422,0.,1.60137452103513,       479P    435
2.82399151795422;                                                    479P    436
120,477,479,0.,6.28318530717959;                                     481P    437
126,1,1,1,0,1,0,-7.09756668367258,-7.09756668367258,                 483P    438
-4.26049906392129,-4.26049906392129,1.,1.,1.,2.3272112770968,0.,     483P    439
1.,5.16427889684809,0.,-7.09756668367258,-4.26049906392129,0.,       483P    440
0.,1.;                                                               483P    441
126,1,1,1,0,1,0,-0.0083,-0.0083,0.,0.,1.,1.,1.,5.16427889684809,     485P    442
0.,0.,5.16427889684809,0.,-0.0083,0.,0.,0.,1.;                       485P    443
126,1,1,1,0,1,0,4.26049906392129,4.26049906392129,                   487P    444
7.09756668367258,7.09756668367258,1.,1.,0.,5.16427889684809,0.,      487P    445
0.,2.3272112770968,0.,4.26049906392129,7.09756668367258,0.,0.,       487P    446
1.;                                                                  487P    447
126,1,1,1,0,1,0,0.,0.,0.0083,0.0083,1.,1.,0.,2.3272112770968,0.,     489P    448
1.,2.3272112770968,0.,0.,0.0083,0.,0.,1.;                            489P    449
102,4,483,485,487,489;                                               491P    450
124,0.,0.,-1.,0.,0.,-1.,0.,1.60137452103513,-1.,0.,0.,               493P    451
2.31999151795422;                                                    493P    452
100,0.,0.,0.,0.34590449897678,-0.36655978719388,                     495P    453
-0.22007992915442,0.45341021689347;                                  495P    454
110,0.,1.14796430414166,2.54007144710864,8.3,1.14796430414166,       497P    455
2.54007144710864;                                                    497P    456
124,0.,0.,1.,8.3,0.,1.,0.,1.60137452103513,-1.,0.,0.,                499P    457
2.31999151795422;                                                    499P    458
100,0.,0.,0.,-0.22007992915442,-0.45341021689347,                    501P    459
0.34590449897678,0.36655978719388;                                   501P    460
110,8.3,1.96793430822901,1.97408701897744,0.,1.96793430822901,       503P    461
1.97408701897744;                                                    503P    462
102,4,495,497,501,503;                                               505P    463
142,1,481,491,505,2;                                                 507P    464
144,481,1,0,507;                                                     509P    465
110,8.3,-2.90913289109613,2.9095,8.3,-2.90913289109613,-2.9095;      511P    466
122,511,8.3,2.84794807378503,2.9095;                                 513P    467
126,4,2,1,0,1,0,1.11890641033149,1.11890641033149,                   515P    468
1.11890641033149,1.9330607783124,1.9330607783124,                    515P    469
2.74721514629332,2.74721514629332,2.74721514629332,1.,1.,1.,1.,      515P    470
1.,0.06348660472441,0.70471428489308,0.,0.05788734236205,            515P    471
0.70746133115359,0.,0.05206729412494,0.70523186572219,0.,            515P    472
0.04624724588782,0.70300240029079,0.,0.04385577366061,               515P    473
0.69719437140382,0.,1.11890641033149,2.74721514629332,0.,0.,1.;      515P    474
126,2,2,1,0,1,0,2.74721511585029,2.74721511585029,                   517P    475
2.74721511585029,3.14159265358979,3.14159265358979,                  517P    476
3.14159265358979,1.,1.,1.,0.04385577366061,0.69719437140382,0.,      517P    477
0.00592885375494,0.60508348464743,0.,0.00592885375494,               517P    478
0.50531387500752,0.,2.74721511585029,3.14159265358979,0.,0.,1.;      517P    479
126,32,2,1,0,1,0,3.14159265358979,3.14159265358979,                  519P    480
3.14159265358979,3.4230060339434,3.4230060339434,                    519P    481
3.70441941429702,3.70441941429702,3.98583279465063,                  519P    482
3.98583279465063,4.26724617500424,4.26724617500424,                  519P    483
4.54865955535785,4.54865955535785,4.83007293571146,                  519P    484
4.83007293571146,5.11148631606507,5.11148631606507,                  519P    485
5.39289969641868,5.39289969641868,5.67431307677229,                  519P    486
5.67431307677229,5.95572645712591,5.95572645712591,                  519P    487
6.23713983747952,6.23713983747952,6.51855321783313,                  519P    488
6.51855321783313,6.79996659818674,6.79996659818674,                  519P    489
7.08137997854035,7.08137997854035,7.36279335889396,                  519P    490
7.36279335889396,7.64420673924757,7.64420673924757,                  519P    491
7.64420673924757,1.,1.,1.,1.,1.,1.,1.,1.,1.,1.,1.,1.,1.,1.,1.,       519P    492
1.,1.,1.,1.,1.,1.,1.,1.,1.,1.,1.,1.,1.,1.,1.,1.,1.,1.,               519P    493
0.00592885375494,0.50531387500752,0.,0.00592885375494,               519P    494
0.43457963664005,0.,0.02536369423253,0.36662780855787,0.,            519P    495
0.04479853471012,0.29867598047569,0.,0.08213923334257,               519P    496
0.23885248481562,0.,0.11947993197502,0.17902898915554,0.,            519P    497
0.17178881257234,0.13204027398199,0.,0.22409769316966,               519P    498
0.08505155880844,0.,0.28725949922396,0.05459433132882,0.,            519P    499
0.35042130527827,0.02413710384919,0.,0.4194669563878,                519P    500
0.01260750219846,0.,0.48851260749733,0.00107790054774,0.,            519P    501
0.55801012802383,0.00938298424783,0.,0.62750764855032,               519P    502
0.01768806794792,0.,0.6919895132789,0.04517445750848,0.,             519P    503
0.75647137800748,0.07266084706904,0.,0.81086465457112,               519P    504
0.11716612681178,0.,0.86525793113477,0.16167140655452,0.,            519P    505
0.90528337893786,0.21969424668602,0.,0.94530882674095,               519P    506
0.27771708681752,0.,0.96781755437784,0.34469270086691,0.,            519P    507
0.99032628201472,0.4116683149163,0.,0.993547477592,                  519P    508
0.48232758168582,0.,0.99676867316929,0.55298684845535,0.,            519P    509
0.98044891803393,0.62177084555755,0.,0.96412916289858,               519P    510
0.69055484265976,0.,0.92955236864957,0.75205217936175,0.,            519P    511
0.89497557440055,0.81354951606373,0.,0.84486197469475,               519P    512
0.86292205948653,0.,0.79474837498894,0.91229460290932,0.,            519P    513
0.73304051868169,0.94565810475108,0.,0.67133266237444,               519P    514
0.97902160659285,0.,0.6028852443924,0.99375128562117,0.,             519P    515
3.14159265358979,7.64420673924757,0.,0.,1.;                          519P    516
126,4,2,1,0,1,0,1.36102143206799,1.36102143206799,                   521P    517
1.36102143206799,2.17517578436927,2.17517578436927,                  521P    518
2.98933013667054,2.98933013667054,2.98933013667054,1.,1.,1.,1.,      521P    519
1.,0.6028852443924,0.99375128562117,0.,0.59679768164159,             521P    520
0.99506131086432,0.,0.59167622745909,0.99148647006106,0.,            521P    521
0.58655477327659,0.9879116292578,0.,0.58561074795504,                521P    522
0.98169346522105,0.,1.36102143206799,2.98933013667054,0.,0.,1.;      521P    523
126,16,2,1,0,1,0,-6.13092279026033,-6.13092279026033,                523P    524
-6.13092279026033,-5.77628933779142,-5.77628933779142,               523P    525
-5.42165588532251,-5.42165588532251,-5.0670224328536,                523P    526
-5.0670224328536,-4.71238898038469,-4.71238898038469,                523P    527
-4.35775552791578,-4.35775552791578,-4.00312207544687,               523P    528
-4.00312207544687,-3.64848862297796,-3.64848862297796,               523P    529
-3.29385517050905,-3.29385517050905,-3.29385517050905,1.,1.,1.,      523P    530
1.,1.,1.,1.,1.,1.,1.,1.,1.,1.,1.,1.,1.,1.,0.58561074795504,          523P    531
0.98169346522105,0.,0.58325661624448,0.96618712571271,0.,            523P    532
0.57572174452895,0.95247194266764,0.,0.56818687281342,               523P    533
0.93875675962256,0.,0.55640899344598,0.92853961954856,0.,            523P    534
0.54463111407853,0.91832247947455,0.,0.53007601160736,               523P    535
0.91287492927577,0.,0.51552090913619,0.90742737907699,0.,0.5,        523P    536
0.90742737907699,0.,0.48447909086381,0.90742737907699,0.,            523P    537
0.46992398839264,0.91287492927577,0.,0.45536888592147,               523P    538
0.91832247947455,0.,0.44359100655402,0.92853961954856,0.,            523P    539
0.43181312718658,0.93875675962256,0.,0.42427825547105,               523P    540
0.95247194266764,0.,0.41674338375552,0.96618712571271,0.,            523P    541
0.41438925204496,0.98169346522105,0.,-6.13092279026033,              523P    542
-3.29385517050905,0.,0.,1.;                                          523P    543
126,4,2,1,0,1,0,0.15226251691925,0.15226251691925,                   525P    544
0.15226251691925,0.96641688490016,0.96641688490016,                  525P    545
1.78057125288106,1.78057125288106,1.78057125288106,1.,1.,1.,1.,      525P    546
1.,0.41438925204496,0.98169346522105,0.,0.41344522670305,            525P    547
0.98791162939188,0.,0.40832377235466,0.99148647019106,0.,            525P    548
0.40320231800628,0.99506131099024,0.,0.39711475516483,               525P    549
0.99375128552589,0.,0.15226251691925,1.78057125288106,0.,0.,1.;      525P    550
126,2,2,1,0,1,0,1.78057122243805,1.78057122243805,                   527P    551
1.78057122243805,1.8443433787741,1.8443433787741,                    527P    552
1.8443433787741,1.,1.,1.,0.39711475516483,0.99375128552589,0.,       527P    553
0.38170090165966,0.99043427047352,0.,0.36652752122705,               527P    554
0.98613112455716,0.,1.78057122243805,1.8443433787741,0.,0.,1.;       527P    555
126,4,2,1,0,1,0,1.84434337877411,1.84434337877411,                   529P    556
1.84434337877411,2.49296801618195,2.49296801618195,                  529P    557
3.14159265358979,3.14159265358979,3.14159265358979,1.,1.,1.,1.,      529P    558
1.,0.36652752122705,0.98613112455716,0.,0.36185501227511,            529P    559
0.98480600864742,0.,0.3589233905654,0.9808970250201,0.,              529P    560
0.35599176885569,0.97698804139277,0.,0.35599176885569,               529P    561
0.97208289883119,0.,1.84434337877411,3.14159265358979,0.,0.,1.;      529P    562
126,2,2,1,0,1,0,3.14159265358979,3.14159265358979,                   531P    563
3.14159265358979,3.47265208337667,3.47265208337667,                  531P    564
3.47265208337667,1.,1.,1.,0.35599176885569,0.97208289883119,0.,      531P    565
0.35599176885569,0.96964539649066,0.,0.35677563635961,               531P    566
0.96734025415461,0.,3.14159265358979,3.47265208337667,0.,0.,1.;      531P    567
126,16,2,1,0,1,0,-6.61424473696646,-6.61424473696646,                533P    568
-6.61424473696646,-6.25961128449754,-6.25961128449754,               533P    569
-5.90497783202863,-5.90497783202863,-5.55034437955972,               533P    570
-5.55034437955972,-5.19571092709081,-5.19571092709081,               533P    571
-4.8410774746219,-4.8410774746219,-4.48644402215299,                 533P    572
-4.48644402215299,-4.13181056968408,-4.13181056968408,               533P    573
-3.77717711721517,-3.77717711721517,-3.77717711721517,1.,1.,1.,      533P    574
1.,1.,1.,1.,1.,1.,1.,1.,1.,1.,1.,1.,1.,1.,0.35677563635961,          533P    575
0.96734025415461,0.,0.36182063200493,0.95250428635524,0.,            533P    576
0.36145477562961,0.93682080438433,0.,0.36108891925429,               533P    577
0.92113732241343,0.,0.35535774253726,0.90655817216934,0.,            533P    578
0.34962656582022,0.89197902192526,0.,0.33924332706653,               533P    579
0.88031861264813,0.,0.32886008831283,0.86865820337099,0.,            533P    580
0.31511700579458,0.86136770018236,0.,0.30137392327633,               533P    581
0.85407719699372,0.,0.28598135565582,0.85206392001371,0.,            533P    582
0.27058878803532,0.85005064303369,0.,0.25546237624171,               533P    583
0.85356514927655,0.,0.24033596444811,0.8570796555194,0.,             533P    584
0.22735822569735,0.8656845564889,0.,0.2143804869466,                 533P    585
0.87428945745839,0.,0.20516653108467,0.88691385316598,0.,            533P    586
-6.61424473696646,-3.77717711721517,0.,0.,1.;                        533P    587
126,4,2,1,0,1,0,0.63558446362538,0.63558446362538,                   535P    588
0.63558446362538,1.44973883160629,1.44973883160629,                  535P    589
2.26389319958719,2.26389319958719,2.26389319958719,1.,1.,1.,1.,      535P    590
1.,0.20516653108467,0.88691385316598,0.,0.20147166227431,            535P    591
0.8919763351931,0.,0.19529320605034,0.89273604280635,0.,             535P    592
0.18911474982636,0.89349575041961,0.,0.18432680168269,               535P    593
0.88947632193016,0.,0.63558446362538,2.26389319958719,0.,0.,1.;      535P    594
126,2,2,1,0,1,0,2.26389316914416,2.26389316914416,                   537P    595
2.26389316914416,2.32766532548022,2.32766532548022,                  537P    596
2.32766532548022,1.,1.,1.,0.18432680168269,0.88947632193016,0.,      537P    597
0.17220360318983,0.87929903409724,0.,0.16074673443083,               537P    598
0.86836152609733,0.,2.26389316914416,2.32766532548022,0.,0.,1.;      537P    599
126,2,2,1,0,1,0,2.32766532548023,2.32766532548023,                   539P    600
2.32766532548023,3.14159265358979,3.14159265358979,                  539P    601
3.14159265358979,1.,1.,1.,0.16074673443083,0.86836152609733,0.,      539P    602
0.15622335983022,0.86404320431835,0.,0.15622335983022,               539P    603
0.85775422081331,0.,2.32766532548023,3.14159265358979,0.,0.,1.;      539P    604
126,2,2,1,0,1,0,3.14159265358979,3.14159265358979,                   541P    605
3.14159265358979,3.95597403008279,3.95597403008279,                  541P    606
3.95597403008279,1.,1.,1.,0.15622335983022,0.85775422081331,0.,      541P    607
0.15622335983022,0.85146130907765,0.,0.1607515004335,                541P    608
0.84714236764704,0.,3.14159265358979,3.95597403008279,0.,0.,1.;      541P    609
126,16,2,1,0,1,0,-7.09756668367258,-7.09756668367258,                543P    610
-7.09756668367258,-6.74293323120367,-6.74293323120367,               543P    611
-6.38829977873476,-6.38829977873476,-6.03366632626584,               543P    612
-6.03366632626584,-5.67903287379693,-5.67903287379693,               543P    613
-5.32439942132802,-5.32439942132802,-4.96976596885911,               543P    614
-4.96976596885911,-4.6151325163902,-4.6151325163902,                 543P    615
-4.26049906392129,-4.26049906392129,-4.26049906392129,1.,1.,1.,      543P    616
1.,1.,1.,1.,1.,1.,1.,1.,1.,1.,1.,1.,1.,1.,0.1607515004335,           543P    617
0.84714236764704,0.,0.17203987573116,0.83637551298668,0.,            543P    618
0.17892684798258,0.82231662880303,0.,0.18581382023401,               543P    619
0.80825774461939,0.,0.18744228968509,0.79265649182833,0.,            543P    620
0.18907075913617,0.77705523903728,0.,0.18523805896683,               543P    621
0.76185322992402,0.,0.1814053587975,0.74665122081076,0.,             543P    622
0.17258847748001,0.73374038085392,0.,0.16377159616253,               543P    623
0.72082954089708,0.,0.151067815134,0.71181665423177,0.,              543P    624
0.13836403410546,0.70280376756647,0.,0.12335436853459,               543P    625
0.69881050895232,0.,0.10834470296372,0.69481725033818,0.,            543P    626
0.09289714072683,0.69634059012028,0.,0.07744957848993,               543P    627
0.69786392990238,0.,0.06348660472441,0.70471428489308,0.,            543P    628
-7.09756668367258,-4.26049906392129,0.,0.,1.;                        543P    629
102,15,515,517,519,521,523,525,527,529,531,533,535,537,539,541,      545P    630
543;                                                                 545P    631
124,0.,0.,1.,8.3,0.,1.,0.,1.07239593465941,-1.,0.,0.,                547P    632
2.57675143530104;                                                    547P    633
100,0.,0.,0.,0.0366799881924,0.07556836948224,-0.07755181776789,     549P    634
0.03227561867566;                                                    549P    635
124,0.,0.,1.,8.3,0.,1.,0.,0.,-1.,0.,0.,-0.;                          551P    636
100,0.,0.,0.,-2.65430325306893,1.10467155333507,-2.875,0.;           553P    637
124,0.,0.,1.,8.3,0.,1.,0.,0.,-1.,0.,0.,-0.;                          555P    638
100,0.,0.,0.,-2.875,0.,0.5986892371194,2.81197371917971;             557P    639
124,0.,0.,1.,8.3,0.,1.,0.,2.7298151826889,-1.,0.,0.,                 559P    640
-0.58119709940879;                                                   559P    641
100,0.,0.,0.,0.01749213771062,0.08215853649082,-0.0830281570584,     561P    642
0.0127406881873;                                                     561P    643
124,0.,0.,-1.,8.3,0.,-1.,0.,2.819,-1.,0.,0.,0.;                      563P    644
100,0.,0.,0.,0.49816894235039,0.0764441291238,-0.49816894235039,     565P    645
0.0764441291238;                                                     565P    646
124,0.,0.,1.,8.3,0.,1.,0.,2.7298151826889,-1.,0.,0.,                 567P    647
0.58119709940879;                                                    567P    648
100,0.,0.,0.,0.0830281570584,0.0127406881873,-0.01749214028705,      569P    649
0.08215853594228;                                                    569P    650
124,0.,0.,1.,8.3,0.,1.,0.,-0.00000000000099,-1.,0.,0.,               571P    651
-0.00000000000024;                                                   571P    652
100,0.,0.,0.,-0.59868923969607,2.81197371863216,                     573P    653
-0.77667635398005,2.76810383496972;                                  573P    654
124,0.,0.,1.,8.3,0.,1.,0.,2.68722706205139,-1.,0.,0.,                575P    655
0.75398389702875;                                                    575P    656
100,0.,0.,0.,-0.02269245695106,0.08087677291735,-0.084,0.;           577P    657
124,0.,0.,1.,8.3,0.,1.,0.,2.68722706205139,-1.,0.,0.,                579P    658
0.75398389702875;                                                    579P    659
100,0.,0.,0.,-0.084,0.,-0.07943867499466,-0.02730378939071;          581P    660
124,0.,0.,-1.,8.3,0.,-1.,0.,2.4961005363164,-1.,0.,0.,               583P    661
1.31005462199138;                                                    583P    662
100,0.,0.,0.,0.47663204996797,-0.16382273634428,                     585P    663
-0.4055813336269,0.29919856586124;                                   585P    664
124,0.,0.,1.,8.3,0.,1.,0.,2.14703554281161,-1.,0.,0.,                587P    665
1.7832328445561;                                                     587P    666
100,0.,0.,0.,0.06759688893782,0.04986642764354,                      589P    667
-0.05366949645231,0.0646187677889;                                   589P    668
124,0.,0.,1.,8.3,0.,1.,0.,-0.00000000000016,-1.,0.,0.,               591P    669
-0.00000000000012;                                                   591P    670
100,0.,0.,0.,-1.83690234100852,2.21165431060067,                     593P    671
-1.9741147523471,2.0900947214341;                                    593P    672
124,0.,0.,1.,8.3,0.,1.,0.,2.02902760609465,-1.,0.,0.,                595P    673
1.91643626914797;                                                    595P    674
100,0.,0.,0.,-0.05767848319901,0.06106711533929,-0.084,0.;           597P    675
124,0.,0.,1.,8.3,0.,1.,0.,2.02902760609465,-1.,0.,0.,                599P    676
1.91643626914797;                                                    599P    677
100,0.,0.,0.,-0.084,0.,-0.05765074982946,-0.06109329786565;          601P    678
124,0.,0.,-1.,8.3,0.,-1.,0.,1.60137452103513,-1.,0.,0.,              603P    679
2.31999151795422;                                                    603P    680
100,0.,0.,0.,0.34590449897678,-0.36655978719388,                     605P    681
-0.22007992915442,0.45341021689347;                                  605P    682
102,15,549,553,557,561,565,569,573,577,581,585,589,593,597,601,      607P    683
605;                                                                 607P    684
142,1,513,545,607,2;                                                 609P    685
144,513,1,0,609;                                                     611P    686
110,0.,-2.90913289109613,-2.9095,0.,-2.90913289109613,2.9095;        613P    687
122,613,0.,2.84794807378503,-2.9095;                                 615P    688
126,4,2,1,0,1,0,-2.74721514629332,-2.74721514629332,                 617P    689
-2.74721514629332,-1.9330607783124,-1.9330607783124,                 617P    690
-1.11890641033149,-1.11890641033149,-1.11890641033149,1.,1.,1.,      617P    691
1.,1.,0.95614422633939,0.69719437140382,0.,0.95375275411218,         617P    692
0.70300240029079,0.,0.94793270587506,0.70523186572219,0.,            617P    693
0.94211265763795,0.70746133115359,0.,0.93651339527559,               617P    694
0.70471428489308,0.,-2.74721514629332,-1.11890641033149,0.,0.,       617P    695
1.;                                                                  617P    696
126,16,2,1,0,1,0,4.26049906392129,4.26049906392129,                  619P    697
4.26049906392129,4.6151325163902,4.6151325163902,                    619P    698
4.96976596885911,4.96976596885911,5.32439942132802,                  619P    699
5.32439942132802,5.67903287379693,5.67903287379693,                  619P    700
6.03366632626584,6.03366632626584,6.38829977873476,                  619P    701
6.38829977873476,6.74293323120367,6.74293323120367,                  619P    702
7.09756668367258,7.09756668367258,7.09756668367258,1.,1.,1.,1.,      619P    703
1.,1.,1.,1.,1.,1.,1.,1.,1.,1.,1.,1.,1.,0.93651339527559,             619P    704
0.70471428489308,0.,0.92255042151007,0.69786392990238,0.,            619P    705
0.90710285927317,0.69634059012028,0.,0.89165529703628,               619P    706
0.69481725033818,0.,0.87664563146541,0.69881050895232,0.,            619P    707
0.86163596589454,0.70280376756647,0.,0.848932184866,                 619P    708
0.71181665423177,0.,0.83622840383747,0.72082954089708,0.,            619P    709
0.82741152251999,0.73374038085392,0.,0.8185946412025,                619P    710
0.74665122081076,0.,0.81476194103317,0.76185322992402,0.,            619P    711
0.81092924086383,0.77705523903728,0.,0.81255771031491,               619P    712
0.79265649182833,0.,0.81418617976599,0.80825774461939,0.,            619P    713
0.82107315201742,0.82231662880303,0.,0.82796012426884,               619P    714
0.83637551298668,0.,0.8392484995665,0.84714236764704,0.,             619P    715
4.26049906392129,7.09756668367258,0.,0.,1.;                          619P    716
126,2,2,1,0,1,0,-3.95597403008279,-3.95597403008279,                 621P    717
-3.95597403008279,-3.14159265358979,-3.14159265358979,               621P    718
-3.14159265358979,1.,1.,1.,0.8392484995665,0.84714236764704,0.,      621P    719
0.84377664016978,0.85146130907765,0.,0.84377664016978,               621P    720
0.85775422081331,0.,-3.95597403008279,-3.14159265358979,0.,0.,       621P    721
1.;                                                                  621P    722
126,2,2,1,0,1,0,-3.14159265358979,-3.14159265358979,                 623P    723
-3.14159265358979,-2.32766532548023,-2.32766532548023,               623P    724
-2.32766532548023,1.,1.,1.,0.84377664016978,0.85775422081331,0.,     623P    725
0.84377664016978,0.86404320431835,0.,0.83925326556917,               623P    726
0.86836152609733,0.,-3.14159265358979,-2.32766532548023,0.,0.,       623P    727
1.;                                                                  623P    728
126,2,2,1,0,1,0,-2.32766532548022,-2.32766532548022,                 625P    729
-2.32766532548022,-2.26389316914416,-2.26389316914416,               625P    730
-2.26389316914416,1.,1.,1.,0.83925326556917,0.86836152609733,0.,     625P    731
0.82779639681017,0.87929903409724,0.,0.81567319831731,               625P    732
0.88947632193016,0.,-2.32766532548022,-2.26389316914416,0.,0.,       625P    733
1.;                                                                  625P    734
126,4,2,1,0,1,0,-2.26389319958719,-2.26389319958719,                 627P    735
-2.26389319958719,-1.44973883160629,-1.44973883160629,               627P    736
-0.63558446362538,-0.63558446362538,-0.63558446362538,1.,1.,1.,      627P    737
1.,1.,0.81567319831731,0.88947632193016,0.,0.81088525017364,         627P    738
0.89349575041961,0.,0.80470679394966,0.89273604280635,0.,            627P    739
0.79852833772569,0.8919763351931,0.,0.79483346891533,                627P    740
0.88691385316598,0.,-2.26389319958719,-0.63558446362538,0.,0.,       627P    741
1.;                                                                  627P    742
126,16,2,1,0,1,0,3.77717711721517,3.77717711721517,                  629P    743
3.77717711721517,4.13181056968408,4.13181056968408,                  629P    744
4.48644402215299,4.48644402215299,4.8410774746219,                   629P    745
4.8410774746219,5.19571092709081,5.19571092709081,                   629P    746
5.55034437955972,5.55034437955972,5.90497783202863,                  629P    747
5.90497783202863,6.25961128449754,6.25961128449754,                  629P    748
6.61424473696646,6.61424473696646,6.61424473696646,1.,1.,1.,1.,      629P    749
1.,1.,1.,1.,1.,1.,1.,1.,1.,1.,1.,1.,1.,0.79483346891533,             629P    750
0.88691385316598,0.,0.7856195130534,0.87428945745839,0.,             629P    751
0.77264177430265,0.8656845564889,0.,0.75966403555189,                629P    752
0.8570796555194,0.,0.74453762375829,0.85356514927655,0.,             629P    753
0.72941121196468,0.85005064303369,0.,0.71401864434418,               629P    754
0.85206392001371,0.,0.69862607672367,0.85407719699372,0.,            629P    755
0.68488299420542,0.86136770018236,0.,0.67113991168717,               629P    756
0.86865820337099,0.,0.66075667293347,0.88031861264813,0.,            629P    757
0.65037343417978,0.89197902192526,0.,0.64464225746274,               629P    758
0.90655817216934,0.,0.63891108074571,0.92113732241343,0.,            629P    759
0.63854522437039,0.93682080438433,0.,0.63817936799507,               629P    760
0.95250428635524,0.,0.64322436364039,0.96734025415461,0.,            629P    761
3.77717711721517,6.61424473696646,0.,0.,1.;                          629P    762
126,2,2,1,0,1,0,-3.47265208337667,-3.47265208337667,                 631P    763
-3.47265208337667,-3.14159265358979,-3.14159265358979,               631P    764
-3.14159265358979,1.,1.,1.,0.64322436364039,0.96734025415461,0.,     631P    765
0.64400823114431,0.96964539649066,0.,0.64400823114431,               631P    766
0.97208289883119,0.,-3.47265208337667,-3.14159265358979,0.,0.,       631P    767
1.;                                                                  631P    768
126,4,2,1,0,1,0,-3.14159265358979,-3.14159265358979,                 633P    769
-3.14159265358979,-2.49296801618195,-2.49296801618195,               633P    770
-1.84434337877411,-1.84434337877411,-1.84434337877411,1.,1.,1.,      633P    771
1.,1.,0.64400823114431,0.97208289883119,0.,0.64400823114431,         633P    772
0.97698804139277,0.,0.6410766094346,0.9808970250201,0.,              633P    773
0.63814498772489,0.98480600864742,0.,0.63347247877295,               633P    774
0.98613112455716,0.,-3.14159265358979,-1.84434337877411,0.,0.,       633P    775
1.;                                                                  633P    776
126,2,2,1,0,1,0,-1.8443433787741,-1.8443433787741,                   635P    777
-1.8443433787741,-1.78057122243805,-1.78057122243805,                635P    778
-1.78057122243805,1.,1.,1.,0.63347247877295,0.98613112455716,0.,     635P    779
0.61829909834034,0.99043427047352,0.,0.60288524483517,               635P    780
0.99375128552589,0.,-1.8443433787741,-1.78057122243805,0.,0.,1.;     635P    781
126,4,2,1,0,1,0,-1.78057125288106,-1.78057125288106,                 637P    782
-1.78057125288106,-0.96641688490016,-0.96641688490016,               637P    783
-0.15226251691925,-0.15226251691925,-0.15226251691925,1.,1.,1.,      637P    784
1.,1.,0.60288524483517,0.99375128552589,0.,0.59679768199372,         637P    785
0.99506131099024,0.,0.59167622764534,0.99148647019106,0.,            637P    786
0.58655477329695,0.98791162939188,0.,0.58561074795504,               637P    787
0.98169346522105,0.,-1.78057125288106,-0.15226251691925,0.,0.,       637P    788
1.;                                                                  637P    789
126,16,2,1,0,1,0,3.29385517050905,3.29385517050905,                  639P    790
3.29385517050905,3.64848862297796,3.64848862297796,                  639P    791
4.00312207544687,4.00312207544687,4.35775552791578,                  639P    792
4.35775552791578,4.71238898038469,4.71238898038469,                  639P    793
5.0670224328536,5.0670224328536,5.42165588532251,                    639P    794
5.42165588532251,5.77628933779142,5.77628933779142,                  639P    795
6.13092279026033,6.13092279026033,6.13092279026033,1.,1.,1.,1.,      639P    796
1.,1.,1.,1.,1.,1.,1.,1.,1.,1.,1.,1.,1.,0.58561074795504,             639P    797
0.98169346522105,0.,0.58325661624448,0.96618712571271,0.,            639P    798
0.57572174452895,0.95247194266764,0.,0.56818687281342,               639P    799
0.93875675962256,0.,0.55640899344598,0.92853961954856,0.,            639P    800
0.54463111407853,0.91832247947455,0.,0.53007601160736,               639P    801
0.91287492927577,0.,0.51552090913619,0.90742737907699,0.,0.5,        639P    802
0.90742737907699,0.,0.48447909086381,0.90742737907699,0.,            639P    803
0.46992398839264,0.91287492927577,0.,0.45536888592147,               639P    804
0.91832247947455,0.,0.44359100655402,0.92853961954856,0.,            639P    805
0.43181312718658,0.93875675962256,0.,0.42427825547105,               639P    806
0.95247194266764,0.,0.41674338375552,0.96618712571271,0.,            639P    807
0.41438925204496,0.98169346522105,0.,3.29385517050905,               639P    808
6.13092279026033,0.,0.,1.;                                           639P    809
126,4,2,1,0,1,0,-2.98933013667054,-2.98933013667054,                 641P    810
-2.98933013667054,-2.17517578436927,-2.17517578436927,               641P    811
-1.36102143206799,-1.36102143206799,-1.36102143206799,1.,1.,1.,      641P    812
1.,1.,0.41438925204496,0.98169346522105,0.,0.41344522672341,         641P    813
0.9879116292578,0.,0.40832377254091,0.99148647006106,0.,             641P    814
0.40320231835841,0.99506131086432,0.,0.39711475560759,               641P    815
0.99375128562117,0.,-2.98933013667054,-1.36102143206799,0.,0.,       641P    816
1.;                                                                  641P    817
126,32,2,1,0,1,0,-7.64420673924757,-7.64420673924757,                643P    818
-7.64420673924757,-7.36279335889396,-7.36279335889396,               643P    819
-7.08137997854035,-7.08137997854035,-6.79996659818674,               643P    820
-6.79996659818674,-6.51855321783313,-6.51855321783313,               643P    821
-6.23713983747952,-6.23713983747952,-5.95572645712591,               643P    822
-5.95572645712591,-5.67431307677229,-5.67431307677229,               643P    823
-5.39289969641868,-5.39289969641868,-5.11148631606507,               643P    824
-5.11148631606507,-4.83007293571146,-4.83007293571146,               643P    825
-4.54865955535785,-4.54865955535785,-4.26724617500424,               643P    826
-4.26724617500424,-3.98583279465063,-3.98583279465063,               643P    827
-3.70441941429702,-3.70441941429702,-3.4230060339434,                643P    828
-3.4230060339434,-3.14159265358979,-3.14159265358979,                643P    829
-3.14159265358979,1.,1.,1.,1.,1.,1.,1.,1.,1.,1.,1.,1.,1.,1.,1.,      643P    830
1.,1.,1.,1.,1.,1.,1.,1.,1.,1.,1.,1.,1.,1.,1.,1.,1.,1.,               643P    831
0.39711475560759,0.99375128562117,0.,0.32866733762556,               643P    832
0.97902160659285,0.,0.26695948131831,0.94565810475108,0.,            643P    833
0.20525162501106,0.91229460290932,0.,0.15513802530525,               643P    834
0.86292205948653,0.,0.10502442559945,0.81354951606373,0.,            643P    835
0.07044763135043,0.75205217936175,0.,0.03587083710142,               643P    836
0.69055484265976,0.,0.01955108196607,0.62177084555755,0.,            643P    837
0.00323132683071,0.55298684845535,0.,0.006452522408,                 643P    838
0.48232758168582,0.,0.00967371798528,0.4116683149163,0.,             643P    839
0.03218244562216,0.34469270086691,0.,0.05469117325905,               643P    840
0.27771708681752,0.,0.09471662106214,0.21969424668602,0.,            643P    841
0.13474206886523,0.16167140655452,0.,0.18913534542888,               643P    842
0.11716612681178,0.,0.24352862199252,0.07266084706904,0.,            643P    843
0.3080104867211,0.04517445750848,0.,0.37249235144968,                643P    844
0.01768806794792,0.,0.44198987197617,0.00938298424783,0.,            643P    845
0.51148739250267,0.00107790054774,0.,0.5805330436122,                643P    846
0.01260750219846,0.,0.64957869472173,0.02413710384919,0.,            643P    847
0.71274050077604,0.05459433132882,0.,0.77590230683034,               643P    848
0.08505155880844,0.,0.82821118742766,0.13204027398199,0.,            643P    849
0.88052006802498,0.17902898915554,0.,0.91786076665743,               643P    850
0.23885248481562,0.,0.95520146528988,0.29867598047569,0.,            643P    851
0.97463630576747,0.36662780855787,0.,0.99407114624506,               643P    852
0.43457963664005,0.,0.99407114624506,0.50531387500752,0.,            643P    853
-7.64420673924757,-3.14159265358979,0.,0.,1.;                        643P    854
126,2,2,1,0,1,0,-3.14159265358979,-3.14159265358979,                 645P    855
-3.14159265358979,-2.74721511585029,-2.74721511585029,               645P    856
-2.74721511585029,1.,1.,1.,0.99407114624506,0.50531387500752,0.,     645P    857
0.99407114624506,0.60508348464743,0.,0.95614422633939,               645P    858
0.69719437140382,0.,-3.14159265358979,-2.74721511585029,0.,0.,       645P    859
1.;                                                                  645P    860
102,15,617,619,621,623,625,627,629,631,633,635,637,639,641,643,      647P    861
645;                                                                 647P    862
124,0.,0.,-1.,0.,0.,-1.,0.,1.07239593465941,-1.,0.,0.,               649P    863
2.57675143530104;                                                    649P    864
100,0.,0.,0.,-0.07755181776789,-0.03227561867566,                    651P    865
0.0366799881924,-0.07556836948224;                                   651P    866
124,0.,0.,1.,0.,0.,1.,0.,1.60137452103513,-1.,0.,0.,                 653P    867
2.31999151795422;                                                    653P    868
100,0.,0.,0.,-0.22007992915442,-0.45341021689347,                    655P    869
0.34590449897678,0.36655978719388;                                   655P    870
124,0.,0.,-1.,0.,0.,-1.,0.,2.02902760609465,-1.,0.,0.,               657P    871
1.91643626914797;                                                    657P    872
100,0.,0.,0.,-0.05765074982946,0.06109329786565,-0.084,-0.;          659P    873
124,0.,0.,-1.,0.,0.,-1.,0.,2.02902760609465,-1.,0.,0.,               661P    874
1.91643626914797;                                                    661P    875
100,0.,0.,0.,-0.084,-0.,-0.05767848319901,-0.06106711533929;         663P    876
124,0.,0.,-1.,0.,0.,-1.,0.,-0.00000000000016,-1.,0.,0.,              665P    877
-0.00000000000012;                                                   665P    878
100,0.,0.,0.,-1.9741147523471,-2.0900947214341,                      667P    879
-1.83690234100852,-2.21165431060067;                                 667P    880
124,0.,0.,-1.,0.,0.,-1.,0.,2.14703554281161,-1.,0.,0.,               669P    881
1.7832328445561;                                                     669P    882
100,0.,0.,0.,-0.05366949645231,-0.0646187677889,                     671P    883
0.06759688893782,-0.04986642764354;                                  671P    884
124,0.,0.,1.,0.,0.,1.,0.,2.4961005363164,-1.,0.,0.,                  673P    885
1.31005462199138;                                                    673P    886
100,0.,0.,0.,-0.4055813336269,-0.29919856586124,                     675P    887
0.47663204996797,0.16382273634428;                                   675P    888
124,0.,0.,-1.,0.,0.,-1.,0.,2.68722706205139,-1.,0.,0.,               677P    889
0.75398389702875;                                                    677P    890
100,0.,0.,0.,-0.07943867499466,0.02730378939071,-0.084,-0.;          679P    891
124,0.,0.,-1.,0.,0.,-1.,0.,2.68722706205139,-1.,0.,0.,               681P    892
0.75398389702875;                                                    681P    893
100,0.,0.,0.,-0.084,-0.,-0.02269245695106,-0.08087677291735;         683P    894
124,0.,0.,-1.,0.,0.,-1.,0.,-0.00000000000099,-1.,0.,0.,              685P    895
-0.00000000000024;                                                   685P    896
100,0.,0.,0.,-0.77667635398005,-2.76810383496972,                    687P    897
-0.59868923969607,-2.81197371863216;                                 687P    898
124,0.,0.,-1.,0.,0.,-1.,0.,2.7298151826889,-1.,0.,0.,                689P    899
0.58119709940879;                                                    689P    900
100,0.,0.,0.,-0.01749214028705,-0.08215853594228,                    691P    901
0.0830281570584,-0.0127406881873;                                    691P    902
124,0.,0.,1.,0.,0.,1.,0.,2.819,-1.,0.,0.,0.;                         693P    903
100,0.,0.,0.,-0.49816894235039,-0.0764441291238,                     695P    904
0.49816894235039,-0.0764441291238;                                   695P    905
124,0.,0.,-1.,0.,0.,-1.,0.,2.7298151826889,-1.,0.,0.,                697P    906
-0.58119709940879;                                                   697P    907
100,0.,0.,0.,-0.0830281570584,-0.0127406881873,0.01749213771062,     699P    908
-0.08215853649082;                                                   699P    909
124,0.,0.,-1.,0.,0.,-1.,0.,0.,-1.,0.,0.,-0.;                         701P    910
100,0.,0.,0.,0.5986892371194,-2.81197371917971,-2.875,-0.;           703P    911
124,0.,0.,-1.,0.,0.,-1.,0.,0.,-1.,0.,0.,-0.;                         705P    912
100,0.,0.,0.,-2.875,-0.,-2.65430325306893,-1.10467155333507;         707P    913
102,15,651,655,659,663,667,671,675,679,683,687,691,695,699,703,      709P    914
707;                                                                 709P    915
142,1,615,647,709,2;                                                 711P    916
144,615,1,0,711;                                                     713P    917
S      2G      4D    714P    917                                        T      1
