ISO-10303-21;
HEADER;
FILE_DESCRIPTION(('FreeCAD Model'),'2;1');
FILE_NAME('Open CASCADE Shape Model','2023-09-11T15:26:45',('Author'),(
    ''),'Open CASCADE STEP processor 7.6','FreeCAD','Unknown');
FILE_SCHEMA(('AUTOMOTIVE_DESIGN { 1 0 10303 214 1 1 1 1 }'));
ENDSEC;
DATA;
#1 = APPLICATION_PROTOCOL_DEFINITION('international standard',
  'automotive_design',2000,#2);
#2 = APPLICATION_CONTEXT(
  'core data for automotive mechanical design processes');
#3 = SHAPE_DEFINITION_REPRESENTATION(#4,#10);
#4 = PRODUCT_DEFINITION_SHAPE('','',#5);
#5 = PRODUCT_DEFINITION('design','',#6,#9);
#6 = PRODUCT_DEFINITION_FORMATION('','',#7);
#7 = PRODUCT('ML-260-S1B3YF','ML-260-S1B3YF','',(#8));
#8 = PRODUCT_CONTEXT('',#2,'mechanical');
#9 = PRODUCT_DEFINITION_CONTEXT('part definition',#2,'design');
#10 = SHAPE_REPRESENTATION('',(#11,#15,#19,#23,#27,#31,#35),#39);
#11 = AXIS2_PLACEMENT_3D('',#12,#13,#14);
#12 = CARTESIAN_POINT('',(0.,0.,0.));
#13 = DIRECTION('',(0.,0.,1.));
#14 = DIRECTION('',(1.,0.,-0.));
#15 = AXIS2_PLACEMENT_3D('',#16,#17,#18);
#16 = CARTESIAN_POINT('',(0.,0.,0.));
#17 = DIRECTION('',(0.,0.,1.));
#18 = DIRECTION('',(1.,0.,0.));
#19 = AXIS2_PLACEMENT_3D('',#20,#21,#22);
#20 = CARTESIAN_POINT('',(4.75,0.,11.));
#21 = DIRECTION('',(0.,0.,1.));
#22 = DIRECTION('',(1.,0.,0.));
#23 = AXIS2_PLACEMENT_3D('',#24,#25,#26);
#24 = CARTESIAN_POINT('',(9.5,0.,0.));
#25 = DIRECTION('',(0.,0.,1.));
#26 = DIRECTION('',(1.,0.,0.));
#27 = AXIS2_PLACEMENT_3D('',#28,#29,#30);
#28 = CARTESIAN_POINT('',(-9.5,0.,0.));
#29 = DIRECTION('',(0.,0.,1.));
#30 = DIRECTION('',(1.,0.,0.));
#31 = AXIS2_PLACEMENT_3D('',#32,#33,#34);
#32 = CARTESIAN_POINT('',(-19.,0.,0.));
#33 = DIRECTION('',(0.,0.,1.));
#34 = DIRECTION('',(1.,0.,0.));
#35 = AXIS2_PLACEMENT_3D('',#36,#37,#38);
#36 = CARTESIAN_POINT('',(0.,0.,0.));
#37 = DIRECTION('',(0.,0.,1.));
#38 = DIRECTION('',(1.,0.,0.));
#39 = ( GEOMETRIC_REPRESENTATION_CONTEXT(3) 
GLOBAL_UNCERTAINTY_ASSIGNED_CONTEXT((#43)) GLOBAL_UNIT_ASSIGNED_CONTEXT(
(#40,#41,#42)) REPRESENTATION_CONTEXT('Context #1',
  '3D Context with UNIT and UNCERTAINTY') );
#40 = ( LENGTH_UNIT() NAMED_UNIT(*) SI_UNIT(.MILLI.,.METRE.) );
#41 = ( NAMED_UNIT(*) PLANE_ANGLE_UNIT() SI_UNIT($,.RADIAN.) );
#42 = ( NAMED_UNIT(*) SI_UNIT($,.STERADIAN.) SOLID_ANGLE_UNIT() );
#43 = UNCERTAINTY_MEASURE_WITH_UNIT(LENGTH_MEASURE(1.E-07),#40,
  'distance_accuracy_value','confusion accuracy');
#44 = PRODUCT_RELATED_PRODUCT_CATEGORY('part',$,(#7));
#45 = SHAPE_DEFINITION_REPRESENTATION(#46,#52);
#46 = PRODUCT_DEFINITION_SHAPE('','',#47);
#47 = PRODUCT_DEFINITION('design','',#48,#51);
#48 = PRODUCT_DEFINITION_FORMATION('','',#49);
#49 = PRODUCT('ML-260-S1B3YF001','ML-260-S1B3YF001','',(#50));
#50 = PRODUCT_CONTEXT('',#2,'mechanical');
#51 = PRODUCT_DEFINITION_CONTEXT('part definition',#2,'design');
#52 = ADVANCED_BREP_SHAPE_REPRESENTATION('',(#11,#53),#3735);
#53 = MANIFOLD_SOLID_BREP('',#54);
#54 = CLOSED_SHELL('',(#55,#399,#480,#556,#1039,#1120,#1227,#1308,#1415,
    #1496,#1603,#1684,#1791,#1867,#2007,#2056,#2105,#2181,#2230,#2279,
    #2306,#2382,#2431,#2480,#2507,#2583,#2632,#2681,#2708,#2784,#2833,
    #2882,#2909,#2958,#2985,#3034,#3089,#3138,#3165,#3214,#3269,#3318,
    #3345,#3394,#3449,#3498,#3525,#3574,#3629,#3656,#3663,#3670,#3677,
    #3684,#3691,#3698,#3705,#3712,#3719,#3723,#3727,#3731));
#55 = ADVANCED_FACE('',(#56),#70,.T.);
#56 = FACE_BOUND('',#57,.T.);
#57 = EDGE_LOOP('',(#58,#93,#121,#149,#177,#205,#233,#261,#289,#317,#345
    ,#373));
#58 = ORIENTED_EDGE('',*,*,#59,.T.);
#59 = EDGE_CURVE('',#60,#62,#64,.T.);
#60 = VERTEX_POINT('',#61);
#61 = CARTESIAN_POINT('',(-20.25,7.5,0.));
#62 = VERTEX_POINT('',#63);
#63 = CARTESIAN_POINT('',(-20.25,7.5,10.));
#64 = SURFACE_CURVE('',#65,(#69,#81),.PCURVE_S1.);
#65 = LINE('',#66,#67);
#66 = CARTESIAN_POINT('',(-20.25,7.5,0.));
#67 = VECTOR('',#68,1.);
#68 = DIRECTION('',(0.,0.,1.));
#69 = PCURVE('',#70,#75);
#70 = PLANE('',#71);
#71 = AXIS2_PLACEMENT_3D('',#72,#73,#74);
#72 = CARTESIAN_POINT('',(-20.25,7.5,0.));
#73 = DIRECTION('',(0.,1.,0.));
#74 = DIRECTION('',(1.,0.,0.));
#75 = DEFINITIONAL_REPRESENTATION('',(#76),#80);
#76 = LINE('',#77,#78);
#77 = CARTESIAN_POINT('',(0.,0.));
#78 = VECTOR('',#79,1.);
#79 = DIRECTION('',(0.,-1.));
#80 = ( GEOMETRIC_REPRESENTATION_CONTEXT(2) 
PARAMETRIC_REPRESENTATION_CONTEXT() REPRESENTATION_CONTEXT('2D SPACE',''
  ) );
#81 = PCURVE('',#82,#87);
#82 = PLANE('',#83);
#83 = AXIS2_PLACEMENT_3D('',#84,#85,#86);
#84 = CARTESIAN_POINT('',(-20.25,-7.5,0.));
#85 = DIRECTION('',(-1.,0.,0.));
#86 = DIRECTION('',(0.,1.,0.));
#87 = DEFINITIONAL_REPRESENTATION('',(#88),#92);
#88 = LINE('',#89,#90);
#89 = CARTESIAN_POINT('',(15.,0.));
#90 = VECTOR('',#91,1.);
#91 = DIRECTION('',(0.,-1.));
#92 = ( GEOMETRIC_REPRESENTATION_CONTEXT(2) 
PARAMETRIC_REPRESENTATION_CONTEXT() REPRESENTATION_CONTEXT('2D SPACE',''
  ) );
#93 = ORIENTED_EDGE('',*,*,#94,.T.);
#94 = EDGE_CURVE('',#62,#95,#97,.T.);
#95 = VERTEX_POINT('',#96);
#96 = CARTESIAN_POINT('',(-18.5,7.5,10.));
#97 = SURFACE_CURVE('',#98,(#102,#109),.PCURVE_S1.);
#98 = LINE('',#99,#100);
#99 = CARTESIAN_POINT('',(-20.25,7.5,10.));
#100 = VECTOR('',#101,1.);
#101 = DIRECTION('',(1.,0.,0.));
#102 = PCURVE('',#70,#103);
#103 = DEFINITIONAL_REPRESENTATION('',(#104),#108);
#104 = LINE('',#105,#106);
#105 = CARTESIAN_POINT('',(0.,-10.));
#106 = VECTOR('',#107,1.);
#107 = DIRECTION('',(1.,0.));
#108 = ( GEOMETRIC_REPRESENTATION_CONTEXT(2) 
PARAMETRIC_REPRESENTATION_CONTEXT() REPRESENTATION_CONTEXT('2D SPACE',''
  ) );
#109 = PCURVE('',#110,#115);
#110 = PLANE('',#111);
#111 = AXIS2_PLACEMENT_3D('',#112,#113,#114);
#112 = CARTESIAN_POINT('',(-20.25,7.5,10.));
#113 = DIRECTION('',(0.,1.,0.));
#114 = DIRECTION('',(1.,0.,0.));
#115 = DEFINITIONAL_REPRESENTATION('',(#116),#120);
#116 = LINE('',#117,#118);
#117 = CARTESIAN_POINT('',(-3.552713678801E-15,0.));
#118 = VECTOR('',#119,1.);
#119 = DIRECTION('',(1.,0.));
#120 = ( GEOMETRIC_REPRESENTATION_CONTEXT(2) 
PARAMETRIC_REPRESENTATION_CONTEXT() REPRESENTATION_CONTEXT('2D SPACE',''
  ) );
#121 = ORIENTED_EDGE('',*,*,#122,.T.);
#122 = EDGE_CURVE('',#95,#123,#125,.T.);
#123 = VERTEX_POINT('',#124);
#124 = CARTESIAN_POINT('',(-10.,7.5,10.));
#125 = SURFACE_CURVE('',#126,(#130,#137),.PCURVE_S1.);
#126 = LINE('',#127,#128);
#127 = CARTESIAN_POINT('',(-20.25,7.5,10.));
#128 = VECTOR('',#129,1.);
#129 = DIRECTION('',(1.,0.,0.));
#130 = PCURVE('',#70,#131);
#131 = DEFINITIONAL_REPRESENTATION('',(#132),#136);
#132 = LINE('',#133,#134);
#133 = CARTESIAN_POINT('',(0.,-10.));
#134 = VECTOR('',#135,1.);
#135 = DIRECTION('',(1.,0.));
#136 = ( GEOMETRIC_REPRESENTATION_CONTEXT(2) 
PARAMETRIC_REPRESENTATION_CONTEXT() REPRESENTATION_CONTEXT('2D SPACE',''
  ) );
#137 = PCURVE('',#138,#143);
#138 = PLANE('',#139);
#139 = AXIS2_PLACEMENT_3D('',#140,#141,#142);
#140 = CARTESIAN_POINT('',(-2.56E-15,6.4E-16,10.));
#141 = DIRECTION('',(0.,0.,1.));
#142 = DIRECTION('',(1.,0.,0.));
#143 = DEFINITIONAL_REPRESENTATION('',(#144),#148);
#144 = LINE('',#145,#146);
#145 = CARTESIAN_POINT('',(-20.25,7.5));
#146 = VECTOR('',#147,1.);
#147 = DIRECTION('',(1.,0.));
#148 = ( GEOMETRIC_REPRESENTATION_CONTEXT(2) 
PARAMETRIC_REPRESENTATION_CONTEXT() REPRESENTATION_CONTEXT('2D SPACE',''
  ) );
#149 = ORIENTED_EDGE('',*,*,#150,.F.);
#150 = EDGE_CURVE('',#151,#123,#153,.T.);
#151 = VERTEX_POINT('',#152);
#152 = CARTESIAN_POINT('',(-9.,7.5,10.));
#153 = SURFACE_CURVE('',#154,(#158,#165),.PCURVE_S1.);
#154 = LINE('',#155,#156);
#155 = CARTESIAN_POINT('',(-9.,7.5,10.));
#156 = VECTOR('',#157,1.);
#157 = DIRECTION('',(-1.,0.,0.));
#158 = PCURVE('',#70,#159);
#159 = DEFINITIONAL_REPRESENTATION('',(#160),#164);
#160 = LINE('',#161,#162);
#161 = CARTESIAN_POINT('',(11.25,-10.));
#162 = VECTOR('',#163,1.);
#163 = DIRECTION('',(-1.,0.));
#164 = ( GEOMETRIC_REPRESENTATION_CONTEXT(2) 
PARAMETRIC_REPRESENTATION_CONTEXT() REPRESENTATION_CONTEXT('2D SPACE',''
  ) );
#165 = PCURVE('',#166,#171);
#166 = PLANE('',#167);
#167 = AXIS2_PLACEMENT_3D('',#168,#169,#170);
#168 = CARTESIAN_POINT('',(-9.,7.5,10.));
#169 = DIRECTION('',(0.,-1.,0.));
#170 = DIRECTION('',(-1.,0.,0.));
#171 = DEFINITIONAL_REPRESENTATION('',(#172),#176);
#172 = LINE('',#173,#174);
#173 = CARTESIAN_POINT('',(0.,-0.));
#174 = VECTOR('',#175,1.);
#175 = DIRECTION('',(1.,0.));
#176 = ( GEOMETRIC_REPRESENTATION_CONTEXT(2) 
PARAMETRIC_REPRESENTATION_CONTEXT() REPRESENTATION_CONTEXT('2D SPACE',''
  ) );
#177 = ORIENTED_EDGE('',*,*,#178,.T.);
#178 = EDGE_CURVE('',#151,#179,#181,.T.);
#179 = VERTEX_POINT('',#180);
#180 = CARTESIAN_POINT('',(-0.5,7.5,10.));
#181 = SURFACE_CURVE('',#182,(#186,#193),.PCURVE_S1.);
#182 = LINE('',#183,#184);
#183 = CARTESIAN_POINT('',(-20.25,7.5,10.));
#184 = VECTOR('',#185,1.);
#185 = DIRECTION('',(1.,0.,0.));
#186 = PCURVE('',#70,#187);
#187 = DEFINITIONAL_REPRESENTATION('',(#188),#192);
#188 = LINE('',#189,#190);
#189 = CARTESIAN_POINT('',(0.,-10.));
#190 = VECTOR('',#191,1.);
#191 = DIRECTION('',(1.,0.));
#192 = ( GEOMETRIC_REPRESENTATION_CONTEXT(2) 
PARAMETRIC_REPRESENTATION_CONTEXT() REPRESENTATION_CONTEXT('2D SPACE',''
  ) );
#193 = PCURVE('',#194,#199);
#194 = PLANE('',#195);
#195 = AXIS2_PLACEMENT_3D('',#196,#197,#198);
#196 = CARTESIAN_POINT('',(-2.56E-15,6.4E-16,10.));
#197 = DIRECTION('',(0.,0.,1.));
#198 = DIRECTION('',(1.,0.,0.));
#199 = DEFINITIONAL_REPRESENTATION('',(#200),#204);
#200 = LINE('',#201,#202);
#201 = CARTESIAN_POINT('',(-20.25,7.5));
#202 = VECTOR('',#203,1.);
#203 = DIRECTION('',(1.,0.));
#204 = ( GEOMETRIC_REPRESENTATION_CONTEXT(2) 
PARAMETRIC_REPRESENTATION_CONTEXT() REPRESENTATION_CONTEXT('2D SPACE',''
  ) );
#205 = ORIENTED_EDGE('',*,*,#206,.F.);
#206 = EDGE_CURVE('',#207,#179,#209,.T.);
#207 = VERTEX_POINT('',#208);
#208 = CARTESIAN_POINT('',(0.5,7.5,10.));
#209 = SURFACE_CURVE('',#210,(#214,#221),.PCURVE_S1.);
#210 = LINE('',#211,#212);
#211 = CARTESIAN_POINT('',(0.5,7.5,10.));
#212 = VECTOR('',#213,1.);
#213 = DIRECTION('',(-1.,0.,0.));
#214 = PCURVE('',#70,#215);
#215 = DEFINITIONAL_REPRESENTATION('',(#216),#220);
#216 = LINE('',#217,#218);
#217 = CARTESIAN_POINT('',(20.75,-10.));
#218 = VECTOR('',#219,1.);
#219 = DIRECTION('',(-1.,0.));
#220 = ( GEOMETRIC_REPRESENTATION_CONTEXT(2) 
PARAMETRIC_REPRESENTATION_CONTEXT() REPRESENTATION_CONTEXT('2D SPACE',''
  ) );
#221 = PCURVE('',#222,#227);
#222 = PLANE('',#223);
#223 = AXIS2_PLACEMENT_3D('',#224,#225,#226);
#224 = CARTESIAN_POINT('',(0.5,7.5,10.));
#225 = DIRECTION('',(0.,-1.,0.));
#226 = DIRECTION('',(-1.,0.,0.));
#227 = DEFINITIONAL_REPRESENTATION('',(#228),#232);
#228 = LINE('',#229,#230);
#229 = CARTESIAN_POINT('',(0.,-0.));
#230 = VECTOR('',#231,1.);
#231 = DIRECTION('',(1.,0.));
#232 = ( GEOMETRIC_REPRESENTATION_CONTEXT(2) 
PARAMETRIC_REPRESENTATION_CONTEXT() REPRESENTATION_CONTEXT('2D SPACE',''
  ) );
#233 = ORIENTED_EDGE('',*,*,#234,.T.);
#234 = EDGE_CURVE('',#207,#235,#237,.T.);
#235 = VERTEX_POINT('',#236);
#236 = CARTESIAN_POINT('',(9.,7.5,10.));
#237 = SURFACE_CURVE('',#238,(#242,#249),.PCURVE_S1.);
#238 = LINE('',#239,#240);
#239 = CARTESIAN_POINT('',(-20.25,7.5,10.));
#240 = VECTOR('',#241,1.);
#241 = DIRECTION('',(1.,0.,0.));
#242 = PCURVE('',#70,#243);
#243 = DEFINITIONAL_REPRESENTATION('',(#244),#248);
#244 = LINE('',#245,#246);
#245 = CARTESIAN_POINT('',(0.,-10.));
#246 = VECTOR('',#247,1.);
#247 = DIRECTION('',(1.,0.));
#248 = ( GEOMETRIC_REPRESENTATION_CONTEXT(2) 
PARAMETRIC_REPRESENTATION_CONTEXT() REPRESENTATION_CONTEXT('2D SPACE',''
  ) );
#249 = PCURVE('',#250,#255);
#250 = PLANE('',#251);
#251 = AXIS2_PLACEMENT_3D('',#252,#253,#254);
#252 = CARTESIAN_POINT('',(-2.56E-15,6.4E-16,10.));
#253 = DIRECTION('',(0.,0.,1.));
#254 = DIRECTION('',(1.,0.,0.));
#255 = DEFINITIONAL_REPRESENTATION('',(#256),#260);
#256 = LINE('',#257,#258);
#257 = CARTESIAN_POINT('',(-20.25,7.5));
#258 = VECTOR('',#259,1.);
#259 = DIRECTION('',(1.,0.));
#260 = ( GEOMETRIC_REPRESENTATION_CONTEXT(2) 
PARAMETRIC_REPRESENTATION_CONTEXT() REPRESENTATION_CONTEXT('2D SPACE',''
  ) );
#261 = ORIENTED_EDGE('',*,*,#262,.T.);
#262 = EDGE_CURVE('',#235,#263,#265,.T.);
#263 = VERTEX_POINT('',#264);
#264 = CARTESIAN_POINT('',(10.,7.5,10.));
#265 = SURFACE_CURVE('',#266,(#270,#277),.PCURVE_S1.);
#266 = LINE('',#267,#268);
#267 = CARTESIAN_POINT('',(9.,7.5,10.));
#268 = VECTOR('',#269,1.);
#269 = DIRECTION('',(1.,0.,0.));
#270 = PCURVE('',#70,#271);
#271 = DEFINITIONAL_REPRESENTATION('',(#272),#276);
#272 = LINE('',#273,#274);
#273 = CARTESIAN_POINT('',(29.25,-10.));
#274 = VECTOR('',#275,1.);
#275 = DIRECTION('',(1.,0.));
#276 = ( GEOMETRIC_REPRESENTATION_CONTEXT(2) 
PARAMETRIC_REPRESENTATION_CONTEXT() REPRESENTATION_CONTEXT('2D SPACE',''
  ) );
#277 = PCURVE('',#278,#283);
#278 = PLANE('',#279);
#279 = AXIS2_PLACEMENT_3D('',#280,#281,#282);
#280 = CARTESIAN_POINT('',(9.,7.5,10.));
#281 = DIRECTION('',(0.,1.,0.));
#282 = DIRECTION('',(1.,0.,0.));
#283 = DEFINITIONAL_REPRESENTATION('',(#284),#288);
#284 = LINE('',#285,#286);
#285 = CARTESIAN_POINT('',(0.,0.));
#286 = VECTOR('',#287,1.);
#287 = DIRECTION('',(1.,0.));
#288 = ( GEOMETRIC_REPRESENTATION_CONTEXT(2) 
PARAMETRIC_REPRESENTATION_CONTEXT() REPRESENTATION_CONTEXT('2D SPACE',''
  ) );
#289 = ORIENTED_EDGE('',*,*,#290,.T.);
#290 = EDGE_CURVE('',#263,#291,#293,.T.);
#291 = VERTEX_POINT('',#292);
#292 = CARTESIAN_POINT('',(18.5,7.5,10.));
#293 = SURFACE_CURVE('',#294,(#298,#305),.PCURVE_S1.);
#294 = LINE('',#295,#296);
#295 = CARTESIAN_POINT('',(-20.25,7.5,10.));
#296 = VECTOR('',#297,1.);
#297 = DIRECTION('',(1.,0.,0.));
#298 = PCURVE('',#70,#299);
#299 = DEFINITIONAL_REPRESENTATION('',(#300),#304);
#300 = LINE('',#301,#302);
#301 = CARTESIAN_POINT('',(0.,-10.));
#302 = VECTOR('',#303,1.);
#303 = DIRECTION('',(1.,0.));
#304 = ( GEOMETRIC_REPRESENTATION_CONTEXT(2) 
PARAMETRIC_REPRESENTATION_CONTEXT() REPRESENTATION_CONTEXT('2D SPACE',''
  ) );
#305 = PCURVE('',#306,#311);
#306 = PLANE('',#307);
#307 = AXIS2_PLACEMENT_3D('',#308,#309,#310);
#308 = CARTESIAN_POINT('',(-2.56E-15,6.4E-16,10.));
#309 = DIRECTION('',(0.,0.,1.));
#310 = DIRECTION('',(1.,0.,0.));
#311 = DEFINITIONAL_REPRESENTATION('',(#312),#316);
#312 = LINE('',#313,#314);
#313 = CARTESIAN_POINT('',(-20.25,7.5));
#314 = VECTOR('',#315,1.);
#315 = DIRECTION('',(1.,0.));
#316 = ( GEOMETRIC_REPRESENTATION_CONTEXT(2) 
PARAMETRIC_REPRESENTATION_CONTEXT() REPRESENTATION_CONTEXT('2D SPACE',''
  ) );
#317 = ORIENTED_EDGE('',*,*,#318,.T.);
#318 = EDGE_CURVE('',#291,#319,#321,.T.);
#319 = VERTEX_POINT('',#320);
#320 = CARTESIAN_POINT('',(20.25,7.5,10.));
#321 = SURFACE_CURVE('',#322,(#326,#333),.PCURVE_S1.);
#322 = LINE('',#323,#324);
#323 = CARTESIAN_POINT('',(-20.25,7.5,10.));
#324 = VECTOR('',#325,1.);
#325 = DIRECTION('',(1.,0.,0.));
#326 = PCURVE('',#70,#327);
#327 = DEFINITIONAL_REPRESENTATION('',(#328),#332);
#328 = LINE('',#329,#330);
#329 = CARTESIAN_POINT('',(0.,-10.));
#330 = VECTOR('',#331,1.);
#331 = DIRECTION('',(1.,0.));
#332 = ( GEOMETRIC_REPRESENTATION_CONTEXT(2) 
PARAMETRIC_REPRESENTATION_CONTEXT() REPRESENTATION_CONTEXT('2D SPACE',''
  ) );
#333 = PCURVE('',#334,#339);
#334 = PLANE('',#335);
#335 = AXIS2_PLACEMENT_3D('',#336,#337,#338);
#336 = CARTESIAN_POINT('',(20.25,7.5,10.));
#337 = DIRECTION('',(0.,-1.,0.));
#338 = DIRECTION('',(-1.,0.,0.));
#339 = DEFINITIONAL_REPRESENTATION('',(#340),#344);
#340 = LINE('',#341,#342);
#341 = CARTESIAN_POINT('',(40.5,0.));
#342 = VECTOR('',#343,1.);
#343 = DIRECTION('',(-1.,-0.));
#344 = ( GEOMETRIC_REPRESENTATION_CONTEXT(2) 
PARAMETRIC_REPRESENTATION_CONTEXT() REPRESENTATION_CONTEXT('2D SPACE',''
  ) );
#345 = ORIENTED_EDGE('',*,*,#346,.F.);
#346 = EDGE_CURVE('',#347,#319,#349,.T.);
#347 = VERTEX_POINT('',#348);
#348 = CARTESIAN_POINT('',(20.25,7.5,0.));
#349 = SURFACE_CURVE('',#350,(#354,#361),.PCURVE_S1.);
#350 = LINE('',#351,#352);
#351 = CARTESIAN_POINT('',(20.25,7.5,0.));
#352 = VECTOR('',#353,1.);
#353 = DIRECTION('',(0.,0.,1.));
#354 = PCURVE('',#70,#355);
#355 = DEFINITIONAL_REPRESENTATION('',(#356),#360);
#356 = LINE('',#357,#358);
#357 = CARTESIAN_POINT('',(40.5,0.));
#358 = VECTOR('',#359,1.);
#359 = DIRECTION('',(0.,-1.));
#360 = ( GEOMETRIC_REPRESENTATION_CONTEXT(2) 
PARAMETRIC_REPRESENTATION_CONTEXT() REPRESENTATION_CONTEXT('2D SPACE',''
  ) );
#361 = PCURVE('',#362,#367);
#362 = PLANE('',#363);
#363 = AXIS2_PLACEMENT_3D('',#364,#365,#366);
#364 = CARTESIAN_POINT('',(20.25,7.5,0.));
#365 = DIRECTION('',(1.,0.,0.));
#366 = DIRECTION('',(0.,-1.,0.));
#367 = DEFINITIONAL_REPRESENTATION('',(#368),#372);
#368 = LINE('',#369,#370);
#369 = CARTESIAN_POINT('',(0.,0.));
#370 = VECTOR('',#371,1.);
#371 = DIRECTION('',(0.,-1.));
#372 = ( GEOMETRIC_REPRESENTATION_CONTEXT(2) 
PARAMETRIC_REPRESENTATION_CONTEXT() REPRESENTATION_CONTEXT('2D SPACE',''
  ) );
#373 = ORIENTED_EDGE('',*,*,#374,.F.);
#374 = EDGE_CURVE('',#60,#347,#375,.T.);
#375 = SURFACE_CURVE('',#376,(#380,#387),.PCURVE_S1.);
#376 = LINE('',#377,#378);
#377 = CARTESIAN_POINT('',(-20.25,7.5,0.));
#378 = VECTOR('',#379,1.);
#379 = DIRECTION('',(1.,0.,0.));
#380 = PCURVE('',#70,#381);
#381 = DEFINITIONAL_REPRESENTATION('',(#382),#386);
#382 = LINE('',#383,#384);
#383 = CARTESIAN_POINT('',(0.,0.));
#384 = VECTOR('',#385,1.);
#385 = DIRECTION('',(1.,0.));
#386 = ( GEOMETRIC_REPRESENTATION_CONTEXT(2) 
PARAMETRIC_REPRESENTATION_CONTEXT() REPRESENTATION_CONTEXT('2D SPACE',''
  ) );
#387 = PCURVE('',#388,#393);
#388 = PLANE('',#389);
#389 = AXIS2_PLACEMENT_3D('',#390,#391,#392);
#390 = CARTESIAN_POINT('',(-2.56E-15,6.4E-16,0.));
#391 = DIRECTION('',(0.,0.,1.));
#392 = DIRECTION('',(1.,0.,0.));
#393 = DEFINITIONAL_REPRESENTATION('',(#394),#398);
#394 = LINE('',#395,#396);
#395 = CARTESIAN_POINT('',(-20.25,7.5));
#396 = VECTOR('',#397,1.);
#397 = DIRECTION('',(1.,0.));
#398 = ( GEOMETRIC_REPRESENTATION_CONTEXT(2) 
PARAMETRIC_REPRESENTATION_CONTEXT() REPRESENTATION_CONTEXT('2D SPACE',''
  ) );
#399 = ADVANCED_FACE('',(#400),#82,.T.);
#400 = FACE_BOUND('',#401,.T.);
#401 = EDGE_LOOP('',(#402,#432,#458,#459));
#402 = ORIENTED_EDGE('',*,*,#403,.T.);
#403 = EDGE_CURVE('',#404,#406,#408,.T.);
#404 = VERTEX_POINT('',#405);
#405 = CARTESIAN_POINT('',(-20.25,-7.5,0.));
#406 = VERTEX_POINT('',#407);
#407 = CARTESIAN_POINT('',(-20.25,-7.5,10.));
#408 = SURFACE_CURVE('',#409,(#413,#420),.PCURVE_S1.);
#409 = LINE('',#410,#411);
#410 = CARTESIAN_POINT('',(-20.25,-7.5,0.));
#411 = VECTOR('',#412,1.);
#412 = DIRECTION('',(0.,0.,1.));
#413 = PCURVE('',#82,#414);
#414 = DEFINITIONAL_REPRESENTATION('',(#415),#419);
#415 = LINE('',#416,#417);
#416 = CARTESIAN_POINT('',(0.,0.));
#417 = VECTOR('',#418,1.);
#418 = DIRECTION('',(0.,-1.));
#419 = ( GEOMETRIC_REPRESENTATION_CONTEXT(2) 
PARAMETRIC_REPRESENTATION_CONTEXT() REPRESENTATION_CONTEXT('2D SPACE',''
  ) );
#420 = PCURVE('',#421,#426);
#421 = PLANE('',#422);
#422 = AXIS2_PLACEMENT_3D('',#423,#424,#425);
#423 = CARTESIAN_POINT('',(20.25,-7.5,0.));
#424 = DIRECTION('',(0.,-1.,0.));
#425 = DIRECTION('',(-1.,0.,0.));
#426 = DEFINITIONAL_REPRESENTATION('',(#427),#431);
#427 = LINE('',#428,#429);
#428 = CARTESIAN_POINT('',(40.5,0.));
#429 = VECTOR('',#430,1.);
#430 = DIRECTION('',(0.,-1.));
#431 = ( GEOMETRIC_REPRESENTATION_CONTEXT(2) 
PARAMETRIC_REPRESENTATION_CONTEXT() REPRESENTATION_CONTEXT('2D SPACE',''
  ) );
#432 = ORIENTED_EDGE('',*,*,#433,.T.);
#433 = EDGE_CURVE('',#406,#62,#434,.T.);
#434 = SURFACE_CURVE('',#435,(#439,#446),.PCURVE_S1.);
#435 = LINE('',#436,#437);
#436 = CARTESIAN_POINT('',(-20.25,-7.5,10.));
#437 = VECTOR('',#438,1.);
#438 = DIRECTION('',(0.,1.,0.));
#439 = PCURVE('',#82,#440);
#440 = DEFINITIONAL_REPRESENTATION('',(#441),#445);
#441 = LINE('',#442,#443);
#442 = CARTESIAN_POINT('',(0.,-10.));
#443 = VECTOR('',#444,1.);
#444 = DIRECTION('',(1.,0.));
#445 = ( GEOMETRIC_REPRESENTATION_CONTEXT(2) 
PARAMETRIC_REPRESENTATION_CONTEXT() REPRESENTATION_CONTEXT('2D SPACE',''
  ) );
#446 = PCURVE('',#447,#452);
#447 = PLANE('',#448);
#448 = AXIS2_PLACEMENT_3D('',#449,#450,#451);
#449 = CARTESIAN_POINT('',(-20.25,-7.5,10.));
#450 = DIRECTION('',(-1.,0.,0.));
#451 = DIRECTION('',(0.,1.,0.));
#452 = DEFINITIONAL_REPRESENTATION('',(#453),#457);
#453 = LINE('',#454,#455);
#454 = CARTESIAN_POINT('',(1.7763568394E-15,0.));
#455 = VECTOR('',#456,1.);
#456 = DIRECTION('',(1.,0.));
#457 = ( GEOMETRIC_REPRESENTATION_CONTEXT(2) 
PARAMETRIC_REPRESENTATION_CONTEXT() REPRESENTATION_CONTEXT('2D SPACE',''
  ) );
#458 = ORIENTED_EDGE('',*,*,#59,.F.);
#459 = ORIENTED_EDGE('',*,*,#460,.F.);
#460 = EDGE_CURVE('',#404,#60,#461,.T.);
#461 = SURFACE_CURVE('',#462,(#466,#473),.PCURVE_S1.);
#462 = LINE('',#463,#464);
#463 = CARTESIAN_POINT('',(-20.25,-7.5,0.));
#464 = VECTOR('',#465,1.);
#465 = DIRECTION('',(0.,1.,0.));
#466 = PCURVE('',#82,#467);
#467 = DEFINITIONAL_REPRESENTATION('',(#468),#472);
#468 = LINE('',#469,#470);
#469 = CARTESIAN_POINT('',(0.,0.));
#470 = VECTOR('',#471,1.);
#471 = DIRECTION('',(1.,0.));
#472 = ( GEOMETRIC_REPRESENTATION_CONTEXT(2) 
PARAMETRIC_REPRESENTATION_CONTEXT() REPRESENTATION_CONTEXT('2D SPACE',''
  ) );
#473 = PCURVE('',#388,#474);
#474 = DEFINITIONAL_REPRESENTATION('',(#475),#479);
#475 = LINE('',#476,#477);
#476 = CARTESIAN_POINT('',(-20.25,-7.5));
#477 = VECTOR('',#478,1.);
#478 = DIRECTION('',(0.,1.));
#479 = ( GEOMETRIC_REPRESENTATION_CONTEXT(2) 
PARAMETRIC_REPRESENTATION_CONTEXT() REPRESENTATION_CONTEXT('2D SPACE',''
  ) );
#480 = ADVANCED_FACE('',(#481),#362,.T.);
#481 = FACE_BOUND('',#482,.T.);
#482 = EDGE_LOOP('',(#483,#484,#512,#535));
#483 = ORIENTED_EDGE('',*,*,#346,.T.);
#484 = ORIENTED_EDGE('',*,*,#485,.T.);
#485 = EDGE_CURVE('',#319,#486,#488,.T.);
#486 = VERTEX_POINT('',#487);
#487 = CARTESIAN_POINT('',(20.25,-7.5,10.));
#488 = SURFACE_CURVE('',#489,(#493,#500),.PCURVE_S1.);
#489 = LINE('',#490,#491);
#490 = CARTESIAN_POINT('',(20.25,7.5,10.));
#491 = VECTOR('',#492,1.);
#492 = DIRECTION('',(0.,-1.,0.));
#493 = PCURVE('',#362,#494);
#494 = DEFINITIONAL_REPRESENTATION('',(#495),#499);
#495 = LINE('',#496,#497);
#496 = CARTESIAN_POINT('',(0.,-10.));
#497 = VECTOR('',#498,1.);
#498 = DIRECTION('',(1.,0.));
#499 = ( GEOMETRIC_REPRESENTATION_CONTEXT(2) 
PARAMETRIC_REPRESENTATION_CONTEXT() REPRESENTATION_CONTEXT('2D SPACE',''
  ) );
#500 = PCURVE('',#501,#506);
#501 = PLANE('',#502);
#502 = AXIS2_PLACEMENT_3D('',#503,#504,#505);
#503 = CARTESIAN_POINT('',(20.25,-7.5,10.));
#504 = DIRECTION('',(-1.,0.,0.));
#505 = DIRECTION('',(0.,1.,0.));
#506 = DEFINITIONAL_REPRESENTATION('',(#507),#511);
#507 = LINE('',#508,#509);
#508 = CARTESIAN_POINT('',(15.,0.));
#509 = VECTOR('',#510,1.);
#510 = DIRECTION('',(-1.,0.));
#511 = ( GEOMETRIC_REPRESENTATION_CONTEXT(2) 
PARAMETRIC_REPRESENTATION_CONTEXT() REPRESENTATION_CONTEXT('2D SPACE',''
  ) );
#512 = ORIENTED_EDGE('',*,*,#513,.F.);
#513 = EDGE_CURVE('',#514,#486,#516,.T.);
#514 = VERTEX_POINT('',#515);
#515 = CARTESIAN_POINT('',(20.25,-7.5,0.));
#516 = SURFACE_CURVE('',#517,(#521,#528),.PCURVE_S1.);
#517 = LINE('',#518,#519);
#518 = CARTESIAN_POINT('',(20.25,-7.5,0.));
#519 = VECTOR('',#520,1.);
#520 = DIRECTION('',(0.,0.,1.));
#521 = PCURVE('',#362,#522);
#522 = DEFINITIONAL_REPRESENTATION('',(#523),#527);
#523 = LINE('',#524,#525);
#524 = CARTESIAN_POINT('',(15.,0.));
#525 = VECTOR('',#526,1.);
#526 = DIRECTION('',(0.,-1.));
#527 = ( GEOMETRIC_REPRESENTATION_CONTEXT(2) 
PARAMETRIC_REPRESENTATION_CONTEXT() REPRESENTATION_CONTEXT('2D SPACE',''
  ) );
#528 = PCURVE('',#421,#529);
#529 = DEFINITIONAL_REPRESENTATION('',(#530),#534);
#530 = LINE('',#531,#532);
#531 = CARTESIAN_POINT('',(0.,-0.));
#532 = VECTOR('',#533,1.);
#533 = DIRECTION('',(0.,-1.));
#534 = ( GEOMETRIC_REPRESENTATION_CONTEXT(2) 
PARAMETRIC_REPRESENTATION_CONTEXT() REPRESENTATION_CONTEXT('2D SPACE',''
  ) );
#535 = ORIENTED_EDGE('',*,*,#536,.F.);
#536 = EDGE_CURVE('',#347,#514,#537,.T.);
#537 = SURFACE_CURVE('',#538,(#542,#549),.PCURVE_S1.);
#538 = LINE('',#539,#540);
#539 = CARTESIAN_POINT('',(20.25,7.5,0.));
#540 = VECTOR('',#541,1.);
#541 = DIRECTION('',(0.,-1.,0.));
#542 = PCURVE('',#362,#543);
#543 = DEFINITIONAL_REPRESENTATION('',(#544),#548);
#544 = LINE('',#545,#546);
#545 = CARTESIAN_POINT('',(0.,0.));
#546 = VECTOR('',#547,1.);
#547 = DIRECTION('',(1.,0.));
#548 = ( GEOMETRIC_REPRESENTATION_CONTEXT(2) 
PARAMETRIC_REPRESENTATION_CONTEXT() REPRESENTATION_CONTEXT('2D SPACE',''
  ) );
#549 = PCURVE('',#388,#550);
#550 = DEFINITIONAL_REPRESENTATION('',(#551),#555);
#551 = LINE('',#552,#553);
#552 = CARTESIAN_POINT('',(20.25,7.5));
#553 = VECTOR('',#554,1.);
#554 = DIRECTION('',(0.,-1.));
#555 = ( GEOMETRIC_REPRESENTATION_CONTEXT(2) 
PARAMETRIC_REPRESENTATION_CONTEXT() REPRESENTATION_CONTEXT('2D SPACE',''
  ) );
#556 = ADVANCED_FACE('',(#557,#583,#697,#811,#925),#388,.F.);
#557 = FACE_BOUND('',#558,.F.);
#558 = EDGE_LOOP('',(#559,#560,#561,#582));
#559 = ORIENTED_EDGE('',*,*,#374,.F.);
#560 = ORIENTED_EDGE('',*,*,#460,.F.);
#561 = ORIENTED_EDGE('',*,*,#562,.F.);
#562 = EDGE_CURVE('',#514,#404,#563,.T.);
#563 = SURFACE_CURVE('',#564,(#568,#575),.PCURVE_S1.);
#564 = LINE('',#565,#566);
#565 = CARTESIAN_POINT('',(20.25,-7.5,0.));
#566 = VECTOR('',#567,1.);
#567 = DIRECTION('',(-1.,0.,0.));
#568 = PCURVE('',#388,#569);
#569 = DEFINITIONAL_REPRESENTATION('',(#570),#574);
#570 = LINE('',#571,#572);
#571 = CARTESIAN_POINT('',(20.25,-7.5));
#572 = VECTOR('',#573,1.);
#573 = DIRECTION('',(-1.,0.));
#574 = ( GEOMETRIC_REPRESENTATION_CONTEXT(2) 
PARAMETRIC_REPRESENTATION_CONTEXT() REPRESENTATION_CONTEXT('2D SPACE',''
  ) );
#575 = PCURVE('',#421,#576);
#576 = DEFINITIONAL_REPRESENTATION('',(#577),#581);
#577 = LINE('',#578,#579);
#578 = CARTESIAN_POINT('',(0.,-0.));
#579 = VECTOR('',#580,1.);
#580 = DIRECTION('',(1.,0.));
#581 = ( GEOMETRIC_REPRESENTATION_CONTEXT(2) 
PARAMETRIC_REPRESENTATION_CONTEXT() REPRESENTATION_CONTEXT('2D SPACE',''
  ) );
#582 = ORIENTED_EDGE('',*,*,#536,.F.);
#583 = FACE_BOUND('',#584,.F.);
#584 = EDGE_LOOP('',(#585,#615,#643,#671));
#585 = ORIENTED_EDGE('',*,*,#586,.F.);
#586 = EDGE_CURVE('',#587,#589,#591,.T.);
#587 = VERTEX_POINT('',#588);
#588 = CARTESIAN_POINT('',(-15.,-0.4,0.));
#589 = VERTEX_POINT('',#590);
#590 = CARTESIAN_POINT('',(-13.5,-0.4,0.));
#591 = SURFACE_CURVE('',#592,(#596,#603),.PCURVE_S1.);
#592 = LINE('',#593,#594);
#593 = CARTESIAN_POINT('',(-15.,-0.4,0.));
#594 = VECTOR('',#595,1.);
#595 = DIRECTION('',(1.,0.,0.));
#596 = PCURVE('',#388,#597);
#597 = DEFINITIONAL_REPRESENTATION('',(#598),#602);
#598 = LINE('',#599,#600);
#599 = CARTESIAN_POINT('',(-15.,-0.4));
#600 = VECTOR('',#601,1.);
#601 = DIRECTION('',(1.,0.));
#602 = ( GEOMETRIC_REPRESENTATION_CONTEXT(2) 
PARAMETRIC_REPRESENTATION_CONTEXT() REPRESENTATION_CONTEXT('2D SPACE',''
  ) );
#603 = PCURVE('',#604,#609);
#604 = PLANE('',#605);
#605 = AXIS2_PLACEMENT_3D('',#606,#607,#608);
#606 = CARTESIAN_POINT('',(-15.,-0.4,0.));
#607 = DIRECTION('',(0.,-1.,0.));
#608 = DIRECTION('',(1.,0.,0.));
#609 = DEFINITIONAL_REPRESENTATION('',(#610),#614);
#610 = LINE('',#611,#612);
#611 = CARTESIAN_POINT('',(0.,0.));
#612 = VECTOR('',#613,1.);
#613 = DIRECTION('',(1.,0.));
#614 = ( GEOMETRIC_REPRESENTATION_CONTEXT(2) 
PARAMETRIC_REPRESENTATION_CONTEXT() REPRESENTATION_CONTEXT('2D SPACE',''
  ) );
#615 = ORIENTED_EDGE('',*,*,#616,.F.);
#616 = EDGE_CURVE('',#617,#587,#619,.T.);
#617 = VERTEX_POINT('',#618);
#618 = CARTESIAN_POINT('',(-15.,0.4,0.));
#619 = SURFACE_CURVE('',#620,(#624,#631),.PCURVE_S1.);
#620 = LINE('',#621,#622);
#621 = CARTESIAN_POINT('',(-15.,0.4,0.));
#622 = VECTOR('',#623,1.);
#623 = DIRECTION('',(0.,-1.,0.));
#624 = PCURVE('',#388,#625);
#625 = DEFINITIONAL_REPRESENTATION('',(#626),#630);
#626 = LINE('',#627,#628);
#627 = CARTESIAN_POINT('',(-15.,0.4));
#628 = VECTOR('',#629,1.);
#629 = DIRECTION('',(0.,-1.));
#630 = ( GEOMETRIC_REPRESENTATION_CONTEXT(2) 
PARAMETRIC_REPRESENTATION_CONTEXT() REPRESENTATION_CONTEXT('2D SPACE',''
  ) );
#631 = PCURVE('',#632,#637);
#632 = PLANE('',#633);
#633 = AXIS2_PLACEMENT_3D('',#634,#635,#636);
#634 = CARTESIAN_POINT('',(-15.,0.4,0.));
#635 = DIRECTION('',(-1.,-0.,-0.));
#636 = DIRECTION('',(0.,-1.,0.));
#637 = DEFINITIONAL_REPRESENTATION('',(#638),#642);
#638 = LINE('',#639,#640);
#639 = CARTESIAN_POINT('',(0.,0.));
#640 = VECTOR('',#641,1.);
#641 = DIRECTION('',(1.,0.));
#642 = ( GEOMETRIC_REPRESENTATION_CONTEXT(2) 
PARAMETRIC_REPRESENTATION_CONTEXT() REPRESENTATION_CONTEXT('2D SPACE',''
  ) );
#643 = ORIENTED_EDGE('',*,*,#644,.F.);
#644 = EDGE_CURVE('',#645,#617,#647,.T.);
#645 = VERTEX_POINT('',#646);
#646 = CARTESIAN_POINT('',(-13.5,0.4,0.));
#647 = SURFACE_CURVE('',#648,(#652,#659),.PCURVE_S1.);
#648 = LINE('',#649,#650);
#649 = CARTESIAN_POINT('',(-13.5,0.4,0.));
#650 = VECTOR('',#651,1.);
#651 = DIRECTION('',(-1.,0.,0.));
#652 = PCURVE('',#388,#653);
#653 = DEFINITIONAL_REPRESENTATION('',(#654),#658);
#654 = LINE('',#655,#656);
#655 = CARTESIAN_POINT('',(-13.5,0.4));
#656 = VECTOR('',#657,1.);
#657 = DIRECTION('',(-1.,0.));
#658 = ( GEOMETRIC_REPRESENTATION_CONTEXT(2) 
PARAMETRIC_REPRESENTATION_CONTEXT() REPRESENTATION_CONTEXT('2D SPACE',''
  ) );
#659 = PCURVE('',#660,#665);
#660 = PLANE('',#661);
#661 = AXIS2_PLACEMENT_3D('',#662,#663,#664);
#662 = CARTESIAN_POINT('',(-13.5,0.4,0.));
#663 = DIRECTION('',(0.,1.,0.));
#664 = DIRECTION('',(-1.,0.,0.));
#665 = DEFINITIONAL_REPRESENTATION('',(#666),#670);
#666 = LINE('',#667,#668);
#667 = CARTESIAN_POINT('',(0.,0.));
#668 = VECTOR('',#669,1.);
#669 = DIRECTION('',(1.,0.));
#670 = ( GEOMETRIC_REPRESENTATION_CONTEXT(2) 
PARAMETRIC_REPRESENTATION_CONTEXT() REPRESENTATION_CONTEXT('2D SPACE',''
  ) );
#671 = ORIENTED_EDGE('',*,*,#672,.F.);
#672 = EDGE_CURVE('',#589,#645,#673,.T.);
#673 = SURFACE_CURVE('',#674,(#678,#685),.PCURVE_S1.);
#674 = LINE('',#675,#676);
#675 = CARTESIAN_POINT('',(-13.5,-0.4,0.));
#676 = VECTOR('',#677,1.);
#677 = DIRECTION('',(0.,1.,0.));
#678 = PCURVE('',#388,#679);
#679 = DEFINITIONAL_REPRESENTATION('',(#680),#684);
#680 = LINE('',#681,#682);
#681 = CARTESIAN_POINT('',(-13.5,-0.4));
#682 = VECTOR('',#683,1.);
#683 = DIRECTION('',(0.,1.));
#684 = ( GEOMETRIC_REPRESENTATION_CONTEXT(2) 
PARAMETRIC_REPRESENTATION_CONTEXT() REPRESENTATION_CONTEXT('2D SPACE',''
  ) );
#685 = PCURVE('',#686,#691);
#686 = PLANE('',#687);
#687 = AXIS2_PLACEMENT_3D('',#688,#689,#690);
#688 = CARTESIAN_POINT('',(-13.5,-0.4,0.));
#689 = DIRECTION('',(1.,0.,0.));
#690 = DIRECTION('',(0.,1.,0.));
#691 = DEFINITIONAL_REPRESENTATION('',(#692),#696);
#692 = LINE('',#693,#694);
#693 = CARTESIAN_POINT('',(0.,0.));
#694 = VECTOR('',#695,1.);
#695 = DIRECTION('',(1.,0.));
#696 = ( GEOMETRIC_REPRESENTATION_CONTEXT(2) 
PARAMETRIC_REPRESENTATION_CONTEXT() REPRESENTATION_CONTEXT('2D SPACE',''
  ) );
#697 = FACE_BOUND('',#698,.F.);
#698 = EDGE_LOOP('',(#699,#729,#757,#785));
#699 = ORIENTED_EDGE('',*,*,#700,.F.);
#700 = EDGE_CURVE('',#701,#703,#705,.T.);
#701 = VERTEX_POINT('',#702);
#702 = CARTESIAN_POINT('',(-5.5,-0.4,0.));
#703 = VERTEX_POINT('',#704);
#704 = CARTESIAN_POINT('',(-4.,-0.4,0.));
#705 = SURFACE_CURVE('',#706,(#710,#717),.PCURVE_S1.);
#706 = LINE('',#707,#708);
#707 = CARTESIAN_POINT('',(-5.5,-0.4,0.));
#708 = VECTOR('',#709,1.);
#709 = DIRECTION('',(1.,0.,0.));
#710 = PCURVE('',#388,#711);
#711 = DEFINITIONAL_REPRESENTATION('',(#712),#716);
#712 = LINE('',#713,#714);
#713 = CARTESIAN_POINT('',(-5.5,-0.4));
#714 = VECTOR('',#715,1.);
#715 = DIRECTION('',(1.,0.));
#716 = ( GEOMETRIC_REPRESENTATION_CONTEXT(2) 
PARAMETRIC_REPRESENTATION_CONTEXT() REPRESENTATION_CONTEXT('2D SPACE',''
  ) );
#717 = PCURVE('',#718,#723);
#718 = PLANE('',#719);
#719 = AXIS2_PLACEMENT_3D('',#720,#721,#722);
#720 = CARTESIAN_POINT('',(-5.5,-0.4,0.));
#721 = DIRECTION('',(0.,-1.,0.));
#722 = DIRECTION('',(1.,0.,0.));
#723 = DEFINITIONAL_REPRESENTATION('',(#724),#728);
#724 = LINE('',#725,#726);
#725 = CARTESIAN_POINT('',(0.,0.));
#726 = VECTOR('',#727,1.);
#727 = DIRECTION('',(1.,0.));
#728 = ( GEOMETRIC_REPRESENTATION_CONTEXT(2) 
PARAMETRIC_REPRESENTATION_CONTEXT() REPRESENTATION_CONTEXT('2D SPACE',''
  ) );
#729 = ORIENTED_EDGE('',*,*,#730,.F.);
#730 = EDGE_CURVE('',#731,#701,#733,.T.);
#731 = VERTEX_POINT('',#732);
#732 = CARTESIAN_POINT('',(-5.5,0.4,0.));
#733 = SURFACE_CURVE('',#734,(#738,#745),.PCURVE_S1.);
#734 = LINE('',#735,#736);
#735 = CARTESIAN_POINT('',(-5.5,0.4,0.));
#736 = VECTOR('',#737,1.);
#737 = DIRECTION('',(0.,-1.,0.));
#738 = PCURVE('',#388,#739);
#739 = DEFINITIONAL_REPRESENTATION('',(#740),#744);
#740 = LINE('',#741,#742);
#741 = CARTESIAN_POINT('',(-5.5,0.4));
#742 = VECTOR('',#743,1.);
#743 = DIRECTION('',(0.,-1.));
#744 = ( GEOMETRIC_REPRESENTATION_CONTEXT(2) 
PARAMETRIC_REPRESENTATION_CONTEXT() REPRESENTATION_CONTEXT('2D SPACE',''
  ) );
#745 = PCURVE('',#746,#751);
#746 = PLANE('',#747);
#747 = AXIS2_PLACEMENT_3D('',#748,#749,#750);
#748 = CARTESIAN_POINT('',(-5.5,0.4,0.));
#749 = DIRECTION('',(-1.,-0.,-0.));
#750 = DIRECTION('',(0.,-1.,0.));
#751 = DEFINITIONAL_REPRESENTATION('',(#752),#756);
#752 = LINE('',#753,#754);
#753 = CARTESIAN_POINT('',(0.,0.));
#754 = VECTOR('',#755,1.);
#755 = DIRECTION('',(1.,0.));
#756 = ( GEOMETRIC_REPRESENTATION_CONTEXT(2) 
PARAMETRIC_REPRESENTATION_CONTEXT() REPRESENTATION_CONTEXT('2D SPACE',''
  ) );
#757 = ORIENTED_EDGE('',*,*,#758,.F.);
#758 = EDGE_CURVE('',#759,#731,#761,.T.);
#759 = VERTEX_POINT('',#760);
#760 = CARTESIAN_POINT('',(-4.,0.4,0.));
#761 = SURFACE_CURVE('',#762,(#766,#773),.PCURVE_S1.);
#762 = LINE('',#763,#764);
#763 = CARTESIAN_POINT('',(-4.,0.4,0.));
#764 = VECTOR('',#765,1.);
#765 = DIRECTION('',(-1.,0.,0.));
#766 = PCURVE('',#388,#767);
#767 = DEFINITIONAL_REPRESENTATION('',(#768),#772);
#768 = LINE('',#769,#770);
#769 = CARTESIAN_POINT('',(-4.,0.4));
#770 = VECTOR('',#771,1.);
#771 = DIRECTION('',(-1.,0.));
#772 = ( GEOMETRIC_REPRESENTATION_CONTEXT(2) 
PARAMETRIC_REPRESENTATION_CONTEXT() REPRESENTATION_CONTEXT('2D SPACE',''
  ) );
#773 = PCURVE('',#774,#779);
#774 = PLANE('',#775);
#775 = AXIS2_PLACEMENT_3D('',#776,#777,#778);
#776 = CARTESIAN_POINT('',(-4.,0.4,0.));
#777 = DIRECTION('',(0.,1.,0.));
#778 = DIRECTION('',(-1.,0.,0.));
#779 = DEFINITIONAL_REPRESENTATION('',(#780),#784);
#780 = LINE('',#781,#782);
#781 = CARTESIAN_POINT('',(0.,0.));
#782 = VECTOR('',#783,1.);
#783 = DIRECTION('',(1.,0.));
#784 = ( GEOMETRIC_REPRESENTATION_CONTEXT(2) 
PARAMETRIC_REPRESENTATION_CONTEXT() REPRESENTATION_CONTEXT('2D SPACE',''
  ) );
#785 = ORIENTED_EDGE('',*,*,#786,.F.);
#786 = EDGE_CURVE('',#703,#759,#787,.T.);
#787 = SURFACE_CURVE('',#788,(#792,#799),.PCURVE_S1.);
#788 = LINE('',#789,#790);
#789 = CARTESIAN_POINT('',(-4.,-0.4,0.));
#790 = VECTOR('',#791,1.);
#791 = DIRECTION('',(0.,1.,0.));
#792 = PCURVE('',#388,#793);
#793 = DEFINITIONAL_REPRESENTATION('',(#794),#798);
#794 = LINE('',#795,#796);
#795 = CARTESIAN_POINT('',(-4.,-0.4));
#796 = VECTOR('',#797,1.);
#797 = DIRECTION('',(0.,1.));
#798 = ( GEOMETRIC_REPRESENTATION_CONTEXT(2) 
PARAMETRIC_REPRESENTATION_CONTEXT() REPRESENTATION_CONTEXT('2D SPACE',''
  ) );
#799 = PCURVE('',#800,#805);
#800 = PLANE('',#801);
#801 = AXIS2_PLACEMENT_3D('',#802,#803,#804);
#802 = CARTESIAN_POINT('',(-4.,-0.4,0.));
#803 = DIRECTION('',(1.,0.,0.));
#804 = DIRECTION('',(0.,1.,0.));
#805 = DEFINITIONAL_REPRESENTATION('',(#806),#810);
#806 = LINE('',#807,#808);
#807 = CARTESIAN_POINT('',(0.,0.));
#808 = VECTOR('',#809,1.);
#809 = DIRECTION('',(1.,0.));
#810 = ( GEOMETRIC_REPRESENTATION_CONTEXT(2) 
PARAMETRIC_REPRESENTATION_CONTEXT() REPRESENTATION_CONTEXT('2D SPACE',''
  ) );
#811 = FACE_BOUND('',#812,.F.);
#812 = EDGE_LOOP('',(#813,#843,#871,#899));
#813 = ORIENTED_EDGE('',*,*,#814,.T.);
#814 = EDGE_CURVE('',#815,#817,#819,.T.);
#815 = VERTEX_POINT('',#816);
#816 = CARTESIAN_POINT('',(5.5,0.4,0.));
#817 = VERTEX_POINT('',#818);
#818 = CARTESIAN_POINT('',(5.5,-0.4,0.));
#819 = SURFACE_CURVE('',#820,(#824,#831),.PCURVE_S1.);
#820 = LINE('',#821,#822);
#821 = CARTESIAN_POINT('',(5.5,0.4,0.));
#822 = VECTOR('',#823,1.);
#823 = DIRECTION('',(0.,-1.,0.));
#824 = PCURVE('',#388,#825);
#825 = DEFINITIONAL_REPRESENTATION('',(#826),#830);
#826 = LINE('',#827,#828);
#827 = CARTESIAN_POINT('',(5.5,0.4));
#828 = VECTOR('',#829,1.);
#829 = DIRECTION('',(0.,-1.));
#830 = ( GEOMETRIC_REPRESENTATION_CONTEXT(2) 
PARAMETRIC_REPRESENTATION_CONTEXT() REPRESENTATION_CONTEXT('2D SPACE',''
  ) );
#831 = PCURVE('',#832,#837);
#832 = PLANE('',#833);
#833 = AXIS2_PLACEMENT_3D('',#834,#835,#836);
#834 = CARTESIAN_POINT('',(5.5,0.4,0.));
#835 = DIRECTION('',(-1.,-0.,-0.));
#836 = DIRECTION('',(0.,-1.,0.));
#837 = DEFINITIONAL_REPRESENTATION('',(#838),#842);
#838 = LINE('',#839,#840);
#839 = CARTESIAN_POINT('',(0.,0.));
#840 = VECTOR('',#841,1.);
#841 = DIRECTION('',(1.,0.));
#842 = ( GEOMETRIC_REPRESENTATION_CONTEXT(2) 
PARAMETRIC_REPRESENTATION_CONTEXT() REPRESENTATION_CONTEXT('2D SPACE',''
  ) );
#843 = ORIENTED_EDGE('',*,*,#844,.T.);
#844 = EDGE_CURVE('',#817,#845,#847,.T.);
#845 = VERTEX_POINT('',#846);
#846 = CARTESIAN_POINT('',(4.,-0.4,0.));
#847 = SURFACE_CURVE('',#848,(#852,#859),.PCURVE_S1.);
#848 = LINE('',#849,#850);
#849 = CARTESIAN_POINT('',(5.5,-0.4,0.));
#850 = VECTOR('',#851,1.);
#851 = DIRECTION('',(-1.,0.,0.));
#852 = PCURVE('',#388,#853);
#853 = DEFINITIONAL_REPRESENTATION('',(#854),#858);
#854 = LINE('',#855,#856);
#855 = CARTESIAN_POINT('',(5.5,-0.4));
#856 = VECTOR('',#857,1.);
#857 = DIRECTION('',(-1.,0.));
#858 = ( GEOMETRIC_REPRESENTATION_CONTEXT(2) 
PARAMETRIC_REPRESENTATION_CONTEXT() REPRESENTATION_CONTEXT('2D SPACE',''
  ) );
#859 = PCURVE('',#860,#865);
#860 = PLANE('',#861);
#861 = AXIS2_PLACEMENT_3D('',#862,#863,#864);
#862 = CARTESIAN_POINT('',(5.5,-0.4,0.));
#863 = DIRECTION('',(0.,1.,0.));
#864 = DIRECTION('',(-1.,0.,0.));
#865 = DEFINITIONAL_REPRESENTATION('',(#866),#870);
#866 = LINE('',#867,#868);
#867 = CARTESIAN_POINT('',(0.,0.));
#868 = VECTOR('',#869,1.);
#869 = DIRECTION('',(1.,0.));
#870 = ( GEOMETRIC_REPRESENTATION_CONTEXT(2) 
PARAMETRIC_REPRESENTATION_CONTEXT() REPRESENTATION_CONTEXT('2D SPACE',''
  ) );
#871 = ORIENTED_EDGE('',*,*,#872,.T.);
#872 = EDGE_CURVE('',#845,#873,#875,.T.);
#873 = VERTEX_POINT('',#874);
#874 = CARTESIAN_POINT('',(4.,0.4,0.));
#875 = SURFACE_CURVE('',#876,(#880,#887),.PCURVE_S1.);
#876 = LINE('',#877,#878);
#877 = CARTESIAN_POINT('',(4.,-0.4,0.));
#878 = VECTOR('',#879,1.);
#879 = DIRECTION('',(0.,1.,0.));
#880 = PCURVE('',#388,#881);
#881 = DEFINITIONAL_REPRESENTATION('',(#882),#886);
#882 = LINE('',#883,#884);
#883 = CARTESIAN_POINT('',(4.,-0.4));
#884 = VECTOR('',#885,1.);
#885 = DIRECTION('',(0.,1.));
#886 = ( GEOMETRIC_REPRESENTATION_CONTEXT(2) 
PARAMETRIC_REPRESENTATION_CONTEXT() REPRESENTATION_CONTEXT('2D SPACE',''
  ) );
#887 = PCURVE('',#888,#893);
#888 = PLANE('',#889);
#889 = AXIS2_PLACEMENT_3D('',#890,#891,#892);
#890 = CARTESIAN_POINT('',(4.,-0.4,0.));
#891 = DIRECTION('',(1.,0.,0.));
#892 = DIRECTION('',(0.,1.,0.));
#893 = DEFINITIONAL_REPRESENTATION('',(#894),#898);
#894 = LINE('',#895,#896);
#895 = CARTESIAN_POINT('',(0.,0.));
#896 = VECTOR('',#897,1.);
#897 = DIRECTION('',(1.,0.));
#898 = ( GEOMETRIC_REPRESENTATION_CONTEXT(2) 
PARAMETRIC_REPRESENTATION_CONTEXT() REPRESENTATION_CONTEXT('2D SPACE',''
  ) );
#899 = ORIENTED_EDGE('',*,*,#900,.T.);
#900 = EDGE_CURVE('',#873,#815,#901,.T.);
#901 = SURFACE_CURVE('',#902,(#906,#913),.PCURVE_S1.);
#902 = LINE('',#903,#904);
#903 = CARTESIAN_POINT('',(4.,0.4,0.));
#904 = VECTOR('',#905,1.);
#905 = DIRECTION('',(1.,0.,0.));
#906 = PCURVE('',#388,#907);
#907 = DEFINITIONAL_REPRESENTATION('',(#908),#912);
#908 = LINE('',#909,#910);
#909 = CARTESIAN_POINT('',(4.,0.4));
#910 = VECTOR('',#911,1.);
#911 = DIRECTION('',(1.,0.));
#912 = ( GEOMETRIC_REPRESENTATION_CONTEXT(2) 
PARAMETRIC_REPRESENTATION_CONTEXT() REPRESENTATION_CONTEXT('2D SPACE',''
  ) );
#913 = PCURVE('',#914,#919);
#914 = PLANE('',#915);
#915 = AXIS2_PLACEMENT_3D('',#916,#917,#918);
#916 = CARTESIAN_POINT('',(4.,0.4,0.));
#917 = DIRECTION('',(0.,-1.,0.));
#918 = DIRECTION('',(1.,0.,0.));
#919 = DEFINITIONAL_REPRESENTATION('',(#920),#924);
#920 = LINE('',#921,#922);
#921 = CARTESIAN_POINT('',(0.,0.));
#922 = VECTOR('',#923,1.);
#923 = DIRECTION('',(1.,0.));
#924 = ( GEOMETRIC_REPRESENTATION_CONTEXT(2) 
PARAMETRIC_REPRESENTATION_CONTEXT() REPRESENTATION_CONTEXT('2D SPACE',''
  ) );
#925 = FACE_BOUND('',#926,.F.);
#926 = EDGE_LOOP('',(#927,#957,#985,#1013));
#927 = ORIENTED_EDGE('',*,*,#928,.T.);
#928 = EDGE_CURVE('',#929,#931,#933,.T.);
#929 = VERTEX_POINT('',#930);
#930 = CARTESIAN_POINT('',(15.,0.4,0.));
#931 = VERTEX_POINT('',#932);
#932 = CARTESIAN_POINT('',(15.,-0.4,0.));
#933 = SURFACE_CURVE('',#934,(#938,#945),.PCURVE_S1.);
#934 = LINE('',#935,#936);
#935 = CARTESIAN_POINT('',(15.,0.4,0.));
#936 = VECTOR('',#937,1.);
#937 = DIRECTION('',(0.,-1.,0.));
#938 = PCURVE('',#388,#939);
#939 = DEFINITIONAL_REPRESENTATION('',(#940),#944);
#940 = LINE('',#941,#942);
#941 = CARTESIAN_POINT('',(15.,0.4));
#942 = VECTOR('',#943,1.);
#943 = DIRECTION('',(0.,-1.));
#944 = ( GEOMETRIC_REPRESENTATION_CONTEXT(2) 
PARAMETRIC_REPRESENTATION_CONTEXT() REPRESENTATION_CONTEXT('2D SPACE',''
  ) );
#945 = PCURVE('',#946,#951);
#946 = PLANE('',#947);
#947 = AXIS2_PLACEMENT_3D('',#948,#949,#950);
#948 = CARTESIAN_POINT('',(15.,0.4,0.));
#949 = DIRECTION('',(-1.,-0.,-0.));
#950 = DIRECTION('',(0.,-1.,0.));
#951 = DEFINITIONAL_REPRESENTATION('',(#952),#956);
#952 = LINE('',#953,#954);
#953 = CARTESIAN_POINT('',(0.,0.));
#954 = VECTOR('',#955,1.);
#955 = DIRECTION('',(1.,0.));
#956 = ( GEOMETRIC_REPRESENTATION_CONTEXT(2) 
PARAMETRIC_REPRESENTATION_CONTEXT() REPRESENTATION_CONTEXT('2D SPACE',''
  ) );
#957 = ORIENTED_EDGE('',*,*,#958,.T.);
#958 = EDGE_CURVE('',#931,#959,#961,.T.);
#959 = VERTEX_POINT('',#960);
#960 = CARTESIAN_POINT('',(13.5,-0.4,0.));
#961 = SURFACE_CURVE('',#962,(#966,#973),.PCURVE_S1.);
#962 = LINE('',#963,#964);
#963 = CARTESIAN_POINT('',(15.,-0.4,0.));
#964 = VECTOR('',#965,1.);
#965 = DIRECTION('',(-1.,0.,0.));
#966 = PCURVE('',#388,#967);
#967 = DEFINITIONAL_REPRESENTATION('',(#968),#972);
#968 = LINE('',#969,#970);
#969 = CARTESIAN_POINT('',(15.,-0.4));
#970 = VECTOR('',#971,1.);
#971 = DIRECTION('',(-1.,0.));
#972 = ( GEOMETRIC_REPRESENTATION_CONTEXT(2) 
PARAMETRIC_REPRESENTATION_CONTEXT() REPRESENTATION_CONTEXT('2D SPACE',''
  ) );
#973 = PCURVE('',#974,#979);
#974 = PLANE('',#975);
#975 = AXIS2_PLACEMENT_3D('',#976,#977,#978);
#976 = CARTESIAN_POINT('',(15.,-0.4,0.));
#977 = DIRECTION('',(0.,1.,0.));
#978 = DIRECTION('',(-1.,0.,0.));
#979 = DEFINITIONAL_REPRESENTATION('',(#980),#984);
#980 = LINE('',#981,#982);
#981 = CARTESIAN_POINT('',(0.,0.));
#982 = VECTOR('',#983,1.);
#983 = DIRECTION('',(1.,0.));
#984 = ( GEOMETRIC_REPRESENTATION_CONTEXT(2) 
PARAMETRIC_REPRESENTATION_CONTEXT() REPRESENTATION_CONTEXT('2D SPACE',''
  ) );
#985 = ORIENTED_EDGE('',*,*,#986,.T.);
#986 = EDGE_CURVE('',#959,#987,#989,.T.);
#987 = VERTEX_POINT('',#988);
#988 = CARTESIAN_POINT('',(13.5,0.4,0.));
#989 = SURFACE_CURVE('',#990,(#994,#1001),.PCURVE_S1.);
#990 = LINE('',#991,#992);
#991 = CARTESIAN_POINT('',(13.5,-0.4,0.));
#992 = VECTOR('',#993,1.);
#993 = DIRECTION('',(0.,1.,0.));
#994 = PCURVE('',#388,#995);
#995 = DEFINITIONAL_REPRESENTATION('',(#996),#1000);
#996 = LINE('',#997,#998);
#997 = CARTESIAN_POINT('',(13.5,-0.4));
#998 = VECTOR('',#999,1.);
#999 = DIRECTION('',(0.,1.));
#1000 = ( GEOMETRIC_REPRESENTATION_CONTEXT(2) 
PARAMETRIC_REPRESENTATION_CONTEXT() REPRESENTATION_CONTEXT('2D SPACE',''
  ) );
#1001 = PCURVE('',#1002,#1007);
#1002 = PLANE('',#1003);
#1003 = AXIS2_PLACEMENT_3D('',#1004,#1005,#1006);
#1004 = CARTESIAN_POINT('',(13.5,-0.4,0.));
#1005 = DIRECTION('',(1.,0.,0.));
#1006 = DIRECTION('',(0.,1.,0.));
#1007 = DEFINITIONAL_REPRESENTATION('',(#1008),#1012);
#1008 = LINE('',#1009,#1010);
#1009 = CARTESIAN_POINT('',(0.,0.));
#1010 = VECTOR('',#1011,1.);
#1011 = DIRECTION('',(1.,0.));
#1012 = ( GEOMETRIC_REPRESENTATION_CONTEXT(2) 
PARAMETRIC_REPRESENTATION_CONTEXT() REPRESENTATION_CONTEXT('2D SPACE',''
  ) );
#1013 = ORIENTED_EDGE('',*,*,#1014,.T.);
#1014 = EDGE_CURVE('',#987,#929,#1015,.T.);
#1015 = SURFACE_CURVE('',#1016,(#1020,#1027),.PCURVE_S1.);
#1016 = LINE('',#1017,#1018);
#1017 = CARTESIAN_POINT('',(13.5,0.4,0.));
#1018 = VECTOR('',#1019,1.);
#1019 = DIRECTION('',(1.,0.,0.));
#1020 = PCURVE('',#388,#1021);
#1021 = DEFINITIONAL_REPRESENTATION('',(#1022),#1026);
#1022 = LINE('',#1023,#1024);
#1023 = CARTESIAN_POINT('',(13.5,0.4));
#1024 = VECTOR('',#1025,1.);
#1025 = DIRECTION('',(1.,0.));
#1026 = ( GEOMETRIC_REPRESENTATION_CONTEXT(2) 
PARAMETRIC_REPRESENTATION_CONTEXT() REPRESENTATION_CONTEXT('2D SPACE',''
  ) );
#1027 = PCURVE('',#1028,#1033);
#1028 = PLANE('',#1029);
#1029 = AXIS2_PLACEMENT_3D('',#1030,#1031,#1032);
#1030 = CARTESIAN_POINT('',(13.5,0.4,0.));
#1031 = DIRECTION('',(0.,-1.,0.));
#1032 = DIRECTION('',(1.,0.,0.));
#1033 = DEFINITIONAL_REPRESENTATION('',(#1034),#1038);
#1034 = LINE('',#1035,#1036);
#1035 = CARTESIAN_POINT('',(0.,0.));
#1036 = VECTOR('',#1037,1.);
#1037 = DIRECTION('',(1.,0.));
#1038 = ( GEOMETRIC_REPRESENTATION_CONTEXT(2) 
PARAMETRIC_REPRESENTATION_CONTEXT() REPRESENTATION_CONTEXT('2D SPACE',''
  ) );
#1039 = ADVANCED_FACE('',(#1040),#110,.T.);
#1040 = FACE_BOUND('',#1041,.T.);
#1041 = EDGE_LOOP('',(#1042,#1065,#1093,#1119));
#1042 = ORIENTED_EDGE('',*,*,#1043,.T.);
#1043 = EDGE_CURVE('',#62,#1044,#1046,.T.);
#1044 = VERTEX_POINT('',#1045);
#1045 = CARTESIAN_POINT('',(-20.25,7.5,18.5));
#1046 = SURFACE_CURVE('',#1047,(#1051,#1058),.PCURVE_S1.);
#1047 = LINE('',#1048,#1049);
#1048 = CARTESIAN_POINT('',(-20.25,7.5,10.));
#1049 = VECTOR('',#1050,1.);
#1050 = DIRECTION('',(0.,0.,1.));
#1051 = PCURVE('',#110,#1052);
#1052 = DEFINITIONAL_REPRESENTATION('',(#1053),#1057);
#1053 = LINE('',#1054,#1055);
#1054 = CARTESIAN_POINT('',(0.,0.));
#1055 = VECTOR('',#1056,1.);
#1056 = DIRECTION('',(0.,-1.));
#1057 = ( GEOMETRIC_REPRESENTATION_CONTEXT(2) 
PARAMETRIC_REPRESENTATION_CONTEXT() REPRESENTATION_CONTEXT('2D SPACE',''
  ) );
#1058 = PCURVE('',#447,#1059);
#1059 = DEFINITIONAL_REPRESENTATION('',(#1060),#1064);
#1060 = LINE('',#1061,#1062);
#1061 = CARTESIAN_POINT('',(15.,0.));
#1062 = VECTOR('',#1063,1.);
#1063 = DIRECTION('',(0.,-1.));
#1064 = ( GEOMETRIC_REPRESENTATION_CONTEXT(2) 
PARAMETRIC_REPRESENTATION_CONTEXT() REPRESENTATION_CONTEXT('2D SPACE',''
  ) );
#1065 = ORIENTED_EDGE('',*,*,#1066,.T.);
#1066 = EDGE_CURVE('',#1044,#1067,#1069,.T.);
#1067 = VERTEX_POINT('',#1068);
#1068 = CARTESIAN_POINT('',(-18.5,7.5,18.5));
#1069 = SURFACE_CURVE('',#1070,(#1074,#1081),.PCURVE_S1.);
#1070 = LINE('',#1071,#1072);
#1071 = CARTESIAN_POINT('',(-20.25,7.5,18.5));
#1072 = VECTOR('',#1073,1.);
#1073 = DIRECTION('',(1.,0.,0.));
#1074 = PCURVE('',#110,#1075);
#1075 = DEFINITIONAL_REPRESENTATION('',(#1076),#1080);
#1076 = LINE('',#1077,#1078);
#1077 = CARTESIAN_POINT('',(0.,-8.5));
#1078 = VECTOR('',#1079,1.);
#1079 = DIRECTION('',(1.,0.));
#1080 = ( GEOMETRIC_REPRESENTATION_CONTEXT(2) 
PARAMETRIC_REPRESENTATION_CONTEXT() REPRESENTATION_CONTEXT('2D SPACE',''
  ) );
#1081 = PCURVE('',#1082,#1087);
#1082 = PLANE('',#1083);
#1083 = AXIS2_PLACEMENT_3D('',#1084,#1085,#1086);
#1084 = CARTESIAN_POINT('',(0.,0.,18.5));
#1085 = DIRECTION('',(0.,0.,1.));
#1086 = DIRECTION('',(1.,0.,0.));
#1087 = DEFINITIONAL_REPRESENTATION('',(#1088),#1092);
#1088 = LINE('',#1089,#1090);
#1089 = CARTESIAN_POINT('',(-20.25,7.5));
#1090 = VECTOR('',#1091,1.);
#1091 = DIRECTION('',(1.,0.));
#1092 = ( GEOMETRIC_REPRESENTATION_CONTEXT(2) 
PARAMETRIC_REPRESENTATION_CONTEXT() REPRESENTATION_CONTEXT('2D SPACE',''
  ) );
#1093 = ORIENTED_EDGE('',*,*,#1094,.F.);
#1094 = EDGE_CURVE('',#95,#1067,#1095,.T.);
#1095 = SURFACE_CURVE('',#1096,(#1100,#1107),.PCURVE_S1.);
#1096 = LINE('',#1097,#1098);
#1097 = CARTESIAN_POINT('',(-18.5,7.5,10.));
#1098 = VECTOR('',#1099,1.);
#1099 = DIRECTION('',(0.,0.,1.));
#1100 = PCURVE('',#110,#1101);
#1101 = DEFINITIONAL_REPRESENTATION('',(#1102),#1106);
#1102 = LINE('',#1103,#1104);
#1103 = CARTESIAN_POINT('',(1.75,0.));
#1104 = VECTOR('',#1105,1.);
#1105 = DIRECTION('',(0.,-1.));
#1106 = ( GEOMETRIC_REPRESENTATION_CONTEXT(2) 
PARAMETRIC_REPRESENTATION_CONTEXT() REPRESENTATION_CONTEXT('2D SPACE',''
  ) );
#1107 = PCURVE('',#1108,#1113);
#1108 = PLANE('',#1109);
#1109 = AXIS2_PLACEMENT_3D('',#1110,#1111,#1112);
#1110 = CARTESIAN_POINT('',(-18.5,7.5,10.));
#1111 = DIRECTION('',(1.,0.,0.));
#1112 = DIRECTION('',(0.,-1.,0.));
#1113 = DEFINITIONAL_REPRESENTATION('',(#1114),#1118);
#1114 = LINE('',#1115,#1116);
#1115 = CARTESIAN_POINT('',(0.,0.));
#1116 = VECTOR('',#1117,1.);
#1117 = DIRECTION('',(0.,-1.));
#1118 = ( GEOMETRIC_REPRESENTATION_CONTEXT(2) 
PARAMETRIC_REPRESENTATION_CONTEXT() REPRESENTATION_CONTEXT('2D SPACE',''
  ) );
#1119 = ORIENTED_EDGE('',*,*,#94,.F.);
#1120 = ADVANCED_FACE('',(#1121,#1196),#138,.T.);
#1121 = FACE_BOUND('',#1122,.T.);
#1122 = EDGE_LOOP('',(#1123,#1124,#1147,#1170));
#1123 = ORIENTED_EDGE('',*,*,#122,.F.);
#1124 = ORIENTED_EDGE('',*,*,#1125,.T.);
#1125 = EDGE_CURVE('',#95,#1126,#1128,.T.);
#1126 = VERTEX_POINT('',#1127);
#1127 = CARTESIAN_POINT('',(-18.5,-7.5,10.));
#1128 = SURFACE_CURVE('',#1129,(#1133,#1140),.PCURVE_S1.);
#1129 = LINE('',#1130,#1131);
#1130 = CARTESIAN_POINT('',(-18.5,7.5,10.));
#1131 = VECTOR('',#1132,1.);
#1132 = DIRECTION('',(0.,-1.,0.));
#1133 = PCURVE('',#138,#1134);
#1134 = DEFINITIONAL_REPRESENTATION('',(#1135),#1139);
#1135 = LINE('',#1136,#1137);
#1136 = CARTESIAN_POINT('',(-18.5,7.5));
#1137 = VECTOR('',#1138,1.);
#1138 = DIRECTION('',(0.,-1.));
#1139 = ( GEOMETRIC_REPRESENTATION_CONTEXT(2) 
PARAMETRIC_REPRESENTATION_CONTEXT() REPRESENTATION_CONTEXT('2D SPACE',''
  ) );
#1140 = PCURVE('',#1108,#1141);
#1141 = DEFINITIONAL_REPRESENTATION('',(#1142),#1146);
#1142 = LINE('',#1143,#1144);
#1143 = CARTESIAN_POINT('',(0.,0.));
#1144 = VECTOR('',#1145,1.);
#1145 = DIRECTION('',(1.,0.));
#1146 = ( GEOMETRIC_REPRESENTATION_CONTEXT(2) 
PARAMETRIC_REPRESENTATION_CONTEXT() REPRESENTATION_CONTEXT('2D SPACE',''
  ) );
#1147 = ORIENTED_EDGE('',*,*,#1148,.F.);
#1148 = EDGE_CURVE('',#1149,#1126,#1151,.T.);
#1149 = VERTEX_POINT('',#1150);
#1150 = CARTESIAN_POINT('',(-10.,-7.5,10.));
#1151 = SURFACE_CURVE('',#1152,(#1156,#1163),.PCURVE_S1.);
#1152 = LINE('',#1153,#1154);
#1153 = CARTESIAN_POINT('',(20.25,-7.5,10.));
#1154 = VECTOR('',#1155,1.);
#1155 = DIRECTION('',(-1.,0.,0.));
#1156 = PCURVE('',#138,#1157);
#1157 = DEFINITIONAL_REPRESENTATION('',(#1158),#1162);
#1158 = LINE('',#1159,#1160);
#1159 = CARTESIAN_POINT('',(20.25,-7.5));
#1160 = VECTOR('',#1161,1.);
#1161 = DIRECTION('',(-1.,0.));
#1162 = ( GEOMETRIC_REPRESENTATION_CONTEXT(2) 
PARAMETRIC_REPRESENTATION_CONTEXT() REPRESENTATION_CONTEXT('2D SPACE',''
  ) );
#1163 = PCURVE('',#421,#1164);
#1164 = DEFINITIONAL_REPRESENTATION('',(#1165),#1169);
#1165 = LINE('',#1166,#1167);
#1166 = CARTESIAN_POINT('',(0.,-10.));
#1167 = VECTOR('',#1168,1.);
#1168 = DIRECTION('',(1.,0.));
#1169 = ( GEOMETRIC_REPRESENTATION_CONTEXT(2) 
PARAMETRIC_REPRESENTATION_CONTEXT() REPRESENTATION_CONTEXT('2D SPACE',''
  ) );
#1170 = ORIENTED_EDGE('',*,*,#1171,.F.);
#1171 = EDGE_CURVE('',#123,#1149,#1172,.T.);
#1172 = SURFACE_CURVE('',#1173,(#1177,#1184),.PCURVE_S1.);
#1173 = LINE('',#1174,#1175);
#1174 = CARTESIAN_POINT('',(-10.,7.5,10.));
#1175 = VECTOR('',#1176,1.);
#1176 = DIRECTION('',(0.,-1.,0.));
#1177 = PCURVE('',#138,#1178);
#1178 = DEFINITIONAL_REPRESENTATION('',(#1179),#1183);
#1179 = LINE('',#1180,#1181);
#1180 = CARTESIAN_POINT('',(-10.,7.5));
#1181 = VECTOR('',#1182,1.);
#1182 = DIRECTION('',(0.,-1.));
#1183 = ( GEOMETRIC_REPRESENTATION_CONTEXT(2) 
PARAMETRIC_REPRESENTATION_CONTEXT() REPRESENTATION_CONTEXT('2D SPACE',''
  ) );
#1184 = PCURVE('',#1185,#1190);
#1185 = PLANE('',#1186);
#1186 = AXIS2_PLACEMENT_3D('',#1187,#1188,#1189);
#1187 = CARTESIAN_POINT('',(-10.,7.5,10.));
#1188 = DIRECTION('',(1.,0.,0.));
#1189 = DIRECTION('',(0.,-1.,0.));
#1190 = DEFINITIONAL_REPRESENTATION('',(#1191),#1195);
#1191 = LINE('',#1192,#1193);
#1192 = CARTESIAN_POINT('',(0.,0.));
#1193 = VECTOR('',#1194,1.);
#1194 = DIRECTION('',(1.,0.));
#1195 = ( GEOMETRIC_REPRESENTATION_CONTEXT(2) 
PARAMETRIC_REPRESENTATION_CONTEXT() REPRESENTATION_CONTEXT('2D SPACE',''
  ) );
#1196 = FACE_BOUND('',#1197,.T.);
#1197 = EDGE_LOOP('',(#1198));
#1198 = ORIENTED_EDGE('',*,*,#1199,.F.);
#1199 = EDGE_CURVE('',#1200,#1200,#1202,.T.);
#1200 = VERTEX_POINT('',#1201);
#1201 = CARTESIAN_POINT('',(-13.05,0.,10.));
#1202 = SURFACE_CURVE('',#1203,(#1208,#1215),.PCURVE_S1.);
#1203 = CIRCLE('',#1204,1.2);
#1204 = AXIS2_PLACEMENT_3D('',#1205,#1206,#1207);
#1205 = CARTESIAN_POINT('',(-14.25,0.,10.));
#1206 = DIRECTION('',(0.,0.,1.));
#1207 = DIRECTION('',(1.,0.,0.));
#1208 = PCURVE('',#138,#1209);
#1209 = DEFINITIONAL_REPRESENTATION('',(#1210),#1214);
#1210 = CIRCLE('',#1211,1.2);
#1211 = AXIS2_PLACEMENT_2D('',#1212,#1213);
#1212 = CARTESIAN_POINT('',(-14.25,-6.4E-16));
#1213 = DIRECTION('',(1.,0.));
#1214 = ( GEOMETRIC_REPRESENTATION_CONTEXT(2) 
PARAMETRIC_REPRESENTATION_CONTEXT() REPRESENTATION_CONTEXT('2D SPACE',''
  ) );
#1215 = PCURVE('',#1216,#1221);
#1216 = CYLINDRICAL_SURFACE('',#1217,1.2);
#1217 = AXIS2_PLACEMENT_3D('',#1218,#1219,#1220);
#1218 = CARTESIAN_POINT('',(-14.25,0.,10.));
#1219 = DIRECTION('',(0.,0.,1.));
#1220 = DIRECTION('',(1.,0.,-0.));
#1221 = DEFINITIONAL_REPRESENTATION('',(#1222),#1226);
#1222 = LINE('',#1223,#1224);
#1223 = CARTESIAN_POINT('',(0.,0.));
#1224 = VECTOR('',#1225,1.);
#1225 = DIRECTION('',(1.,0.));
#1226 = ( GEOMETRIC_REPRESENTATION_CONTEXT(2) 
PARAMETRIC_REPRESENTATION_CONTEXT() REPRESENTATION_CONTEXT('2D SPACE',''
  ) );
#1227 = ADVANCED_FACE('',(#1228),#166,.F.);
#1228 = FACE_BOUND('',#1229,.F.);
#1229 = EDGE_LOOP('',(#1230,#1258,#1286,#1307));
#1230 = ORIENTED_EDGE('',*,*,#1231,.T.);
#1231 = EDGE_CURVE('',#151,#1232,#1234,.T.);
#1232 = VERTEX_POINT('',#1233);
#1233 = CARTESIAN_POINT('',(-9.,7.5,18.5));
#1234 = SURFACE_CURVE('',#1235,(#1239,#1246),.PCURVE_S1.);
#1235 = LINE('',#1236,#1237);
#1236 = CARTESIAN_POINT('',(-9.,7.5,10.));
#1237 = VECTOR('',#1238,1.);
#1238 = DIRECTION('',(0.,0.,1.));
#1239 = PCURVE('',#166,#1240);
#1240 = DEFINITIONAL_REPRESENTATION('',(#1241),#1245);
#1241 = LINE('',#1242,#1243);
#1242 = CARTESIAN_POINT('',(0.,-0.));
#1243 = VECTOR('',#1244,1.);
#1244 = DIRECTION('',(0.,-1.));
#1245 = ( GEOMETRIC_REPRESENTATION_CONTEXT(2) 
PARAMETRIC_REPRESENTATION_CONTEXT() REPRESENTATION_CONTEXT('2D SPACE',''
  ) );
#1246 = PCURVE('',#1247,#1252);
#1247 = PLANE('',#1248);
#1248 = AXIS2_PLACEMENT_3D('',#1249,#1250,#1251);
#1249 = CARTESIAN_POINT('',(-9.,-7.5,10.));
#1250 = DIRECTION('',(-1.,0.,0.));
#1251 = DIRECTION('',(0.,1.,0.));
#1252 = DEFINITIONAL_REPRESENTATION('',(#1253),#1257);
#1253 = LINE('',#1254,#1255);
#1254 = CARTESIAN_POINT('',(15.,0.));
#1255 = VECTOR('',#1256,1.);
#1256 = DIRECTION('',(0.,-1.));
#1257 = ( GEOMETRIC_REPRESENTATION_CONTEXT(2) 
PARAMETRIC_REPRESENTATION_CONTEXT() REPRESENTATION_CONTEXT('2D SPACE',''
  ) );
#1258 = ORIENTED_EDGE('',*,*,#1259,.T.);
#1259 = EDGE_CURVE('',#1232,#1260,#1262,.T.);
#1260 = VERTEX_POINT('',#1261);
#1261 = CARTESIAN_POINT('',(-10.,7.5,18.5));
#1262 = SURFACE_CURVE('',#1263,(#1267,#1274),.PCURVE_S1.);
#1263 = LINE('',#1264,#1265);
#1264 = CARTESIAN_POINT('',(-9.,7.5,18.5));
#1265 = VECTOR('',#1266,1.);
#1266 = DIRECTION('',(-1.,0.,0.));
#1267 = PCURVE('',#166,#1268);
#1268 = DEFINITIONAL_REPRESENTATION('',(#1269),#1273);
#1269 = LINE('',#1270,#1271);
#1270 = CARTESIAN_POINT('',(0.,-8.5));
#1271 = VECTOR('',#1272,1.);
#1272 = DIRECTION('',(1.,0.));
#1273 = ( GEOMETRIC_REPRESENTATION_CONTEXT(2) 
PARAMETRIC_REPRESENTATION_CONTEXT() REPRESENTATION_CONTEXT('2D SPACE',''
  ) );
#1274 = PCURVE('',#1275,#1280);
#1275 = PLANE('',#1276);
#1276 = AXIS2_PLACEMENT_3D('',#1277,#1278,#1279);
#1277 = CARTESIAN_POINT('',(0.,0.,18.5));
#1278 = DIRECTION('',(0.,0.,1.));
#1279 = DIRECTION('',(1.,0.,0.));
#1280 = DEFINITIONAL_REPRESENTATION('',(#1281),#1285);
#1281 = LINE('',#1282,#1283);
#1282 = CARTESIAN_POINT('',(-9.,7.5));
#1283 = VECTOR('',#1284,1.);
#1284 = DIRECTION('',(-1.,0.));
#1285 = ( GEOMETRIC_REPRESENTATION_CONTEXT(2) 
PARAMETRIC_REPRESENTATION_CONTEXT() REPRESENTATION_CONTEXT('2D SPACE',''
  ) );
#1286 = ORIENTED_EDGE('',*,*,#1287,.F.);
#1287 = EDGE_CURVE('',#123,#1260,#1288,.T.);
#1288 = SURFACE_CURVE('',#1289,(#1293,#1300),.PCURVE_S1.);
#1289 = LINE('',#1290,#1291);
#1290 = CARTESIAN_POINT('',(-10.,7.5,10.));
#1291 = VECTOR('',#1292,1.);
#1292 = DIRECTION('',(0.,0.,1.));
#1293 = PCURVE('',#166,#1294);
#1294 = DEFINITIONAL_REPRESENTATION('',(#1295),#1299);
#1295 = LINE('',#1296,#1297);
#1296 = CARTESIAN_POINT('',(1.,0.));
#1297 = VECTOR('',#1298,1.);
#1298 = DIRECTION('',(0.,-1.));
#1299 = ( GEOMETRIC_REPRESENTATION_CONTEXT(2) 
PARAMETRIC_REPRESENTATION_CONTEXT() REPRESENTATION_CONTEXT('2D SPACE',''
  ) );
#1300 = PCURVE('',#1185,#1301);
#1301 = DEFINITIONAL_REPRESENTATION('',(#1302),#1306);
#1302 = LINE('',#1303,#1304);
#1303 = CARTESIAN_POINT('',(0.,0.));
#1304 = VECTOR('',#1305,1.);
#1305 = DIRECTION('',(0.,-1.));
#1306 = ( GEOMETRIC_REPRESENTATION_CONTEXT(2) 
PARAMETRIC_REPRESENTATION_CONTEXT() REPRESENTATION_CONTEXT('2D SPACE',''
  ) );
#1307 = ORIENTED_EDGE('',*,*,#150,.F.);
#1308 = ADVANCED_FACE('',(#1309,#1384),#194,.T.);
#1309 = FACE_BOUND('',#1310,.T.);
#1310 = EDGE_LOOP('',(#1311,#1312,#1335,#1358));
#1311 = ORIENTED_EDGE('',*,*,#178,.F.);
#1312 = ORIENTED_EDGE('',*,*,#1313,.F.);
#1313 = EDGE_CURVE('',#1314,#151,#1316,.T.);
#1314 = VERTEX_POINT('',#1315);
#1315 = CARTESIAN_POINT('',(-9.,-7.5,10.));
#1316 = SURFACE_CURVE('',#1317,(#1321,#1328),.PCURVE_S1.);
#1317 = LINE('',#1318,#1319);
#1318 = CARTESIAN_POINT('',(-9.,-7.5,10.));
#1319 = VECTOR('',#1320,1.);
#1320 = DIRECTION('',(0.,1.,0.));
#1321 = PCURVE('',#194,#1322);
#1322 = DEFINITIONAL_REPRESENTATION('',(#1323),#1327);
#1323 = LINE('',#1324,#1325);
#1324 = CARTESIAN_POINT('',(-9.,-7.5));
#1325 = VECTOR('',#1326,1.);
#1326 = DIRECTION('',(0.,1.));
#1327 = ( GEOMETRIC_REPRESENTATION_CONTEXT(2) 
PARAMETRIC_REPRESENTATION_CONTEXT() REPRESENTATION_CONTEXT('2D SPACE',''
  ) );
#1328 = PCURVE('',#1247,#1329);
#1329 = DEFINITIONAL_REPRESENTATION('',(#1330),#1334);
#1330 = LINE('',#1331,#1332);
#1331 = CARTESIAN_POINT('',(0.,0.));
#1332 = VECTOR('',#1333,1.);
#1333 = DIRECTION('',(1.,0.));
#1334 = ( GEOMETRIC_REPRESENTATION_CONTEXT(2) 
PARAMETRIC_REPRESENTATION_CONTEXT() REPRESENTATION_CONTEXT('2D SPACE',''
  ) );
#1335 = ORIENTED_EDGE('',*,*,#1336,.F.);
#1336 = EDGE_CURVE('',#1337,#1314,#1339,.T.);
#1337 = VERTEX_POINT('',#1338);
#1338 = CARTESIAN_POINT('',(-0.5,-7.5,10.));
#1339 = SURFACE_CURVE('',#1340,(#1344,#1351),.PCURVE_S1.);
#1340 = LINE('',#1341,#1342);
#1341 = CARTESIAN_POINT('',(20.25,-7.5,10.));
#1342 = VECTOR('',#1343,1.);
#1343 = DIRECTION('',(-1.,0.,0.));
#1344 = PCURVE('',#194,#1345);
#1345 = DEFINITIONAL_REPRESENTATION('',(#1346),#1350);
#1346 = LINE('',#1347,#1348);
#1347 = CARTESIAN_POINT('',(20.25,-7.5));
#1348 = VECTOR('',#1349,1.);
#1349 = DIRECTION('',(-1.,0.));
#1350 = ( GEOMETRIC_REPRESENTATION_CONTEXT(2) 
PARAMETRIC_REPRESENTATION_CONTEXT() REPRESENTATION_CONTEXT('2D SPACE',''
  ) );
#1351 = PCURVE('',#421,#1352);
#1352 = DEFINITIONAL_REPRESENTATION('',(#1353),#1357);
#1353 = LINE('',#1354,#1355);
#1354 = CARTESIAN_POINT('',(0.,-10.));
#1355 = VECTOR('',#1356,1.);
#1356 = DIRECTION('',(1.,0.));
#1357 = ( GEOMETRIC_REPRESENTATION_CONTEXT(2) 
PARAMETRIC_REPRESENTATION_CONTEXT() REPRESENTATION_CONTEXT('2D SPACE',''
  ) );
#1358 = ORIENTED_EDGE('',*,*,#1359,.F.);
#1359 = EDGE_CURVE('',#179,#1337,#1360,.T.);
#1360 = SURFACE_CURVE('',#1361,(#1365,#1372),.PCURVE_S1.);
#1361 = LINE('',#1362,#1363);
#1362 = CARTESIAN_POINT('',(-0.5,7.5,10.));
#1363 = VECTOR('',#1364,1.);
#1364 = DIRECTION('',(0.,-1.,0.));
#1365 = PCURVE('',#194,#1366);
#1366 = DEFINITIONAL_REPRESENTATION('',(#1367),#1371);
#1367 = LINE('',#1368,#1369);
#1368 = CARTESIAN_POINT('',(-0.5,7.5));
#1369 = VECTOR('',#1370,1.);
#1370 = DIRECTION('',(0.,-1.));
#1371 = ( GEOMETRIC_REPRESENTATION_CONTEXT(2) 
PARAMETRIC_REPRESENTATION_CONTEXT() REPRESENTATION_CONTEXT('2D SPACE',''
  ) );
#1372 = PCURVE('',#1373,#1378);
#1373 = PLANE('',#1374);
#1374 = AXIS2_PLACEMENT_3D('',#1375,#1376,#1377);
#1375 = CARTESIAN_POINT('',(-0.5,7.5,10.));
#1376 = DIRECTION('',(1.,0.,0.));
#1377 = DIRECTION('',(0.,-1.,0.));
#1378 = DEFINITIONAL_REPRESENTATION('',(#1379),#1383);
#1379 = LINE('',#1380,#1381);
#1380 = CARTESIAN_POINT('',(0.,0.));
#1381 = VECTOR('',#1382,1.);
#1382 = DIRECTION('',(1.,0.));
#1383 = ( GEOMETRIC_REPRESENTATION_CONTEXT(2) 
PARAMETRIC_REPRESENTATION_CONTEXT() REPRESENTATION_CONTEXT('2D SPACE',''
  ) );
#1384 = FACE_BOUND('',#1385,.T.);
#1385 = EDGE_LOOP('',(#1386));
#1386 = ORIENTED_EDGE('',*,*,#1387,.F.);
#1387 = EDGE_CURVE('',#1388,#1388,#1390,.T.);
#1388 = VERTEX_POINT('',#1389);
#1389 = CARTESIAN_POINT('',(-3.55,0.,10.));
#1390 = SURFACE_CURVE('',#1391,(#1396,#1403),.PCURVE_S1.);
#1391 = CIRCLE('',#1392,1.2);
#1392 = AXIS2_PLACEMENT_3D('',#1393,#1394,#1395);
#1393 = CARTESIAN_POINT('',(-4.75,0.,10.));
#1394 = DIRECTION('',(0.,0.,1.));
#1395 = DIRECTION('',(1.,0.,0.));
#1396 = PCURVE('',#194,#1397);
#1397 = DEFINITIONAL_REPRESENTATION('',(#1398),#1402);
#1398 = CIRCLE('',#1399,1.2);
#1399 = AXIS2_PLACEMENT_2D('',#1400,#1401);
#1400 = CARTESIAN_POINT('',(-4.75,-6.4E-16));
#1401 = DIRECTION('',(1.,0.));
#1402 = ( GEOMETRIC_REPRESENTATION_CONTEXT(2) 
PARAMETRIC_REPRESENTATION_CONTEXT() REPRESENTATION_CONTEXT('2D SPACE',''
  ) );
#1403 = PCURVE('',#1404,#1409);
#1404 = CYLINDRICAL_SURFACE('',#1405,1.2);
#1405 = AXIS2_PLACEMENT_3D('',#1406,#1407,#1408);
#1406 = CARTESIAN_POINT('',(-4.75,0.,10.));
#1407 = DIRECTION('',(0.,0.,1.));
#1408 = DIRECTION('',(1.,0.,-0.));
#1409 = DEFINITIONAL_REPRESENTATION('',(#1410),#1414);
#1410 = LINE('',#1411,#1412);
#1411 = CARTESIAN_POINT('',(0.,0.));
#1412 = VECTOR('',#1413,1.);
#1413 = DIRECTION('',(1.,0.));
#1414 = ( GEOMETRIC_REPRESENTATION_CONTEXT(2) 
PARAMETRIC_REPRESENTATION_CONTEXT() REPRESENTATION_CONTEXT('2D SPACE',''
  ) );
#1415 = ADVANCED_FACE('',(#1416),#222,.F.);
#1416 = FACE_BOUND('',#1417,.F.);
#1417 = EDGE_LOOP('',(#1418,#1446,#1474,#1495));
#1418 = ORIENTED_EDGE('',*,*,#1419,.T.);
#1419 = EDGE_CURVE('',#207,#1420,#1422,.T.);
#1420 = VERTEX_POINT('',#1421);
#1421 = CARTESIAN_POINT('',(0.5,7.5,18.5));
#1422 = SURFACE_CURVE('',#1423,(#1427,#1434),.PCURVE_S1.);
#1423 = LINE('',#1424,#1425);
#1424 = CARTESIAN_POINT('',(0.5,7.5,10.));
#1425 = VECTOR('',#1426,1.);
#1426 = DIRECTION('',(0.,0.,1.));
#1427 = PCURVE('',#222,#1428);
#1428 = DEFINITIONAL_REPRESENTATION('',(#1429),#1433);
#1429 = LINE('',#1430,#1431);
#1430 = CARTESIAN_POINT('',(0.,-0.));
#1431 = VECTOR('',#1432,1.);
#1432 = DIRECTION('',(0.,-1.));
#1433 = ( GEOMETRIC_REPRESENTATION_CONTEXT(2) 
PARAMETRIC_REPRESENTATION_CONTEXT() REPRESENTATION_CONTEXT('2D SPACE',''
  ) );
#1434 = PCURVE('',#1435,#1440);
#1435 = PLANE('',#1436);
#1436 = AXIS2_PLACEMENT_3D('',#1437,#1438,#1439);
#1437 = CARTESIAN_POINT('',(0.5,-7.5,10.));
#1438 = DIRECTION('',(-1.,0.,0.));
#1439 = DIRECTION('',(0.,1.,0.));
#1440 = DEFINITIONAL_REPRESENTATION('',(#1441),#1445);
#1441 = LINE('',#1442,#1443);
#1442 = CARTESIAN_POINT('',(15.,0.));
#1443 = VECTOR('',#1444,1.);
#1444 = DIRECTION('',(0.,-1.));
#1445 = ( GEOMETRIC_REPRESENTATION_CONTEXT(2) 
PARAMETRIC_REPRESENTATION_CONTEXT() REPRESENTATION_CONTEXT('2D SPACE',''
  ) );
#1446 = ORIENTED_EDGE('',*,*,#1447,.T.);
#1447 = EDGE_CURVE('',#1420,#1448,#1450,.T.);
#1448 = VERTEX_POINT('',#1449);
#1449 = CARTESIAN_POINT('',(-0.5,7.5,18.5));
#1450 = SURFACE_CURVE('',#1451,(#1455,#1462),.PCURVE_S1.);
#1451 = LINE('',#1452,#1453);
#1452 = CARTESIAN_POINT('',(0.5,7.5,18.5));
#1453 = VECTOR('',#1454,1.);
#1454 = DIRECTION('',(-1.,0.,0.));
#1455 = PCURVE('',#222,#1456);
#1456 = DEFINITIONAL_REPRESENTATION('',(#1457),#1461);
#1457 = LINE('',#1458,#1459);
#1458 = CARTESIAN_POINT('',(0.,-8.5));
#1459 = VECTOR('',#1460,1.);
#1460 = DIRECTION('',(1.,0.));
#1461 = ( GEOMETRIC_REPRESENTATION_CONTEXT(2) 
PARAMETRIC_REPRESENTATION_CONTEXT() REPRESENTATION_CONTEXT('2D SPACE',''
  ) );
#1462 = PCURVE('',#1463,#1468);
#1463 = PLANE('',#1464);
#1464 = AXIS2_PLACEMENT_3D('',#1465,#1466,#1467);
#1465 = CARTESIAN_POINT('',(0.,0.,18.5));
#1466 = DIRECTION('',(0.,0.,1.));
#1467 = DIRECTION('',(1.,0.,0.));
#1468 = DEFINITIONAL_REPRESENTATION('',(#1469),#1473);
#1469 = LINE('',#1470,#1471);
#1470 = CARTESIAN_POINT('',(0.5,7.5));
#1471 = VECTOR('',#1472,1.);
#1472 = DIRECTION('',(-1.,0.));
#1473 = ( GEOMETRIC_REPRESENTATION_CONTEXT(2) 
PARAMETRIC_REPRESENTATION_CONTEXT() REPRESENTATION_CONTEXT('2D SPACE',''
  ) );
#1474 = ORIENTED_EDGE('',*,*,#1475,.F.);
#1475 = EDGE_CURVE('',#179,#1448,#1476,.T.);
#1476 = SURFACE_CURVE('',#1477,(#1481,#1488),.PCURVE_S1.);
#1477 = LINE('',#1478,#1479);
#1478 = CARTESIAN_POINT('',(-0.5,7.5,10.));
#1479 = VECTOR('',#1480,1.);
#1480 = DIRECTION('',(0.,0.,1.));
#1481 = PCURVE('',#222,#1482);
#1482 = DEFINITIONAL_REPRESENTATION('',(#1483),#1487);
#1483 = LINE('',#1484,#1485);
#1484 = CARTESIAN_POINT('',(1.,0.));
#1485 = VECTOR('',#1486,1.);
#1486 = DIRECTION('',(0.,-1.));
#1487 = ( GEOMETRIC_REPRESENTATION_CONTEXT(2) 
PARAMETRIC_REPRESENTATION_CONTEXT() REPRESENTATION_CONTEXT('2D SPACE',''
  ) );
#1488 = PCURVE('',#1373,#1489);
#1489 = DEFINITIONAL_REPRESENTATION('',(#1490),#1494);
#1490 = LINE('',#1491,#1492);
#1491 = CARTESIAN_POINT('',(0.,0.));
#1492 = VECTOR('',#1493,1.);
#1493 = DIRECTION('',(0.,-1.));
#1494 = ( GEOMETRIC_REPRESENTATION_CONTEXT(2) 
PARAMETRIC_REPRESENTATION_CONTEXT() REPRESENTATION_CONTEXT('2D SPACE',''
  ) );
#1495 = ORIENTED_EDGE('',*,*,#206,.F.);
#1496 = ADVANCED_FACE('',(#1497,#1572),#250,.T.);
#1497 = FACE_BOUND('',#1498,.T.);
#1498 = EDGE_LOOP('',(#1499,#1500,#1523,#1546));
#1499 = ORIENTED_EDGE('',*,*,#234,.F.);
#1500 = ORIENTED_EDGE('',*,*,#1501,.F.);
#1501 = EDGE_CURVE('',#1502,#207,#1504,.T.);
#1502 = VERTEX_POINT('',#1503);
#1503 = CARTESIAN_POINT('',(0.5,-7.5,10.));
#1504 = SURFACE_CURVE('',#1505,(#1509,#1516),.PCURVE_S1.);
#1505 = LINE('',#1506,#1507);
#1506 = CARTESIAN_POINT('',(0.5,-7.5,10.));
#1507 = VECTOR('',#1508,1.);
#1508 = DIRECTION('',(0.,1.,0.));
#1509 = PCURVE('',#250,#1510);
#1510 = DEFINITIONAL_REPRESENTATION('',(#1511),#1515);
#1511 = LINE('',#1512,#1513);
#1512 = CARTESIAN_POINT('',(0.5,-7.5));
#1513 = VECTOR('',#1514,1.);
#1514 = DIRECTION('',(0.,1.));
#1515 = ( GEOMETRIC_REPRESENTATION_CONTEXT(2) 
PARAMETRIC_REPRESENTATION_CONTEXT() REPRESENTATION_CONTEXT('2D SPACE',''
  ) );
#1516 = PCURVE('',#1435,#1517);
#1517 = DEFINITIONAL_REPRESENTATION('',(#1518),#1522);
#1518 = LINE('',#1519,#1520);
#1519 = CARTESIAN_POINT('',(0.,0.));
#1520 = VECTOR('',#1521,1.);
#1521 = DIRECTION('',(1.,0.));
#1522 = ( GEOMETRIC_REPRESENTATION_CONTEXT(2) 
PARAMETRIC_REPRESENTATION_CONTEXT() REPRESENTATION_CONTEXT('2D SPACE',''
  ) );
#1523 = ORIENTED_EDGE('',*,*,#1524,.F.);
#1524 = EDGE_CURVE('',#1525,#1502,#1527,.T.);
#1525 = VERTEX_POINT('',#1526);
#1526 = CARTESIAN_POINT('',(9.,-7.5,10.));
#1527 = SURFACE_CURVE('',#1528,(#1532,#1539),.PCURVE_S1.);
#1528 = LINE('',#1529,#1530);
#1529 = CARTESIAN_POINT('',(20.25,-7.5,10.));
#1530 = VECTOR('',#1531,1.);
#1531 = DIRECTION('',(-1.,0.,0.));
#1532 = PCURVE('',#250,#1533);
#1533 = DEFINITIONAL_REPRESENTATION('',(#1534),#1538);
#1534 = LINE('',#1535,#1536);
#1535 = CARTESIAN_POINT('',(20.25,-7.5));
#1536 = VECTOR('',#1537,1.);
#1537 = DIRECTION('',(-1.,0.));
#1538 = ( GEOMETRIC_REPRESENTATION_CONTEXT(2) 
PARAMETRIC_REPRESENTATION_CONTEXT() REPRESENTATION_CONTEXT('2D SPACE',''
  ) );
#1539 = PCURVE('',#421,#1540);
#1540 = DEFINITIONAL_REPRESENTATION('',(#1541),#1545);
#1541 = LINE('',#1542,#1543);
#1542 = CARTESIAN_POINT('',(0.,-10.));
#1543 = VECTOR('',#1544,1.);
#1544 = DIRECTION('',(1.,0.));
#1545 = ( GEOMETRIC_REPRESENTATION_CONTEXT(2) 
PARAMETRIC_REPRESENTATION_CONTEXT() REPRESENTATION_CONTEXT('2D SPACE',''
  ) );
#1546 = ORIENTED_EDGE('',*,*,#1547,.T.);
#1547 = EDGE_CURVE('',#1525,#235,#1548,.T.);
#1548 = SURFACE_CURVE('',#1549,(#1553,#1560),.PCURVE_S1.);
#1549 = LINE('',#1550,#1551);
#1550 = CARTESIAN_POINT('',(9.,-7.5,10.));
#1551 = VECTOR('',#1552,1.);
#1552 = DIRECTION('',(0.,1.,0.));
#1553 = PCURVE('',#250,#1554);
#1554 = DEFINITIONAL_REPRESENTATION('',(#1555),#1559);
#1555 = LINE('',#1556,#1557);
#1556 = CARTESIAN_POINT('',(9.,-7.5));
#1557 = VECTOR('',#1558,1.);
#1558 = DIRECTION('',(0.,1.));
#1559 = ( GEOMETRIC_REPRESENTATION_CONTEXT(2) 
PARAMETRIC_REPRESENTATION_CONTEXT() REPRESENTATION_CONTEXT('2D SPACE',''
  ) );
#1560 = PCURVE('',#1561,#1566);
#1561 = PLANE('',#1562);
#1562 = AXIS2_PLACEMENT_3D('',#1563,#1564,#1565);
#1563 = CARTESIAN_POINT('',(9.,-7.5,10.));
#1564 = DIRECTION('',(-1.,0.,0.));
#1565 = DIRECTION('',(0.,1.,0.));
#1566 = DEFINITIONAL_REPRESENTATION('',(#1567),#1571);
#1567 = LINE('',#1568,#1569);
#1568 = CARTESIAN_POINT('',(0.,0.));
#1569 = VECTOR('',#1570,1.);
#1570 = DIRECTION('',(1.,0.));
#1571 = ( GEOMETRIC_REPRESENTATION_CONTEXT(2) 
PARAMETRIC_REPRESENTATION_CONTEXT() REPRESENTATION_CONTEXT('2D SPACE',''
  ) );
#1572 = FACE_BOUND('',#1573,.T.);
#1573 = EDGE_LOOP('',(#1574));
#1574 = ORIENTED_EDGE('',*,*,#1575,.F.);
#1575 = EDGE_CURVE('',#1576,#1576,#1578,.T.);
#1576 = VERTEX_POINT('',#1577);
#1577 = CARTESIAN_POINT('',(5.95,0.,10.));
#1578 = SURFACE_CURVE('',#1579,(#1584,#1591),.PCURVE_S1.);
#1579 = CIRCLE('',#1580,1.2);
#1580 = AXIS2_PLACEMENT_3D('',#1581,#1582,#1583);
#1581 = CARTESIAN_POINT('',(4.75,0.,10.));
#1582 = DIRECTION('',(0.,0.,1.));
#1583 = DIRECTION('',(1.,0.,0.));
#1584 = PCURVE('',#250,#1585);
#1585 = DEFINITIONAL_REPRESENTATION('',(#1586),#1590);
#1586 = CIRCLE('',#1587,1.2);
#1587 = AXIS2_PLACEMENT_2D('',#1588,#1589);
#1588 = CARTESIAN_POINT('',(4.75,-6.4E-16));
#1589 = DIRECTION('',(1.,0.));
#1590 = ( GEOMETRIC_REPRESENTATION_CONTEXT(2) 
PARAMETRIC_REPRESENTATION_CONTEXT() REPRESENTATION_CONTEXT('2D SPACE',''
  ) );
#1591 = PCURVE('',#1592,#1597);
#1592 = CYLINDRICAL_SURFACE('',#1593,1.2);
#1593 = AXIS2_PLACEMENT_3D('',#1594,#1595,#1596);
#1594 = CARTESIAN_POINT('',(4.75,0.,10.));
#1595 = DIRECTION('',(0.,0.,1.));
#1596 = DIRECTION('',(1.,0.,-0.));
#1597 = DEFINITIONAL_REPRESENTATION('',(#1598),#1602);
#1598 = LINE('',#1599,#1600);
#1599 = CARTESIAN_POINT('',(0.,0.));
#1600 = VECTOR('',#1601,1.);
#1601 = DIRECTION('',(1.,0.));
#1602 = ( GEOMETRIC_REPRESENTATION_CONTEXT(2) 
PARAMETRIC_REPRESENTATION_CONTEXT() REPRESENTATION_CONTEXT('2D SPACE',''
  ) );
#1603 = ADVANCED_FACE('',(#1604),#278,.T.);
#1604 = FACE_BOUND('',#1605,.T.);
#1605 = EDGE_LOOP('',(#1606,#1629,#1657,#1683));
#1606 = ORIENTED_EDGE('',*,*,#1607,.T.);
#1607 = EDGE_CURVE('',#235,#1608,#1610,.T.);
#1608 = VERTEX_POINT('',#1609);
#1609 = CARTESIAN_POINT('',(9.,7.5,18.5));
#1610 = SURFACE_CURVE('',#1611,(#1615,#1622),.PCURVE_S1.);
#1611 = LINE('',#1612,#1613);
#1612 = CARTESIAN_POINT('',(9.,7.5,10.));
#1613 = VECTOR('',#1614,1.);
#1614 = DIRECTION('',(0.,0.,1.));
#1615 = PCURVE('',#278,#1616);
#1616 = DEFINITIONAL_REPRESENTATION('',(#1617),#1621);
#1617 = LINE('',#1618,#1619);
#1618 = CARTESIAN_POINT('',(0.,0.));
#1619 = VECTOR('',#1620,1.);
#1620 = DIRECTION('',(0.,-1.));
#1621 = ( GEOMETRIC_REPRESENTATION_CONTEXT(2) 
PARAMETRIC_REPRESENTATION_CONTEXT() REPRESENTATION_CONTEXT('2D SPACE',''
  ) );
#1622 = PCURVE('',#1561,#1623);
#1623 = DEFINITIONAL_REPRESENTATION('',(#1624),#1628);
#1624 = LINE('',#1625,#1626);
#1625 = CARTESIAN_POINT('',(15.,0.));
#1626 = VECTOR('',#1627,1.);
#1627 = DIRECTION('',(0.,-1.));
#1628 = ( GEOMETRIC_REPRESENTATION_CONTEXT(2) 
PARAMETRIC_REPRESENTATION_CONTEXT() REPRESENTATION_CONTEXT('2D SPACE',''
  ) );
#1629 = ORIENTED_EDGE('',*,*,#1630,.T.);
#1630 = EDGE_CURVE('',#1608,#1631,#1633,.T.);
#1631 = VERTEX_POINT('',#1632);
#1632 = CARTESIAN_POINT('',(10.,7.5,18.5));
#1633 = SURFACE_CURVE('',#1634,(#1638,#1645),.PCURVE_S1.);
#1634 = LINE('',#1635,#1636);
#1635 = CARTESIAN_POINT('',(9.,7.5,18.5));
#1636 = VECTOR('',#1637,1.);
#1637 = DIRECTION('',(1.,0.,0.));
#1638 = PCURVE('',#278,#1639);
#1639 = DEFINITIONAL_REPRESENTATION('',(#1640),#1644);
#1640 = LINE('',#1641,#1642);
#1641 = CARTESIAN_POINT('',(0.,-8.5));
#1642 = VECTOR('',#1643,1.);
#1643 = DIRECTION('',(1.,0.));
#1644 = ( GEOMETRIC_REPRESENTATION_CONTEXT(2) 
PARAMETRIC_REPRESENTATION_CONTEXT() REPRESENTATION_CONTEXT('2D SPACE',''
  ) );
#1645 = PCURVE('',#1646,#1651);
#1646 = PLANE('',#1647);
#1647 = AXIS2_PLACEMENT_3D('',#1648,#1649,#1650);
#1648 = CARTESIAN_POINT('',(0.,0.,18.5));
#1649 = DIRECTION('',(0.,0.,1.));
#1650 = DIRECTION('',(1.,0.,0.));
#1651 = DEFINITIONAL_REPRESENTATION('',(#1652),#1656);
#1652 = LINE('',#1653,#1654);
#1653 = CARTESIAN_POINT('',(9.,7.5));
#1654 = VECTOR('',#1655,1.);
#1655 = DIRECTION('',(1.,0.));
#1656 = ( GEOMETRIC_REPRESENTATION_CONTEXT(2) 
PARAMETRIC_REPRESENTATION_CONTEXT() REPRESENTATION_CONTEXT('2D SPACE',''
  ) );
#1657 = ORIENTED_EDGE('',*,*,#1658,.F.);
#1658 = EDGE_CURVE('',#263,#1631,#1659,.T.);
#1659 = SURFACE_CURVE('',#1660,(#1664,#1671),.PCURVE_S1.);
#1660 = LINE('',#1661,#1662);
#1661 = CARTESIAN_POINT('',(10.,7.5,10.));
#1662 = VECTOR('',#1663,1.);
#1663 = DIRECTION('',(0.,0.,1.));
#1664 = PCURVE('',#278,#1665);
#1665 = DEFINITIONAL_REPRESENTATION('',(#1666),#1670);
#1666 = LINE('',#1667,#1668);
#1667 = CARTESIAN_POINT('',(1.,0.));
#1668 = VECTOR('',#1669,1.);
#1669 = DIRECTION('',(0.,-1.));
#1670 = ( GEOMETRIC_REPRESENTATION_CONTEXT(2) 
PARAMETRIC_REPRESENTATION_CONTEXT() REPRESENTATION_CONTEXT('2D SPACE',''
  ) );
#1671 = PCURVE('',#1672,#1677);
#1672 = PLANE('',#1673);
#1673 = AXIS2_PLACEMENT_3D('',#1674,#1675,#1676);
#1674 = CARTESIAN_POINT('',(10.,7.5,10.));
#1675 = DIRECTION('',(1.,0.,0.));
#1676 = DIRECTION('',(0.,-1.,0.));
#1677 = DEFINITIONAL_REPRESENTATION('',(#1678),#1682);
#1678 = LINE('',#1679,#1680);
#1679 = CARTESIAN_POINT('',(0.,0.));
#1680 = VECTOR('',#1681,1.);
#1681 = DIRECTION('',(0.,-1.));
#1682 = ( GEOMETRIC_REPRESENTATION_CONTEXT(2) 
PARAMETRIC_REPRESENTATION_CONTEXT() REPRESENTATION_CONTEXT('2D SPACE',''
  ) );
#1683 = ORIENTED_EDGE('',*,*,#262,.F.);
#1684 = ADVANCED_FACE('',(#1685,#1760),#306,.T.);
#1685 = FACE_BOUND('',#1686,.T.);
#1686 = EDGE_LOOP('',(#1687,#1688,#1711,#1734));
#1687 = ORIENTED_EDGE('',*,*,#290,.F.);
#1688 = ORIENTED_EDGE('',*,*,#1689,.T.);
#1689 = EDGE_CURVE('',#263,#1690,#1692,.T.);
#1690 = VERTEX_POINT('',#1691);
#1691 = CARTESIAN_POINT('',(10.,-7.5,10.));
#1692 = SURFACE_CURVE('',#1693,(#1697,#1704),.PCURVE_S1.);
#1693 = LINE('',#1694,#1695);
#1694 = CARTESIAN_POINT('',(10.,7.5,10.));
#1695 = VECTOR('',#1696,1.);
#1696 = DIRECTION('',(0.,-1.,0.));
#1697 = PCURVE('',#306,#1698);
#1698 = DEFINITIONAL_REPRESENTATION('',(#1699),#1703);
#1699 = LINE('',#1700,#1701);
#1700 = CARTESIAN_POINT('',(10.,7.5));
#1701 = VECTOR('',#1702,1.);
#1702 = DIRECTION('',(0.,-1.));
#1703 = ( GEOMETRIC_REPRESENTATION_CONTEXT(2) 
PARAMETRIC_REPRESENTATION_CONTEXT() REPRESENTATION_CONTEXT('2D SPACE',''
  ) );
#1704 = PCURVE('',#1672,#1705);
#1705 = DEFINITIONAL_REPRESENTATION('',(#1706),#1710);
#1706 = LINE('',#1707,#1708);
#1707 = CARTESIAN_POINT('',(0.,0.));
#1708 = VECTOR('',#1709,1.);
#1709 = DIRECTION('',(1.,0.));
#1710 = ( GEOMETRIC_REPRESENTATION_CONTEXT(2) 
PARAMETRIC_REPRESENTATION_CONTEXT() REPRESENTATION_CONTEXT('2D SPACE',''
  ) );
#1711 = ORIENTED_EDGE('',*,*,#1712,.F.);
#1712 = EDGE_CURVE('',#1713,#1690,#1715,.T.);
#1713 = VERTEX_POINT('',#1714);
#1714 = CARTESIAN_POINT('',(18.5,-7.5,10.));
#1715 = SURFACE_CURVE('',#1716,(#1720,#1727),.PCURVE_S1.);
#1716 = LINE('',#1717,#1718);
#1717 = CARTESIAN_POINT('',(20.25,-7.5,10.));
#1718 = VECTOR('',#1719,1.);
#1719 = DIRECTION('',(-1.,0.,0.));
#1720 = PCURVE('',#306,#1721);
#1721 = DEFINITIONAL_REPRESENTATION('',(#1722),#1726);
#1722 = LINE('',#1723,#1724);
#1723 = CARTESIAN_POINT('',(20.25,-7.5));
#1724 = VECTOR('',#1725,1.);
#1725 = DIRECTION('',(-1.,0.));
#1726 = ( GEOMETRIC_REPRESENTATION_CONTEXT(2) 
PARAMETRIC_REPRESENTATION_CONTEXT() REPRESENTATION_CONTEXT('2D SPACE',''
  ) );
#1727 = PCURVE('',#421,#1728);
#1728 = DEFINITIONAL_REPRESENTATION('',(#1729),#1733);
#1729 = LINE('',#1730,#1731);
#1730 = CARTESIAN_POINT('',(0.,-10.));
#1731 = VECTOR('',#1732,1.);
#1732 = DIRECTION('',(1.,0.));
#1733 = ( GEOMETRIC_REPRESENTATION_CONTEXT(2) 
PARAMETRIC_REPRESENTATION_CONTEXT() REPRESENTATION_CONTEXT('2D SPACE',''
  ) );
#1734 = ORIENTED_EDGE('',*,*,#1735,.F.);
#1735 = EDGE_CURVE('',#291,#1713,#1736,.T.);
#1736 = SURFACE_CURVE('',#1737,(#1741,#1748),.PCURVE_S1.);
#1737 = LINE('',#1738,#1739);
#1738 = CARTESIAN_POINT('',(18.5,7.5,10.));
#1739 = VECTOR('',#1740,1.);
#1740 = DIRECTION('',(0.,-1.,0.));
#1741 = PCURVE('',#306,#1742);
#1742 = DEFINITIONAL_REPRESENTATION('',(#1743),#1747);
#1743 = LINE('',#1744,#1745);
#1744 = CARTESIAN_POINT('',(18.5,7.5));
#1745 = VECTOR('',#1746,1.);
#1746 = DIRECTION('',(0.,-1.));
#1747 = ( GEOMETRIC_REPRESENTATION_CONTEXT(2) 
PARAMETRIC_REPRESENTATION_CONTEXT() REPRESENTATION_CONTEXT('2D SPACE',''
  ) );
#1748 = PCURVE('',#1749,#1754);
#1749 = PLANE('',#1750);
#1750 = AXIS2_PLACEMENT_3D('',#1751,#1752,#1753);
#1751 = CARTESIAN_POINT('',(18.5,7.5,10.));
#1752 = DIRECTION('',(1.,0.,0.));
#1753 = DIRECTION('',(0.,-1.,0.));
#1754 = DEFINITIONAL_REPRESENTATION('',(#1755),#1759);
#1755 = LINE('',#1756,#1757);
#1756 = CARTESIAN_POINT('',(0.,0.));
#1757 = VECTOR('',#1758,1.);
#1758 = DIRECTION('',(1.,0.));
#1759 = ( GEOMETRIC_REPRESENTATION_CONTEXT(2) 
PARAMETRIC_REPRESENTATION_CONTEXT() REPRESENTATION_CONTEXT('2D SPACE',''
  ) );
#1760 = FACE_BOUND('',#1761,.T.);
#1761 = EDGE_LOOP('',(#1762));
#1762 = ORIENTED_EDGE('',*,*,#1763,.F.);
#1763 = EDGE_CURVE('',#1764,#1764,#1766,.T.);
#1764 = VERTEX_POINT('',#1765);
#1765 = CARTESIAN_POINT('',(15.45,0.,10.));
#1766 = SURFACE_CURVE('',#1767,(#1772,#1779),.PCURVE_S1.);
#1767 = CIRCLE('',#1768,1.2);
#1768 = AXIS2_PLACEMENT_3D('',#1769,#1770,#1771);
#1769 = CARTESIAN_POINT('',(14.25,0.,10.));
#1770 = DIRECTION('',(0.,0.,1.));
#1771 = DIRECTION('',(1.,0.,0.));
#1772 = PCURVE('',#306,#1773);
#1773 = DEFINITIONAL_REPRESENTATION('',(#1774),#1778);
#1774 = CIRCLE('',#1775,1.2);
#1775 = AXIS2_PLACEMENT_2D('',#1776,#1777);
#1776 = CARTESIAN_POINT('',(14.25,-6.4E-16));
#1777 = DIRECTION('',(1.,0.));
#1778 = ( GEOMETRIC_REPRESENTATION_CONTEXT(2) 
PARAMETRIC_REPRESENTATION_CONTEXT() REPRESENTATION_CONTEXT('2D SPACE',''
  ) );
#1779 = PCURVE('',#1780,#1785);
#1780 = CYLINDRICAL_SURFACE('',#1781,1.2);
#1781 = AXIS2_PLACEMENT_3D('',#1782,#1783,#1784);
#1782 = CARTESIAN_POINT('',(14.25,0.,10.));
#1783 = DIRECTION('',(0.,0.,1.));
#1784 = DIRECTION('',(1.,0.,-0.));
#1785 = DEFINITIONAL_REPRESENTATION('',(#1786),#1790);
#1786 = LINE('',#1787,#1788);
#1787 = CARTESIAN_POINT('',(0.,0.));
#1788 = VECTOR('',#1789,1.);
#1789 = DIRECTION('',(1.,0.));
#1790 = ( GEOMETRIC_REPRESENTATION_CONTEXT(2) 
PARAMETRIC_REPRESENTATION_CONTEXT() REPRESENTATION_CONTEXT('2D SPACE',''
  ) );
#1791 = ADVANCED_FACE('',(#1792),#334,.F.);
#1792 = FACE_BOUND('',#1793,.F.);
#1793 = EDGE_LOOP('',(#1794,#1817,#1845,#1866));
#1794 = ORIENTED_EDGE('',*,*,#1795,.T.);
#1795 = EDGE_CURVE('',#319,#1796,#1798,.T.);
#1796 = VERTEX_POINT('',#1797);
#1797 = CARTESIAN_POINT('',(20.25,7.5,18.5));
#1798 = SURFACE_CURVE('',#1799,(#1803,#1810),.PCURVE_S1.);
#1799 = LINE('',#1800,#1801);
#1800 = CARTESIAN_POINT('',(20.25,7.5,10.));
#1801 = VECTOR('',#1802,1.);
#1802 = DIRECTION('',(0.,0.,1.));
#1803 = PCURVE('',#334,#1804);
#1804 = DEFINITIONAL_REPRESENTATION('',(#1805),#1809);
#1805 = LINE('',#1806,#1807);
#1806 = CARTESIAN_POINT('',(0.,-0.));
#1807 = VECTOR('',#1808,1.);
#1808 = DIRECTION('',(0.,-1.));
#1809 = ( GEOMETRIC_REPRESENTATION_CONTEXT(2) 
PARAMETRIC_REPRESENTATION_CONTEXT() REPRESENTATION_CONTEXT('2D SPACE',''
  ) );
#1810 = PCURVE('',#501,#1811);
#1811 = DEFINITIONAL_REPRESENTATION('',(#1812),#1816);
#1812 = LINE('',#1813,#1814);
#1813 = CARTESIAN_POINT('',(15.,0.));
#1814 = VECTOR('',#1815,1.);
#1815 = DIRECTION('',(0.,-1.));
#1816 = ( GEOMETRIC_REPRESENTATION_CONTEXT(2) 
PARAMETRIC_REPRESENTATION_CONTEXT() REPRESENTATION_CONTEXT('2D SPACE',''
  ) );
#1817 = ORIENTED_EDGE('',*,*,#1818,.T.);
#1818 = EDGE_CURVE('',#1796,#1819,#1821,.T.);
#1819 = VERTEX_POINT('',#1820);
#1820 = CARTESIAN_POINT('',(18.5,7.5,18.5));
#1821 = SURFACE_CURVE('',#1822,(#1826,#1833),.PCURVE_S1.);
#1822 = LINE('',#1823,#1824);
#1823 = CARTESIAN_POINT('',(20.25,7.5,18.5));
#1824 = VECTOR('',#1825,1.);
#1825 = DIRECTION('',(-1.,0.,0.));
#1826 = PCURVE('',#334,#1827);
#1827 = DEFINITIONAL_REPRESENTATION('',(#1828),#1832);
#1828 = LINE('',#1829,#1830);
#1829 = CARTESIAN_POINT('',(0.,-8.5));
#1830 = VECTOR('',#1831,1.);
#1831 = DIRECTION('',(1.,0.));
#1832 = ( GEOMETRIC_REPRESENTATION_CONTEXT(2) 
PARAMETRIC_REPRESENTATION_CONTEXT() REPRESENTATION_CONTEXT('2D SPACE',''
  ) );
#1833 = PCURVE('',#1834,#1839);
#1834 = PLANE('',#1835);
#1835 = AXIS2_PLACEMENT_3D('',#1836,#1837,#1838);
#1836 = CARTESIAN_POINT('',(0.,0.,18.5));
#1837 = DIRECTION('',(0.,0.,1.));
#1838 = DIRECTION('',(1.,0.,0.));
#1839 = DEFINITIONAL_REPRESENTATION('',(#1840),#1844);
#1840 = LINE('',#1841,#1842);
#1841 = CARTESIAN_POINT('',(20.25,7.5));
#1842 = VECTOR('',#1843,1.);
#1843 = DIRECTION('',(-1.,0.));
#1844 = ( GEOMETRIC_REPRESENTATION_CONTEXT(2) 
PARAMETRIC_REPRESENTATION_CONTEXT() REPRESENTATION_CONTEXT('2D SPACE',''
  ) );
#1845 = ORIENTED_EDGE('',*,*,#1846,.F.);
#1846 = EDGE_CURVE('',#291,#1819,#1847,.T.);
#1847 = SURFACE_CURVE('',#1848,(#1852,#1859),.PCURVE_S1.);
#1848 = LINE('',#1849,#1850);
#1849 = CARTESIAN_POINT('',(18.5,7.5,10.));
#1850 = VECTOR('',#1851,1.);
#1851 = DIRECTION('',(0.,0.,1.));
#1852 = PCURVE('',#334,#1853);
#1853 = DEFINITIONAL_REPRESENTATION('',(#1854),#1858);
#1854 = LINE('',#1855,#1856);
#1855 = CARTESIAN_POINT('',(1.75,0.));
#1856 = VECTOR('',#1857,1.);
#1857 = DIRECTION('',(0.,-1.));
#1858 = ( GEOMETRIC_REPRESENTATION_CONTEXT(2) 
PARAMETRIC_REPRESENTATION_CONTEXT() REPRESENTATION_CONTEXT('2D SPACE',''
  ) );
#1859 = PCURVE('',#1749,#1860);
#1860 = DEFINITIONAL_REPRESENTATION('',(#1861),#1865);
#1861 = LINE('',#1862,#1863);
#1862 = CARTESIAN_POINT('',(0.,0.));
#1863 = VECTOR('',#1864,1.);
#1864 = DIRECTION('',(0.,-1.));
#1865 = ( GEOMETRIC_REPRESENTATION_CONTEXT(2) 
PARAMETRIC_REPRESENTATION_CONTEXT() REPRESENTATION_CONTEXT('2D SPACE',''
  ) );
#1866 = ORIENTED_EDGE('',*,*,#318,.T.);
#1867 = ADVANCED_FACE('',(#1868),#421,.T.);
#1868 = FACE_BOUND('',#1869,.T.);
#1869 = EDGE_LOOP('',(#1870,#1871,#1897,#1898,#1924,#1925,#1951,#1952,
    #1978,#1979,#2005,#2006));
#1870 = ORIENTED_EDGE('',*,*,#513,.T.);
#1871 = ORIENTED_EDGE('',*,*,#1872,.T.);
#1872 = EDGE_CURVE('',#486,#1713,#1873,.T.);
#1873 = SURFACE_CURVE('',#1874,(#1878,#1885),.PCURVE_S1.);
#1874 = LINE('',#1875,#1876);
#1875 = CARTESIAN_POINT('',(20.25,-7.5,10.));
#1876 = VECTOR('',#1877,1.);
#1877 = DIRECTION('',(-1.,0.,0.));
#1878 = PCURVE('',#421,#1879);
#1879 = DEFINITIONAL_REPRESENTATION('',(#1880),#1884);
#1880 = LINE('',#1881,#1882);
#1881 = CARTESIAN_POINT('',(0.,-10.));
#1882 = VECTOR('',#1883,1.);
#1883 = DIRECTION('',(1.,0.));
#1884 = ( GEOMETRIC_REPRESENTATION_CONTEXT(2) 
PARAMETRIC_REPRESENTATION_CONTEXT() REPRESENTATION_CONTEXT('2D SPACE',''
  ) );
#1885 = PCURVE('',#1886,#1891);
#1886 = PLANE('',#1887);
#1887 = AXIS2_PLACEMENT_3D('',#1888,#1889,#1890);
#1888 = CARTESIAN_POINT('',(18.5,-7.5,10.));
#1889 = DIRECTION('',(0.,1.,0.));
#1890 = DIRECTION('',(1.,0.,0.));
#1891 = DEFINITIONAL_REPRESENTATION('',(#1892),#1896);
#1892 = LINE('',#1893,#1894);
#1893 = CARTESIAN_POINT('',(1.75,0.));
#1894 = VECTOR('',#1895,1.);
#1895 = DIRECTION('',(-1.,0.));
#1896 = ( GEOMETRIC_REPRESENTATION_CONTEXT(2) 
PARAMETRIC_REPRESENTATION_CONTEXT() REPRESENTATION_CONTEXT('2D SPACE',''
  ) );
#1897 = ORIENTED_EDGE('',*,*,#1712,.T.);
#1898 = ORIENTED_EDGE('',*,*,#1899,.T.);
#1899 = EDGE_CURVE('',#1690,#1525,#1900,.T.);
#1900 = SURFACE_CURVE('',#1901,(#1905,#1912),.PCURVE_S1.);
#1901 = LINE('',#1902,#1903);
#1902 = CARTESIAN_POINT('',(10.,-7.5,10.));
#1903 = VECTOR('',#1904,1.);
#1904 = DIRECTION('',(-1.,0.,0.));
#1905 = PCURVE('',#421,#1906);
#1906 = DEFINITIONAL_REPRESENTATION('',(#1907),#1911);
#1907 = LINE('',#1908,#1909);
#1908 = CARTESIAN_POINT('',(10.25,-10.));
#1909 = VECTOR('',#1910,1.);
#1910 = DIRECTION('',(1.,0.));
#1911 = ( GEOMETRIC_REPRESENTATION_CONTEXT(2) 
PARAMETRIC_REPRESENTATION_CONTEXT() REPRESENTATION_CONTEXT('2D SPACE',''
  ) );
#1912 = PCURVE('',#1913,#1918);
#1913 = PLANE('',#1914);
#1914 = AXIS2_PLACEMENT_3D('',#1915,#1916,#1917);
#1915 = CARTESIAN_POINT('',(10.,-7.5,10.));
#1916 = DIRECTION('',(0.,-1.,0.));
#1917 = DIRECTION('',(-1.,0.,0.));
#1918 = DEFINITIONAL_REPRESENTATION('',(#1919),#1923);
#1919 = LINE('',#1920,#1921);
#1920 = CARTESIAN_POINT('',(0.,-0.));
#1921 = VECTOR('',#1922,1.);
#1922 = DIRECTION('',(1.,0.));
#1923 = ( GEOMETRIC_REPRESENTATION_CONTEXT(2) 
PARAMETRIC_REPRESENTATION_CONTEXT() REPRESENTATION_CONTEXT('2D SPACE',''
  ) );
#1924 = ORIENTED_EDGE('',*,*,#1524,.T.);
#1925 = ORIENTED_EDGE('',*,*,#1926,.F.);
#1926 = EDGE_CURVE('',#1337,#1502,#1927,.T.);
#1927 = SURFACE_CURVE('',#1928,(#1932,#1939),.PCURVE_S1.);
#1928 = LINE('',#1929,#1930);
#1929 = CARTESIAN_POINT('',(-0.5,-7.5,10.));
#1930 = VECTOR('',#1931,1.);
#1931 = DIRECTION('',(1.,0.,0.));
#1932 = PCURVE('',#421,#1933);
#1933 = DEFINITIONAL_REPRESENTATION('',(#1934),#1938);
#1934 = LINE('',#1935,#1936);
#1935 = CARTESIAN_POINT('',(20.75,-10.));
#1936 = VECTOR('',#1937,1.);
#1937 = DIRECTION('',(-1.,-0.));
#1938 = ( GEOMETRIC_REPRESENTATION_CONTEXT(2) 
PARAMETRIC_REPRESENTATION_CONTEXT() REPRESENTATION_CONTEXT('2D SPACE',''
  ) );
#1939 = PCURVE('',#1940,#1945);
#1940 = PLANE('',#1941);
#1941 = AXIS2_PLACEMENT_3D('',#1942,#1943,#1944);
#1942 = CARTESIAN_POINT('',(-0.5,-7.5,10.));
#1943 = DIRECTION('',(0.,1.,0.));
#1944 = DIRECTION('',(1.,0.,0.));
#1945 = DEFINITIONAL_REPRESENTATION('',(#1946),#1950);
#1946 = LINE('',#1947,#1948);
#1947 = CARTESIAN_POINT('',(0.,0.));
#1948 = VECTOR('',#1949,1.);
#1949 = DIRECTION('',(1.,0.));
#1950 = ( GEOMETRIC_REPRESENTATION_CONTEXT(2) 
PARAMETRIC_REPRESENTATION_CONTEXT() REPRESENTATION_CONTEXT('2D SPACE',''
  ) );
#1951 = ORIENTED_EDGE('',*,*,#1336,.T.);
#1952 = ORIENTED_EDGE('',*,*,#1953,.F.);
#1953 = EDGE_CURVE('',#1149,#1314,#1954,.T.);
#1954 = SURFACE_CURVE('',#1955,(#1959,#1966),.PCURVE_S1.);
#1955 = LINE('',#1956,#1957);
#1956 = CARTESIAN_POINT('',(-10.,-7.5,10.));
#1957 = VECTOR('',#1958,1.);
#1958 = DIRECTION('',(1.,0.,0.));
#1959 = PCURVE('',#421,#1960);
#1960 = DEFINITIONAL_REPRESENTATION('',(#1961),#1965);
#1961 = LINE('',#1962,#1963);
#1962 = CARTESIAN_POINT('',(30.25,-10.));
#1963 = VECTOR('',#1964,1.);
#1964 = DIRECTION('',(-1.,-0.));
#1965 = ( GEOMETRIC_REPRESENTATION_CONTEXT(2) 
PARAMETRIC_REPRESENTATION_CONTEXT() REPRESENTATION_CONTEXT('2D SPACE',''
  ) );
#1966 = PCURVE('',#1967,#1972);
#1967 = PLANE('',#1968);
#1968 = AXIS2_PLACEMENT_3D('',#1969,#1970,#1971);
#1969 = CARTESIAN_POINT('',(-10.,-7.5,10.));
#1970 = DIRECTION('',(0.,1.,0.));
#1971 = DIRECTION('',(1.,0.,0.));
#1972 = DEFINITIONAL_REPRESENTATION('',(#1973),#1977);
#1973 = LINE('',#1974,#1975);
#1974 = CARTESIAN_POINT('',(0.,0.));
#1975 = VECTOR('',#1976,1.);
#1976 = DIRECTION('',(1.,0.));
#1977 = ( GEOMETRIC_REPRESENTATION_CONTEXT(2) 
PARAMETRIC_REPRESENTATION_CONTEXT() REPRESENTATION_CONTEXT('2D SPACE',''
  ) );
#1978 = ORIENTED_EDGE('',*,*,#1148,.T.);
#1979 = ORIENTED_EDGE('',*,*,#1980,.T.);
#1980 = EDGE_CURVE('',#1126,#406,#1981,.T.);
#1981 = SURFACE_CURVE('',#1982,(#1986,#1993),.PCURVE_S1.);
#1982 = LINE('',#1983,#1984);
#1983 = CARTESIAN_POINT('',(20.25,-7.5,10.));
#1984 = VECTOR('',#1985,1.);
#1985 = DIRECTION('',(-1.,0.,0.));
#1986 = PCURVE('',#421,#1987);
#1987 = DEFINITIONAL_REPRESENTATION('',(#1988),#1992);
#1988 = LINE('',#1989,#1990);
#1989 = CARTESIAN_POINT('',(0.,-10.));
#1990 = VECTOR('',#1991,1.);
#1991 = DIRECTION('',(1.,0.));
#1992 = ( GEOMETRIC_REPRESENTATION_CONTEXT(2) 
PARAMETRIC_REPRESENTATION_CONTEXT() REPRESENTATION_CONTEXT('2D SPACE',''
  ) );
#1993 = PCURVE('',#1994,#1999);
#1994 = PLANE('',#1995);
#1995 = AXIS2_PLACEMENT_3D('',#1996,#1997,#1998);
#1996 = CARTESIAN_POINT('',(-18.5,-7.5,10.));
#1997 = DIRECTION('',(0.,-1.,0.));
#1998 = DIRECTION('',(-1.,0.,0.));
#1999 = DEFINITIONAL_REPRESENTATION('',(#2000),#2004);
#2000 = LINE('',#2001,#2002);
#2001 = CARTESIAN_POINT('',(-38.75,-0.));
#2002 = VECTOR('',#2003,1.);
#2003 = DIRECTION('',(1.,0.));
#2004 = ( GEOMETRIC_REPRESENTATION_CONTEXT(2) 
PARAMETRIC_REPRESENTATION_CONTEXT() REPRESENTATION_CONTEXT('2D SPACE',''
  ) );
#2005 = ORIENTED_EDGE('',*,*,#403,.F.);
#2006 = ORIENTED_EDGE('',*,*,#562,.F.);
#2007 = ADVANCED_FACE('',(#2008),#447,.T.);
#2008 = FACE_BOUND('',#2009,.T.);
#2009 = EDGE_LOOP('',(#2010,#2033,#2054,#2055));
#2010 = ORIENTED_EDGE('',*,*,#2011,.T.);
#2011 = EDGE_CURVE('',#406,#2012,#2014,.T.);
#2012 = VERTEX_POINT('',#2013);
#2013 = CARTESIAN_POINT('',(-20.25,-7.5,18.5));
#2014 = SURFACE_CURVE('',#2015,(#2019,#2026),.PCURVE_S1.);
#2015 = LINE('',#2016,#2017);
#2016 = CARTESIAN_POINT('',(-20.25,-7.5,10.));
#2017 = VECTOR('',#2018,1.);
#2018 = DIRECTION('',(0.,0.,1.));
#2019 = PCURVE('',#447,#2020);
#2020 = DEFINITIONAL_REPRESENTATION('',(#2021),#2025);
#2021 = LINE('',#2022,#2023);
#2022 = CARTESIAN_POINT('',(0.,0.));
#2023 = VECTOR('',#2024,1.);
#2024 = DIRECTION('',(0.,-1.));
#2025 = ( GEOMETRIC_REPRESENTATION_CONTEXT(2) 
PARAMETRIC_REPRESENTATION_CONTEXT() REPRESENTATION_CONTEXT('2D SPACE',''
  ) );
#2026 = PCURVE('',#1994,#2027);
#2027 = DEFINITIONAL_REPRESENTATION('',(#2028),#2032);
#2028 = LINE('',#2029,#2030);
#2029 = CARTESIAN_POINT('',(1.75,0.));
#2030 = VECTOR('',#2031,1.);
#2031 = DIRECTION('',(0.,-1.));
#2032 = ( GEOMETRIC_REPRESENTATION_CONTEXT(2) 
PARAMETRIC_REPRESENTATION_CONTEXT() REPRESENTATION_CONTEXT('2D SPACE',''
  ) );
#2033 = ORIENTED_EDGE('',*,*,#2034,.T.);
#2034 = EDGE_CURVE('',#2012,#1044,#2035,.T.);
#2035 = SURFACE_CURVE('',#2036,(#2040,#2047),.PCURVE_S1.);
#2036 = LINE('',#2037,#2038);
#2037 = CARTESIAN_POINT('',(-20.25,-7.5,18.5));
#2038 = VECTOR('',#2039,1.);
#2039 = DIRECTION('',(0.,1.,0.));
#2040 = PCURVE('',#447,#2041);
#2041 = DEFINITIONAL_REPRESENTATION('',(#2042),#2046);
#2042 = LINE('',#2043,#2044);
#2043 = CARTESIAN_POINT('',(0.,-8.5));
#2044 = VECTOR('',#2045,1.);
#2045 = DIRECTION('',(1.,0.));
#2046 = ( GEOMETRIC_REPRESENTATION_CONTEXT(2) 
PARAMETRIC_REPRESENTATION_CONTEXT() REPRESENTATION_CONTEXT('2D SPACE',''
  ) );
#2047 = PCURVE('',#1082,#2048);
#2048 = DEFINITIONAL_REPRESENTATION('',(#2049),#2053);
#2049 = LINE('',#2050,#2051);
#2050 = CARTESIAN_POINT('',(-20.25,-7.5));
#2051 = VECTOR('',#2052,1.);
#2052 = DIRECTION('',(0.,1.));
#2053 = ( GEOMETRIC_REPRESENTATION_CONTEXT(2) 
PARAMETRIC_REPRESENTATION_CONTEXT() REPRESENTATION_CONTEXT('2D SPACE',''
  ) );
#2054 = ORIENTED_EDGE('',*,*,#1043,.F.);
#2055 = ORIENTED_EDGE('',*,*,#433,.F.);
#2056 = ADVANCED_FACE('',(#2057),#501,.F.);
#2057 = FACE_BOUND('',#2058,.F.);
#2058 = EDGE_LOOP('',(#2059,#2082,#2103,#2104));
#2059 = ORIENTED_EDGE('',*,*,#2060,.T.);
#2060 = EDGE_CURVE('',#486,#2061,#2063,.T.);
#2061 = VERTEX_POINT('',#2062);
#2062 = CARTESIAN_POINT('',(20.25,-7.5,18.5));
#2063 = SURFACE_CURVE('',#2064,(#2068,#2075),.PCURVE_S1.);
#2064 = LINE('',#2065,#2066);
#2065 = CARTESIAN_POINT('',(20.25,-7.5,10.));
#2066 = VECTOR('',#2067,1.);
#2067 = DIRECTION('',(0.,0.,1.));
#2068 = PCURVE('',#501,#2069);
#2069 = DEFINITIONAL_REPRESENTATION('',(#2070),#2074);
#2070 = LINE('',#2071,#2072);
#2071 = CARTESIAN_POINT('',(0.,0.));
#2072 = VECTOR('',#2073,1.);
#2073 = DIRECTION('',(0.,-1.));
#2074 = ( GEOMETRIC_REPRESENTATION_CONTEXT(2) 
PARAMETRIC_REPRESENTATION_CONTEXT() REPRESENTATION_CONTEXT('2D SPACE',''
  ) );
#2075 = PCURVE('',#1886,#2076);
#2076 = DEFINITIONAL_REPRESENTATION('',(#2077),#2081);
#2077 = LINE('',#2078,#2079);
#2078 = CARTESIAN_POINT('',(1.75,0.));
#2079 = VECTOR('',#2080,1.);
#2080 = DIRECTION('',(0.,-1.));
#2081 = ( GEOMETRIC_REPRESENTATION_CONTEXT(2) 
PARAMETRIC_REPRESENTATION_CONTEXT() REPRESENTATION_CONTEXT('2D SPACE',''
  ) );
#2082 = ORIENTED_EDGE('',*,*,#2083,.T.);
#2083 = EDGE_CURVE('',#2061,#1796,#2084,.T.);
#2084 = SURFACE_CURVE('',#2085,(#2089,#2096),.PCURVE_S1.);
#2085 = LINE('',#2086,#2087);
#2086 = CARTESIAN_POINT('',(20.25,-7.5,18.5));
#2087 = VECTOR('',#2088,1.);
#2088 = DIRECTION('',(0.,1.,0.));
#2089 = PCURVE('',#501,#2090);
#2090 = DEFINITIONAL_REPRESENTATION('',(#2091),#2095);
#2091 = LINE('',#2092,#2093);
#2092 = CARTESIAN_POINT('',(0.,-8.5));
#2093 = VECTOR('',#2094,1.);
#2094 = DIRECTION('',(1.,0.));
#2095 = ( GEOMETRIC_REPRESENTATION_CONTEXT(2) 
PARAMETRIC_REPRESENTATION_CONTEXT() REPRESENTATION_CONTEXT('2D SPACE',''
  ) );
#2096 = PCURVE('',#1834,#2097);
#2097 = DEFINITIONAL_REPRESENTATION('',(#2098),#2102);
#2098 = LINE('',#2099,#2100);
#2099 = CARTESIAN_POINT('',(20.25,-7.5));
#2100 = VECTOR('',#2101,1.);
#2101 = DIRECTION('',(0.,1.));
#2102 = ( GEOMETRIC_REPRESENTATION_CONTEXT(2) 
PARAMETRIC_REPRESENTATION_CONTEXT() REPRESENTATION_CONTEXT('2D SPACE',''
  ) );
#2103 = ORIENTED_EDGE('',*,*,#1795,.F.);
#2104 = ORIENTED_EDGE('',*,*,#485,.T.);
#2105 = ADVANCED_FACE('',(#2106),#604,.T.);
#2106 = FACE_BOUND('',#2107,.T.);
#2107 = EDGE_LOOP('',(#2108,#2131,#2159,#2180));
#2108 = ORIENTED_EDGE('',*,*,#2109,.T.);
#2109 = EDGE_CURVE('',#587,#2110,#2112,.T.);
#2110 = VERTEX_POINT('',#2111);
#2111 = CARTESIAN_POINT('',(-15.,-0.4,-5.));
#2112 = SURFACE_CURVE('',#2113,(#2117,#2124),.PCURVE_S1.);
#2113 = LINE('',#2114,#2115);
#2114 = CARTESIAN_POINT('',(-15.,-0.4,0.));
#2115 = VECTOR('',#2116,1.);
#2116 = DIRECTION('',(0.,0.,-1.));
#2117 = PCURVE('',#604,#2118);
#2118 = DEFINITIONAL_REPRESENTATION('',(#2119),#2123);
#2119 = LINE('',#2120,#2121);
#2120 = CARTESIAN_POINT('',(0.,0.));
#2121 = VECTOR('',#2122,1.);
#2122 = DIRECTION('',(0.,-1.));
#2123 = ( GEOMETRIC_REPRESENTATION_CONTEXT(2) 
PARAMETRIC_REPRESENTATION_CONTEXT() REPRESENTATION_CONTEXT('2D SPACE',''
  ) );
#2124 = PCURVE('',#632,#2125);
#2125 = DEFINITIONAL_REPRESENTATION('',(#2126),#2130);
#2126 = LINE('',#2127,#2128);
#2127 = CARTESIAN_POINT('',(0.8,0.));
#2128 = VECTOR('',#2129,1.);
#2129 = DIRECTION('',(0.,-1.));
#2130 = ( GEOMETRIC_REPRESENTATION_CONTEXT(2) 
PARAMETRIC_REPRESENTATION_CONTEXT() REPRESENTATION_CONTEXT('2D SPACE',''
  ) );
#2131 = ORIENTED_EDGE('',*,*,#2132,.T.);
#2132 = EDGE_CURVE('',#2110,#2133,#2135,.T.);
#2133 = VERTEX_POINT('',#2134);
#2134 = CARTESIAN_POINT('',(-13.5,-0.4,-5.));
#2135 = SURFACE_CURVE('',#2136,(#2140,#2147),.PCURVE_S1.);
#2136 = LINE('',#2137,#2138);
#2137 = CARTESIAN_POINT('',(-15.,-0.4,-5.));
#2138 = VECTOR('',#2139,1.);
#2139 = DIRECTION('',(1.,0.,0.));
#2140 = PCURVE('',#604,#2141);
#2141 = DEFINITIONAL_REPRESENTATION('',(#2142),#2146);
#2142 = LINE('',#2143,#2144);
#2143 = CARTESIAN_POINT('',(0.,-5.));
#2144 = VECTOR('',#2145,1.);
#2145 = DIRECTION('',(1.,0.));
#2146 = ( GEOMETRIC_REPRESENTATION_CONTEXT(2) 
PARAMETRIC_REPRESENTATION_CONTEXT() REPRESENTATION_CONTEXT('2D SPACE',''
  ) );
#2147 = PCURVE('',#2148,#2153);
#2148 = PLANE('',#2149);
#2149 = AXIS2_PLACEMENT_3D('',#2150,#2151,#2152);
#2150 = CARTESIAN_POINT('',(0.,0.,-5.));
#2151 = DIRECTION('',(0.,0.,1.));
#2152 = DIRECTION('',(1.,0.,0.));
#2153 = DEFINITIONAL_REPRESENTATION('',(#2154),#2158);
#2154 = LINE('',#2155,#2156);
#2155 = CARTESIAN_POINT('',(-15.,-0.4));
#2156 = VECTOR('',#2157,1.);
#2157 = DIRECTION('',(1.,0.));
#2158 = ( GEOMETRIC_REPRESENTATION_CONTEXT(2) 
PARAMETRIC_REPRESENTATION_CONTEXT() REPRESENTATION_CONTEXT('2D SPACE',''
  ) );
#2159 = ORIENTED_EDGE('',*,*,#2160,.F.);
#2160 = EDGE_CURVE('',#589,#2133,#2161,.T.);
#2161 = SURFACE_CURVE('',#2162,(#2166,#2173),.PCURVE_S1.);
#2162 = LINE('',#2163,#2164);
#2163 = CARTESIAN_POINT('',(-13.5,-0.4,0.));
#2164 = VECTOR('',#2165,1.);
#2165 = DIRECTION('',(0.,0.,-1.));
#2166 = PCURVE('',#604,#2167);
#2167 = DEFINITIONAL_REPRESENTATION('',(#2168),#2172);
#2168 = LINE('',#2169,#2170);
#2169 = CARTESIAN_POINT('',(1.5,0.));
#2170 = VECTOR('',#2171,1.);
#2171 = DIRECTION('',(0.,-1.));
#2172 = ( GEOMETRIC_REPRESENTATION_CONTEXT(2) 
PARAMETRIC_REPRESENTATION_CONTEXT() REPRESENTATION_CONTEXT('2D SPACE',''
  ) );
#2173 = PCURVE('',#686,#2174);
#2174 = DEFINITIONAL_REPRESENTATION('',(#2175),#2179);
#2175 = LINE('',#2176,#2177);
#2176 = CARTESIAN_POINT('',(0.,0.));
#2177 = VECTOR('',#2178,1.);
#2178 = DIRECTION('',(0.,-1.));
#2179 = ( GEOMETRIC_REPRESENTATION_CONTEXT(2) 
PARAMETRIC_REPRESENTATION_CONTEXT() REPRESENTATION_CONTEXT('2D SPACE',''
  ) );
#2180 = ORIENTED_EDGE('',*,*,#586,.F.);
#2181 = ADVANCED_FACE('',(#2182),#686,.T.);
#2182 = FACE_BOUND('',#2183,.T.);
#2183 = EDGE_LOOP('',(#2184,#2185,#2208,#2229));
#2184 = ORIENTED_EDGE('',*,*,#2160,.T.);
#2185 = ORIENTED_EDGE('',*,*,#2186,.T.);
#2186 = EDGE_CURVE('',#2133,#2187,#2189,.T.);
#2187 = VERTEX_POINT('',#2188);
#2188 = CARTESIAN_POINT('',(-13.5,0.4,-5.));
#2189 = SURFACE_CURVE('',#2190,(#2194,#2201),.PCURVE_S1.);
#2190 = LINE('',#2191,#2192);
#2191 = CARTESIAN_POINT('',(-13.5,-0.4,-5.));
#2192 = VECTOR('',#2193,1.);
#2193 = DIRECTION('',(0.,1.,0.));
#2194 = PCURVE('',#686,#2195);
#2195 = DEFINITIONAL_REPRESENTATION('',(#2196),#2200);
#2196 = LINE('',#2197,#2198);
#2197 = CARTESIAN_POINT('',(0.,-5.));
#2198 = VECTOR('',#2199,1.);
#2199 = DIRECTION('',(1.,0.));
#2200 = ( GEOMETRIC_REPRESENTATION_CONTEXT(2) 
PARAMETRIC_REPRESENTATION_CONTEXT() REPRESENTATION_CONTEXT('2D SPACE',''
  ) );
#2201 = PCURVE('',#2148,#2202);
#2202 = DEFINITIONAL_REPRESENTATION('',(#2203),#2207);
#2203 = LINE('',#2204,#2205);
#2204 = CARTESIAN_POINT('',(-13.5,-0.4));
#2205 = VECTOR('',#2206,1.);
#2206 = DIRECTION('',(0.,1.));
#2207 = ( GEOMETRIC_REPRESENTATION_CONTEXT(2) 
PARAMETRIC_REPRESENTATION_CONTEXT() REPRESENTATION_CONTEXT('2D SPACE',''
  ) );
#2208 = ORIENTED_EDGE('',*,*,#2209,.F.);
#2209 = EDGE_CURVE('',#645,#2187,#2210,.T.);
#2210 = SURFACE_CURVE('',#2211,(#2215,#2222),.PCURVE_S1.);
#2211 = LINE('',#2212,#2213);
#2212 = CARTESIAN_POINT('',(-13.5,0.4,0.));
#2213 = VECTOR('',#2214,1.);
#2214 = DIRECTION('',(0.,0.,-1.));
#2215 = PCURVE('',#686,#2216);
#2216 = DEFINITIONAL_REPRESENTATION('',(#2217),#2221);
#2217 = LINE('',#2218,#2219);
#2218 = CARTESIAN_POINT('',(0.8,0.));
#2219 = VECTOR('',#2220,1.);
#2220 = DIRECTION('',(0.,-1.));
#2221 = ( GEOMETRIC_REPRESENTATION_CONTEXT(2) 
PARAMETRIC_REPRESENTATION_CONTEXT() REPRESENTATION_CONTEXT('2D SPACE',''
  ) );
#2222 = PCURVE('',#660,#2223);
#2223 = DEFINITIONAL_REPRESENTATION('',(#2224),#2228);
#2224 = LINE('',#2225,#2226);
#2225 = CARTESIAN_POINT('',(0.,0.));
#2226 = VECTOR('',#2227,1.);
#2227 = DIRECTION('',(0.,-1.));
#2228 = ( GEOMETRIC_REPRESENTATION_CONTEXT(2) 
PARAMETRIC_REPRESENTATION_CONTEXT() REPRESENTATION_CONTEXT('2D SPACE',''
  ) );
#2229 = ORIENTED_EDGE('',*,*,#672,.F.);
#2230 = ADVANCED_FACE('',(#2231),#660,.T.);
#2231 = FACE_BOUND('',#2232,.T.);
#2232 = EDGE_LOOP('',(#2233,#2234,#2257,#2278));
#2233 = ORIENTED_EDGE('',*,*,#2209,.T.);
#2234 = ORIENTED_EDGE('',*,*,#2235,.T.);
#2235 = EDGE_CURVE('',#2187,#2236,#2238,.T.);
#2236 = VERTEX_POINT('',#2237);
#2237 = CARTESIAN_POINT('',(-15.,0.4,-5.));
#2238 = SURFACE_CURVE('',#2239,(#2243,#2250),.PCURVE_S1.);
#2239 = LINE('',#2240,#2241);
#2240 = CARTESIAN_POINT('',(-13.5,0.4,-5.));
#2241 = VECTOR('',#2242,1.);
#2242 = DIRECTION('',(-1.,0.,0.));
#2243 = PCURVE('',#660,#2244);
#2244 = DEFINITIONAL_REPRESENTATION('',(#2245),#2249);
#2245 = LINE('',#2246,#2247);
#2246 = CARTESIAN_POINT('',(0.,-5.));
#2247 = VECTOR('',#2248,1.);
#2248 = DIRECTION('',(1.,0.));
#2249 = ( GEOMETRIC_REPRESENTATION_CONTEXT(2) 
PARAMETRIC_REPRESENTATION_CONTEXT() REPRESENTATION_CONTEXT('2D SPACE',''
  ) );
#2250 = PCURVE('',#2148,#2251);
#2251 = DEFINITIONAL_REPRESENTATION('',(#2252),#2256);
#2252 = LINE('',#2253,#2254);
#2253 = CARTESIAN_POINT('',(-13.5,0.4));
#2254 = VECTOR('',#2255,1.);
#2255 = DIRECTION('',(-1.,0.));
#2256 = ( GEOMETRIC_REPRESENTATION_CONTEXT(2) 
PARAMETRIC_REPRESENTATION_CONTEXT() REPRESENTATION_CONTEXT('2D SPACE',''
  ) );
#2257 = ORIENTED_EDGE('',*,*,#2258,.F.);
#2258 = EDGE_CURVE('',#617,#2236,#2259,.T.);
#2259 = SURFACE_CURVE('',#2260,(#2264,#2271),.PCURVE_S1.);
#2260 = LINE('',#2261,#2262);
#2261 = CARTESIAN_POINT('',(-15.,0.4,0.));
#2262 = VECTOR('',#2263,1.);
#2263 = DIRECTION('',(0.,0.,-1.));
#2264 = PCURVE('',#660,#2265);
#2265 = DEFINITIONAL_REPRESENTATION('',(#2266),#2270);
#2266 = LINE('',#2267,#2268);
#2267 = CARTESIAN_POINT('',(1.5,0.));
#2268 = VECTOR('',#2269,1.);
#2269 = DIRECTION('',(0.,-1.));
#2270 = ( GEOMETRIC_REPRESENTATION_CONTEXT(2) 
PARAMETRIC_REPRESENTATION_CONTEXT() REPRESENTATION_CONTEXT('2D SPACE',''
  ) );
#2271 = PCURVE('',#632,#2272);
#2272 = DEFINITIONAL_REPRESENTATION('',(#2273),#2277);
#2273 = LINE('',#2274,#2275);
#2274 = CARTESIAN_POINT('',(0.,0.));
#2275 = VECTOR('',#2276,1.);
#2276 = DIRECTION('',(0.,-1.));
#2277 = ( GEOMETRIC_REPRESENTATION_CONTEXT(2) 
PARAMETRIC_REPRESENTATION_CONTEXT() REPRESENTATION_CONTEXT('2D SPACE',''
  ) );
#2278 = ORIENTED_EDGE('',*,*,#644,.F.);
#2279 = ADVANCED_FACE('',(#2280),#632,.T.);
#2280 = FACE_BOUND('',#2281,.T.);
#2281 = EDGE_LOOP('',(#2282,#2283,#2304,#2305));
#2282 = ORIENTED_EDGE('',*,*,#2258,.T.);
#2283 = ORIENTED_EDGE('',*,*,#2284,.T.);
#2284 = EDGE_CURVE('',#2236,#2110,#2285,.T.);
#2285 = SURFACE_CURVE('',#2286,(#2290,#2297),.PCURVE_S1.);
#2286 = LINE('',#2287,#2288);
#2287 = CARTESIAN_POINT('',(-15.,0.4,-5.));
#2288 = VECTOR('',#2289,1.);
#2289 = DIRECTION('',(0.,-1.,0.));
#2290 = PCURVE('',#632,#2291);
#2291 = DEFINITIONAL_REPRESENTATION('',(#2292),#2296);
#2292 = LINE('',#2293,#2294);
#2293 = CARTESIAN_POINT('',(0.,-5.));
#2294 = VECTOR('',#2295,1.);
#2295 = DIRECTION('',(1.,0.));
#2296 = ( GEOMETRIC_REPRESENTATION_CONTEXT(2) 
PARAMETRIC_REPRESENTATION_CONTEXT() REPRESENTATION_CONTEXT('2D SPACE',''
  ) );
#2297 = PCURVE('',#2148,#2298);
#2298 = DEFINITIONAL_REPRESENTATION('',(#2299),#2303);
#2299 = LINE('',#2300,#2301);
#2300 = CARTESIAN_POINT('',(-15.,0.4));
#2301 = VECTOR('',#2302,1.);
#2302 = DIRECTION('',(0.,-1.));
#2303 = ( GEOMETRIC_REPRESENTATION_CONTEXT(2) 
PARAMETRIC_REPRESENTATION_CONTEXT() REPRESENTATION_CONTEXT('2D SPACE',''
  ) );
#2304 = ORIENTED_EDGE('',*,*,#2109,.F.);
#2305 = ORIENTED_EDGE('',*,*,#616,.F.);
#2306 = ADVANCED_FACE('',(#2307),#718,.T.);
#2307 = FACE_BOUND('',#2308,.T.);
#2308 = EDGE_LOOP('',(#2309,#2332,#2360,#2381));
#2309 = ORIENTED_EDGE('',*,*,#2310,.T.);
#2310 = EDGE_CURVE('',#701,#2311,#2313,.T.);
#2311 = VERTEX_POINT('',#2312);
#2312 = CARTESIAN_POINT('',(-5.5,-0.4,-5.));
#2313 = SURFACE_CURVE('',#2314,(#2318,#2325),.PCURVE_S1.);
#2314 = LINE('',#2315,#2316);
#2315 = CARTESIAN_POINT('',(-5.5,-0.4,0.));
#2316 = VECTOR('',#2317,1.);
#2317 = DIRECTION('',(0.,0.,-1.));
#2318 = PCURVE('',#718,#2319);
#2319 = DEFINITIONAL_REPRESENTATION('',(#2320),#2324);
#2320 = LINE('',#2321,#2322);
#2321 = CARTESIAN_POINT('',(0.,0.));
#2322 = VECTOR('',#2323,1.);
#2323 = DIRECTION('',(0.,-1.));
#2324 = ( GEOMETRIC_REPRESENTATION_CONTEXT(2) 
PARAMETRIC_REPRESENTATION_CONTEXT() REPRESENTATION_CONTEXT('2D SPACE',''
  ) );
#2325 = PCURVE('',#746,#2326);
#2326 = DEFINITIONAL_REPRESENTATION('',(#2327),#2331);
#2327 = LINE('',#2328,#2329);
#2328 = CARTESIAN_POINT('',(0.8,0.));
#2329 = VECTOR('',#2330,1.);
#2330 = DIRECTION('',(0.,-1.));
#2331 = ( GEOMETRIC_REPRESENTATION_CONTEXT(2) 
PARAMETRIC_REPRESENTATION_CONTEXT() REPRESENTATION_CONTEXT('2D SPACE',''
  ) );
#2332 = ORIENTED_EDGE('',*,*,#2333,.T.);
#2333 = EDGE_CURVE('',#2311,#2334,#2336,.T.);
#2334 = VERTEX_POINT('',#2335);
#2335 = CARTESIAN_POINT('',(-4.,-0.4,-5.));
#2336 = SURFACE_CURVE('',#2337,(#2341,#2348),.PCURVE_S1.);
#2337 = LINE('',#2338,#2339);
#2338 = CARTESIAN_POINT('',(-5.5,-0.4,-5.));
#2339 = VECTOR('',#2340,1.);
#2340 = DIRECTION('',(1.,0.,0.));
#2341 = PCURVE('',#718,#2342);
#2342 = DEFINITIONAL_REPRESENTATION('',(#2343),#2347);
#2343 = LINE('',#2344,#2345);
#2344 = CARTESIAN_POINT('',(0.,-5.));
#2345 = VECTOR('',#2346,1.);
#2346 = DIRECTION('',(1.,0.));
#2347 = ( GEOMETRIC_REPRESENTATION_CONTEXT(2) 
PARAMETRIC_REPRESENTATION_CONTEXT() REPRESENTATION_CONTEXT('2D SPACE',''
  ) );
#2348 = PCURVE('',#2349,#2354);
#2349 = PLANE('',#2350);
#2350 = AXIS2_PLACEMENT_3D('',#2351,#2352,#2353);
#2351 = CARTESIAN_POINT('',(0.,0.,-5.));
#2352 = DIRECTION('',(0.,0.,1.));
#2353 = DIRECTION('',(1.,0.,0.));
#2354 = DEFINITIONAL_REPRESENTATION('',(#2355),#2359);
#2355 = LINE('',#2356,#2357);
#2356 = CARTESIAN_POINT('',(-5.5,-0.4));
#2357 = VECTOR('',#2358,1.);
#2358 = DIRECTION('',(1.,0.));
#2359 = ( GEOMETRIC_REPRESENTATION_CONTEXT(2) 
PARAMETRIC_REPRESENTATION_CONTEXT() REPRESENTATION_CONTEXT('2D SPACE',''
  ) );
#2360 = ORIENTED_EDGE('',*,*,#2361,.F.);
#2361 = EDGE_CURVE('',#703,#2334,#2362,.T.);
#2362 = SURFACE_CURVE('',#2363,(#2367,#2374),.PCURVE_S1.);
#2363 = LINE('',#2364,#2365);
#2364 = CARTESIAN_POINT('',(-4.,-0.4,0.));
#2365 = VECTOR('',#2366,1.);
#2366 = DIRECTION('',(0.,0.,-1.));
#2367 = PCURVE('',#718,#2368);
#2368 = DEFINITIONAL_REPRESENTATION('',(#2369),#2373);
#2369 = LINE('',#2370,#2371);
#2370 = CARTESIAN_POINT('',(1.5,0.));
#2371 = VECTOR('',#2372,1.);
#2372 = DIRECTION('',(0.,-1.));
#2373 = ( GEOMETRIC_REPRESENTATION_CONTEXT(2) 
PARAMETRIC_REPRESENTATION_CONTEXT() REPRESENTATION_CONTEXT('2D SPACE',''
  ) );
#2374 = PCURVE('',#800,#2375);
#2375 = DEFINITIONAL_REPRESENTATION('',(#2376),#2380);
#2376 = LINE('',#2377,#2378);
#2377 = CARTESIAN_POINT('',(0.,0.));
#2378 = VECTOR('',#2379,1.);
#2379 = DIRECTION('',(0.,-1.));
#2380 = ( GEOMETRIC_REPRESENTATION_CONTEXT(2) 
PARAMETRIC_REPRESENTATION_CONTEXT() REPRESENTATION_CONTEXT('2D SPACE',''
  ) );
#2381 = ORIENTED_EDGE('',*,*,#700,.F.);
#2382 = ADVANCED_FACE('',(#2383),#800,.T.);
#2383 = FACE_BOUND('',#2384,.T.);
#2384 = EDGE_LOOP('',(#2385,#2386,#2409,#2430));
#2385 = ORIENTED_EDGE('',*,*,#2361,.T.);
#2386 = ORIENTED_EDGE('',*,*,#2387,.T.);
#2387 = EDGE_CURVE('',#2334,#2388,#2390,.T.);
#2388 = VERTEX_POINT('',#2389);
#2389 = CARTESIAN_POINT('',(-4.,0.4,-5.));
#2390 = SURFACE_CURVE('',#2391,(#2395,#2402),.PCURVE_S1.);
#2391 = LINE('',#2392,#2393);
#2392 = CARTESIAN_POINT('',(-4.,-0.4,-5.));
#2393 = VECTOR('',#2394,1.);
#2394 = DIRECTION('',(0.,1.,0.));
#2395 = PCURVE('',#800,#2396);
#2396 = DEFINITIONAL_REPRESENTATION('',(#2397),#2401);
#2397 = LINE('',#2398,#2399);
#2398 = CARTESIAN_POINT('',(0.,-5.));
#2399 = VECTOR('',#2400,1.);
#2400 = DIRECTION('',(1.,0.));
#2401 = ( GEOMETRIC_REPRESENTATION_CONTEXT(2) 
PARAMETRIC_REPRESENTATION_CONTEXT() REPRESENTATION_CONTEXT('2D SPACE',''
  ) );
#2402 = PCURVE('',#2349,#2403);
#2403 = DEFINITIONAL_REPRESENTATION('',(#2404),#2408);
#2404 = LINE('',#2405,#2406);
#2405 = CARTESIAN_POINT('',(-4.,-0.4));
#2406 = VECTOR('',#2407,1.);
#2407 = DIRECTION('',(0.,1.));
#2408 = ( GEOMETRIC_REPRESENTATION_CONTEXT(2) 
PARAMETRIC_REPRESENTATION_CONTEXT() REPRESENTATION_CONTEXT('2D SPACE',''
  ) );
#2409 = ORIENTED_EDGE('',*,*,#2410,.F.);
#2410 = EDGE_CURVE('',#759,#2388,#2411,.T.);
#2411 = SURFACE_CURVE('',#2412,(#2416,#2423),.PCURVE_S1.);
#2412 = LINE('',#2413,#2414);
#2413 = CARTESIAN_POINT('',(-4.,0.4,0.));
#2414 = VECTOR('',#2415,1.);
#2415 = DIRECTION('',(0.,0.,-1.));
#2416 = PCURVE('',#800,#2417);
#2417 = DEFINITIONAL_REPRESENTATION('',(#2418),#2422);
#2418 = LINE('',#2419,#2420);
#2419 = CARTESIAN_POINT('',(0.8,0.));
#2420 = VECTOR('',#2421,1.);
#2421 = DIRECTION('',(0.,-1.));
#2422 = ( GEOMETRIC_REPRESENTATION_CONTEXT(2) 
PARAMETRIC_REPRESENTATION_CONTEXT() REPRESENTATION_CONTEXT('2D SPACE',''
  ) );
#2423 = PCURVE('',#774,#2424);
#2424 = DEFINITIONAL_REPRESENTATION('',(#2425),#2429);
#2425 = LINE('',#2426,#2427);
#2426 = CARTESIAN_POINT('',(0.,0.));
#2427 = VECTOR('',#2428,1.);
#2428 = DIRECTION('',(0.,-1.));
#2429 = ( GEOMETRIC_REPRESENTATION_CONTEXT(2) 
PARAMETRIC_REPRESENTATION_CONTEXT() REPRESENTATION_CONTEXT('2D SPACE',''
  ) );
#2430 = ORIENTED_EDGE('',*,*,#786,.F.);
#2431 = ADVANCED_FACE('',(#2432),#774,.T.);
#2432 = FACE_BOUND('',#2433,.T.);
#2433 = EDGE_LOOP('',(#2434,#2435,#2458,#2479));
#2434 = ORIENTED_EDGE('',*,*,#2410,.T.);
#2435 = ORIENTED_EDGE('',*,*,#2436,.T.);
#2436 = EDGE_CURVE('',#2388,#2437,#2439,.T.);
#2437 = VERTEX_POINT('',#2438);
#2438 = CARTESIAN_POINT('',(-5.5,0.4,-5.));
#2439 = SURFACE_CURVE('',#2440,(#2444,#2451),.PCURVE_S1.);
#2440 = LINE('',#2441,#2442);
#2441 = CARTESIAN_POINT('',(-4.,0.4,-5.));
#2442 = VECTOR('',#2443,1.);
#2443 = DIRECTION('',(-1.,0.,0.));
#2444 = PCURVE('',#774,#2445);
#2445 = DEFINITIONAL_REPRESENTATION('',(#2446),#2450);
#2446 = LINE('',#2447,#2448);
#2447 = CARTESIAN_POINT('',(0.,-5.));
#2448 = VECTOR('',#2449,1.);
#2449 = DIRECTION('',(1.,0.));
#2450 = ( GEOMETRIC_REPRESENTATION_CONTEXT(2) 
PARAMETRIC_REPRESENTATION_CONTEXT() REPRESENTATION_CONTEXT('2D SPACE',''
  ) );
#2451 = PCURVE('',#2349,#2452);
#2452 = DEFINITIONAL_REPRESENTATION('',(#2453),#2457);
#2453 = LINE('',#2454,#2455);
#2454 = CARTESIAN_POINT('',(-4.,0.4));
#2455 = VECTOR('',#2456,1.);
#2456 = DIRECTION('',(-1.,0.));
#2457 = ( GEOMETRIC_REPRESENTATION_CONTEXT(2) 
PARAMETRIC_REPRESENTATION_CONTEXT() REPRESENTATION_CONTEXT('2D SPACE',''
  ) );
#2458 = ORIENTED_EDGE('',*,*,#2459,.F.);
#2459 = EDGE_CURVE('',#731,#2437,#2460,.T.);
#2460 = SURFACE_CURVE('',#2461,(#2465,#2472),.PCURVE_S1.);
#2461 = LINE('',#2462,#2463);
#2462 = CARTESIAN_POINT('',(-5.5,0.4,0.));
#2463 = VECTOR('',#2464,1.);
#2464 = DIRECTION('',(0.,0.,-1.));
#2465 = PCURVE('',#774,#2466);
#2466 = DEFINITIONAL_REPRESENTATION('',(#2467),#2471);
#2467 = LINE('',#2468,#2469);
#2468 = CARTESIAN_POINT('',(1.5,0.));
#2469 = VECTOR('',#2470,1.);
#2470 = DIRECTION('',(0.,-1.));
#2471 = ( GEOMETRIC_REPRESENTATION_CONTEXT(2) 
PARAMETRIC_REPRESENTATION_CONTEXT() REPRESENTATION_CONTEXT('2D SPACE',''
  ) );
#2472 = PCURVE('',#746,#2473);
#2473 = DEFINITIONAL_REPRESENTATION('',(#2474),#2478);
#2474 = LINE('',#2475,#2476);
#2475 = CARTESIAN_POINT('',(0.,0.));
#2476 = VECTOR('',#2477,1.);
#2477 = DIRECTION('',(0.,-1.));
#2478 = ( GEOMETRIC_REPRESENTATION_CONTEXT(2) 
PARAMETRIC_REPRESENTATION_CONTEXT() REPRESENTATION_CONTEXT('2D SPACE',''
  ) );
#2479 = ORIENTED_EDGE('',*,*,#758,.F.);
#2480 = ADVANCED_FACE('',(#2481),#746,.T.);
#2481 = FACE_BOUND('',#2482,.T.);
#2482 = EDGE_LOOP('',(#2483,#2484,#2505,#2506));
#2483 = ORIENTED_EDGE('',*,*,#2459,.T.);
#2484 = ORIENTED_EDGE('',*,*,#2485,.T.);
#2485 = EDGE_CURVE('',#2437,#2311,#2486,.T.);
#2486 = SURFACE_CURVE('',#2487,(#2491,#2498),.PCURVE_S1.);
#2487 = LINE('',#2488,#2489);
#2488 = CARTESIAN_POINT('',(-5.5,0.4,-5.));
#2489 = VECTOR('',#2490,1.);
#2490 = DIRECTION('',(0.,-1.,0.));
#2491 = PCURVE('',#746,#2492);
#2492 = DEFINITIONAL_REPRESENTATION('',(#2493),#2497);
#2493 = LINE('',#2494,#2495);
#2494 = CARTESIAN_POINT('',(0.,-5.));
#2495 = VECTOR('',#2496,1.);
#2496 = DIRECTION('',(1.,0.));
#2497 = ( GEOMETRIC_REPRESENTATION_CONTEXT(2) 
PARAMETRIC_REPRESENTATION_CONTEXT() REPRESENTATION_CONTEXT('2D SPACE',''
  ) );
#2498 = PCURVE('',#2349,#2499);
#2499 = DEFINITIONAL_REPRESENTATION('',(#2500),#2504);
#2500 = LINE('',#2501,#2502);
#2501 = CARTESIAN_POINT('',(-5.5,0.4));
#2502 = VECTOR('',#2503,1.);
#2503 = DIRECTION('',(0.,-1.));
#2504 = ( GEOMETRIC_REPRESENTATION_CONTEXT(2) 
PARAMETRIC_REPRESENTATION_CONTEXT() REPRESENTATION_CONTEXT('2D SPACE',''
  ) );
#2505 = ORIENTED_EDGE('',*,*,#2310,.F.);
#2506 = ORIENTED_EDGE('',*,*,#730,.F.);
#2507 = ADVANCED_FACE('',(#2508),#832,.F.);
#2508 = FACE_BOUND('',#2509,.F.);
#2509 = EDGE_LOOP('',(#2510,#2533,#2561,#2582));
#2510 = ORIENTED_EDGE('',*,*,#2511,.T.);
#2511 = EDGE_CURVE('',#815,#2512,#2514,.T.);
#2512 = VERTEX_POINT('',#2513);
#2513 = CARTESIAN_POINT('',(5.5,0.4,-5.));
#2514 = SURFACE_CURVE('',#2515,(#2519,#2526),.PCURVE_S1.);
#2515 = LINE('',#2516,#2517);
#2516 = CARTESIAN_POINT('',(5.5,0.4,0.));
#2517 = VECTOR('',#2518,1.);
#2518 = DIRECTION('',(0.,0.,-1.));
#2519 = PCURVE('',#832,#2520);
#2520 = DEFINITIONAL_REPRESENTATION('',(#2521),#2525);
#2521 = LINE('',#2522,#2523);
#2522 = CARTESIAN_POINT('',(0.,0.));
#2523 = VECTOR('',#2524,1.);
#2524 = DIRECTION('',(0.,-1.));
#2525 = ( GEOMETRIC_REPRESENTATION_CONTEXT(2) 
PARAMETRIC_REPRESENTATION_CONTEXT() REPRESENTATION_CONTEXT('2D SPACE',''
  ) );
#2526 = PCURVE('',#914,#2527);
#2527 = DEFINITIONAL_REPRESENTATION('',(#2528),#2532);
#2528 = LINE('',#2529,#2530);
#2529 = CARTESIAN_POINT('',(1.5,0.));
#2530 = VECTOR('',#2531,1.);
#2531 = DIRECTION('',(0.,-1.));
#2532 = ( GEOMETRIC_REPRESENTATION_CONTEXT(2) 
PARAMETRIC_REPRESENTATION_CONTEXT() REPRESENTATION_CONTEXT('2D SPACE',''
  ) );
#2533 = ORIENTED_EDGE('',*,*,#2534,.T.);
#2534 = EDGE_CURVE('',#2512,#2535,#2537,.T.);
#2535 = VERTEX_POINT('',#2536);
#2536 = CARTESIAN_POINT('',(5.5,-0.4,-5.));
#2537 = SURFACE_CURVE('',#2538,(#2542,#2549),.PCURVE_S1.);
#2538 = LINE('',#2539,#2540);
#2539 = CARTESIAN_POINT('',(5.5,0.4,-5.));
#2540 = VECTOR('',#2541,1.);
#2541 = DIRECTION('',(0.,-1.,0.));
#2542 = PCURVE('',#832,#2543);
#2543 = DEFINITIONAL_REPRESENTATION('',(#2544),#2548);
#2544 = LINE('',#2545,#2546);
#2545 = CARTESIAN_POINT('',(0.,-5.));
#2546 = VECTOR('',#2547,1.);
#2547 = DIRECTION('',(1.,0.));
#2548 = ( GEOMETRIC_REPRESENTATION_CONTEXT(2) 
PARAMETRIC_REPRESENTATION_CONTEXT() REPRESENTATION_CONTEXT('2D SPACE',''
  ) );
#2549 = PCURVE('',#2550,#2555);
#2550 = PLANE('',#2551);
#2551 = AXIS2_PLACEMENT_3D('',#2552,#2553,#2554);
#2552 = CARTESIAN_POINT('',(0.,0.,-5.));
#2553 = DIRECTION('',(0.,0.,1.));
#2554 = DIRECTION('',(1.,0.,0.));
#2555 = DEFINITIONAL_REPRESENTATION('',(#2556),#2560);
#2556 = LINE('',#2557,#2558);
#2557 = CARTESIAN_POINT('',(5.5,0.4));
#2558 = VECTOR('',#2559,1.);
#2559 = DIRECTION('',(0.,-1.));
#2560 = ( GEOMETRIC_REPRESENTATION_CONTEXT(2) 
PARAMETRIC_REPRESENTATION_CONTEXT() REPRESENTATION_CONTEXT('2D SPACE',''
  ) );
#2561 = ORIENTED_EDGE('',*,*,#2562,.F.);
#2562 = EDGE_CURVE('',#817,#2535,#2563,.T.);
#2563 = SURFACE_CURVE('',#2564,(#2568,#2575),.PCURVE_S1.);
#2564 = LINE('',#2565,#2566);
#2565 = CARTESIAN_POINT('',(5.5,-0.4,0.));
#2566 = VECTOR('',#2567,1.);
#2567 = DIRECTION('',(0.,0.,-1.));
#2568 = PCURVE('',#832,#2569);
#2569 = DEFINITIONAL_REPRESENTATION('',(#2570),#2574);
#2570 = LINE('',#2571,#2572);
#2571 = CARTESIAN_POINT('',(0.8,0.));
#2572 = VECTOR('',#2573,1.);
#2573 = DIRECTION('',(0.,-1.));
#2574 = ( GEOMETRIC_REPRESENTATION_CONTEXT(2) 
PARAMETRIC_REPRESENTATION_CONTEXT() REPRESENTATION_CONTEXT('2D SPACE',''
  ) );
#2575 = PCURVE('',#860,#2576);
#2576 = DEFINITIONAL_REPRESENTATION('',(#2577),#2581);
#2577 = LINE('',#2578,#2579);
#2578 = CARTESIAN_POINT('',(0.,0.));
#2579 = VECTOR('',#2580,1.);
#2580 = DIRECTION('',(0.,-1.));
#2581 = ( GEOMETRIC_REPRESENTATION_CONTEXT(2) 
PARAMETRIC_REPRESENTATION_CONTEXT() REPRESENTATION_CONTEXT('2D SPACE',''
  ) );
#2582 = ORIENTED_EDGE('',*,*,#814,.F.);
#2583 = ADVANCED_FACE('',(#2584),#914,.F.);
#2584 = FACE_BOUND('',#2585,.F.);
#2585 = EDGE_LOOP('',(#2586,#2609,#2630,#2631));
#2586 = ORIENTED_EDGE('',*,*,#2587,.T.);
#2587 = EDGE_CURVE('',#873,#2588,#2590,.T.);
#2588 = VERTEX_POINT('',#2589);
#2589 = CARTESIAN_POINT('',(4.,0.4,-5.));
#2590 = SURFACE_CURVE('',#2591,(#2595,#2602),.PCURVE_S1.);
#2591 = LINE('',#2592,#2593);
#2592 = CARTESIAN_POINT('',(4.,0.4,0.));
#2593 = VECTOR('',#2594,1.);
#2594 = DIRECTION('',(0.,0.,-1.));
#2595 = PCURVE('',#914,#2596);
#2596 = DEFINITIONAL_REPRESENTATION('',(#2597),#2601);
#2597 = LINE('',#2598,#2599);
#2598 = CARTESIAN_POINT('',(0.,0.));
#2599 = VECTOR('',#2600,1.);
#2600 = DIRECTION('',(0.,-1.));
#2601 = ( GEOMETRIC_REPRESENTATION_CONTEXT(2) 
PARAMETRIC_REPRESENTATION_CONTEXT() REPRESENTATION_CONTEXT('2D SPACE',''
  ) );
#2602 = PCURVE('',#888,#2603);
#2603 = DEFINITIONAL_REPRESENTATION('',(#2604),#2608);
#2604 = LINE('',#2605,#2606);
#2605 = CARTESIAN_POINT('',(0.8,0.));
#2606 = VECTOR('',#2607,1.);
#2607 = DIRECTION('',(0.,-1.));
#2608 = ( GEOMETRIC_REPRESENTATION_CONTEXT(2) 
PARAMETRIC_REPRESENTATION_CONTEXT() REPRESENTATION_CONTEXT('2D SPACE',''
  ) );
#2609 = ORIENTED_EDGE('',*,*,#2610,.T.);
#2610 = EDGE_CURVE('',#2588,#2512,#2611,.T.);
#2611 = SURFACE_CURVE('',#2612,(#2616,#2623),.PCURVE_S1.);
#2612 = LINE('',#2613,#2614);
#2613 = CARTESIAN_POINT('',(4.,0.4,-5.));
#2614 = VECTOR('',#2615,1.);
#2615 = DIRECTION('',(1.,0.,0.));
#2616 = PCURVE('',#914,#2617);
#2617 = DEFINITIONAL_REPRESENTATION('',(#2618),#2622);
#2618 = LINE('',#2619,#2620);
#2619 = CARTESIAN_POINT('',(0.,-5.));
#2620 = VECTOR('',#2621,1.);
#2621 = DIRECTION('',(1.,0.));
#2622 = ( GEOMETRIC_REPRESENTATION_CONTEXT(2) 
PARAMETRIC_REPRESENTATION_CONTEXT() REPRESENTATION_CONTEXT('2D SPACE',''
  ) );
#2623 = PCURVE('',#2550,#2624);
#2624 = DEFINITIONAL_REPRESENTATION('',(#2625),#2629);
#2625 = LINE('',#2626,#2627);
#2626 = CARTESIAN_POINT('',(4.,0.4));
#2627 = VECTOR('',#2628,1.);
#2628 = DIRECTION('',(1.,0.));
#2629 = ( GEOMETRIC_REPRESENTATION_CONTEXT(2) 
PARAMETRIC_REPRESENTATION_CONTEXT() REPRESENTATION_CONTEXT('2D SPACE',''
  ) );
#2630 = ORIENTED_EDGE('',*,*,#2511,.F.);
#2631 = ORIENTED_EDGE('',*,*,#900,.F.);
#2632 = ADVANCED_FACE('',(#2633),#888,.F.);
#2633 = FACE_BOUND('',#2634,.F.);
#2634 = EDGE_LOOP('',(#2635,#2658,#2679,#2680));
#2635 = ORIENTED_EDGE('',*,*,#2636,.T.);
#2636 = EDGE_CURVE('',#845,#2637,#2639,.T.);
#2637 = VERTEX_POINT('',#2638);
#2638 = CARTESIAN_POINT('',(4.,-0.4,-5.));
#2639 = SURFACE_CURVE('',#2640,(#2644,#2651),.PCURVE_S1.);
#2640 = LINE('',#2641,#2642);
#2641 = CARTESIAN_POINT('',(4.,-0.4,0.));
#2642 = VECTOR('',#2643,1.);
#2643 = DIRECTION('',(0.,0.,-1.));
#2644 = PCURVE('',#888,#2645);
#2645 = DEFINITIONAL_REPRESENTATION('',(#2646),#2650);
#2646 = LINE('',#2647,#2648);
#2647 = CARTESIAN_POINT('',(0.,0.));
#2648 = VECTOR('',#2649,1.);
#2649 = DIRECTION('',(0.,-1.));
#2650 = ( GEOMETRIC_REPRESENTATION_CONTEXT(2) 
PARAMETRIC_REPRESENTATION_CONTEXT() REPRESENTATION_CONTEXT('2D SPACE',''
  ) );
#2651 = PCURVE('',#860,#2652);
#2652 = DEFINITIONAL_REPRESENTATION('',(#2653),#2657);
#2653 = LINE('',#2654,#2655);
#2654 = CARTESIAN_POINT('',(1.5,0.));
#2655 = VECTOR('',#2656,1.);
#2656 = DIRECTION('',(0.,-1.));
#2657 = ( GEOMETRIC_REPRESENTATION_CONTEXT(2) 
PARAMETRIC_REPRESENTATION_CONTEXT() REPRESENTATION_CONTEXT('2D SPACE',''
  ) );
#2658 = ORIENTED_EDGE('',*,*,#2659,.T.);
#2659 = EDGE_CURVE('',#2637,#2588,#2660,.T.);
#2660 = SURFACE_CURVE('',#2661,(#2665,#2672),.PCURVE_S1.);
#2661 = LINE('',#2662,#2663);
#2662 = CARTESIAN_POINT('',(4.,-0.4,-5.));
#2663 = VECTOR('',#2664,1.);
#2664 = DIRECTION('',(0.,1.,0.));
#2665 = PCURVE('',#888,#2666);
#2666 = DEFINITIONAL_REPRESENTATION('',(#2667),#2671);
#2667 = LINE('',#2668,#2669);
#2668 = CARTESIAN_POINT('',(0.,-5.));
#2669 = VECTOR('',#2670,1.);
#2670 = DIRECTION('',(1.,0.));
#2671 = ( GEOMETRIC_REPRESENTATION_CONTEXT(2) 
PARAMETRIC_REPRESENTATION_CONTEXT() REPRESENTATION_CONTEXT('2D SPACE',''
  ) );
#2672 = PCURVE('',#2550,#2673);
#2673 = DEFINITIONAL_REPRESENTATION('',(#2674),#2678);
#2674 = LINE('',#2675,#2676);
#2675 = CARTESIAN_POINT('',(4.,-0.4));
#2676 = VECTOR('',#2677,1.);
#2677 = DIRECTION('',(0.,1.));
#2678 = ( GEOMETRIC_REPRESENTATION_CONTEXT(2) 
PARAMETRIC_REPRESENTATION_CONTEXT() REPRESENTATION_CONTEXT('2D SPACE',''
  ) );
#2679 = ORIENTED_EDGE('',*,*,#2587,.F.);
#2680 = ORIENTED_EDGE('',*,*,#872,.F.);
#2681 = ADVANCED_FACE('',(#2682),#860,.F.);
#2682 = FACE_BOUND('',#2683,.F.);
#2683 = EDGE_LOOP('',(#2684,#2685,#2706,#2707));
#2684 = ORIENTED_EDGE('',*,*,#2562,.T.);
#2685 = ORIENTED_EDGE('',*,*,#2686,.T.);
#2686 = EDGE_CURVE('',#2535,#2637,#2687,.T.);
#2687 = SURFACE_CURVE('',#2688,(#2692,#2699),.PCURVE_S1.);
#2688 = LINE('',#2689,#2690);
#2689 = CARTESIAN_POINT('',(5.5,-0.4,-5.));
#2690 = VECTOR('',#2691,1.);
#2691 = DIRECTION('',(-1.,0.,0.));
#2692 = PCURVE('',#860,#2693);
#2693 = DEFINITIONAL_REPRESENTATION('',(#2694),#2698);
#2694 = LINE('',#2695,#2696);
#2695 = CARTESIAN_POINT('',(0.,-5.));
#2696 = VECTOR('',#2697,1.);
#2697 = DIRECTION('',(1.,0.));
#2698 = ( GEOMETRIC_REPRESENTATION_CONTEXT(2) 
PARAMETRIC_REPRESENTATION_CONTEXT() REPRESENTATION_CONTEXT('2D SPACE',''
  ) );
#2699 = PCURVE('',#2550,#2700);
#2700 = DEFINITIONAL_REPRESENTATION('',(#2701),#2705);
#2701 = LINE('',#2702,#2703);
#2702 = CARTESIAN_POINT('',(5.5,-0.4));
#2703 = VECTOR('',#2704,1.);
#2704 = DIRECTION('',(-1.,0.));
#2705 = ( GEOMETRIC_REPRESENTATION_CONTEXT(2) 
PARAMETRIC_REPRESENTATION_CONTEXT() REPRESENTATION_CONTEXT('2D SPACE',''
  ) );
#2706 = ORIENTED_EDGE('',*,*,#2636,.F.);
#2707 = ORIENTED_EDGE('',*,*,#844,.F.);
#2708 = ADVANCED_FACE('',(#2709),#946,.F.);
#2709 = FACE_BOUND('',#2710,.F.);
#2710 = EDGE_LOOP('',(#2711,#2734,#2762,#2783));
#2711 = ORIENTED_EDGE('',*,*,#2712,.T.);
#2712 = EDGE_CURVE('',#929,#2713,#2715,.T.);
#2713 = VERTEX_POINT('',#2714);
#2714 = CARTESIAN_POINT('',(15.,0.4,-5.));
#2715 = SURFACE_CURVE('',#2716,(#2720,#2727),.PCURVE_S1.);
#2716 = LINE('',#2717,#2718);
#2717 = CARTESIAN_POINT('',(15.,0.4,0.));
#2718 = VECTOR('',#2719,1.);
#2719 = DIRECTION('',(0.,0.,-1.));
#2720 = PCURVE('',#946,#2721);
#2721 = DEFINITIONAL_REPRESENTATION('',(#2722),#2726);
#2722 = LINE('',#2723,#2724);
#2723 = CARTESIAN_POINT('',(0.,0.));
#2724 = VECTOR('',#2725,1.);
#2725 = DIRECTION('',(0.,-1.));
#2726 = ( GEOMETRIC_REPRESENTATION_CONTEXT(2) 
PARAMETRIC_REPRESENTATION_CONTEXT() REPRESENTATION_CONTEXT('2D SPACE',''
  ) );
#2727 = PCURVE('',#1028,#2728);
#2728 = DEFINITIONAL_REPRESENTATION('',(#2729),#2733);
#2729 = LINE('',#2730,#2731);
#2730 = CARTESIAN_POINT('',(1.5,0.));
#2731 = VECTOR('',#2732,1.);
#2732 = DIRECTION('',(0.,-1.));
#2733 = ( GEOMETRIC_REPRESENTATION_CONTEXT(2) 
PARAMETRIC_REPRESENTATION_CONTEXT() REPRESENTATION_CONTEXT('2D SPACE',''
  ) );
#2734 = ORIENTED_EDGE('',*,*,#2735,.T.);
#2735 = EDGE_CURVE('',#2713,#2736,#2738,.T.);
#2736 = VERTEX_POINT('',#2737);
#2737 = CARTESIAN_POINT('',(15.,-0.4,-5.));
#2738 = SURFACE_CURVE('',#2739,(#2743,#2750),.PCURVE_S1.);
#2739 = LINE('',#2740,#2741);
#2740 = CARTESIAN_POINT('',(15.,0.4,-5.));
#2741 = VECTOR('',#2742,1.);
#2742 = DIRECTION('',(0.,-1.,0.));
#2743 = PCURVE('',#946,#2744);
#2744 = DEFINITIONAL_REPRESENTATION('',(#2745),#2749);
#2745 = LINE('',#2746,#2747);
#2746 = CARTESIAN_POINT('',(0.,-5.));
#2747 = VECTOR('',#2748,1.);
#2748 = DIRECTION('',(1.,0.));
#2749 = ( GEOMETRIC_REPRESENTATION_CONTEXT(2) 
PARAMETRIC_REPRESENTATION_CONTEXT() REPRESENTATION_CONTEXT('2D SPACE',''
  ) );
#2750 = PCURVE('',#2751,#2756);
#2751 = PLANE('',#2752);
#2752 = AXIS2_PLACEMENT_3D('',#2753,#2754,#2755);
#2753 = CARTESIAN_POINT('',(0.,0.,-5.));
#2754 = DIRECTION('',(0.,0.,1.));
#2755 = DIRECTION('',(1.,0.,0.));
#2756 = DEFINITIONAL_REPRESENTATION('',(#2757),#2761);
#2757 = LINE('',#2758,#2759);
#2758 = CARTESIAN_POINT('',(15.,0.4));
#2759 = VECTOR('',#2760,1.);
#2760 = DIRECTION('',(0.,-1.));
#2761 = ( GEOMETRIC_REPRESENTATION_CONTEXT(2) 
PARAMETRIC_REPRESENTATION_CONTEXT() REPRESENTATION_CONTEXT('2D SPACE',''
  ) );
#2762 = ORIENTED_EDGE('',*,*,#2763,.F.);
#2763 = EDGE_CURVE('',#931,#2736,#2764,.T.);
#2764 = SURFACE_CURVE('',#2765,(#2769,#2776),.PCURVE_S1.);
#2765 = LINE('',#2766,#2767);
#2766 = CARTESIAN_POINT('',(15.,-0.4,0.));
#2767 = VECTOR('',#2768,1.);
#2768 = DIRECTION('',(0.,0.,-1.));
#2769 = PCURVE('',#946,#2770);
#2770 = DEFINITIONAL_REPRESENTATION('',(#2771),#2775);
#2771 = LINE('',#2772,#2773);
#2772 = CARTESIAN_POINT('',(0.8,0.));
#2773 = VECTOR('',#2774,1.);
#2774 = DIRECTION('',(0.,-1.));
#2775 = ( GEOMETRIC_REPRESENTATION_CONTEXT(2) 
PARAMETRIC_REPRESENTATION_CONTEXT() REPRESENTATION_CONTEXT('2D SPACE',''
  ) );
#2776 = PCURVE('',#974,#2777);
#2777 = DEFINITIONAL_REPRESENTATION('',(#2778),#2782);
#2778 = LINE('',#2779,#2780);
#2779 = CARTESIAN_POINT('',(0.,0.));
#2780 = VECTOR('',#2781,1.);
#2781 = DIRECTION('',(0.,-1.));
#2782 = ( GEOMETRIC_REPRESENTATION_CONTEXT(2) 
PARAMETRIC_REPRESENTATION_CONTEXT() REPRESENTATION_CONTEXT('2D SPACE',''
  ) );
#2783 = ORIENTED_EDGE('',*,*,#928,.F.);
#2784 = ADVANCED_FACE('',(#2785),#1028,.F.);
#2785 = FACE_BOUND('',#2786,.F.);
#2786 = EDGE_LOOP('',(#2787,#2810,#2831,#2832));
#2787 = ORIENTED_EDGE('',*,*,#2788,.T.);
#2788 = EDGE_CURVE('',#987,#2789,#2791,.T.);
#2789 = VERTEX_POINT('',#2790);
#2790 = CARTESIAN_POINT('',(13.5,0.4,-5.));
#2791 = SURFACE_CURVE('',#2792,(#2796,#2803),.PCURVE_S1.);
#2792 = LINE('',#2793,#2794);
#2793 = CARTESIAN_POINT('',(13.5,0.4,0.));
#2794 = VECTOR('',#2795,1.);
#2795 = DIRECTION('',(0.,0.,-1.));
#2796 = PCURVE('',#1028,#2797);
#2797 = DEFINITIONAL_REPRESENTATION('',(#2798),#2802);
#2798 = LINE('',#2799,#2800);
#2799 = CARTESIAN_POINT('',(0.,0.));
#2800 = VECTOR('',#2801,1.);
#2801 = DIRECTION('',(0.,-1.));
#2802 = ( GEOMETRIC_REPRESENTATION_CONTEXT(2) 
PARAMETRIC_REPRESENTATION_CONTEXT() REPRESENTATION_CONTEXT('2D SPACE',''
  ) );
#2803 = PCURVE('',#1002,#2804);
#2804 = DEFINITIONAL_REPRESENTATION('',(#2805),#2809);
#2805 = LINE('',#2806,#2807);
#2806 = CARTESIAN_POINT('',(0.8,0.));
#2807 = VECTOR('',#2808,1.);
#2808 = DIRECTION('',(0.,-1.));
#2809 = ( GEOMETRIC_REPRESENTATION_CONTEXT(2) 
PARAMETRIC_REPRESENTATION_CONTEXT() REPRESENTATION_CONTEXT('2D SPACE',''
  ) );
#2810 = ORIENTED_EDGE('',*,*,#2811,.T.);
#2811 = EDGE_CURVE('',#2789,#2713,#2812,.T.);
#2812 = SURFACE_CURVE('',#2813,(#2817,#2824),.PCURVE_S1.);
#2813 = LINE('',#2814,#2815);
#2814 = CARTESIAN_POINT('',(13.5,0.4,-5.));
#2815 = VECTOR('',#2816,1.);
#2816 = DIRECTION('',(1.,0.,0.));
#2817 = PCURVE('',#1028,#2818);
#2818 = DEFINITIONAL_REPRESENTATION('',(#2819),#2823);
#2819 = LINE('',#2820,#2821);
#2820 = CARTESIAN_POINT('',(0.,-5.));
#2821 = VECTOR('',#2822,1.);
#2822 = DIRECTION('',(1.,0.));
#2823 = ( GEOMETRIC_REPRESENTATION_CONTEXT(2) 
PARAMETRIC_REPRESENTATION_CONTEXT() REPRESENTATION_CONTEXT('2D SPACE',''
  ) );
#2824 = PCURVE('',#2751,#2825);
#2825 = DEFINITIONAL_REPRESENTATION('',(#2826),#2830);
#2826 = LINE('',#2827,#2828);
#2827 = CARTESIAN_POINT('',(13.5,0.4));
#2828 = VECTOR('',#2829,1.);
#2829 = DIRECTION('',(1.,0.));
#2830 = ( GEOMETRIC_REPRESENTATION_CONTEXT(2) 
PARAMETRIC_REPRESENTATION_CONTEXT() REPRESENTATION_CONTEXT('2D SPACE',''
  ) );
#2831 = ORIENTED_EDGE('',*,*,#2712,.F.);
#2832 = ORIENTED_EDGE('',*,*,#1014,.F.);
#2833 = ADVANCED_FACE('',(#2834),#1002,.F.);
#2834 = FACE_BOUND('',#2835,.F.);
#2835 = EDGE_LOOP('',(#2836,#2859,#2880,#2881));
#2836 = ORIENTED_EDGE('',*,*,#2837,.T.);
#2837 = EDGE_CURVE('',#959,#2838,#2840,.T.);
#2838 = VERTEX_POINT('',#2839);
#2839 = CARTESIAN_POINT('',(13.5,-0.4,-5.));
#2840 = SURFACE_CURVE('',#2841,(#2845,#2852),.PCURVE_S1.);
#2841 = LINE('',#2842,#2843);
#2842 = CARTESIAN_POINT('',(13.5,-0.4,0.));
#2843 = VECTOR('',#2844,1.);
#2844 = DIRECTION('',(0.,0.,-1.));
#2845 = PCURVE('',#1002,#2846);
#2846 = DEFINITIONAL_REPRESENTATION('',(#2847),#2851);
#2847 = LINE('',#2848,#2849);
#2848 = CARTESIAN_POINT('',(0.,0.));
#2849 = VECTOR('',#2850,1.);
#2850 = DIRECTION('',(0.,-1.));
#2851 = ( GEOMETRIC_REPRESENTATION_CONTEXT(2) 
PARAMETRIC_REPRESENTATION_CONTEXT() REPRESENTATION_CONTEXT('2D SPACE',''
  ) );
#2852 = PCURVE('',#974,#2853);
#2853 = DEFINITIONAL_REPRESENTATION('',(#2854),#2858);
#2854 = LINE('',#2855,#2856);
#2855 = CARTESIAN_POINT('',(1.5,0.));
#2856 = VECTOR('',#2857,1.);
#2857 = DIRECTION('',(0.,-1.));
#2858 = ( GEOMETRIC_REPRESENTATION_CONTEXT(2) 
PARAMETRIC_REPRESENTATION_CONTEXT() REPRESENTATION_CONTEXT('2D SPACE',''
  ) );
#2859 = ORIENTED_EDGE('',*,*,#2860,.T.);
#2860 = EDGE_CURVE('',#2838,#2789,#2861,.T.);
#2861 = SURFACE_CURVE('',#2862,(#2866,#2873),.PCURVE_S1.);
#2862 = LINE('',#2863,#2864);
#2863 = CARTESIAN_POINT('',(13.5,-0.4,-5.));
#2864 = VECTOR('',#2865,1.);
#2865 = DIRECTION('',(0.,1.,0.));
#2866 = PCURVE('',#1002,#2867);
#2867 = DEFINITIONAL_REPRESENTATION('',(#2868),#2872);
#2868 = LINE('',#2869,#2870);
#2869 = CARTESIAN_POINT('',(0.,-5.));
#2870 = VECTOR('',#2871,1.);
#2871 = DIRECTION('',(1.,0.));
#2872 = ( GEOMETRIC_REPRESENTATION_CONTEXT(2) 
PARAMETRIC_REPRESENTATION_CONTEXT() REPRESENTATION_CONTEXT('2D SPACE',''
  ) );
#2873 = PCURVE('',#2751,#2874);
#2874 = DEFINITIONAL_REPRESENTATION('',(#2875),#2879);
#2875 = LINE('',#2876,#2877);
#2876 = CARTESIAN_POINT('',(13.5,-0.4));
#2877 = VECTOR('',#2878,1.);
#2878 = DIRECTION('',(0.,1.));
#2879 = ( GEOMETRIC_REPRESENTATION_CONTEXT(2) 
PARAMETRIC_REPRESENTATION_CONTEXT() REPRESENTATION_CONTEXT('2D SPACE',''
  ) );
#2880 = ORIENTED_EDGE('',*,*,#2788,.F.);
#2881 = ORIENTED_EDGE('',*,*,#986,.F.);
#2882 = ADVANCED_FACE('',(#2883),#974,.F.);
#2883 = FACE_BOUND('',#2884,.F.);
#2884 = EDGE_LOOP('',(#2885,#2886,#2907,#2908));
#2885 = ORIENTED_EDGE('',*,*,#2763,.T.);
#2886 = ORIENTED_EDGE('',*,*,#2887,.T.);
#2887 = EDGE_CURVE('',#2736,#2838,#2888,.T.);
#2888 = SURFACE_CURVE('',#2889,(#2893,#2900),.PCURVE_S1.);
#2889 = LINE('',#2890,#2891);
#2890 = CARTESIAN_POINT('',(15.,-0.4,-5.));
#2891 = VECTOR('',#2892,1.);
#2892 = DIRECTION('',(-1.,0.,0.));
#2893 = PCURVE('',#974,#2894);
#2894 = DEFINITIONAL_REPRESENTATION('',(#2895),#2899);
#2895 = LINE('',#2896,#2897);
#2896 = CARTESIAN_POINT('',(0.,-5.));
#2897 = VECTOR('',#2898,1.);
#2898 = DIRECTION('',(1.,0.));
#2899 = ( GEOMETRIC_REPRESENTATION_CONTEXT(2) 
PARAMETRIC_REPRESENTATION_CONTEXT() REPRESENTATION_CONTEXT('2D SPACE',''
  ) );
#2900 = PCURVE('',#2751,#2901);
#2901 = DEFINITIONAL_REPRESENTATION('',(#2902),#2906);
#2902 = LINE('',#2903,#2904);
#2903 = CARTESIAN_POINT('',(15.,-0.4));
#2904 = VECTOR('',#2905,1.);
#2905 = DIRECTION('',(-1.,0.));
#2906 = ( GEOMETRIC_REPRESENTATION_CONTEXT(2) 
PARAMETRIC_REPRESENTATION_CONTEXT() REPRESENTATION_CONTEXT('2D SPACE',''
  ) );
#2907 = ORIENTED_EDGE('',*,*,#2837,.F.);
#2908 = ORIENTED_EDGE('',*,*,#958,.F.);
#2909 = ADVANCED_FACE('',(#2910),#1108,.T.);
#2910 = FACE_BOUND('',#2911,.T.);
#2911 = EDGE_LOOP('',(#2912,#2913,#2936,#2957));
#2912 = ORIENTED_EDGE('',*,*,#1094,.T.);
#2913 = ORIENTED_EDGE('',*,*,#2914,.T.);
#2914 = EDGE_CURVE('',#1067,#2915,#2917,.T.);
#2915 = VERTEX_POINT('',#2916);
#2916 = CARTESIAN_POINT('',(-18.5,-7.5,18.5));
#2917 = SURFACE_CURVE('',#2918,(#2922,#2929),.PCURVE_S1.);
#2918 = LINE('',#2919,#2920);
#2919 = CARTESIAN_POINT('',(-18.5,7.5,18.5));
#2920 = VECTOR('',#2921,1.);
#2921 = DIRECTION('',(0.,-1.,0.));
#2922 = PCURVE('',#1108,#2923);
#2923 = DEFINITIONAL_REPRESENTATION('',(#2924),#2928);
#2924 = LINE('',#2925,#2926);
#2925 = CARTESIAN_POINT('',(0.,-8.5));
#2926 = VECTOR('',#2927,1.);
#2927 = DIRECTION('',(1.,0.));
#2928 = ( GEOMETRIC_REPRESENTATION_CONTEXT(2) 
PARAMETRIC_REPRESENTATION_CONTEXT() REPRESENTATION_CONTEXT('2D SPACE',''
  ) );
#2929 = PCURVE('',#1082,#2930);
#2930 = DEFINITIONAL_REPRESENTATION('',(#2931),#2935);
#2931 = LINE('',#2932,#2933);
#2932 = CARTESIAN_POINT('',(-18.5,7.5));
#2933 = VECTOR('',#2934,1.);
#2934 = DIRECTION('',(0.,-1.));
#2935 = ( GEOMETRIC_REPRESENTATION_CONTEXT(2) 
PARAMETRIC_REPRESENTATION_CONTEXT() REPRESENTATION_CONTEXT('2D SPACE',''
  ) );
#2936 = ORIENTED_EDGE('',*,*,#2937,.F.);
#2937 = EDGE_CURVE('',#1126,#2915,#2938,.T.);
#2938 = SURFACE_CURVE('',#2939,(#2943,#2950),.PCURVE_S1.);
#2939 = LINE('',#2940,#2941);
#2940 = CARTESIAN_POINT('',(-18.5,-7.5,10.));
#2941 = VECTOR('',#2942,1.);
#2942 = DIRECTION('',(0.,0.,1.));
#2943 = PCURVE('',#1108,#2944);
#2944 = DEFINITIONAL_REPRESENTATION('',(#2945),#2949);
#2945 = LINE('',#2946,#2947);
#2946 = CARTESIAN_POINT('',(15.,0.));
#2947 = VECTOR('',#2948,1.);
#2948 = DIRECTION('',(0.,-1.));
#2949 = ( GEOMETRIC_REPRESENTATION_CONTEXT(2) 
PARAMETRIC_REPRESENTATION_CONTEXT() REPRESENTATION_CONTEXT('2D SPACE',''
  ) );
#2950 = PCURVE('',#1994,#2951);
#2951 = DEFINITIONAL_REPRESENTATION('',(#2952),#2956);
#2952 = LINE('',#2953,#2954);
#2953 = CARTESIAN_POINT('',(0.,-0.));
#2954 = VECTOR('',#2955,1.);
#2955 = DIRECTION('',(0.,-1.));
#2956 = ( GEOMETRIC_REPRESENTATION_CONTEXT(2) 
PARAMETRIC_REPRESENTATION_CONTEXT() REPRESENTATION_CONTEXT('2D SPACE',''
  ) );
#2957 = ORIENTED_EDGE('',*,*,#1125,.F.);
#2958 = ADVANCED_FACE('',(#2959),#1082,.T.);
#2959 = FACE_BOUND('',#2960,.F.);
#2960 = EDGE_LOOP('',(#2961,#2962,#2963,#2984));
#2961 = ORIENTED_EDGE('',*,*,#1066,.T.);
#2962 = ORIENTED_EDGE('',*,*,#2914,.T.);
#2963 = ORIENTED_EDGE('',*,*,#2964,.T.);
#2964 = EDGE_CURVE('',#2915,#2012,#2965,.T.);
#2965 = SURFACE_CURVE('',#2966,(#2970,#2977),.PCURVE_S1.);
#2966 = LINE('',#2967,#2968);
#2967 = CARTESIAN_POINT('',(-18.5,-7.5,18.5));
#2968 = VECTOR('',#2969,1.);
#2969 = DIRECTION('',(-1.,0.,0.));
#2970 = PCURVE('',#1082,#2971);
#2971 = DEFINITIONAL_REPRESENTATION('',(#2972),#2976);
#2972 = LINE('',#2973,#2974);
#2973 = CARTESIAN_POINT('',(-18.5,-7.5));
#2974 = VECTOR('',#2975,1.);
#2975 = DIRECTION('',(-1.,0.));
#2976 = ( GEOMETRIC_REPRESENTATION_CONTEXT(2) 
PARAMETRIC_REPRESENTATION_CONTEXT() REPRESENTATION_CONTEXT('2D SPACE',''
  ) );
#2977 = PCURVE('',#1994,#2978);
#2978 = DEFINITIONAL_REPRESENTATION('',(#2979),#2983);
#2979 = LINE('',#2980,#2981);
#2980 = CARTESIAN_POINT('',(0.,-8.5));
#2981 = VECTOR('',#2982,1.);
#2982 = DIRECTION('',(1.,0.));
#2983 = ( GEOMETRIC_REPRESENTATION_CONTEXT(2) 
PARAMETRIC_REPRESENTATION_CONTEXT() REPRESENTATION_CONTEXT('2D SPACE',''
  ) );
#2984 = ORIENTED_EDGE('',*,*,#2034,.T.);
#2985 = ADVANCED_FACE('',(#2986),#1185,.F.);
#2986 = FACE_BOUND('',#2987,.F.);
#2987 = EDGE_LOOP('',(#2988,#2989,#3012,#3033));
#2988 = ORIENTED_EDGE('',*,*,#1287,.T.);
#2989 = ORIENTED_EDGE('',*,*,#2990,.T.);
#2990 = EDGE_CURVE('',#1260,#2991,#2993,.T.);
#2991 = VERTEX_POINT('',#2992);
#2992 = CARTESIAN_POINT('',(-10.,-7.5,18.5));
#2993 = SURFACE_CURVE('',#2994,(#2998,#3005),.PCURVE_S1.);
#2994 = LINE('',#2995,#2996);
#2995 = CARTESIAN_POINT('',(-10.,7.5,18.5));
#2996 = VECTOR('',#2997,1.);
#2997 = DIRECTION('',(0.,-1.,0.));
#2998 = PCURVE('',#1185,#2999);
#2999 = DEFINITIONAL_REPRESENTATION('',(#3000),#3004);
#3000 = LINE('',#3001,#3002);
#3001 = CARTESIAN_POINT('',(0.,-8.5));
#3002 = VECTOR('',#3003,1.);
#3003 = DIRECTION('',(1.,0.));
#3004 = ( GEOMETRIC_REPRESENTATION_CONTEXT(2) 
PARAMETRIC_REPRESENTATION_CONTEXT() REPRESENTATION_CONTEXT('2D SPACE',''
  ) );
#3005 = PCURVE('',#1275,#3006);
#3006 = DEFINITIONAL_REPRESENTATION('',(#3007),#3011);
#3007 = LINE('',#3008,#3009);
#3008 = CARTESIAN_POINT('',(-10.,7.5));
#3009 = VECTOR('',#3010,1.);
#3010 = DIRECTION('',(0.,-1.));
#3011 = ( GEOMETRIC_REPRESENTATION_CONTEXT(2) 
PARAMETRIC_REPRESENTATION_CONTEXT() REPRESENTATION_CONTEXT('2D SPACE',''
  ) );
#3012 = ORIENTED_EDGE('',*,*,#3013,.F.);
#3013 = EDGE_CURVE('',#1149,#2991,#3014,.T.);
#3014 = SURFACE_CURVE('',#3015,(#3019,#3026),.PCURVE_S1.);
#3015 = LINE('',#3016,#3017);
#3016 = CARTESIAN_POINT('',(-10.,-7.5,10.));
#3017 = VECTOR('',#3018,1.);
#3018 = DIRECTION('',(0.,0.,1.));
#3019 = PCURVE('',#1185,#3020);
#3020 = DEFINITIONAL_REPRESENTATION('',(#3021),#3025);
#3021 = LINE('',#3022,#3023);
#3022 = CARTESIAN_POINT('',(15.,0.));
#3023 = VECTOR('',#3024,1.);
#3024 = DIRECTION('',(0.,-1.));
#3025 = ( GEOMETRIC_REPRESENTATION_CONTEXT(2) 
PARAMETRIC_REPRESENTATION_CONTEXT() REPRESENTATION_CONTEXT('2D SPACE',''
  ) );
#3026 = PCURVE('',#1967,#3027);
#3027 = DEFINITIONAL_REPRESENTATION('',(#3028),#3032);
#3028 = LINE('',#3029,#3030);
#3029 = CARTESIAN_POINT('',(0.,0.));
#3030 = VECTOR('',#3031,1.);
#3031 = DIRECTION('',(0.,-1.));
#3032 = ( GEOMETRIC_REPRESENTATION_CONTEXT(2) 
PARAMETRIC_REPRESENTATION_CONTEXT() REPRESENTATION_CONTEXT('2D SPACE',''
  ) );
#3033 = ORIENTED_EDGE('',*,*,#1171,.F.);
#3034 = ADVANCED_FACE('',(#3035),#1216,.F.);
#3035 = FACE_BOUND('',#3036,.F.);
#3036 = EDGE_LOOP('',(#3037,#3060,#3087,#3088));
#3037 = ORIENTED_EDGE('',*,*,#3038,.T.);
#3038 = EDGE_CURVE('',#1200,#3039,#3041,.T.);
#3039 = VERTEX_POINT('',#3040);
#3040 = CARTESIAN_POINT('',(-13.05,0.,8.));
#3041 = SEAM_CURVE('',#3042,(#3046,#3053),.PCURVE_S1.);
#3042 = LINE('',#3043,#3044);
#3043 = CARTESIAN_POINT('',(-13.05,0.,10.));
#3044 = VECTOR('',#3045,1.);
#3045 = DIRECTION('',(-0.,-0.,-1.));
#3046 = PCURVE('',#1216,#3047);
#3047 = DEFINITIONAL_REPRESENTATION('',(#3048),#3052);
#3048 = LINE('',#3049,#3050);
#3049 = CARTESIAN_POINT('',(0.,0.));
#3050 = VECTOR('',#3051,1.);
#3051 = DIRECTION('',(0.,-1.));
#3052 = ( GEOMETRIC_REPRESENTATION_CONTEXT(2) 
PARAMETRIC_REPRESENTATION_CONTEXT() REPRESENTATION_CONTEXT('2D SPACE',''
  ) );
#3053 = PCURVE('',#1216,#3054);
#3054 = DEFINITIONAL_REPRESENTATION('',(#3055),#3059);
#3055 = LINE('',#3056,#3057);
#3056 = CARTESIAN_POINT('',(6.28318530718,0.));
#3057 = VECTOR('',#3058,1.);
#3058 = DIRECTION('',(0.,-1.));
#3059 = ( GEOMETRIC_REPRESENTATION_CONTEXT(2) 
PARAMETRIC_REPRESENTATION_CONTEXT() REPRESENTATION_CONTEXT('2D SPACE',''
  ) );
#3060 = ORIENTED_EDGE('',*,*,#3061,.T.);
#3061 = EDGE_CURVE('',#3039,#3039,#3062,.T.);
#3062 = SURFACE_CURVE('',#3063,(#3068,#3075),.PCURVE_S1.);
#3063 = CIRCLE('',#3064,1.2);
#3064 = AXIS2_PLACEMENT_3D('',#3065,#3066,#3067);
#3065 = CARTESIAN_POINT('',(-14.25,0.,8.));
#3066 = DIRECTION('',(0.,0.,1.));
#3067 = DIRECTION('',(1.,0.,0.));
#3068 = PCURVE('',#1216,#3069);
#3069 = DEFINITIONAL_REPRESENTATION('',(#3070),#3074);
#3070 = LINE('',#3071,#3072);
#3071 = CARTESIAN_POINT('',(0.,-2.));
#3072 = VECTOR('',#3073,1.);
#3073 = DIRECTION('',(1.,0.));
#3074 = ( GEOMETRIC_REPRESENTATION_CONTEXT(2) 
PARAMETRIC_REPRESENTATION_CONTEXT() REPRESENTATION_CONTEXT('2D SPACE',''
  ) );
#3075 = PCURVE('',#3076,#3081);
#3076 = PLANE('',#3077);
#3077 = AXIS2_PLACEMENT_3D('',#3078,#3079,#3080);
#3078 = CARTESIAN_POINT('',(2.8E-16,-3.E-17,8.));
#3079 = DIRECTION('',(0.,0.,1.));
#3080 = DIRECTION('',(1.,0.,0.));
#3081 = DEFINITIONAL_REPRESENTATION('',(#3082),#3086);
#3082 = CIRCLE('',#3083,1.2);
#3083 = AXIS2_PLACEMENT_2D('',#3084,#3085);
#3084 = CARTESIAN_POINT('',(-14.25,3.E-17));
#3085 = DIRECTION('',(1.,0.));
#3086 = ( GEOMETRIC_REPRESENTATION_CONTEXT(2) 
PARAMETRIC_REPRESENTATION_CONTEXT() REPRESENTATION_CONTEXT('2D SPACE',''
  ) );
#3087 = ORIENTED_EDGE('',*,*,#3038,.F.);
#3088 = ORIENTED_EDGE('',*,*,#1199,.F.);
#3089 = ADVANCED_FACE('',(#3090),#1247,.F.);
#3090 = FACE_BOUND('',#3091,.F.);
#3091 = EDGE_LOOP('',(#3092,#3115,#3136,#3137));
#3092 = ORIENTED_EDGE('',*,*,#3093,.T.);
#3093 = EDGE_CURVE('',#1314,#3094,#3096,.T.);
#3094 = VERTEX_POINT('',#3095);
#3095 = CARTESIAN_POINT('',(-9.,-7.5,18.5));
#3096 = SURFACE_CURVE('',#3097,(#3101,#3108),.PCURVE_S1.);
#3097 = LINE('',#3098,#3099);
#3098 = CARTESIAN_POINT('',(-9.,-7.5,10.));
#3099 = VECTOR('',#3100,1.);
#3100 = DIRECTION('',(0.,0.,1.));
#3101 = PCURVE('',#1247,#3102);
#3102 = DEFINITIONAL_REPRESENTATION('',(#3103),#3107);
#3103 = LINE('',#3104,#3105);
#3104 = CARTESIAN_POINT('',(0.,0.));
#3105 = VECTOR('',#3106,1.);
#3106 = DIRECTION('',(0.,-1.));
#3107 = ( GEOMETRIC_REPRESENTATION_CONTEXT(2) 
PARAMETRIC_REPRESENTATION_CONTEXT() REPRESENTATION_CONTEXT('2D SPACE',''
  ) );
#3108 = PCURVE('',#1967,#3109);
#3109 = DEFINITIONAL_REPRESENTATION('',(#3110),#3114);
#3110 = LINE('',#3111,#3112);
#3111 = CARTESIAN_POINT('',(1.,0.));
#3112 = VECTOR('',#3113,1.);
#3113 = DIRECTION('',(0.,-1.));
#3114 = ( GEOMETRIC_REPRESENTATION_CONTEXT(2) 
PARAMETRIC_REPRESENTATION_CONTEXT() REPRESENTATION_CONTEXT('2D SPACE',''
  ) );
#3115 = ORIENTED_EDGE('',*,*,#3116,.T.);
#3116 = EDGE_CURVE('',#3094,#1232,#3117,.T.);
#3117 = SURFACE_CURVE('',#3118,(#3122,#3129),.PCURVE_S1.);
#3118 = LINE('',#3119,#3120);
#3119 = CARTESIAN_POINT('',(-9.,-7.5,18.5));
#3120 = VECTOR('',#3121,1.);
#3121 = DIRECTION('',(0.,1.,0.));
#3122 = PCURVE('',#1247,#3123);
#3123 = DEFINITIONAL_REPRESENTATION('',(#3124),#3128);
#3124 = LINE('',#3125,#3126);
#3125 = CARTESIAN_POINT('',(0.,-8.5));
#3126 = VECTOR('',#3127,1.);
#3127 = DIRECTION('',(1.,0.));
#3128 = ( GEOMETRIC_REPRESENTATION_CONTEXT(2) 
PARAMETRIC_REPRESENTATION_CONTEXT() REPRESENTATION_CONTEXT('2D SPACE',''
  ) );
#3129 = PCURVE('',#1275,#3130);
#3130 = DEFINITIONAL_REPRESENTATION('',(#3131),#3135);
#3131 = LINE('',#3132,#3133);
#3132 = CARTESIAN_POINT('',(-9.,-7.5));
#3133 = VECTOR('',#3134,1.);
#3134 = DIRECTION('',(0.,1.));
#3135 = ( GEOMETRIC_REPRESENTATION_CONTEXT(2) 
PARAMETRIC_REPRESENTATION_CONTEXT() REPRESENTATION_CONTEXT('2D SPACE',''
  ) );
#3136 = ORIENTED_EDGE('',*,*,#1231,.F.);
#3137 = ORIENTED_EDGE('',*,*,#1313,.F.);
#3138 = ADVANCED_FACE('',(#3139),#1275,.T.);
#3139 = FACE_BOUND('',#3140,.T.);
#3140 = EDGE_LOOP('',(#3141,#3142,#3143,#3164));
#3141 = ORIENTED_EDGE('',*,*,#1259,.T.);
#3142 = ORIENTED_EDGE('',*,*,#2990,.T.);
#3143 = ORIENTED_EDGE('',*,*,#3144,.T.);
#3144 = EDGE_CURVE('',#2991,#3094,#3145,.T.);
#3145 = SURFACE_CURVE('',#3146,(#3150,#3157),.PCURVE_S1.);
#3146 = LINE('',#3147,#3148);
#3147 = CARTESIAN_POINT('',(-10.,-7.5,18.5));
#3148 = VECTOR('',#3149,1.);
#3149 = DIRECTION('',(1.,0.,0.));
#3150 = PCURVE('',#1275,#3151);
#3151 = DEFINITIONAL_REPRESENTATION('',(#3152),#3156);
#3152 = LINE('',#3153,#3154);
#3153 = CARTESIAN_POINT('',(-10.,-7.5));
#3154 = VECTOR('',#3155,1.);
#3155 = DIRECTION('',(1.,0.));
#3156 = ( GEOMETRIC_REPRESENTATION_CONTEXT(2) 
PARAMETRIC_REPRESENTATION_CONTEXT() REPRESENTATION_CONTEXT('2D SPACE',''
  ) );
#3157 = PCURVE('',#1967,#3158);
#3158 = DEFINITIONAL_REPRESENTATION('',(#3159),#3163);
#3159 = LINE('',#3160,#3161);
#3160 = CARTESIAN_POINT('',(0.,-8.5));
#3161 = VECTOR('',#3162,1.);
#3162 = DIRECTION('',(1.,0.));
#3163 = ( GEOMETRIC_REPRESENTATION_CONTEXT(2) 
PARAMETRIC_REPRESENTATION_CONTEXT() REPRESENTATION_CONTEXT('2D SPACE',''
  ) );
#3164 = ORIENTED_EDGE('',*,*,#3116,.T.);
#3165 = ADVANCED_FACE('',(#3166),#1373,.F.);
#3166 = FACE_BOUND('',#3167,.F.);
#3167 = EDGE_LOOP('',(#3168,#3169,#3192,#3213));
#3168 = ORIENTED_EDGE('',*,*,#1475,.T.);
#3169 = ORIENTED_EDGE('',*,*,#3170,.T.);
#3170 = EDGE_CURVE('',#1448,#3171,#3173,.T.);
#3171 = VERTEX_POINT('',#3172);
#3172 = CARTESIAN_POINT('',(-0.5,-7.5,18.5));
#3173 = SURFACE_CURVE('',#3174,(#3178,#3185),.PCURVE_S1.);
#3174 = LINE('',#3175,#3176);
#3175 = CARTESIAN_POINT('',(-0.5,7.5,18.5));
#3176 = VECTOR('',#3177,1.);
#3177 = DIRECTION('',(0.,-1.,0.));
#3178 = PCURVE('',#1373,#3179);
#3179 = DEFINITIONAL_REPRESENTATION('',(#3180),#3184);
#3180 = LINE('',#3181,#3182);
#3181 = CARTESIAN_POINT('',(0.,-8.5));
#3182 = VECTOR('',#3183,1.);
#3183 = DIRECTION('',(1.,0.));
#3184 = ( GEOMETRIC_REPRESENTATION_CONTEXT(2) 
PARAMETRIC_REPRESENTATION_CONTEXT() REPRESENTATION_CONTEXT('2D SPACE',''
  ) );
#3185 = PCURVE('',#1463,#3186);
#3186 = DEFINITIONAL_REPRESENTATION('',(#3187),#3191);
#3187 = LINE('',#3188,#3189);
#3188 = CARTESIAN_POINT('',(-0.5,7.5));
#3189 = VECTOR('',#3190,1.);
#3190 = DIRECTION('',(0.,-1.));
#3191 = ( GEOMETRIC_REPRESENTATION_CONTEXT(2) 
PARAMETRIC_REPRESENTATION_CONTEXT() REPRESENTATION_CONTEXT('2D SPACE',''
  ) );
#3192 = ORIENTED_EDGE('',*,*,#3193,.F.);
#3193 = EDGE_CURVE('',#1337,#3171,#3194,.T.);
#3194 = SURFACE_CURVE('',#3195,(#3199,#3206),.PCURVE_S1.);
#3195 = LINE('',#3196,#3197);
#3196 = CARTESIAN_POINT('',(-0.5,-7.5,10.));
#3197 = VECTOR('',#3198,1.);
#3198 = DIRECTION('',(0.,0.,1.));
#3199 = PCURVE('',#1373,#3200);
#3200 = DEFINITIONAL_REPRESENTATION('',(#3201),#3205);
#3201 = LINE('',#3202,#3203);
#3202 = CARTESIAN_POINT('',(15.,0.));
#3203 = VECTOR('',#3204,1.);
#3204 = DIRECTION('',(0.,-1.));
#3205 = ( GEOMETRIC_REPRESENTATION_CONTEXT(2) 
PARAMETRIC_REPRESENTATION_CONTEXT() REPRESENTATION_CONTEXT('2D SPACE',''
  ) );
#3206 = PCURVE('',#1940,#3207);
#3207 = DEFINITIONAL_REPRESENTATION('',(#3208),#3212);
#3208 = LINE('',#3209,#3210);
#3209 = CARTESIAN_POINT('',(0.,0.));
#3210 = VECTOR('',#3211,1.);
#3211 = DIRECTION('',(0.,-1.));
#3212 = ( GEOMETRIC_REPRESENTATION_CONTEXT(2) 
PARAMETRIC_REPRESENTATION_CONTEXT() REPRESENTATION_CONTEXT('2D SPACE',''
  ) );
#3213 = ORIENTED_EDGE('',*,*,#1359,.F.);
#3214 = ADVANCED_FACE('',(#3215),#1404,.F.);
#3215 = FACE_BOUND('',#3216,.F.);
#3216 = EDGE_LOOP('',(#3217,#3240,#3267,#3268));
#3217 = ORIENTED_EDGE('',*,*,#3218,.T.);
#3218 = EDGE_CURVE('',#1388,#3219,#3221,.T.);
#3219 = VERTEX_POINT('',#3220);
#3220 = CARTESIAN_POINT('',(-3.55,0.,8.));
#3221 = SEAM_CURVE('',#3222,(#3226,#3233),.PCURVE_S1.);
#3222 = LINE('',#3223,#3224);
#3223 = CARTESIAN_POINT('',(-3.55,0.,10.));
#3224 = VECTOR('',#3225,1.);
#3225 = DIRECTION('',(-0.,-0.,-1.));
#3226 = PCURVE('',#1404,#3227);
#3227 = DEFINITIONAL_REPRESENTATION('',(#3228),#3232);
#3228 = LINE('',#3229,#3230);
#3229 = CARTESIAN_POINT('',(0.,0.));
#3230 = VECTOR('',#3231,1.);
#3231 = DIRECTION('',(0.,-1.));
#3232 = ( GEOMETRIC_REPRESENTATION_CONTEXT(2) 
PARAMETRIC_REPRESENTATION_CONTEXT() REPRESENTATION_CONTEXT('2D SPACE',''
  ) );
#3233 = PCURVE('',#1404,#3234);
#3234 = DEFINITIONAL_REPRESENTATION('',(#3235),#3239);
#3235 = LINE('',#3236,#3237);
#3236 = CARTESIAN_POINT('',(6.28318530718,0.));
#3237 = VECTOR('',#3238,1.);
#3238 = DIRECTION('',(0.,-1.));
#3239 = ( GEOMETRIC_REPRESENTATION_CONTEXT(2) 
PARAMETRIC_REPRESENTATION_CONTEXT() REPRESENTATION_CONTEXT('2D SPACE',''
  ) );
#3240 = ORIENTED_EDGE('',*,*,#3241,.T.);
#3241 = EDGE_CURVE('',#3219,#3219,#3242,.T.);
#3242 = SURFACE_CURVE('',#3243,(#3248,#3255),.PCURVE_S1.);
#3243 = CIRCLE('',#3244,1.2);
#3244 = AXIS2_PLACEMENT_3D('',#3245,#3246,#3247);
#3245 = CARTESIAN_POINT('',(-4.75,0.,8.));
#3246 = DIRECTION('',(0.,0.,1.));
#3247 = DIRECTION('',(1.,0.,0.));
#3248 = PCURVE('',#1404,#3249);
#3249 = DEFINITIONAL_REPRESENTATION('',(#3250),#3254);
#3250 = LINE('',#3251,#3252);
#3251 = CARTESIAN_POINT('',(0.,-2.));
#3252 = VECTOR('',#3253,1.);
#3253 = DIRECTION('',(1.,0.));
#3254 = ( GEOMETRIC_REPRESENTATION_CONTEXT(2) 
PARAMETRIC_REPRESENTATION_CONTEXT() REPRESENTATION_CONTEXT('2D SPACE',''
  ) );
#3255 = PCURVE('',#3256,#3261);
#3256 = PLANE('',#3257);
#3257 = AXIS2_PLACEMENT_3D('',#3258,#3259,#3260);
#3258 = CARTESIAN_POINT('',(2.8E-16,-3.E-17,8.));
#3259 = DIRECTION('',(0.,0.,1.));
#3260 = DIRECTION('',(1.,0.,0.));
#3261 = DEFINITIONAL_REPRESENTATION('',(#3262),#3266);
#3262 = CIRCLE('',#3263,1.2);
#3263 = AXIS2_PLACEMENT_2D('',#3264,#3265);
#3264 = CARTESIAN_POINT('',(-4.75,3.E-17));
#3265 = DIRECTION('',(1.,0.));
#3266 = ( GEOMETRIC_REPRESENTATION_CONTEXT(2) 
PARAMETRIC_REPRESENTATION_CONTEXT() REPRESENTATION_CONTEXT('2D SPACE',''
  ) );
#3267 = ORIENTED_EDGE('',*,*,#3218,.F.);
#3268 = ORIENTED_EDGE('',*,*,#1387,.F.);
#3269 = ADVANCED_FACE('',(#3270),#1435,.F.);
#3270 = FACE_BOUND('',#3271,.F.);
#3271 = EDGE_LOOP('',(#3272,#3295,#3316,#3317));
#3272 = ORIENTED_EDGE('',*,*,#3273,.T.);
#3273 = EDGE_CURVE('',#1502,#3274,#3276,.T.);
#3274 = VERTEX_POINT('',#3275);
#3275 = CARTESIAN_POINT('',(0.5,-7.5,18.5));
#3276 = SURFACE_CURVE('',#3277,(#3281,#3288),.PCURVE_S1.);
#3277 = LINE('',#3278,#3279);
#3278 = CARTESIAN_POINT('',(0.5,-7.5,10.));
#3279 = VECTOR('',#3280,1.);
#3280 = DIRECTION('',(0.,0.,1.));
#3281 = PCURVE('',#1435,#3282);
#3282 = DEFINITIONAL_REPRESENTATION('',(#3283),#3287);
#3283 = LINE('',#3284,#3285);
#3284 = CARTESIAN_POINT('',(0.,0.));
#3285 = VECTOR('',#3286,1.);
#3286 = DIRECTION('',(0.,-1.));
#3287 = ( GEOMETRIC_REPRESENTATION_CONTEXT(2) 
PARAMETRIC_REPRESENTATION_CONTEXT() REPRESENTATION_CONTEXT('2D SPACE',''
  ) );
#3288 = PCURVE('',#1940,#3289);
#3289 = DEFINITIONAL_REPRESENTATION('',(#3290),#3294);
#3290 = LINE('',#3291,#3292);
#3291 = CARTESIAN_POINT('',(1.,0.));
#3292 = VECTOR('',#3293,1.);
#3293 = DIRECTION('',(0.,-1.));
#3294 = ( GEOMETRIC_REPRESENTATION_CONTEXT(2) 
PARAMETRIC_REPRESENTATION_CONTEXT() REPRESENTATION_CONTEXT('2D SPACE',''
  ) );
#3295 = ORIENTED_EDGE('',*,*,#3296,.T.);
#3296 = EDGE_CURVE('',#3274,#1420,#3297,.T.);
#3297 = SURFACE_CURVE('',#3298,(#3302,#3309),.PCURVE_S1.);
#3298 = LINE('',#3299,#3300);
#3299 = CARTESIAN_POINT('',(0.5,-7.5,18.5));
#3300 = VECTOR('',#3301,1.);
#3301 = DIRECTION('',(0.,1.,0.));
#3302 = PCURVE('',#1435,#3303);
#3303 = DEFINITIONAL_REPRESENTATION('',(#3304),#3308);
#3304 = LINE('',#3305,#3306);
#3305 = CARTESIAN_POINT('',(0.,-8.5));
#3306 = VECTOR('',#3307,1.);
#3307 = DIRECTION('',(1.,0.));
#3308 = ( GEOMETRIC_REPRESENTATION_CONTEXT(2) 
PARAMETRIC_REPRESENTATION_CONTEXT() REPRESENTATION_CONTEXT('2D SPACE',''
  ) );
#3309 = PCURVE('',#1463,#3310);
#3310 = DEFINITIONAL_REPRESENTATION('',(#3311),#3315);
#3311 = LINE('',#3312,#3313);
#3312 = CARTESIAN_POINT('',(0.5,-7.5));
#3313 = VECTOR('',#3314,1.);
#3314 = DIRECTION('',(0.,1.));
#3315 = ( GEOMETRIC_REPRESENTATION_CONTEXT(2) 
PARAMETRIC_REPRESENTATION_CONTEXT() REPRESENTATION_CONTEXT('2D SPACE',''
  ) );
#3316 = ORIENTED_EDGE('',*,*,#1419,.F.);
#3317 = ORIENTED_EDGE('',*,*,#1501,.F.);
#3318 = ADVANCED_FACE('',(#3319),#1463,.T.);
#3319 = FACE_BOUND('',#3320,.T.);
#3320 = EDGE_LOOP('',(#3321,#3322,#3323,#3344));
#3321 = ORIENTED_EDGE('',*,*,#1447,.T.);
#3322 = ORIENTED_EDGE('',*,*,#3170,.T.);
#3323 = ORIENTED_EDGE('',*,*,#3324,.T.);
#3324 = EDGE_CURVE('',#3171,#3274,#3325,.T.);
#3325 = SURFACE_CURVE('',#3326,(#3330,#3337),.PCURVE_S1.);
#3326 = LINE('',#3327,#3328);
#3327 = CARTESIAN_POINT('',(-0.5,-7.5,18.5));
#3328 = VECTOR('',#3329,1.);
#3329 = DIRECTION('',(1.,0.,0.));
#3330 = PCURVE('',#1463,#3331);
#3331 = DEFINITIONAL_REPRESENTATION('',(#3332),#3336);
#3332 = LINE('',#3333,#3334);
#3333 = CARTESIAN_POINT('',(-0.5,-7.5));
#3334 = VECTOR('',#3335,1.);
#3335 = DIRECTION('',(1.,0.));
#3336 = ( GEOMETRIC_REPRESENTATION_CONTEXT(2) 
PARAMETRIC_REPRESENTATION_CONTEXT() REPRESENTATION_CONTEXT('2D SPACE',''
  ) );
#3337 = PCURVE('',#1940,#3338);
#3338 = DEFINITIONAL_REPRESENTATION('',(#3339),#3343);
#3339 = LINE('',#3340,#3341);
#3340 = CARTESIAN_POINT('',(0.,-8.5));
#3341 = VECTOR('',#3342,1.);
#3342 = DIRECTION('',(1.,0.));
#3343 = ( GEOMETRIC_REPRESENTATION_CONTEXT(2) 
PARAMETRIC_REPRESENTATION_CONTEXT() REPRESENTATION_CONTEXT('2D SPACE',''
  ) );
#3344 = ORIENTED_EDGE('',*,*,#3296,.T.);
#3345 = ADVANCED_FACE('',(#3346),#1561,.T.);
#3346 = FACE_BOUND('',#3347,.T.);
#3347 = EDGE_LOOP('',(#3348,#3371,#3392,#3393));
#3348 = ORIENTED_EDGE('',*,*,#3349,.T.);
#3349 = EDGE_CURVE('',#1525,#3350,#3352,.T.);
#3350 = VERTEX_POINT('',#3351);
#3351 = CARTESIAN_POINT('',(9.,-7.5,18.5));
#3352 = SURFACE_CURVE('',#3353,(#3357,#3364),.PCURVE_S1.);
#3353 = LINE('',#3354,#3355);
#3354 = CARTESIAN_POINT('',(9.,-7.5,10.));
#3355 = VECTOR('',#3356,1.);
#3356 = DIRECTION('',(0.,0.,1.));
#3357 = PCURVE('',#1561,#3358);
#3358 = DEFINITIONAL_REPRESENTATION('',(#3359),#3363);
#3359 = LINE('',#3360,#3361);
#3360 = CARTESIAN_POINT('',(0.,0.));
#3361 = VECTOR('',#3362,1.);
#3362 = DIRECTION('',(0.,-1.));
#3363 = ( GEOMETRIC_REPRESENTATION_CONTEXT(2) 
PARAMETRIC_REPRESENTATION_CONTEXT() REPRESENTATION_CONTEXT('2D SPACE',''
  ) );
#3364 = PCURVE('',#1913,#3365);
#3365 = DEFINITIONAL_REPRESENTATION('',(#3366),#3370);
#3366 = LINE('',#3367,#3368);
#3367 = CARTESIAN_POINT('',(1.,0.));
#3368 = VECTOR('',#3369,1.);
#3369 = DIRECTION('',(0.,-1.));
#3370 = ( GEOMETRIC_REPRESENTATION_CONTEXT(2) 
PARAMETRIC_REPRESENTATION_CONTEXT() REPRESENTATION_CONTEXT('2D SPACE',''
  ) );
#3371 = ORIENTED_EDGE('',*,*,#3372,.T.);
#3372 = EDGE_CURVE('',#3350,#1608,#3373,.T.);
#3373 = SURFACE_CURVE('',#3374,(#3378,#3385),.PCURVE_S1.);
#3374 = LINE('',#3375,#3376);
#3375 = CARTESIAN_POINT('',(9.,-7.5,18.5));
#3376 = VECTOR('',#3377,1.);
#3377 = DIRECTION('',(0.,1.,0.));
#3378 = PCURVE('',#1561,#3379);
#3379 = DEFINITIONAL_REPRESENTATION('',(#3380),#3384);
#3380 = LINE('',#3381,#3382);
#3381 = CARTESIAN_POINT('',(0.,-8.5));
#3382 = VECTOR('',#3383,1.);
#3383 = DIRECTION('',(1.,0.));
#3384 = ( GEOMETRIC_REPRESENTATION_CONTEXT(2) 
PARAMETRIC_REPRESENTATION_CONTEXT() REPRESENTATION_CONTEXT('2D SPACE',''
  ) );
#3385 = PCURVE('',#1646,#3386);
#3386 = DEFINITIONAL_REPRESENTATION('',(#3387),#3391);
#3387 = LINE('',#3388,#3389);
#3388 = CARTESIAN_POINT('',(9.,-7.5));
#3389 = VECTOR('',#3390,1.);
#3390 = DIRECTION('',(0.,1.));
#3391 = ( GEOMETRIC_REPRESENTATION_CONTEXT(2) 
PARAMETRIC_REPRESENTATION_CONTEXT() REPRESENTATION_CONTEXT('2D SPACE',''
  ) );
#3392 = ORIENTED_EDGE('',*,*,#1607,.F.);
#3393 = ORIENTED_EDGE('',*,*,#1547,.F.);
#3394 = ADVANCED_FACE('',(#3395),#1592,.F.);
#3395 = FACE_BOUND('',#3396,.F.);
#3396 = EDGE_LOOP('',(#3397,#3420,#3447,#3448));
#3397 = ORIENTED_EDGE('',*,*,#3398,.T.);
#3398 = EDGE_CURVE('',#1576,#3399,#3401,.T.);
#3399 = VERTEX_POINT('',#3400);
#3400 = CARTESIAN_POINT('',(5.95,0.,8.));
#3401 = SEAM_CURVE('',#3402,(#3406,#3413),.PCURVE_S1.);
#3402 = LINE('',#3403,#3404);
#3403 = CARTESIAN_POINT('',(5.95,0.,10.));
#3404 = VECTOR('',#3405,1.);
#3405 = DIRECTION('',(-0.,-0.,-1.));
#3406 = PCURVE('',#1592,#3407);
#3407 = DEFINITIONAL_REPRESENTATION('',(#3408),#3412);
#3408 = LINE('',#3409,#3410);
#3409 = CARTESIAN_POINT('',(0.,0.));
#3410 = VECTOR('',#3411,1.);
#3411 = DIRECTION('',(0.,-1.));
#3412 = ( GEOMETRIC_REPRESENTATION_CONTEXT(2) 
PARAMETRIC_REPRESENTATION_CONTEXT() REPRESENTATION_CONTEXT('2D SPACE',''
  ) );
#3413 = PCURVE('',#1592,#3414);
#3414 = DEFINITIONAL_REPRESENTATION('',(#3415),#3419);
#3415 = LINE('',#3416,#3417);
#3416 = CARTESIAN_POINT('',(6.28318530718,0.));
#3417 = VECTOR('',#3418,1.);
#3418 = DIRECTION('',(0.,-1.));
#3419 = ( GEOMETRIC_REPRESENTATION_CONTEXT(2) 
PARAMETRIC_REPRESENTATION_CONTEXT() REPRESENTATION_CONTEXT('2D SPACE',''
  ) );
#3420 = ORIENTED_EDGE('',*,*,#3421,.T.);
#3421 = EDGE_CURVE('',#3399,#3399,#3422,.T.);
#3422 = SURFACE_CURVE('',#3423,(#3428,#3435),.PCURVE_S1.);
#3423 = CIRCLE('',#3424,1.2);
#3424 = AXIS2_PLACEMENT_3D('',#3425,#3426,#3427);
#3425 = CARTESIAN_POINT('',(4.75,0.,8.));
#3426 = DIRECTION('',(0.,0.,1.));
#3427 = DIRECTION('',(1.,0.,0.));
#3428 = PCURVE('',#1592,#3429);
#3429 = DEFINITIONAL_REPRESENTATION('',(#3430),#3434);
#3430 = LINE('',#3431,#3432);
#3431 = CARTESIAN_POINT('',(0.,-2.));
#3432 = VECTOR('',#3433,1.);
#3433 = DIRECTION('',(1.,0.));
#3434 = ( GEOMETRIC_REPRESENTATION_CONTEXT(2) 
PARAMETRIC_REPRESENTATION_CONTEXT() REPRESENTATION_CONTEXT('2D SPACE',''
  ) );
#3435 = PCURVE('',#3436,#3441);
#3436 = PLANE('',#3437);
#3437 = AXIS2_PLACEMENT_3D('',#3438,#3439,#3440);
#3438 = CARTESIAN_POINT('',(2.8E-16,-3.E-17,8.));
#3439 = DIRECTION('',(0.,0.,1.));
#3440 = DIRECTION('',(1.,0.,0.));
#3441 = DEFINITIONAL_REPRESENTATION('',(#3442),#3446);
#3442 = CIRCLE('',#3443,1.2);
#3443 = AXIS2_PLACEMENT_2D('',#3444,#3445);
#3444 = CARTESIAN_POINT('',(4.75,3.E-17));
#3445 = DIRECTION('',(1.,0.));
#3446 = ( GEOMETRIC_REPRESENTATION_CONTEXT(2) 
PARAMETRIC_REPRESENTATION_CONTEXT() REPRESENTATION_CONTEXT('2D SPACE',''
  ) );
#3447 = ORIENTED_EDGE('',*,*,#3398,.F.);
#3448 = ORIENTED_EDGE('',*,*,#1575,.F.);
#3449 = ADVANCED_FACE('',(#3450),#1672,.T.);
#3450 = FACE_BOUND('',#3451,.T.);
#3451 = EDGE_LOOP('',(#3452,#3453,#3476,#3497));
#3452 = ORIENTED_EDGE('',*,*,#1658,.T.);
#3453 = ORIENTED_EDGE('',*,*,#3454,.T.);
#3454 = EDGE_CURVE('',#1631,#3455,#3457,.T.);
#3455 = VERTEX_POINT('',#3456);
#3456 = CARTESIAN_POINT('',(10.,-7.5,18.5));
#3457 = SURFACE_CURVE('',#3458,(#3462,#3469),.PCURVE_S1.);
#3458 = LINE('',#3459,#3460);
#3459 = CARTESIAN_POINT('',(10.,7.5,18.5));
#3460 = VECTOR('',#3461,1.);
#3461 = DIRECTION('',(0.,-1.,0.));
#3462 = PCURVE('',#1672,#3463);
#3463 = DEFINITIONAL_REPRESENTATION('',(#3464),#3468);
#3464 = LINE('',#3465,#3466);
#3465 = CARTESIAN_POINT('',(0.,-8.5));
#3466 = VECTOR('',#3467,1.);
#3467 = DIRECTION('',(1.,0.));
#3468 = ( GEOMETRIC_REPRESENTATION_CONTEXT(2) 
PARAMETRIC_REPRESENTATION_CONTEXT() REPRESENTATION_CONTEXT('2D SPACE',''
  ) );
#3469 = PCURVE('',#1646,#3470);
#3470 = DEFINITIONAL_REPRESENTATION('',(#3471),#3475);
#3471 = LINE('',#3472,#3473);
#3472 = CARTESIAN_POINT('',(10.,7.5));
#3473 = VECTOR('',#3474,1.);
#3474 = DIRECTION('',(0.,-1.));
#3475 = ( GEOMETRIC_REPRESENTATION_CONTEXT(2) 
PARAMETRIC_REPRESENTATION_CONTEXT() REPRESENTATION_CONTEXT('2D SPACE',''
  ) );
#3476 = ORIENTED_EDGE('',*,*,#3477,.F.);
#3477 = EDGE_CURVE('',#1690,#3455,#3478,.T.);
#3478 = SURFACE_CURVE('',#3479,(#3483,#3490),.PCURVE_S1.);
#3479 = LINE('',#3480,#3481);
#3480 = CARTESIAN_POINT('',(10.,-7.5,10.));
#3481 = VECTOR('',#3482,1.);
#3482 = DIRECTION('',(0.,0.,1.));
#3483 = PCURVE('',#1672,#3484);
#3484 = DEFINITIONAL_REPRESENTATION('',(#3485),#3489);
#3485 = LINE('',#3486,#3487);
#3486 = CARTESIAN_POINT('',(15.,0.));
#3487 = VECTOR('',#3488,1.);
#3488 = DIRECTION('',(0.,-1.));
#3489 = ( GEOMETRIC_REPRESENTATION_CONTEXT(2) 
PARAMETRIC_REPRESENTATION_CONTEXT() REPRESENTATION_CONTEXT('2D SPACE',''
  ) );
#3490 = PCURVE('',#1913,#3491);
#3491 = DEFINITIONAL_REPRESENTATION('',(#3492),#3496);
#3492 = LINE('',#3493,#3494);
#3493 = CARTESIAN_POINT('',(0.,-0.));
#3494 = VECTOR('',#3495,1.);
#3495 = DIRECTION('',(0.,-1.));
#3496 = ( GEOMETRIC_REPRESENTATION_CONTEXT(2) 
PARAMETRIC_REPRESENTATION_CONTEXT() REPRESENTATION_CONTEXT('2D SPACE',''
  ) );
#3497 = ORIENTED_EDGE('',*,*,#1689,.F.);
#3498 = ADVANCED_FACE('',(#3499),#1646,.T.);
#3499 = FACE_BOUND('',#3500,.F.);
#3500 = EDGE_LOOP('',(#3501,#3502,#3503,#3524));
#3501 = ORIENTED_EDGE('',*,*,#1630,.T.);
#3502 = ORIENTED_EDGE('',*,*,#3454,.T.);
#3503 = ORIENTED_EDGE('',*,*,#3504,.T.);
#3504 = EDGE_CURVE('',#3455,#3350,#3505,.T.);
#3505 = SURFACE_CURVE('',#3506,(#3510,#3517),.PCURVE_S1.);
#3506 = LINE('',#3507,#3508);
#3507 = CARTESIAN_POINT('',(10.,-7.5,18.5));
#3508 = VECTOR('',#3509,1.);
#3509 = DIRECTION('',(-1.,0.,0.));
#3510 = PCURVE('',#1646,#3511);
#3511 = DEFINITIONAL_REPRESENTATION('',(#3512),#3516);
#3512 = LINE('',#3513,#3514);
#3513 = CARTESIAN_POINT('',(10.,-7.5));
#3514 = VECTOR('',#3515,1.);
#3515 = DIRECTION('',(-1.,0.));
#3516 = ( GEOMETRIC_REPRESENTATION_CONTEXT(2) 
PARAMETRIC_REPRESENTATION_CONTEXT() REPRESENTATION_CONTEXT('2D SPACE',''
  ) );
#3517 = PCURVE('',#1913,#3518);
#3518 = DEFINITIONAL_REPRESENTATION('',(#3519),#3523);
#3519 = LINE('',#3520,#3521);
#3520 = CARTESIAN_POINT('',(0.,-8.5));
#3521 = VECTOR('',#3522,1.);
#3522 = DIRECTION('',(1.,0.));
#3523 = ( GEOMETRIC_REPRESENTATION_CONTEXT(2) 
PARAMETRIC_REPRESENTATION_CONTEXT() REPRESENTATION_CONTEXT('2D SPACE',''
  ) );
#3524 = ORIENTED_EDGE('',*,*,#3372,.T.);
#3525 = ADVANCED_FACE('',(#3526),#1749,.F.);
#3526 = FACE_BOUND('',#3527,.F.);
#3527 = EDGE_LOOP('',(#3528,#3529,#3552,#3573));
#3528 = ORIENTED_EDGE('',*,*,#1846,.T.);
#3529 = ORIENTED_EDGE('',*,*,#3530,.T.);
#3530 = EDGE_CURVE('',#1819,#3531,#3533,.T.);
#3531 = VERTEX_POINT('',#3532);
#3532 = CARTESIAN_POINT('',(18.5,-7.5,18.5));
#3533 = SURFACE_CURVE('',#3534,(#3538,#3545),.PCURVE_S1.);
#3534 = LINE('',#3535,#3536);
#3535 = CARTESIAN_POINT('',(18.5,7.5,18.5));
#3536 = VECTOR('',#3537,1.);
#3537 = DIRECTION('',(0.,-1.,0.));
#3538 = PCURVE('',#1749,#3539);
#3539 = DEFINITIONAL_REPRESENTATION('',(#3540),#3544);
#3540 = LINE('',#3541,#3542);
#3541 = CARTESIAN_POINT('',(0.,-8.5));
#3542 = VECTOR('',#3543,1.);
#3543 = DIRECTION('',(1.,0.));
#3544 = ( GEOMETRIC_REPRESENTATION_CONTEXT(2) 
PARAMETRIC_REPRESENTATION_CONTEXT() REPRESENTATION_CONTEXT('2D SPACE',''
  ) );
#3545 = PCURVE('',#1834,#3546);
#3546 = DEFINITIONAL_REPRESENTATION('',(#3547),#3551);
#3547 = LINE('',#3548,#3549);
#3548 = CARTESIAN_POINT('',(18.5,7.5));
#3549 = VECTOR('',#3550,1.);
#3550 = DIRECTION('',(0.,-1.));
#3551 = ( GEOMETRIC_REPRESENTATION_CONTEXT(2) 
PARAMETRIC_REPRESENTATION_CONTEXT() REPRESENTATION_CONTEXT('2D SPACE',''
  ) );
#3552 = ORIENTED_EDGE('',*,*,#3553,.F.);
#3553 = EDGE_CURVE('',#1713,#3531,#3554,.T.);
#3554 = SURFACE_CURVE('',#3555,(#3559,#3566),.PCURVE_S1.);
#3555 = LINE('',#3556,#3557);
#3556 = CARTESIAN_POINT('',(18.5,-7.5,10.));
#3557 = VECTOR('',#3558,1.);
#3558 = DIRECTION('',(0.,0.,1.));
#3559 = PCURVE('',#1749,#3560);
#3560 = DEFINITIONAL_REPRESENTATION('',(#3561),#3565);
#3561 = LINE('',#3562,#3563);
#3562 = CARTESIAN_POINT('',(15.,0.));
#3563 = VECTOR('',#3564,1.);
#3564 = DIRECTION('',(0.,-1.));
#3565 = ( GEOMETRIC_REPRESENTATION_CONTEXT(2) 
PARAMETRIC_REPRESENTATION_CONTEXT() REPRESENTATION_CONTEXT('2D SPACE',''
  ) );
#3566 = PCURVE('',#1886,#3567);
#3567 = DEFINITIONAL_REPRESENTATION('',(#3568),#3572);
#3568 = LINE('',#3569,#3570);
#3569 = CARTESIAN_POINT('',(0.,0.));
#3570 = VECTOR('',#3571,1.);
#3571 = DIRECTION('',(0.,-1.));
#3572 = ( GEOMETRIC_REPRESENTATION_CONTEXT(2) 
PARAMETRIC_REPRESENTATION_CONTEXT() REPRESENTATION_CONTEXT('2D SPACE',''
  ) );
#3573 = ORIENTED_EDGE('',*,*,#1735,.F.);
#3574 = ADVANCED_FACE('',(#3575),#1780,.F.);
#3575 = FACE_BOUND('',#3576,.F.);
#3576 = EDGE_LOOP('',(#3577,#3600,#3627,#3628));
#3577 = ORIENTED_EDGE('',*,*,#3578,.T.);
#3578 = EDGE_CURVE('',#1764,#3579,#3581,.T.);
#3579 = VERTEX_POINT('',#3580);
#3580 = CARTESIAN_POINT('',(15.45,0.,8.));
#3581 = SEAM_CURVE('',#3582,(#3586,#3593),.PCURVE_S1.);
#3582 = LINE('',#3583,#3584);
#3583 = CARTESIAN_POINT('',(15.45,0.,10.));
#3584 = VECTOR('',#3585,1.);
#3585 = DIRECTION('',(-0.,-0.,-1.));
#3586 = PCURVE('',#1780,#3587);
#3587 = DEFINITIONAL_REPRESENTATION('',(#3588),#3592);
#3588 = LINE('',#3589,#3590);
#3589 = CARTESIAN_POINT('',(0.,0.));
#3590 = VECTOR('',#3591,1.);
#3591 = DIRECTION('',(0.,-1.));
#3592 = ( GEOMETRIC_REPRESENTATION_CONTEXT(2) 
PARAMETRIC_REPRESENTATION_CONTEXT() REPRESENTATION_CONTEXT('2D SPACE',''
  ) );
#3593 = PCURVE('',#1780,#3594);
#3594 = DEFINITIONAL_REPRESENTATION('',(#3595),#3599);
#3595 = LINE('',#3596,#3597);
#3596 = CARTESIAN_POINT('',(6.28318530718,0.));
#3597 = VECTOR('',#3598,1.);
#3598 = DIRECTION('',(0.,-1.));
#3599 = ( GEOMETRIC_REPRESENTATION_CONTEXT(2) 
PARAMETRIC_REPRESENTATION_CONTEXT() REPRESENTATION_CONTEXT('2D SPACE',''
  ) );
#3600 = ORIENTED_EDGE('',*,*,#3601,.T.);
#3601 = EDGE_CURVE('',#3579,#3579,#3602,.T.);
#3602 = SURFACE_CURVE('',#3603,(#3608,#3615),.PCURVE_S1.);
#3603 = CIRCLE('',#3604,1.2);
#3604 = AXIS2_PLACEMENT_3D('',#3605,#3606,#3607);
#3605 = CARTESIAN_POINT('',(14.25,0.,8.));
#3606 = DIRECTION('',(0.,0.,1.));
#3607 = DIRECTION('',(1.,0.,0.));
#3608 = PCURVE('',#1780,#3609);
#3609 = DEFINITIONAL_REPRESENTATION('',(#3610),#3614);
#3610 = LINE('',#3611,#3612);
#3611 = CARTESIAN_POINT('',(0.,-2.));
#3612 = VECTOR('',#3613,1.);
#3613 = DIRECTION('',(1.,0.));
#3614 = ( GEOMETRIC_REPRESENTATION_CONTEXT(2) 
PARAMETRIC_REPRESENTATION_CONTEXT() REPRESENTATION_CONTEXT('2D SPACE',''
  ) );
#3615 = PCURVE('',#3616,#3621);
#3616 = PLANE('',#3617);
#3617 = AXIS2_PLACEMENT_3D('',#3618,#3619,#3620);
#3618 = CARTESIAN_POINT('',(2.8E-16,-3.E-17,8.));
#3619 = DIRECTION('',(0.,0.,1.));
#3620 = DIRECTION('',(1.,0.,0.));
#3621 = DEFINITIONAL_REPRESENTATION('',(#3622),#3626);
#3622 = CIRCLE('',#3623,1.2);
#3623 = AXIS2_PLACEMENT_2D('',#3624,#3625);
#3624 = CARTESIAN_POINT('',(14.25,3.E-17));
#3625 = DIRECTION('',(1.,0.));
#3626 = ( GEOMETRIC_REPRESENTATION_CONTEXT(2) 
PARAMETRIC_REPRESENTATION_CONTEXT() REPRESENTATION_CONTEXT('2D SPACE',''
  ) );
#3627 = ORIENTED_EDGE('',*,*,#3578,.F.);
#3628 = ORIENTED_EDGE('',*,*,#1763,.F.);
#3629 = ADVANCED_FACE('',(#3630),#1834,.T.);
#3630 = FACE_BOUND('',#3631,.T.);
#3631 = EDGE_LOOP('',(#3632,#3633,#3634,#3655));
#3632 = ORIENTED_EDGE('',*,*,#1818,.T.);
#3633 = ORIENTED_EDGE('',*,*,#3530,.T.);
#3634 = ORIENTED_EDGE('',*,*,#3635,.T.);
#3635 = EDGE_CURVE('',#3531,#2061,#3636,.T.);
#3636 = SURFACE_CURVE('',#3637,(#3641,#3648),.PCURVE_S1.);
#3637 = LINE('',#3638,#3639);
#3638 = CARTESIAN_POINT('',(18.5,-7.5,18.5));
#3639 = VECTOR('',#3640,1.);
#3640 = DIRECTION('',(1.,0.,0.));
#3641 = PCURVE('',#1834,#3642);
#3642 = DEFINITIONAL_REPRESENTATION('',(#3643),#3647);
#3643 = LINE('',#3644,#3645);
#3644 = CARTESIAN_POINT('',(18.5,-7.5));
#3645 = VECTOR('',#3646,1.);
#3646 = DIRECTION('',(1.,0.));
#3647 = ( GEOMETRIC_REPRESENTATION_CONTEXT(2) 
PARAMETRIC_REPRESENTATION_CONTEXT() REPRESENTATION_CONTEXT('2D SPACE',''
  ) );
#3648 = PCURVE('',#1886,#3649);
#3649 = DEFINITIONAL_REPRESENTATION('',(#3650),#3654);
#3650 = LINE('',#3651,#3652);
#3651 = CARTESIAN_POINT('',(0.,-8.5));
#3652 = VECTOR('',#3653,1.);
#3653 = DIRECTION('',(1.,0.));
#3654 = ( GEOMETRIC_REPRESENTATION_CONTEXT(2) 
PARAMETRIC_REPRESENTATION_CONTEXT() REPRESENTATION_CONTEXT('2D SPACE',''
  ) );
#3655 = ORIENTED_EDGE('',*,*,#2083,.T.);
#3656 = ADVANCED_FACE('',(#3657),#1886,.F.);
#3657 = FACE_BOUND('',#3658,.F.);
#3658 = EDGE_LOOP('',(#3659,#3660,#3661,#3662));
#3659 = ORIENTED_EDGE('',*,*,#3553,.T.);
#3660 = ORIENTED_EDGE('',*,*,#3635,.T.);
#3661 = ORIENTED_EDGE('',*,*,#2060,.F.);
#3662 = ORIENTED_EDGE('',*,*,#1872,.T.);
#3663 = ADVANCED_FACE('',(#3664),#1913,.T.);
#3664 = FACE_BOUND('',#3665,.T.);
#3665 = EDGE_LOOP('',(#3666,#3667,#3668,#3669));
#3666 = ORIENTED_EDGE('',*,*,#3477,.T.);
#3667 = ORIENTED_EDGE('',*,*,#3504,.T.);
#3668 = ORIENTED_EDGE('',*,*,#3349,.F.);
#3669 = ORIENTED_EDGE('',*,*,#1899,.F.);
#3670 = ADVANCED_FACE('',(#3671),#1940,.F.);
#3671 = FACE_BOUND('',#3672,.F.);
#3672 = EDGE_LOOP('',(#3673,#3674,#3675,#3676));
#3673 = ORIENTED_EDGE('',*,*,#3193,.T.);
#3674 = ORIENTED_EDGE('',*,*,#3324,.T.);
#3675 = ORIENTED_EDGE('',*,*,#3273,.F.);
#3676 = ORIENTED_EDGE('',*,*,#1926,.F.);
#3677 = ADVANCED_FACE('',(#3678),#1967,.F.);
#3678 = FACE_BOUND('',#3679,.F.);
#3679 = EDGE_LOOP('',(#3680,#3681,#3682,#3683));
#3680 = ORIENTED_EDGE('',*,*,#3013,.T.);
#3681 = ORIENTED_EDGE('',*,*,#3144,.T.);
#3682 = ORIENTED_EDGE('',*,*,#3093,.F.);
#3683 = ORIENTED_EDGE('',*,*,#1953,.F.);
#3684 = ADVANCED_FACE('',(#3685),#1994,.T.);
#3685 = FACE_BOUND('',#3686,.T.);
#3686 = EDGE_LOOP('',(#3687,#3688,#3689,#3690));
#3687 = ORIENTED_EDGE('',*,*,#2937,.T.);
#3688 = ORIENTED_EDGE('',*,*,#2964,.T.);
#3689 = ORIENTED_EDGE('',*,*,#2011,.F.);
#3690 = ORIENTED_EDGE('',*,*,#1980,.F.);
#3691 = ADVANCED_FACE('',(#3692),#2148,.F.);
#3692 = FACE_BOUND('',#3693,.F.);
#3693 = EDGE_LOOP('',(#3694,#3695,#3696,#3697));
#3694 = ORIENTED_EDGE('',*,*,#2132,.T.);
#3695 = ORIENTED_EDGE('',*,*,#2186,.T.);
#3696 = ORIENTED_EDGE('',*,*,#2235,.T.);
#3697 = ORIENTED_EDGE('',*,*,#2284,.T.);
#3698 = ADVANCED_FACE('',(#3699),#2349,.F.);
#3699 = FACE_BOUND('',#3700,.F.);
#3700 = EDGE_LOOP('',(#3701,#3702,#3703,#3704));
#3701 = ORIENTED_EDGE('',*,*,#2333,.T.);
#3702 = ORIENTED_EDGE('',*,*,#2387,.T.);
#3703 = ORIENTED_EDGE('',*,*,#2436,.T.);
#3704 = ORIENTED_EDGE('',*,*,#2485,.T.);
#3705 = ADVANCED_FACE('',(#3706),#2550,.F.);
#3706 = FACE_BOUND('',#3707,.T.);
#3707 = EDGE_LOOP('',(#3708,#3709,#3710,#3711));
#3708 = ORIENTED_EDGE('',*,*,#2686,.T.);
#3709 = ORIENTED_EDGE('',*,*,#2659,.T.);
#3710 = ORIENTED_EDGE('',*,*,#2610,.T.);
#3711 = ORIENTED_EDGE('',*,*,#2534,.T.);
#3712 = ADVANCED_FACE('',(#3713),#2751,.F.);
#3713 = FACE_BOUND('',#3714,.T.);
#3714 = EDGE_LOOP('',(#3715,#3716,#3717,#3718));
#3715 = ORIENTED_EDGE('',*,*,#2887,.T.);
#3716 = ORIENTED_EDGE('',*,*,#2860,.T.);
#3717 = ORIENTED_EDGE('',*,*,#2811,.T.);
#3718 = ORIENTED_EDGE('',*,*,#2735,.T.);
#3719 = ADVANCED_FACE('',(#3720),#3076,.T.);
#3720 = FACE_BOUND('',#3721,.T.);
#3721 = EDGE_LOOP('',(#3722));
#3722 = ORIENTED_EDGE('',*,*,#3061,.T.);
#3723 = ADVANCED_FACE('',(#3724),#3256,.T.);
#3724 = FACE_BOUND('',#3725,.T.);
#3725 = EDGE_LOOP('',(#3726));
#3726 = ORIENTED_EDGE('',*,*,#3241,.T.);
#3727 = ADVANCED_FACE('',(#3728),#3436,.T.);
#3728 = FACE_BOUND('',#3729,.T.);
#3729 = EDGE_LOOP('',(#3730));
#3730 = ORIENTED_EDGE('',*,*,#3421,.T.);
#3731 = ADVANCED_FACE('',(#3732),#3616,.T.);
#3732 = FACE_BOUND('',#3733,.T.);
#3733 = EDGE_LOOP('',(#3734));
#3734 = ORIENTED_EDGE('',*,*,#3601,.T.);
#3735 = ( GEOMETRIC_REPRESENTATION_CONTEXT(3) 
GLOBAL_UNCERTAINTY_ASSIGNED_CONTEXT((#3739)) 
GLOBAL_UNIT_ASSIGNED_CONTEXT((#3736,#3737,#3738)) REPRESENTATION_CONTEXT
('Context #1','3D Context with UNIT and UNCERTAINTY') );
#3736 = ( LENGTH_UNIT() NAMED_UNIT(*) SI_UNIT(.MILLI.,.METRE.) );
#3737 = ( NAMED_UNIT(*) PLANE_ANGLE_UNIT() SI_UNIT($,.RADIAN.) );
#3738 = ( NAMED_UNIT(*) SI_UNIT($,.STERADIAN.) SOLID_ANGLE_UNIT() );
#3739 = UNCERTAINTY_MEASURE_WITH_UNIT(LENGTH_MEASURE(1.E-07),#3736,
  'distance_accuracy_value','confusion accuracy');
#3740 = CONTEXT_DEPENDENT_SHAPE_REPRESENTATION(#3741,#3743);
#3741 = ( REPRESENTATION_RELATIONSHIP('','',#52,#10) 
REPRESENTATION_RELATIONSHIP_WITH_TRANSFORMATION(#3742) 
SHAPE_REPRESENTATION_RELATIONSHIP() );
#3742 = ITEM_DEFINED_TRANSFORMATION('','',#11,#15);
#3743 = PRODUCT_DEFINITION_SHAPE('Placement','Placement of an item',
  #3744);
#3744 = NEXT_ASSEMBLY_USAGE_OCCURRENCE('2','ML-260-S1B3YF001','',#5,#47,
  $);
#3745 = PRODUCT_RELATED_PRODUCT_CATEGORY('part',$,(#49));
#3746 = SHAPE_DEFINITION_REPRESENTATION(#3747,#3753);
#3747 = PRODUCT_DEFINITION_SHAPE('','',#3748);
#3748 = PRODUCT_DEFINITION('design','',#3749,#3752);
#3749 = PRODUCT_DEFINITION_FORMATION('','',#3750);
#3750 = PRODUCT('M4x8-Screw','M4x8-Screw','',(#3751));
#3751 = PRODUCT_CONTEXT('',#2,'mechanical');
#3752 = PRODUCT_DEFINITION_CONTEXT('part definition',#2,'design');
#3753 = ADVANCED_BREP_SHAPE_REPRESENTATION('',(#11,#3754),#5959);
#3754 = MANIFOLD_SOLID_BREP('',#3755);
#3755 = CLOSED_SHELL('',(#3756,#4578,#4660,#4720,#4776,#4830,#4885,#4940
    ,#5000,#5056,#5110,#5165,#5220,#5280,#5336,#5390,#5445,#5500,#5560,
    #5616,#5670,#5703,#5758,#5805,#5844,#5900,#5955));
#3756 = ADVANCED_FACE('',(#3757),#3772,.T.);
#3757 = FACE_BOUND('',#3758,.F.);
#3758 = EDGE_LOOP('',(#3759,#3800,#3824,#3851,#3852,#3886,#3932,#3961,
    #4007,#4042,#4077,#4123,#4152,#4198,#4233,#4268,#4314,#4343,#4389,
    #4424,#4459,#4505,#4534));
#3759 = ORIENTED_EDGE('',*,*,#3760,.T.);
#3760 = EDGE_CURVE('',#3761,#3763,#3765,.T.);
#3761 = VERTEX_POINT('',#3762);
#3762 = CARTESIAN_POINT('',(1.140316615925,-0.395,2.986990920257));
#3763 = VERTEX_POINT('',#3764);
#3764 = CARTESIAN_POINT('',(1.000845761008,0.,3.022484547484));
#3765 = SURFACE_CURVE('',#3766,(#3771,#3788),.PCURVE_S1.);
#3766 = CIRCLE('',#3767,6.491541668948);
#3767 = AXIS2_PLACEMENT_3D('',#3768,#3769,#3770);
#3768 = CARTESIAN_POINT('',(0.310295741794,0.112370166265,-3.43124513824
    ));
#3769 = DIRECTION('',(-0.93605880101,-0.33898332763,9.425616500203E-02)
  );
#3770 = DIRECTION('',(0.340499237924,-0.940244792048,3.469446951954E-18)
  );
#3771 = PCURVE('',#3772,#3777);
#3772 = SPHERICAL_SURFACE('',#3773,6.5);
#3773 = AXIS2_PLACEMENT_3D('',#3774,#3775,#3776);
#3774 = CARTESIAN_POINT('',(1.1E-16,0.,-3.4));
#3775 = DIRECTION('',(-0.,-0.,-1.));
#3776 = DIRECTION('',(1.,0.,-0.));
#3777 = DEFINITIONAL_REPRESENTATION('',(#3778),#3787);
#3778 = B_SPLINE_CURVE_WITH_KNOTS('',7,(#3779,#3780,#3781,#3782,#3783,
    #3784,#3785,#3786),.UNSPECIFIED.,.F.,.F.,(8,8),(1.449090390607,
    1.518275067182),.PIECEWISE_BEZIER_KNOTS.);
#3779 = CARTESIAN_POINT('',(-5.931517071072,-1.381256448027));
#3780 = CARTESIAN_POINT('',(-5.97170624074,-1.387588588316));
#3781 = CARTESIAN_POINT('',(-6.015010269541,-1.393567610664));
#3782 = CARTESIAN_POINT('',(-6.061658768885,-1.399143935243));
#3783 = CARTESIAN_POINT('',(-6.111832598105,-1.404260680879));
#3784 = CARTESIAN_POINT('',(-6.165624156914,-1.408853506612));
#3785 = CARTESIAN_POINT('',(-6.222885928863,-1.41285469188));
#3786 = CARTESIAN_POINT('',(-6.28318530718,-1.41620504215));
#3787 = ( GEOMETRIC_REPRESENTATION_CONTEXT(2) 
PARAMETRIC_REPRESENTATION_CONTEXT() REPRESENTATION_CONTEXT('2D SPACE',''
  ) );
#3788 = PCURVE('',#3789,#3794);
#3789 = PLANE('',#3790);
#3790 = AXIS2_PLACEMENT_3D('',#3791,#3792,#3793);
#3791 = CARTESIAN_POINT('',(1.015121441712,-0.1975,2.453966502616));
#3792 = DIRECTION('',(-0.93605880101,-0.33898332763,9.425616500203E-02)
  );
#3793 = DIRECTION('',(-0.340499237924,0.940244792048,3.469446951954E-18)
  );
#3794 = DEFINITIONAL_REPRESENTATION('',(#3795),#3799);
#3795 = CIRCLE('',#3796,6.491541668948);
#3796 = AXIS2_PLACEMENT_2D('',#3797,#3798);
#3797 = CARTESIAN_POINT('',(0.531346423733,5.911529905436));
#3798 = DIRECTION('',(-1.,-0.));
#3799 = ( GEOMETRIC_REPRESENTATION_CONTEXT(2) 
PARAMETRIC_REPRESENTATION_CONTEXT() REPRESENTATION_CONTEXT('2D SPACE',''
  ) );
#3800 = ORIENTED_EDGE('',*,*,#3801,.T.);
#3801 = EDGE_CURVE('',#3763,#3802,#3804,.T.);
#3802 = VERTEX_POINT('',#3803);
#3803 = CARTESIAN_POINT('',(4.,0.,1.72347538298));
#3804 = SEAM_CURVE('',#3805,(#3810,#3817),.PCURVE_S1.);
#3805 = CIRCLE('',#3806,6.5);
#3806 = AXIS2_PLACEMENT_3D('',#3807,#3808,#3809);
#3807 = CARTESIAN_POINT('',(1.1E-16,0.,-3.4));
#3808 = DIRECTION('',(0.,1.,0.));
#3809 = DIRECTION('',(-2.E-17,0.,1.));
#3810 = PCURVE('',#3772,#3811);
#3811 = DEFINITIONAL_REPRESENTATION('',(#3812),#3816);
#3812 = LINE('',#3813,#3814);
#3813 = CARTESIAN_POINT('',(-0.,-1.570796326795));
#3814 = VECTOR('',#3815,1.);
#3815 = DIRECTION('',(-0.,1.));
#3816 = ( GEOMETRIC_REPRESENTATION_CONTEXT(2) 
PARAMETRIC_REPRESENTATION_CONTEXT() REPRESENTATION_CONTEXT('2D SPACE',''
  ) );
#3817 = PCURVE('',#3772,#3818);
#3818 = DEFINITIONAL_REPRESENTATION('',(#3819),#3823);
#3819 = LINE('',#3820,#3821);
#3820 = CARTESIAN_POINT('',(-6.28318530718,-1.570796326795));
#3821 = VECTOR('',#3822,1.);
#3822 = DIRECTION('',(-0.,1.));
#3823 = ( GEOMETRIC_REPRESENTATION_CONTEXT(2) 
PARAMETRIC_REPRESENTATION_CONTEXT() REPRESENTATION_CONTEXT('2D SPACE',''
  ) );
#3824 = ORIENTED_EDGE('',*,*,#3825,.F.);
#3825 = EDGE_CURVE('',#3802,#3802,#3826,.T.);
#3826 = SURFACE_CURVE('',#3827,(#3832,#3839),.PCURVE_S1.);
#3827 = CIRCLE('',#3828,4.);
#3828 = AXIS2_PLACEMENT_3D('',#3829,#3830,#3831);
#3829 = CARTESIAN_POINT('',(0.,0.,1.72347538298));
#3830 = DIRECTION('',(0.,0.,1.));
#3831 = DIRECTION('',(1.,0.,-0.));
#3832 = PCURVE('',#3772,#3833);
#3833 = DEFINITIONAL_REPRESENTATION('',(#3834),#3838);
#3834 = LINE('',#3835,#3836);
#3835 = CARTESIAN_POINT('',(-0.,-0.907922503145));
#3836 = VECTOR('',#3837,1.);
#3837 = DIRECTION('',(-1.,0.));
#3838 = ( GEOMETRIC_REPRESENTATION_CONTEXT(2) 
PARAMETRIC_REPRESENTATION_CONTEXT() REPRESENTATION_CONTEXT('2D SPACE',''
  ) );
#3839 = PCURVE('',#3840,#3845);
#3840 = CYLINDRICAL_SURFACE('',#3841,4.);
#3841 = AXIS2_PLACEMENT_3D('',#3842,#3843,#3844);
#3842 = CARTESIAN_POINT('',(0.,0.,1.72347538298));
#3843 = DIRECTION('',(-0.,-0.,-1.));
#3844 = DIRECTION('',(1.,0.,0.));
#3845 = DEFINITIONAL_REPRESENTATION('',(#3846),#3850);
#3846 = LINE('',#3847,#3848);
#3847 = CARTESIAN_POINT('',(-0.,0.));
#3848 = VECTOR('',#3849,1.);
#3849 = DIRECTION('',(-1.,0.));
#3850 = ( GEOMETRIC_REPRESENTATION_CONTEXT(2) 
PARAMETRIC_REPRESENTATION_CONTEXT() REPRESENTATION_CONTEXT('2D SPACE',''
  ) );
#3851 = ORIENTED_EDGE('',*,*,#3801,.F.);
#3852 = ORIENTED_EDGE('',*,*,#3853,.T.);
#3853 = EDGE_CURVE('',#3763,#3854,#3856,.T.);
#3854 = VERTEX_POINT('',#3855);
#3855 = CARTESIAN_POINT('',(1.140316615925,0.395,2.986990920257));
#3856 = SURFACE_CURVE('',#3857,(#3862,#3874),.PCURVE_S1.);
#3857 = CIRCLE('',#3858,6.491541668948);
#3858 = AXIS2_PLACEMENT_3D('',#3859,#3860,#3861);
#3859 = CARTESIAN_POINT('',(0.310295741794,-0.112370166265,
    -3.43124513824));
#3860 = DIRECTION('',(-0.93605880101,0.33898332763,9.425616500203E-02));
#3861 = DIRECTION('',(-0.340499237924,-0.940244792048,
    -3.469446951954E-18));
#3862 = PCURVE('',#3772,#3863);
#3863 = DEFINITIONAL_REPRESENTATION('',(#3864),#3873);
#3864 = B_SPLINE_CURVE_WITH_KNOTS('',7,(#3865,#3866,#3867,#3868,#3869,
    #3870,#3871,#3872),.UNSPECIFIED.,.F.,.F.,(8,8),(1.623317586408,
    1.692502262983),.PIECEWISE_BEZIER_KNOTS.);
#3865 = CARTESIAN_POINT('',(-7.1E-16,-1.41620504215));
#3866 = CARTESIAN_POINT('',(-6.029937831609E-02,-1.41285469188));
#3867 = CARTESIAN_POINT('',(-0.117561150266,-1.408853506611));
#3868 = CARTESIAN_POINT('',(-0.171352709075,-1.40426068088));
#3869 = CARTESIAN_POINT('',(-0.221526538296,-1.399143935243));
#3870 = CARTESIAN_POINT('',(-0.268175037638,-1.393567610664));
#3871 = CARTESIAN_POINT('',(-0.311479066439,-1.387588588316));
#3872 = CARTESIAN_POINT('',(-0.351668236108,-1.381256448027));
#3873 = ( GEOMETRIC_REPRESENTATION_CONTEXT(2) 
PARAMETRIC_REPRESENTATION_CONTEXT() REPRESENTATION_CONTEXT('2D SPACE',''
  ) );
#3874 = PCURVE('',#3875,#3880);
#3875 = PLANE('',#3876);
#3876 = AXIS2_PLACEMENT_3D('',#3877,#3878,#3879);
#3877 = CARTESIAN_POINT('',(1.015121441712,0.1975,2.453966502616));
#3878 = DIRECTION('',(-0.93605880101,0.33898332763,9.425616500203E-02));
#3879 = DIRECTION('',(0.340499237924,0.940244792048,-3.469446951954E-18)
  );
#3880 = DEFINITIONAL_REPRESENTATION('',(#3881),#3885);
#3881 = CIRCLE('',#3882,6.491541668948);
#3882 = AXIS2_PLACEMENT_2D('',#3883,#3884);
#3883 = CARTESIAN_POINT('',(-0.531346423733,5.911529905436));
#3884 = DIRECTION('',(-1.,0.));
#3885 = ( GEOMETRIC_REPRESENTATION_CONTEXT(2) 
PARAMETRIC_REPRESENTATION_CONTEXT() REPRESENTATION_CONTEXT('2D SPACE',''
  ) );
#3886 = ORIENTED_EDGE('',*,*,#3887,.T.);
#3887 = EDGE_CURVE('',#3854,#3888,#3890,.T.);
#3888 = VERTEX_POINT('',#3889);
#3889 = CARTESIAN_POINT('',(1.825136792565,1.228363011664,2.716371473349
    ));
#3890 = SURFACE_CURVE('',#3891,(#3896,#3920),.PCURVE_S1.);
#3891 = CIRCLE('',#3892,6.498872956057);
#3892 = AXIS2_PLACEMENT_3D('',#3893,#3894,#3895);
#3893 = CARTESIAN_POINT('',(9.175291628769E-02,-7.839862027248E-02,
    -3.409239032855));
#3894 = DIRECTION('',(-0.758047818829,0.647716775677,7.633140163198E-02)
  );
#3895 = DIRECTION('',(-0.649612017004,-0.760265892543,6.938893903907E-18
    ));
#3896 = PCURVE('',#3772,#3897);
#3897 = DEFINITIONAL_REPRESENTATION('',(#3898),#3919);
#3898 = B_SPLINE_CURVE_WITH_KNOTS('',7,(#3899,#3900,#3901,#3902,#3903,
    #3904,#3905,#3906,#3907,#3908,#3909,#3910,#3911,#3912,#3913,#3914,
    #3915,#3916,#3917,#3918),.UNSPECIFIED.,.F.,.F.,(8,6,6,8),(
    1.70647006337,1.778165923487,1.885709713661,1.993253503835),
  .UNSPECIFIED.);
#3899 = CARTESIAN_POINT('',(-0.255383972121,-1.405241395364));
#3900 = CARTESIAN_POINT('',(-0.291096815189,-1.396861125469));
#3901 = CARTESIAN_POINT('',(-0.322618788464,-1.388237680789));
#3902 = CARTESIAN_POINT('',(-0.350695489153,-1.379422764218));
#3903 = CARTESIAN_POINT('',(-0.375909204515,-1.370451993968));
#3904 = CARTESIAN_POINT('',(-0.398703099844,-1.361351827853));
#3905 = CARTESIAN_POINT('',(-0.419431421617,-1.352142548092));
#3906 = CARTESIAN_POINT('',(-0.466797477991,-1.328886482491));
#3907 = CARTESIAN_POINT('',(-0.491207970236,-1.314723268611));
#3908 = CARTESIAN_POINT('',(-0.512567719964,-1.300404322605));
#3909 = CARTESIAN_POINT('',(-0.531487346904,-1.285961837719));
#3910 = CARTESIAN_POINT('',(-0.548411679634,-1.271419292218));
#3911 = CARTESIAN_POINT('',(-0.563671498619,-1.256793699439));
#3912 = CARTESIAN_POINT('',(-0.591375586237,-1.227402746957));
#3913 = CARTESIAN_POINT('',(-0.603819918904,-1.212637388601));
#3914 = CARTESIAN_POINT('',(-0.615112470586,-1.197815242156));
#3915 = CARTESIAN_POINT('',(-0.625436019378,-1.18294551539));
#3916 = CARTESIAN_POINT('',(-0.634929553806,-1.168035149609));
#3917 = CARTESIAN_POINT('',(-0.643705147078,-1.153089730049));
#3918 = CARTESIAN_POINT('',(-0.651852343131,-1.138113686854));
#3919 = ( GEOMETRIC_REPRESENTATION_CONTEXT(2) 
PARAMETRIC_REPRESENTATION_CONTEXT() REPRESENTATION_CONTEXT('2D SPACE',''
  ) );
#3920 = PCURVE('',#3921,#3926);
#3921 = PLANE('',#3922);
#3922 = AXIS2_PLACEMENT_3D('',#3923,#3924,#3925);
#3923 = CARTESIAN_POINT('',(2.610898915041,2.17889420893,2.453966502616)
  );
#3924 = DIRECTION('',(-0.758047818829,0.647716775677,7.633140163198E-02)
  );
#3925 = DIRECTION('',(0.649612017004,0.760265892543,1.387778780781E-17)
  );
#3926 = DEFINITIONAL_REPRESENTATION('',(#3927),#3931);
#3927 = CIRCLE('',#3928,6.498872956057);
#3928 = AXIS2_PLACEMENT_2D('',#3929,#3930);
#3929 = CARTESIAN_POINT('',(-3.352610260902,5.88036147439));
#3930 = DIRECTION('',(-1.,-3.E-17));
#3931 = ( GEOMETRIC_REPRESENTATION_CONTEXT(2) 
PARAMETRIC_REPRESENTATION_CONTEXT() REPRESENTATION_CONTEXT('2D SPACE',''
  ) );
#3932 = ORIENTED_EDGE('',*,*,#3933,.F.);
#3933 = EDGE_CURVE('',#3934,#3888,#3936,.T.);
#3934 = VERTEX_POINT('',#3935);
#3935 = CARTESIAN_POINT('',(1.228363011664,1.825136792565,2.716371473349
    ));
#3936 = SURFACE_CURVE('',#3937,(#3942,#3949),.PCURVE_S1.);
#3937 = CIRCLE('',#3938,2.2);
#3938 = AXIS2_PLACEMENT_3D('',#3939,#3940,#3941);
#3939 = CARTESIAN_POINT('',(-2.9E-16,0.,2.716371473349));
#3940 = DIRECTION('',(7.E-17,0.,-1.));
#3941 = DIRECTION('',(1.,0.,7.E-17));
#3942 = PCURVE('',#3772,#3943);
#3943 = DEFINITIONAL_REPRESENTATION('',(#3944),#3948);
#3944 = LINE('',#3945,#3946);
#3945 = CARTESIAN_POINT('',(-6.28318530718,-1.225514867309));
#3946 = VECTOR('',#3947,1.);
#3947 = DIRECTION('',(1.,-0.));
#3948 = ( GEOMETRIC_REPRESENTATION_CONTEXT(2) 
PARAMETRIC_REPRESENTATION_CONTEXT() REPRESENTATION_CONTEXT('2D SPACE',''
  ) );
#3949 = PCURVE('',#3950,#3955);
#3950 = CONICAL_SURFACE('',#3951,2.748439768859,0.462512251778);
#3951 = AXIS2_PLACEMENT_3D('',#3952,#3953,#3954);
#3952 = CARTESIAN_POINT('',(0.,0.,3.816371473349));
#3953 = DIRECTION('',(0.,0.,1.));
#3954 = DIRECTION('',(1.,0.,0.));
#3955 = DEFINITIONAL_REPRESENTATION('',(#3956),#3960);
#3956 = LINE('',#3957,#3958);
#3957 = CARTESIAN_POINT('',(6.28318530718,-1.1));
#3958 = VECTOR('',#3959,1.);
#3959 = DIRECTION('',(-1.,-0.));
#3960 = ( GEOMETRIC_REPRESENTATION_CONTEXT(2) 
PARAMETRIC_REPRESENTATION_CONTEXT() REPRESENTATION_CONTEXT('2D SPACE',''
  ) );
#3961 = ORIENTED_EDGE('',*,*,#3962,.T.);
#3962 = EDGE_CURVE('',#3934,#3963,#3965,.T.);
#3963 = VERTEX_POINT('',#3964);
#3964 = CARTESIAN_POINT('',(0.395,1.140316615925,2.986990920257));
#3965 = SURFACE_CURVE('',#3966,(#3971,#3995),.PCURVE_S1.);
#3966 = CIRCLE('',#3967,6.498872956057);
#3967 = AXIS2_PLACEMENT_3D('',#3968,#3969,#3970);
#3968 = CARTESIAN_POINT('',(-7.839862027248E-02,9.175291628769E-02,
    -3.409239032855));
#3969 = DIRECTION('',(0.647716775677,-0.758047818829,7.633140163198E-02)
  );
#3970 = DIRECTION('',(0.760265892543,0.649612017004,-6.938893903907E-18)
  );
#3971 = PCURVE('',#3772,#3972);
#3972 = DEFINITIONAL_REPRESENTATION('',(#3973),#3994);
#3973 = B_SPLINE_CURVE_WITH_KNOTS('',7,(#3974,#3975,#3976,#3977,#3978,
    #3979,#3980,#3981,#3982,#3983,#3984,#3985,#3986,#3987,#3988,#3989,
    #3990,#3991,#3992,#3993),.UNSPECIFIED.,.F.,.F.,(8,6,6,8),(
    1.148339149755,1.291730869987,1.363426730103,1.435122590219),
  .UNSPECIFIED.);
#3974 = CARTESIAN_POINT('',(-0.918943983664,-1.138113686854));
#3975 = CARTESIAN_POINT('',(-0.929806911734,-1.158081744447));
#3976 = CARTESIAN_POINT('',(-0.941786757503,-1.177995374971));
#3977 = CARTESIAN_POINT('',(-0.955097566033,-1.197843962512));
#3978 = CARTESIAN_POINT('',(-0.970016454551,-1.217613760101));
#3979 = CARTESIAN_POINT('',(-0.986930319729,-1.237285243869));
#3980 = CARTESIAN_POINT('',(-1.006369852554,-1.256831748414));
#3981 = CARTESIAN_POINT('',(-1.04068625542,-1.285892602879));
#3982 = CARTESIAN_POINT('',(-1.052984635091,-1.295536398397));
#3983 = CARTESIAN_POINT('',(-1.066256565774,-1.305131096872));
#3984 = CARTESIAN_POINT('',(-1.080640840617,-1.314669357443));
#3985 = CARTESIAN_POINT('',(-1.096307455279,-1.324142126905));
#3986 = CARTESIAN_POINT('',(-1.113472060078,-1.333537695611));
#3987 = CARTESIAN_POINT('',(-1.151364905178,-1.352142548092));
#3988 = CARTESIAN_POINT('',(-1.172093226951,-1.361351827854));
#3989 = CARTESIAN_POINT('',(-1.194887122279,-1.370451993968));
#3990 = CARTESIAN_POINT('',(-1.220100837643,-1.379422764218));
#3991 = CARTESIAN_POINT('',(-1.24817753833,-1.388237680789));
#3992 = CARTESIAN_POINT('',(-1.279699511606,-1.396861125469));
#3993 = CARTESIAN_POINT('',(-1.315412354674,-1.405241395364));
#3994 = ( GEOMETRIC_REPRESENTATION_CONTEXT(2) 
PARAMETRIC_REPRESENTATION_CONTEXT() REPRESENTATION_CONTEXT('2D SPACE',''
  ) );
#3995 = PCURVE('',#3996,#4001);
#3996 = PLANE('',#3997);
#3997 = AXIS2_PLACEMENT_3D('',#3998,#3999,#4000);
#3998 = CARTESIAN_POINT('',(2.17889420893,2.610898915041,2.453966502616)
  );
#3999 = DIRECTION('',(0.647716775677,-0.758047818829,7.633140163198E-02)
  );
#4000 = DIRECTION('',(-0.760265892543,-0.649612017004,
    -1.387778780781E-17));
#4001 = DEFINITIONAL_REPRESENTATION('',(#4002),#4006);
#4002 = CIRCLE('',#4003,6.498872956057);
#4003 = AXIS2_PLACEMENT_2D('',#4004,#4005);
#4004 = CARTESIAN_POINT('',(3.352610260902,5.88036147439));
#4005 = DIRECTION('',(-1.,2.E-17));
#4006 = ( GEOMETRIC_REPRESENTATION_CONTEXT(2) 
PARAMETRIC_REPRESENTATION_CONTEXT() REPRESENTATION_CONTEXT('2D SPACE',''
  ) );
#4007 = ORIENTED_EDGE('',*,*,#4008,.T.);
#4008 = EDGE_CURVE('',#3963,#4009,#4011,.T.);
#4009 = VERTEX_POINT('',#4010);
#4010 = CARTESIAN_POINT('',(0.,1.000845761008,3.022484547484));
#4011 = SURFACE_CURVE('',#4012,(#4017,#4030),.PCURVE_S1.);
#4012 = CIRCLE('',#4013,6.491541668948);
#4013 = AXIS2_PLACEMENT_3D('',#4014,#4015,#4016);
#4014 = CARTESIAN_POINT('',(-0.112370166265,0.310295741794,
    -3.43124513824));
#4015 = DIRECTION('',(0.33898332763,-0.93605880101,9.425616500203E-02));
#4016 = DIRECTION('',(0.940244792048,0.340499237924,0.));
#4017 = PCURVE('',#3772,#4018);
#4018 = DEFINITIONAL_REPRESENTATION('',(#4019),#4029);
#4019 = B_SPLINE_CURVE_WITH_KNOTS('',8,(#4020,#4021,#4022,#4023,#4024,
    #4025,#4026,#4027,#4028),.UNSPECIFIED.,.F.,.F.,(9,9),(1.449090390607
    ,1.532233995978),.PIECEWISE_BEZIER_KNOTS.);
#4020 = CARTESIAN_POINT('',(-1.219128090687,-1.381256448027));
#4021 = CARTESIAN_POINT('',(-1.261388726278,-1.387914965122));
#4022 = CARTESIAN_POINT('',(-1.307023419636,-1.394190985801));
#4023 = CARTESIAN_POINT('',(-1.356280296302,-1.400030788639));
#4024 = CARTESIAN_POINT('',(-1.409361145242,-1.405372746977));
#4025 = CARTESIAN_POINT('',(-1.466367906579,-1.410148219819));
#4026 = CARTESIAN_POINT('',(-1.527213681848,-1.414282528745));
#4027 = CARTESIAN_POINT('',(-1.591467740111,-1.417705814085));
#4028 = CARTESIAN_POINT('',(-1.658416176287,-1.420364024326));
#4029 = ( GEOMETRIC_REPRESENTATION_CONTEXT(2) 
PARAMETRIC_REPRESENTATION_CONTEXT() REPRESENTATION_CONTEXT('2D SPACE',''
  ) );
#4030 = PCURVE('',#4031,#4036);
#4031 = PLANE('',#4032);
#4032 = AXIS2_PLACEMENT_3D('',#4033,#4034,#4035);
#4033 = CARTESIAN_POINT('',(0.1975,1.015121441712,2.453966502616));
#4034 = DIRECTION('',(0.33898332763,-0.93605880101,9.425616500203E-02));
#4035 = DIRECTION('',(-0.940244792048,-0.340499237924,3.469446951954E-18
    ));
#4036 = DEFINITIONAL_REPRESENTATION('',(#4037),#4041);
#4037 = CIRCLE('',#4038,6.491541668948);
#4038 = AXIS2_PLACEMENT_2D('',#4039,#4040);
#4039 = CARTESIAN_POINT('',(0.531346423733,5.911529905436));
#4040 = DIRECTION('',(-1.,0.));
#4041 = ( GEOMETRIC_REPRESENTATION_CONTEXT(2) 
PARAMETRIC_REPRESENTATION_CONTEXT() REPRESENTATION_CONTEXT('2D SPACE',''
  ) );
#4042 = ORIENTED_EDGE('',*,*,#4043,.T.);
#4043 = EDGE_CURVE('',#4009,#4044,#4046,.T.);
#4044 = VERTEX_POINT('',#4045);
#4045 = CARTESIAN_POINT('',(-0.395,1.140316615925,2.986990920257));
#4046 = SURFACE_CURVE('',#4047,(#4052,#4065),.PCURVE_S1.);
#4047 = CIRCLE('',#4048,6.491541668948);
#4048 = AXIS2_PLACEMENT_3D('',#4049,#4050,#4051);
#4049 = CARTESIAN_POINT('',(0.112370166265,0.310295741794,-3.43124513824
    ));
#4050 = DIRECTION('',(-0.33898332763,-0.93605880101,9.425616500203E-02)
  );
#4051 = DIRECTION('',(0.940244792048,-0.340499237924,6.938893903907E-18)
  );
#4052 = PCURVE('',#3772,#4053);
#4053 = DEFINITIONAL_REPRESENTATION('',(#4054),#4064);
#4054 = B_SPLINE_CURVE_WITH_KNOTS('',8,(#4055,#4056,#4057,#4058,#4059,
    #4060,#4061,#4062,#4063),.UNSPECIFIED.,.F.,.F.,(9,9),(1.609358657612
    ,1.692502262983),.PIECEWISE_BEZIER_KNOTS.);
#4055 = CARTESIAN_POINT('',(-1.483176477303,-1.420364024326));
#4056 = CARTESIAN_POINT('',(-1.550124913479,-1.417705814085));
#4057 = CARTESIAN_POINT('',(-1.614378971738,-1.414282528745));
#4058 = CARTESIAN_POINT('',(-1.675224747008,-1.410148219817));
#4059 = CARTESIAN_POINT('',(-1.732231508346,-1.405372746984));
#4060 = CARTESIAN_POINT('',(-1.785312357287,-1.40003078864));
#4061 = CARTESIAN_POINT('',(-1.83456923395,-1.394190985802));
#4062 = CARTESIAN_POINT('',(-1.880203927312,-1.387914965122));
#4063 = CARTESIAN_POINT('',(-1.922464562902,-1.381256448027));
#4064 = ( GEOMETRIC_REPRESENTATION_CONTEXT(2) 
PARAMETRIC_REPRESENTATION_CONTEXT() REPRESENTATION_CONTEXT('2D SPACE',''
  ) );
#4065 = PCURVE('',#4066,#4071);
#4066 = PLANE('',#4067);
#4067 = AXIS2_PLACEMENT_3D('',#4068,#4069,#4070);
#4068 = CARTESIAN_POINT('',(-0.1975,1.015121441712,2.453966502616));
#4069 = DIRECTION('',(-0.33898332763,-0.93605880101,9.425616500203E-02)
  );
#4070 = DIRECTION('',(-0.940244792048,0.340499237924,-3.469446951954E-18
    ));
#4071 = DEFINITIONAL_REPRESENTATION('',(#4072),#4076);
#4072 = CIRCLE('',#4073,6.491541668948);
#4073 = AXIS2_PLACEMENT_2D('',#4074,#4075);
#4074 = CARTESIAN_POINT('',(-0.531346423733,5.911529905436));
#4075 = DIRECTION('',(-1.,0.));
#4076 = ( GEOMETRIC_REPRESENTATION_CONTEXT(2) 
PARAMETRIC_REPRESENTATION_CONTEXT() REPRESENTATION_CONTEXT('2D SPACE',''
  ) );
#4077 = ORIENTED_EDGE('',*,*,#4078,.T.);
#4078 = EDGE_CURVE('',#4044,#4079,#4081,.T.);
#4079 = VERTEX_POINT('',#4080);
#4080 = CARTESIAN_POINT('',(-1.228363011664,1.825136792565,
    2.716371473349));
#4081 = SURFACE_CURVE('',#4082,(#4087,#4111),.PCURVE_S1.);
#4082 = CIRCLE('',#4083,6.498872956057);
#4083 = AXIS2_PLACEMENT_3D('',#4084,#4085,#4086);
#4084 = CARTESIAN_POINT('',(7.839862027248E-02,9.175291628769E-02,
    -3.409239032855));
#4085 = DIRECTION('',(-0.647716775677,-0.758047818829,7.633140163198E-02
    ));
#4086 = DIRECTION('',(0.760265892543,-0.649612017004,-2.081668171172E-17
    ));
#4087 = PCURVE('',#3772,#4088);
#4088 = DEFINITIONAL_REPRESENTATION('',(#4089),#4110);
#4089 = B_SPLINE_CURVE_WITH_KNOTS('',7,(#4090,#4091,#4092,#4093,#4094,
    #4095,#4096,#4097,#4098,#4099,#4100,#4101,#4102,#4103,#4104,#4105,
    #4106,#4107,#4108,#4109),.UNSPECIFIED.,.F.,.F.,(8,6,6,8),(
    1.70647006337,1.778165923487,1.885709713661,1.993253503835),
  .UNSPECIFIED.);
#4090 = CARTESIAN_POINT('',(-1.826180298916,-1.405241395364));
#4091 = CARTESIAN_POINT('',(-1.861893141984,-1.396861125469));
#4092 = CARTESIAN_POINT('',(-1.893415115259,-1.388237680789));
#4093 = CARTESIAN_POINT('',(-1.921491815948,-1.379422764218));
#4094 = CARTESIAN_POINT('',(-1.94670553131,-1.370451993968));
#4095 = CARTESIAN_POINT('',(-1.969499426638,-1.361351827854));
#4096 = CARTESIAN_POINT('',(-1.990227748412,-1.352142548092));
#4097 = CARTESIAN_POINT('',(-2.037593804786,-1.328886482491));
#4098 = CARTESIAN_POINT('',(-2.06200429703,-1.314723268611));
#4099 = CARTESIAN_POINT('',(-2.083364046761,-1.300404322606));
#4100 = CARTESIAN_POINT('',(-2.102283673698,-1.285961837718));
#4101 = CARTESIAN_POINT('',(-2.119208006429,-1.271419292218));
#4102 = CARTESIAN_POINT('',(-2.134467825414,-1.256793699439));
#4103 = CARTESIAN_POINT('',(-2.162171913032,-1.227402746957));
#4104 = CARTESIAN_POINT('',(-2.174616245699,-1.212637388601));
#4105 = CARTESIAN_POINT('',(-2.18590879738,-1.197815242156));
#4106 = CARTESIAN_POINT('',(-2.196232346173,-1.18294551539));
#4107 = CARTESIAN_POINT('',(-2.205725880601,-1.168035149609));
#4108 = CARTESIAN_POINT('',(-2.214501473873,-1.153089730049));
#4109 = CARTESIAN_POINT('',(-2.222648669926,-1.138113686854));
#4110 = ( GEOMETRIC_REPRESENTATION_CONTEXT(2) 
PARAMETRIC_REPRESENTATION_CONTEXT() REPRESENTATION_CONTEXT('2D SPACE',''
  ) );
#4111 = PCURVE('',#4112,#4117);
#4112 = PLANE('',#4113);
#4113 = AXIS2_PLACEMENT_3D('',#4114,#4115,#4116);
#4114 = CARTESIAN_POINT('',(-2.17889420893,2.610898915041,2.453966502616
    ));
#4115 = DIRECTION('',(-0.647716775677,-0.758047818829,7.633140163198E-02
    ));
#4116 = DIRECTION('',(-0.760265892543,0.649612017004,1.387778780781E-17)
  );
#4117 = DEFINITIONAL_REPRESENTATION('',(#4118),#4122);
#4118 = CIRCLE('',#4119,6.498872956057);
#4119 = AXIS2_PLACEMENT_2D('',#4120,#4121);
#4120 = CARTESIAN_POINT('',(-3.352610260902,5.88036147439));
#4121 = DIRECTION('',(-1.,-0.));
#4122 = ( GEOMETRIC_REPRESENTATION_CONTEXT(2) 
PARAMETRIC_REPRESENTATION_CONTEXT() REPRESENTATION_CONTEXT('2D SPACE',''
  ) );
#4123 = ORIENTED_EDGE('',*,*,#4124,.F.);
#4124 = EDGE_CURVE('',#4125,#4079,#4127,.T.);
#4125 = VERTEX_POINT('',#4126);
#4126 = CARTESIAN_POINT('',(-1.825136792565,1.228363011664,
    2.716371473349));
#4127 = SURFACE_CURVE('',#4128,(#4133,#4140),.PCURVE_S1.);
#4128 = CIRCLE('',#4129,2.2);
#4129 = AXIS2_PLACEMENT_3D('',#4130,#4131,#4132);
#4130 = CARTESIAN_POINT('',(-2.9E-16,0.,2.716371473349));
#4131 = DIRECTION('',(7.E-17,0.,-1.));
#4132 = DIRECTION('',(1.,0.,7.E-17));
#4133 = PCURVE('',#3772,#4134);
#4134 = DEFINITIONAL_REPRESENTATION('',(#4135),#4139);
#4135 = LINE('',#4136,#4137);
#4136 = CARTESIAN_POINT('',(-6.28318530718,-1.225514867309));
#4137 = VECTOR('',#4138,1.);
#4138 = DIRECTION('',(1.,-0.));
#4139 = ( GEOMETRIC_REPRESENTATION_CONTEXT(2) 
PARAMETRIC_REPRESENTATION_CONTEXT() REPRESENTATION_CONTEXT('2D SPACE',''
  ) );
#4140 = PCURVE('',#4141,#4146);
#4141 = CONICAL_SURFACE('',#4142,2.748439768859,0.462512251778);
#4142 = AXIS2_PLACEMENT_3D('',#4143,#4144,#4145);
#4143 = CARTESIAN_POINT('',(0.,0.,3.816371473349));
#4144 = DIRECTION('',(0.,0.,1.));
#4145 = DIRECTION('',(1.,0.,0.));
#4146 = DEFINITIONAL_REPRESENTATION('',(#4147),#4151);
#4147 = LINE('',#4148,#4149);
#4148 = CARTESIAN_POINT('',(6.28318530718,-1.1));
#4149 = VECTOR('',#4150,1.);
#4150 = DIRECTION('',(-1.,-0.));
#4151 = ( GEOMETRIC_REPRESENTATION_CONTEXT(2) 
PARAMETRIC_REPRESENTATION_CONTEXT() REPRESENTATION_CONTEXT('2D SPACE',''
  ) );
#4152 = ORIENTED_EDGE('',*,*,#4153,.T.);
#4153 = EDGE_CURVE('',#4125,#4154,#4156,.T.);
#4154 = VERTEX_POINT('',#4155);
#4155 = CARTESIAN_POINT('',(-1.140316615925,0.395,2.986990920257));
#4156 = SURFACE_CURVE('',#4157,(#4162,#4186),.PCURVE_S1.);
#4157 = CIRCLE('',#4158,6.498872956057);
#4158 = AXIS2_PLACEMENT_3D('',#4159,#4160,#4161);
#4159 = CARTESIAN_POINT('',(-9.175291628769E-02,-7.839862027248E-02,
    -3.409239032855));
#4160 = DIRECTION('',(0.758047818829,0.647716775677,7.633140163198E-02)
  );
#4161 = DIRECTION('',(-0.649612017004,0.760265892543,-6.938893903907E-18
    ));
#4162 = PCURVE('',#3772,#4163);
#4163 = DEFINITIONAL_REPRESENTATION('',(#4164),#4185);
#4164 = B_SPLINE_CURVE_WITH_KNOTS('',7,(#4165,#4166,#4167,#4168,#4169,
    #4170,#4171,#4172,#4173,#4174,#4175,#4176,#4177,#4178,#4179,#4180,
    #4181,#4182,#4183,#4184),.UNSPECIFIED.,.F.,.F.,(8,6,6,8),(
    1.148339149755,1.291730869987,1.363426730103,1.435122590219),
  .UNSPECIFIED.);
#4165 = CARTESIAN_POINT('',(-2.489740310459,-1.138113686854));
#4166 = CARTESIAN_POINT('',(-2.500603238529,-1.158081744447));
#4167 = CARTESIAN_POINT('',(-2.512583084298,-1.177995374972));
#4168 = CARTESIAN_POINT('',(-2.525893892827,-1.197843962512));
#4169 = CARTESIAN_POINT('',(-2.540812781347,-1.217613760101));
#4170 = CARTESIAN_POINT('',(-2.557726646524,-1.237285243869));
#4171 = CARTESIAN_POINT('',(-2.577166179349,-1.256831748414));
#4172 = CARTESIAN_POINT('',(-2.611482582215,-1.285892602879));
#4173 = CARTESIAN_POINT('',(-2.623780961886,-1.295536398397));
#4174 = CARTESIAN_POINT('',(-2.637052892569,-1.305131096872));
#4175 = CARTESIAN_POINT('',(-2.651437167412,-1.314669357443));
#4176 = CARTESIAN_POINT('',(-2.667103782074,-1.324142126905));
#4177 = CARTESIAN_POINT('',(-2.684268386873,-1.333537695611));
#4178 = CARTESIAN_POINT('',(-2.722161231973,-1.352142548092));
#4179 = CARTESIAN_POINT('',(-2.742889553746,-1.361351827853));
#4180 = CARTESIAN_POINT('',(-2.765683449076,-1.370451993968));
#4181 = CARTESIAN_POINT('',(-2.790897164437,-1.379422764218));
#4182 = CARTESIAN_POINT('',(-2.818973865126,-1.388237680789));
#4183 = CARTESIAN_POINT('',(-2.850495838401,-1.396861125469));
#4184 = CARTESIAN_POINT('',(-2.886208681469,-1.405241395364));
#4185 = ( GEOMETRIC_REPRESENTATION_CONTEXT(2) 
PARAMETRIC_REPRESENTATION_CONTEXT() REPRESENTATION_CONTEXT('2D SPACE',''
  ) );
#4186 = PCURVE('',#4187,#4192);
#4187 = PLANE('',#4188);
#4188 = AXIS2_PLACEMENT_3D('',#4189,#4190,#4191);
#4189 = CARTESIAN_POINT('',(-2.610898915041,2.17889420893,2.453966502616
    ));
#4190 = DIRECTION('',(0.758047818829,0.647716775677,7.633140163198E-02)
  );
#4191 = DIRECTION('',(0.649612017004,-0.760265892543,-1.387778780781E-17
    ));
#4192 = DEFINITIONAL_REPRESENTATION('',(#4193),#4197);
#4193 = CIRCLE('',#4194,6.498872956057);
#4194 = AXIS2_PLACEMENT_2D('',#4195,#4196);
#4195 = CARTESIAN_POINT('',(3.352610260902,5.88036147439));
#4196 = DIRECTION('',(-1.,2.E-17));
#4197 = ( GEOMETRIC_REPRESENTATION_CONTEXT(2) 
PARAMETRIC_REPRESENTATION_CONTEXT() REPRESENTATION_CONTEXT('2D SPACE',''
  ) );
#4198 = ORIENTED_EDGE('',*,*,#4199,.T.);
#4199 = EDGE_CURVE('',#4154,#4200,#4202,.T.);
#4200 = VERTEX_POINT('',#4201);
#4201 = CARTESIAN_POINT('',(-1.000845761008,0.,3.022484547484));
#4202 = SURFACE_CURVE('',#4203,(#4208,#4221),.PCURVE_S1.);
#4203 = CIRCLE('',#4204,6.491541668948);
#4204 = AXIS2_PLACEMENT_3D('',#4205,#4206,#4207);
#4205 = CARTESIAN_POINT('',(-0.310295741794,-0.112370166265,
    -3.43124513824));
#4206 = DIRECTION('',(0.93605880101,0.33898332763,9.425616500203E-02));
#4207 = DIRECTION('',(-0.340499237924,0.940244792048,0.));
#4208 = PCURVE('',#3772,#4209);
#4209 = DEFINITIONAL_REPRESENTATION('',(#4210),#4220);
#4210 = B_SPLINE_CURVE_WITH_KNOTS('',8,(#4211,#4212,#4213,#4214,#4215,
    #4216,#4217,#4218,#4219),.UNSPECIFIED.,.F.,.F.,(9,9),(1.449090390607
    ,1.532233995978),.PIECEWISE_BEZIER_KNOTS.);
#4211 = CARTESIAN_POINT('',(-2.789924417482,-1.381256448027));
#4212 = CARTESIAN_POINT('',(-2.832185053072,-1.387914965122));
#4213 = CARTESIAN_POINT('',(-2.877819746431,-1.394190985802));
#4214 = CARTESIAN_POINT('',(-2.927076623093,-1.40003078864));
#4215 = CARTESIAN_POINT('',(-2.980157472046,-1.405372746984));
#4216 = CARTESIAN_POINT('',(-3.037164233368,-1.410148219817));
#4217 = CARTESIAN_POINT('',(-3.098010008646,-1.414282528745));
#4218 = CARTESIAN_POINT('',(-3.162264066906,-1.417705814085));
#4219 = CARTESIAN_POINT('',(-3.229212503082,-1.420364024326));
#4220 = ( GEOMETRIC_REPRESENTATION_CONTEXT(2) 
PARAMETRIC_REPRESENTATION_CONTEXT() REPRESENTATION_CONTEXT('2D SPACE',''
  ) );
#4221 = PCURVE('',#4222,#4227);
#4222 = PLANE('',#4223);
#4223 = AXIS2_PLACEMENT_3D('',#4224,#4225,#4226);
#4224 = CARTESIAN_POINT('',(-1.015121441712,0.1975,2.453966502616));
#4225 = DIRECTION('',(0.93605880101,0.33898332763,9.425616500203E-02));
#4226 = DIRECTION('',(0.340499237924,-0.940244792048,3.469446951954E-18)
  );
#4227 = DEFINITIONAL_REPRESENTATION('',(#4228),#4232);
#4228 = CIRCLE('',#4229,6.491541668948);
#4229 = AXIS2_PLACEMENT_2D('',#4230,#4231);
#4230 = CARTESIAN_POINT('',(0.531346423733,5.911529905436));
#4231 = DIRECTION('',(-1.,-1.E-17));
#4232 = ( GEOMETRIC_REPRESENTATION_CONTEXT(2) 
PARAMETRIC_REPRESENTATION_CONTEXT() REPRESENTATION_CONTEXT('2D SPACE',''
  ) );
#4233 = ORIENTED_EDGE('',*,*,#4234,.T.);
#4234 = EDGE_CURVE('',#4200,#4235,#4237,.T.);
#4235 = VERTEX_POINT('',#4236);
#4236 = CARTESIAN_POINT('',(-1.140316615925,-0.395,2.986990920257));
#4237 = SURFACE_CURVE('',#4238,(#4243,#4256),.PCURVE_S1.);
#4238 = CIRCLE('',#4239,6.491541668948);
#4239 = AXIS2_PLACEMENT_3D('',#4240,#4241,#4242);
#4240 = CARTESIAN_POINT('',(-0.310295741794,0.112370166265,
    -3.43124513824));
#4241 = DIRECTION('',(0.93605880101,-0.33898332763,9.425616500203E-02));
#4242 = DIRECTION('',(0.340499237924,0.940244792048,6.938893903907E-18)
  );
#4243 = PCURVE('',#3772,#4244);
#4244 = DEFINITIONAL_REPRESENTATION('',(#4245),#4255);
#4245 = B_SPLINE_CURVE_WITH_KNOTS('',8,(#4246,#4247,#4248,#4249,#4250,
    #4251,#4252,#4253,#4254),.UNSPECIFIED.,.F.,.F.,(9,9),(1.609358657612
    ,1.692502262983),.PIECEWISE_BEZIER_KNOTS.);
#4246 = CARTESIAN_POINT('',(-3.053972804098,-1.420364024326));
#4247 = CARTESIAN_POINT('',(-3.120921240273,-1.417705814085));
#4248 = CARTESIAN_POINT('',(-3.185175298537,-1.414282528745));
#4249 = CARTESIAN_POINT('',(-3.246021073805,-1.410148219817));
#4250 = CARTESIAN_POINT('',(-3.303027835147,-1.405372746984));
#4251 = CARTESIAN_POINT('',(-3.356108684076,-1.40003078864));
#4252 = CARTESIAN_POINT('',(-3.405365560748,-1.394190985802));
#4253 = CARTESIAN_POINT('',(-3.451000254107,-1.387914965122));
#4254 = CARTESIAN_POINT('',(-3.493260889697,-1.381256448027));
#4255 = ( GEOMETRIC_REPRESENTATION_CONTEXT(2) 
PARAMETRIC_REPRESENTATION_CONTEXT() REPRESENTATION_CONTEXT('2D SPACE',''
  ) );
#4256 = PCURVE('',#4257,#4262);
#4257 = PLANE('',#4258);
#4258 = AXIS2_PLACEMENT_3D('',#4259,#4260,#4261);
#4259 = CARTESIAN_POINT('',(-1.015121441712,-0.1975,2.453966502616));
#4260 = DIRECTION('',(0.93605880101,-0.33898332763,9.425616500203E-02));
#4261 = DIRECTION('',(-0.340499237924,-0.940244792048,
    -3.469446951954E-18));
#4262 = DEFINITIONAL_REPRESENTATION('',(#4263),#4267);
#4263 = CIRCLE('',#4264,6.491541668948);
#4264 = AXIS2_PLACEMENT_2D('',#4265,#4266);
#4265 = CARTESIAN_POINT('',(-0.531346423733,5.911529905436));
#4266 = DIRECTION('',(-1.,-0.));
#4267 = ( GEOMETRIC_REPRESENTATION_CONTEXT(2) 
PARAMETRIC_REPRESENTATION_CONTEXT() REPRESENTATION_CONTEXT('2D SPACE',''
  ) );
#4268 = ORIENTED_EDGE('',*,*,#4269,.T.);
#4269 = EDGE_CURVE('',#4235,#4270,#4272,.T.);
#4270 = VERTEX_POINT('',#4271);
#4271 = CARTESIAN_POINT('',(-1.825136792565,-1.228363011664,
    2.716371473349));
#4272 = SURFACE_CURVE('',#4273,(#4278,#4302),.PCURVE_S1.);
#4273 = CIRCLE('',#4274,6.498872956057);
#4274 = AXIS2_PLACEMENT_3D('',#4275,#4276,#4277);
#4275 = CARTESIAN_POINT('',(-9.175291628769E-02,7.839862027248E-02,
    -3.409239032855));
#4276 = DIRECTION('',(0.758047818829,-0.647716775677,7.633140163198E-02)
  );
#4277 = DIRECTION('',(0.649612017004,0.760265892543,-2.081668171172E-17)
  );
#4278 = PCURVE('',#3772,#4279);
#4279 = DEFINITIONAL_REPRESENTATION('',(#4280),#4301);
#4280 = B_SPLINE_CURVE_WITH_KNOTS('',7,(#4281,#4282,#4283,#4284,#4285,
    #4286,#4287,#4288,#4289,#4290,#4291,#4292,#4293,#4294,#4295,#4296,
    #4297,#4298,#4299,#4300),.UNSPECIFIED.,.F.,.F.,(8,6,6,8),(
    1.70647006337,1.778165923487,1.885709713661,1.993253503835),
  .UNSPECIFIED.);
#4281 = CARTESIAN_POINT('',(-3.396976625711,-1.405241395364));
#4282 = CARTESIAN_POINT('',(-3.432689468779,-1.396861125469));
#4283 = CARTESIAN_POINT('',(-3.464211442054,-1.388237680789));
#4284 = CARTESIAN_POINT('',(-3.492288142741,-1.379422764219));
#4285 = CARTESIAN_POINT('',(-3.517501858108,-1.370451993968));
#4286 = CARTESIAN_POINT('',(-3.540295753433,-1.361351827854));
#4287 = CARTESIAN_POINT('',(-3.561024075207,-1.352142548092));
#4288 = CARTESIAN_POINT('',(-3.608390131581,-1.328886482491));
#4289 = CARTESIAN_POINT('',(-3.632800623825,-1.314723268611));
#4290 = CARTESIAN_POINT('',(-3.654160373555,-1.300404322605));
#4291 = CARTESIAN_POINT('',(-3.673080000493,-1.285961837718));
#4292 = CARTESIAN_POINT('',(-3.690004333224,-1.271419292218));
#4293 = CARTESIAN_POINT('',(-3.705264152209,-1.256793699439));
#4294 = CARTESIAN_POINT('',(-3.732968239827,-1.227402746957));
#4295 = CARTESIAN_POINT('',(-3.745412572494,-1.212637388601));
#4296 = CARTESIAN_POINT('',(-3.756705124175,-1.197815242156));
#4297 = CARTESIAN_POINT('',(-3.767028672968,-1.18294551539));
#4298 = CARTESIAN_POINT('',(-3.776522207395,-1.168035149609));
#4299 = CARTESIAN_POINT('',(-3.785297800668,-1.153089730049));
#4300 = CARTESIAN_POINT('',(-3.793444996721,-1.138113686854));
#4301 = ( GEOMETRIC_REPRESENTATION_CONTEXT(2) 
PARAMETRIC_REPRESENTATION_CONTEXT() REPRESENTATION_CONTEXT('2D SPACE',''
  ) );
#4302 = PCURVE('',#4303,#4308);
#4303 = PLANE('',#4304);
#4304 = AXIS2_PLACEMENT_3D('',#4305,#4306,#4307);
#4305 = CARTESIAN_POINT('',(-2.610898915041,-2.17889420893,
    2.453966502616));
#4306 = DIRECTION('',(0.758047818829,-0.647716775677,7.633140163198E-02)
  );
#4307 = DIRECTION('',(-0.649612017004,-0.760265892543,1.387778780781E-17
    ));
#4308 = DEFINITIONAL_REPRESENTATION('',(#4309),#4313);
#4309 = CIRCLE('',#4310,6.498872956057);
#4310 = AXIS2_PLACEMENT_2D('',#4311,#4312);
#4311 = CARTESIAN_POINT('',(-3.352610260902,5.88036147439));
#4312 = DIRECTION('',(-1.,-0.));
#4313 = ( GEOMETRIC_REPRESENTATION_CONTEXT(2) 
PARAMETRIC_REPRESENTATION_CONTEXT() REPRESENTATION_CONTEXT('2D SPACE',''
  ) );
#4314 = ORIENTED_EDGE('',*,*,#4315,.F.);
#4315 = EDGE_CURVE('',#4316,#4270,#4318,.T.);
#4316 = VERTEX_POINT('',#4317);
#4317 = CARTESIAN_POINT('',(-1.228363011664,-1.825136792565,
    2.716371473349));
#4318 = SURFACE_CURVE('',#4319,(#4324,#4331),.PCURVE_S1.);
#4319 = CIRCLE('',#4320,2.2);
#4320 = AXIS2_PLACEMENT_3D('',#4321,#4322,#4323);
#4321 = CARTESIAN_POINT('',(-2.9E-16,0.,2.716371473349));
#4322 = DIRECTION('',(7.E-17,0.,-1.));
#4323 = DIRECTION('',(1.,0.,7.E-17));
#4324 = PCURVE('',#3772,#4325);
#4325 = DEFINITIONAL_REPRESENTATION('',(#4326),#4330);
#4326 = LINE('',#4327,#4328);
#4327 = CARTESIAN_POINT('',(-6.28318530718,-1.225514867309));
#4328 = VECTOR('',#4329,1.);
#4329 = DIRECTION('',(1.,-0.));
#4330 = ( GEOMETRIC_REPRESENTATION_CONTEXT(2) 
PARAMETRIC_REPRESENTATION_CONTEXT() REPRESENTATION_CONTEXT('2D SPACE',''
  ) );
#4331 = PCURVE('',#4332,#4337);
#4332 = CONICAL_SURFACE('',#4333,2.748439768859,0.462512251778);
#4333 = AXIS2_PLACEMENT_3D('',#4334,#4335,#4336);
#4334 = CARTESIAN_POINT('',(0.,0.,3.816371473349));
#4335 = DIRECTION('',(0.,0.,1.));
#4336 = DIRECTION('',(1.,0.,0.));
#4337 = DEFINITIONAL_REPRESENTATION('',(#4338),#4342);
#4338 = LINE('',#4339,#4340);
#4339 = CARTESIAN_POINT('',(6.28318530718,-1.1));
#4340 = VECTOR('',#4341,1.);
#4341 = DIRECTION('',(-1.,-0.));
#4342 = ( GEOMETRIC_REPRESENTATION_CONTEXT(2) 
PARAMETRIC_REPRESENTATION_CONTEXT() REPRESENTATION_CONTEXT('2D SPACE',''
  ) );
#4343 = ORIENTED_EDGE('',*,*,#4344,.T.);
#4344 = EDGE_CURVE('',#4316,#4345,#4347,.T.);
#4345 = VERTEX_POINT('',#4346);
#4346 = CARTESIAN_POINT('',(-0.395,-1.140316615925,2.986990920257));
#4347 = SURFACE_CURVE('',#4348,(#4353,#4377),.PCURVE_S1.);
#4348 = CIRCLE('',#4349,6.498872956057);
#4349 = AXIS2_PLACEMENT_3D('',#4350,#4351,#4352);
#4350 = CARTESIAN_POINT('',(7.839862027248E-02,-9.175291628769E-02,
    -3.409239032855));
#4351 = DIRECTION('',(-0.647716775677,0.758047818829,7.633140163198E-02)
  );
#4352 = DIRECTION('',(-0.760265892543,-0.649612017004,0.));
#4353 = PCURVE('',#3772,#4354);
#4354 = DEFINITIONAL_REPRESENTATION('',(#4355),#4376);
#4355 = B_SPLINE_CURVE_WITH_KNOTS('',7,(#4356,#4357,#4358,#4359,#4360,
    #4361,#4362,#4363,#4364,#4365,#4366,#4367,#4368,#4369,#4370,#4371,
    #4372,#4373,#4374,#4375),.UNSPECIFIED.,.F.,.F.,(8,6,6,8),(
    1.148339149755,1.291730869987,1.363426730103,1.435122590219),
  .UNSPECIFIED.);
#4356 = CARTESIAN_POINT('',(-4.060536637254,-1.138113686854));
#4357 = CARTESIAN_POINT('',(-4.071399565324,-1.158081744447));
#4358 = CARTESIAN_POINT('',(-4.083379411093,-1.177995374971));
#4359 = CARTESIAN_POINT('',(-4.096690219622,-1.197843962512));
#4360 = CARTESIAN_POINT('',(-4.111609108141,-1.217613760101));
#4361 = CARTESIAN_POINT('',(-4.128522973319,-1.237285243869));
#4362 = CARTESIAN_POINT('',(-4.147962506144,-1.256831748414));
#4363 = CARTESIAN_POINT('',(-4.18227890901,-1.285892602879));
#4364 = CARTESIAN_POINT('',(-4.194577288681,-1.295536398397));
#4365 = CARTESIAN_POINT('',(-4.207849219364,-1.305131096872));
#4366 = CARTESIAN_POINT('',(-4.222233494207,-1.314669357443));
#4367 = CARTESIAN_POINT('',(-4.237900108869,-1.324142126905));
#4368 = CARTESIAN_POINT('',(-4.255064713668,-1.333537695611));
#4369 = CARTESIAN_POINT('',(-4.292957558768,-1.352142548092));
#4370 = CARTESIAN_POINT('',(-4.313685880541,-1.361351827853));
#4371 = CARTESIAN_POINT('',(-4.336479775871,-1.370451993969));
#4372 = CARTESIAN_POINT('',(-4.361693491232,-1.379422764218));
#4373 = CARTESIAN_POINT('',(-4.38977019192,-1.388237680789));
#4374 = CARTESIAN_POINT('',(-4.421292165196,-1.396861125469));
#4375 = CARTESIAN_POINT('',(-4.457005008264,-1.405241395364));
#4376 = ( GEOMETRIC_REPRESENTATION_CONTEXT(2) 
PARAMETRIC_REPRESENTATION_CONTEXT() REPRESENTATION_CONTEXT('2D SPACE',''
  ) );
#4377 = PCURVE('',#4378,#4383);
#4378 = PLANE('',#4379);
#4379 = AXIS2_PLACEMENT_3D('',#4380,#4381,#4382);
#4380 = CARTESIAN_POINT('',(-2.17889420893,-2.610898915041,
    2.453966502616));
#4381 = DIRECTION('',(-0.647716775677,0.758047818829,7.633140163198E-02)
  );
#4382 = DIRECTION('',(0.760265892543,0.649612017004,-1.387778780781E-17)
  );
#4383 = DEFINITIONAL_REPRESENTATION('',(#4384),#4388);
#4384 = CIRCLE('',#4385,6.498872956057);
#4385 = AXIS2_PLACEMENT_2D('',#4386,#4387);
#4386 = CARTESIAN_POINT('',(3.352610260902,5.88036147439));
#4387 = DIRECTION('',(-1.,1.E-17));
#4388 = ( GEOMETRIC_REPRESENTATION_CONTEXT(2) 
PARAMETRIC_REPRESENTATION_CONTEXT() REPRESENTATION_CONTEXT('2D SPACE',''
  ) );
#4389 = ORIENTED_EDGE('',*,*,#4390,.T.);
#4390 = EDGE_CURVE('',#4345,#4391,#4393,.T.);
#4391 = VERTEX_POINT('',#4392);
#4392 = CARTESIAN_POINT('',(-0.,-1.000845761008,3.022484547484));
#4393 = SURFACE_CURVE('',#4394,(#4399,#4412),.PCURVE_S1.);
#4394 = CIRCLE('',#4395,6.491541668948);
#4395 = AXIS2_PLACEMENT_3D('',#4396,#4397,#4398);
#4396 = CARTESIAN_POINT('',(0.112370166265,-0.310295741794,
    -3.43124513824));
#4397 = DIRECTION('',(-0.33898332763,0.93605880101,9.425616500203E-02));
#4398 = DIRECTION('',(-0.940244792048,-0.340499237924,0.));
#4399 = PCURVE('',#3772,#4400);
#4400 = DEFINITIONAL_REPRESENTATION('',(#4401),#4411);
#4401 = B_SPLINE_CURVE_WITH_KNOTS('',8,(#4402,#4403,#4404,#4405,#4406,
    #4407,#4408,#4409,#4410),.UNSPECIFIED.,.F.,.F.,(9,9),(1.449090390607
    ,1.532233995978),.PIECEWISE_BEZIER_KNOTS.);
#4402 = CARTESIAN_POINT('',(-4.360720744277,-1.381256448027));
#4403 = CARTESIAN_POINT('',(-4.402981379867,-1.387914965122));
#4404 = CARTESIAN_POINT('',(-4.448616073222,-1.394190985802));
#4405 = CARTESIAN_POINT('',(-4.497872949887,-1.400030788639));
#4406 = CARTESIAN_POINT('',(-4.550953798822,-1.405372746985));
#4407 = CARTESIAN_POINT('',(-4.607960560174,-1.410148219816));
#4408 = CARTESIAN_POINT('',(-4.668806335436,-1.414282528746));
#4409 = CARTESIAN_POINT('',(-4.733060393701,-1.417705814085));
#4410 = CARTESIAN_POINT('',(-4.800008829877,-1.420364024326));
#4411 = ( GEOMETRIC_REPRESENTATION_CONTEXT(2) 
PARAMETRIC_REPRESENTATION_CONTEXT() REPRESENTATION_CONTEXT('2D SPACE',''
  ) );
#4412 = PCURVE('',#4413,#4418);
#4413 = PLANE('',#4414);
#4414 = AXIS2_PLACEMENT_3D('',#4415,#4416,#4417);
#4415 = CARTESIAN_POINT('',(-0.1975,-1.015121441712,2.453966502616));
#4416 = DIRECTION('',(-0.33898332763,0.93605880101,9.425616500203E-02));
#4417 = DIRECTION('',(0.940244792048,0.340499237924,3.469446951954E-18)
  );
#4418 = DEFINITIONAL_REPRESENTATION('',(#4419),#4423);
#4419 = CIRCLE('',#4420,6.491541668948);
#4420 = AXIS2_PLACEMENT_2D('',#4421,#4422);
#4421 = CARTESIAN_POINT('',(0.531346423733,5.911529905436));
#4422 = DIRECTION('',(-1.,-0.));
#4423 = ( GEOMETRIC_REPRESENTATION_CONTEXT(2) 
PARAMETRIC_REPRESENTATION_CONTEXT() REPRESENTATION_CONTEXT('2D SPACE',''
  ) );
#4424 = ORIENTED_EDGE('',*,*,#4425,.T.);
#4425 = EDGE_CURVE('',#4391,#4426,#4428,.T.);
#4426 = VERTEX_POINT('',#4427);
#4427 = CARTESIAN_POINT('',(0.395,-1.140316615925,2.986990920257));
#4428 = SURFACE_CURVE('',#4429,(#4434,#4447),.PCURVE_S1.);
#4429 = CIRCLE('',#4430,6.491541668948);
#4430 = AXIS2_PLACEMENT_3D('',#4431,#4432,#4433);
#4431 = CARTESIAN_POINT('',(-0.112370166265,-0.310295741794,
    -3.43124513824));
#4432 = DIRECTION('',(0.33898332763,0.93605880101,9.425616500203E-02));
#4433 = DIRECTION('',(-0.940244792048,0.340499237924,3.469446951954E-18)
  );
#4434 = PCURVE('',#3772,#4435);
#4435 = DEFINITIONAL_REPRESENTATION('',(#4436),#4446);
#4436 = B_SPLINE_CURVE_WITH_KNOTS('',8,(#4437,#4438,#4439,#4440,#4441,
    #4442,#4443,#4444,#4445),.UNSPECIFIED.,.F.,.F.,(9,9),(1.609358657612
    ,1.692502262983),.PIECEWISE_BEZIER_KNOTS.);
#4437 = CARTESIAN_POINT('',(-4.624769130892,-1.420364024326));
#4438 = CARTESIAN_POINT('',(-4.691717567068,-1.417705814085));
#4439 = CARTESIAN_POINT('',(-4.755971625323,-1.414282528745));
#4440 = CARTESIAN_POINT('',(-4.816817400611,-1.410148219817));
#4441 = CARTESIAN_POINT('',(-4.873824161888,-1.405372746984));
#4442 = CARTESIAN_POINT('',(-4.926905010889,-1.40003078864));
#4443 = CARTESIAN_POINT('',(-4.976161887535,-1.394190985802));
#4444 = CARTESIAN_POINT('',(-5.021796580902,-1.387914965122));
#4445 = CARTESIAN_POINT('',(-5.064057216492,-1.381256448027));
#4446 = ( GEOMETRIC_REPRESENTATION_CONTEXT(2) 
PARAMETRIC_REPRESENTATION_CONTEXT() REPRESENTATION_CONTEXT('2D SPACE',''
  ) );
#4447 = PCURVE('',#4448,#4453);
#4448 = PLANE('',#4449);
#4449 = AXIS2_PLACEMENT_3D('',#4450,#4451,#4452);
#4450 = CARTESIAN_POINT('',(0.1975,-1.015121441712,2.453966502616));
#4451 = DIRECTION('',(0.33898332763,0.93605880101,9.425616500203E-02));
#4452 = DIRECTION('',(0.940244792048,-0.340499237924,-3.469446951954E-18
    ));
#4453 = DEFINITIONAL_REPRESENTATION('',(#4454),#4458);
#4454 = CIRCLE('',#4455,6.491541668948);
#4455 = AXIS2_PLACEMENT_2D('',#4456,#4457);
#4456 = CARTESIAN_POINT('',(-0.531346423733,5.911529905436));
#4457 = DIRECTION('',(-1.,1.E-17));
#4458 = ( GEOMETRIC_REPRESENTATION_CONTEXT(2) 
PARAMETRIC_REPRESENTATION_CONTEXT() REPRESENTATION_CONTEXT('2D SPACE',''
  ) );
#4459 = ORIENTED_EDGE('',*,*,#4460,.T.);
#4460 = EDGE_CURVE('',#4426,#4461,#4463,.T.);
#4461 = VERTEX_POINT('',#4462);
#4462 = CARTESIAN_POINT('',(1.228363011664,-1.825136792565,
    2.716371473349));
#4463 = SURFACE_CURVE('',#4464,(#4469,#4493),.PCURVE_S1.);
#4464 = CIRCLE('',#4465,6.498872956057);
#4465 = AXIS2_PLACEMENT_3D('',#4466,#4467,#4468);
#4466 = CARTESIAN_POINT('',(-7.839862027248E-02,-9.175291628769E-02,
    -3.409239032855));
#4467 = DIRECTION('',(0.647716775677,0.758047818829,7.633140163198E-02)
  );
#4468 = DIRECTION('',(-0.760265892543,0.649612017004,-1.387778780781E-17
    ));
#4469 = PCURVE('',#3772,#4470);
#4470 = DEFINITIONAL_REPRESENTATION('',(#4471),#4492);
#4471 = B_SPLINE_CURVE_WITH_KNOTS('',7,(#4472,#4473,#4474,#4475,#4476,
    #4477,#4478,#4479,#4480,#4481,#4482,#4483,#4484,#4485,#4486,#4487,
    #4488,#4489,#4490,#4491),.UNSPECIFIED.,.F.,.F.,(8,6,6,8),(
    1.70647006337,1.778165923487,1.885709713661,1.993253503835),
  .UNSPECIFIED.);
#4472 = CARTESIAN_POINT('',(-4.967772952506,-1.405241395364));
#4473 = CARTESIAN_POINT('',(-5.003485795574,-1.396861125469));
#4474 = CARTESIAN_POINT('',(-5.035007768849,-1.388237680789));
#4475 = CARTESIAN_POINT('',(-5.063084469535,-1.379422764218));
#4476 = CARTESIAN_POINT('',(-5.088298184902,-1.370451993968));
#4477 = CARTESIAN_POINT('',(-5.111092080228,-1.361351827854));
#4478 = CARTESIAN_POINT('',(-5.131820402001,-1.352142548092));
#4479 = CARTESIAN_POINT('',(-5.179186458376,-1.328886482491));
#4480 = CARTESIAN_POINT('',(-5.20359695062,-1.314723268611));
#4481 = CARTESIAN_POINT('',(-5.224956700351,-1.300404322605));
#4482 = CARTESIAN_POINT('',(-5.243876327289,-1.285961837718));
#4483 = CARTESIAN_POINT('',(-5.260800660019,-1.271419292218));
#4484 = CARTESIAN_POINT('',(-5.276060479004,-1.256793699439));
#4485 = CARTESIAN_POINT('',(-5.303764566622,-1.227402746957));
#4486 = CARTESIAN_POINT('',(-5.316208899289,-1.212637388601));
#4487 = CARTESIAN_POINT('',(-5.32750145097,-1.197815242156));
#4488 = CARTESIAN_POINT('',(-5.337824999763,-1.18294551539));
#4489 = CARTESIAN_POINT('',(-5.34731853419,-1.168035149609));
#4490 = CARTESIAN_POINT('',(-5.356094127463,-1.153089730049));
#4491 = CARTESIAN_POINT('',(-5.364241323515,-1.138113686854));
#4492 = ( GEOMETRIC_REPRESENTATION_CONTEXT(2) 
PARAMETRIC_REPRESENTATION_CONTEXT() REPRESENTATION_CONTEXT('2D SPACE',''
  ) );
#4493 = PCURVE('',#4494,#4499);
#4494 = PLANE('',#4495);
#4495 = AXIS2_PLACEMENT_3D('',#4496,#4497,#4498);
#4496 = CARTESIAN_POINT('',(2.17889420893,-2.610898915041,2.453966502616
    ));
#4497 = DIRECTION('',(0.647716775677,0.758047818829,7.633140163198E-02)
  );
#4498 = DIRECTION('',(0.760265892543,-0.649612017004,1.387778780781E-17)
  );
#4499 = DEFINITIONAL_REPRESENTATION('',(#4500),#4504);
#4500 = CIRCLE('',#4501,6.498872956057);
#4501 = AXIS2_PLACEMENT_2D('',#4502,#4503);
#4502 = CARTESIAN_POINT('',(-3.352610260902,5.88036147439));
#4503 = DIRECTION('',(-1.,-3.E-17));
#4504 = ( GEOMETRIC_REPRESENTATION_CONTEXT(2) 
PARAMETRIC_REPRESENTATION_CONTEXT() REPRESENTATION_CONTEXT('2D SPACE',''
  ) );
#4505 = ORIENTED_EDGE('',*,*,#4506,.F.);
#4506 = EDGE_CURVE('',#4507,#4461,#4509,.T.);
#4507 = VERTEX_POINT('',#4508);
#4508 = CARTESIAN_POINT('',(1.825136792565,-1.228363011664,
    2.716371473349));
#4509 = SURFACE_CURVE('',#4510,(#4515,#4522),.PCURVE_S1.);
#4510 = CIRCLE('',#4511,2.2);
#4511 = AXIS2_PLACEMENT_3D('',#4512,#4513,#4514);
#4512 = CARTESIAN_POINT('',(-2.9E-16,0.,2.716371473349));
#4513 = DIRECTION('',(7.E-17,0.,-1.));
#4514 = DIRECTION('',(1.,0.,7.E-17));
#4515 = PCURVE('',#3772,#4516);
#4516 = DEFINITIONAL_REPRESENTATION('',(#4517),#4521);
#4517 = LINE('',#4518,#4519);
#4518 = CARTESIAN_POINT('',(-6.28318530718,-1.225514867309));
#4519 = VECTOR('',#4520,1.);
#4520 = DIRECTION('',(1.,-0.));
#4521 = ( GEOMETRIC_REPRESENTATION_CONTEXT(2) 
PARAMETRIC_REPRESENTATION_CONTEXT() REPRESENTATION_CONTEXT('2D SPACE',''
  ) );
#4522 = PCURVE('',#4523,#4528);
#4523 = CONICAL_SURFACE('',#4524,2.748439768859,0.462512251778);
#4524 = AXIS2_PLACEMENT_3D('',#4525,#4526,#4527);
#4525 = CARTESIAN_POINT('',(0.,0.,3.816371473349));
#4526 = DIRECTION('',(0.,0.,1.));
#4527 = DIRECTION('',(1.,0.,0.));
#4528 = DEFINITIONAL_REPRESENTATION('',(#4529),#4533);
#4529 = LINE('',#4530,#4531);
#4530 = CARTESIAN_POINT('',(6.28318530718,-1.1));
#4531 = VECTOR('',#4532,1.);
#4532 = DIRECTION('',(-1.,-0.));
#4533 = ( GEOMETRIC_REPRESENTATION_CONTEXT(2) 
PARAMETRIC_REPRESENTATION_CONTEXT() REPRESENTATION_CONTEXT('2D SPACE',''
  ) );
#4534 = ORIENTED_EDGE('',*,*,#4535,.T.);
#4535 = EDGE_CURVE('',#4507,#3761,#4536,.T.);
#4536 = SURFACE_CURVE('',#4537,(#4542,#4566),.PCURVE_S1.);
#4537 = CIRCLE('',#4538,6.498872956057);
#4538 = AXIS2_PLACEMENT_3D('',#4539,#4540,#4541);
#4539 = CARTESIAN_POINT('',(9.175291628769E-02,7.839862027248E-02,
    -3.409239032855));
#4540 = DIRECTION('',(-0.758047818829,-0.647716775677,7.633140163198E-02
    ));
#4541 = DIRECTION('',(0.649612017004,-0.760265892543,-6.938893903907E-18
    ));
#4542 = PCURVE('',#3772,#4543);
#4543 = DEFINITIONAL_REPRESENTATION('',(#4544),#4565);
#4544 = B_SPLINE_CURVE_WITH_KNOTS('',7,(#4545,#4546,#4547,#4548,#4549,
    #4550,#4551,#4552,#4553,#4554,#4555,#4556,#4557,#4558,#4559,#4560,
    #4561,#4562,#4563,#4564),.UNSPECIFIED.,.F.,.F.,(8,6,6,8),(
    1.148339149755,1.291730869987,1.363426730103,1.435122590219),
  .UNSPECIFIED.);
#4545 = CARTESIAN_POINT('',(-5.631332964049,-1.138113686854));
#4546 = CARTESIAN_POINT('',(-5.642195892119,-1.158081744447));
#4547 = CARTESIAN_POINT('',(-5.654175737889,-1.177995374971));
#4548 = CARTESIAN_POINT('',(-5.667486546415,-1.197843962512));
#4549 = CARTESIAN_POINT('',(-5.682405434938,-1.217613760101));
#4550 = CARTESIAN_POINT('',(-5.699319300113,-1.237285243869));
#4551 = CARTESIAN_POINT('',(-5.718758832939,-1.256831748414));
#4552 = CARTESIAN_POINT('',(-5.753075235805,-1.285892602879));
#4553 = CARTESIAN_POINT('',(-5.765373615475,-1.295536398397));
#4554 = CARTESIAN_POINT('',(-5.778645546159,-1.305131096872));
#4555 = CARTESIAN_POINT('',(-5.793029821002,-1.314669357443));
#4556 = CARTESIAN_POINT('',(-5.808696435663,-1.324142126905));
#4557 = CARTESIAN_POINT('',(-5.825861040463,-1.333537695611));
#4558 = CARTESIAN_POINT('',(-5.863753885563,-1.352142548092));
#4559 = CARTESIAN_POINT('',(-5.884482207337,-1.361351827853));
#4560 = CARTESIAN_POINT('',(-5.907276102661,-1.370451993968));
#4561 = CARTESIAN_POINT('',(-5.932489818031,-1.379422764218));
#4562 = CARTESIAN_POINT('',(-5.960566518715,-1.388237680789));
#4563 = CARTESIAN_POINT('',(-5.992088491991,-1.396861125469));
#4564 = CARTESIAN_POINT('',(-6.027801335059,-1.405241395364));
#4565 = ( GEOMETRIC_REPRESENTATION_CONTEXT(2) 
PARAMETRIC_REPRESENTATION_CONTEXT() REPRESENTATION_CONTEXT('2D SPACE',''
  ) );
#4566 = PCURVE('',#4567,#4572);
#4567 = PLANE('',#4568);
#4568 = AXIS2_PLACEMENT_3D('',#4569,#4570,#4571);
#4569 = CARTESIAN_POINT('',(2.610898915041,-2.17889420893,2.453966502616
    ));
#4570 = DIRECTION('',(-0.758047818829,-0.647716775677,7.633140163198E-02
    ));
#4571 = DIRECTION('',(-0.649612017004,0.760265892543,-1.387778780781E-17
    ));
#4572 = DEFINITIONAL_REPRESENTATION('',(#4573),#4577);
#4573 = CIRCLE('',#4574,6.498872956057);
#4574 = AXIS2_PLACEMENT_2D('',#4575,#4576);
#4575 = CARTESIAN_POINT('',(3.352610260902,5.88036147439));
#4576 = DIRECTION('',(-1.,3.E-17));
#4577 = ( GEOMETRIC_REPRESENTATION_CONTEXT(2) 
PARAMETRIC_REPRESENTATION_CONTEXT() REPRESENTATION_CONTEXT('2D SPACE',''
  ) );
#4578 = ADVANCED_FACE('',(#4579),#3789,.T.);
#4579 = FACE_BOUND('',#4580,.T.);
#4580 = EDGE_LOOP('',(#4581,#4604,#4605,#4628));
#4581 = ORIENTED_EDGE('',*,*,#4582,.F.);
#4582 = EDGE_CURVE('',#3761,#4583,#4585,.T.);
#4583 = VERTEX_POINT('',#4584);
#4584 = CARTESIAN_POINT('',(0.890868365168,-0.395,0.509718154986));
#4585 = SURFACE_CURVE('',#4586,(#4590,#4597),.PCURVE_S1.);
#4586 = LINE('',#4587,#4588);
#4587 = CARTESIAN_POINT('',(1.334595021906,-0.395,4.916371473349));
#4588 = VECTOR('',#4589,1.);
#4589 = DIRECTION('',(-0.100188061612,0.,-0.994968518251));
#4590 = PCURVE('',#3789,#4591);
#4591 = DEFINITIONAL_REPRESENTATION('',(#4592),#4596);
#4592 = LINE('',#4593,#4594);
#4593 = CARTESIAN_POINT('',(-0.294478857022,-2.473416677614));
#4594 = VECTOR('',#4595,1.);
#4595 = DIRECTION('',(3.411395862797E-02,0.999417949522));
#4596 = ( GEOMETRIC_REPRESENTATION_CONTEXT(2) 
PARAMETRIC_REPRESENTATION_CONTEXT() REPRESENTATION_CONTEXT('2D SPACE',''
  ) );
#4597 = PCURVE('',#4567,#4598);
#4598 = DEFINITIONAL_REPRESENTATION('',(#4599),#4603);
#4599 = LINE('',#4600,#4601);
#4600 = CARTESIAN_POINT('',(2.185336269284,-2.469610051471));
#4601 = VECTOR('',#4602,1.);
#4602 = DIRECTION('',(6.50833687835E-02,0.997879829993));
#4603 = ( GEOMETRIC_REPRESENTATION_CONTEXT(2) 
PARAMETRIC_REPRESENTATION_CONTEXT() REPRESENTATION_CONTEXT('2D SPACE',''
  ) );
#4604 = ORIENTED_EDGE('',*,*,#3760,.T.);
#4605 = ORIENTED_EDGE('',*,*,#4606,.T.);
#4606 = EDGE_CURVE('',#3763,#4607,#4609,.T.);
#4607 = VERTEX_POINT('',#4608);
#4608 = CARTESIAN_POINT('',(0.735,0.,0.382367964155));
#4609 = SURFACE_CURVE('',#4610,(#4614,#4621),.PCURVE_S1.);
#4610 = LINE('',#4611,#4612);
#4611 = CARTESIAN_POINT('',(1.191550146659,0.,4.916371473349));
#4612 = VECTOR('',#4613,1.);
#4613 = DIRECTION('',(-0.100188061612,0.,-0.994968518251));
#4614 = PCURVE('',#3789,#4615);
#4615 = DEFINITIONAL_REPRESENTATION('',(#4616),#4620);
#4616 = LINE('',#4617,#4618);
#4617 = CARTESIAN_POINT('',(0.125624506847,-2.473416677614));
#4618 = VECTOR('',#4619,1.);
#4619 = DIRECTION('',(3.411395862797E-02,0.999417949522));
#4620 = ( GEOMETRIC_REPRESENTATION_CONTEXT(2) 
PARAMETRIC_REPRESENTATION_CONTEXT() REPRESENTATION_CONTEXT('2D SPACE',''
  ) );
#4621 = PCURVE('',#3875,#4622);
#4622 = DEFINITIONAL_REPRESENTATION('',(#4623),#4627);
#4623 = LINE('',#4624,#4625);
#4624 = CARTESIAN_POINT('',(-0.125624506847,-2.473416677614));
#4625 = VECTOR('',#4626,1.);
#4626 = DIRECTION('',(-3.411395862797E-02,0.999417949522));
#4627 = ( GEOMETRIC_REPRESENTATION_CONTEXT(2) 
PARAMETRIC_REPRESENTATION_CONTEXT() REPRESENTATION_CONTEXT('2D SPACE',''
  ) );
#4628 = ORIENTED_EDGE('',*,*,#4629,.F.);
#4629 = EDGE_CURVE('',#4583,#4607,#4630,.T.);
#4630 = SURFACE_CURVE('',#4631,(#4636,#4643),.PCURVE_S1.);
#4631 = HYPERBOLA('',#4632,0.350222911598,0.654909647025);
#4632 = AXIS2_PLACEMENT_3D('',#4633,#4634,#4635);
#4633 = CARTESIAN_POINT('',(0.616557125368,0.223279334382,
    9.113615693341E-03));
#4634 = DIRECTION('',(-0.93605880101,-0.33898332763,9.425616500203E-02)
  );
#4635 = DIRECTION('',(8.862386826157E-02,3.209415235281E-02,
    0.995547977427));
#4636 = PCURVE('',#3789,#4637);
#4637 = DEFINITIONAL_REPRESENTATION('',(#4638),#4642);
#4638 = ( BOUNDED_CURVE() B_SPLINE_CURVE(2,(#4639,#4640,#4641),
.UNSPECIFIED.,.F.,.F.) B_SPLINE_CURVE_WITH_KNOTS((3,3),(-1.109111310911,
-0.373401784931),.PIECEWISE_BEZIER_KNOTS.) CURVE() 
GEOMETRIC_REPRESENTATION_ITEM() RATIONAL_B_SPLINE_CURVE((1.,
1.068424959847,1.)) REPRESENTATION_ITEM('') );
#4639 = CARTESIAN_POINT('',(-0.353374628427,1.867146324132));
#4640 = CARTESIAN_POINT('',(3.421270492002E-02,2.033737756899));
#4641 = CARTESIAN_POINT('',(0.281079483859,2.080862585664));
#4642 = ( GEOMETRIC_REPRESENTATION_CONTEXT(2) 
PARAMETRIC_REPRESENTATION_CONTEXT() REPRESENTATION_CONTEXT('2D SPACE',''
  ) );
#4643 = PCURVE('',#4644,#4649);
#4644 = CONICAL_SURFACE('',#4645,1.145,1.082104136236);
#4645 = AXIS2_PLACEMENT_3D('',#4646,#4647,#4648);
#4646 = CARTESIAN_POINT('',(0.,0.,0.600368831136));
#4647 = DIRECTION('',(0.,0.,1.));
#4648 = DIRECTION('',(1.,0.,0.));
#4649 = DEFINITIONAL_REPRESENTATION('',(#4650),#4659);
#4650 = B_SPLINE_CURVE_WITH_KNOTS('',7,(#4651,#4652,#4653,#4654,#4655,
    #4656,#4657,#4658),.UNSPECIFIED.,.F.,.F.,(8,8),(-1.109111310911,
    -0.373401784931),.PIECEWISE_BEZIER_KNOTS.);
#4651 = CARTESIAN_POINT('',(5.73694902799,-5.236075069836E-03));
#4652 = CARTESIAN_POINT('',(5.797585728976,-5.474004881714E-02));
#4653 = CARTESIAN_POINT('',(5.864024555725,-9.66917929864E-02));
#4654 = CARTESIAN_POINT('',(5.936536583506,-0.131984460059));
#4655 = CARTESIAN_POINT('',(6.015204616415,-0.161306874177));
#4656 = CARTESIAN_POINT('',(6.099802539285,-0.185183572808));
#4657 = CARTESIAN_POINT('',(6.189536470256,-0.203997348029));
#4658 = CARTESIAN_POINT('',(6.28318530718,-0.218000866981));
#4659 = ( GEOMETRIC_REPRESENTATION_CONTEXT(2) 
PARAMETRIC_REPRESENTATION_CONTEXT() REPRESENTATION_CONTEXT('2D SPACE',''
  ) );
#4660 = ADVANCED_FACE('',(#4661),#4567,.T.);
#4661 = FACE_BOUND('',#4662,.T.);
#4662 = EDGE_LOOP('',(#4663,#4692,#4693,#4694));
#4663 = ORIENTED_EDGE('',*,*,#4664,.F.);
#4664 = EDGE_CURVE('',#4507,#4665,#4667,.T.);
#4665 = VERTEX_POINT('',#4666);
#4666 = CARTESIAN_POINT('',(1.015101266841,-0.529711636702,
    0.600368831136));
#4667 = SURFACE_CURVE('',#4668,(#4673,#4680),.PCURVE_S1.);
#4668 = HYPERBOLA('',#4669,0.518803557914,0.254852851795);
#4669 = AXIS2_PLACEMENT_3D('',#4670,#4671,#4672);
#4670 = CARTESIAN_POINT('',(0.196081130525,0.167542250607,
    -1.616718561174));
#4671 = DIRECTION('',(-0.758047818829,-0.647716775677,7.633140163198E-02
    ));
#4672 = DIRECTION('',(5.803216119081E-02,4.958579577486E-02,
    0.997082502667));
#4673 = PCURVE('',#4567,#4674);
#4674 = DEFINITIONAL_REPRESENTATION('',(#4675),#4679);
#4675 = ( BOUNDED_CURVE() B_SPLINE_CURVE(2,(#4676,#4677,#4678),
.UNSPECIFIED.,.F.,.F.) B_SPLINE_CURVE_WITH_KNOTS((3,3),(-3.042532923046,
-2.134597207417),.PIECEWISE_BEZIER_KNOTS.) CURVE() 
GEOMETRIC_REPRESENTATION_ITEM() RATIONAL_B_SPLINE_CURVE((1.,
1.104825266894,1.)) REPRESENTATION_ITEM('') );
#4676 = CARTESIAN_POINT('',(0.68805388555,-1.366391414039));
#4677 = CARTESIAN_POINT('',(1.826073568722,0.939749156792));
#4678 = CARTESIAN_POINT('',(2.290466589218,1.859021361344));
#4679 = ( GEOMETRIC_REPRESENTATION_CONTEXT(2) 
PARAMETRIC_REPRESENTATION_CONTEXT() REPRESENTATION_CONTEXT('2D SPACE',''
  ) );
#4680 = PCURVE('',#4523,#4681);
#4681 = DEFINITIONAL_REPRESENTATION('',(#4682),#4691);
#4682 = B_SPLINE_CURVE_WITH_KNOTS('',7,(#4683,#4684,#4685,#4686,#4687,
    #4688,#4689,#4690),.UNSPECIFIED.,.F.,.F.,(8,8),(-3.042532923046,
    -2.134597207417),.PIECEWISE_BEZIER_KNOTS.);
#4683 = CARTESIAN_POINT('',(5.667159944421,-7.069981456656E-16));
#4684 = CARTESIAN_POINT('',(5.67918702814,-0.701498128582));
#4685 = CARTESIAN_POINT('',(5.692999729098,-1.29635934637));
#4686 = CARTESIAN_POINT('',(5.708908408179,-1.803859067971));
#4687 = CARTESIAN_POINT('',(5.727287597041,-2.238880022435));
#4688 = CARTESIAN_POINT('',(5.74858747501,-2.613225801562));
#4689 = CARTESIAN_POINT('',(5.773355943368,-2.936371929625));
#4690 = CARTESIAN_POINT('',(5.802225563627,-3.216002642213));
#4691 = ( GEOMETRIC_REPRESENTATION_CONTEXT(2) 
PARAMETRIC_REPRESENTATION_CONTEXT() REPRESENTATION_CONTEXT('2D SPACE',''
  ) );
#4692 = ORIENTED_EDGE('',*,*,#4535,.T.);
#4693 = ORIENTED_EDGE('',*,*,#4582,.T.);
#4694 = ORIENTED_EDGE('',*,*,#4695,.F.);
#4695 = EDGE_CURVE('',#4665,#4583,#4696,.T.);
#4696 = SURFACE_CURVE('',#4697,(#4702,#4709),.PCURVE_S1.);
#4697 = HYPERBOLA('',#4698,0.203528734064,0.381348792359);
#4698 = AXIS2_PLACEMENT_3D('',#4699,#4700,#4701);
#4699 = CARTESIAN_POINT('',(0.290166966654,0.247934242907,
    -1.780252345283E-04));
#4700 = DIRECTION('',(-0.758047818829,-0.647716775677,7.633140163198E-02
    ));
#4701 = DIRECTION('',(5.803216119081E-02,4.958579577486E-02,
    0.997082502667));
#4702 = PCURVE('',#4567,#4703);
#4703 = DEFINITIONAL_REPRESENTATION('',(#4704),#4708);
#4704 = ( BOUNDED_CURVE() B_SPLINE_CURVE(2,(#4705,#4706,#4707),
.UNSPECIFIED.,.F.,.F.) B_SPLINE_CURVE_WITH_KNOTS((3,3),(-1.748249181547,
-0.810383326292),.PIECEWISE_BEZIER_KNOTS.) CURVE() 
GEOMETRIC_REPRESENTATION_ITEM() RATIONAL_B_SPLINE_CURVE((1.,
1.111978670548,1.)) REPRESENTATION_ITEM('') );
#4705 = CARTESIAN_POINT('',(2.290466589218,1.859021361344));
#4706 = CARTESIAN_POINT('',(2.784013465459,2.106936234606));
#4707 = CARTESIAN_POINT('',(3.008617965132,2.187227450081));
#4708 = ( GEOMETRIC_REPRESENTATION_CONTEXT(2) 
PARAMETRIC_REPRESENTATION_CONTEXT() REPRESENTATION_CONTEXT('2D SPACE',''
  ) );
#4709 = PCURVE('',#4644,#4710);
#4710 = DEFINITIONAL_REPRESENTATION('',(#4711),#4719);
#4711 = B_SPLINE_CURVE_WITH_KNOTS('',6,(#4712,#4713,#4714,#4715,#4716,
    #4717,#4718),.UNSPECIFIED.,.F.,.F.,(7,7),(-1.748249181547,
    -0.810383326292),.PIECEWISE_BEZIER_KNOTS.);
#4712 = CARTESIAN_POINT('',(5.802225563627,1.079784594408E-16));
#4713 = CARTESIAN_POINT('',(5.85428582728,-8.835012969284E-02));
#4714 = CARTESIAN_POINT('',(5.915412172944,-0.159092640263));
#4715 = CARTESIAN_POINT('',(5.987294022965,-0.216111182728));
#4716 = CARTESIAN_POINT('',(6.071774237204,-0.262008056099));
#4717 = CARTESIAN_POINT('',(6.170616728113,-0.298634939141));
#4718 = CARTESIAN_POINT('',(6.28318530718,-0.327248548349));
#4719 = ( GEOMETRIC_REPRESENTATION_CONTEXT(2) 
PARAMETRIC_REPRESENTATION_CONTEXT() REPRESENTATION_CONTEXT('2D SPACE',''
  ) );
#4720 = ADVANCED_FACE('',(#4721),#4523,.F.);
#4721 = FACE_BOUND('',#4722,.T.);
#4722 = EDGE_LOOP('',(#4723,#4747,#4774,#4775));
#4723 = ORIENTED_EDGE('',*,*,#4724,.F.);
#4724 = EDGE_CURVE('',#4725,#4665,#4727,.T.);
#4725 = VERTEX_POINT('',#4726);
#4726 = CARTESIAN_POINT('',(0.529711636702,-1.015101266841,
    0.600368831136));
#4727 = SURFACE_CURVE('',#4728,(#4733,#4740),.PCURVE_S1.);
#4728 = CIRCLE('',#4729,1.145);
#4729 = AXIS2_PLACEMENT_3D('',#4730,#4731,#4732);
#4730 = CARTESIAN_POINT('',(0.,0.,0.600368831136));
#4731 = DIRECTION('',(0.,0.,1.));
#4732 = DIRECTION('',(1.,0.,0.));
#4733 = PCURVE('',#4523,#4734);
#4734 = DEFINITIONAL_REPRESENTATION('',(#4735),#4739);
#4735 = LINE('',#4736,#4737);
#4736 = CARTESIAN_POINT('',(0.,-3.216002642213));
#4737 = VECTOR('',#4738,1.);
#4738 = DIRECTION('',(1.,-0.));
#4739 = ( GEOMETRIC_REPRESENTATION_CONTEXT(2) 
PARAMETRIC_REPRESENTATION_CONTEXT() REPRESENTATION_CONTEXT('2D SPACE',''
  ) );
#4740 = PCURVE('',#4644,#4741);
#4741 = DEFINITIONAL_REPRESENTATION('',(#4742),#4746);
#4742 = LINE('',#4743,#4744);
#4743 = CARTESIAN_POINT('',(0.,-0.));
#4744 = VECTOR('',#4745,1.);
#4745 = DIRECTION('',(1.,-0.));
#4746 = ( GEOMETRIC_REPRESENTATION_CONTEXT(2) 
PARAMETRIC_REPRESENTATION_CONTEXT() REPRESENTATION_CONTEXT('2D SPACE',''
  ) );
#4747 = ORIENTED_EDGE('',*,*,#4748,.T.);
#4748 = EDGE_CURVE('',#4725,#4461,#4749,.T.);
#4749 = SURFACE_CURVE('',#4750,(#4755,#4767),.PCURVE_S1.);
#4750 = HYPERBOLA('',#4751,0.518803557914,0.254852851795);
#4751 = AXIS2_PLACEMENT_3D('',#4752,#4753,#4754);
#4752 = CARTESIAN_POINT('',(-0.167542250607,-0.196081130525,
    -1.616718561174));
#4753 = DIRECTION('',(0.647716775677,0.758047818829,7.633140163198E-02)
  );
#4754 = DIRECTION('',(-4.958579577486E-02,-5.803216119081E-02,
    0.997082502667));
#4755 = PCURVE('',#4523,#4756);
#4756 = DEFINITIONAL_REPRESENTATION('',(#4757),#4766);
#4757 = B_SPLINE_CURVE_WITH_KNOTS('',7,(#4758,#4759,#4760,#4761,#4762,
    #4763,#4764,#4765),.UNSPECIFIED.,.F.,.F.,(8,8),(2.134597207417,
    3.042532923046),.PIECEWISE_BEZIER_KNOTS.);
#4758 = CARTESIAN_POINT('',(5.193348723937,-3.216002642213));
#4759 = CARTESIAN_POINT('',(5.222218344196,-2.936371929625));
#4760 = CARTESIAN_POINT('',(5.246986812554,-2.613225801562));
#4761 = CARTESIAN_POINT('',(5.268286690522,-2.238880022435));
#4762 = CARTESIAN_POINT('',(5.286665879387,-1.803859067972));
#4763 = CARTESIAN_POINT('',(5.302574558466,-1.29635934637));
#4764 = CARTESIAN_POINT('',(5.316387259424,-0.701498128582));
#4765 = CARTESIAN_POINT('',(5.328414343143,1.030964384566E-14));
#4766 = ( GEOMETRIC_REPRESENTATION_CONTEXT(2) 
PARAMETRIC_REPRESENTATION_CONTEXT() REPRESENTATION_CONTEXT('2D SPACE',''
  ) );
#4767 = PCURVE('',#4494,#4768);
#4768 = DEFINITIONAL_REPRESENTATION('',(#4769),#4773);
#4769 = ( BOUNDED_CURVE() B_SPLINE_CURVE(2,(#4770,#4771,#4772),
.UNSPECIFIED.,.F.,.F.) B_SPLINE_CURVE_WITH_KNOTS((3,3),(2.134597207417,
3.042532923046),.PIECEWISE_BEZIER_KNOTS.) CURVE() 
GEOMETRIC_REPRESENTATION_ITEM() RATIONAL_B_SPLINE_CURVE((1.,
1.104825266894,1.)) REPRESENTATION_ITEM('') );
#4770 = CARTESIAN_POINT('',(-2.290466589218,1.859021361344));
#4771 = CARTESIAN_POINT('',(-1.826073568722,0.939749156792));
#4772 = CARTESIAN_POINT('',(-0.68805388555,-1.366391414039));
#4773 = ( GEOMETRIC_REPRESENTATION_CONTEXT(2) 
PARAMETRIC_REPRESENTATION_CONTEXT() REPRESENTATION_CONTEXT('2D SPACE',''
  ) );
#4774 = ORIENTED_EDGE('',*,*,#4506,.F.);
#4775 = ORIENTED_EDGE('',*,*,#4664,.T.);
#4776 = ADVANCED_FACE('',(#4777),#4494,.T.);
#4777 = FACE_BOUND('',#4778,.T.);
#4778 = EDGE_LOOP('',(#4779,#4802,#4803,#4804));
#4779 = ORIENTED_EDGE('',*,*,#4780,.F.);
#4780 = EDGE_CURVE('',#4426,#4781,#4783,.T.);
#4781 = VERTEX_POINT('',#4782);
#4782 = CARTESIAN_POINT('',(0.395,-0.890868365168,0.509718154986));
#4783 = SURFACE_CURVE('',#4784,(#4788,#4795),.PCURVE_S1.);
#4784 = LINE('',#4785,#4786);
#4785 = CARTESIAN_POINT('',(0.395,-1.334595021906,4.916371473349));
#4786 = VECTOR('',#4787,1.);
#4787 = DIRECTION('',(0.,0.100188061612,-0.994968518251));
#4788 = PCURVE('',#4494,#4789);
#4789 = DEFINITIONAL_REPRESENTATION('',(#4790),#4794);
#4790 = LINE('',#4791,#4792);
#4791 = CARTESIAN_POINT('',(-2.185336269284,-2.469610051471));
#4792 = VECTOR('',#4793,1.);
#4793 = DIRECTION('',(-6.50833687835E-02,0.997879829993));
#4794 = ( GEOMETRIC_REPRESENTATION_CONTEXT(2) 
PARAMETRIC_REPRESENTATION_CONTEXT() REPRESENTATION_CONTEXT('2D SPACE',''
  ) );
#4795 = PCURVE('',#4448,#4796);
#4796 = DEFINITIONAL_REPRESENTATION('',(#4797),#4801);
#4797 = LINE('',#4798,#4799);
#4798 = CARTESIAN_POINT('',(0.294478857022,-2.473416677614));
#4799 = VECTOR('',#4800,1.);
#4800 = DIRECTION('',(-3.411395862797E-02,0.999417949522));
#4801 = ( GEOMETRIC_REPRESENTATION_CONTEXT(2) 
PARAMETRIC_REPRESENTATION_CONTEXT() REPRESENTATION_CONTEXT('2D SPACE',''
  ) );
#4802 = ORIENTED_EDGE('',*,*,#4460,.T.);
#4803 = ORIENTED_EDGE('',*,*,#4748,.F.);
#4804 = ORIENTED_EDGE('',*,*,#4805,.F.);
#4805 = EDGE_CURVE('',#4781,#4725,#4806,.T.);
#4806 = SURFACE_CURVE('',#4807,(#4812,#4819),.PCURVE_S1.);
#4807 = HYPERBOLA('',#4808,0.203528734064,0.381348792359);
#4808 = AXIS2_PLACEMENT_3D('',#4809,#4810,#4811);
#4809 = CARTESIAN_POINT('',(-0.247934242907,-0.290166966654,
    -1.780252345283E-04));
#4810 = DIRECTION('',(0.647716775677,0.758047818829,7.633140163198E-02)
  );
#4811 = DIRECTION('',(-4.958579577486E-02,-5.803216119081E-02,
    0.997082502667));
#4812 = PCURVE('',#4494,#4813);
#4813 = DEFINITIONAL_REPRESENTATION('',(#4814),#4818);
#4814 = ( BOUNDED_CURVE() B_SPLINE_CURVE(2,(#4815,#4816,#4817),
.UNSPECIFIED.,.F.,.F.) B_SPLINE_CURVE_WITH_KNOTS((3,3),(0.80968519384,
1.748249181547),.PIECEWISE_BEZIER_KNOTS.) CURVE() 
GEOMETRIC_REPRESENTATION_ITEM() RATIONAL_B_SPLINE_CURVE((1.,
1.112148492387,1.)) REPRESENTATION_ITEM('') );
#4815 = CARTESIAN_POINT('',(-3.008976423565,2.187355554333));
#4816 = CARTESIAN_POINT('',(-2.784332003314,2.107096240222));
#4817 = CARTESIAN_POINT('',(-2.290466589218,1.859021361344));
#4818 = ( GEOMETRIC_REPRESENTATION_CONTEXT(2) 
PARAMETRIC_REPRESENTATION_CONTEXT() REPRESENTATION_CONTEXT('2D SPACE',''
  ) );
#4819 = PCURVE('',#4644,#4820);
#4820 = DEFINITIONAL_REPRESENTATION('',(#4821),#4829);
#4821 = B_SPLINE_CURVE_WITH_KNOTS('',6,(#4822,#4823,#4824,#4825,#4826,
    #4827,#4828),.UNSPECIFIED.,.F.,.F.,(7,7),(0.80968519384,
    1.748249181547),.PIECEWISE_BEZIER_KNOTS.);
#4822 = CARTESIAN_POINT('',(4.711886100712,-0.327376278856));
#4823 = CARTESIAN_POINT('',(4.824589602537,-0.298771209243));
#4824 = CARTESIAN_POINT('',(4.923548447007,-0.262144681271));
#4825 = CARTESIAN_POINT('',(5.008119742125,-0.216238488484));
#4826 = CARTESIAN_POINT('',(5.080071100104,-0.159197950595));
#4827 = CARTESIAN_POINT('',(5.141249707451,-8.841589612661E-02));
#4828 = CARTESIAN_POINT('',(5.193348723937,1.783991938586E-15));
#4829 = ( GEOMETRIC_REPRESENTATION_CONTEXT(2) 
PARAMETRIC_REPRESENTATION_CONTEXT() REPRESENTATION_CONTEXT('2D SPACE',''
  ) );
#4830 = ADVANCED_FACE('',(#4831),#4448,.T.);
#4831 = FACE_BOUND('',#4832,.T.);
#4832 = EDGE_LOOP('',(#4833,#4856,#4857,#4858));
#4833 = ORIENTED_EDGE('',*,*,#4834,.F.);
#4834 = EDGE_CURVE('',#4391,#4835,#4837,.T.);
#4835 = VERTEX_POINT('',#4836);
#4836 = CARTESIAN_POINT('',(0.,-0.735,0.382367964155));
#4837 = SURFACE_CURVE('',#4838,(#4842,#4849),.PCURVE_S1.);
#4838 = LINE('',#4839,#4840);
#4839 = CARTESIAN_POINT('',(0.,-1.191550146659,4.916371473349));
#4840 = VECTOR('',#4841,1.);
#4841 = DIRECTION('',(0.,0.100188061612,-0.994968518251));
#4842 = PCURVE('',#4448,#4843);
#4843 = DEFINITIONAL_REPRESENTATION('',(#4844),#4848);
#4844 = LINE('',#4845,#4846);
#4845 = CARTESIAN_POINT('',(-0.125624506847,-2.473416677614));
#4846 = VECTOR('',#4847,1.);
#4847 = DIRECTION('',(-3.411395862797E-02,0.999417949522));
#4848 = ( GEOMETRIC_REPRESENTATION_CONTEXT(2) 
PARAMETRIC_REPRESENTATION_CONTEXT() REPRESENTATION_CONTEXT('2D SPACE',''
  ) );
#4849 = PCURVE('',#4413,#4850);
#4850 = DEFINITIONAL_REPRESENTATION('',(#4851),#4855);
#4851 = LINE('',#4852,#4853);
#4852 = CARTESIAN_POINT('',(0.125624506847,-2.473416677614));
#4853 = VECTOR('',#4854,1.);
#4854 = DIRECTION('',(3.411395862797E-02,0.999417949522));
#4855 = ( GEOMETRIC_REPRESENTATION_CONTEXT(2) 
PARAMETRIC_REPRESENTATION_CONTEXT() REPRESENTATION_CONTEXT('2D SPACE',''
  ) );
#4856 = ORIENTED_EDGE('',*,*,#4425,.T.);
#4857 = ORIENTED_EDGE('',*,*,#4780,.T.);
#4858 = ORIENTED_EDGE('',*,*,#4859,.F.);
#4859 = EDGE_CURVE('',#4835,#4781,#4860,.T.);
#4860 = SURFACE_CURVE('',#4861,(#4866,#4873),.PCURVE_S1.);
#4861 = HYPERBOLA('',#4862,0.350222911598,0.654909647025);
#4862 = AXIS2_PLACEMENT_3D('',#4863,#4864,#4865);
#4863 = CARTESIAN_POINT('',(-0.223279334382,-0.616557125368,
    9.113615693342E-03));
#4864 = DIRECTION('',(0.33898332763,0.93605880101,9.425616500203E-02));
#4865 = DIRECTION('',(-3.209415235281E-02,-8.862386826157E-02,
    0.995547977427));
#4866 = PCURVE('',#4448,#4867);
#4867 = DEFINITIONAL_REPRESENTATION('',(#4868),#4872);
#4868 = ( BOUNDED_CURVE() B_SPLINE_CURVE(2,(#4869,#4870,#4871),
.UNSPECIFIED.,.F.,.F.) B_SPLINE_CURVE_WITH_KNOTS((3,3),(0.268511940614,
1.109111310911),.PIECEWISE_BEZIER_KNOTS.) CURVE() 
GEOMETRIC_REPRESENTATION_ITEM() RATIONAL_B_SPLINE_CURVE((1.,
1.089633837694,1.)) REPRESENTATION_ITEM('') );
#4869 = CARTESIAN_POINT('',(-0.353374628427,2.092861850626));
#4870 = CARTESIAN_POINT('',(-8.382214736987E-02,2.055060714038));
#4871 = CARTESIAN_POINT('',(0.353374628427,1.867146324132));
#4872 = ( GEOMETRIC_REPRESENTATION_CONTEXT(2) 
PARAMETRIC_REPRESENTATION_CONTEXT() REPRESENTATION_CONTEXT('2D SPACE',''
  ) );
#4873 = PCURVE('',#4644,#4874);
#4874 = DEFINITIONAL_REPRESENTATION('',(#4875),#4884);
#4875 = B_SPLINE_CURVE_WITH_KNOTS('',7,(#4876,#4877,#4878,#4879,#4880,
    #4881,#4882,#4883),.UNSPECIFIED.,.F.,.F.,(8,8),(0.268511940614,
    1.109111310911),.PIECEWISE_BEZIER_KNOTS.);
#4876 = CARTESIAN_POINT('',(4.617387357453,-0.229946710945));
#4877 = CARTESIAN_POINT('',(4.727761500025,-0.218568668157));
#4878 = CARTESIAN_POINT('',(4.834268235311,-0.201111981153));
#4879 = CARTESIAN_POINT('',(4.934755193151,-0.177308623479));
#4880 = CARTESIAN_POINT('',(5.027652640307,-0.146675968343));
#4881 = CARTESIAN_POINT('',(5.11248745113,-0.108500378213));
#4882 = CARTESIAN_POINT('',(5.189343605789,-6.179781267098E-02));
#4883 = CARTESIAN_POINT('',(5.258625259575,-5.236075069836E-03));
#4884 = ( GEOMETRIC_REPRESENTATION_CONTEXT(2) 
PARAMETRIC_REPRESENTATION_CONTEXT() REPRESENTATION_CONTEXT('2D SPACE',''
  ) );
#4885 = ADVANCED_FACE('',(#4886),#4413,.T.);
#4886 = FACE_BOUND('',#4887,.T.);
#4887 = EDGE_LOOP('',(#4888,#4911,#4912,#4913));
#4888 = ORIENTED_EDGE('',*,*,#4889,.F.);
#4889 = EDGE_CURVE('',#4345,#4890,#4892,.T.);
#4890 = VERTEX_POINT('',#4891);
#4891 = CARTESIAN_POINT('',(-0.395,-0.890868365168,0.509718154986));
#4892 = SURFACE_CURVE('',#4893,(#4897,#4904),.PCURVE_S1.);
#4893 = LINE('',#4894,#4895);
#4894 = CARTESIAN_POINT('',(-0.395,-1.334595021906,4.916371473349));
#4895 = VECTOR('',#4896,1.);
#4896 = DIRECTION('',(0.,0.100188061612,-0.994968518251));
#4897 = PCURVE('',#4413,#4898);
#4898 = DEFINITIONAL_REPRESENTATION('',(#4899),#4903);
#4899 = LINE('',#4900,#4901);
#4900 = CARTESIAN_POINT('',(-0.294478857022,-2.473416677614));
#4901 = VECTOR('',#4902,1.);
#4902 = DIRECTION('',(3.411395862797E-02,0.999417949522));
#4903 = ( GEOMETRIC_REPRESENTATION_CONTEXT(2) 
PARAMETRIC_REPRESENTATION_CONTEXT() REPRESENTATION_CONTEXT('2D SPACE',''
  ) );
#4904 = PCURVE('',#4378,#4905);
#4905 = DEFINITIONAL_REPRESENTATION('',(#4906),#4910);
#4906 = LINE('',#4907,#4908);
#4907 = CARTESIAN_POINT('',(2.185336269284,-2.469610051471));
#4908 = VECTOR('',#4909,1.);
#4909 = DIRECTION('',(6.50833687835E-02,0.997879829993));
#4910 = ( GEOMETRIC_REPRESENTATION_CONTEXT(2) 
PARAMETRIC_REPRESENTATION_CONTEXT() REPRESENTATION_CONTEXT('2D SPACE',''
  ) );
#4911 = ORIENTED_EDGE('',*,*,#4390,.T.);
#4912 = ORIENTED_EDGE('',*,*,#4834,.T.);
#4913 = ORIENTED_EDGE('',*,*,#4914,.F.);
#4914 = EDGE_CURVE('',#4890,#4835,#4915,.T.);
#4915 = SURFACE_CURVE('',#4916,(#4921,#4928),.PCURVE_S1.);
#4916 = HYPERBOLA('',#4917,0.350222911598,0.654909647025);
#4917 = AXIS2_PLACEMENT_3D('',#4918,#4919,#4920);
#4918 = CARTESIAN_POINT('',(0.223279334382,-0.616557125368,
    9.113615693341E-03));
#4919 = DIRECTION('',(-0.33898332763,0.93605880101,9.425616500203E-02));
#4920 = DIRECTION('',(3.209415235281E-02,-8.862386826157E-02,
    0.995547977427));
#4921 = PCURVE('',#4413,#4922);
#4922 = DEFINITIONAL_REPRESENTATION('',(#4923),#4927);
#4923 = ( BOUNDED_CURVE() B_SPLINE_CURVE(2,(#4924,#4925,#4926),
.UNSPECIFIED.,.F.,.F.) B_SPLINE_CURVE_WITH_KNOTS((3,3),(-1.109111310911,
-0.268511940614),.PIECEWISE_BEZIER_KNOTS.) CURVE() 
GEOMETRIC_REPRESENTATION_ITEM() RATIONAL_B_SPLINE_CURVE((1.,
1.089633837694,1.)) REPRESENTATION_ITEM('') );
#4924 = CARTESIAN_POINT('',(-0.353374628427,1.867146324132));
#4925 = CARTESIAN_POINT('',(8.382214736987E-02,2.055060714038));
#4926 = CARTESIAN_POINT('',(0.353374628427,2.092861850626));
#4927 = ( GEOMETRIC_REPRESENTATION_CONTEXT(2) 
PARAMETRIC_REPRESENTATION_CONTEXT() REPRESENTATION_CONTEXT('2D SPACE',''
  ) );
#4928 = PCURVE('',#4644,#4929);
#4929 = DEFINITIONAL_REPRESENTATION('',(#4930),#4939);
#4930 = B_SPLINE_CURVE_WITH_KNOTS('',7,(#4931,#4932,#4933,#4934,#4935,
    #4936,#4937,#4938),.UNSPECIFIED.,.F.,.F.,(8,8),(-1.109111310911,
    -0.268511940614),.PIECEWISE_BEZIER_KNOTS.);
#4931 = CARTESIAN_POINT('',(4.166152701195,-5.236075069836E-03));
#4932 = CARTESIAN_POINT('',(4.23543435498,-6.179781267098E-02));
#4933 = CARTESIAN_POINT('',(4.312290509641,-0.108500378213));
#4934 = CARTESIAN_POINT('',(4.39712532046,-0.146675968343));
#4935 = CARTESIAN_POINT('',(4.490022767623,-0.177308623479));
#4936 = CARTESIAN_POINT('',(4.590509725456,-0.201111981153));
#4937 = CARTESIAN_POINT('',(4.697016460744,-0.218568668157));
#4938 = CARTESIAN_POINT('',(4.807390603316,-0.229946710945));
#4939 = ( GEOMETRIC_REPRESENTATION_CONTEXT(2) 
PARAMETRIC_REPRESENTATION_CONTEXT() REPRESENTATION_CONTEXT('2D SPACE',''
  ) );
#4940 = ADVANCED_FACE('',(#4941),#4378,.T.);
#4941 = FACE_BOUND('',#4942,.T.);
#4942 = EDGE_LOOP('',(#4943,#4972,#4973,#4974));
#4943 = ORIENTED_EDGE('',*,*,#4944,.F.);
#4944 = EDGE_CURVE('',#4316,#4945,#4947,.T.);
#4945 = VERTEX_POINT('',#4946);
#4946 = CARTESIAN_POINT('',(-0.529711636702,-1.015101266841,
    0.600368831136));
#4947 = SURFACE_CURVE('',#4948,(#4953,#4960),.PCURVE_S1.);
#4948 = HYPERBOLA('',#4949,0.518803557914,0.254852851795);
#4949 = AXIS2_PLACEMENT_3D('',#4950,#4951,#4952);
#4950 = CARTESIAN_POINT('',(0.167542250607,-0.196081130525,
    -1.616718561174));
#4951 = DIRECTION('',(-0.647716775677,0.758047818829,7.633140163198E-02)
  );
#4952 = DIRECTION('',(4.958579577486E-02,-5.803216119081E-02,
    0.997082502667));
#4953 = PCURVE('',#4378,#4954);
#4954 = DEFINITIONAL_REPRESENTATION('',(#4955),#4959);
#4955 = ( BOUNDED_CURVE() B_SPLINE_CURVE(2,(#4956,#4957,#4958),
.UNSPECIFIED.,.F.,.F.) B_SPLINE_CURVE_WITH_KNOTS((3,3),(-3.042532923046,
-2.134597207417),.PIECEWISE_BEZIER_KNOTS.) CURVE() 
GEOMETRIC_REPRESENTATION_ITEM() RATIONAL_B_SPLINE_CURVE((1.,
1.104825266894,1.)) REPRESENTATION_ITEM('') );
#4956 = CARTESIAN_POINT('',(0.68805388555,-1.366391414039));
#4957 = CARTESIAN_POINT('',(1.826073568722,0.939749156792));
#4958 = CARTESIAN_POINT('',(2.290466589218,1.859021361344));
#4959 = ( GEOMETRIC_REPRESENTATION_CONTEXT(2) 
PARAMETRIC_REPRESENTATION_CONTEXT() REPRESENTATION_CONTEXT('2D SPACE',''
  ) );
#4960 = PCURVE('',#4332,#4961);
#4961 = DEFINITIONAL_REPRESENTATION('',(#4962),#4971);
#4962 = B_SPLINE_CURVE_WITH_KNOTS('',7,(#4963,#4964,#4965,#4966,#4967,
    #4968,#4969,#4970),.UNSPECIFIED.,.F.,.F.,(8,8),(-3.042532923046,
    -2.134597207417),.PIECEWISE_BEZIER_KNOTS.);
#4963 = CARTESIAN_POINT('',(4.096363617626,1.137461573596E-14));
#4964 = CARTESIAN_POINT('',(4.108390701345,-0.701498128582));
#4965 = CARTESIAN_POINT('',(4.122203402305,-1.29635934637));
#4966 = CARTESIAN_POINT('',(4.138112081378,-1.803859067972));
#4967 = CARTESIAN_POINT('',(4.156491270251,-2.238880022435));
#4968 = CARTESIAN_POINT('',(4.177791148214,-2.613225801562));
#4969 = CARTESIAN_POINT('',(4.202559616573,-2.936371929625));
#4970 = CARTESIAN_POINT('',(4.231429236832,-3.216002642213));
#4971 = ( GEOMETRIC_REPRESENTATION_CONTEXT(2) 
PARAMETRIC_REPRESENTATION_CONTEXT() REPRESENTATION_CONTEXT('2D SPACE',''
  ) );
#4972 = ORIENTED_EDGE('',*,*,#4344,.T.);
#4973 = ORIENTED_EDGE('',*,*,#4889,.T.);
#4974 = ORIENTED_EDGE('',*,*,#4975,.F.);
#4975 = EDGE_CURVE('',#4945,#4890,#4976,.T.);
#4976 = SURFACE_CURVE('',#4977,(#4982,#4989),.PCURVE_S1.);
#4977 = HYPERBOLA('',#4978,0.203528734064,0.381348792359);
#4978 = AXIS2_PLACEMENT_3D('',#4979,#4980,#4981);
#4979 = CARTESIAN_POINT('',(0.247934242907,-0.290166966654,
    -1.780252345291E-04));
#4980 = DIRECTION('',(-0.647716775677,0.758047818829,7.633140163198E-02)
  );
#4981 = DIRECTION('',(4.958579577486E-02,-5.803216119081E-02,
    0.997082502667));
#4982 = PCURVE('',#4378,#4983);
#4983 = DEFINITIONAL_REPRESENTATION('',(#4984),#4988);
#4984 = ( BOUNDED_CURVE() B_SPLINE_CURVE(2,(#4985,#4986,#4987),
.UNSPECIFIED.,.F.,.F.) B_SPLINE_CURVE_WITH_KNOTS((3,3),(-1.748249181547,
-0.80968519384),.PIECEWISE_BEZIER_KNOTS.) CURVE() 
GEOMETRIC_REPRESENTATION_ITEM() RATIONAL_B_SPLINE_CURVE((1.,
1.112148492387,1.)) REPRESENTATION_ITEM('') );
#4985 = CARTESIAN_POINT('',(2.290466589218,1.859021361344));
#4986 = CARTESIAN_POINT('',(2.784332003314,2.107096240222));
#4987 = CARTESIAN_POINT('',(3.008976423565,2.187355554333));
#4988 = ( GEOMETRIC_REPRESENTATION_CONTEXT(2) 
PARAMETRIC_REPRESENTATION_CONTEXT() REPRESENTATION_CONTEXT('2D SPACE',''
  ) );
#4989 = PCURVE('',#4644,#4990);
#4990 = DEFINITIONAL_REPRESENTATION('',(#4991),#4999);
#4991 = B_SPLINE_CURVE_WITH_KNOTS('',6,(#4992,#4993,#4994,#4995,#4996,
    #4997,#4998),.UNSPECIFIED.,.F.,.F.,(7,7),(-1.748249181547,
    -0.80968519384),.PIECEWISE_BEZIER_KNOTS.);
#4992 = CARTESIAN_POINT('',(4.231429236832,1.309825660173E-15));
#4993 = CARTESIAN_POINT('',(4.283528253319,-8.841589612661E-02));
#4994 = CARTESIAN_POINT('',(4.344706860666,-0.159197950595));
#4995 = CARTESIAN_POINT('',(4.416658218644,-0.216238488484));
#4996 = CARTESIAN_POINT('',(4.501229513762,-0.262144681271));
#4997 = CARTESIAN_POINT('',(4.600188358232,-0.298771209243));
#4998 = CARTESIAN_POINT('',(4.712891860058,-0.327376278856));
#4999 = ( GEOMETRIC_REPRESENTATION_CONTEXT(2) 
PARAMETRIC_REPRESENTATION_CONTEXT() REPRESENTATION_CONTEXT('2D SPACE',''
  ) );
#5000 = ADVANCED_FACE('',(#5001),#4332,.F.);
#5001 = FACE_BOUND('',#5002,.T.);
#5002 = EDGE_LOOP('',(#5003,#5027,#5054,#5055));
#5003 = ORIENTED_EDGE('',*,*,#5004,.F.);
#5004 = EDGE_CURVE('',#5005,#4945,#5007,.T.);
#5005 = VERTEX_POINT('',#5006);
#5006 = CARTESIAN_POINT('',(-1.015101266841,-0.529711636702,
    0.600368831136));
#5007 = SURFACE_CURVE('',#5008,(#5013,#5020),.PCURVE_S1.);
#5008 = CIRCLE('',#5009,1.145);
#5009 = AXIS2_PLACEMENT_3D('',#5010,#5011,#5012);
#5010 = CARTESIAN_POINT('',(0.,0.,0.600368831136));
#5011 = DIRECTION('',(0.,0.,1.));
#5012 = DIRECTION('',(1.,0.,0.));
#5013 = PCURVE('',#4332,#5014);
#5014 = DEFINITIONAL_REPRESENTATION('',(#5015),#5019);
#5015 = LINE('',#5016,#5017);
#5016 = CARTESIAN_POINT('',(0.,-3.216002642213));
#5017 = VECTOR('',#5018,1.);
#5018 = DIRECTION('',(1.,-0.));
#5019 = ( GEOMETRIC_REPRESENTATION_CONTEXT(2) 
PARAMETRIC_REPRESENTATION_CONTEXT() REPRESENTATION_CONTEXT('2D SPACE',''
  ) );
#5020 = PCURVE('',#4644,#5021);
#5021 = DEFINITIONAL_REPRESENTATION('',(#5022),#5026);
#5022 = LINE('',#5023,#5024);
#5023 = CARTESIAN_POINT('',(0.,-0.));
#5024 = VECTOR('',#5025,1.);
#5025 = DIRECTION('',(1.,-0.));
#5026 = ( GEOMETRIC_REPRESENTATION_CONTEXT(2) 
PARAMETRIC_REPRESENTATION_CONTEXT() REPRESENTATION_CONTEXT('2D SPACE',''
  ) );
#5027 = ORIENTED_EDGE('',*,*,#5028,.T.);
#5028 = EDGE_CURVE('',#5005,#4270,#5029,.T.);
#5029 = SURFACE_CURVE('',#5030,(#5035,#5047),.PCURVE_S1.);
#5030 = HYPERBOLA('',#5031,0.518803557914,0.254852851795);
#5031 = AXIS2_PLACEMENT_3D('',#5032,#5033,#5034);
#5032 = CARTESIAN_POINT('',(-0.196081130525,0.167542250607,
    -1.616718561174));
#5033 = DIRECTION('',(0.758047818829,-0.647716775677,7.633140163198E-02)
  );
#5034 = DIRECTION('',(-5.803216119081E-02,4.958579577486E-02,
    0.997082502667));
#5035 = PCURVE('',#4332,#5036);
#5036 = DEFINITIONAL_REPRESENTATION('',(#5037),#5046);
#5037 = B_SPLINE_CURVE_WITH_KNOTS('',7,(#5038,#5039,#5040,#5041,#5042,
    #5043,#5044,#5045),.UNSPECIFIED.,.F.,.F.,(8,8),(2.134597207417,
    3.042532923046),.PIECEWISE_BEZIER_KNOTS.);
#5038 = CARTESIAN_POINT('',(3.622552397143,-3.216002642213));
#5039 = CARTESIAN_POINT('',(3.651422017401,-2.936371929625));
#5040 = CARTESIAN_POINT('',(3.67619048576,-2.613225801562));
#5041 = CARTESIAN_POINT('',(3.697490363728,-2.238880022434));
#5042 = CARTESIAN_POINT('',(3.715869552594,-1.803859067972));
#5043 = CARTESIAN_POINT('',(3.73177823167,-1.29635934637));
#5044 = CARTESIAN_POINT('',(3.745590932629,-0.701498128582));
#5045 = CARTESIAN_POINT('',(3.757618016348,9.951670101015E-15));
#5046 = ( GEOMETRIC_REPRESENTATION_CONTEXT(2) 
PARAMETRIC_REPRESENTATION_CONTEXT() REPRESENTATION_CONTEXT('2D SPACE',''
  ) );
#5047 = PCURVE('',#4303,#5048);
#5048 = DEFINITIONAL_REPRESENTATION('',(#5049),#5053);
#5049 = ( BOUNDED_CURVE() B_SPLINE_CURVE(2,(#5050,#5051,#5052),
.UNSPECIFIED.,.F.,.F.) B_SPLINE_CURVE_WITH_KNOTS((3,3),(2.134597207417,
3.042532923046),.PIECEWISE_BEZIER_KNOTS.) CURVE() 
GEOMETRIC_REPRESENTATION_ITEM() RATIONAL_B_SPLINE_CURVE((1.,
1.104825266894,1.)) REPRESENTATION_ITEM('') );
#5050 = CARTESIAN_POINT('',(-2.290466589218,1.859021361344));
#5051 = CARTESIAN_POINT('',(-1.826073568722,0.939749156792));
#5052 = CARTESIAN_POINT('',(-0.68805388555,-1.366391414039));
#5053 = ( GEOMETRIC_REPRESENTATION_CONTEXT(2) 
PARAMETRIC_REPRESENTATION_CONTEXT() REPRESENTATION_CONTEXT('2D SPACE',''
  ) );
#5054 = ORIENTED_EDGE('',*,*,#4315,.F.);
#5055 = ORIENTED_EDGE('',*,*,#4944,.T.);
#5056 = ADVANCED_FACE('',(#5057),#4303,.T.);
#5057 = FACE_BOUND('',#5058,.T.);
#5058 = EDGE_LOOP('',(#5059,#5082,#5083,#5084));
#5059 = ORIENTED_EDGE('',*,*,#5060,.F.);
#5060 = EDGE_CURVE('',#4235,#5061,#5063,.T.);
#5061 = VERTEX_POINT('',#5062);
#5062 = CARTESIAN_POINT('',(-0.890868365168,-0.395,0.509718154986));
#5063 = SURFACE_CURVE('',#5064,(#5068,#5075),.PCURVE_S1.);
#5064 = LINE('',#5065,#5066);
#5065 = CARTESIAN_POINT('',(-1.334595021906,-0.395,4.916371473349));
#5066 = VECTOR('',#5067,1.);
#5067 = DIRECTION('',(0.100188061612,-0.,-0.994968518251));
#5068 = PCURVE('',#4303,#5069);
#5069 = DEFINITIONAL_REPRESENTATION('',(#5070),#5074);
#5070 = LINE('',#5071,#5072);
#5071 = CARTESIAN_POINT('',(-2.185336269284,-2.469610051471));
#5072 = VECTOR('',#5073,1.);
#5073 = DIRECTION('',(-6.50833687835E-02,0.997879829993));
#5074 = ( GEOMETRIC_REPRESENTATION_CONTEXT(2) 
PARAMETRIC_REPRESENTATION_CONTEXT() REPRESENTATION_CONTEXT('2D SPACE',''
  ) );
#5075 = PCURVE('',#4257,#5076);
#5076 = DEFINITIONAL_REPRESENTATION('',(#5077),#5081);
#5077 = LINE('',#5078,#5079);
#5078 = CARTESIAN_POINT('',(0.294478857022,-2.473416677614));
#5079 = VECTOR('',#5080,1.);
#5080 = DIRECTION('',(-3.411395862797E-02,0.999417949522));
#5081 = ( GEOMETRIC_REPRESENTATION_CONTEXT(2) 
PARAMETRIC_REPRESENTATION_CONTEXT() REPRESENTATION_CONTEXT('2D SPACE',''
  ) );
#5082 = ORIENTED_EDGE('',*,*,#4269,.T.);
#5083 = ORIENTED_EDGE('',*,*,#5028,.F.);
#5084 = ORIENTED_EDGE('',*,*,#5085,.F.);
#5085 = EDGE_CURVE('',#5061,#5005,#5086,.T.);
#5086 = SURFACE_CURVE('',#5087,(#5092,#5099),.PCURVE_S1.);
#5087 = HYPERBOLA('',#5088,0.203528734064,0.381348792359);
#5088 = AXIS2_PLACEMENT_3D('',#5089,#5090,#5091);
#5089 = CARTESIAN_POINT('',(-0.290166966654,0.247934242907,
    -1.780252345283E-04));
#5090 = DIRECTION('',(0.758047818829,-0.647716775677,7.633140163198E-02)
  );
#5091 = DIRECTION('',(-5.803216119081E-02,4.958579577486E-02,
    0.997082502667));
#5092 = PCURVE('',#4303,#5093);
#5093 = DEFINITIONAL_REPRESENTATION('',(#5094),#5098);
#5094 = ( BOUNDED_CURVE() B_SPLINE_CURVE(2,(#5095,#5096,#5097),
.UNSPECIFIED.,.F.,.F.) B_SPLINE_CURVE_WITH_KNOTS((3,3),(0.80968519384,
1.748249181547),.PIECEWISE_BEZIER_KNOTS.) CURVE() 
GEOMETRIC_REPRESENTATION_ITEM() RATIONAL_B_SPLINE_CURVE((1.,
1.112148492387,1.)) REPRESENTATION_ITEM('') );
#5095 = CARTESIAN_POINT('',(-3.008976423565,2.187355554333));
#5096 = CARTESIAN_POINT('',(-2.784332003314,2.107096240222));
#5097 = CARTESIAN_POINT('',(-2.290466589218,1.859021361344));
#5098 = ( GEOMETRIC_REPRESENTATION_CONTEXT(2) 
PARAMETRIC_REPRESENTATION_CONTEXT() REPRESENTATION_CONTEXT('2D SPACE',''
  ) );
#5099 = PCURVE('',#4644,#5100);
#5100 = DEFINITIONAL_REPRESENTATION('',(#5101),#5109);
#5101 = B_SPLINE_CURVE_WITH_KNOTS('',6,(#5102,#5103,#5104,#5105,#5106,
    #5107,#5108),.UNSPECIFIED.,.F.,.F.,(7,7),(0.80968519384,
    1.748249181547),.PIECEWISE_BEZIER_KNOTS.);
#5102 = CARTESIAN_POINT('',(3.141089773917,-0.327376278856));
#5103 = CARTESIAN_POINT('',(3.253793275742,-0.298771209243));
#5104 = CARTESIAN_POINT('',(3.352752120212,-0.262144681271));
#5105 = CARTESIAN_POINT('',(3.43732341533,-0.216238488484));
#5106 = CARTESIAN_POINT('',(3.509274773309,-0.159197950595));
#5107 = CARTESIAN_POINT('',(3.570453380656,-8.841589612661E-02));
#5108 = CARTESIAN_POINT('',(3.622552397143,1.225320778871E-15));
#5109 = ( GEOMETRIC_REPRESENTATION_CONTEXT(2) 
PARAMETRIC_REPRESENTATION_CONTEXT() REPRESENTATION_CONTEXT('2D SPACE',''
  ) );
#5110 = ADVANCED_FACE('',(#5111),#4257,.T.);
#5111 = FACE_BOUND('',#5112,.T.);
#5112 = EDGE_LOOP('',(#5113,#5136,#5137,#5138));
#5113 = ORIENTED_EDGE('',*,*,#5114,.F.);
#5114 = EDGE_CURVE('',#4200,#5115,#5117,.T.);
#5115 = VERTEX_POINT('',#5116);
#5116 = CARTESIAN_POINT('',(-0.735,0.,0.382367964155));
#5117 = SURFACE_CURVE('',#5118,(#5122,#5129),.PCURVE_S1.);
#5118 = LINE('',#5119,#5120);
#5119 = CARTESIAN_POINT('',(-1.191550146659,0.,4.916371473349));
#5120 = VECTOR('',#5121,1.);
#5121 = DIRECTION('',(0.100188061612,-0.,-0.994968518251));
#5122 = PCURVE('',#4257,#5123);
#5123 = DEFINITIONAL_REPRESENTATION('',(#5124),#5128);
#5124 = LINE('',#5125,#5126);
#5125 = CARTESIAN_POINT('',(-0.125624506847,-2.473416677614));
#5126 = VECTOR('',#5127,1.);
#5127 = DIRECTION('',(-3.411395862797E-02,0.999417949522));
#5128 = ( GEOMETRIC_REPRESENTATION_CONTEXT(2) 
PARAMETRIC_REPRESENTATION_CONTEXT() REPRESENTATION_CONTEXT('2D SPACE',''
  ) );
#5129 = PCURVE('',#4222,#5130);
#5130 = DEFINITIONAL_REPRESENTATION('',(#5131),#5135);
#5131 = LINE('',#5132,#5133);
#5132 = CARTESIAN_POINT('',(0.125624506847,-2.473416677614));
#5133 = VECTOR('',#5134,1.);
#5134 = DIRECTION('',(3.411395862797E-02,0.999417949522));
#5135 = ( GEOMETRIC_REPRESENTATION_CONTEXT(2) 
PARAMETRIC_REPRESENTATION_CONTEXT() REPRESENTATION_CONTEXT('2D SPACE',''
  ) );
#5136 = ORIENTED_EDGE('',*,*,#4234,.T.);
#5137 = ORIENTED_EDGE('',*,*,#5060,.T.);
#5138 = ORIENTED_EDGE('',*,*,#5139,.F.);
#5139 = EDGE_CURVE('',#5115,#5061,#5140,.T.);
#5140 = SURFACE_CURVE('',#5141,(#5146,#5153),.PCURVE_S1.);
#5141 = HYPERBOLA('',#5142,0.350222911598,0.654909647025);
#5142 = AXIS2_PLACEMENT_3D('',#5143,#5144,#5145);
#5143 = CARTESIAN_POINT('',(-0.616557125368,0.223279334382,
    9.113615693341E-03));
#5144 = DIRECTION('',(0.93605880101,-0.33898332763,9.425616500203E-02));
#5145 = DIRECTION('',(-8.862386826157E-02,3.209415235281E-02,
    0.995547977427));
#5146 = PCURVE('',#4257,#5147);
#5147 = DEFINITIONAL_REPRESENTATION('',(#5148),#5152);
#5148 = ( BOUNDED_CURVE() B_SPLINE_CURVE(2,(#5149,#5150,#5151),
.UNSPECIFIED.,.F.,.F.) B_SPLINE_CURVE_WITH_KNOTS((3,3),(0.268511940614,
1.109111310911),.PIECEWISE_BEZIER_KNOTS.) CURVE() 
GEOMETRIC_REPRESENTATION_ITEM() RATIONAL_B_SPLINE_CURVE((1.,
1.089633837694,1.)) REPRESENTATION_ITEM('') );
#5149 = CARTESIAN_POINT('',(-0.353374628427,2.092861850626));
#5150 = CARTESIAN_POINT('',(-8.382214736987E-02,2.055060714038));
#5151 = CARTESIAN_POINT('',(0.353374628427,1.867146324132));
#5152 = ( GEOMETRIC_REPRESENTATION_CONTEXT(2) 
PARAMETRIC_REPRESENTATION_CONTEXT() REPRESENTATION_CONTEXT('2D SPACE',''
  ) );
#5153 = PCURVE('',#4644,#5154);
#5154 = DEFINITIONAL_REPRESENTATION('',(#5155),#5164);
#5155 = B_SPLINE_CURVE_WITH_KNOTS('',7,(#5156,#5157,#5158,#5159,#5160,
    #5161,#5162,#5163),.UNSPECIFIED.,.F.,.F.,(8,8),(0.268511940614,
    1.109111310911),.PIECEWISE_BEZIER_KNOTS.);
#5156 = CARTESIAN_POINT('',(3.046591030658,-0.229946710945));
#5157 = CARTESIAN_POINT('',(3.15696517323,-0.218568668157));
#5158 = CARTESIAN_POINT('',(3.263471908517,-0.201111981153));
#5159 = CARTESIAN_POINT('',(3.363958866355,-0.177308623479));
#5160 = CARTESIAN_POINT('',(3.456856313514,-0.146675968343));
#5161 = CARTESIAN_POINT('',(3.541691124334,-0.108500378213));
#5162 = CARTESIAN_POINT('',(3.618547278994,-6.179781267098E-02));
#5163 = CARTESIAN_POINT('',(3.68782893278,-5.236075069836E-03));
#5164 = ( GEOMETRIC_REPRESENTATION_CONTEXT(2) 
PARAMETRIC_REPRESENTATION_CONTEXT() REPRESENTATION_CONTEXT('2D SPACE',''
  ) );
#5165 = ADVANCED_FACE('',(#5166),#4222,.T.);
#5166 = FACE_BOUND('',#5167,.T.);
#5167 = EDGE_LOOP('',(#5168,#5191,#5192,#5193));
#5168 = ORIENTED_EDGE('',*,*,#5169,.F.);
#5169 = EDGE_CURVE('',#4154,#5170,#5172,.T.);
#5170 = VERTEX_POINT('',#5171);
#5171 = CARTESIAN_POINT('',(-0.890868365168,0.395,0.509718154986));
#5172 = SURFACE_CURVE('',#5173,(#5177,#5184),.PCURVE_S1.);
#5173 = LINE('',#5174,#5175);
#5174 = CARTESIAN_POINT('',(-1.334595021906,0.395,4.916371473349));
#5175 = VECTOR('',#5176,1.);
#5176 = DIRECTION('',(0.100188061612,-0.,-0.994968518251));
#5177 = PCURVE('',#4222,#5178);
#5178 = DEFINITIONAL_REPRESENTATION('',(#5179),#5183);
#5179 = LINE('',#5180,#5181);
#5180 = CARTESIAN_POINT('',(-0.294478857022,-2.473416677614));
#5181 = VECTOR('',#5182,1.);
#5182 = DIRECTION('',(3.411395862797E-02,0.999417949522));
#5183 = ( GEOMETRIC_REPRESENTATION_CONTEXT(2) 
PARAMETRIC_REPRESENTATION_CONTEXT() REPRESENTATION_CONTEXT('2D SPACE',''
  ) );
#5184 = PCURVE('',#4187,#5185);
#5185 = DEFINITIONAL_REPRESENTATION('',(#5186),#5190);
#5186 = LINE('',#5187,#5188);
#5187 = CARTESIAN_POINT('',(2.185336269284,-2.469610051471));
#5188 = VECTOR('',#5189,1.);
#5189 = DIRECTION('',(6.50833687835E-02,0.997879829993));
#5190 = ( GEOMETRIC_REPRESENTATION_CONTEXT(2) 
PARAMETRIC_REPRESENTATION_CONTEXT() REPRESENTATION_CONTEXT('2D SPACE',''
  ) );
#5191 = ORIENTED_EDGE('',*,*,#4199,.T.);
#5192 = ORIENTED_EDGE('',*,*,#5114,.T.);
#5193 = ORIENTED_EDGE('',*,*,#5194,.F.);
#5194 = EDGE_CURVE('',#5170,#5115,#5195,.T.);
#5195 = SURFACE_CURVE('',#5196,(#5201,#5208),.PCURVE_S1.);
#5196 = HYPERBOLA('',#5197,0.350222911598,0.654909647025);
#5197 = AXIS2_PLACEMENT_3D('',#5198,#5199,#5200);
#5198 = CARTESIAN_POINT('',(-0.616557125368,-0.223279334382,
    9.113615693342E-03));
#5199 = DIRECTION('',(0.93605880101,0.33898332763,9.425616500203E-02));
#5200 = DIRECTION('',(-8.862386826157E-02,-3.209415235281E-02,
    0.995547977427));
#5201 = PCURVE('',#4222,#5202);
#5202 = DEFINITIONAL_REPRESENTATION('',(#5203),#5207);
#5203 = ( BOUNDED_CURVE() B_SPLINE_CURVE(2,(#5204,#5205,#5206),
.UNSPECIFIED.,.F.,.F.) B_SPLINE_CURVE_WITH_KNOTS((3,3),(-1.109111310911,
-0.268511940614),.PIECEWISE_BEZIER_KNOTS.) CURVE() 
GEOMETRIC_REPRESENTATION_ITEM() RATIONAL_B_SPLINE_CURVE((1.,
1.089633837694,1.)) REPRESENTATION_ITEM('') );
#5204 = CARTESIAN_POINT('',(-0.353374628427,1.867146324132));
#5205 = CARTESIAN_POINT('',(8.382214736987E-02,2.055060714038));
#5206 = CARTESIAN_POINT('',(0.353374628427,2.092861850626));
#5207 = ( GEOMETRIC_REPRESENTATION_CONTEXT(2) 
PARAMETRIC_REPRESENTATION_CONTEXT() REPRESENTATION_CONTEXT('2D SPACE',''
  ) );
#5208 = PCURVE('',#4644,#5209);
#5209 = DEFINITIONAL_REPRESENTATION('',(#5210),#5219);
#5210 = B_SPLINE_CURVE_WITH_KNOTS('',7,(#5211,#5212,#5213,#5214,#5215,
    #5216,#5217,#5218),.UNSPECIFIED.,.F.,.F.,(8,8),(-1.109111310911,
    -0.268511940614),.PIECEWISE_BEZIER_KNOTS.);
#5211 = CARTESIAN_POINT('',(2.5953563744,-5.236075069836E-03));
#5212 = CARTESIAN_POINT('',(2.664638028185,-6.179781267098E-02));
#5213 = CARTESIAN_POINT('',(2.741494182845,-0.108500378213));
#5214 = CARTESIAN_POINT('',(2.826328993667,-0.146675968343));
#5215 = CARTESIAN_POINT('',(2.919226440825,-0.177308623479));
#5216 = CARTESIAN_POINT('',(3.019713398662,-0.201111981153));
#5217 = CARTESIAN_POINT('',(3.126220133949,-0.218568668157));
#5218 = CARTESIAN_POINT('',(3.236594276521,-0.229946710945));
#5219 = ( GEOMETRIC_REPRESENTATION_CONTEXT(2) 
PARAMETRIC_REPRESENTATION_CONTEXT() REPRESENTATION_CONTEXT('2D SPACE',''
  ) );
#5220 = ADVANCED_FACE('',(#5221),#4187,.T.);
#5221 = FACE_BOUND('',#5222,.T.);
#5222 = EDGE_LOOP('',(#5223,#5252,#5253,#5254));
#5223 = ORIENTED_EDGE('',*,*,#5224,.F.);
#5224 = EDGE_CURVE('',#4125,#5225,#5227,.T.);
#5225 = VERTEX_POINT('',#5226);
#5226 = CARTESIAN_POINT('',(-1.015101266841,0.529711636702,
    0.600368831136));
#5227 = SURFACE_CURVE('',#5228,(#5233,#5240),.PCURVE_S1.);
#5228 = HYPERBOLA('',#5229,0.518803557914,0.254852851795);
#5229 = AXIS2_PLACEMENT_3D('',#5230,#5231,#5232);
#5230 = CARTESIAN_POINT('',(-0.196081130525,-0.167542250607,
    -1.616718561174));
#5231 = DIRECTION('',(0.758047818829,0.647716775677,7.633140163198E-02)
  );
#5232 = DIRECTION('',(-5.803216119081E-02,-4.958579577486E-02,
    0.997082502667));
#5233 = PCURVE('',#4187,#5234);
#5234 = DEFINITIONAL_REPRESENTATION('',(#5235),#5239);
#5235 = ( BOUNDED_CURVE() B_SPLINE_CURVE(2,(#5236,#5237,#5238),
.UNSPECIFIED.,.F.,.F.) B_SPLINE_CURVE_WITH_KNOTS((3,3),(-3.042532923046,
-2.134597207417),.PIECEWISE_BEZIER_KNOTS.) CURVE() 
GEOMETRIC_REPRESENTATION_ITEM() RATIONAL_B_SPLINE_CURVE((1.,
1.104825266894,1.)) REPRESENTATION_ITEM('') );
#5236 = CARTESIAN_POINT('',(0.68805388555,-1.366391414039));
#5237 = CARTESIAN_POINT('',(1.826073568722,0.939749156792));
#5238 = CARTESIAN_POINT('',(2.290466589218,1.859021361344));
#5239 = ( GEOMETRIC_REPRESENTATION_CONTEXT(2) 
PARAMETRIC_REPRESENTATION_CONTEXT() REPRESENTATION_CONTEXT('2D SPACE',''
  ) );
#5240 = PCURVE('',#4141,#5241);
#5241 = DEFINITIONAL_REPRESENTATION('',(#5242),#5251);
#5242 = B_SPLINE_CURVE_WITH_KNOTS('',7,(#5243,#5244,#5245,#5246,#5247,
    #5248,#5249,#5250),.UNSPECIFIED.,.F.,.F.,(8,8),(-3.042532923046,
    -2.134597207417),.PIECEWISE_BEZIER_KNOTS.);
#5243 = CARTESIAN_POINT('',(2.525567290831,9.065685083029E-15));
#5244 = CARTESIAN_POINT('',(2.53759437455,-0.701498128582));
#5245 = CARTESIAN_POINT('',(2.551407075509,-1.29635934637));
#5246 = CARTESIAN_POINT('',(2.567315754586,-1.803859067972));
#5247 = CARTESIAN_POINT('',(2.585694943453,-2.238880022435));
#5248 = CARTESIAN_POINT('',(2.60699482142,-2.613225801562));
#5249 = CARTESIAN_POINT('',(2.631763289778,-2.936371929625));
#5250 = CARTESIAN_POINT('',(2.660632910037,-3.216002642213));
#5251 = ( GEOMETRIC_REPRESENTATION_CONTEXT(2) 
PARAMETRIC_REPRESENTATION_CONTEXT() REPRESENTATION_CONTEXT('2D SPACE',''
  ) );
#5252 = ORIENTED_EDGE('',*,*,#4153,.T.);
#5253 = ORIENTED_EDGE('',*,*,#5169,.T.);
#5254 = ORIENTED_EDGE('',*,*,#5255,.F.);
#5255 = EDGE_CURVE('',#5225,#5170,#5256,.T.);
#5256 = SURFACE_CURVE('',#5257,(#5262,#5269),.PCURVE_S1.);
#5257 = HYPERBOLA('',#5258,0.203528734064,0.381348792359);
#5258 = AXIS2_PLACEMENT_3D('',#5259,#5260,#5261);
#5259 = CARTESIAN_POINT('',(-0.290166966654,-0.247934242907,
    -1.780252345283E-04));
#5260 = DIRECTION('',(0.758047818829,0.647716775677,7.633140163198E-02)
  );
#5261 = DIRECTION('',(-5.803216119081E-02,-4.958579577486E-02,
    0.997082502667));
#5262 = PCURVE('',#4187,#5263);
#5263 = DEFINITIONAL_REPRESENTATION('',(#5264),#5268);
#5264 = ( BOUNDED_CURVE() B_SPLINE_CURVE(2,(#5265,#5266,#5267),
.UNSPECIFIED.,.F.,.F.) B_SPLINE_CURVE_WITH_KNOTS((3,3),(-1.748249181547,
-0.80968519384),.PIECEWISE_BEZIER_KNOTS.) CURVE() 
GEOMETRIC_REPRESENTATION_ITEM() RATIONAL_B_SPLINE_CURVE((1.,
1.112148492387,1.)) REPRESENTATION_ITEM('') );
#5265 = CARTESIAN_POINT('',(2.290466589218,1.859021361344));
#5266 = CARTESIAN_POINT('',(2.784332003314,2.107096240222));
#5267 = CARTESIAN_POINT('',(3.008976423565,2.187355554333));
#5268 = ( GEOMETRIC_REPRESENTATION_CONTEXT(2) 
PARAMETRIC_REPRESENTATION_CONTEXT() REPRESENTATION_CONTEXT('2D SPACE',''
  ) );
#5269 = PCURVE('',#4644,#5270);
#5270 = DEFINITIONAL_REPRESENTATION('',(#5271),#5279);
#5271 = B_SPLINE_CURVE_WITH_KNOTS('',6,(#5272,#5273,#5274,#5275,#5276,
    #5277,#5278),.UNSPECIFIED.,.F.,.F.,(7,7),(-1.748249181547,
    -0.80968519384),.PIECEWISE_BEZIER_KNOTS.);
#5272 = CARTESIAN_POINT('',(2.660632910037,1.131426466314E-15));
#5273 = CARTESIAN_POINT('',(2.712731926524,-8.841589612661E-02));
#5274 = CARTESIAN_POINT('',(2.773910533871,-0.159197950595));
#5275 = CARTESIAN_POINT('',(2.845861891849,-0.216238488484));
#5276 = CARTESIAN_POINT('',(2.930433186968,-0.262144681271));
#5277 = CARTESIAN_POINT('',(3.029392031437,-0.298771209243));
#5278 = CARTESIAN_POINT('',(3.142095533263,-0.327376278856));
#5279 = ( GEOMETRIC_REPRESENTATION_CONTEXT(2) 
PARAMETRIC_REPRESENTATION_CONTEXT() REPRESENTATION_CONTEXT('2D SPACE',''
  ) );
#5280 = ADVANCED_FACE('',(#5281),#4141,.F.);
#5281 = FACE_BOUND('',#5282,.T.);
#5282 = EDGE_LOOP('',(#5283,#5307,#5334,#5335));
#5283 = ORIENTED_EDGE('',*,*,#5284,.F.);
#5284 = EDGE_CURVE('',#5285,#5225,#5287,.T.);
#5285 = VERTEX_POINT('',#5286);
#5286 = CARTESIAN_POINT('',(-0.529711636702,1.015101266841,
    0.600368831136));
#5287 = SURFACE_CURVE('',#5288,(#5293,#5300),.PCURVE_S1.);
#5288 = CIRCLE('',#5289,1.145);
#5289 = AXIS2_PLACEMENT_3D('',#5290,#5291,#5292);
#5290 = CARTESIAN_POINT('',(0.,0.,0.600368831136));
#5291 = DIRECTION('',(0.,0.,1.));
#5292 = DIRECTION('',(1.,0.,0.));
#5293 = PCURVE('',#4141,#5294);
#5294 = DEFINITIONAL_REPRESENTATION('',(#5295),#5299);
#5295 = LINE('',#5296,#5297);
#5296 = CARTESIAN_POINT('',(0.,-3.216002642213));
#5297 = VECTOR('',#5298,1.);
#5298 = DIRECTION('',(1.,-0.));
#5299 = ( GEOMETRIC_REPRESENTATION_CONTEXT(2) 
PARAMETRIC_REPRESENTATION_CONTEXT() REPRESENTATION_CONTEXT('2D SPACE',''
  ) );
#5300 = PCURVE('',#4644,#5301);
#5301 = DEFINITIONAL_REPRESENTATION('',(#5302),#5306);
#5302 = LINE('',#5303,#5304);
#5303 = CARTESIAN_POINT('',(0.,-0.));
#5304 = VECTOR('',#5305,1.);
#5305 = DIRECTION('',(1.,-0.));
#5306 = ( GEOMETRIC_REPRESENTATION_CONTEXT(2) 
PARAMETRIC_REPRESENTATION_CONTEXT() REPRESENTATION_CONTEXT('2D SPACE',''
  ) );
#5307 = ORIENTED_EDGE('',*,*,#5308,.T.);
#5308 = EDGE_CURVE('',#5285,#4079,#5309,.T.);
#5309 = SURFACE_CURVE('',#5310,(#5315,#5327),.PCURVE_S1.);
#5310 = HYPERBOLA('',#5311,0.518803557914,0.254852851795);
#5311 = AXIS2_PLACEMENT_3D('',#5312,#5313,#5314);
#5312 = CARTESIAN_POINT('',(0.167542250607,0.196081130525,
    -1.616718561174));
#5313 = DIRECTION('',(-0.647716775677,-0.758047818829,7.633140163198E-02
    ));
#5314 = DIRECTION('',(4.958579577486E-02,5.803216119081E-02,
    0.997082502667));
#5315 = PCURVE('',#4141,#5316);
#5316 = DEFINITIONAL_REPRESENTATION('',(#5317),#5326);
#5317 = B_SPLINE_CURVE_WITH_KNOTS('',7,(#5318,#5319,#5320,#5321,#5322,
    #5323,#5324,#5325),.UNSPECIFIED.,.F.,.F.,(8,8),(2.134597207417,
    3.042532923046),.PIECEWISE_BEZIER_KNOTS.);
#5318 = CARTESIAN_POINT('',(2.051756070348,-3.216002642213));
#5319 = CARTESIAN_POINT('',(2.080625690606,-2.936371929625));
#5320 = CARTESIAN_POINT('',(2.105394158965,-2.613225801562));
#5321 = CARTESIAN_POINT('',(2.126694036933,-2.238880022434));
#5322 = CARTESIAN_POINT('',(2.145073225799,-1.803859067972));
#5323 = CARTESIAN_POINT('',(2.160981904875,-1.29635934637));
#5324 = CARTESIAN_POINT('',(2.174794605834,-0.701498128582));
#5325 = CARTESIAN_POINT('',(2.186821689553,7.114728174736E-15));
#5326 = ( GEOMETRIC_REPRESENTATION_CONTEXT(2) 
PARAMETRIC_REPRESENTATION_CONTEXT() REPRESENTATION_CONTEXT('2D SPACE',''
  ) );
#5327 = PCURVE('',#4112,#5328);
#5328 = DEFINITIONAL_REPRESENTATION('',(#5329),#5333);
#5329 = ( BOUNDED_CURVE() B_SPLINE_CURVE(2,(#5330,#5331,#5332),
.UNSPECIFIED.,.F.,.F.) B_SPLINE_CURVE_WITH_KNOTS((3,3),(2.134597207417,
3.042532923046),.PIECEWISE_BEZIER_KNOTS.) CURVE() 
GEOMETRIC_REPRESENTATION_ITEM() RATIONAL_B_SPLINE_CURVE((1.,
1.104825266894,1.)) REPRESENTATION_ITEM('') );
#5330 = CARTESIAN_POINT('',(-2.290466589218,1.859021361344));
#5331 = CARTESIAN_POINT('',(-1.826073568722,0.939749156792));
#5332 = CARTESIAN_POINT('',(-0.68805388555,-1.366391414039));
#5333 = ( GEOMETRIC_REPRESENTATION_CONTEXT(2) 
PARAMETRIC_REPRESENTATION_CONTEXT() REPRESENTATION_CONTEXT('2D SPACE',''
  ) );
#5334 = ORIENTED_EDGE('',*,*,#4124,.F.);
#5335 = ORIENTED_EDGE('',*,*,#5224,.T.);
#5336 = ADVANCED_FACE('',(#5337),#4112,.T.);
#5337 = FACE_BOUND('',#5338,.T.);
#5338 = EDGE_LOOP('',(#5339,#5362,#5363,#5364));
#5339 = ORIENTED_EDGE('',*,*,#5340,.F.);
#5340 = EDGE_CURVE('',#4044,#5341,#5343,.T.);
#5341 = VERTEX_POINT('',#5342);
#5342 = CARTESIAN_POINT('',(-0.395,0.890868365168,0.509718154986));
#5343 = SURFACE_CURVE('',#5344,(#5348,#5355),.PCURVE_S1.);
#5344 = LINE('',#5345,#5346);
#5345 = CARTESIAN_POINT('',(-0.395,1.334595021906,4.916371473349));
#5346 = VECTOR('',#5347,1.);
#5347 = DIRECTION('',(-0.,-0.100188061612,-0.994968518251));
#5348 = PCURVE('',#4112,#5349);
#5349 = DEFINITIONAL_REPRESENTATION('',(#5350),#5354);
#5350 = LINE('',#5351,#5352);
#5351 = CARTESIAN_POINT('',(-2.185336269284,-2.469610051471));
#5352 = VECTOR('',#5353,1.);
#5353 = DIRECTION('',(-6.50833687835E-02,0.997879829993));
#5354 = ( GEOMETRIC_REPRESENTATION_CONTEXT(2) 
PARAMETRIC_REPRESENTATION_CONTEXT() REPRESENTATION_CONTEXT('2D SPACE',''
  ) );
#5355 = PCURVE('',#4066,#5356);
#5356 = DEFINITIONAL_REPRESENTATION('',(#5357),#5361);
#5357 = LINE('',#5358,#5359);
#5358 = CARTESIAN_POINT('',(0.294478857022,-2.473416677614));
#5359 = VECTOR('',#5360,1.);
#5360 = DIRECTION('',(-3.411395862797E-02,0.999417949522));
#5361 = ( GEOMETRIC_REPRESENTATION_CONTEXT(2) 
PARAMETRIC_REPRESENTATION_CONTEXT() REPRESENTATION_CONTEXT('2D SPACE',''
  ) );
#5362 = ORIENTED_EDGE('',*,*,#4078,.T.);
#5363 = ORIENTED_EDGE('',*,*,#5308,.F.);
#5364 = ORIENTED_EDGE('',*,*,#5365,.F.);
#5365 = EDGE_CURVE('',#5341,#5285,#5366,.T.);
#5366 = SURFACE_CURVE('',#5367,(#5372,#5379),.PCURVE_S1.);
#5367 = HYPERBOLA('',#5368,0.203528734064,0.381348792359);
#5368 = AXIS2_PLACEMENT_3D('',#5369,#5370,#5371);
#5369 = CARTESIAN_POINT('',(0.247934242907,0.290166966654,
    -1.780252345283E-04));
#5370 = DIRECTION('',(-0.647716775677,-0.758047818829,7.633140163198E-02
    ));
#5371 = DIRECTION('',(4.958579577486E-02,5.803216119081E-02,
    0.997082502667));
#5372 = PCURVE('',#4112,#5373);
#5373 = DEFINITIONAL_REPRESENTATION('',(#5374),#5378);
#5374 = ( BOUNDED_CURVE() B_SPLINE_CURVE(2,(#5375,#5376,#5377),
.UNSPECIFIED.,.F.,.F.) B_SPLINE_CURVE_WITH_KNOTS((3,3),(0.80968519384,
1.748249181547),.PIECEWISE_BEZIER_KNOTS.) CURVE() 
GEOMETRIC_REPRESENTATION_ITEM() RATIONAL_B_SPLINE_CURVE((1.,
1.112148492387,1.)) REPRESENTATION_ITEM('') );
#5375 = CARTESIAN_POINT('',(-3.008976423565,2.187355554333));
#5376 = CARTESIAN_POINT('',(-2.784332003314,2.107096240222));
#5377 = CARTESIAN_POINT('',(-2.290466589218,1.859021361344));
#5378 = ( GEOMETRIC_REPRESENTATION_CONTEXT(2) 
PARAMETRIC_REPRESENTATION_CONTEXT() REPRESENTATION_CONTEXT('2D SPACE',''
  ) );
#5379 = PCURVE('',#4644,#5380);
#5380 = DEFINITIONAL_REPRESENTATION('',(#5381),#5389);
#5381 = B_SPLINE_CURVE_WITH_KNOTS('',6,(#5382,#5383,#5384,#5385,#5386,
    #5387,#5388),.UNSPECIFIED.,.F.,.F.,(7,7),(0.80968519384,
    1.748249181547),.PIECEWISE_BEZIER_KNOTS.);
#5382 = CARTESIAN_POINT('',(1.570293447122,-0.327376278856));
#5383 = CARTESIAN_POINT('',(1.682996948947,-0.298771209243));
#5384 = CARTESIAN_POINT('',(1.781955793417,-0.262144681271));
#5385 = CARTESIAN_POINT('',(1.866527088535,-0.216238488484));
#5386 = CARTESIAN_POINT('',(1.938478446514,-0.159197950595));
#5387 = CARTESIAN_POINT('',(1.999657053861,-8.841589612661E-02));
#5388 = CARTESIAN_POINT('',(2.051756070348,6.66649619156E-16));
#5389 = ( GEOMETRIC_REPRESENTATION_CONTEXT(2) 
PARAMETRIC_REPRESENTATION_CONTEXT() REPRESENTATION_CONTEXT('2D SPACE',''
  ) );
#5390 = ADVANCED_FACE('',(#5391),#4066,.T.);
#5391 = FACE_BOUND('',#5392,.T.);
#5392 = EDGE_LOOP('',(#5393,#5416,#5417,#5418));
#5393 = ORIENTED_EDGE('',*,*,#5394,.F.);
#5394 = EDGE_CURVE('',#4009,#5395,#5397,.T.);
#5395 = VERTEX_POINT('',#5396);
#5396 = CARTESIAN_POINT('',(0.,0.735,0.382367964155));
#5397 = SURFACE_CURVE('',#5398,(#5402,#5409),.PCURVE_S1.);
#5398 = LINE('',#5399,#5400);
#5399 = CARTESIAN_POINT('',(0.,1.191550146659,4.916371473349));
#5400 = VECTOR('',#5401,1.);
#5401 = DIRECTION('',(-0.,-0.100188061612,-0.994968518251));
#5402 = PCURVE('',#4066,#5403);
#5403 = DEFINITIONAL_REPRESENTATION('',(#5404),#5408);
#5404 = LINE('',#5405,#5406);
#5405 = CARTESIAN_POINT('',(-0.125624506847,-2.473416677614));
#5406 = VECTOR('',#5407,1.);
#5407 = DIRECTION('',(-3.411395862797E-02,0.999417949522));
#5408 = ( GEOMETRIC_REPRESENTATION_CONTEXT(2) 
PARAMETRIC_REPRESENTATION_CONTEXT() REPRESENTATION_CONTEXT('2D SPACE',''
  ) );
#5409 = PCURVE('',#4031,#5410);
#5410 = DEFINITIONAL_REPRESENTATION('',(#5411),#5415);
#5411 = LINE('',#5412,#5413);
#5412 = CARTESIAN_POINT('',(0.125624506847,-2.473416677614));
#5413 = VECTOR('',#5414,1.);
#5414 = DIRECTION('',(3.411395862797E-02,0.999417949522));
#5415 = ( GEOMETRIC_REPRESENTATION_CONTEXT(2) 
PARAMETRIC_REPRESENTATION_CONTEXT() REPRESENTATION_CONTEXT('2D SPACE',''
  ) );
#5416 = ORIENTED_EDGE('',*,*,#4043,.T.);
#5417 = ORIENTED_EDGE('',*,*,#5340,.T.);
#5418 = ORIENTED_EDGE('',*,*,#5419,.F.);
#5419 = EDGE_CURVE('',#5395,#5341,#5420,.T.);
#5420 = SURFACE_CURVE('',#5421,(#5426,#5433),.PCURVE_S1.);
#5421 = HYPERBOLA('',#5422,0.350222911598,0.654909647025);
#5422 = AXIS2_PLACEMENT_3D('',#5423,#5424,#5425);
#5423 = CARTESIAN_POINT('',(0.223279334382,0.616557125368,
    9.113615693341E-03));
#5424 = DIRECTION('',(-0.33898332763,-0.93605880101,9.425616500203E-02)
  );
#5425 = DIRECTION('',(3.209415235281E-02,8.862386826157E-02,
    0.995547977427));
#5426 = PCURVE('',#4066,#5427);
#5427 = DEFINITIONAL_REPRESENTATION('',(#5428),#5432);
#5428 = ( BOUNDED_CURVE() B_SPLINE_CURVE(2,(#5429,#5430,#5431),
.UNSPECIFIED.,.F.,.F.) B_SPLINE_CURVE_WITH_KNOTS((3,3),(0.268511940614,
1.109111310911),.PIECEWISE_BEZIER_KNOTS.) CURVE() 
GEOMETRIC_REPRESENTATION_ITEM() RATIONAL_B_SPLINE_CURVE((1.,
1.089633837694,1.)) REPRESENTATION_ITEM('') );
#5429 = CARTESIAN_POINT('',(-0.353374628427,2.092861850626));
#5430 = CARTESIAN_POINT('',(-8.382214736987E-02,2.055060714038));
#5431 = CARTESIAN_POINT('',(0.353374628427,1.867146324132));
#5432 = ( GEOMETRIC_REPRESENTATION_CONTEXT(2) 
PARAMETRIC_REPRESENTATION_CONTEXT() REPRESENTATION_CONTEXT('2D SPACE',''
  ) );
#5433 = PCURVE('',#4644,#5434);
#5434 = DEFINITIONAL_REPRESENTATION('',(#5435),#5444);
#5435 = B_SPLINE_CURVE_WITH_KNOTS('',7,(#5436,#5437,#5438,#5439,#5440,
    #5441,#5442,#5443),.UNSPECIFIED.,.F.,.F.,(8,8),(0.268511940614,
    1.109111310911),.PIECEWISE_BEZIER_KNOTS.);
#5436 = CARTESIAN_POINT('',(1.475794703863,-0.229946710945));
#5437 = CARTESIAN_POINT('',(1.586168846435,-0.218568668157));
#5438 = CARTESIAN_POINT('',(1.692675581722,-0.201111981153));
#5439 = CARTESIAN_POINT('',(1.793162539559,-0.177308623479));
#5440 = CARTESIAN_POINT('',(1.886059986719,-0.146675968343));
#5441 = CARTESIAN_POINT('',(1.970894797539,-0.108500378213));
#5442 = CARTESIAN_POINT('',(2.047750952199,-6.179781267098E-02));
#5443 = CARTESIAN_POINT('',(2.117032605985,-5.236075069836E-03));
#5444 = ( GEOMETRIC_REPRESENTATION_CONTEXT(2) 
PARAMETRIC_REPRESENTATION_CONTEXT() REPRESENTATION_CONTEXT('2D SPACE',''
  ) );
#5445 = ADVANCED_FACE('',(#5446),#4031,.T.);
#5446 = FACE_BOUND('',#5447,.T.);
#5447 = EDGE_LOOP('',(#5448,#5471,#5472,#5473));
#5448 = ORIENTED_EDGE('',*,*,#5449,.F.);
#5449 = EDGE_CURVE('',#3963,#5450,#5452,.T.);
#5450 = VERTEX_POINT('',#5451);
#5451 = CARTESIAN_POINT('',(0.395,0.890868365168,0.509718154986));
#5452 = SURFACE_CURVE('',#5453,(#5457,#5464),.PCURVE_S1.);
#5453 = LINE('',#5454,#5455);
#5454 = CARTESIAN_POINT('',(0.395,1.334595021906,4.916371473349));
#5455 = VECTOR('',#5456,1.);
#5456 = DIRECTION('',(-0.,-0.100188061612,-0.994968518251));
#5457 = PCURVE('',#4031,#5458);
#5458 = DEFINITIONAL_REPRESENTATION('',(#5459),#5463);
#5459 = LINE('',#5460,#5461);
#5460 = CARTESIAN_POINT('',(-0.294478857022,-2.473416677614));
#5461 = VECTOR('',#5462,1.);
#5462 = DIRECTION('',(3.411395862797E-02,0.999417949522));
#5463 = ( GEOMETRIC_REPRESENTATION_CONTEXT(2) 
PARAMETRIC_REPRESENTATION_CONTEXT() REPRESENTATION_CONTEXT('2D SPACE',''
  ) );
#5464 = PCURVE('',#3996,#5465);
#5465 = DEFINITIONAL_REPRESENTATION('',(#5466),#5470);
#5466 = LINE('',#5467,#5468);
#5467 = CARTESIAN_POINT('',(2.185336269284,-2.469610051471));
#5468 = VECTOR('',#5469,1.);
#5469 = DIRECTION('',(6.50833687835E-02,0.997879829993));
#5470 = ( GEOMETRIC_REPRESENTATION_CONTEXT(2) 
PARAMETRIC_REPRESENTATION_CONTEXT() REPRESENTATION_CONTEXT('2D SPACE',''
  ) );
#5471 = ORIENTED_EDGE('',*,*,#4008,.T.);
#5472 = ORIENTED_EDGE('',*,*,#5394,.T.);
#5473 = ORIENTED_EDGE('',*,*,#5474,.F.);
#5474 = EDGE_CURVE('',#5450,#5395,#5475,.T.);
#5475 = SURFACE_CURVE('',#5476,(#5481,#5488),.PCURVE_S1.);
#5476 = HYPERBOLA('',#5477,0.350222911598,0.654909647025);
#5477 = AXIS2_PLACEMENT_3D('',#5478,#5479,#5480);
#5478 = CARTESIAN_POINT('',(-0.223279334382,0.616557125368,
    9.113615693342E-03));
#5479 = DIRECTION('',(0.33898332763,-0.93605880101,9.425616500203E-02));
#5480 = DIRECTION('',(-3.209415235281E-02,8.862386826157E-02,
    0.995547977427));
#5481 = PCURVE('',#4031,#5482);
#5482 = DEFINITIONAL_REPRESENTATION('',(#5483),#5487);
#5483 = ( BOUNDED_CURVE() B_SPLINE_CURVE(2,(#5484,#5485,#5486),
.UNSPECIFIED.,.F.,.F.) B_SPLINE_CURVE_WITH_KNOTS((3,3),(-1.109111310911,
-0.268511940614),.PIECEWISE_BEZIER_KNOTS.) CURVE() 
GEOMETRIC_REPRESENTATION_ITEM() RATIONAL_B_SPLINE_CURVE((1.,
1.089633837694,1.)) REPRESENTATION_ITEM('') );
#5484 = CARTESIAN_POINT('',(-0.353374628427,1.867146324132));
#5485 = CARTESIAN_POINT('',(8.382214736987E-02,2.055060714038));
#5486 = CARTESIAN_POINT('',(0.353374628427,2.092861850626));
#5487 = ( GEOMETRIC_REPRESENTATION_CONTEXT(2) 
PARAMETRIC_REPRESENTATION_CONTEXT() REPRESENTATION_CONTEXT('2D SPACE',''
  ) );
#5488 = PCURVE('',#4644,#5489);
#5489 = DEFINITIONAL_REPRESENTATION('',(#5490),#5499);
#5490 = B_SPLINE_CURVE_WITH_KNOTS('',7,(#5491,#5492,#5493,#5494,#5495,
    #5496,#5497,#5498),.UNSPECIFIED.,.F.,.F.,(8,8),(-1.109111310911,
    -0.268511940614),.PIECEWISE_BEZIER_KNOTS.);
#5491 = CARTESIAN_POINT('',(1.024560047605,-5.236075069836E-03));
#5492 = CARTESIAN_POINT('',(1.093841701391,-6.179781267098E-02));
#5493 = CARTESIAN_POINT('',(1.170697856051,-0.108500378213));
#5494 = CARTESIAN_POINT('',(1.255532666871,-0.146675968343));
#5495 = CARTESIAN_POINT('',(1.348430114031,-0.177308623479));
#5496 = CARTESIAN_POINT('',(1.448917071867,-0.201111981153));
#5497 = CARTESIAN_POINT('',(1.555423807154,-0.218568668157));
#5498 = CARTESIAN_POINT('',(1.665797949726,-0.229946710945));
#5499 = ( GEOMETRIC_REPRESENTATION_CONTEXT(2) 
PARAMETRIC_REPRESENTATION_CONTEXT() REPRESENTATION_CONTEXT('2D SPACE',''
  ) );
#5500 = ADVANCED_FACE('',(#5501),#3996,.T.);
#5501 = FACE_BOUND('',#5502,.T.);
#5502 = EDGE_LOOP('',(#5503,#5532,#5533,#5534));
#5503 = ORIENTED_EDGE('',*,*,#5504,.F.);
#5504 = EDGE_CURVE('',#3934,#5505,#5507,.T.);
#5505 = VERTEX_POINT('',#5506);
#5506 = CARTESIAN_POINT('',(0.529711636702,1.015101266841,0.600368831136
    ));
#5507 = SURFACE_CURVE('',#5508,(#5513,#5520),.PCURVE_S1.);
#5508 = HYPERBOLA('',#5509,0.518803557914,0.254852851795);
#5509 = AXIS2_PLACEMENT_3D('',#5510,#5511,#5512);
#5510 = CARTESIAN_POINT('',(-0.167542250607,0.196081130525,
    -1.616718561174));
#5511 = DIRECTION('',(0.647716775677,-0.758047818829,7.633140163198E-02)
  );
#5512 = DIRECTION('',(-4.958579577486E-02,5.803216119081E-02,
    0.997082502667));
#5513 = PCURVE('',#3996,#5514);
#5514 = DEFINITIONAL_REPRESENTATION('',(#5515),#5519);
#5515 = ( BOUNDED_CURVE() B_SPLINE_CURVE(2,(#5516,#5517,#5518),
.UNSPECIFIED.,.F.,.F.) B_SPLINE_CURVE_WITH_KNOTS((3,3),(-3.042532923046,
-2.134597207417),.PIECEWISE_BEZIER_KNOTS.) CURVE() 
GEOMETRIC_REPRESENTATION_ITEM() RATIONAL_B_SPLINE_CURVE((1.,
1.104825266894,1.)) REPRESENTATION_ITEM('') );
#5516 = CARTESIAN_POINT('',(0.68805388555,-1.366391414039));
#5517 = CARTESIAN_POINT('',(1.826073568722,0.939749156792));
#5518 = CARTESIAN_POINT('',(2.290466589218,1.859021361344));
#5519 = ( GEOMETRIC_REPRESENTATION_CONTEXT(2) 
PARAMETRIC_REPRESENTATION_CONTEXT() REPRESENTATION_CONTEXT('2D SPACE',''
  ) );
#5520 = PCURVE('',#3950,#5521);
#5521 = DEFINITIONAL_REPRESENTATION('',(#5522),#5531);
#5522 = B_SPLINE_CURVE_WITH_KNOTS('',7,(#5523,#5524,#5525,#5526,#5527,
    #5528,#5529,#5530),.UNSPECIFIED.,.F.,.F.,(8,8),(-3.042532923046,
    -2.134597207417),.PIECEWISE_BEZIER_KNOTS.);
#5523 = CARTESIAN_POINT('',(0.954770964037,3.73187628788E-15));
#5524 = CARTESIAN_POINT('',(0.966798047755,-0.701498128582));
#5525 = CARTESIAN_POINT('',(0.980610748714,-1.29635934637));
#5526 = CARTESIAN_POINT('',(0.996519427791,-1.803859067972));
#5527 = CARTESIAN_POINT('',(1.014898616658,-2.238880022435));
#5528 = CARTESIAN_POINT('',(1.036198494625,-2.613225801562));
#5529 = CARTESIAN_POINT('',(1.060966962983,-2.936371929625));
#5530 = CARTESIAN_POINT('',(1.089836583242,-3.216002642213));
#5531 = ( GEOMETRIC_REPRESENTATION_CONTEXT(2) 
PARAMETRIC_REPRESENTATION_CONTEXT() REPRESENTATION_CONTEXT('2D SPACE',''
  ) );
#5532 = ORIENTED_EDGE('',*,*,#3962,.T.);
#5533 = ORIENTED_EDGE('',*,*,#5449,.T.);
#5534 = ORIENTED_EDGE('',*,*,#5535,.F.);
#5535 = EDGE_CURVE('',#5505,#5450,#5536,.T.);
#5536 = SURFACE_CURVE('',#5537,(#5542,#5549),.PCURVE_S1.);
#5537 = HYPERBOLA('',#5538,0.203528734064,0.381348792359);
#5538 = AXIS2_PLACEMENT_3D('',#5539,#5540,#5541);
#5539 = CARTESIAN_POINT('',(-0.247934242907,0.290166966654,
    -1.780252345283E-04));
#5540 = DIRECTION('',(0.647716775677,-0.758047818829,7.633140163198E-02)
  );
#5541 = DIRECTION('',(-4.958579577486E-02,5.803216119081E-02,
    0.997082502667));
#5542 = PCURVE('',#3996,#5543);
#5543 = DEFINITIONAL_REPRESENTATION('',(#5544),#5548);
#5544 = ( BOUNDED_CURVE() B_SPLINE_CURVE(2,(#5545,#5546,#5547),
.UNSPECIFIED.,.F.,.F.) B_SPLINE_CURVE_WITH_KNOTS((3,3),(-1.748249181547,
-0.80968519384),.PIECEWISE_BEZIER_KNOTS.) CURVE() 
GEOMETRIC_REPRESENTATION_ITEM() RATIONAL_B_SPLINE_CURVE((1.,
1.112148492387,1.)) REPRESENTATION_ITEM('') );
#5545 = CARTESIAN_POINT('',(2.290466589218,1.859021361344));
#5546 = CARTESIAN_POINT('',(2.784332003314,2.107096240222));
#5547 = CARTESIAN_POINT('',(3.008976423565,2.187355554333));
#5548 = ( GEOMETRIC_REPRESENTATION_CONTEXT(2) 
PARAMETRIC_REPRESENTATION_CONTEXT() REPRESENTATION_CONTEXT('2D SPACE',''
  ) );
#5549 = PCURVE('',#4644,#5550);
#5550 = DEFINITIONAL_REPRESENTATION('',(#5551),#5559);
#5551 = B_SPLINE_CURVE_WITH_KNOTS('',6,(#5552,#5553,#5554,#5555,#5556,
    #5557,#5558),.UNSPECIFIED.,.F.,.F.,(7,7),(-1.748249181547,
    -0.80968519384),.PIECEWISE_BEZIER_KNOTS.);
#5552 = CARTESIAN_POINT('',(1.089836583242,7.605439317131E-16));
#5553 = CARTESIAN_POINT('',(1.141935599729,-8.841589612661E-02));
#5554 = CARTESIAN_POINT('',(1.203114207076,-0.159197950595));
#5555 = CARTESIAN_POINT('',(1.275065565054,-0.216238488484));
#5556 = CARTESIAN_POINT('',(1.359636860173,-0.262144681271));
#5557 = CARTESIAN_POINT('',(1.458595704642,-0.298771209243));
#5558 = CARTESIAN_POINT('',(1.571299206468,-0.327376278856));
#5559 = ( GEOMETRIC_REPRESENTATION_CONTEXT(2) 
PARAMETRIC_REPRESENTATION_CONTEXT() REPRESENTATION_CONTEXT('2D SPACE',''
  ) );
#5560 = ADVANCED_FACE('',(#5561),#3950,.F.);
#5561 = FACE_BOUND('',#5562,.T.);
#5562 = EDGE_LOOP('',(#5563,#5587,#5614,#5615));
#5563 = ORIENTED_EDGE('',*,*,#5564,.F.);
#5564 = EDGE_CURVE('',#5565,#5505,#5567,.T.);
#5565 = VERTEX_POINT('',#5566);
#5566 = CARTESIAN_POINT('',(1.015101266841,0.529711636702,0.600368831136
    ));
#5567 = SURFACE_CURVE('',#5568,(#5573,#5580),.PCURVE_S1.);
#5568 = CIRCLE('',#5569,1.145);
#5569 = AXIS2_PLACEMENT_3D('',#5570,#5571,#5572);
#5570 = CARTESIAN_POINT('',(0.,0.,0.600368831136));
#5571 = DIRECTION('',(0.,0.,1.));
#5572 = DIRECTION('',(1.,0.,0.));
#5573 = PCURVE('',#3950,#5574);
#5574 = DEFINITIONAL_REPRESENTATION('',(#5575),#5579);
#5575 = LINE('',#5576,#5577);
#5576 = CARTESIAN_POINT('',(0.,-3.216002642213));
#5577 = VECTOR('',#5578,1.);
#5578 = DIRECTION('',(1.,-0.));
#5579 = ( GEOMETRIC_REPRESENTATION_CONTEXT(2) 
PARAMETRIC_REPRESENTATION_CONTEXT() REPRESENTATION_CONTEXT('2D SPACE',''
  ) );
#5580 = PCURVE('',#4644,#5581);
#5581 = DEFINITIONAL_REPRESENTATION('',(#5582),#5586);
#5582 = LINE('',#5583,#5584);
#5583 = CARTESIAN_POINT('',(0.,-0.));
#5584 = VECTOR('',#5585,1.);
#5585 = DIRECTION('',(1.,-0.));
#5586 = ( GEOMETRIC_REPRESENTATION_CONTEXT(2) 
PARAMETRIC_REPRESENTATION_CONTEXT() REPRESENTATION_CONTEXT('2D SPACE',''
  ) );
#5587 = ORIENTED_EDGE('',*,*,#5588,.T.);
#5588 = EDGE_CURVE('',#5565,#3888,#5589,.T.);
#5589 = SURFACE_CURVE('',#5590,(#5595,#5607),.PCURVE_S1.);
#5590 = HYPERBOLA('',#5591,0.518803557914,0.254852851795);
#5591 = AXIS2_PLACEMENT_3D('',#5592,#5593,#5594);
#5592 = CARTESIAN_POINT('',(0.196081130525,-0.167542250607,
    -1.616718561174));
#5593 = DIRECTION('',(-0.758047818829,0.647716775677,7.633140163198E-02)
  );
#5594 = DIRECTION('',(5.803216119081E-02,-4.958579577486E-02,
    0.997082502667));
#5595 = PCURVE('',#3950,#5596);
#5596 = DEFINITIONAL_REPRESENTATION('',(#5597),#5606);
#5597 = B_SPLINE_CURVE_WITH_KNOTS('',7,(#5598,#5599,#5600,#5601,#5602,
    #5603,#5604,#5605),.UNSPECIFIED.,.F.,.F.,(8,8),(2.134597207417,
    3.042532923046),.PIECEWISE_BEZIER_KNOTS.);
#5598 = CARTESIAN_POINT('',(0.480959743553,-3.216002642213));
#5599 = CARTESIAN_POINT('',(0.509829363812,-2.936371929625));
#5600 = CARTESIAN_POINT('',(0.53459783217,-2.613225801562));
#5601 = CARTESIAN_POINT('',(0.555897710138,-2.238880022435));
#5602 = CARTESIAN_POINT('',(0.574276899003,-1.803859067972));
#5603 = CARTESIAN_POINT('',(0.590185578081,-1.29635934637));
#5604 = CARTESIAN_POINT('',(0.603998279039,-0.701498128582));
#5605 = CARTESIAN_POINT('',(0.616025362758,3.382851886856E-15));
#5606 = ( GEOMETRIC_REPRESENTATION_CONTEXT(2) 
PARAMETRIC_REPRESENTATION_CONTEXT() REPRESENTATION_CONTEXT('2D SPACE',''
  ) );
#5607 = PCURVE('',#3921,#5608);
#5608 = DEFINITIONAL_REPRESENTATION('',(#5609),#5613);
#5609 = ( BOUNDED_CURVE() B_SPLINE_CURVE(2,(#5610,#5611,#5612),
.UNSPECIFIED.,.F.,.F.) B_SPLINE_CURVE_WITH_KNOTS((3,3),(2.134597207417,
3.042532923046),.PIECEWISE_BEZIER_KNOTS.) CURVE() 
GEOMETRIC_REPRESENTATION_ITEM() RATIONAL_B_SPLINE_CURVE((1.,
1.104825266894,1.)) REPRESENTATION_ITEM('') );
#5610 = CARTESIAN_POINT('',(-2.290466589218,1.859021361344));
#5611 = CARTESIAN_POINT('',(-1.826073568722,0.939749156792));
#5612 = CARTESIAN_POINT('',(-0.68805388555,-1.366391414039));
#5613 = ( GEOMETRIC_REPRESENTATION_CONTEXT(2) 
PARAMETRIC_REPRESENTATION_CONTEXT() REPRESENTATION_CONTEXT('2D SPACE',''
  ) );
#5614 = ORIENTED_EDGE('',*,*,#3933,.F.);
#5615 = ORIENTED_EDGE('',*,*,#5504,.T.);
#5616 = ADVANCED_FACE('',(#5617),#3921,.T.);
#5617 = FACE_BOUND('',#5618,.T.);
#5618 = EDGE_LOOP('',(#5619,#5642,#5643,#5644));
#5619 = ORIENTED_EDGE('',*,*,#5620,.F.);
#5620 = EDGE_CURVE('',#3854,#5621,#5623,.T.);
#5621 = VERTEX_POINT('',#5622);
#5622 = CARTESIAN_POINT('',(0.890868365168,0.395,0.509718154986));
#5623 = SURFACE_CURVE('',#5624,(#5628,#5635),.PCURVE_S1.);
#5624 = LINE('',#5625,#5626);
#5625 = CARTESIAN_POINT('',(1.334595021906,0.395,4.916371473349));
#5626 = VECTOR('',#5627,1.);
#5627 = DIRECTION('',(-0.100188061612,0.,-0.994968518251));
#5628 = PCURVE('',#3921,#5629);
#5629 = DEFINITIONAL_REPRESENTATION('',(#5630),#5634);
#5630 = LINE('',#5631,#5632);
#5631 = CARTESIAN_POINT('',(-2.185336269284,-2.469610051471));
#5632 = VECTOR('',#5633,1.);
#5633 = DIRECTION('',(-6.50833687835E-02,0.997879829993));
#5634 = ( GEOMETRIC_REPRESENTATION_CONTEXT(2) 
PARAMETRIC_REPRESENTATION_CONTEXT() REPRESENTATION_CONTEXT('2D SPACE',''
  ) );
#5635 = PCURVE('',#3875,#5636);
#5636 = DEFINITIONAL_REPRESENTATION('',(#5637),#5641);
#5637 = LINE('',#5638,#5639);
#5638 = CARTESIAN_POINT('',(0.294478857022,-2.473416677614));
#5639 = VECTOR('',#5640,1.);
#5640 = DIRECTION('',(-3.411395862797E-02,0.999417949522));
#5641 = ( GEOMETRIC_REPRESENTATION_CONTEXT(2) 
PARAMETRIC_REPRESENTATION_CONTEXT() REPRESENTATION_CONTEXT('2D SPACE',''
  ) );
#5642 = ORIENTED_EDGE('',*,*,#3887,.T.);
#5643 = ORIENTED_EDGE('',*,*,#5588,.F.);
#5644 = ORIENTED_EDGE('',*,*,#5645,.F.);
#5645 = EDGE_CURVE('',#5621,#5565,#5646,.T.);
#5646 = SURFACE_CURVE('',#5647,(#5652,#5659),.PCURVE_S1.);
#5647 = HYPERBOLA('',#5648,0.203528734064,0.381348792359);
#5648 = AXIS2_PLACEMENT_3D('',#5649,#5650,#5651);
#5649 = CARTESIAN_POINT('',(0.290166966654,-0.247934242907,
    -1.780252345283E-04));
#5650 = DIRECTION('',(-0.758047818829,0.647716775677,7.633140163198E-02)
  );
#5651 = DIRECTION('',(5.803216119081E-02,-4.958579577486E-02,
    0.997082502667));
#5652 = PCURVE('',#3921,#5653);
#5653 = DEFINITIONAL_REPRESENTATION('',(#5654),#5658);
#5654 = ( BOUNDED_CURVE() B_SPLINE_CURVE(2,(#5655,#5656,#5657),
.UNSPECIFIED.,.F.,.F.) B_SPLINE_CURVE_WITH_KNOTS((3,3),(0.810383326292,
1.748249181547),.PIECEWISE_BEZIER_KNOTS.) CURVE() 
GEOMETRIC_REPRESENTATION_ITEM() RATIONAL_B_SPLINE_CURVE((1.,
1.111978670548,1.)) REPRESENTATION_ITEM('') );
#5655 = CARTESIAN_POINT('',(-3.008617965132,2.187227450081));
#5656 = CARTESIAN_POINT('',(-2.784013465459,2.106936234606));
#5657 = CARTESIAN_POINT('',(-2.290466589218,1.859021361344));
#5658 = ( GEOMETRIC_REPRESENTATION_CONTEXT(2) 
PARAMETRIC_REPRESENTATION_CONTEXT() REPRESENTATION_CONTEXT('2D SPACE',''
  ) );
#5659 = PCURVE('',#4644,#5660);
#5660 = DEFINITIONAL_REPRESENTATION('',(#5661),#5669);
#5661 = B_SPLINE_CURVE_WITH_KNOTS('',6,(#5662,#5663,#5664,#5665,#5666,
    #5667,#5668),.UNSPECIFIED.,.F.,.F.,(7,7),(0.810383326292,
    1.748249181547),.PIECEWISE_BEZIER_KNOTS.);
#5662 = CARTESIAN_POINT('',(5.E-17,-0.327248548349));
#5663 = CARTESIAN_POINT('',(0.112568579067,-0.298634939141));
#5664 = CARTESIAN_POINT('',(0.211411069976,-0.262008056099));
#5665 = CARTESIAN_POINT('',(0.295891284215,-0.216111182728));
#5666 = CARTESIAN_POINT('',(0.367773134236,-0.159092640263));
#5667 = CARTESIAN_POINT('',(0.4288994799,-8.835012969284E-02));
#5668 = CARTESIAN_POINT('',(0.480959743553,3.896613971123E-16));
#5669 = ( GEOMETRIC_REPRESENTATION_CONTEXT(2) 
PARAMETRIC_REPRESENTATION_CONTEXT() REPRESENTATION_CONTEXT('2D SPACE',''
  ) );
#5670 = ADVANCED_FACE('',(#5671),#3875,.T.);
#5671 = FACE_BOUND('',#5672,.T.);
#5672 = EDGE_LOOP('',(#5673,#5700,#5701,#5702));
#5673 = ORIENTED_EDGE('',*,*,#5674,.F.);
#5674 = EDGE_CURVE('',#4607,#5621,#5675,.T.);
#5675 = SURFACE_CURVE('',#5676,(#5681,#5688),.PCURVE_S1.);
#5676 = HYPERBOLA('',#5677,0.350222911598,0.654909647025);
#5677 = AXIS2_PLACEMENT_3D('',#5678,#5679,#5680);
#5678 = CARTESIAN_POINT('',(0.616557125368,-0.223279334382,
    9.113615693341E-03));
#5679 = DIRECTION('',(-0.93605880101,0.33898332763,9.425616500203E-02));
#5680 = DIRECTION('',(8.862386826157E-02,-3.209415235281E-02,
    0.995547977427));
#5681 = PCURVE('',#3875,#5682);
#5682 = DEFINITIONAL_REPRESENTATION('',(#5683),#5687);
#5683 = ( BOUNDED_CURVE() B_SPLINE_CURVE(2,(#5684,#5685,#5686),
.UNSPECIFIED.,.F.,.F.) B_SPLINE_CURVE_WITH_KNOTS((3,3),(0.373401784931,
1.109111310911),.PIECEWISE_BEZIER_KNOTS.) CURVE() 
GEOMETRIC_REPRESENTATION_ITEM() RATIONAL_B_SPLINE_CURVE((1.,
1.068424959847,1.)) REPRESENTATION_ITEM('') );
#5684 = CARTESIAN_POINT('',(-0.281079483859,2.080862585664));
#5685 = CARTESIAN_POINT('',(-3.421270492002E-02,2.033737756899));
#5686 = CARTESIAN_POINT('',(0.353374628427,1.867146324132));
#5687 = ( GEOMETRIC_REPRESENTATION_CONTEXT(2) 
PARAMETRIC_REPRESENTATION_CONTEXT() REPRESENTATION_CONTEXT('2D SPACE',''
  ) );
#5688 = PCURVE('',#4644,#5689);
#5689 = DEFINITIONAL_REPRESENTATION('',(#5690),#5699);
#5690 = B_SPLINE_CURVE_WITH_KNOTS('',7,(#5691,#5692,#5693,#5694,#5695,
    #5696,#5697,#5698),.UNSPECIFIED.,.F.,.F.,(8,8),(0.373401784931,
    1.109111310911),.PIECEWISE_BEZIER_KNOTS.);
#5691 = CARTESIAN_POINT('',(0.,-0.218000866981));
#5692 = CARTESIAN_POINT('',(9.364883692379E-02,-0.203997348029));
#5693 = CARTESIAN_POINT('',(0.183382767895,-0.185183572808));
#5694 = CARTESIAN_POINT('',(0.267980690762,-0.161306874177));
#5695 = CARTESIAN_POINT('',(0.346648723676,-0.131984460059));
#5696 = CARTESIAN_POINT('',(0.419160751454,-9.669179298642E-02));
#5697 = CARTESIAN_POINT('',(0.485599578204,-5.474004881714E-02));
#5698 = CARTESIAN_POINT('',(0.54623627919,-5.236075069836E-03));
#5699 = ( GEOMETRIC_REPRESENTATION_CONTEXT(2) 
PARAMETRIC_REPRESENTATION_CONTEXT() REPRESENTATION_CONTEXT('2D SPACE',''
  ) );
#5700 = ORIENTED_EDGE('',*,*,#4606,.F.);
#5701 = ORIENTED_EDGE('',*,*,#3853,.T.);
#5702 = ORIENTED_EDGE('',*,*,#5620,.T.);
#5703 = ADVANCED_FACE('',(#5704),#3840,.T.);
#5704 = FACE_BOUND('',#5705,.F.);
#5705 = EDGE_LOOP('',(#5706,#5707,#5730,#5757));
#5706 = ORIENTED_EDGE('',*,*,#3825,.T.);
#5707 = ORIENTED_EDGE('',*,*,#5708,.T.);
#5708 = EDGE_CURVE('',#3802,#5709,#5711,.T.);
#5709 = VERTEX_POINT('',#5710);
#5710 = CARTESIAN_POINT('',(4.,0.,0.));
#5711 = SEAM_CURVE('',#5712,(#5716,#5723),.PCURVE_S1.);
#5712 = LINE('',#5713,#5714);
#5713 = CARTESIAN_POINT('',(4.,0.,1.72347538298));
#5714 = VECTOR('',#5715,1.);
#5715 = DIRECTION('',(0.,0.,-1.));
#5716 = PCURVE('',#3840,#5717);
#5717 = DEFINITIONAL_REPRESENTATION('',(#5718),#5722);
#5718 = LINE('',#5719,#5720);
#5719 = CARTESIAN_POINT('',(-0.,0.));
#5720 = VECTOR('',#5721,1.);
#5721 = DIRECTION('',(-0.,1.));
#5722 = ( GEOMETRIC_REPRESENTATION_CONTEXT(2) 
PARAMETRIC_REPRESENTATION_CONTEXT() REPRESENTATION_CONTEXT('2D SPACE',''
  ) );
#5723 = PCURVE('',#3840,#5724);
#5724 = DEFINITIONAL_REPRESENTATION('',(#5725),#5729);
#5725 = LINE('',#5726,#5727);
#5726 = CARTESIAN_POINT('',(-6.28318530718,0.));
#5727 = VECTOR('',#5728,1.);
#5728 = DIRECTION('',(-0.,1.));
#5729 = ( GEOMETRIC_REPRESENTATION_CONTEXT(2) 
PARAMETRIC_REPRESENTATION_CONTEXT() REPRESENTATION_CONTEXT('2D SPACE',''
  ) );
#5730 = ORIENTED_EDGE('',*,*,#5731,.F.);
#5731 = EDGE_CURVE('',#5709,#5709,#5732,.T.);
#5732 = SURFACE_CURVE('',#5733,(#5738,#5745),.PCURVE_S1.);
#5733 = CIRCLE('',#5734,4.);
#5734 = AXIS2_PLACEMENT_3D('',#5735,#5736,#5737);
#5735 = CARTESIAN_POINT('',(0.,0.,0.));
#5736 = DIRECTION('',(0.,0.,1.));
#5737 = DIRECTION('',(1.,0.,-0.));
#5738 = PCURVE('',#3840,#5739);
#5739 = DEFINITIONAL_REPRESENTATION('',(#5740),#5744);
#5740 = LINE('',#5741,#5742);
#5741 = CARTESIAN_POINT('',(-0.,1.72347538298));
#5742 = VECTOR('',#5743,1.);
#5743 = DIRECTION('',(-1.,0.));
#5744 = ( GEOMETRIC_REPRESENTATION_CONTEXT(2) 
PARAMETRIC_REPRESENTATION_CONTEXT() REPRESENTATION_CONTEXT('2D SPACE',''
  ) );
#5745 = PCURVE('',#5746,#5751);
#5746 = PLANE('',#5747);
#5747 = AXIS2_PLACEMENT_3D('',#5748,#5749,#5750);
#5748 = CARTESIAN_POINT('',(0.,0.,0.));
#5749 = DIRECTION('',(0.,0.,1.));
#5750 = DIRECTION('',(1.,0.,-0.));
#5751 = DEFINITIONAL_REPRESENTATION('',(#5752),#5756);
#5752 = CIRCLE('',#5753,4.);
#5753 = AXIS2_PLACEMENT_2D('',#5754,#5755);
#5754 = CARTESIAN_POINT('',(0.,0.));
#5755 = DIRECTION('',(1.,0.));
#5756 = ( GEOMETRIC_REPRESENTATION_CONTEXT(2) 
PARAMETRIC_REPRESENTATION_CONTEXT() REPRESENTATION_CONTEXT('2D SPACE',''
  ) );
#5757 = ORIENTED_EDGE('',*,*,#5708,.F.);
#5758 = ADVANCED_FACE('',(#5759),#4644,.F.);
#5759 = FACE_BOUND('',#5760,.T.);
#5760 = EDGE_LOOP('',(#5761,#5762,#5785,#5786,#5787,#5788,#5789,#5790,
    #5791,#5792,#5793,#5794,#5795,#5796,#5797,#5798,#5799,#5800,#5801,
    #5802,#5803,#5804));
#5761 = ORIENTED_EDGE('',*,*,#4629,.T.);
#5762 = ORIENTED_EDGE('',*,*,#5763,.T.);
#5763 = EDGE_CURVE('',#4607,#5764,#5766,.T.);
#5764 = VERTEX_POINT('',#5765);
#5765 = CARTESIAN_POINT('',(0.,0.,-8.438468116449E-03));
#5766 = SEAM_CURVE('',#5767,(#5771,#5778),.PCURVE_S1.);
#5767 = LINE('',#5768,#5769);
#5768 = CARTESIAN_POINT('',(1.145,0.,0.600368831136));
#5769 = VECTOR('',#5770,1.);
#5770 = DIRECTION('',(-0.882947592859,0.,-0.469471562786));
#5771 = PCURVE('',#4644,#5772);
#5772 = DEFINITIONAL_REPRESENTATION('',(#5773),#5777);
#5773 = LINE('',#5774,#5775);
#5774 = CARTESIAN_POINT('',(0.,-0.));
#5775 = VECTOR('',#5776,1.);
#5776 = DIRECTION('',(0.,-1.));
#5777 = ( GEOMETRIC_REPRESENTATION_CONTEXT(2) 
PARAMETRIC_REPRESENTATION_CONTEXT() REPRESENTATION_CONTEXT('2D SPACE',''
  ) );
#5778 = PCURVE('',#4644,#5779);
#5779 = DEFINITIONAL_REPRESENTATION('',(#5780),#5784);
#5780 = LINE('',#5781,#5782);
#5781 = CARTESIAN_POINT('',(6.28318530718,-0.));
#5782 = VECTOR('',#5783,1.);
#5783 = DIRECTION('',(0.,-1.));
#5784 = ( GEOMETRIC_REPRESENTATION_CONTEXT(2) 
PARAMETRIC_REPRESENTATION_CONTEXT() REPRESENTATION_CONTEXT('2D SPACE',''
  ) );
#5785 = ORIENTED_EDGE('',*,*,#5763,.F.);
#5786 = ORIENTED_EDGE('',*,*,#5674,.T.);
#5787 = ORIENTED_EDGE('',*,*,#5645,.T.);
#5788 = ORIENTED_EDGE('',*,*,#5564,.T.);
#5789 = ORIENTED_EDGE('',*,*,#5535,.T.);
#5790 = ORIENTED_EDGE('',*,*,#5474,.T.);
#5791 = ORIENTED_EDGE('',*,*,#5419,.T.);
#5792 = ORIENTED_EDGE('',*,*,#5365,.T.);
#5793 = ORIENTED_EDGE('',*,*,#5284,.T.);
#5794 = ORIENTED_EDGE('',*,*,#5255,.T.);
#5795 = ORIENTED_EDGE('',*,*,#5194,.T.);
#5796 = ORIENTED_EDGE('',*,*,#5139,.T.);
#5797 = ORIENTED_EDGE('',*,*,#5085,.T.);
#5798 = ORIENTED_EDGE('',*,*,#5004,.T.);
#5799 = ORIENTED_EDGE('',*,*,#4975,.T.);
#5800 = ORIENTED_EDGE('',*,*,#4914,.T.);
#5801 = ORIENTED_EDGE('',*,*,#4859,.T.);
#5802 = ORIENTED_EDGE('',*,*,#4805,.T.);
#5803 = ORIENTED_EDGE('',*,*,#4724,.T.);
#5804 = ORIENTED_EDGE('',*,*,#4695,.T.);
#5805 = ADVANCED_FACE('',(#5806,#5809),#5746,.F.);
#5806 = FACE_BOUND('',#5807,.F.);
#5807 = EDGE_LOOP('',(#5808));
#5808 = ORIENTED_EDGE('',*,*,#5731,.T.);
#5809 = FACE_BOUND('',#5810,.F.);
#5810 = EDGE_LOOP('',(#5811));
#5811 = ORIENTED_EDGE('',*,*,#5812,.F.);
#5812 = EDGE_CURVE('',#5813,#5813,#5815,.T.);
#5813 = VERTEX_POINT('',#5814);
#5814 = CARTESIAN_POINT('',(2.2,0.,-0.));
#5815 = SURFACE_CURVE('',#5816,(#5821,#5828),.PCURVE_S1.);
#5816 = CIRCLE('',#5817,2.2);
#5817 = AXIS2_PLACEMENT_3D('',#5818,#5819,#5820);
#5818 = CARTESIAN_POINT('',(0.,0.,-1.E-17));
#5819 = DIRECTION('',(0.,0.,1.));
#5820 = DIRECTION('',(1.,0.,-0.));
#5821 = PCURVE('',#5746,#5822);
#5822 = DEFINITIONAL_REPRESENTATION('',(#5823),#5827);
#5823 = CIRCLE('',#5824,2.2);
#5824 = AXIS2_PLACEMENT_2D('',#5825,#5826);
#5825 = CARTESIAN_POINT('',(0.,0.));
#5826 = DIRECTION('',(1.,0.));
#5827 = ( GEOMETRIC_REPRESENTATION_CONTEXT(2) 
PARAMETRIC_REPRESENTATION_CONTEXT() REPRESENTATION_CONTEXT('2D SPACE',''
  ) );
#5828 = PCURVE('',#5829,#5838);
#5829 = SURFACE_OF_REVOLUTION('',#5830,#5835);
#5830 = CIRCLE('',#5831,0.2);
#5831 = AXIS2_PLACEMENT_3D('',#5832,#5833,#5834);
#5832 = CARTESIAN_POINT('',(2.2,0.,-0.2));
#5833 = DIRECTION('',(0.,-1.,0.));
#5834 = DIRECTION('',(0.,0.,1.));
#5835 = AXIS1_PLACEMENT('',#5836,#5837);
#5836 = CARTESIAN_POINT('',(0.,0.,0.));
#5837 = DIRECTION('',(0.,0.,1.));
#5838 = DEFINITIONAL_REPRESENTATION('',(#5839),#5843);
#5839 = LINE('',#5840,#5841);
#5840 = CARTESIAN_POINT('',(0.,0.));
#5841 = VECTOR('',#5842,1.);
#5842 = DIRECTION('',(1.,0.));
#5843 = ( GEOMETRIC_REPRESENTATION_CONTEXT(2) 
PARAMETRIC_REPRESENTATION_CONTEXT() REPRESENTATION_CONTEXT('2D SPACE',''
  ) );
#5844 = ADVANCED_FACE('',(#5845),#5829,.F.);
#5845 = FACE_BOUND('',#5846,.F.);
#5846 = EDGE_LOOP('',(#5847,#5848,#5872,#5899));
#5847 = ORIENTED_EDGE('',*,*,#5812,.T.);
#5848 = ORIENTED_EDGE('',*,*,#5849,.T.);
#5849 = EDGE_CURVE('',#5813,#5850,#5852,.T.);
#5850 = VERTEX_POINT('',#5851);
#5851 = CARTESIAN_POINT('',(2.,0.,-0.2));
#5852 = SEAM_CURVE('',#5853,(#5858,#5865),.PCURVE_S1.);
#5853 = CIRCLE('',#5854,0.2);
#5854 = AXIS2_PLACEMENT_3D('',#5855,#5856,#5857);
#5855 = CARTESIAN_POINT('',(2.2,0.,-0.2));
#5856 = DIRECTION('',(0.,-1.,0.));
#5857 = DIRECTION('',(0.,0.,1.));
#5858 = PCURVE('',#5829,#5859);
#5859 = DEFINITIONAL_REPRESENTATION('',(#5860),#5864);
#5860 = LINE('',#5861,#5862);
#5861 = CARTESIAN_POINT('',(0.,0.));
#5862 = VECTOR('',#5863,1.);
#5863 = DIRECTION('',(0.,1.));
#5864 = ( GEOMETRIC_REPRESENTATION_CONTEXT(2) 
PARAMETRIC_REPRESENTATION_CONTEXT() REPRESENTATION_CONTEXT('2D SPACE',''
  ) );
#5865 = PCURVE('',#5829,#5866);
#5866 = DEFINITIONAL_REPRESENTATION('',(#5867),#5871);
#5867 = LINE('',#5868,#5869);
#5868 = CARTESIAN_POINT('',(6.28318530718,0.));
#5869 = VECTOR('',#5870,1.);
#5870 = DIRECTION('',(0.,1.));
#5871 = ( GEOMETRIC_REPRESENTATION_CONTEXT(2) 
PARAMETRIC_REPRESENTATION_CONTEXT() REPRESENTATION_CONTEXT('2D SPACE',''
  ) );
#5872 = ORIENTED_EDGE('',*,*,#5873,.F.);
#5873 = EDGE_CURVE('',#5850,#5850,#5874,.T.);
#5874 = SURFACE_CURVE('',#5875,(#5880,#5887),.PCURVE_S1.);
#5875 = CIRCLE('',#5876,2.);
#5876 = AXIS2_PLACEMENT_3D('',#5877,#5878,#5879);
#5877 = CARTESIAN_POINT('',(0.,0.,-0.2));
#5878 = DIRECTION('',(0.,0.,1.));
#5879 = DIRECTION('',(1.,0.,-0.));
#5880 = PCURVE('',#5829,#5881);
#5881 = DEFINITIONAL_REPRESENTATION('',(#5882),#5886);
#5882 = LINE('',#5883,#5884);
#5883 = CARTESIAN_POINT('',(0.,1.570796326795));
#5884 = VECTOR('',#5885,1.);
#5885 = DIRECTION('',(1.,0.));
#5886 = ( GEOMETRIC_REPRESENTATION_CONTEXT(2) 
PARAMETRIC_REPRESENTATION_CONTEXT() REPRESENTATION_CONTEXT('2D SPACE',''
  ) );
#5887 = PCURVE('',#5888,#5893);
#5888 = CYLINDRICAL_SURFACE('',#5889,2.);
#5889 = AXIS2_PLACEMENT_3D('',#5890,#5891,#5892);
#5890 = CARTESIAN_POINT('',(0.,0.,-0.2));
#5891 = DIRECTION('',(-0.,-0.,-1.));
#5892 = DIRECTION('',(1.,0.,0.));
#5893 = DEFINITIONAL_REPRESENTATION('',(#5894),#5898);
#5894 = LINE('',#5895,#5896);
#5895 = CARTESIAN_POINT('',(-0.,0.));
#5896 = VECTOR('',#5897,1.);
#5897 = DIRECTION('',(-1.,0.));
#5898 = ( GEOMETRIC_REPRESENTATION_CONTEXT(2) 
PARAMETRIC_REPRESENTATION_CONTEXT() REPRESENTATION_CONTEXT('2D SPACE',''
  ) );
#5899 = ORIENTED_EDGE('',*,*,#5849,.F.);
#5900 = ADVANCED_FACE('',(#5901),#5888,.T.);
#5901 = FACE_BOUND('',#5902,.F.);
#5902 = EDGE_LOOP('',(#5903,#5904,#5927,#5954));
#5903 = ORIENTED_EDGE('',*,*,#5873,.T.);
#5904 = ORIENTED_EDGE('',*,*,#5905,.T.);
#5905 = EDGE_CURVE('',#5850,#5906,#5908,.T.);
#5906 = VERTEX_POINT('',#5907);
#5907 = CARTESIAN_POINT('',(2.,0.,-8.));
#5908 = SEAM_CURVE('',#5909,(#5913,#5920),.PCURVE_S1.);
#5909 = LINE('',#5910,#5911);
#5910 = CARTESIAN_POINT('',(2.,0.,-0.2));
#5911 = VECTOR('',#5912,1.);
#5912 = DIRECTION('',(0.,0.,-1.));
#5913 = PCURVE('',#5888,#5914);
#5914 = DEFINITIONAL_REPRESENTATION('',(#5915),#5919);
#5915 = LINE('',#5916,#5917);
#5916 = CARTESIAN_POINT('',(-0.,0.));
#5917 = VECTOR('',#5918,1.);
#5918 = DIRECTION('',(-0.,1.));
#5919 = ( GEOMETRIC_REPRESENTATION_CONTEXT(2) 
PARAMETRIC_REPRESENTATION_CONTEXT() REPRESENTATION_CONTEXT('2D SPACE',''
  ) );
#5920 = PCURVE('',#5888,#5921);
#5921 = DEFINITIONAL_REPRESENTATION('',(#5922),#5926);
#5922 = LINE('',#5923,#5924);
#5923 = CARTESIAN_POINT('',(-6.28318530718,0.));
#5924 = VECTOR('',#5925,1.);
#5925 = DIRECTION('',(-0.,1.));
#5926 = ( GEOMETRIC_REPRESENTATION_CONTEXT(2) 
PARAMETRIC_REPRESENTATION_CONTEXT() REPRESENTATION_CONTEXT('2D SPACE',''
  ) );
#5927 = ORIENTED_EDGE('',*,*,#5928,.F.);
#5928 = EDGE_CURVE('',#5906,#5906,#5929,.T.);
#5929 = SURFACE_CURVE('',#5930,(#5935,#5942),.PCURVE_S1.);
#5930 = CIRCLE('',#5931,2.);
#5931 = AXIS2_PLACEMENT_3D('',#5932,#5933,#5934);
#5932 = CARTESIAN_POINT('',(0.,0.,-8.));
#5933 = DIRECTION('',(0.,0.,1.));
#5934 = DIRECTION('',(1.,0.,-0.));
#5935 = PCURVE('',#5888,#5936);
#5936 = DEFINITIONAL_REPRESENTATION('',(#5937),#5941);
#5937 = LINE('',#5938,#5939);
#5938 = CARTESIAN_POINT('',(-0.,7.8));
#5939 = VECTOR('',#5940,1.);
#5940 = DIRECTION('',(-1.,0.));
#5941 = ( GEOMETRIC_REPRESENTATION_CONTEXT(2) 
PARAMETRIC_REPRESENTATION_CONTEXT() REPRESENTATION_CONTEXT('2D SPACE',''
  ) );
#5942 = PCURVE('',#5943,#5948);
#5943 = PLANE('',#5944);
#5944 = AXIS2_PLACEMENT_3D('',#5945,#5946,#5947);
#5945 = CARTESIAN_POINT('',(0.,0.,-8.));
#5946 = DIRECTION('',(0.,0.,1.));
#5947 = DIRECTION('',(1.,0.,-0.));
#5948 = DEFINITIONAL_REPRESENTATION('',(#5949),#5953);
#5949 = CIRCLE('',#5950,2.);
#5950 = AXIS2_PLACEMENT_2D('',#5951,#5952);
#5951 = CARTESIAN_POINT('',(0.,0.));
#5952 = DIRECTION('',(1.,0.));
#5953 = ( GEOMETRIC_REPRESENTATION_CONTEXT(2) 
PARAMETRIC_REPRESENTATION_CONTEXT() REPRESENTATION_CONTEXT('2D SPACE',''
  ) );
#5954 = ORIENTED_EDGE('',*,*,#5905,.F.);
#5955 = ADVANCED_FACE('',(#5956),#5943,.F.);
#5956 = FACE_BOUND('',#5957,.F.);
#5957 = EDGE_LOOP('',(#5958));
#5958 = ORIENTED_EDGE('',*,*,#5928,.T.);
#5959 = ( GEOMETRIC_REPRESENTATION_CONTEXT(3) 
GLOBAL_UNCERTAINTY_ASSIGNED_CONTEXT((#5963)) 
GLOBAL_UNIT_ASSIGNED_CONTEXT((#5960,#5961,#5962)) REPRESENTATION_CONTEXT
('Context #1','3D Context with UNIT and UNCERTAINTY') );
#5960 = ( LENGTH_UNIT() NAMED_UNIT(*) SI_UNIT(.MILLI.,.METRE.) );
#5961 = ( NAMED_UNIT(*) PLANE_ANGLE_UNIT() SI_UNIT($,.RADIAN.) );
#5962 = ( NAMED_UNIT(*) SI_UNIT($,.STERADIAN.) SOLID_ANGLE_UNIT() );
#5963 = UNCERTAINTY_MEASURE_WITH_UNIT(LENGTH_MEASURE(1.E-07),#5960,
  'distance_accuracy_value','confusion accuracy');
#5964 = CONTEXT_DEPENDENT_SHAPE_REPRESENTATION(#5965,#5967);
#5965 = ( REPRESENTATION_RELATIONSHIP('','',#3753,#10) 
REPRESENTATION_RELATIONSHIP_WITH_TRANSFORMATION(#5966) 
SHAPE_REPRESENTATION_RELATIONSHIP() );
#5966 = ITEM_DEFINED_TRANSFORMATION('','',#11,#19);
#5967 = PRODUCT_DEFINITION_SHAPE('Placement','Placement of an item',
  #5968);
#5968 = NEXT_ASSEMBLY_USAGE_OCCURRENCE('3','M4x8-Screw','',#5,#3748,$);
#5969 = PRODUCT_RELATED_PRODUCT_CATEGORY('part',$,(#3750));
#5970 = SHAPE_DEFINITION_REPRESENTATION(#5971,#5977);
#5971 = PRODUCT_DEFINITION_SHAPE('','',#5972);
#5972 = PRODUCT_DEFINITION('design','',#5973,#5976);
#5973 = PRODUCT_DEFINITION_FORMATION('','',#5974);
#5974 = PRODUCT('M4x8_1','M4x8_1','',(#5975));
#5975 = PRODUCT_CONTEXT('',#2,'mechanical');
#5976 = PRODUCT_DEFINITION_CONTEXT('part definition',#2,'design');
#5977 = ADVANCED_BREP_SHAPE_REPRESENTATION('',(#11,#5978),#8183);
#5978 = MANIFOLD_SOLID_BREP('',#5979);
#5979 = CLOSED_SHELL('',(#5980,#6802,#6884,#6944,#7000,#7054,#7109,#7164
    ,#7224,#7280,#7334,#7389,#7444,#7504,#7560,#7614,#7669,#7724,#7784,
    #7840,#7894,#7927,#7982,#8029,#8068,#8124,#8179));
#5980 = ADVANCED_FACE('',(#5981),#5996,.T.);
#5981 = FACE_BOUND('',#5982,.F.);
#5982 = EDGE_LOOP('',(#5983,#6024,#6048,#6075,#6076,#6110,#6156,#6185,
    #6231,#6266,#6301,#6347,#6376,#6422,#6457,#6492,#6538,#6567,#6613,
    #6648,#6683,#6729,#6758));
#5983 = ORIENTED_EDGE('',*,*,#5984,.T.);
#5984 = EDGE_CURVE('',#5985,#5987,#5989,.T.);
#5985 = VERTEX_POINT('',#5986);
#5986 = CARTESIAN_POINT('',(5.890316615925,-0.395,13.986990920257));
#5987 = VERTEX_POINT('',#5988);
#5988 = CARTESIAN_POINT('',(5.750845761008,0.,14.022484547484));
#5989 = SURFACE_CURVE('',#5990,(#5995,#6012),.PCURVE_S1.);
#5990 = CIRCLE('',#5991,6.491541668948);
#5991 = AXIS2_PLACEMENT_3D('',#5992,#5993,#5994);
#5992 = CARTESIAN_POINT('',(5.060295741794,0.112370166265,7.56875486176)
  );
#5993 = DIRECTION('',(-0.93605880101,-0.33898332763,9.425616500203E-02)
  );
#5994 = DIRECTION('',(0.340499237924,-0.940244792048,3.469446951954E-18)
  );
#5995 = PCURVE('',#5996,#6001);
#5996 = SPHERICAL_SURFACE('',#5997,6.5);
#5997 = AXIS2_PLACEMENT_3D('',#5998,#5999,#6000);
#5998 = CARTESIAN_POINT('',(4.75,0.,7.6));
#5999 = DIRECTION('',(-0.,-0.,-1.));
#6000 = DIRECTION('',(1.,0.,0.));
#6001 = DEFINITIONAL_REPRESENTATION('',(#6002),#6011);
#6002 = B_SPLINE_CURVE_WITH_KNOTS('',7,(#6003,#6004,#6005,#6006,#6007,
    #6008,#6009,#6010),.UNSPECIFIED.,.F.,.F.,(8,8),(1.449090390607,
    1.518275067182),.PIECEWISE_BEZIER_KNOTS.);
#6003 = CARTESIAN_POINT('',(-5.931517071072,-1.381256448027));
#6004 = CARTESIAN_POINT('',(-5.97170624074,-1.387588588316));
#6005 = CARTESIAN_POINT('',(-6.015010269541,-1.393567610664));
#6006 = CARTESIAN_POINT('',(-6.061658768885,-1.399143935243));
#6007 = CARTESIAN_POINT('',(-6.111832598105,-1.404260680879));
#6008 = CARTESIAN_POINT('',(-6.165624156914,-1.408853506612));
#6009 = CARTESIAN_POINT('',(-6.222885928863,-1.41285469188));
#6010 = CARTESIAN_POINT('',(-6.28318530718,-1.41620504215));
#6011 = ( GEOMETRIC_REPRESENTATION_CONTEXT(2) 
PARAMETRIC_REPRESENTATION_CONTEXT() REPRESENTATION_CONTEXT('2D SPACE',''
  ) );
#6012 = PCURVE('',#6013,#6018);
#6013 = PLANE('',#6014);
#6014 = AXIS2_PLACEMENT_3D('',#6015,#6016,#6017);
#6015 = CARTESIAN_POINT('',(5.765121441712,-0.1975,13.453966502616));
#6016 = DIRECTION('',(-0.93605880101,-0.33898332763,9.425616500203E-02)
  );
#6017 = DIRECTION('',(-0.340499237924,0.940244792048,3.469446951954E-18)
  );
#6018 = DEFINITIONAL_REPRESENTATION('',(#6019),#6023);
#6019 = CIRCLE('',#6020,6.491541668948);
#6020 = AXIS2_PLACEMENT_2D('',#6021,#6022);
#6021 = CARTESIAN_POINT('',(0.531346423733,5.911529905436));
#6022 = DIRECTION('',(-1.,3.454000895808E-18));
#6023 = ( GEOMETRIC_REPRESENTATION_CONTEXT(2) 
PARAMETRIC_REPRESENTATION_CONTEXT() REPRESENTATION_CONTEXT('2D SPACE',''
  ) );
#6024 = ORIENTED_EDGE('',*,*,#6025,.T.);
#6025 = EDGE_CURVE('',#5987,#6026,#6028,.T.);
#6026 = VERTEX_POINT('',#6027);
#6027 = CARTESIAN_POINT('',(8.75,0.,12.72347538298));
#6028 = SEAM_CURVE('',#6029,(#6034,#6041),.PCURVE_S1.);
#6029 = CIRCLE('',#6030,6.5);
#6030 = AXIS2_PLACEMENT_3D('',#6031,#6032,#6033);
#6031 = CARTESIAN_POINT('',(4.75,0.,7.6));
#6032 = DIRECTION('',(0.,1.,-0.));
#6033 = DIRECTION('',(-2.E-17,0.,1.));
#6034 = PCURVE('',#5996,#6035);
#6035 = DEFINITIONAL_REPRESENTATION('',(#6036),#6040);
#6036 = LINE('',#6037,#6038);
#6037 = CARTESIAN_POINT('',(-0.,-1.570796326795));
#6038 = VECTOR('',#6039,1.);
#6039 = DIRECTION('',(-0.,1.));
#6040 = ( GEOMETRIC_REPRESENTATION_CONTEXT(2) 
PARAMETRIC_REPRESENTATION_CONTEXT() REPRESENTATION_CONTEXT('2D SPACE',''
  ) );
#6041 = PCURVE('',#5996,#6042);
#6042 = DEFINITIONAL_REPRESENTATION('',(#6043),#6047);
#6043 = LINE('',#6044,#6045);
#6044 = CARTESIAN_POINT('',(-6.28318530718,-1.570796326795));
#6045 = VECTOR('',#6046,1.);
#6046 = DIRECTION('',(-0.,1.));
#6047 = ( GEOMETRIC_REPRESENTATION_CONTEXT(2) 
PARAMETRIC_REPRESENTATION_CONTEXT() REPRESENTATION_CONTEXT('2D SPACE',''
  ) );
#6048 = ORIENTED_EDGE('',*,*,#6049,.F.);
#6049 = EDGE_CURVE('',#6026,#6026,#6050,.T.);
#6050 = SURFACE_CURVE('',#6051,(#6056,#6063),.PCURVE_S1.);
#6051 = CIRCLE('',#6052,4.);
#6052 = AXIS2_PLACEMENT_3D('',#6053,#6054,#6055);
#6053 = CARTESIAN_POINT('',(4.75,0.,12.72347538298));
#6054 = DIRECTION('',(0.,0.,1.));
#6055 = DIRECTION('',(1.,0.,-0.));
#6056 = PCURVE('',#5996,#6057);
#6057 = DEFINITIONAL_REPRESENTATION('',(#6058),#6062);
#6058 = LINE('',#6059,#6060);
#6059 = CARTESIAN_POINT('',(-0.,-0.907922503145));
#6060 = VECTOR('',#6061,1.);
#6061 = DIRECTION('',(-1.,0.));
#6062 = ( GEOMETRIC_REPRESENTATION_CONTEXT(2) 
PARAMETRIC_REPRESENTATION_CONTEXT() REPRESENTATION_CONTEXT('2D SPACE',''
  ) );
#6063 = PCURVE('',#6064,#6069);
#6064 = CYLINDRICAL_SURFACE('',#6065,4.);
#6065 = AXIS2_PLACEMENT_3D('',#6066,#6067,#6068);
#6066 = CARTESIAN_POINT('',(4.75,0.,12.72347538298));
#6067 = DIRECTION('',(-0.,-0.,-1.));
#6068 = DIRECTION('',(1.,0.,0.));
#6069 = DEFINITIONAL_REPRESENTATION('',(#6070),#6074);
#6070 = LINE('',#6071,#6072);
#6071 = CARTESIAN_POINT('',(-0.,0.));
#6072 = VECTOR('',#6073,1.);
#6073 = DIRECTION('',(-1.,0.));
#6074 = ( GEOMETRIC_REPRESENTATION_CONTEXT(2) 
PARAMETRIC_REPRESENTATION_CONTEXT() REPRESENTATION_CONTEXT('2D SPACE',''
  ) );
#6075 = ORIENTED_EDGE('',*,*,#6025,.F.);
#6076 = ORIENTED_EDGE('',*,*,#6077,.T.);
#6077 = EDGE_CURVE('',#5987,#6078,#6080,.T.);
#6078 = VERTEX_POINT('',#6079);
#6079 = CARTESIAN_POINT('',(5.890316615925,0.395,13.986990920257));
#6080 = SURFACE_CURVE('',#6081,(#6086,#6098),.PCURVE_S1.);
#6081 = CIRCLE('',#6082,6.491541668948);
#6082 = AXIS2_PLACEMENT_3D('',#6083,#6084,#6085);
#6083 = CARTESIAN_POINT('',(5.060295741794,-0.112370166265,7.56875486176
    ));
#6084 = DIRECTION('',(-0.93605880101,0.33898332763,9.425616500203E-02));
#6085 = DIRECTION('',(-0.340499237924,-0.940244792048,
    -3.469446951954E-18));
#6086 = PCURVE('',#5996,#6087);
#6087 = DEFINITIONAL_REPRESENTATION('',(#6088),#6097);
#6088 = B_SPLINE_CURVE_WITH_KNOTS('',7,(#6089,#6090,#6091,#6092,#6093,
    #6094,#6095,#6096),.UNSPECIFIED.,.F.,.F.,(8,8),(1.623317586408,
    1.692502262983),.PIECEWISE_BEZIER_KNOTS.);
#6089 = CARTESIAN_POINT('',(-7.1E-16,-1.41620504215));
#6090 = CARTESIAN_POINT('',(-6.029937831609E-02,-1.41285469188));
#6091 = CARTESIAN_POINT('',(-0.117561150266,-1.408853506611));
#6092 = CARTESIAN_POINT('',(-0.171352709075,-1.40426068088));
#6093 = CARTESIAN_POINT('',(-0.221526538296,-1.399143935243));
#6094 = CARTESIAN_POINT('',(-0.268175037638,-1.393567610664));
#6095 = CARTESIAN_POINT('',(-0.311479066439,-1.387588588316));
#6096 = CARTESIAN_POINT('',(-0.351668236108,-1.381256448027));
#6097 = ( GEOMETRIC_REPRESENTATION_CONTEXT(2) 
PARAMETRIC_REPRESENTATION_CONTEXT() REPRESENTATION_CONTEXT('2D SPACE',''
  ) );
#6098 = PCURVE('',#6099,#6104);
#6099 = PLANE('',#6100);
#6100 = AXIS2_PLACEMENT_3D('',#6101,#6102,#6103);
#6101 = CARTESIAN_POINT('',(5.765121441712,0.1975,13.453966502616));
#6102 = DIRECTION('',(-0.93605880101,0.33898332763,9.425616500203E-02));
#6103 = DIRECTION('',(0.340499237924,0.940244792048,-3.469446951954E-18)
  );
#6104 = DEFINITIONAL_REPRESENTATION('',(#6105),#6109);
#6105 = CIRCLE('',#6106,6.491541668948);
#6106 = AXIS2_PLACEMENT_2D('',#6107,#6108);
#6107 = CARTESIAN_POINT('',(-0.531346423733,5.911529905436));
#6108 = DIRECTION('',(-1.,-3.454000895808E-18));
#6109 = ( GEOMETRIC_REPRESENTATION_CONTEXT(2) 
PARAMETRIC_REPRESENTATION_CONTEXT() REPRESENTATION_CONTEXT('2D SPACE',''
  ) );
#6110 = ORIENTED_EDGE('',*,*,#6111,.T.);
#6111 = EDGE_CURVE('',#6078,#6112,#6114,.T.);
#6112 = VERTEX_POINT('',#6113);
#6113 = CARTESIAN_POINT('',(6.575136792565,1.228363011664,
    13.716371473349));
#6114 = SURFACE_CURVE('',#6115,(#6120,#6144),.PCURVE_S1.);
#6115 = CIRCLE('',#6116,6.498872956057);
#6116 = AXIS2_PLACEMENT_3D('',#6117,#6118,#6119);
#6117 = CARTESIAN_POINT('',(4.841752916288,-7.839862027248E-02,
    7.590760967145));
#6118 = DIRECTION('',(-0.758047818829,0.647716775677,7.633140163198E-02)
  );
#6119 = DIRECTION('',(-0.649612017004,-0.760265892543,0.));
#6120 = PCURVE('',#5996,#6121);
#6121 = DEFINITIONAL_REPRESENTATION('',(#6122),#6143);
#6122 = B_SPLINE_CURVE_WITH_KNOTS('',7,(#6123,#6124,#6125,#6126,#6127,
    #6128,#6129,#6130,#6131,#6132,#6133,#6134,#6135,#6136,#6137,#6138,
    #6139,#6140,#6141,#6142),.UNSPECIFIED.,.F.,.F.,(8,6,6,8),(
    1.70647006337,1.778165923487,1.885709713661,1.993253503835),
  .UNSPECIFIED.);
#6123 = CARTESIAN_POINT('',(-0.255383972121,-1.405241395364));
#6124 = CARTESIAN_POINT('',(-0.291096815189,-1.396861125469));
#6125 = CARTESIAN_POINT('',(-0.322618788464,-1.388237680789));
#6126 = CARTESIAN_POINT('',(-0.350695489153,-1.379422764218));
#6127 = CARTESIAN_POINT('',(-0.375909204515,-1.370451993968));
#6128 = CARTESIAN_POINT('',(-0.398703099844,-1.361351827853));
#6129 = CARTESIAN_POINT('',(-0.419431421617,-1.352142548092));
#6130 = CARTESIAN_POINT('',(-0.466797477991,-1.328886482491));
#6131 = CARTESIAN_POINT('',(-0.491207970236,-1.314723268611));
#6132 = CARTESIAN_POINT('',(-0.512567719964,-1.300404322605));
#6133 = CARTESIAN_POINT('',(-0.531487346904,-1.285961837719));
#6134 = CARTESIAN_POINT('',(-0.548411679634,-1.271419292218));
#6135 = CARTESIAN_POINT('',(-0.563671498619,-1.256793699439));
#6136 = CARTESIAN_POINT('',(-0.591375586237,-1.227402746957));
#6137 = CARTESIAN_POINT('',(-0.603819918904,-1.212637388601));
#6138 = CARTESIAN_POINT('',(-0.615112470586,-1.197815242156));
#6139 = CARTESIAN_POINT('',(-0.625436019378,-1.18294551539));
#6140 = CARTESIAN_POINT('',(-0.634929553806,-1.168035149609));
#6141 = CARTESIAN_POINT('',(-0.643705147078,-1.153089730049));
#6142 = CARTESIAN_POINT('',(-0.651852343131,-1.138113686854));
#6143 = ( GEOMETRIC_REPRESENTATION_CONTEXT(2) 
PARAMETRIC_REPRESENTATION_CONTEXT() REPRESENTATION_CONTEXT('2D SPACE',''
  ) );
#6144 = PCURVE('',#6145,#6150);
#6145 = PLANE('',#6146);
#6146 = AXIS2_PLACEMENT_3D('',#6147,#6148,#6149);
#6147 = CARTESIAN_POINT('',(7.360898915041,2.17889420893,13.453966502616
    ));
#6148 = DIRECTION('',(-0.758047818829,0.647716775677,7.633140163198E-02)
  );
#6149 = DIRECTION('',(0.649612017004,0.760265892543,1.387778780781E-17)
  );
#6150 = DEFINITIONAL_REPRESENTATION('',(#6151),#6155);
#6151 = CIRCLE('',#6152,6.498872956057);
#6152 = AXIS2_PLACEMENT_2D('',#6153,#6154);
#6153 = CARTESIAN_POINT('',(-3.352610260902,5.88036147439));
#6154 = DIRECTION('',(-1.,-2.079643750726E-17));
#6155 = ( GEOMETRIC_REPRESENTATION_CONTEXT(2) 
PARAMETRIC_REPRESENTATION_CONTEXT() REPRESENTATION_CONTEXT('2D SPACE',''
  ) );
#6156 = ORIENTED_EDGE('',*,*,#6157,.F.);
#6157 = EDGE_CURVE('',#6158,#6112,#6160,.T.);
#6158 = VERTEX_POINT('',#6159);
#6159 = CARTESIAN_POINT('',(5.978363011664,1.825136792565,
    13.716371473349));
#6160 = SURFACE_CURVE('',#6161,(#6166,#6173),.PCURVE_S1.);
#6161 = CIRCLE('',#6162,2.2);
#6162 = AXIS2_PLACEMENT_3D('',#6163,#6164,#6165);
#6163 = CARTESIAN_POINT('',(4.75,0.,13.716371473349));
#6164 = DIRECTION('',(7.E-17,0.,-1.));
#6165 = DIRECTION('',(1.,0.,7.E-17));
#6166 = PCURVE('',#5996,#6167);
#6167 = DEFINITIONAL_REPRESENTATION('',(#6168),#6172);
#6168 = LINE('',#6169,#6170);
#6169 = CARTESIAN_POINT('',(-6.28318530718,-1.225514867309));
#6170 = VECTOR('',#6171,1.);
#6171 = DIRECTION('',(1.,-0.));
#6172 = ( GEOMETRIC_REPRESENTATION_CONTEXT(2) 
PARAMETRIC_REPRESENTATION_CONTEXT() REPRESENTATION_CONTEXT('2D SPACE',''
  ) );
#6173 = PCURVE('',#6174,#6179);
#6174 = CONICAL_SURFACE('',#6175,2.748439768859,0.462512251778);
#6175 = AXIS2_PLACEMENT_3D('',#6176,#6177,#6178);
#6176 = CARTESIAN_POINT('',(4.75,0.,14.816371473349));
#6177 = DIRECTION('',(0.,0.,1.));
#6178 = DIRECTION('',(1.,0.,0.));
#6179 = DEFINITIONAL_REPRESENTATION('',(#6180),#6184);
#6180 = LINE('',#6181,#6182);
#6181 = CARTESIAN_POINT('',(6.28318530718,-1.1));
#6182 = VECTOR('',#6183,1.);
#6183 = DIRECTION('',(-1.,-0.));
#6184 = ( GEOMETRIC_REPRESENTATION_CONTEXT(2) 
PARAMETRIC_REPRESENTATION_CONTEXT() REPRESENTATION_CONTEXT('2D SPACE',''
  ) );
#6185 = ORIENTED_EDGE('',*,*,#6186,.T.);
#6186 = EDGE_CURVE('',#6158,#6187,#6189,.T.);
#6187 = VERTEX_POINT('',#6188);
#6188 = CARTESIAN_POINT('',(5.145,1.140316615925,13.986990920257));
#6189 = SURFACE_CURVE('',#6190,(#6195,#6219),.PCURVE_S1.);
#6190 = CIRCLE('',#6191,6.498872956057);
#6191 = AXIS2_PLACEMENT_3D('',#6192,#6193,#6194);
#6192 = CARTESIAN_POINT('',(4.671601379728,9.175291628769E-02,
    7.590760967145));
#6193 = DIRECTION('',(0.647716775677,-0.758047818829,7.633140163198E-02)
  );
#6194 = DIRECTION('',(0.760265892543,0.649612017004,-6.938893903907E-18)
  );
#6195 = PCURVE('',#5996,#6196);
#6196 = DEFINITIONAL_REPRESENTATION('',(#6197),#6218);
#6197 = B_SPLINE_CURVE_WITH_KNOTS('',7,(#6198,#6199,#6200,#6201,#6202,
    #6203,#6204,#6205,#6206,#6207,#6208,#6209,#6210,#6211,#6212,#6213,
    #6214,#6215,#6216,#6217),.UNSPECIFIED.,.F.,.F.,(8,6,6,8),(
    1.148339149755,1.291730869987,1.363426730103,1.435122590219),
  .UNSPECIFIED.);
#6198 = CARTESIAN_POINT('',(-0.918943983664,-1.138113686854));
#6199 = CARTESIAN_POINT('',(-0.929806911734,-1.158081744447));
#6200 = CARTESIAN_POINT('',(-0.941786757503,-1.177995374971));
#6201 = CARTESIAN_POINT('',(-0.955097566033,-1.197843962512));
#6202 = CARTESIAN_POINT('',(-0.970016454551,-1.217613760101));
#6203 = CARTESIAN_POINT('',(-0.986930319729,-1.237285243869));
#6204 = CARTESIAN_POINT('',(-1.006369852554,-1.256831748414));
#6205 = CARTESIAN_POINT('',(-1.04068625542,-1.285892602879));
#6206 = CARTESIAN_POINT('',(-1.052984635091,-1.295536398397));
#6207 = CARTESIAN_POINT('',(-1.066256565774,-1.305131096872));
#6208 = CARTESIAN_POINT('',(-1.080640840617,-1.314669357443));
#6209 = CARTESIAN_POINT('',(-1.096307455279,-1.324142126905));
#6210 = CARTESIAN_POINT('',(-1.113472060078,-1.333537695611));
#6211 = CARTESIAN_POINT('',(-1.151364905178,-1.352142548092));
#6212 = CARTESIAN_POINT('',(-1.172093226951,-1.361351827854));
#6213 = CARTESIAN_POINT('',(-1.194887122279,-1.370451993968));
#6214 = CARTESIAN_POINT('',(-1.220100837643,-1.379422764218));
#6215 = CARTESIAN_POINT('',(-1.24817753833,-1.388237680789));
#6216 = CARTESIAN_POINT('',(-1.279699511606,-1.396861125469));
#6217 = CARTESIAN_POINT('',(-1.315412354674,-1.405241395364));
#6218 = ( GEOMETRIC_REPRESENTATION_CONTEXT(2) 
PARAMETRIC_REPRESENTATION_CONTEXT() REPRESENTATION_CONTEXT('2D SPACE',''
  ) );
#6219 = PCURVE('',#6220,#6225);
#6220 = PLANE('',#6221);
#6221 = AXIS2_PLACEMENT_3D('',#6222,#6223,#6224);
#6222 = CARTESIAN_POINT('',(6.92889420893,2.610898915041,13.453966502616
    ));
#6223 = DIRECTION('',(0.647716775677,-0.758047818829,7.633140163198E-02)
  );
#6224 = DIRECTION('',(-0.760265892543,-0.649612017004,
    -1.387778780781E-17));
#6225 = DEFINITIONAL_REPRESENTATION('',(#6226),#6230);
#6226 = CIRCLE('',#6227,6.498872956057);
#6227 = AXIS2_PLACEMENT_2D('',#6228,#6229);
#6228 = CARTESIAN_POINT('',(3.352610260902,5.88036147439));
#6229 = DIRECTION('',(-1.,3.463373690616E-17));
#6230 = ( GEOMETRIC_REPRESENTATION_CONTEXT(2) 
PARAMETRIC_REPRESENTATION_CONTEXT() REPRESENTATION_CONTEXT('2D SPACE',''
  ) );
#6231 = ORIENTED_EDGE('',*,*,#6232,.T.);
#6232 = EDGE_CURVE('',#6187,#6233,#6235,.T.);
#6233 = VERTEX_POINT('',#6234);
#6234 = CARTESIAN_POINT('',(4.75,1.000845761008,14.022484547484));
#6235 = SURFACE_CURVE('',#6236,(#6241,#6254),.PCURVE_S1.);
#6236 = CIRCLE('',#6237,6.491541668948);
#6237 = AXIS2_PLACEMENT_3D('',#6238,#6239,#6240);
#6238 = CARTESIAN_POINT('',(4.637629833735,0.310295741794,7.56875486176)
  );
#6239 = DIRECTION('',(0.33898332763,-0.93605880101,9.425616500203E-02));
#6240 = DIRECTION('',(0.940244792048,0.340499237924,0.));
#6241 = PCURVE('',#5996,#6242);
#6242 = DEFINITIONAL_REPRESENTATION('',(#6243),#6253);
#6243 = B_SPLINE_CURVE_WITH_KNOTS('',8,(#6244,#6245,#6246,#6247,#6248,
    #6249,#6250,#6251,#6252),.UNSPECIFIED.,.F.,.F.,(9,9),(1.449090390607
    ,1.532233995978),.PIECEWISE_BEZIER_KNOTS.);
#6244 = CARTESIAN_POINT('',(-1.219128090687,-1.381256448027));
#6245 = CARTESIAN_POINT('',(-1.261388726278,-1.387914965122));
#6246 = CARTESIAN_POINT('',(-1.307023419636,-1.394190985801));
#6247 = CARTESIAN_POINT('',(-1.356280296302,-1.400030788639));
#6248 = CARTESIAN_POINT('',(-1.409361145242,-1.405372746977));
#6249 = CARTESIAN_POINT('',(-1.466367906579,-1.410148219819));
#6250 = CARTESIAN_POINT('',(-1.527213681848,-1.414282528745));
#6251 = CARTESIAN_POINT('',(-1.591467740111,-1.417705814085));
#6252 = CARTESIAN_POINT('',(-1.658416176287,-1.420364024326));
#6253 = ( GEOMETRIC_REPRESENTATION_CONTEXT(2) 
PARAMETRIC_REPRESENTATION_CONTEXT() REPRESENTATION_CONTEXT('2D SPACE',''
  ) );
#6254 = PCURVE('',#6255,#6260);
#6255 = PLANE('',#6256);
#6256 = AXIS2_PLACEMENT_3D('',#6257,#6258,#6259);
#6257 = CARTESIAN_POINT('',(4.9475,1.015121441712,13.453966502616));
#6258 = DIRECTION('',(0.33898332763,-0.93605880101,9.425616500203E-02));
#6259 = DIRECTION('',(-0.940244792048,-0.340499237924,3.469446951954E-18
    ));
#6260 = DEFINITIONAL_REPRESENTATION('',(#6261),#6265);
#6261 = CIRCLE('',#6262,6.491541668948);
#6262 = AXIS2_PLACEMENT_2D('',#6263,#6264);
#6263 = CARTESIAN_POINT('',(0.531346423733,5.911529905436));
#6264 = DIRECTION('',(-1.,1.036200268742E-17));
#6265 = ( GEOMETRIC_REPRESENTATION_CONTEXT(2) 
PARAMETRIC_REPRESENTATION_CONTEXT() REPRESENTATION_CONTEXT('2D SPACE',''
  ) );
#6266 = ORIENTED_EDGE('',*,*,#6267,.T.);
#6267 = EDGE_CURVE('',#6233,#6268,#6270,.T.);
#6268 = VERTEX_POINT('',#6269);
#6269 = CARTESIAN_POINT('',(4.355,1.140316615925,13.986990920257));
#6270 = SURFACE_CURVE('',#6271,(#6276,#6289),.PCURVE_S1.);
#6271 = CIRCLE('',#6272,6.491541668948);
#6272 = AXIS2_PLACEMENT_3D('',#6273,#6274,#6275);
#6273 = CARTESIAN_POINT('',(4.862370166265,0.310295741794,7.56875486176)
  );
#6274 = DIRECTION('',(-0.33898332763,-0.93605880101,9.425616500203E-02)
  );
#6275 = DIRECTION('',(0.940244792048,-0.340499237924,6.938893903907E-18)
  );
#6276 = PCURVE('',#5996,#6277);
#6277 = DEFINITIONAL_REPRESENTATION('',(#6278),#6288);
#6278 = B_SPLINE_CURVE_WITH_KNOTS('',8,(#6279,#6280,#6281,#6282,#6283,
    #6284,#6285,#6286,#6287),.UNSPECIFIED.,.F.,.F.,(9,9),(1.609358657612
    ,1.692502262983),.PIECEWISE_BEZIER_KNOTS.);
#6279 = CARTESIAN_POINT('',(-1.483176477303,-1.420364024326));
#6280 = CARTESIAN_POINT('',(-1.550124913479,-1.417705814085));
#6281 = CARTESIAN_POINT('',(-1.614378971738,-1.414282528745));
#6282 = CARTESIAN_POINT('',(-1.675224747008,-1.410148219817));
#6283 = CARTESIAN_POINT('',(-1.732231508346,-1.405372746984));
#6284 = CARTESIAN_POINT('',(-1.785312357287,-1.40003078864));
#6285 = CARTESIAN_POINT('',(-1.83456923395,-1.394190985802));
#6286 = CARTESIAN_POINT('',(-1.880203927312,-1.387914965122));
#6287 = CARTESIAN_POINT('',(-1.922464562902,-1.381256448027));
#6288 = ( GEOMETRIC_REPRESENTATION_CONTEXT(2) 
PARAMETRIC_REPRESENTATION_CONTEXT() REPRESENTATION_CONTEXT('2D SPACE',''
  ) );
#6289 = PCURVE('',#6290,#6295);
#6290 = PLANE('',#6291);
#6291 = AXIS2_PLACEMENT_3D('',#6292,#6293,#6294);
#6292 = CARTESIAN_POINT('',(4.5525,1.015121441712,13.453966502616));
#6293 = DIRECTION('',(-0.33898332763,-0.93605880101,9.425616500203E-02)
  );
#6294 = DIRECTION('',(-0.940244792048,0.340499237924,-3.469446951954E-18
    ));
#6295 = DEFINITIONAL_REPRESENTATION('',(#6296),#6300);
#6296 = CIRCLE('',#6297,6.491541668948);
#6297 = AXIS2_PLACEMENT_2D('',#6298,#6299);
#6298 = CARTESIAN_POINT('',(-0.531346423733,5.911529905436));
#6299 = DIRECTION('',(-1.,1.039289479972E-17));
#6300 = ( GEOMETRIC_REPRESENTATION_CONTEXT(2) 
PARAMETRIC_REPRESENTATION_CONTEXT() REPRESENTATION_CONTEXT('2D SPACE',''
  ) );
#6301 = ORIENTED_EDGE('',*,*,#6302,.T.);
#6302 = EDGE_CURVE('',#6268,#6303,#6305,.T.);
#6303 = VERTEX_POINT('',#6304);
#6304 = CARTESIAN_POINT('',(3.521636988336,1.825136792565,
    13.716371473349));
#6305 = SURFACE_CURVE('',#6306,(#6311,#6335),.PCURVE_S1.);
#6306 = CIRCLE('',#6307,6.498872956057);
#6307 = AXIS2_PLACEMENT_3D('',#6308,#6309,#6310);
#6308 = CARTESIAN_POINT('',(4.828398620272,9.175291628769E-02,
    7.590760967145));
#6309 = DIRECTION('',(-0.647716775677,-0.758047818829,7.633140163198E-02
    ));
#6310 = DIRECTION('',(0.760265892543,-0.649612017004,-2.081668171172E-17
    ));
#6311 = PCURVE('',#5996,#6312);
#6312 = DEFINITIONAL_REPRESENTATION('',(#6313),#6334);
#6313 = B_SPLINE_CURVE_WITH_KNOTS('',7,(#6314,#6315,#6316,#6317,#6318,
    #6319,#6320,#6321,#6322,#6323,#6324,#6325,#6326,#6327,#6328,#6329,
    #6330,#6331,#6332,#6333),.UNSPECIFIED.,.F.,.F.,(8,6,6,8),(
    1.70647006337,1.778165923487,1.885709713661,1.993253503835),
  .UNSPECIFIED.);
#6314 = CARTESIAN_POINT('',(-1.826180298916,-1.405241395364));
#6315 = CARTESIAN_POINT('',(-1.861893141984,-1.396861125469));
#6316 = CARTESIAN_POINT('',(-1.893415115259,-1.388237680789));
#6317 = CARTESIAN_POINT('',(-1.921491815948,-1.379422764218));
#6318 = CARTESIAN_POINT('',(-1.94670553131,-1.370451993968));
#6319 = CARTESIAN_POINT('',(-1.969499426638,-1.361351827854));
#6320 = CARTESIAN_POINT('',(-1.990227748412,-1.352142548092));
#6321 = CARTESIAN_POINT('',(-2.037593804786,-1.328886482491));
#6322 = CARTESIAN_POINT('',(-2.06200429703,-1.314723268611));
#6323 = CARTESIAN_POINT('',(-2.083364046761,-1.300404322606));
#6324 = CARTESIAN_POINT('',(-2.102283673698,-1.285961837718));
#6325 = CARTESIAN_POINT('',(-2.119208006429,-1.271419292218));
#6326 = CARTESIAN_POINT('',(-2.134467825414,-1.256793699439));
#6327 = CARTESIAN_POINT('',(-2.162171913032,-1.227402746957));
#6328 = CARTESIAN_POINT('',(-2.174616245699,-1.212637388601));
#6329 = CARTESIAN_POINT('',(-2.18590879738,-1.197815242156));
#6330 = CARTESIAN_POINT('',(-2.196232346173,-1.18294551539));
#6331 = CARTESIAN_POINT('',(-2.205725880601,-1.168035149609));
#6332 = CARTESIAN_POINT('',(-2.214501473873,-1.153089730049));
#6333 = CARTESIAN_POINT('',(-2.222648669926,-1.138113686854));
#6334 = ( GEOMETRIC_REPRESENTATION_CONTEXT(2) 
PARAMETRIC_REPRESENTATION_CONTEXT() REPRESENTATION_CONTEXT('2D SPACE',''
  ) );
#6335 = PCURVE('',#6336,#6341);
#6336 = PLANE('',#6337);
#6337 = AXIS2_PLACEMENT_3D('',#6338,#6339,#6340);
#6338 = CARTESIAN_POINT('',(2.57110579107,2.610898915041,13.453966502616
    ));
#6339 = DIRECTION('',(-0.647716775677,-0.758047818829,7.633140163198E-02
    ));
#6340 = DIRECTION('',(-0.760265892543,0.649612017004,1.387778780781E-17)
  );
#6341 = DEFINITIONAL_REPRESENTATION('',(#6342),#6346);
#6342 = CIRCLE('',#6343,6.498872956057);
#6343 = AXIS2_PLACEMENT_2D('',#6344,#6345);
#6344 = CARTESIAN_POINT('',(-3.352610260902,5.88036147439));
#6345 = DIRECTION('',(-1.,2.067497228052E-17));
#6346 = ( GEOMETRIC_REPRESENTATION_CONTEXT(2) 
PARAMETRIC_REPRESENTATION_CONTEXT() REPRESENTATION_CONTEXT('2D SPACE',''
  ) );
#6347 = ORIENTED_EDGE('',*,*,#6348,.F.);
#6348 = EDGE_CURVE('',#6349,#6303,#6351,.T.);
#6349 = VERTEX_POINT('',#6350);
#6350 = CARTESIAN_POINT('',(2.924863207435,1.228363011664,
    13.716371473349));
#6351 = SURFACE_CURVE('',#6352,(#6357,#6364),.PCURVE_S1.);
#6352 = CIRCLE('',#6353,2.2);
#6353 = AXIS2_PLACEMENT_3D('',#6354,#6355,#6356);
#6354 = CARTESIAN_POINT('',(4.75,0.,13.716371473349));
#6355 = DIRECTION('',(7.E-17,0.,-1.));
#6356 = DIRECTION('',(1.,0.,7.E-17));
#6357 = PCURVE('',#5996,#6358);
#6358 = DEFINITIONAL_REPRESENTATION('',(#6359),#6363);
#6359 = LINE('',#6360,#6361);
#6360 = CARTESIAN_POINT('',(-6.28318530718,-1.225514867309));
#6361 = VECTOR('',#6362,1.);
#6362 = DIRECTION('',(1.,-0.));
#6363 = ( GEOMETRIC_REPRESENTATION_CONTEXT(2) 
PARAMETRIC_REPRESENTATION_CONTEXT() REPRESENTATION_CONTEXT('2D SPACE',''
  ) );
#6364 = PCURVE('',#6365,#6370);
#6365 = CONICAL_SURFACE('',#6366,2.748439768859,0.462512251778);
#6366 = AXIS2_PLACEMENT_3D('',#6367,#6368,#6369);
#6367 = CARTESIAN_POINT('',(4.75,0.,14.816371473349));
#6368 = DIRECTION('',(0.,0.,1.));
#6369 = DIRECTION('',(1.,0.,0.));
#6370 = DEFINITIONAL_REPRESENTATION('',(#6371),#6375);
#6371 = LINE('',#6372,#6373);
#6372 = CARTESIAN_POINT('',(6.28318530718,-1.1));
#6373 = VECTOR('',#6374,1.);
#6374 = DIRECTION('',(-1.,-0.));
#6375 = ( GEOMETRIC_REPRESENTATION_CONTEXT(2) 
PARAMETRIC_REPRESENTATION_CONTEXT() REPRESENTATION_CONTEXT('2D SPACE',''
  ) );
#6376 = ORIENTED_EDGE('',*,*,#6377,.T.);
#6377 = EDGE_CURVE('',#6349,#6378,#6380,.T.);
#6378 = VERTEX_POINT('',#6379);
#6379 = CARTESIAN_POINT('',(3.609683384075,0.395,13.986990920257));
#6380 = SURFACE_CURVE('',#6381,(#6386,#6410),.PCURVE_S1.);
#6381 = CIRCLE('',#6382,6.498872956057);
#6382 = AXIS2_PLACEMENT_3D('',#6383,#6384,#6385);
#6383 = CARTESIAN_POINT('',(4.658247083712,-7.839862027248E-02,
    7.590760967145));
#6384 = DIRECTION('',(0.758047818829,0.647716775677,7.633140163198E-02)
  );
#6385 = DIRECTION('',(-0.649612017004,0.760265892543,-6.938893903907E-18
    ));
#6386 = PCURVE('',#5996,#6387);
#6387 = DEFINITIONAL_REPRESENTATION('',(#6388),#6409);
#6388 = B_SPLINE_CURVE_WITH_KNOTS('',7,(#6389,#6390,#6391,#6392,#6393,
    #6394,#6395,#6396,#6397,#6398,#6399,#6400,#6401,#6402,#6403,#6404,
    #6405,#6406,#6407,#6408),.UNSPECIFIED.,.F.,.F.,(8,6,6,8),(
    1.148339149755,1.291730869987,1.363426730103,1.435122590219),
  .UNSPECIFIED.);
#6389 = CARTESIAN_POINT('',(-2.489740310459,-1.138113686854));
#6390 = CARTESIAN_POINT('',(-2.500603238529,-1.158081744447));
#6391 = CARTESIAN_POINT('',(-2.512583084298,-1.177995374972));
#6392 = CARTESIAN_POINT('',(-2.525893892827,-1.197843962512));
#6393 = CARTESIAN_POINT('',(-2.540812781347,-1.217613760101));
#6394 = CARTESIAN_POINT('',(-2.557726646524,-1.237285243869));
#6395 = CARTESIAN_POINT('',(-2.577166179349,-1.256831748414));
#6396 = CARTESIAN_POINT('',(-2.611482582215,-1.285892602879));
#6397 = CARTESIAN_POINT('',(-2.623780961886,-1.295536398397));
#6398 = CARTESIAN_POINT('',(-2.637052892569,-1.305131096872));
#6399 = CARTESIAN_POINT('',(-2.651437167412,-1.314669357443));
#6400 = CARTESIAN_POINT('',(-2.667103782074,-1.324142126905));
#6401 = CARTESIAN_POINT('',(-2.684268386873,-1.333537695611));
#6402 = CARTESIAN_POINT('',(-2.722161231973,-1.352142548092));
#6403 = CARTESIAN_POINT('',(-2.742889553746,-1.361351827853));
#6404 = CARTESIAN_POINT('',(-2.765683449076,-1.370451993968));
#6405 = CARTESIAN_POINT('',(-2.790897164437,-1.379422764218));
#6406 = CARTESIAN_POINT('',(-2.818973865126,-1.388237680789));
#6407 = CARTESIAN_POINT('',(-2.850495838401,-1.396861125469));
#6408 = CARTESIAN_POINT('',(-2.886208681469,-1.405241395364));
#6409 = ( GEOMETRIC_REPRESENTATION_CONTEXT(2) 
PARAMETRIC_REPRESENTATION_CONTEXT() REPRESENTATION_CONTEXT('2D SPACE',''
  ) );
#6410 = PCURVE('',#6411,#6416);
#6411 = PLANE('',#6412);
#6412 = AXIS2_PLACEMENT_3D('',#6413,#6414,#6415);
#6413 = CARTESIAN_POINT('',(2.139101084959,2.17889420893,13.453966502616
    ));
#6414 = DIRECTION('',(0.758047818829,0.647716775677,7.633140163198E-02)
  );
#6415 = DIRECTION('',(0.649612017004,-0.760265892543,-1.387778780781E-17
    ));
#6416 = DEFINITIONAL_REPRESENTATION('',(#6417),#6421);
#6417 = CIRCLE('',#6418,6.498872956057);
#6418 = AXIS2_PLACEMENT_2D('',#6419,#6420);
#6419 = CARTESIAN_POINT('',(3.352610260902,5.88036147439));
#6420 = DIRECTION('',(-1.,3.463373690616E-17));
#6421 = ( GEOMETRIC_REPRESENTATION_CONTEXT(2) 
PARAMETRIC_REPRESENTATION_CONTEXT() REPRESENTATION_CONTEXT('2D SPACE',''
  ) );
#6422 = ORIENTED_EDGE('',*,*,#6423,.T.);
#6423 = EDGE_CURVE('',#6378,#6424,#6426,.T.);
#6424 = VERTEX_POINT('',#6425);
#6425 = CARTESIAN_POINT('',(3.749154238992,0.,14.022484547484));
#6426 = SURFACE_CURVE('',#6427,(#6432,#6445),.PCURVE_S1.);
#6427 = CIRCLE('',#6428,6.491541668948);
#6428 = AXIS2_PLACEMENT_3D('',#6429,#6430,#6431);
#6429 = CARTESIAN_POINT('',(4.439704258206,-0.112370166265,7.56875486176
    ));
#6430 = DIRECTION('',(0.93605880101,0.33898332763,9.425616500203E-02));
#6431 = DIRECTION('',(-0.340499237924,0.940244792048,0.));
#6432 = PCURVE('',#5996,#6433);
#6433 = DEFINITIONAL_REPRESENTATION('',(#6434),#6444);
#6434 = B_SPLINE_CURVE_WITH_KNOTS('',8,(#6435,#6436,#6437,#6438,#6439,
    #6440,#6441,#6442,#6443),.UNSPECIFIED.,.F.,.F.,(9,9),(1.449090390607
    ,1.532233995978),.PIECEWISE_BEZIER_KNOTS.);
#6435 = CARTESIAN_POINT('',(-2.789924417482,-1.381256448027));
#6436 = CARTESIAN_POINT('',(-2.832185053072,-1.387914965122));
#6437 = CARTESIAN_POINT('',(-2.877819746431,-1.394190985802));
#6438 = CARTESIAN_POINT('',(-2.927076623093,-1.40003078864));
#6439 = CARTESIAN_POINT('',(-2.980157472046,-1.405372746984));
#6440 = CARTESIAN_POINT('',(-3.037164233368,-1.410148219817));
#6441 = CARTESIAN_POINT('',(-3.098010008646,-1.414282528745));
#6442 = CARTESIAN_POINT('',(-3.162264066906,-1.417705814085));
#6443 = CARTESIAN_POINT('',(-3.229212503082,-1.420364024326));
#6444 = ( GEOMETRIC_REPRESENTATION_CONTEXT(2) 
PARAMETRIC_REPRESENTATION_CONTEXT() REPRESENTATION_CONTEXT('2D SPACE',''
  ) );
#6445 = PCURVE('',#6446,#6451);
#6446 = PLANE('',#6447);
#6447 = AXIS2_PLACEMENT_3D('',#6448,#6449,#6450);
#6448 = CARTESIAN_POINT('',(3.734878558288,0.1975,13.453966502616));
#6449 = DIRECTION('',(0.93605880101,0.33898332763,9.425616500203E-02));
#6450 = DIRECTION('',(0.340499237924,-0.940244792048,3.469446951954E-18)
  );
#6451 = DEFINITIONAL_REPRESENTATION('',(#6452),#6456);
#6452 = CIRCLE('',#6453,6.491541668948);
#6453 = AXIS2_PLACEMENT_2D('',#6454,#6455);
#6454 = CARTESIAN_POINT('',(0.531346423733,5.911529905436));
#6455 = DIRECTION('',(-1.,1.036200268742E-17));
#6456 = ( GEOMETRIC_REPRESENTATION_CONTEXT(2) 
PARAMETRIC_REPRESENTATION_CONTEXT() REPRESENTATION_CONTEXT('2D SPACE',''
  ) );
#6457 = ORIENTED_EDGE('',*,*,#6458,.T.);
#6458 = EDGE_CURVE('',#6424,#6459,#6461,.T.);
#6459 = VERTEX_POINT('',#6460);
#6460 = CARTESIAN_POINT('',(3.609683384075,-0.395,13.986990920257));
#6461 = SURFACE_CURVE('',#6462,(#6467,#6480),.PCURVE_S1.);
#6462 = CIRCLE('',#6463,6.491541668948);
#6463 = AXIS2_PLACEMENT_3D('',#6464,#6465,#6466);
#6464 = CARTESIAN_POINT('',(4.439704258206,0.112370166265,7.56875486176)
  );
#6465 = DIRECTION('',(0.93605880101,-0.33898332763,9.425616500203E-02));
#6466 = DIRECTION('',(0.340499237924,0.940244792048,6.938893903907E-18)
  );
#6467 = PCURVE('',#5996,#6468);
#6468 = DEFINITIONAL_REPRESENTATION('',(#6469),#6479);
#6469 = B_SPLINE_CURVE_WITH_KNOTS('',8,(#6470,#6471,#6472,#6473,#6474,
    #6475,#6476,#6477,#6478),.UNSPECIFIED.,.F.,.F.,(9,9),(1.609358657612
    ,1.692502262983),.PIECEWISE_BEZIER_KNOTS.);
#6470 = CARTESIAN_POINT('',(-3.053972804098,-1.420364024326));
#6471 = CARTESIAN_POINT('',(-3.120921240273,-1.417705814085));
#6472 = CARTESIAN_POINT('',(-3.185175298537,-1.414282528745));
#6473 = CARTESIAN_POINT('',(-3.246021073805,-1.410148219817));
#6474 = CARTESIAN_POINT('',(-3.303027835147,-1.405372746984));
#6475 = CARTESIAN_POINT('',(-3.356108684076,-1.40003078864));
#6476 = CARTESIAN_POINT('',(-3.405365560748,-1.394190985802));
#6477 = CARTESIAN_POINT('',(-3.451000254107,-1.387914965122));
#6478 = CARTESIAN_POINT('',(-3.493260889697,-1.381256448027));
#6479 = ( GEOMETRIC_REPRESENTATION_CONTEXT(2) 
PARAMETRIC_REPRESENTATION_CONTEXT() REPRESENTATION_CONTEXT('2D SPACE',''
  ) );
#6480 = PCURVE('',#6481,#6486);
#6481 = PLANE('',#6482);
#6482 = AXIS2_PLACEMENT_3D('',#6483,#6484,#6485);
#6483 = CARTESIAN_POINT('',(3.734878558288,-0.1975,13.453966502616));
#6484 = DIRECTION('',(0.93605880101,-0.33898332763,9.425616500203E-02));
#6485 = DIRECTION('',(-0.340499237924,-0.940244792048,
    -3.469446951954E-18));
#6486 = DEFINITIONAL_REPRESENTATION('',(#6487),#6491);
#6487 = CIRCLE('',#6488,6.491541668948);
#6488 = AXIS2_PLACEMENT_2D('',#6489,#6490);
#6489 = CARTESIAN_POINT('',(-0.531346423733,5.911529905436));
#6490 = DIRECTION('',(-1.,1.039289479972E-17));
#6491 = ( GEOMETRIC_REPRESENTATION_CONTEXT(2) 
PARAMETRIC_REPRESENTATION_CONTEXT() REPRESENTATION_CONTEXT('2D SPACE',''
  ) );
#6492 = ORIENTED_EDGE('',*,*,#6493,.T.);
#6493 = EDGE_CURVE('',#6459,#6494,#6496,.T.);
#6494 = VERTEX_POINT('',#6495);
#6495 = CARTESIAN_POINT('',(2.924863207435,-1.228363011664,
    13.716371473349));
#6496 = SURFACE_CURVE('',#6497,(#6502,#6526),.PCURVE_S1.);
#6497 = CIRCLE('',#6498,6.498872956057);
#6498 = AXIS2_PLACEMENT_3D('',#6499,#6500,#6501);
#6499 = CARTESIAN_POINT('',(4.658247083712,7.839862027248E-02,
    7.590760967145));
#6500 = DIRECTION('',(0.758047818829,-0.647716775677,7.633140163198E-02)
  );
#6501 = DIRECTION('',(0.649612017004,0.760265892543,-2.081668171172E-17)
  );
#6502 = PCURVE('',#5996,#6503);
#6503 = DEFINITIONAL_REPRESENTATION('',(#6504),#6525);
#6504 = B_SPLINE_CURVE_WITH_KNOTS('',7,(#6505,#6506,#6507,#6508,#6509,
    #6510,#6511,#6512,#6513,#6514,#6515,#6516,#6517,#6518,#6519,#6520,
    #6521,#6522,#6523,#6524),.UNSPECIFIED.,.F.,.F.,(8,6,6,8),(
    1.70647006337,1.778165923487,1.885709713661,1.993253503835),
  .UNSPECIFIED.);
#6505 = CARTESIAN_POINT('',(-3.396976625711,-1.405241395364));
#6506 = CARTESIAN_POINT('',(-3.432689468779,-1.396861125469));
#6507 = CARTESIAN_POINT('',(-3.464211442054,-1.388237680789));
#6508 = CARTESIAN_POINT('',(-3.492288142741,-1.379422764219));
#6509 = CARTESIAN_POINT('',(-3.517501858108,-1.370451993968));
#6510 = CARTESIAN_POINT('',(-3.540295753433,-1.361351827854));
#6511 = CARTESIAN_POINT('',(-3.561024075207,-1.352142548092));
#6512 = CARTESIAN_POINT('',(-3.608390131581,-1.328886482491));
#6513 = CARTESIAN_POINT('',(-3.632800623825,-1.314723268611));
#6514 = CARTESIAN_POINT('',(-3.654160373555,-1.300404322605));
#6515 = CARTESIAN_POINT('',(-3.673080000493,-1.285961837718));
#6516 = CARTESIAN_POINT('',(-3.690004333224,-1.271419292218));
#6517 = CARTESIAN_POINT('',(-3.705264152209,-1.256793699439));
#6518 = CARTESIAN_POINT('',(-3.732968239827,-1.227402746957));
#6519 = CARTESIAN_POINT('',(-3.745412572494,-1.212637388601));
#6520 = CARTESIAN_POINT('',(-3.756705124175,-1.197815242156));
#6521 = CARTESIAN_POINT('',(-3.767028672968,-1.18294551539));
#6522 = CARTESIAN_POINT('',(-3.776522207395,-1.168035149609));
#6523 = CARTESIAN_POINT('',(-3.785297800668,-1.153089730049));
#6524 = CARTESIAN_POINT('',(-3.793444996721,-1.138113686854));
#6525 = ( GEOMETRIC_REPRESENTATION_CONTEXT(2) 
PARAMETRIC_REPRESENTATION_CONTEXT() REPRESENTATION_CONTEXT('2D SPACE',''
  ) );
#6526 = PCURVE('',#6527,#6532);
#6527 = PLANE('',#6528);
#6528 = AXIS2_PLACEMENT_3D('',#6529,#6530,#6531);
#6529 = CARTESIAN_POINT('',(2.139101084959,-2.17889420893,
    13.453966502616));
#6530 = DIRECTION('',(0.758047818829,-0.647716775677,7.633140163198E-02)
  );
#6531 = DIRECTION('',(-0.649612017004,-0.760265892543,1.387778780781E-17
    ));
#6532 = DEFINITIONAL_REPRESENTATION('',(#6533),#6537);
#6533 = CIRCLE('',#6534,6.498872956057);
#6534 = AXIS2_PLACEMENT_2D('',#6535,#6536);
#6535 = CARTESIAN_POINT('',(-3.352610260902,5.88036147439));
#6536 = DIRECTION('',(-1.,2.067497228052E-17));
#6537 = ( GEOMETRIC_REPRESENTATION_CONTEXT(2) 
PARAMETRIC_REPRESENTATION_CONTEXT() REPRESENTATION_CONTEXT('2D SPACE',''
  ) );
#6538 = ORIENTED_EDGE('',*,*,#6539,.F.);
#6539 = EDGE_CURVE('',#6540,#6494,#6542,.T.);
#6540 = VERTEX_POINT('',#6541);
#6541 = CARTESIAN_POINT('',(3.521636988336,-1.825136792565,
    13.716371473349));
#6542 = SURFACE_CURVE('',#6543,(#6548,#6555),.PCURVE_S1.);
#6543 = CIRCLE('',#6544,2.2);
#6544 = AXIS2_PLACEMENT_3D('',#6545,#6546,#6547);
#6545 = CARTESIAN_POINT('',(4.75,0.,13.716371473349));
#6546 = DIRECTION('',(7.E-17,0.,-1.));
#6547 = DIRECTION('',(1.,0.,7.E-17));
#6548 = PCURVE('',#5996,#6549);
#6549 = DEFINITIONAL_REPRESENTATION('',(#6550),#6554);
#6550 = LINE('',#6551,#6552);
#6551 = CARTESIAN_POINT('',(-6.28318530718,-1.225514867309));
#6552 = VECTOR('',#6553,1.);
#6553 = DIRECTION('',(1.,-0.));
#6554 = ( GEOMETRIC_REPRESENTATION_CONTEXT(2) 
PARAMETRIC_REPRESENTATION_CONTEXT() REPRESENTATION_CONTEXT('2D SPACE',''
  ) );
#6555 = PCURVE('',#6556,#6561);
#6556 = CONICAL_SURFACE('',#6557,2.748439768859,0.462512251778);
#6557 = AXIS2_PLACEMENT_3D('',#6558,#6559,#6560);
#6558 = CARTESIAN_POINT('',(4.75,0.,14.816371473349));
#6559 = DIRECTION('',(0.,0.,1.));
#6560 = DIRECTION('',(1.,0.,0.));
#6561 = DEFINITIONAL_REPRESENTATION('',(#6562),#6566);
#6562 = LINE('',#6563,#6564);
#6563 = CARTESIAN_POINT('',(6.28318530718,-1.1));
#6564 = VECTOR('',#6565,1.);
#6565 = DIRECTION('',(-1.,-0.));
#6566 = ( GEOMETRIC_REPRESENTATION_CONTEXT(2) 
PARAMETRIC_REPRESENTATION_CONTEXT() REPRESENTATION_CONTEXT('2D SPACE',''
  ) );
#6567 = ORIENTED_EDGE('',*,*,#6568,.T.);
#6568 = EDGE_CURVE('',#6540,#6569,#6571,.T.);
#6569 = VERTEX_POINT('',#6570);
#6570 = CARTESIAN_POINT('',(4.355,-1.140316615925,13.986990920257));
#6571 = SURFACE_CURVE('',#6572,(#6577,#6601),.PCURVE_S1.);
#6572 = CIRCLE('',#6573,6.498872956057);
#6573 = AXIS2_PLACEMENT_3D('',#6574,#6575,#6576);
#6574 = CARTESIAN_POINT('',(4.828398620272,-9.175291628769E-02,
    7.590760967145));
#6575 = DIRECTION('',(-0.647716775677,0.758047818829,7.633140163198E-02)
  );
#6576 = DIRECTION('',(-0.760265892543,-0.649612017004,0.));
#6577 = PCURVE('',#5996,#6578);
#6578 = DEFINITIONAL_REPRESENTATION('',(#6579),#6600);
#6579 = B_SPLINE_CURVE_WITH_KNOTS('',7,(#6580,#6581,#6582,#6583,#6584,
    #6585,#6586,#6587,#6588,#6589,#6590,#6591,#6592,#6593,#6594,#6595,
    #6596,#6597,#6598,#6599),.UNSPECIFIED.,.F.,.F.,(8,6,6,8),(
    1.148339149755,1.291730869987,1.363426730103,1.435122590219),
  .UNSPECIFIED.);
#6580 = CARTESIAN_POINT('',(-4.060536637254,-1.138113686854));
#6581 = CARTESIAN_POINT('',(-4.071399565324,-1.158081744447));
#6582 = CARTESIAN_POINT('',(-4.083379411093,-1.177995374971));
#6583 = CARTESIAN_POINT('',(-4.096690219622,-1.197843962512));
#6584 = CARTESIAN_POINT('',(-4.111609108141,-1.217613760101));
#6585 = CARTESIAN_POINT('',(-4.128522973319,-1.237285243869));
#6586 = CARTESIAN_POINT('',(-4.147962506144,-1.256831748414));
#6587 = CARTESIAN_POINT('',(-4.18227890901,-1.285892602879));
#6588 = CARTESIAN_POINT('',(-4.194577288681,-1.295536398397));
#6589 = CARTESIAN_POINT('',(-4.207849219364,-1.305131096872));
#6590 = CARTESIAN_POINT('',(-4.222233494207,-1.314669357443));
#6591 = CARTESIAN_POINT('',(-4.237900108869,-1.324142126905));
#6592 = CARTESIAN_POINT('',(-4.255064713668,-1.333537695611));
#6593 = CARTESIAN_POINT('',(-4.292957558768,-1.352142548092));
#6594 = CARTESIAN_POINT('',(-4.313685880541,-1.361351827853));
#6595 = CARTESIAN_POINT('',(-4.336479775871,-1.370451993969));
#6596 = CARTESIAN_POINT('',(-4.361693491232,-1.379422764218));
#6597 = CARTESIAN_POINT('',(-4.38977019192,-1.388237680789));
#6598 = CARTESIAN_POINT('',(-4.421292165196,-1.396861125469));
#6599 = CARTESIAN_POINT('',(-4.457005008264,-1.405241395364));
#6600 = ( GEOMETRIC_REPRESENTATION_CONTEXT(2) 
PARAMETRIC_REPRESENTATION_CONTEXT() REPRESENTATION_CONTEXT('2D SPACE',''
  ) );
#6601 = PCURVE('',#6602,#6607);
#6602 = PLANE('',#6603);
#6603 = AXIS2_PLACEMENT_3D('',#6604,#6605,#6606);
#6604 = CARTESIAN_POINT('',(2.57110579107,-2.610898915041,
    13.453966502616));
#6605 = DIRECTION('',(-0.647716775677,0.758047818829,7.633140163198E-02)
  );
#6606 = DIRECTION('',(0.760265892543,0.649612017004,-1.387778780781E-17)
  );
#6607 = DEFINITIONAL_REPRESENTATION('',(#6608),#6612);
#6608 = CIRCLE('',#6609,6.498872956057);
#6609 = AXIS2_PLACEMENT_2D('',#6610,#6611);
#6610 = CARTESIAN_POINT('',(3.352610260902,5.88036147439));
#6611 = DIRECTION('',(-1.,4.159287501453E-17));
#6612 = ( GEOMETRIC_REPRESENTATION_CONTEXT(2) 
PARAMETRIC_REPRESENTATION_CONTEXT() REPRESENTATION_CONTEXT('2D SPACE',''
  ) );
#6613 = ORIENTED_EDGE('',*,*,#6614,.T.);
#6614 = EDGE_CURVE('',#6569,#6615,#6617,.T.);
#6615 = VERTEX_POINT('',#6616);
#6616 = CARTESIAN_POINT('',(4.75,-1.000845761008,14.022484547484));
#6617 = SURFACE_CURVE('',#6618,(#6623,#6636),.PCURVE_S1.);
#6618 = CIRCLE('',#6619,6.491541668948);
#6619 = AXIS2_PLACEMENT_3D('',#6620,#6621,#6622);
#6620 = CARTESIAN_POINT('',(4.862370166265,-0.310295741794,7.56875486176
    ));
#6621 = DIRECTION('',(-0.33898332763,0.93605880101,9.425616500203E-02));
#6622 = DIRECTION('',(-0.940244792048,-0.340499237924,0.));
#6623 = PCURVE('',#5996,#6624);
#6624 = DEFINITIONAL_REPRESENTATION('',(#6625),#6635);
#6625 = B_SPLINE_CURVE_WITH_KNOTS('',8,(#6626,#6627,#6628,#6629,#6630,
    #6631,#6632,#6633,#6634),.UNSPECIFIED.,.F.,.F.,(9,9),(1.449090390607
    ,1.532233995978),.PIECEWISE_BEZIER_KNOTS.);
#6626 = CARTESIAN_POINT('',(-4.360720744277,-1.381256448027));
#6627 = CARTESIAN_POINT('',(-4.402981379867,-1.387914965122));
#6628 = CARTESIAN_POINT('',(-4.448616073222,-1.394190985802));
#6629 = CARTESIAN_POINT('',(-4.497872949887,-1.400030788639));
#6630 = CARTESIAN_POINT('',(-4.550953798822,-1.405372746985));
#6631 = CARTESIAN_POINT('',(-4.607960560174,-1.410148219816));
#6632 = CARTESIAN_POINT('',(-4.668806335436,-1.414282528746));
#6633 = CARTESIAN_POINT('',(-4.733060393701,-1.417705814085));
#6634 = CARTESIAN_POINT('',(-4.800008829877,-1.420364024326));
#6635 = ( GEOMETRIC_REPRESENTATION_CONTEXT(2) 
PARAMETRIC_REPRESENTATION_CONTEXT() REPRESENTATION_CONTEXT('2D SPACE',''
  ) );
#6636 = PCURVE('',#6637,#6642);
#6637 = PLANE('',#6638);
#6638 = AXIS2_PLACEMENT_3D('',#6639,#6640,#6641);
#6639 = CARTESIAN_POINT('',(4.5525,-1.015121441712,13.453966502616));
#6640 = DIRECTION('',(-0.33898332763,0.93605880101,9.425616500203E-02));
#6641 = DIRECTION('',(0.940244792048,0.340499237924,3.469446951954E-18)
  );
#6642 = DEFINITIONAL_REPRESENTATION('',(#6643),#6647);
#6643 = CIRCLE('',#6644,6.491541668948);
#6644 = AXIS2_PLACEMENT_2D('',#6645,#6646);
#6645 = CARTESIAN_POINT('',(0.531346423733,5.911529905436));
#6646 = DIRECTION('',(-1.,2.764745322261E-17));
#6647 = ( GEOMETRIC_REPRESENTATION_CONTEXT(2) 
PARAMETRIC_REPRESENTATION_CONTEXT() REPRESENTATION_CONTEXT('2D SPACE',''
  ) );
#6648 = ORIENTED_EDGE('',*,*,#6649,.T.);
#6649 = EDGE_CURVE('',#6615,#6650,#6652,.T.);
#6650 = VERTEX_POINT('',#6651);
#6651 = CARTESIAN_POINT('',(5.145,-1.140316615925,13.986990920257));
#6652 = SURFACE_CURVE('',#6653,(#6658,#6671),.PCURVE_S1.);
#6653 = CIRCLE('',#6654,6.491541668948);
#6654 = AXIS2_PLACEMENT_3D('',#6655,#6656,#6657);
#6655 = CARTESIAN_POINT('',(4.637629833735,-0.310295741794,7.56875486176
    ));
#6656 = DIRECTION('',(0.33898332763,0.93605880101,9.425616500203E-02));
#6657 = DIRECTION('',(-0.940244792048,0.340499237924,-3.469446951954E-18
    ));
#6658 = PCURVE('',#5996,#6659);
#6659 = DEFINITIONAL_REPRESENTATION('',(#6660),#6670);
#6660 = B_SPLINE_CURVE_WITH_KNOTS('',8,(#6661,#6662,#6663,#6664,#6665,
    #6666,#6667,#6668,#6669),.UNSPECIFIED.,.F.,.F.,(9,9),(1.609358657612
    ,1.692502262983),.PIECEWISE_BEZIER_KNOTS.);
#6661 = CARTESIAN_POINT('',(-4.624769130892,-1.420364024326));
#6662 = CARTESIAN_POINT('',(-4.691717567068,-1.417705814085));
#6663 = CARTESIAN_POINT('',(-4.755971625323,-1.414282528745));
#6664 = CARTESIAN_POINT('',(-4.816817400611,-1.410148219817));
#6665 = CARTESIAN_POINT('',(-4.873824161888,-1.405372746984));
#6666 = CARTESIAN_POINT('',(-4.926905010889,-1.40003078864));
#6667 = CARTESIAN_POINT('',(-4.976161887535,-1.394190985802));
#6668 = CARTESIAN_POINT('',(-5.021796580902,-1.387914965122));
#6669 = CARTESIAN_POINT('',(-5.064057216492,-1.381256448027));
#6670 = ( GEOMETRIC_REPRESENTATION_CONTEXT(2) 
PARAMETRIC_REPRESENTATION_CONTEXT() REPRESENTATION_CONTEXT('2D SPACE',''
  ) );
#6671 = PCURVE('',#6672,#6677);
#6672 = PLANE('',#6673);
#6673 = AXIS2_PLACEMENT_3D('',#6674,#6675,#6676);
#6674 = CARTESIAN_POINT('',(4.9475,-1.015121441712,13.453966502616));
#6675 = DIRECTION('',(0.33898332763,0.93605880101,9.425616500203E-02));
#6676 = DIRECTION('',(0.940244792048,-0.340499237924,-3.469446951954E-18
    ));
#6677 = DEFINITIONAL_REPRESENTATION('',(#6678),#6682);
#6678 = CIRCLE('',#6679,6.491541668948);
#6679 = AXIS2_PLACEMENT_2D('',#6680,#6681);
#6680 = CARTESIAN_POINT('',(-0.531346423733,5.911529905436));
#6681 = DIRECTION('',(-1.,2.417800627066E-17));
#6682 = ( GEOMETRIC_REPRESENTATION_CONTEXT(2) 
PARAMETRIC_REPRESENTATION_CONTEXT() REPRESENTATION_CONTEXT('2D SPACE',''
  ) );
#6683 = ORIENTED_EDGE('',*,*,#6684,.T.);
#6684 = EDGE_CURVE('',#6650,#6685,#6687,.T.);
#6685 = VERTEX_POINT('',#6686);
#6686 = CARTESIAN_POINT('',(5.978363011664,-1.825136792565,
    13.716371473349));
#6687 = SURFACE_CURVE('',#6688,(#6693,#6717),.PCURVE_S1.);
#6688 = CIRCLE('',#6689,6.498872956057);
#6689 = AXIS2_PLACEMENT_3D('',#6690,#6691,#6692);
#6690 = CARTESIAN_POINT('',(4.671601379728,-9.175291628769E-02,
    7.590760967145));
#6691 = DIRECTION('',(0.647716775677,0.758047818829,7.633140163198E-02)
  );
#6692 = DIRECTION('',(-0.760265892543,0.649612017004,-6.938893903907E-18
    ));
#6693 = PCURVE('',#5996,#6694);
#6694 = DEFINITIONAL_REPRESENTATION('',(#6695),#6716);
#6695 = B_SPLINE_CURVE_WITH_KNOTS('',7,(#6696,#6697,#6698,#6699,#6700,
    #6701,#6702,#6703,#6704,#6705,#6706,#6707,#6708,#6709,#6710,#6711,
    #6712,#6713,#6714,#6715),.UNSPECIFIED.,.F.,.F.,(8,6,6,8),(
    1.70647006337,1.778165923487,1.885709713661,1.993253503835),
  .UNSPECIFIED.);
#6696 = CARTESIAN_POINT('',(-4.967772952506,-1.405241395364));
#6697 = CARTESIAN_POINT('',(-5.003485795574,-1.396861125469));
#6698 = CARTESIAN_POINT('',(-5.035007768849,-1.388237680789));
#6699 = CARTESIAN_POINT('',(-5.063084469535,-1.379422764218));
#6700 = CARTESIAN_POINT('',(-5.088298184902,-1.370451993968));
#6701 = CARTESIAN_POINT('',(-5.111092080228,-1.361351827854));
#6702 = CARTESIAN_POINT('',(-5.131820402001,-1.352142548092));
#6703 = CARTESIAN_POINT('',(-5.179186458376,-1.328886482491));
#6704 = CARTESIAN_POINT('',(-5.20359695062,-1.314723268611));
#6705 = CARTESIAN_POINT('',(-5.224956700351,-1.300404322605));
#6706 = CARTESIAN_POINT('',(-5.243876327289,-1.285961837718));
#6707 = CARTESIAN_POINT('',(-5.260800660019,-1.271419292218));
#6708 = CARTESIAN_POINT('',(-5.276060479004,-1.256793699439));
#6709 = CARTESIAN_POINT('',(-5.303764566622,-1.227402746957));
#6710 = CARTESIAN_POINT('',(-5.316208899289,-1.212637388601));
#6711 = CARTESIAN_POINT('',(-5.32750145097,-1.197815242156));
#6712 = CARTESIAN_POINT('',(-5.337824999763,-1.18294551539));
#6713 = CARTESIAN_POINT('',(-5.34731853419,-1.168035149609));
#6714 = CARTESIAN_POINT('',(-5.356094127463,-1.153089730049));
#6715 = CARTESIAN_POINT('',(-5.364241323515,-1.138113686854));
#6716 = ( GEOMETRIC_REPRESENTATION_CONTEXT(2) 
PARAMETRIC_REPRESENTATION_CONTEXT() REPRESENTATION_CONTEXT('2D SPACE',''
  ) );
#6717 = PCURVE('',#6718,#6723);
#6718 = PLANE('',#6719);
#6719 = AXIS2_PLACEMENT_3D('',#6720,#6721,#6722);
#6720 = CARTESIAN_POINT('',(6.92889420893,-2.610898915041,
    13.453966502616));
#6721 = DIRECTION('',(0.647716775677,0.758047818829,7.633140163198E-02)
  );
#6722 = DIRECTION('',(0.760265892543,-0.649612017004,1.387778780781E-17)
  );
#6723 = DEFINITIONAL_REPRESENTATION('',(#6724),#6728);
#6724 = CIRCLE('',#6725,6.498872956057);
#6725 = AXIS2_PLACEMENT_2D('',#6726,#6727);
#6726 = CARTESIAN_POINT('',(-3.352610260902,5.88036147439));
#6727 = DIRECTION('',(-1.,6.898405494991E-18));
#6728 = ( GEOMETRIC_REPRESENTATION_CONTEXT(2) 
PARAMETRIC_REPRESENTATION_CONTEXT() REPRESENTATION_CONTEXT('2D SPACE',''
  ) );
#6729 = ORIENTED_EDGE('',*,*,#6730,.F.);
#6730 = EDGE_CURVE('',#6731,#6685,#6733,.T.);
#6731 = VERTEX_POINT('',#6732);
#6732 = CARTESIAN_POINT('',(6.575136792565,-1.228363011664,
    13.716371473349));
#6733 = SURFACE_CURVE('',#6734,(#6739,#6746),.PCURVE_S1.);
#6734 = CIRCLE('',#6735,2.2);
#6735 = AXIS2_PLACEMENT_3D('',#6736,#6737,#6738);
#6736 = CARTESIAN_POINT('',(4.75,0.,13.716371473349));
#6737 = DIRECTION('',(7.E-17,0.,-1.));
#6738 = DIRECTION('',(1.,0.,7.E-17));
#6739 = PCURVE('',#5996,#6740);
#6740 = DEFINITIONAL_REPRESENTATION('',(#6741),#6745);
#6741 = LINE('',#6742,#6743);
#6742 = CARTESIAN_POINT('',(-6.28318530718,-1.225514867309));
#6743 = VECTOR('',#6744,1.);
#6744 = DIRECTION('',(1.,-0.));
#6745 = ( GEOMETRIC_REPRESENTATION_CONTEXT(2) 
PARAMETRIC_REPRESENTATION_CONTEXT() REPRESENTATION_CONTEXT('2D SPACE',''
  ) );
#6746 = PCURVE('',#6747,#6752);
#6747 = CONICAL_SURFACE('',#6748,2.748439768859,0.462512251778);
#6748 = AXIS2_PLACEMENT_3D('',#6749,#6750,#6751);
#6749 = CARTESIAN_POINT('',(4.75,0.,14.816371473349));
#6750 = DIRECTION('',(0.,0.,1.));
#6751 = DIRECTION('',(1.,0.,0.));
#6752 = DEFINITIONAL_REPRESENTATION('',(#6753),#6757);
#6753 = LINE('',#6754,#6755);
#6754 = CARTESIAN_POINT('',(6.28318530718,-1.1));
#6755 = VECTOR('',#6756,1.);
#6756 = DIRECTION('',(-1.,-0.));
#6757 = ( GEOMETRIC_REPRESENTATION_CONTEXT(2) 
PARAMETRIC_REPRESENTATION_CONTEXT() REPRESENTATION_CONTEXT('2D SPACE',''
  ) );
#6758 = ORIENTED_EDGE('',*,*,#6759,.T.);
#6759 = EDGE_CURVE('',#6731,#5985,#6760,.T.);
#6760 = SURFACE_CURVE('',#6761,(#6766,#6790),.PCURVE_S1.);
#6761 = CIRCLE('',#6762,6.498872956057);
#6762 = AXIS2_PLACEMENT_3D('',#6763,#6764,#6765);
#6763 = CARTESIAN_POINT('',(4.841752916288,7.839862027248E-02,
    7.590760967145));
#6764 = DIRECTION('',(-0.758047818829,-0.647716775677,7.633140163198E-02
    ));
#6765 = DIRECTION('',(0.649612017004,-0.760265892543,0.));
#6766 = PCURVE('',#5996,#6767);
#6767 = DEFINITIONAL_REPRESENTATION('',(#6768),#6789);
#6768 = B_SPLINE_CURVE_WITH_KNOTS('',7,(#6769,#6770,#6771,#6772,#6773,
    #6774,#6775,#6776,#6777,#6778,#6779,#6780,#6781,#6782,#6783,#6784,
    #6785,#6786,#6787,#6788),.UNSPECIFIED.,.F.,.F.,(8,6,6,8),(
    1.148339149755,1.291730869987,1.363426730103,1.435122590219),
  .UNSPECIFIED.);
#6769 = CARTESIAN_POINT('',(-5.631332964049,-1.138113686854));
#6770 = CARTESIAN_POINT('',(-5.642195892119,-1.158081744447));
#6771 = CARTESIAN_POINT('',(-5.654175737889,-1.177995374971));
#6772 = CARTESIAN_POINT('',(-5.667486546415,-1.197843962512));
#6773 = CARTESIAN_POINT('',(-5.682405434938,-1.217613760101));
#6774 = CARTESIAN_POINT('',(-5.699319300113,-1.237285243869));
#6775 = CARTESIAN_POINT('',(-5.718758832939,-1.256831748414));
#6776 = CARTESIAN_POINT('',(-5.753075235805,-1.285892602879));
#6777 = CARTESIAN_POINT('',(-5.765373615475,-1.295536398397));
#6778 = CARTESIAN_POINT('',(-5.778645546159,-1.305131096872));
#6779 = CARTESIAN_POINT('',(-5.793029821002,-1.314669357443));
#6780 = CARTESIAN_POINT('',(-5.808696435663,-1.324142126905));
#6781 = CARTESIAN_POINT('',(-5.825861040463,-1.333537695611));
#6782 = CARTESIAN_POINT('',(-5.863753885563,-1.352142548092));
#6783 = CARTESIAN_POINT('',(-5.884482207337,-1.361351827853));
#6784 = CARTESIAN_POINT('',(-5.907276102661,-1.370451993968));
#6785 = CARTESIAN_POINT('',(-5.932489818031,-1.379422764218));
#6786 = CARTESIAN_POINT('',(-5.960566518715,-1.388237680789));
#6787 = CARTESIAN_POINT('',(-5.992088491991,-1.396861125469));
#6788 = CARTESIAN_POINT('',(-6.027801335059,-1.405241395364));
#6789 = ( GEOMETRIC_REPRESENTATION_CONTEXT(2) 
PARAMETRIC_REPRESENTATION_CONTEXT() REPRESENTATION_CONTEXT('2D SPACE',''
  ) );
#6790 = PCURVE('',#6791,#6796);
#6791 = PLANE('',#6792);
#6792 = AXIS2_PLACEMENT_3D('',#6793,#6794,#6795);
#6793 = CARTESIAN_POINT('',(7.360898915041,-2.17889420893,
    13.453966502616));
#6794 = DIRECTION('',(-0.758047818829,-0.647716775677,7.633140163198E-02
    ));
#6795 = DIRECTION('',(-0.649612017004,0.760265892543,-1.387778780781E-17
    ));
#6796 = DEFINITIONAL_REPRESENTATION('',(#6797),#6801);
#6797 = CIRCLE('',#6798,6.498872956057);
#6798 = AXIS2_PLACEMENT_2D('',#6799,#6800);
#6799 = CARTESIAN_POINT('',(3.352610260902,5.88036147439));
#6800 = DIRECTION('',(-1.,2.079643750726E-17));
#6801 = ( GEOMETRIC_REPRESENTATION_CONTEXT(2) 
PARAMETRIC_REPRESENTATION_CONTEXT() REPRESENTATION_CONTEXT('2D SPACE',''
  ) );
#6802 = ADVANCED_FACE('',(#6803),#6013,.T.);
#6803 = FACE_BOUND('',#6804,.T.);
#6804 = EDGE_LOOP('',(#6805,#6828,#6829,#6852));
#6805 = ORIENTED_EDGE('',*,*,#6806,.F.);
#6806 = EDGE_CURVE('',#5985,#6807,#6809,.T.);
#6807 = VERTEX_POINT('',#6808);
#6808 = CARTESIAN_POINT('',(5.640868365168,-0.395,11.509718154986));
#6809 = SURFACE_CURVE('',#6810,(#6814,#6821),.PCURVE_S1.);
#6810 = LINE('',#6811,#6812);
#6811 = CARTESIAN_POINT('',(6.084595021906,-0.395,15.916371473349));
#6812 = VECTOR('',#6813,1.);
#6813 = DIRECTION('',(-0.100188061612,0.,-0.994968518251));
#6814 = PCURVE('',#6013,#6815);
#6815 = DEFINITIONAL_REPRESENTATION('',(#6816),#6820);
#6816 = LINE('',#6817,#6818);
#6817 = CARTESIAN_POINT('',(-0.294478857022,-2.473416677614));
#6818 = VECTOR('',#6819,1.);
#6819 = DIRECTION('',(3.411395862797E-02,0.999417949522));
#6820 = ( GEOMETRIC_REPRESENTATION_CONTEXT(2) 
PARAMETRIC_REPRESENTATION_CONTEXT() REPRESENTATION_CONTEXT('2D SPACE',''
  ) );
#6821 = PCURVE('',#6791,#6822);
#6822 = DEFINITIONAL_REPRESENTATION('',(#6823),#6827);
#6823 = LINE('',#6824,#6825);
#6824 = CARTESIAN_POINT('',(2.185336269284,-2.469610051471));
#6825 = VECTOR('',#6826,1.);
#6826 = DIRECTION('',(6.50833687835E-02,0.997879829993));
#6827 = ( GEOMETRIC_REPRESENTATION_CONTEXT(2) 
PARAMETRIC_REPRESENTATION_CONTEXT() REPRESENTATION_CONTEXT('2D SPACE',''
  ) );
#6828 = ORIENTED_EDGE('',*,*,#5984,.T.);
#6829 = ORIENTED_EDGE('',*,*,#6830,.T.);
#6830 = EDGE_CURVE('',#5987,#6831,#6833,.T.);
#6831 = VERTEX_POINT('',#6832);
#6832 = CARTESIAN_POINT('',(5.485,0.,11.382367964155));
#6833 = SURFACE_CURVE('',#6834,(#6838,#6845),.PCURVE_S1.);
#6834 = LINE('',#6835,#6836);
#6835 = CARTESIAN_POINT('',(5.941550146659,0.,15.916371473349));
#6836 = VECTOR('',#6837,1.);
#6837 = DIRECTION('',(-0.100188061612,0.,-0.994968518251));
#6838 = PCURVE('',#6013,#6839);
#6839 = DEFINITIONAL_REPRESENTATION('',(#6840),#6844);
#6840 = LINE('',#6841,#6842);
#6841 = CARTESIAN_POINT('',(0.125624506847,-2.473416677614));
#6842 = VECTOR('',#6843,1.);
#6843 = DIRECTION('',(3.411395862797E-02,0.999417949522));
#6844 = ( GEOMETRIC_REPRESENTATION_CONTEXT(2) 
PARAMETRIC_REPRESENTATION_CONTEXT() REPRESENTATION_CONTEXT('2D SPACE',''
  ) );
#6845 = PCURVE('',#6099,#6846);
#6846 = DEFINITIONAL_REPRESENTATION('',(#6847),#6851);
#6847 = LINE('',#6848,#6849);
#6848 = CARTESIAN_POINT('',(-0.125624506847,-2.473416677614));
#6849 = VECTOR('',#6850,1.);
#6850 = DIRECTION('',(-3.411395862797E-02,0.999417949522));
#6851 = ( GEOMETRIC_REPRESENTATION_CONTEXT(2) 
PARAMETRIC_REPRESENTATION_CONTEXT() REPRESENTATION_CONTEXT('2D SPACE',''
  ) );
#6852 = ORIENTED_EDGE('',*,*,#6853,.F.);
#6853 = EDGE_CURVE('',#6807,#6831,#6854,.T.);
#6854 = SURFACE_CURVE('',#6855,(#6860,#6867),.PCURVE_S1.);
#6855 = HYPERBOLA('',#6856,0.350222911598,0.654909647025);
#6856 = AXIS2_PLACEMENT_3D('',#6857,#6858,#6859);
#6857 = CARTESIAN_POINT('',(5.366557125368,0.223279334382,
    11.009113615693));
#6858 = DIRECTION('',(-0.93605880101,-0.33898332763,9.425616500203E-02)
  );
#6859 = DIRECTION('',(8.862386826157E-02,3.209415235281E-02,
    0.995547977427));
#6860 = PCURVE('',#6013,#6861);
#6861 = DEFINITIONAL_REPRESENTATION('',(#6862),#6866);
#6862 = HYPERBOLA('',#6863,0.350222911598,0.654909647025);
#6863 = AXIS2_PLACEMENT_2D('',#6864,#6865);
#6864 = CARTESIAN_POINT('',(0.531346423733,2.455786102084));
#6865 = DIRECTION('',(-6.954339960053E-18,-1.));
#6866 = ( GEOMETRIC_REPRESENTATION_CONTEXT(2) 
PARAMETRIC_REPRESENTATION_CONTEXT() REPRESENTATION_CONTEXT('2D SPACE',''
  ) );
#6867 = PCURVE('',#6868,#6873);
#6868 = CONICAL_SURFACE('',#6869,1.145,1.082104136236);
#6869 = AXIS2_PLACEMENT_3D('',#6870,#6871,#6872);
#6870 = CARTESIAN_POINT('',(4.75,0.,11.600368831136));
#6871 = DIRECTION('',(0.,0.,1.));
#6872 = DIRECTION('',(1.,0.,0.));
#6873 = DEFINITIONAL_REPRESENTATION('',(#6874),#6883);
#6874 = B_SPLINE_CURVE_WITH_KNOTS('',7,(#6875,#6876,#6877,#6878,#6879,
    #6880,#6881,#6882),.UNSPECIFIED.,.F.,.F.,(8,8),(-1.109111310911,
    -0.373401784931),.PIECEWISE_BEZIER_KNOTS.);
#6875 = CARTESIAN_POINT('',(5.73694902799,-5.236075069836E-03));
#6876 = CARTESIAN_POINT('',(5.797585728976,-5.474004881714E-02));
#6877 = CARTESIAN_POINT('',(5.864024555725,-9.66917929864E-02));
#6878 = CARTESIAN_POINT('',(5.936536583506,-0.131984460059));
#6879 = CARTESIAN_POINT('',(6.015204616415,-0.161306874177));
#6880 = CARTESIAN_POINT('',(6.099802539285,-0.185183572808));
#6881 = CARTESIAN_POINT('',(6.189536470256,-0.203997348029));
#6882 = CARTESIAN_POINT('',(6.28318530718,-0.218000866981));
#6883 = ( GEOMETRIC_REPRESENTATION_CONTEXT(2) 
PARAMETRIC_REPRESENTATION_CONTEXT() REPRESENTATION_CONTEXT('2D SPACE',''
  ) );
#6884 = ADVANCED_FACE('',(#6885),#6791,.T.);
#6885 = FACE_BOUND('',#6886,.T.);
#6886 = EDGE_LOOP('',(#6887,#6916,#6917,#6918));
#6887 = ORIENTED_EDGE('',*,*,#6888,.F.);
#6888 = EDGE_CURVE('',#6731,#6889,#6891,.T.);
#6889 = VERTEX_POINT('',#6890);
#6890 = CARTESIAN_POINT('',(5.765101266841,-0.529711636702,
    11.600368831136));
#6891 = SURFACE_CURVE('',#6892,(#6897,#6904),.PCURVE_S1.);
#6892 = HYPERBOLA('',#6893,0.518803557914,0.254852851795);
#6893 = AXIS2_PLACEMENT_3D('',#6894,#6895,#6896);
#6894 = CARTESIAN_POINT('',(4.946081130525,0.167542250607,9.383281438826
    ));
#6895 = DIRECTION('',(-0.758047818829,-0.647716775677,7.633140163198E-02
    ));
#6896 = DIRECTION('',(5.803216119081E-02,4.958579577486E-02,
    0.997082502667));
#6897 = PCURVE('',#6791,#6898);
#6898 = DEFINITIONAL_REPRESENTATION('',(#6899),#6903);
#6899 = HYPERBOLA('',#6900,0.518803557914,0.254852851795);
#6900 = AXIS2_PLACEMENT_2D('',#6901,#6902);
#6901 = CARTESIAN_POINT('',(3.352610260902,4.08259602681));
#6902 = DIRECTION('',(-2.077619330281E-17,-1.));
#6903 = ( GEOMETRIC_REPRESENTATION_CONTEXT(2) 
PARAMETRIC_REPRESENTATION_CONTEXT() REPRESENTATION_CONTEXT('2D SPACE',''
  ) );
#6904 = PCURVE('',#6747,#6905);
#6905 = DEFINITIONAL_REPRESENTATION('',(#6906),#6915);
#6906 = B_SPLINE_CURVE_WITH_KNOTS('',7,(#6907,#6908,#6909,#6910,#6911,
    #6912,#6913,#6914),.UNSPECIFIED.,.F.,.F.,(8,8),(-3.042532923046,
    -2.134597207417),.PIECEWISE_BEZIER_KNOTS.);
#6907 = CARTESIAN_POINT('',(5.667159944421,-7.069981456656E-16));
#6908 = CARTESIAN_POINT('',(5.67918702814,-0.701498128582));
#6909 = CARTESIAN_POINT('',(5.692999729098,-1.29635934637));
#6910 = CARTESIAN_POINT('',(5.708908408179,-1.803859067971));
#6911 = CARTESIAN_POINT('',(5.727287597041,-2.238880022435));
#6912 = CARTESIAN_POINT('',(5.74858747501,-2.613225801562));
#6913 = CARTESIAN_POINT('',(5.773355943368,-2.936371929625));
#6914 = CARTESIAN_POINT('',(5.802225563627,-3.216002642213));
#6915 = ( GEOMETRIC_REPRESENTATION_CONTEXT(2) 
PARAMETRIC_REPRESENTATION_CONTEXT() REPRESENTATION_CONTEXT('2D SPACE',''
  ) );
#6916 = ORIENTED_EDGE('',*,*,#6759,.T.);
#6917 = ORIENTED_EDGE('',*,*,#6806,.T.);
#6918 = ORIENTED_EDGE('',*,*,#6919,.F.);
#6919 = EDGE_CURVE('',#6889,#6807,#6920,.T.);
#6920 = SURFACE_CURVE('',#6921,(#6926,#6933),.PCURVE_S1.);
#6921 = HYPERBOLA('',#6922,0.203528734064,0.381348792359);
#6922 = AXIS2_PLACEMENT_3D('',#6923,#6924,#6925);
#6923 = CARTESIAN_POINT('',(5.040166966654,0.247934242907,
    10.999821974765));
#6924 = DIRECTION('',(-0.758047818829,-0.647716775677,7.633140163198E-02
    ));
#6925 = DIRECTION('',(5.803216119081E-02,4.958579577486E-02,
    0.997082502667));
#6926 = PCURVE('',#6791,#6927);
#6927 = DEFINITIONAL_REPRESENTATION('',(#6928),#6932);
#6928 = HYPERBOLA('',#6929,0.203528734064,0.381348792359);
#6929 = AXIS2_PLACEMENT_2D('',#6930,#6931);
#6930 = CARTESIAN_POINT('',(3.352610260902,2.461325438252));
#6931 = DIRECTION('',(-2.077619330281E-17,-1.));
#6932 = ( GEOMETRIC_REPRESENTATION_CONTEXT(2) 
PARAMETRIC_REPRESENTATION_CONTEXT() REPRESENTATION_CONTEXT('2D SPACE',''
  ) );
#6933 = PCURVE('',#6868,#6934);
#6934 = DEFINITIONAL_REPRESENTATION('',(#6935),#6943);
#6935 = B_SPLINE_CURVE_WITH_KNOTS('',6,(#6936,#6937,#6938,#6939,#6940,
    #6941,#6942),.UNSPECIFIED.,.F.,.F.,(7,7),(-1.748249181547,
    -0.810383326292),.PIECEWISE_BEZIER_KNOTS.);
#6936 = CARTESIAN_POINT('',(5.802225563627,1.079784594408E-16));
#6937 = CARTESIAN_POINT('',(5.85428582728,-8.835012969284E-02));
#6938 = CARTESIAN_POINT('',(5.915412172944,-0.159092640263));
#6939 = CARTESIAN_POINT('',(5.987294022965,-0.216111182728));
#6940 = CARTESIAN_POINT('',(6.071774237204,-0.262008056099));
#6941 = CARTESIAN_POINT('',(6.170616728113,-0.298634939141));
#6942 = CARTESIAN_POINT('',(6.28318530718,-0.327248548349));
#6943 = ( GEOMETRIC_REPRESENTATION_CONTEXT(2) 
PARAMETRIC_REPRESENTATION_CONTEXT() REPRESENTATION_CONTEXT('2D SPACE',''
  ) );
#6944 = ADVANCED_FACE('',(#6945),#6747,.F.);
#6945 = FACE_BOUND('',#6946,.T.);
#6946 = EDGE_LOOP('',(#6947,#6971,#6998,#6999));
#6947 = ORIENTED_EDGE('',*,*,#6948,.F.);
#6948 = EDGE_CURVE('',#6949,#6889,#6951,.T.);
#6949 = VERTEX_POINT('',#6950);
#6950 = CARTESIAN_POINT('',(5.279711636702,-1.015101266841,
    11.600368831136));
#6951 = SURFACE_CURVE('',#6952,(#6957,#6964),.PCURVE_S1.);
#6952 = CIRCLE('',#6953,1.145);
#6953 = AXIS2_PLACEMENT_3D('',#6954,#6955,#6956);
#6954 = CARTESIAN_POINT('',(4.75,0.,11.600368831136));
#6955 = DIRECTION('',(0.,0.,1.));
#6956 = DIRECTION('',(1.,0.,0.));
#6957 = PCURVE('',#6747,#6958);
#6958 = DEFINITIONAL_REPRESENTATION('',(#6959),#6963);
#6959 = LINE('',#6960,#6961);
#6960 = CARTESIAN_POINT('',(0.,-3.216002642213));
#6961 = VECTOR('',#6962,1.);
#6962 = DIRECTION('',(1.,-0.));
#6963 = ( GEOMETRIC_REPRESENTATION_CONTEXT(2) 
PARAMETRIC_REPRESENTATION_CONTEXT() REPRESENTATION_CONTEXT('2D SPACE',''
  ) );
#6964 = PCURVE('',#6868,#6965);
#6965 = DEFINITIONAL_REPRESENTATION('',(#6966),#6970);
#6966 = LINE('',#6967,#6968);
#6967 = CARTESIAN_POINT('',(0.,-0.));
#6968 = VECTOR('',#6969,1.);
#6969 = DIRECTION('',(1.,-0.));
#6970 = ( GEOMETRIC_REPRESENTATION_CONTEXT(2) 
PARAMETRIC_REPRESENTATION_CONTEXT() REPRESENTATION_CONTEXT('2D SPACE',''
  ) );
#6971 = ORIENTED_EDGE('',*,*,#6972,.T.);
#6972 = EDGE_CURVE('',#6949,#6685,#6973,.T.);
#6973 = SURFACE_CURVE('',#6974,(#6979,#6991),.PCURVE_S1.);
#6974 = HYPERBOLA('',#6975,0.518803557914,0.254852851795);
#6975 = AXIS2_PLACEMENT_3D('',#6976,#6977,#6978);
#6976 = CARTESIAN_POINT('',(4.582457749393,-0.196081130525,
    9.383281438826));
#6977 = DIRECTION('',(0.647716775677,0.758047818829,7.633140163198E-02)
  );
#6978 = DIRECTION('',(-4.958579577486E-02,-5.803216119081E-02,
    0.997082502667));
#6979 = PCURVE('',#6747,#6980);
#6980 = DEFINITIONAL_REPRESENTATION('',(#6981),#6990);
#6981 = B_SPLINE_CURVE_WITH_KNOTS('',7,(#6982,#6983,#6984,#6985,#6986,
    #6987,#6988,#6989),.UNSPECIFIED.,.F.,.F.,(8,8),(2.134597207417,
    3.042532923046),.PIECEWISE_BEZIER_KNOTS.);
#6982 = CARTESIAN_POINT('',(5.193348723937,-3.216002642213));
#6983 = CARTESIAN_POINT('',(5.222218344196,-2.936371929625));
#6984 = CARTESIAN_POINT('',(5.246986812554,-2.613225801562));
#6985 = CARTESIAN_POINT('',(5.268286690522,-2.238880022435));
#6986 = CARTESIAN_POINT('',(5.286665879387,-1.803859067972));
#6987 = CARTESIAN_POINT('',(5.302574558466,-1.29635934637));
#6988 = CARTESIAN_POINT('',(5.316387259424,-0.701498128582));
#6989 = CARTESIAN_POINT('',(5.328414343143,1.030964384566E-14));
#6990 = ( GEOMETRIC_REPRESENTATION_CONTEXT(2) 
PARAMETRIC_REPRESENTATION_CONTEXT() REPRESENTATION_CONTEXT('2D SPACE',''
  ) );
#6991 = PCURVE('',#6718,#6992);
#6992 = DEFINITIONAL_REPRESENTATION('',(#6993),#6997);
#6993 = HYPERBOLA('',#6994,0.518803557914,0.254852851795);
#6994 = AXIS2_PLACEMENT_2D('',#6995,#6996);
#6995 = CARTESIAN_POINT('',(-3.352610260902,4.08259602681));
#6996 = DIRECTION('',(-2.085717012064E-17,-1.));
#6997 = ( GEOMETRIC_REPRESENTATION_CONTEXT(2) 
PARAMETRIC_REPRESENTATION_CONTEXT() REPRESENTATION_CONTEXT('2D SPACE',''
  ) );
#6998 = ORIENTED_EDGE('',*,*,#6730,.F.);
#6999 = ORIENTED_EDGE('',*,*,#6888,.T.);
#7000 = ADVANCED_FACE('',(#7001),#6718,.T.);
#7001 = FACE_BOUND('',#7002,.T.);
#7002 = EDGE_LOOP('',(#7003,#7026,#7027,#7028));
#7003 = ORIENTED_EDGE('',*,*,#7004,.F.);
#7004 = EDGE_CURVE('',#6650,#7005,#7007,.T.);
#7005 = VERTEX_POINT('',#7006);
#7006 = CARTESIAN_POINT('',(5.145,-0.890868365168,11.509718154986));
#7007 = SURFACE_CURVE('',#7008,(#7012,#7019),.PCURVE_S1.);
#7008 = LINE('',#7009,#7010);
#7009 = CARTESIAN_POINT('',(5.145,-1.334595021906,15.916371473349));
#7010 = VECTOR('',#7011,1.);
#7011 = DIRECTION('',(0.,0.100188061612,-0.994968518251));
#7012 = PCURVE('',#6718,#7013);
#7013 = DEFINITIONAL_REPRESENTATION('',(#7014),#7018);
#7014 = LINE('',#7015,#7016);
#7015 = CARTESIAN_POINT('',(-2.185336269284,-2.469610051471));
#7016 = VECTOR('',#7017,1.);
#7017 = DIRECTION('',(-6.50833687835E-02,0.997879829993));
#7018 = ( GEOMETRIC_REPRESENTATION_CONTEXT(2) 
PARAMETRIC_REPRESENTATION_CONTEXT() REPRESENTATION_CONTEXT('2D SPACE',''
  ) );
#7019 = PCURVE('',#6672,#7020);
#7020 = DEFINITIONAL_REPRESENTATION('',(#7021),#7025);
#7021 = LINE('',#7022,#7023);
#7022 = CARTESIAN_POINT('',(0.294478857022,-2.473416677614));
#7023 = VECTOR('',#7024,1.);
#7024 = DIRECTION('',(-3.411395862797E-02,0.999417949522));
#7025 = ( GEOMETRIC_REPRESENTATION_CONTEXT(2) 
PARAMETRIC_REPRESENTATION_CONTEXT() REPRESENTATION_CONTEXT('2D SPACE',''
  ) );
#7026 = ORIENTED_EDGE('',*,*,#6684,.T.);
#7027 = ORIENTED_EDGE('',*,*,#6972,.F.);
#7028 = ORIENTED_EDGE('',*,*,#7029,.F.);
#7029 = EDGE_CURVE('',#7005,#6949,#7030,.T.);
#7030 = SURFACE_CURVE('',#7031,(#7036,#7043),.PCURVE_S1.);
#7031 = HYPERBOLA('',#7032,0.203528734064,0.381348792359);
#7032 = AXIS2_PLACEMENT_3D('',#7033,#7034,#7035);
#7033 = CARTESIAN_POINT('',(4.502065757093,-0.290166966654,
    10.999821974765));
#7034 = DIRECTION('',(0.647716775677,0.758047818829,7.633140163198E-02)
  );
#7035 = DIRECTION('',(-4.958579577486E-02,-5.803216119081E-02,
    0.997082502667));
#7036 = PCURVE('',#6718,#7037);
#7037 = DEFINITIONAL_REPRESENTATION('',(#7038),#7042);
#7038 = HYPERBOLA('',#7039,0.203528734064,0.381348792359);
#7039 = AXIS2_PLACEMENT_2D('',#7040,#7041);
#7040 = CARTESIAN_POINT('',(-3.352610260902,2.461325438252));
#7041 = DIRECTION('',(-2.085717012064E-17,-1.));
#7042 = ( GEOMETRIC_REPRESENTATION_CONTEXT(2) 
PARAMETRIC_REPRESENTATION_CONTEXT() REPRESENTATION_CONTEXT('2D SPACE',''
  ) );
#7043 = PCURVE('',#6868,#7044);
#7044 = DEFINITIONAL_REPRESENTATION('',(#7045),#7053);
#7045 = B_SPLINE_CURVE_WITH_KNOTS('',6,(#7046,#7047,#7048,#7049,#7050,
    #7051,#7052),.UNSPECIFIED.,.F.,.F.,(7,7),(0.80968519384,
    1.748249181547),.PIECEWISE_BEZIER_KNOTS.);
#7046 = CARTESIAN_POINT('',(4.711886100712,-0.327376278856));
#7047 = CARTESIAN_POINT('',(4.824589602537,-0.298771209243));
#7048 = CARTESIAN_POINT('',(4.923548447007,-0.262144681271));
#7049 = CARTESIAN_POINT('',(5.008119742125,-0.216238488484));
#7050 = CARTESIAN_POINT('',(5.080071100104,-0.159197950595));
#7051 = CARTESIAN_POINT('',(5.141249707451,-8.841589612661E-02));
#7052 = CARTESIAN_POINT('',(5.193348723937,1.783991938586E-15));
#7053 = ( GEOMETRIC_REPRESENTATION_CONTEXT(2) 
PARAMETRIC_REPRESENTATION_CONTEXT() REPRESENTATION_CONTEXT('2D SPACE',''
  ) );
#7054 = ADVANCED_FACE('',(#7055),#6672,.T.);
#7055 = FACE_BOUND('',#7056,.T.);
#7056 = EDGE_LOOP('',(#7057,#7080,#7081,#7082));
#7057 = ORIENTED_EDGE('',*,*,#7058,.F.);
#7058 = EDGE_CURVE('',#6615,#7059,#7061,.T.);
#7059 = VERTEX_POINT('',#7060);
#7060 = CARTESIAN_POINT('',(4.75,-0.735,11.382367964155));
#7061 = SURFACE_CURVE('',#7062,(#7066,#7073),.PCURVE_S1.);
#7062 = LINE('',#7063,#7064);
#7063 = CARTESIAN_POINT('',(4.75,-1.191550146659,15.916371473349));
#7064 = VECTOR('',#7065,1.);
#7065 = DIRECTION('',(0.,0.100188061612,-0.994968518251));
#7066 = PCURVE('',#6672,#7067);
#7067 = DEFINITIONAL_REPRESENTATION('',(#7068),#7072);
#7068 = LINE('',#7069,#7070);
#7069 = CARTESIAN_POINT('',(-0.125624506847,-2.473416677614));
#7070 = VECTOR('',#7071,1.);
#7071 = DIRECTION('',(-3.411395862797E-02,0.999417949522));
#7072 = ( GEOMETRIC_REPRESENTATION_CONTEXT(2) 
PARAMETRIC_REPRESENTATION_CONTEXT() REPRESENTATION_CONTEXT('2D SPACE',''
  ) );
#7073 = PCURVE('',#6637,#7074);
#7074 = DEFINITIONAL_REPRESENTATION('',(#7075),#7079);
#7075 = LINE('',#7076,#7077);
#7076 = CARTESIAN_POINT('',(0.125624506847,-2.473416677614));
#7077 = VECTOR('',#7078,1.);
#7078 = DIRECTION('',(3.411395862797E-02,0.999417949522));
#7079 = ( GEOMETRIC_REPRESENTATION_CONTEXT(2) 
PARAMETRIC_REPRESENTATION_CONTEXT() REPRESENTATION_CONTEXT('2D SPACE',''
  ) );
#7080 = ORIENTED_EDGE('',*,*,#6649,.T.);
#7081 = ORIENTED_EDGE('',*,*,#7004,.T.);
#7082 = ORIENTED_EDGE('',*,*,#7083,.F.);
#7083 = EDGE_CURVE('',#7059,#7005,#7084,.T.);
#7084 = SURFACE_CURVE('',#7085,(#7090,#7097),.PCURVE_S1.);
#7085 = HYPERBOLA('',#7086,0.350222911598,0.654909647025);
#7086 = AXIS2_PLACEMENT_3D('',#7087,#7088,#7089);
#7087 = CARTESIAN_POINT('',(4.526720665618,-0.616557125368,
    11.009113615693));
#7088 = DIRECTION('',(0.33898332763,0.93605880101,9.425616500203E-02));
#7089 = DIRECTION('',(-3.209415235281E-02,-8.862386826157E-02,
    0.995547977427));
#7090 = PCURVE('',#6672,#7091);
#7091 = DEFINITIONAL_REPRESENTATION('',(#7092),#7096);
#7092 = HYPERBOLA('',#7093,0.350222911598,0.654909647025);
#7093 = AXIS2_PLACEMENT_2D('',#7094,#7095);
#7094 = CARTESIAN_POINT('',(-0.531346423733,2.455786102084));
#7095 = DIRECTION('',(-2.774012955948E-17,-1.));
#7096 = ( GEOMETRIC_REPRESENTATION_CONTEXT(2) 
PARAMETRIC_REPRESENTATION_CONTEXT() REPRESENTATION_CONTEXT('2D SPACE',''
  ) );
#7097 = PCURVE('',#6868,#7098);
#7098 = DEFINITIONAL_REPRESENTATION('',(#7099),#7108);
#7099 = B_SPLINE_CURVE_WITH_KNOTS('',7,(#7100,#7101,#7102,#7103,#7104,
    #7105,#7106,#7107),.UNSPECIFIED.,.F.,.F.,(8,8),(0.268511940614,
    1.109111310911),.PIECEWISE_BEZIER_KNOTS.);
#7100 = CARTESIAN_POINT('',(4.617387357453,-0.229946710945));
#7101 = CARTESIAN_POINT('',(4.727761500025,-0.218568668157));
#7102 = CARTESIAN_POINT('',(4.834268235311,-0.201111981153));
#7103 = CARTESIAN_POINT('',(4.934755193151,-0.177308623479));
#7104 = CARTESIAN_POINT('',(5.027652640307,-0.146675968343));
#7105 = CARTESIAN_POINT('',(5.11248745113,-0.108500378213));
#7106 = CARTESIAN_POINT('',(5.189343605789,-6.179781267098E-02));
#7107 = CARTESIAN_POINT('',(5.258625259575,-5.236075069836E-03));
#7108 = ( GEOMETRIC_REPRESENTATION_CONTEXT(2) 
PARAMETRIC_REPRESENTATION_CONTEXT() REPRESENTATION_CONTEXT('2D SPACE',''
  ) );
#7109 = ADVANCED_FACE('',(#7110),#6637,.T.);
#7110 = FACE_BOUND('',#7111,.T.);
#7111 = EDGE_LOOP('',(#7112,#7135,#7136,#7137));
#7112 = ORIENTED_EDGE('',*,*,#7113,.F.);
#7113 = EDGE_CURVE('',#6569,#7114,#7116,.T.);
#7114 = VERTEX_POINT('',#7115);
#7115 = CARTESIAN_POINT('',(4.355,-0.890868365168,11.509718154986));
#7116 = SURFACE_CURVE('',#7117,(#7121,#7128),.PCURVE_S1.);
#7117 = LINE('',#7118,#7119);
#7118 = CARTESIAN_POINT('',(4.355,-1.334595021906,15.916371473349));
#7119 = VECTOR('',#7120,1.);
#7120 = DIRECTION('',(0.,0.100188061612,-0.994968518251));
#7121 = PCURVE('',#6637,#7122);
#7122 = DEFINITIONAL_REPRESENTATION('',(#7123),#7127);
#7123 = LINE('',#7124,#7125);
#7124 = CARTESIAN_POINT('',(-0.294478857022,-2.473416677614));
#7125 = VECTOR('',#7126,1.);
#7126 = DIRECTION('',(3.411395862797E-02,0.999417949522));
#7127 = ( GEOMETRIC_REPRESENTATION_CONTEXT(2) 
PARAMETRIC_REPRESENTATION_CONTEXT() REPRESENTATION_CONTEXT('2D SPACE',''
  ) );
#7128 = PCURVE('',#6602,#7129);
#7129 = DEFINITIONAL_REPRESENTATION('',(#7130),#7134);
#7130 = LINE('',#7131,#7132);
#7131 = CARTESIAN_POINT('',(2.185336269284,-2.469610051471));
#7132 = VECTOR('',#7133,1.);
#7133 = DIRECTION('',(6.50833687835E-02,0.997879829993));
#7134 = ( GEOMETRIC_REPRESENTATION_CONTEXT(2) 
PARAMETRIC_REPRESENTATION_CONTEXT() REPRESENTATION_CONTEXT('2D SPACE',''
  ) );
#7135 = ORIENTED_EDGE('',*,*,#6614,.T.);
#7136 = ORIENTED_EDGE('',*,*,#7058,.T.);
#7137 = ORIENTED_EDGE('',*,*,#7138,.F.);
#7138 = EDGE_CURVE('',#7114,#7059,#7139,.T.);
#7139 = SURFACE_CURVE('',#7140,(#7145,#7152),.PCURVE_S1.);
#7140 = HYPERBOLA('',#7141,0.350222911598,0.654909647025);
#7141 = AXIS2_PLACEMENT_3D('',#7142,#7143,#7144);
#7142 = CARTESIAN_POINT('',(4.973279334382,-0.616557125368,
    11.009113615693));
#7143 = DIRECTION('',(-0.33898332763,0.93605880101,9.425616500203E-02));
#7144 = DIRECTION('',(3.209415235281E-02,-8.862386826157E-02,
    0.995547977427));
#7145 = PCURVE('',#6637,#7146);
#7146 = DEFINITIONAL_REPRESENTATION('',(#7147),#7151);
#7147 = HYPERBOLA('',#7148,0.350222911598,0.654909647025);
#7148 = AXIS2_PLACEMENT_2D('',#7149,#7150);
#7149 = CARTESIAN_POINT('',(0.531346423733,2.455786102084));
#7150 = DIRECTION('',(-3.124046862373E-17,-1.));
#7151 = ( GEOMETRIC_REPRESENTATION_CONTEXT(2) 
PARAMETRIC_REPRESENTATION_CONTEXT() REPRESENTATION_CONTEXT('2D SPACE',''
  ) );
#7152 = PCURVE('',#6868,#7153);
#7153 = DEFINITIONAL_REPRESENTATION('',(#7154),#7163);
#7154 = B_SPLINE_CURVE_WITH_KNOTS('',7,(#7155,#7156,#7157,#7158,#7159,
    #7160,#7161,#7162),.UNSPECIFIED.,.F.,.F.,(8,8),(-1.109111310911,
    -0.268511940614),.PIECEWISE_BEZIER_KNOTS.);
#7155 = CARTESIAN_POINT('',(4.166152701195,-5.236075069836E-03));
#7156 = CARTESIAN_POINT('',(4.23543435498,-6.179781267098E-02));
#7157 = CARTESIAN_POINT('',(4.312290509641,-0.108500378213));
#7158 = CARTESIAN_POINT('',(4.39712532046,-0.146675968343));
#7159 = CARTESIAN_POINT('',(4.490022767623,-0.177308623479));
#7160 = CARTESIAN_POINT('',(4.590509725456,-0.201111981153));
#7161 = CARTESIAN_POINT('',(4.697016460744,-0.218568668157));
#7162 = CARTESIAN_POINT('',(4.807390603316,-0.229946710945));
#7163 = ( GEOMETRIC_REPRESENTATION_CONTEXT(2) 
PARAMETRIC_REPRESENTATION_CONTEXT() REPRESENTATION_CONTEXT('2D SPACE',''
  ) );
#7164 = ADVANCED_FACE('',(#7165),#6602,.T.);
#7165 = FACE_BOUND('',#7166,.T.);
#7166 = EDGE_LOOP('',(#7167,#7196,#7197,#7198));
#7167 = ORIENTED_EDGE('',*,*,#7168,.F.);
#7168 = EDGE_CURVE('',#6540,#7169,#7171,.T.);
#7169 = VERTEX_POINT('',#7170);
#7170 = CARTESIAN_POINT('',(4.220288363298,-1.015101266841,
    11.600368831136));
#7171 = SURFACE_CURVE('',#7172,(#7177,#7184),.PCURVE_S1.);
#7172 = HYPERBOLA('',#7173,0.518803557914,0.254852851795);
#7173 = AXIS2_PLACEMENT_3D('',#7174,#7175,#7176);
#7174 = CARTESIAN_POINT('',(4.917542250607,-0.196081130525,
    9.383281438826));
#7175 = DIRECTION('',(-0.647716775677,0.758047818829,7.633140163198E-02)
  );
#7176 = DIRECTION('',(4.958579577486E-02,-5.803216119081E-02,
    0.997082502667));
#7177 = PCURVE('',#6602,#7178);
#7178 = DEFINITIONAL_REPRESENTATION('',(#7179),#7183);
#7179 = HYPERBOLA('',#7180,0.518803557914,0.254852851795);
#7180 = AXIS2_PLACEMENT_2D('',#7181,#7182);
#7181 = CARTESIAN_POINT('',(3.352610260902,4.08259602681));
#7182 = DIRECTION('',(-3.465398111062E-17,-1.));
#7183 = ( GEOMETRIC_REPRESENTATION_CONTEXT(2) 
PARAMETRIC_REPRESENTATION_CONTEXT() REPRESENTATION_CONTEXT('2D SPACE',''
  ) );
#7184 = PCURVE('',#6556,#7185);
#7185 = DEFINITIONAL_REPRESENTATION('',(#7186),#7195);
#7186 = B_SPLINE_CURVE_WITH_KNOTS('',7,(#7187,#7188,#7189,#7190,#7191,
    #7192,#7193,#7194),.UNSPECIFIED.,.F.,.F.,(8,8),(-3.042532923046,
    -2.134597207417),.PIECEWISE_BEZIER_KNOTS.);
#7187 = CARTESIAN_POINT('',(4.096363617626,1.137461573596E-14));
#7188 = CARTESIAN_POINT('',(4.108390701345,-0.701498128582));
#7189 = CARTESIAN_POINT('',(4.122203402305,-1.29635934637));
#7190 = CARTESIAN_POINT('',(4.138112081378,-1.803859067972));
#7191 = CARTESIAN_POINT('',(4.156491270251,-2.238880022435));
#7192 = CARTESIAN_POINT('',(4.177791148214,-2.613225801562));
#7193 = CARTESIAN_POINT('',(4.202559616573,-2.936371929625));
#7194 = CARTESIAN_POINT('',(4.231429236832,-3.216002642213));
#7195 = ( GEOMETRIC_REPRESENTATION_CONTEXT(2) 
PARAMETRIC_REPRESENTATION_CONTEXT() REPRESENTATION_CONTEXT('2D SPACE',''
  ) );
#7196 = ORIENTED_EDGE('',*,*,#6568,.T.);
#7197 = ORIENTED_EDGE('',*,*,#7113,.T.);
#7198 = ORIENTED_EDGE('',*,*,#7199,.F.);
#7199 = EDGE_CURVE('',#7169,#7114,#7200,.T.);
#7200 = SURFACE_CURVE('',#7201,(#7206,#7213),.PCURVE_S1.);
#7201 = HYPERBOLA('',#7202,0.203528734064,0.381348792359);
#7202 = AXIS2_PLACEMENT_3D('',#7203,#7204,#7205);
#7203 = CARTESIAN_POINT('',(4.997934242907,-0.290166966654,
    10.999821974765));
#7204 = DIRECTION('',(-0.647716775677,0.758047818829,7.633140163198E-02)
  );
#7205 = DIRECTION('',(4.958579577486E-02,-5.803216119081E-02,
    0.997082502667));
#7206 = PCURVE('',#6602,#7207);
#7207 = DEFINITIONAL_REPRESENTATION('',(#7208),#7212);
#7208 = HYPERBOLA('',#7209,0.203528734064,0.381348792359);
#7209 = AXIS2_PLACEMENT_2D('',#7210,#7211);
#7210 = CARTESIAN_POINT('',(3.352610260902,2.461325438252));
#7211 = DIRECTION('',(-3.465398111062E-17,-1.));
#7212 = ( GEOMETRIC_REPRESENTATION_CONTEXT(2) 
PARAMETRIC_REPRESENTATION_CONTEXT() REPRESENTATION_CONTEXT('2D SPACE',''
  ) );
#7213 = PCURVE('',#6868,#7214);
#7214 = DEFINITIONAL_REPRESENTATION('',(#7215),#7223);
#7215 = B_SPLINE_CURVE_WITH_KNOTS('',6,(#7216,#7217,#7218,#7219,#7220,
    #7221,#7222),.UNSPECIFIED.,.F.,.F.,(7,7),(-1.748249181547,
    -0.80968519384),.PIECEWISE_BEZIER_KNOTS.);
#7216 = CARTESIAN_POINT('',(4.231429236832,1.309825660173E-15));
#7217 = CARTESIAN_POINT('',(4.283528253319,-8.841589612661E-02));
#7218 = CARTESIAN_POINT('',(4.344706860666,-0.159197950595));
#7219 = CARTESIAN_POINT('',(4.416658218644,-0.216238488484));
#7220 = CARTESIAN_POINT('',(4.501229513762,-0.262144681271));
#7221 = CARTESIAN_POINT('',(4.600188358232,-0.298771209243));
#7222 = CARTESIAN_POINT('',(4.712891860058,-0.327376278856));
#7223 = ( GEOMETRIC_REPRESENTATION_CONTEXT(2) 
PARAMETRIC_REPRESENTATION_CONTEXT() REPRESENTATION_CONTEXT('2D SPACE',''
  ) );
#7224 = ADVANCED_FACE('',(#7225),#6556,.F.);
#7225 = FACE_BOUND('',#7226,.T.);
#7226 = EDGE_LOOP('',(#7227,#7251,#7278,#7279));
#7227 = ORIENTED_EDGE('',*,*,#7228,.F.);
#7228 = EDGE_CURVE('',#7229,#7169,#7231,.T.);
#7229 = VERTEX_POINT('',#7230);
#7230 = CARTESIAN_POINT('',(3.734898733159,-0.529711636702,
    11.600368831136));
#7231 = SURFACE_CURVE('',#7232,(#7237,#7244),.PCURVE_S1.);
#7232 = CIRCLE('',#7233,1.145);
#7233 = AXIS2_PLACEMENT_3D('',#7234,#7235,#7236);
#7234 = CARTESIAN_POINT('',(4.75,0.,11.600368831136));
#7235 = DIRECTION('',(0.,0.,1.));
#7236 = DIRECTION('',(1.,0.,0.));
#7237 = PCURVE('',#6556,#7238);
#7238 = DEFINITIONAL_REPRESENTATION('',(#7239),#7243);
#7239 = LINE('',#7240,#7241);
#7240 = CARTESIAN_POINT('',(0.,-3.216002642213));
#7241 = VECTOR('',#7242,1.);
#7242 = DIRECTION('',(1.,-0.));
#7243 = ( GEOMETRIC_REPRESENTATION_CONTEXT(2) 
PARAMETRIC_REPRESENTATION_CONTEXT() REPRESENTATION_CONTEXT('2D SPACE',''
  ) );
#7244 = PCURVE('',#6868,#7245);
#7245 = DEFINITIONAL_REPRESENTATION('',(#7246),#7250);
#7246 = LINE('',#7247,#7248);
#7247 = CARTESIAN_POINT('',(0.,-0.));
#7248 = VECTOR('',#7249,1.);
#7249 = DIRECTION('',(1.,-0.));
#7250 = ( GEOMETRIC_REPRESENTATION_CONTEXT(2) 
PARAMETRIC_REPRESENTATION_CONTEXT() REPRESENTATION_CONTEXT('2D SPACE',''
  ) );
#7251 = ORIENTED_EDGE('',*,*,#7252,.T.);
#7252 = EDGE_CURVE('',#7229,#6494,#7253,.T.);
#7253 = SURFACE_CURVE('',#7254,(#7259,#7271),.PCURVE_S1.);
#7254 = HYPERBOLA('',#7255,0.518803557914,0.254852851795);
#7255 = AXIS2_PLACEMENT_3D('',#7256,#7257,#7258);
#7256 = CARTESIAN_POINT('',(4.553918869475,0.167542250607,9.383281438826
    ));
#7257 = DIRECTION('',(0.758047818829,-0.647716775677,7.633140163198E-02)
  );
#7258 = DIRECTION('',(-5.803216119081E-02,4.958579577486E-02,
    0.997082502667));
#7259 = PCURVE('',#6556,#7260);
#7260 = DEFINITIONAL_REPRESENTATION('',(#7261),#7270);
#7261 = B_SPLINE_CURVE_WITH_KNOTS('',7,(#7262,#7263,#7264,#7265,#7266,
    #7267,#7268,#7269),.UNSPECIFIED.,.F.,.F.,(8,8),(2.134597207417,
    3.042532923046),.PIECEWISE_BEZIER_KNOTS.);
#7262 = CARTESIAN_POINT('',(3.622552397143,-3.216002642213));
#7263 = CARTESIAN_POINT('',(3.651422017401,-2.936371929625));
#7264 = CARTESIAN_POINT('',(3.67619048576,-2.613225801562));
#7265 = CARTESIAN_POINT('',(3.697490363728,-2.238880022434));
#7266 = CARTESIAN_POINT('',(3.715869552594,-1.803859067972));
#7267 = CARTESIAN_POINT('',(3.73177823167,-1.29635934637));
#7268 = CARTESIAN_POINT('',(3.745590932629,-0.701498128582));
#7269 = CARTESIAN_POINT('',(3.757618016348,9.951670101015E-15));
#7270 = ( GEOMETRIC_REPRESENTATION_CONTEXT(2) 
PARAMETRIC_REPRESENTATION_CONTEXT() REPRESENTATION_CONTEXT('2D SPACE',''
  ) );
#7271 = PCURVE('',#6527,#7272);
#7272 = DEFINITIONAL_REPRESENTATION('',(#7273),#7277);
#7273 = HYPERBOLA('',#7274,0.518803557914,0.254852851795);
#7274 = AXIS2_PLACEMENT_2D('',#7275,#7276);
#7275 = CARTESIAN_POINT('',(-3.352610260902,4.08259602681));
#7276 = DIRECTION('',(-6.979382312823E-18,-1.));
#7277 = ( GEOMETRIC_REPRESENTATION_CONTEXT(2) 
PARAMETRIC_REPRESENTATION_CONTEXT() REPRESENTATION_CONTEXT('2D SPACE',''
  ) );
#7278 = ORIENTED_EDGE('',*,*,#6539,.F.);
#7279 = ORIENTED_EDGE('',*,*,#7168,.T.);
#7280 = ADVANCED_FACE('',(#7281),#6527,.T.);
#7281 = FACE_BOUND('',#7282,.T.);
#7282 = EDGE_LOOP('',(#7283,#7306,#7307,#7308));
#7283 = ORIENTED_EDGE('',*,*,#7284,.F.);
#7284 = EDGE_CURVE('',#6459,#7285,#7287,.T.);
#7285 = VERTEX_POINT('',#7286);
#7286 = CARTESIAN_POINT('',(3.859131634832,-0.395,11.509718154986));
#7287 = SURFACE_CURVE('',#7288,(#7292,#7299),.PCURVE_S1.);
#7288 = LINE('',#7289,#7290);
#7289 = CARTESIAN_POINT('',(3.415404978094,-0.395,15.916371473349));
#7290 = VECTOR('',#7291,1.);
#7291 = DIRECTION('',(0.100188061612,-0.,-0.994968518251));
#7292 = PCURVE('',#6527,#7293);
#7293 = DEFINITIONAL_REPRESENTATION('',(#7294),#7298);
#7294 = LINE('',#7295,#7296);
#7295 = CARTESIAN_POINT('',(-2.185336269284,-2.469610051471));
#7296 = VECTOR('',#7297,1.);
#7297 = DIRECTION('',(-6.50833687835E-02,0.997879829993));
#7298 = ( GEOMETRIC_REPRESENTATION_CONTEXT(2) 
PARAMETRIC_REPRESENTATION_CONTEXT() REPRESENTATION_CONTEXT('2D SPACE',''
  ) );
#7299 = PCURVE('',#6481,#7300);
#7300 = DEFINITIONAL_REPRESENTATION('',(#7301),#7305);
#7301 = LINE('',#7302,#7303);
#7302 = CARTESIAN_POINT('',(0.294478857022,-2.473416677614));
#7303 = VECTOR('',#7304,1.);
#7304 = DIRECTION('',(-3.411395862797E-02,0.999417949522));
#7305 = ( GEOMETRIC_REPRESENTATION_CONTEXT(2) 
PARAMETRIC_REPRESENTATION_CONTEXT() REPRESENTATION_CONTEXT('2D SPACE',''
  ) );
#7306 = ORIENTED_EDGE('',*,*,#6493,.T.);
#7307 = ORIENTED_EDGE('',*,*,#7252,.F.);
#7308 = ORIENTED_EDGE('',*,*,#7309,.F.);
#7309 = EDGE_CURVE('',#7285,#7229,#7310,.T.);
#7310 = SURFACE_CURVE('',#7311,(#7316,#7323),.PCURVE_S1.);
#7311 = HYPERBOLA('',#7312,0.203528734064,0.381348792359);
#7312 = AXIS2_PLACEMENT_3D('',#7313,#7314,#7315);
#7313 = CARTESIAN_POINT('',(4.459833033346,0.247934242907,
    10.999821974765));
#7314 = DIRECTION('',(0.758047818829,-0.647716775677,7.633140163198E-02)
  );
#7315 = DIRECTION('',(-5.803216119081E-02,4.958579577486E-02,
    0.997082502667));
#7316 = PCURVE('',#6527,#7317);
#7317 = DEFINITIONAL_REPRESENTATION('',(#7318),#7322);
#7318 = HYPERBOLA('',#7319,0.203528734064,0.381348792359);
#7319 = AXIS2_PLACEMENT_2D('',#7320,#7321);
#7320 = CARTESIAN_POINT('',(-3.352610260902,2.461325438252));
#7321 = DIRECTION('',(-6.979382312823E-18,-1.));
#7322 = ( GEOMETRIC_REPRESENTATION_CONTEXT(2) 
PARAMETRIC_REPRESENTATION_CONTEXT() REPRESENTATION_CONTEXT('2D SPACE',''
  ) );
#7323 = PCURVE('',#6868,#7324);
#7324 = DEFINITIONAL_REPRESENTATION('',(#7325),#7333);
#7325 = B_SPLINE_CURVE_WITH_KNOTS('',6,(#7326,#7327,#7328,#7329,#7330,
    #7331,#7332),.UNSPECIFIED.,.F.,.F.,(7,7),(0.80968519384,
    1.748249181547),.PIECEWISE_BEZIER_KNOTS.);
#7326 = CARTESIAN_POINT('',(3.141089773917,-0.327376278856));
#7327 = CARTESIAN_POINT('',(3.253793275742,-0.298771209243));
#7328 = CARTESIAN_POINT('',(3.352752120212,-0.262144681271));
#7329 = CARTESIAN_POINT('',(3.43732341533,-0.216238488484));
#7330 = CARTESIAN_POINT('',(3.509274773309,-0.159197950595));
#7331 = CARTESIAN_POINT('',(3.570453380656,-8.841589612661E-02));
#7332 = CARTESIAN_POINT('',(3.622552397143,1.225320778871E-15));
#7333 = ( GEOMETRIC_REPRESENTATION_CONTEXT(2) 
PARAMETRIC_REPRESENTATION_CONTEXT() REPRESENTATION_CONTEXT('2D SPACE',''
  ) );
#7334 = ADVANCED_FACE('',(#7335),#6481,.T.);
#7335 = FACE_BOUND('',#7336,.T.);
#7336 = EDGE_LOOP('',(#7337,#7360,#7361,#7362));
#7337 = ORIENTED_EDGE('',*,*,#7338,.F.);
#7338 = EDGE_CURVE('',#6424,#7339,#7341,.T.);
#7339 = VERTEX_POINT('',#7340);
#7340 = CARTESIAN_POINT('',(4.015,0.,11.382367964155));
#7341 = SURFACE_CURVE('',#7342,(#7346,#7353),.PCURVE_S1.);
#7342 = LINE('',#7343,#7344);
#7343 = CARTESIAN_POINT('',(3.558449853341,5.8E-16,15.916371473349));
#7344 = VECTOR('',#7345,1.);
#7345 = DIRECTION('',(0.100188061612,-0.,-0.994968518251));
#7346 = PCURVE('',#6481,#7347);
#7347 = DEFINITIONAL_REPRESENTATION('',(#7348),#7352);
#7348 = LINE('',#7349,#7350);
#7349 = CARTESIAN_POINT('',(-0.125624506847,-2.473416677614));
#7350 = VECTOR('',#7351,1.);
#7351 = DIRECTION('',(-3.411395862797E-02,0.999417949522));
#7352 = ( GEOMETRIC_REPRESENTATION_CONTEXT(2) 
PARAMETRIC_REPRESENTATION_CONTEXT() REPRESENTATION_CONTEXT('2D SPACE',''
  ) );
#7353 = PCURVE('',#6446,#7354);
#7354 = DEFINITIONAL_REPRESENTATION('',(#7355),#7359);
#7355 = LINE('',#7356,#7357);
#7356 = CARTESIAN_POINT('',(0.125624506847,-2.473416677614));
#7357 = VECTOR('',#7358,1.);
#7358 = DIRECTION('',(3.411395862797E-02,0.999417949522));
#7359 = ( GEOMETRIC_REPRESENTATION_CONTEXT(2) 
PARAMETRIC_REPRESENTATION_CONTEXT() REPRESENTATION_CONTEXT('2D SPACE',''
  ) );
#7360 = ORIENTED_EDGE('',*,*,#6458,.T.);
#7361 = ORIENTED_EDGE('',*,*,#7284,.T.);
#7362 = ORIENTED_EDGE('',*,*,#7363,.F.);
#7363 = EDGE_CURVE('',#7339,#7285,#7364,.T.);
#7364 = SURFACE_CURVE('',#7365,(#7370,#7377),.PCURVE_S1.);
#7365 = HYPERBOLA('',#7366,0.350222911598,0.654909647025);
#7366 = AXIS2_PLACEMENT_3D('',#7367,#7368,#7369);
#7367 = CARTESIAN_POINT('',(4.133442874632,0.223279334382,
    11.009113615693));
#7368 = DIRECTION('',(0.93605880101,-0.33898332763,9.425616500203E-02));
#7369 = DIRECTION('',(-8.862386826157E-02,3.209415235281E-02,
    0.995547977427));
#7370 = PCURVE('',#6481,#7371);
#7371 = DEFINITIONAL_REPRESENTATION('',(#7372),#7376);
#7372 = HYPERBOLA('',#7373,0.350222911598,0.654909647025);
#7373 = AXIS2_PLACEMENT_2D('',#7374,#7375);
#7374 = CARTESIAN_POINT('',(-0.531346423733,2.455786102084));
#7375 = DIRECTION('',(1.544605614572E-20,-1.));
#7376 = ( GEOMETRIC_REPRESENTATION_CONTEXT(2) 
PARAMETRIC_REPRESENTATION_CONTEXT() REPRESENTATION_CONTEXT('2D SPACE',''
  ) );
#7377 = PCURVE('',#6868,#7378);
#7378 = DEFINITIONAL_REPRESENTATION('',(#7379),#7388);
#7379 = B_SPLINE_CURVE_WITH_KNOTS('',7,(#7380,#7381,#7382,#7383,#7384,
    #7385,#7386,#7387),.UNSPECIFIED.,.F.,.F.,(8,8),(0.268511940614,
    1.109111310911),.PIECEWISE_BEZIER_KNOTS.);
#7380 = CARTESIAN_POINT('',(3.046591030658,-0.229946710945));
#7381 = CARTESIAN_POINT('',(3.15696517323,-0.218568668157));
#7382 = CARTESIAN_POINT('',(3.263471908517,-0.201111981153));
#7383 = CARTESIAN_POINT('',(3.363958866355,-0.177308623479));
#7384 = CARTESIAN_POINT('',(3.456856313514,-0.146675968343));
#7385 = CARTESIAN_POINT('',(3.541691124334,-0.108500378213));
#7386 = CARTESIAN_POINT('',(3.618547278994,-6.179781267098E-02));
#7387 = CARTESIAN_POINT('',(3.68782893278,-5.236075069836E-03));
#7388 = ( GEOMETRIC_REPRESENTATION_CONTEXT(2) 
PARAMETRIC_REPRESENTATION_CONTEXT() REPRESENTATION_CONTEXT('2D SPACE',''
  ) );
#7389 = ADVANCED_FACE('',(#7390),#6446,.T.);
#7390 = FACE_BOUND('',#7391,.T.);
#7391 = EDGE_LOOP('',(#7392,#7415,#7416,#7417));
#7392 = ORIENTED_EDGE('',*,*,#7393,.F.);
#7393 = EDGE_CURVE('',#6378,#7394,#7396,.T.);
#7394 = VERTEX_POINT('',#7395);
#7395 = CARTESIAN_POINT('',(3.859131634832,0.395,11.509718154986));
#7396 = SURFACE_CURVE('',#7397,(#7401,#7408),.PCURVE_S1.);
#7397 = LINE('',#7398,#7399);
#7398 = CARTESIAN_POINT('',(3.415404978094,0.395,15.916371473349));
#7399 = VECTOR('',#7400,1.);
#7400 = DIRECTION('',(0.100188061612,-0.,-0.994968518251));
#7401 = PCURVE('',#6446,#7402);
#7402 = DEFINITIONAL_REPRESENTATION('',(#7403),#7407);
#7403 = LINE('',#7404,#7405);
#7404 = CARTESIAN_POINT('',(-0.294478857022,-2.473416677614));
#7405 = VECTOR('',#7406,1.);
#7406 = DIRECTION('',(3.411395862797E-02,0.999417949522));
#7407 = ( GEOMETRIC_REPRESENTATION_CONTEXT(2) 
PARAMETRIC_REPRESENTATION_CONTEXT() REPRESENTATION_CONTEXT('2D SPACE',''
  ) );
#7408 = PCURVE('',#6411,#7409);
#7409 = DEFINITIONAL_REPRESENTATION('',(#7410),#7414);
#7410 = LINE('',#7411,#7412);
#7411 = CARTESIAN_POINT('',(2.185336269284,-2.469610051471));
#7412 = VECTOR('',#7413,1.);
#7413 = DIRECTION('',(6.50833687835E-02,0.997879829993));
#7414 = ( GEOMETRIC_REPRESENTATION_CONTEXT(2) 
PARAMETRIC_REPRESENTATION_CONTEXT() REPRESENTATION_CONTEXT('2D SPACE',''
  ) );
#7415 = ORIENTED_EDGE('',*,*,#6423,.T.);
#7416 = ORIENTED_EDGE('',*,*,#7338,.T.);
#7417 = ORIENTED_EDGE('',*,*,#7418,.F.);
#7418 = EDGE_CURVE('',#7394,#7339,#7419,.T.);
#7419 = SURFACE_CURVE('',#7420,(#7425,#7432),.PCURVE_S1.);
#7420 = HYPERBOLA('',#7421,0.350222911598,0.654909647025);
#7421 = AXIS2_PLACEMENT_3D('',#7422,#7423,#7424);
#7422 = CARTESIAN_POINT('',(4.133442874632,-0.223279334382,
    11.009113615693));
#7423 = DIRECTION('',(0.93605880101,0.33898332763,9.425616500203E-02));
#7424 = DIRECTION('',(-8.862386826157E-02,-3.209415235281E-02,
    0.995547977427));
#7425 = PCURVE('',#6446,#7426);
#7426 = DEFINITIONAL_REPRESENTATION('',(#7427),#7431);
#7427 = HYPERBOLA('',#7428,0.350222911598,0.654909647025);
#7428 = AXIS2_PLACEMENT_2D('',#7429,#7430);
#7429 = CARTESIAN_POINT('',(0.531346423733,2.455786102084));
#7430 = DIRECTION('',(-6.954339960053E-18,-1.));
#7431 = ( GEOMETRIC_REPRESENTATION_CONTEXT(2) 
PARAMETRIC_REPRESENTATION_CONTEXT() REPRESENTATION_CONTEXT('2D SPACE',''
  ) );
#7432 = PCURVE('',#6868,#7433);
#7433 = DEFINITIONAL_REPRESENTATION('',(#7434),#7443);
#7434 = B_SPLINE_CURVE_WITH_KNOTS('',7,(#7435,#7436,#7437,#7438,#7439,
    #7440,#7441,#7442),.UNSPECIFIED.,.F.,.F.,(8,8),(-1.109111310911,
    -0.268511940614),.PIECEWISE_BEZIER_KNOTS.);
#7435 = CARTESIAN_POINT('',(2.5953563744,-5.236075069836E-03));
#7436 = CARTESIAN_POINT('',(2.664638028185,-6.179781267098E-02));
#7437 = CARTESIAN_POINT('',(2.741494182845,-0.108500378213));
#7438 = CARTESIAN_POINT('',(2.826328993667,-0.146675968343));
#7439 = CARTESIAN_POINT('',(2.919226440825,-0.177308623479));
#7440 = CARTESIAN_POINT('',(3.019713398662,-0.201111981153));
#7441 = CARTESIAN_POINT('',(3.126220133949,-0.218568668157));
#7442 = CARTESIAN_POINT('',(3.236594276521,-0.229946710945));
#7443 = ( GEOMETRIC_REPRESENTATION_CONTEXT(2) 
PARAMETRIC_REPRESENTATION_CONTEXT() REPRESENTATION_CONTEXT('2D SPACE',''
  ) );
#7444 = ADVANCED_FACE('',(#7445),#6411,.T.);
#7445 = FACE_BOUND('',#7446,.T.);
#7446 = EDGE_LOOP('',(#7447,#7476,#7477,#7478));
#7447 = ORIENTED_EDGE('',*,*,#7448,.F.);
#7448 = EDGE_CURVE('',#6349,#7449,#7451,.T.);
#7449 = VERTEX_POINT('',#7450);
#7450 = CARTESIAN_POINT('',(3.734898733159,0.529711636702,
    11.600368831136));
#7451 = SURFACE_CURVE('',#7452,(#7457,#7464),.PCURVE_S1.);
#7452 = HYPERBOLA('',#7453,0.518803557914,0.254852851795);
#7453 = AXIS2_PLACEMENT_3D('',#7454,#7455,#7456);
#7454 = CARTESIAN_POINT('',(4.553918869475,-0.167542250607,
    9.383281438826));
#7455 = DIRECTION('',(0.758047818829,0.647716775677,7.633140163198E-02)
  );
#7456 = DIRECTION('',(-5.803216119081E-02,-4.958579577486E-02,
    0.997082502667));
#7457 = PCURVE('',#6411,#7458);
#7458 = DEFINITIONAL_REPRESENTATION('',(#7459),#7463);
#7459 = HYPERBOLA('',#7460,0.518803557914,0.254852851795);
#7460 = AXIS2_PLACEMENT_2D('',#7461,#7462);
#7461 = CARTESIAN_POINT('',(3.352610260902,4.08259602681));
#7462 = DIRECTION('',(-6.898405494991E-18,-1.));
#7463 = ( GEOMETRIC_REPRESENTATION_CONTEXT(2) 
PARAMETRIC_REPRESENTATION_CONTEXT() REPRESENTATION_CONTEXT('2D SPACE',''
  ) );
#7464 = PCURVE('',#6365,#7465);
#7465 = DEFINITIONAL_REPRESENTATION('',(#7466),#7475);
#7466 = B_SPLINE_CURVE_WITH_KNOTS('',7,(#7467,#7468,#7469,#7470,#7471,
    #7472,#7473,#7474),.UNSPECIFIED.,.F.,.F.,(8,8),(-3.042532923046,
    -2.134597207417),.PIECEWISE_BEZIER_KNOTS.);
#7467 = CARTESIAN_POINT('',(2.525567290831,9.065685083029E-15));
#7468 = CARTESIAN_POINT('',(2.53759437455,-0.701498128582));
#7469 = CARTESIAN_POINT('',(2.551407075509,-1.29635934637));
#7470 = CARTESIAN_POINT('',(2.567315754586,-1.803859067972));
#7471 = CARTESIAN_POINT('',(2.585694943453,-2.238880022435));
#7472 = CARTESIAN_POINT('',(2.60699482142,-2.613225801562));
#7473 = CARTESIAN_POINT('',(2.631763289778,-2.936371929625));
#7474 = CARTESIAN_POINT('',(2.660632910037,-3.216002642213));
#7475 = ( GEOMETRIC_REPRESENTATION_CONTEXT(2) 
PARAMETRIC_REPRESENTATION_CONTEXT() REPRESENTATION_CONTEXT('2D SPACE',''
  ) );
#7476 = ORIENTED_EDGE('',*,*,#6377,.T.);
#7477 = ORIENTED_EDGE('',*,*,#7393,.T.);
#7478 = ORIENTED_EDGE('',*,*,#7479,.F.);
#7479 = EDGE_CURVE('',#7449,#7394,#7480,.T.);
#7480 = SURFACE_CURVE('',#7481,(#7486,#7493),.PCURVE_S1.);
#7481 = HYPERBOLA('',#7482,0.203528734064,0.381348792359);
#7482 = AXIS2_PLACEMENT_3D('',#7483,#7484,#7485);
#7483 = CARTESIAN_POINT('',(4.459833033346,-0.247934242907,
    10.999821974765));
#7484 = DIRECTION('',(0.758047818829,0.647716775677,7.633140163198E-02)
  );
#7485 = DIRECTION('',(-5.803216119081E-02,-4.958579577486E-02,
    0.997082502667));
#7486 = PCURVE('',#6411,#7487);
#7487 = DEFINITIONAL_REPRESENTATION('',(#7488),#7492);
#7488 = HYPERBOLA('',#7489,0.203528734064,0.381348792359);
#7489 = AXIS2_PLACEMENT_2D('',#7490,#7491);
#7490 = CARTESIAN_POINT('',(3.352610260902,2.461325438252));
#7491 = DIRECTION('',(-6.898405494991E-18,-1.));
#7492 = ( GEOMETRIC_REPRESENTATION_CONTEXT(2) 
PARAMETRIC_REPRESENTATION_CONTEXT() REPRESENTATION_CONTEXT('2D SPACE',''
  ) );
#7493 = PCURVE('',#6868,#7494);
#7494 = DEFINITIONAL_REPRESENTATION('',(#7495),#7503);
#7495 = B_SPLINE_CURVE_WITH_KNOTS('',6,(#7496,#7497,#7498,#7499,#7500,
    #7501,#7502),.UNSPECIFIED.,.F.,.F.,(7,7),(-1.748249181547,
    -0.80968519384),.PIECEWISE_BEZIER_KNOTS.);
#7496 = CARTESIAN_POINT('',(2.660632910037,1.131426466314E-15));
#7497 = CARTESIAN_POINT('',(2.712731926524,-8.841589612661E-02));
#7498 = CARTESIAN_POINT('',(2.773910533871,-0.159197950595));
#7499 = CARTESIAN_POINT('',(2.845861891849,-0.216238488484));
#7500 = CARTESIAN_POINT('',(2.930433186968,-0.262144681271));
#7501 = CARTESIAN_POINT('',(3.029392031437,-0.298771209243));
#7502 = CARTESIAN_POINT('',(3.142095533263,-0.327376278856));
#7503 = ( GEOMETRIC_REPRESENTATION_CONTEXT(2) 
PARAMETRIC_REPRESENTATION_CONTEXT() REPRESENTATION_CONTEXT('2D SPACE',''
  ) );
#7504 = ADVANCED_FACE('',(#7505),#6365,.F.);
#7505 = FACE_BOUND('',#7506,.T.);
#7506 = EDGE_LOOP('',(#7507,#7531,#7558,#7559));
#7507 = ORIENTED_EDGE('',*,*,#7508,.F.);
#7508 = EDGE_CURVE('',#7509,#7449,#7511,.T.);
#7509 = VERTEX_POINT('',#7510);
#7510 = CARTESIAN_POINT('',(4.220288363298,1.015101266841,
    11.600368831136));
#7511 = SURFACE_CURVE('',#7512,(#7517,#7524),.PCURVE_S1.);
#7512 = CIRCLE('',#7513,1.145);
#7513 = AXIS2_PLACEMENT_3D('',#7514,#7515,#7516);
#7514 = CARTESIAN_POINT('',(4.75,0.,11.600368831136));
#7515 = DIRECTION('',(0.,0.,1.));
#7516 = DIRECTION('',(1.,0.,0.));
#7517 = PCURVE('',#6365,#7518);
#7518 = DEFINITIONAL_REPRESENTATION('',(#7519),#7523);
#7519 = LINE('',#7520,#7521);
#7520 = CARTESIAN_POINT('',(0.,-3.216002642213));
#7521 = VECTOR('',#7522,1.);
#7522 = DIRECTION('',(1.,-0.));
#7523 = ( GEOMETRIC_REPRESENTATION_CONTEXT(2) 
PARAMETRIC_REPRESENTATION_CONTEXT() REPRESENTATION_CONTEXT('2D SPACE',''
  ) );
#7524 = PCURVE('',#6868,#7525);
#7525 = DEFINITIONAL_REPRESENTATION('',(#7526),#7530);
#7526 = LINE('',#7527,#7528);
#7527 = CARTESIAN_POINT('',(0.,-0.));
#7528 = VECTOR('',#7529,1.);
#7529 = DIRECTION('',(1.,-0.));
#7530 = ( GEOMETRIC_REPRESENTATION_CONTEXT(2) 
PARAMETRIC_REPRESENTATION_CONTEXT() REPRESENTATION_CONTEXT('2D SPACE',''
  ) );
#7531 = ORIENTED_EDGE('',*,*,#7532,.T.);
#7532 = EDGE_CURVE('',#7509,#6303,#7533,.T.);
#7533 = SURFACE_CURVE('',#7534,(#7539,#7551),.PCURVE_S1.);
#7534 = HYPERBOLA('',#7535,0.518803557914,0.254852851795);
#7535 = AXIS2_PLACEMENT_3D('',#7536,#7537,#7538);
#7536 = CARTESIAN_POINT('',(4.917542250607,0.196081130525,9.383281438826
    ));
#7537 = DIRECTION('',(-0.647716775677,-0.758047818829,7.633140163198E-02
    ));
#7538 = DIRECTION('',(4.958579577486E-02,5.803216119081E-02,
    0.997082502667));
#7539 = PCURVE('',#6365,#7540);
#7540 = DEFINITIONAL_REPRESENTATION('',(#7541),#7550);
#7541 = B_SPLINE_CURVE_WITH_KNOTS('',7,(#7542,#7543,#7544,#7545,#7546,
    #7547,#7548,#7549),.UNSPECIFIED.,.F.,.F.,(8,8),(2.134597207417,
    3.042532923046),.PIECEWISE_BEZIER_KNOTS.);
#7542 = CARTESIAN_POINT('',(2.051756070348,-3.216002642213));
#7543 = CARTESIAN_POINT('',(2.080625690606,-2.936371929625));
#7544 = CARTESIAN_POINT('',(2.105394158965,-2.613225801562));
#7545 = CARTESIAN_POINT('',(2.126694036933,-2.238880022434));
#7546 = CARTESIAN_POINT('',(2.145073225799,-1.803859067972));
#7547 = CARTESIAN_POINT('',(2.160981904875,-1.29635934637));
#7548 = CARTESIAN_POINT('',(2.174794605834,-0.701498128582));
#7549 = CARTESIAN_POINT('',(2.186821689553,7.114728174736E-15));
#7550 = ( GEOMETRIC_REPRESENTATION_CONTEXT(2) 
PARAMETRIC_REPRESENTATION_CONTEXT() REPRESENTATION_CONTEXT('2D SPACE',''
  ) );
#7551 = PCURVE('',#6336,#7552);
#7552 = DEFINITIONAL_REPRESENTATION('',(#7553),#7557);
#7553 = HYPERBOLA('',#7554,0.518803557914,0.254852851795);
#7554 = AXIS2_PLACEMENT_2D('',#7555,#7556);
#7555 = CARTESIAN_POINT('',(-3.352610260902,4.08259602681));
#7556 = DIRECTION('',(-6.979382312823E-18,-1.));
#7557 = ( GEOMETRIC_REPRESENTATION_CONTEXT(2) 
PARAMETRIC_REPRESENTATION_CONTEXT() REPRESENTATION_CONTEXT('2D SPACE',''
  ) );
#7558 = ORIENTED_EDGE('',*,*,#6348,.F.);
#7559 = ORIENTED_EDGE('',*,*,#7448,.T.);
#7560 = ADVANCED_FACE('',(#7561),#6336,.T.);
#7561 = FACE_BOUND('',#7562,.T.);
#7562 = EDGE_LOOP('',(#7563,#7586,#7587,#7588));
#7563 = ORIENTED_EDGE('',*,*,#7564,.F.);
#7564 = EDGE_CURVE('',#6268,#7565,#7567,.T.);
#7565 = VERTEX_POINT('',#7566);
#7566 = CARTESIAN_POINT('',(4.355,0.890868365168,11.509718154986));
#7567 = SURFACE_CURVE('',#7568,(#7572,#7579),.PCURVE_S1.);
#7568 = LINE('',#7569,#7570);
#7569 = CARTESIAN_POINT('',(4.355,1.334595021906,15.916371473349));
#7570 = VECTOR('',#7571,1.);
#7571 = DIRECTION('',(-0.,-0.100188061612,-0.994968518251));
#7572 = PCURVE('',#6336,#7573);
#7573 = DEFINITIONAL_REPRESENTATION('',(#7574),#7578);
#7574 = LINE('',#7575,#7576);
#7575 = CARTESIAN_POINT('',(-2.185336269284,-2.469610051471));
#7576 = VECTOR('',#7577,1.);
#7577 = DIRECTION('',(-6.50833687835E-02,0.997879829993));
#7578 = ( GEOMETRIC_REPRESENTATION_CONTEXT(2) 
PARAMETRIC_REPRESENTATION_CONTEXT() REPRESENTATION_CONTEXT('2D SPACE',''
  ) );
#7579 = PCURVE('',#6290,#7580);
#7580 = DEFINITIONAL_REPRESENTATION('',(#7581),#7585);
#7581 = LINE('',#7582,#7583);
#7582 = CARTESIAN_POINT('',(0.294478857022,-2.473416677614));
#7583 = VECTOR('',#7584,1.);
#7584 = DIRECTION('',(-3.411395862797E-02,0.999417949522));
#7585 = ( GEOMETRIC_REPRESENTATION_CONTEXT(2) 
PARAMETRIC_REPRESENTATION_CONTEXT() REPRESENTATION_CONTEXT('2D SPACE',''
  ) );
#7586 = ORIENTED_EDGE('',*,*,#6302,.T.);
#7587 = ORIENTED_EDGE('',*,*,#7532,.F.);
#7588 = ORIENTED_EDGE('',*,*,#7589,.F.);
#7589 = EDGE_CURVE('',#7565,#7509,#7590,.T.);
#7590 = SURFACE_CURVE('',#7591,(#7596,#7603),.PCURVE_S1.);
#7591 = HYPERBOLA('',#7592,0.203528734064,0.381348792359);
#7592 = AXIS2_PLACEMENT_3D('',#7593,#7594,#7595);
#7593 = CARTESIAN_POINT('',(4.997934242907,0.290166966654,
    10.999821974765));
#7594 = DIRECTION('',(-0.647716775677,-0.758047818829,7.633140163198E-02
    ));
#7595 = DIRECTION('',(4.958579577486E-02,5.803216119081E-02,
    0.997082502667));
#7596 = PCURVE('',#6336,#7597);
#7597 = DEFINITIONAL_REPRESENTATION('',(#7598),#7602);
#7598 = HYPERBOLA('',#7599,0.203528734064,0.381348792359);
#7599 = AXIS2_PLACEMENT_2D('',#7600,#7601);
#7600 = CARTESIAN_POINT('',(-3.352610260902,2.461325438252));
#7601 = DIRECTION('',(-6.979382312823E-18,-1.));
#7602 = ( GEOMETRIC_REPRESENTATION_CONTEXT(2) 
PARAMETRIC_REPRESENTATION_CONTEXT() REPRESENTATION_CONTEXT('2D SPACE',''
  ) );
#7603 = PCURVE('',#6868,#7604);
#7604 = DEFINITIONAL_REPRESENTATION('',(#7605),#7613);
#7605 = B_SPLINE_CURVE_WITH_KNOTS('',6,(#7606,#7607,#7608,#7609,#7610,
    #7611,#7612),.UNSPECIFIED.,.F.,.F.,(7,7),(0.80968519384,
    1.748249181547),.PIECEWISE_BEZIER_KNOTS.);
#7606 = CARTESIAN_POINT('',(1.570293447122,-0.327376278856));
#7607 = CARTESIAN_POINT('',(1.682996948947,-0.298771209243));
#7608 = CARTESIAN_POINT('',(1.781955793417,-0.262144681271));
#7609 = CARTESIAN_POINT('',(1.866527088535,-0.216238488484));
#7610 = CARTESIAN_POINT('',(1.938478446514,-0.159197950595));
#7611 = CARTESIAN_POINT('',(1.999657053861,-8.841589612661E-02));
#7612 = CARTESIAN_POINT('',(2.051756070348,6.66649619156E-16));
#7613 = ( GEOMETRIC_REPRESENTATION_CONTEXT(2) 
PARAMETRIC_REPRESENTATION_CONTEXT() REPRESENTATION_CONTEXT('2D SPACE',''
  ) );
#7614 = ADVANCED_FACE('',(#7615),#6290,.T.);
#7615 = FACE_BOUND('',#7616,.T.);
#7616 = EDGE_LOOP('',(#7617,#7640,#7641,#7642));
#7617 = ORIENTED_EDGE('',*,*,#7618,.F.);
#7618 = EDGE_CURVE('',#6233,#7619,#7621,.T.);
#7619 = VERTEX_POINT('',#7620);
#7620 = CARTESIAN_POINT('',(4.75,0.735,11.382367964155));
#7621 = SURFACE_CURVE('',#7622,(#7626,#7633),.PCURVE_S1.);
#7622 = LINE('',#7623,#7624);
#7623 = CARTESIAN_POINT('',(4.75,1.191550146659,15.916371473349));
#7624 = VECTOR('',#7625,1.);
#7625 = DIRECTION('',(-0.,-0.100188061612,-0.994968518251));
#7626 = PCURVE('',#6290,#7627);
#7627 = DEFINITIONAL_REPRESENTATION('',(#7628),#7632);
#7628 = LINE('',#7629,#7630);
#7629 = CARTESIAN_POINT('',(-0.125624506847,-2.473416677614));
#7630 = VECTOR('',#7631,1.);
#7631 = DIRECTION('',(-3.411395862797E-02,0.999417949522));
#7632 = ( GEOMETRIC_REPRESENTATION_CONTEXT(2) 
PARAMETRIC_REPRESENTATION_CONTEXT() REPRESENTATION_CONTEXT('2D SPACE',''
  ) );
#7633 = PCURVE('',#6255,#7634);
#7634 = DEFINITIONAL_REPRESENTATION('',(#7635),#7639);
#7635 = LINE('',#7636,#7637);
#7636 = CARTESIAN_POINT('',(0.125624506847,-2.473416677614));
#7637 = VECTOR('',#7638,1.);
#7638 = DIRECTION('',(3.411395862797E-02,0.999417949522));
#7639 = ( GEOMETRIC_REPRESENTATION_CONTEXT(2) 
PARAMETRIC_REPRESENTATION_CONTEXT() REPRESENTATION_CONTEXT('2D SPACE',''
  ) );
#7640 = ORIENTED_EDGE('',*,*,#6267,.T.);
#7641 = ORIENTED_EDGE('',*,*,#7564,.T.);
#7642 = ORIENTED_EDGE('',*,*,#7643,.F.);
#7643 = EDGE_CURVE('',#7619,#7565,#7644,.T.);
#7644 = SURFACE_CURVE('',#7645,(#7650,#7657),.PCURVE_S1.);
#7645 = HYPERBOLA('',#7646,0.350222911598,0.654909647025);
#7646 = AXIS2_PLACEMENT_3D('',#7647,#7648,#7649);
#7647 = CARTESIAN_POINT('',(4.973279334382,0.616557125368,
    11.009113615693));
#7648 = DIRECTION('',(-0.33898332763,-0.93605880101,9.425616500203E-02)
  );
#7649 = DIRECTION('',(3.209415235281E-02,8.862386826157E-02,
    0.995547977427));
#7650 = PCURVE('',#6290,#7651);
#7651 = DEFINITIONAL_REPRESENTATION('',(#7652),#7656);
#7652 = HYPERBOLA('',#7653,0.350222911598,0.654909647025);
#7653 = AXIS2_PLACEMENT_2D('',#7654,#7655);
#7654 = CARTESIAN_POINT('',(-0.531346423733,2.455786102084));
#7655 = DIRECTION('',(1.544605614572E-20,-1.));
#7656 = ( GEOMETRIC_REPRESENTATION_CONTEXT(2) 
PARAMETRIC_REPRESENTATION_CONTEXT() REPRESENTATION_CONTEXT('2D SPACE',''
  ) );
#7657 = PCURVE('',#6868,#7658);
#7658 = DEFINITIONAL_REPRESENTATION('',(#7659),#7668);
#7659 = B_SPLINE_CURVE_WITH_KNOTS('',7,(#7660,#7661,#7662,#7663,#7664,
    #7665,#7666,#7667),.UNSPECIFIED.,.F.,.F.,(8,8),(0.268511940614,
    1.109111310911),.PIECEWISE_BEZIER_KNOTS.);
#7660 = CARTESIAN_POINT('',(1.475794703863,-0.229946710945));
#7661 = CARTESIAN_POINT('',(1.586168846435,-0.218568668157));
#7662 = CARTESIAN_POINT('',(1.692675581722,-0.201111981153));
#7663 = CARTESIAN_POINT('',(1.793162539559,-0.177308623479));
#7664 = CARTESIAN_POINT('',(1.886059986719,-0.146675968343));
#7665 = CARTESIAN_POINT('',(1.970894797539,-0.108500378213));
#7666 = CARTESIAN_POINT('',(2.047750952199,-6.179781267098E-02));
#7667 = CARTESIAN_POINT('',(2.117032605985,-5.236075069836E-03));
#7668 = ( GEOMETRIC_REPRESENTATION_CONTEXT(2) 
PARAMETRIC_REPRESENTATION_CONTEXT() REPRESENTATION_CONTEXT('2D SPACE',''
  ) );
#7669 = ADVANCED_FACE('',(#7670),#6255,.T.);
#7670 = FACE_BOUND('',#7671,.T.);
#7671 = EDGE_LOOP('',(#7672,#7695,#7696,#7697));
#7672 = ORIENTED_EDGE('',*,*,#7673,.F.);
#7673 = EDGE_CURVE('',#6187,#7674,#7676,.T.);
#7674 = VERTEX_POINT('',#7675);
#7675 = CARTESIAN_POINT('',(5.145,0.890868365168,11.509718154986));
#7676 = SURFACE_CURVE('',#7677,(#7681,#7688),.PCURVE_S1.);
#7677 = LINE('',#7678,#7679);
#7678 = CARTESIAN_POINT('',(5.145,1.334595021906,15.916371473349));
#7679 = VECTOR('',#7680,1.);
#7680 = DIRECTION('',(-0.,-0.100188061612,-0.994968518251));
#7681 = PCURVE('',#6255,#7682);
#7682 = DEFINITIONAL_REPRESENTATION('',(#7683),#7687);
#7683 = LINE('',#7684,#7685);
#7684 = CARTESIAN_POINT('',(-0.294478857022,-2.473416677614));
#7685 = VECTOR('',#7686,1.);
#7686 = DIRECTION('',(3.411395862797E-02,0.999417949522));
#7687 = ( GEOMETRIC_REPRESENTATION_CONTEXT(2) 
PARAMETRIC_REPRESENTATION_CONTEXT() REPRESENTATION_CONTEXT('2D SPACE',''
  ) );
#7688 = PCURVE('',#6220,#7689);
#7689 = DEFINITIONAL_REPRESENTATION('',(#7690),#7694);
#7690 = LINE('',#7691,#7692);
#7691 = CARTESIAN_POINT('',(2.185336269284,-2.469610051471));
#7692 = VECTOR('',#7693,1.);
#7693 = DIRECTION('',(6.50833687835E-02,0.997879829993));
#7694 = ( GEOMETRIC_REPRESENTATION_CONTEXT(2) 
PARAMETRIC_REPRESENTATION_CONTEXT() REPRESENTATION_CONTEXT('2D SPACE',''
  ) );
#7695 = ORIENTED_EDGE('',*,*,#6232,.T.);
#7696 = ORIENTED_EDGE('',*,*,#7618,.T.);
#7697 = ORIENTED_EDGE('',*,*,#7698,.F.);
#7698 = EDGE_CURVE('',#7674,#7619,#7699,.T.);
#7699 = SURFACE_CURVE('',#7700,(#7705,#7712),.PCURVE_S1.);
#7700 = HYPERBOLA('',#7701,0.350222911598,0.654909647025);
#7701 = AXIS2_PLACEMENT_3D('',#7702,#7703,#7704);
#7702 = CARTESIAN_POINT('',(4.526720665618,0.616557125368,
    11.009113615693));
#7703 = DIRECTION('',(0.33898332763,-0.93605880101,9.425616500203E-02));
#7704 = DIRECTION('',(-3.209415235281E-02,8.862386826157E-02,
    0.995547977427));
#7705 = PCURVE('',#6255,#7706);
#7706 = DEFINITIONAL_REPRESENTATION('',(#7707),#7711);
#7707 = HYPERBOLA('',#7708,0.350222911598,0.654909647025);
#7708 = AXIS2_PLACEMENT_2D('',#7709,#7710);
#7709 = CARTESIAN_POINT('',(0.531346423733,2.455786102084));
#7710 = DIRECTION('',(-6.954339960053E-18,-1.));
#7711 = ( GEOMETRIC_REPRESENTATION_CONTEXT(2) 
PARAMETRIC_REPRESENTATION_CONTEXT() REPRESENTATION_CONTEXT('2D SPACE',''
  ) );
#7712 = PCURVE('',#6868,#7713);
#7713 = DEFINITIONAL_REPRESENTATION('',(#7714),#7723);
#7714 = B_SPLINE_CURVE_WITH_KNOTS('',7,(#7715,#7716,#7717,#7718,#7719,
    #7720,#7721,#7722),.UNSPECIFIED.,.F.,.F.,(8,8),(-1.109111310911,
    -0.268511940614),.PIECEWISE_BEZIER_KNOTS.);
#7715 = CARTESIAN_POINT('',(1.024560047605,-5.236075069836E-03));
#7716 = CARTESIAN_POINT('',(1.093841701391,-6.179781267098E-02));
#7717 = CARTESIAN_POINT('',(1.170697856051,-0.108500378213));
#7718 = CARTESIAN_POINT('',(1.255532666871,-0.146675968343));
#7719 = CARTESIAN_POINT('',(1.348430114031,-0.177308623479));
#7720 = CARTESIAN_POINT('',(1.448917071867,-0.201111981153));
#7721 = CARTESIAN_POINT('',(1.555423807154,-0.218568668157));
#7722 = CARTESIAN_POINT('',(1.665797949726,-0.229946710945));
#7723 = ( GEOMETRIC_REPRESENTATION_CONTEXT(2) 
PARAMETRIC_REPRESENTATION_CONTEXT() REPRESENTATION_CONTEXT('2D SPACE',''
  ) );
#7724 = ADVANCED_FACE('',(#7725),#6220,.T.);
#7725 = FACE_BOUND('',#7726,.T.);
#7726 = EDGE_LOOP('',(#7727,#7756,#7757,#7758));
#7727 = ORIENTED_EDGE('',*,*,#7728,.F.);
#7728 = EDGE_CURVE('',#6158,#7729,#7731,.T.);
#7729 = VERTEX_POINT('',#7730);
#7730 = CARTESIAN_POINT('',(5.279711636702,1.015101266841,
    11.600368831136));
#7731 = SURFACE_CURVE('',#7732,(#7737,#7744),.PCURVE_S1.);
#7732 = HYPERBOLA('',#7733,0.518803557914,0.254852851795);
#7733 = AXIS2_PLACEMENT_3D('',#7734,#7735,#7736);
#7734 = CARTESIAN_POINT('',(4.582457749393,0.196081130525,9.383281438826
    ));
#7735 = DIRECTION('',(0.647716775677,-0.758047818829,7.633140163198E-02)
  );
#7736 = DIRECTION('',(-4.958579577486E-02,5.803216119081E-02,
    0.997082502667));
#7737 = PCURVE('',#6220,#7738);
#7738 = DEFINITIONAL_REPRESENTATION('',(#7739),#7743);
#7739 = HYPERBOLA('',#7740,0.518803557914,0.254852851795);
#7740 = AXIS2_PLACEMENT_2D('',#7741,#7742);
#7741 = CARTESIAN_POINT('',(3.352610260902,4.08259602681));
#7742 = DIRECTION('',(-6.898405494991E-18,-1.));
#7743 = ( GEOMETRIC_REPRESENTATION_CONTEXT(2) 
PARAMETRIC_REPRESENTATION_CONTEXT() REPRESENTATION_CONTEXT('2D SPACE',''
  ) );
#7744 = PCURVE('',#6174,#7745);
#7745 = DEFINITIONAL_REPRESENTATION('',(#7746),#7755);
#7746 = B_SPLINE_CURVE_WITH_KNOTS('',7,(#7747,#7748,#7749,#7750,#7751,
    #7752,#7753,#7754),.UNSPECIFIED.,.F.,.F.,(8,8),(-3.042532923046,
    -2.134597207417),.PIECEWISE_BEZIER_KNOTS.);
#7747 = CARTESIAN_POINT('',(0.954770964037,3.73187628788E-15));
#7748 = CARTESIAN_POINT('',(0.966798047755,-0.701498128582));
#7749 = CARTESIAN_POINT('',(0.980610748714,-1.29635934637));
#7750 = CARTESIAN_POINT('',(0.996519427791,-1.803859067972));
#7751 = CARTESIAN_POINT('',(1.014898616658,-2.238880022435));
#7752 = CARTESIAN_POINT('',(1.036198494625,-2.613225801562));
#7753 = CARTESIAN_POINT('',(1.060966962983,-2.936371929625));
#7754 = CARTESIAN_POINT('',(1.089836583242,-3.216002642213));
#7755 = ( GEOMETRIC_REPRESENTATION_CONTEXT(2) 
PARAMETRIC_REPRESENTATION_CONTEXT() REPRESENTATION_CONTEXT('2D SPACE',''
  ) );
#7756 = ORIENTED_EDGE('',*,*,#6186,.T.);
#7757 = ORIENTED_EDGE('',*,*,#7673,.T.);
#7758 = ORIENTED_EDGE('',*,*,#7759,.F.);
#7759 = EDGE_CURVE('',#7729,#7674,#7760,.T.);
#7760 = SURFACE_CURVE('',#7761,(#7766,#7773),.PCURVE_S1.);
#7761 = HYPERBOLA('',#7762,0.203528734064,0.381348792359);
#7762 = AXIS2_PLACEMENT_3D('',#7763,#7764,#7765);
#7763 = CARTESIAN_POINT('',(4.502065757093,0.290166966654,
    10.999821974765));
#7764 = DIRECTION('',(0.647716775677,-0.758047818829,7.633140163198E-02)
  );
#7765 = DIRECTION('',(-4.958579577486E-02,5.803216119081E-02,
    0.997082502667));
#7766 = PCURVE('',#6220,#7767);
#7767 = DEFINITIONAL_REPRESENTATION('',(#7768),#7772);
#7768 = HYPERBOLA('',#7769,0.203528734064,0.381348792359);
#7769 = AXIS2_PLACEMENT_2D('',#7770,#7771);
#7770 = CARTESIAN_POINT('',(3.352610260902,2.461325438252));
#7771 = DIRECTION('',(-6.898405494991E-18,-1.));
#7772 = ( GEOMETRIC_REPRESENTATION_CONTEXT(2) 
PARAMETRIC_REPRESENTATION_CONTEXT() REPRESENTATION_CONTEXT('2D SPACE',''
  ) );
#7773 = PCURVE('',#6868,#7774);
#7774 = DEFINITIONAL_REPRESENTATION('',(#7775),#7783);
#7775 = B_SPLINE_CURVE_WITH_KNOTS('',6,(#7776,#7777,#7778,#7779,#7780,
    #7781,#7782),.UNSPECIFIED.,.F.,.F.,(7,7),(-1.748249181547,
    -0.80968519384),.PIECEWISE_BEZIER_KNOTS.);
#7776 = CARTESIAN_POINT('',(1.089836583242,7.605439317131E-16));
#7777 = CARTESIAN_POINT('',(1.141935599729,-8.841589612661E-02));
#7778 = CARTESIAN_POINT('',(1.203114207076,-0.159197950595));
#7779 = CARTESIAN_POINT('',(1.275065565054,-0.216238488484));
#7780 = CARTESIAN_POINT('',(1.359636860173,-0.262144681271));
#7781 = CARTESIAN_POINT('',(1.458595704642,-0.298771209243));
#7782 = CARTESIAN_POINT('',(1.571299206468,-0.327376278856));
#7783 = ( GEOMETRIC_REPRESENTATION_CONTEXT(2) 
PARAMETRIC_REPRESENTATION_CONTEXT() REPRESENTATION_CONTEXT('2D SPACE',''
  ) );
#7784 = ADVANCED_FACE('',(#7785),#6174,.F.);
#7785 = FACE_BOUND('',#7786,.T.);
#7786 = EDGE_LOOP('',(#7787,#7811,#7838,#7839));
#7787 = ORIENTED_EDGE('',*,*,#7788,.F.);
#7788 = EDGE_CURVE('',#7789,#7729,#7791,.T.);
#7789 = VERTEX_POINT('',#7790);
#7790 = CARTESIAN_POINT('',(5.765101266841,0.529711636702,
    11.600368831136));
#7791 = SURFACE_CURVE('',#7792,(#7797,#7804),.PCURVE_S1.);
#7792 = CIRCLE('',#7793,1.145);
#7793 = AXIS2_PLACEMENT_3D('',#7794,#7795,#7796);
#7794 = CARTESIAN_POINT('',(4.75,0.,11.600368831136));
#7795 = DIRECTION('',(0.,0.,1.));
#7796 = DIRECTION('',(1.,0.,0.));
#7797 = PCURVE('',#6174,#7798);
#7798 = DEFINITIONAL_REPRESENTATION('',(#7799),#7803);
#7799 = LINE('',#7800,#7801);
#7800 = CARTESIAN_POINT('',(0.,-3.216002642213));
#7801 = VECTOR('',#7802,1.);
#7802 = DIRECTION('',(1.,-0.));
#7803 = ( GEOMETRIC_REPRESENTATION_CONTEXT(2) 
PARAMETRIC_REPRESENTATION_CONTEXT() REPRESENTATION_CONTEXT('2D SPACE',''
  ) );
#7804 = PCURVE('',#6868,#7805);
#7805 = DEFINITIONAL_REPRESENTATION('',(#7806),#7810);
#7806 = LINE('',#7807,#7808);
#7807 = CARTESIAN_POINT('',(0.,-0.));
#7808 = VECTOR('',#7809,1.);
#7809 = DIRECTION('',(1.,-0.));
#7810 = ( GEOMETRIC_REPRESENTATION_CONTEXT(2) 
PARAMETRIC_REPRESENTATION_CONTEXT() REPRESENTATION_CONTEXT('2D SPACE',''
  ) );
#7811 = ORIENTED_EDGE('',*,*,#7812,.T.);
#7812 = EDGE_CURVE('',#7789,#6112,#7813,.T.);
#7813 = SURFACE_CURVE('',#7814,(#7819,#7831),.PCURVE_S1.);
#7814 = HYPERBOLA('',#7815,0.518803557914,0.254852851795);
#7815 = AXIS2_PLACEMENT_3D('',#7816,#7817,#7818);
#7816 = CARTESIAN_POINT('',(4.946081130525,-0.167542250607,
    9.383281438826));
#7817 = DIRECTION('',(-0.758047818829,0.647716775677,7.633140163198E-02)
  );
#7818 = DIRECTION('',(5.803216119081E-02,-4.958579577486E-02,
    0.997082502667));
#7819 = PCURVE('',#6174,#7820);
#7820 = DEFINITIONAL_REPRESENTATION('',(#7821),#7830);
#7821 = B_SPLINE_CURVE_WITH_KNOTS('',7,(#7822,#7823,#7824,#7825,#7826,
    #7827,#7828,#7829),.UNSPECIFIED.,.F.,.F.,(8,8),(2.134597207417,
    3.042532923046),.PIECEWISE_BEZIER_KNOTS.);
#7822 = CARTESIAN_POINT('',(0.480959743553,-3.216002642213));
#7823 = CARTESIAN_POINT('',(0.509829363812,-2.936371929625));
#7824 = CARTESIAN_POINT('',(0.53459783217,-2.613225801562));
#7825 = CARTESIAN_POINT('',(0.555897710138,-2.238880022435));
#7826 = CARTESIAN_POINT('',(0.574276899003,-1.803859067972));
#7827 = CARTESIAN_POINT('',(0.590185578081,-1.29635934637));
#7828 = CARTESIAN_POINT('',(0.603998279039,-0.701498128582));
#7829 = CARTESIAN_POINT('',(0.616025362758,3.382851886856E-15));
#7830 = ( GEOMETRIC_REPRESENTATION_CONTEXT(2) 
PARAMETRIC_REPRESENTATION_CONTEXT() REPRESENTATION_CONTEXT('2D SPACE',''
  ) );
#7831 = PCURVE('',#6145,#7832);
#7832 = DEFINITIONAL_REPRESENTATION('',(#7833),#7837);
#7833 = HYPERBOLA('',#7834,0.518803557914,0.254852851795);
#7834 = AXIS2_PLACEMENT_2D('',#7835,#7836);
#7835 = CARTESIAN_POINT('',(-3.352610260902,4.08259602681));
#7836 = DIRECTION('',(2.077619330281E-17,-1.));
#7837 = ( GEOMETRIC_REPRESENTATION_CONTEXT(2) 
PARAMETRIC_REPRESENTATION_CONTEXT() REPRESENTATION_CONTEXT('2D SPACE',''
  ) );
#7838 = ORIENTED_EDGE('',*,*,#6157,.F.);
#7839 = ORIENTED_EDGE('',*,*,#7728,.T.);
#7840 = ADVANCED_FACE('',(#7841),#6145,.T.);
#7841 = FACE_BOUND('',#7842,.T.);
#7842 = EDGE_LOOP('',(#7843,#7866,#7867,#7868));
#7843 = ORIENTED_EDGE('',*,*,#7844,.F.);
#7844 = EDGE_CURVE('',#6078,#7845,#7847,.T.);
#7845 = VERTEX_POINT('',#7846);
#7846 = CARTESIAN_POINT('',(5.640868365168,0.395,11.509718154986));
#7847 = SURFACE_CURVE('',#7848,(#7852,#7859),.PCURVE_S1.);
#7848 = LINE('',#7849,#7850);
#7849 = CARTESIAN_POINT('',(6.084595021906,0.395,15.916371473349));
#7850 = VECTOR('',#7851,1.);
#7851 = DIRECTION('',(-0.100188061612,0.,-0.994968518251));
#7852 = PCURVE('',#6145,#7853);
#7853 = DEFINITIONAL_REPRESENTATION('',(#7854),#7858);
#7854 = LINE('',#7855,#7856);
#7855 = CARTESIAN_POINT('',(-2.185336269284,-2.469610051471));
#7856 = VECTOR('',#7857,1.);
#7857 = DIRECTION('',(-6.50833687835E-02,0.997879829993));
#7858 = ( GEOMETRIC_REPRESENTATION_CONTEXT(2) 
PARAMETRIC_REPRESENTATION_CONTEXT() REPRESENTATION_CONTEXT('2D SPACE',''
  ) );
#7859 = PCURVE('',#6099,#7860);
#7860 = DEFINITIONAL_REPRESENTATION('',(#7861),#7865);
#7861 = LINE('',#7862,#7863);
#7862 = CARTESIAN_POINT('',(0.294478857022,-2.473416677614));
#7863 = VECTOR('',#7864,1.);
#7864 = DIRECTION('',(-3.411395862797E-02,0.999417949522));
#7865 = ( GEOMETRIC_REPRESENTATION_CONTEXT(2) 
PARAMETRIC_REPRESENTATION_CONTEXT() REPRESENTATION_CONTEXT('2D SPACE',''
  ) );
#7866 = ORIENTED_EDGE('',*,*,#6111,.T.);
#7867 = ORIENTED_EDGE('',*,*,#7812,.F.);
#7868 = ORIENTED_EDGE('',*,*,#7869,.F.);
#7869 = EDGE_CURVE('',#7845,#7789,#7870,.T.);
#7870 = SURFACE_CURVE('',#7871,(#7876,#7883),.PCURVE_S1.);
#7871 = HYPERBOLA('',#7872,0.203528734064,0.381348792359);
#7872 = AXIS2_PLACEMENT_3D('',#7873,#7874,#7875);
#7873 = CARTESIAN_POINT('',(5.040166966654,-0.247934242907,
    10.999821974765));
#7874 = DIRECTION('',(-0.758047818829,0.647716775677,7.633140163198E-02)
  );
#7875 = DIRECTION('',(5.803216119081E-02,-4.958579577486E-02,
    0.997082502667));
#7876 = PCURVE('',#6145,#7877);
#7877 = DEFINITIONAL_REPRESENTATION('',(#7878),#7882);
#7878 = HYPERBOLA('',#7879,0.203528734064,0.381348792359);
#7879 = AXIS2_PLACEMENT_2D('',#7880,#7881);
#7880 = CARTESIAN_POINT('',(-3.352610260902,2.461325438252));
#7881 = DIRECTION('',(2.077619330281E-17,-1.));
#7882 = ( GEOMETRIC_REPRESENTATION_CONTEXT(2) 
PARAMETRIC_REPRESENTATION_CONTEXT() REPRESENTATION_CONTEXT('2D SPACE',''
  ) );
#7883 = PCURVE('',#6868,#7884);
#7884 = DEFINITIONAL_REPRESENTATION('',(#7885),#7893);
#7885 = B_SPLINE_CURVE_WITH_KNOTS('',6,(#7886,#7887,#7888,#7889,#7890,
    #7891,#7892),.UNSPECIFIED.,.F.,.F.,(7,7),(0.810383326292,
    1.748249181547),.PIECEWISE_BEZIER_KNOTS.);
#7886 = CARTESIAN_POINT('',(5.E-17,-0.327248548349));
#7887 = CARTESIAN_POINT('',(0.112568579067,-0.298634939141));
#7888 = CARTESIAN_POINT('',(0.211411069976,-0.262008056099));
#7889 = CARTESIAN_POINT('',(0.295891284215,-0.216111182728));
#7890 = CARTESIAN_POINT('',(0.367773134236,-0.159092640263));
#7891 = CARTESIAN_POINT('',(0.4288994799,-8.835012969284E-02));
#7892 = CARTESIAN_POINT('',(0.480959743553,3.896613971123E-16));
#7893 = ( GEOMETRIC_REPRESENTATION_CONTEXT(2) 
PARAMETRIC_REPRESENTATION_CONTEXT() REPRESENTATION_CONTEXT('2D SPACE',''
  ) );
#7894 = ADVANCED_FACE('',(#7895),#6099,.T.);
#7895 = FACE_BOUND('',#7896,.T.);
#7896 = EDGE_LOOP('',(#7897,#7924,#7925,#7926));
#7897 = ORIENTED_EDGE('',*,*,#7898,.F.);
#7898 = EDGE_CURVE('',#6831,#7845,#7899,.T.);
#7899 = SURFACE_CURVE('',#7900,(#7905,#7912),.PCURVE_S1.);
#7900 = HYPERBOLA('',#7901,0.350222911598,0.654909647025);
#7901 = AXIS2_PLACEMENT_3D('',#7902,#7903,#7904);
#7902 = CARTESIAN_POINT('',(5.366557125368,-0.223279334382,
    11.009113615693));
#7903 = DIRECTION('',(-0.93605880101,0.33898332763,9.425616500203E-02));
#7904 = DIRECTION('',(8.862386826157E-02,-3.209415235281E-02,
    0.995547977427));
#7905 = PCURVE('',#6099,#7906);
#7906 = DEFINITIONAL_REPRESENTATION('',(#7907),#7911);
#7907 = HYPERBOLA('',#7908,0.350222911598,0.654909647025);
#7908 = AXIS2_PLACEMENT_2D('',#7909,#7910);
#7909 = CARTESIAN_POINT('',(-0.531346423733,2.455786102084));
#7910 = DIRECTION('',(6.954339960053E-18,-1.));
#7911 = ( GEOMETRIC_REPRESENTATION_CONTEXT(2) 
PARAMETRIC_REPRESENTATION_CONTEXT() REPRESENTATION_CONTEXT('2D SPACE',''
  ) );
#7912 = PCURVE('',#6868,#7913);
#7913 = DEFINITIONAL_REPRESENTATION('',(#7914),#7923);
#7914 = B_SPLINE_CURVE_WITH_KNOTS('',7,(#7915,#7916,#7917,#7918,#7919,
    #7920,#7921,#7922),.UNSPECIFIED.,.F.,.F.,(8,8),(0.373401784931,
    1.109111310911),.PIECEWISE_BEZIER_KNOTS.);
#7915 = CARTESIAN_POINT('',(0.,-0.218000866981));
#7916 = CARTESIAN_POINT('',(9.364883692379E-02,-0.203997348029));
#7917 = CARTESIAN_POINT('',(0.183382767895,-0.185183572808));
#7918 = CARTESIAN_POINT('',(0.267980690762,-0.161306874177));
#7919 = CARTESIAN_POINT('',(0.346648723676,-0.131984460059));
#7920 = CARTESIAN_POINT('',(0.419160751454,-9.669179298642E-02));
#7921 = CARTESIAN_POINT('',(0.485599578204,-5.474004881714E-02));
#7922 = CARTESIAN_POINT('',(0.54623627919,-5.236075069836E-03));
#7923 = ( GEOMETRIC_REPRESENTATION_CONTEXT(2) 
PARAMETRIC_REPRESENTATION_CONTEXT() REPRESENTATION_CONTEXT('2D SPACE',''
  ) );
#7924 = ORIENTED_EDGE('',*,*,#6830,.F.);
#7925 = ORIENTED_EDGE('',*,*,#6077,.T.);
#7926 = ORIENTED_EDGE('',*,*,#7844,.T.);
#7927 = ADVANCED_FACE('',(#7928),#6064,.T.);
#7928 = FACE_BOUND('',#7929,.F.);
#7929 = EDGE_LOOP('',(#7930,#7931,#7954,#7981));
#7930 = ORIENTED_EDGE('',*,*,#6049,.T.);
#7931 = ORIENTED_EDGE('',*,*,#7932,.T.);
#7932 = EDGE_CURVE('',#6026,#7933,#7935,.T.);
#7933 = VERTEX_POINT('',#7934);
#7934 = CARTESIAN_POINT('',(8.75,0.,11.));
#7935 = SEAM_CURVE('',#7936,(#7940,#7947),.PCURVE_S1.);
#7936 = LINE('',#7937,#7938);
#7937 = CARTESIAN_POINT('',(8.75,0.,12.72347538298));
#7938 = VECTOR('',#7939,1.);
#7939 = DIRECTION('',(0.,0.,-1.));
#7940 = PCURVE('',#6064,#7941);
#7941 = DEFINITIONAL_REPRESENTATION('',(#7942),#7946);
#7942 = LINE('',#7943,#7944);
#7943 = CARTESIAN_POINT('',(-0.,0.));
#7944 = VECTOR('',#7945,1.);
#7945 = DIRECTION('',(-0.,1.));
#7946 = ( GEOMETRIC_REPRESENTATION_CONTEXT(2) 
PARAMETRIC_REPRESENTATION_CONTEXT() REPRESENTATION_CONTEXT('2D SPACE',''
  ) );
#7947 = PCURVE('',#6064,#7948);
#7948 = DEFINITIONAL_REPRESENTATION('',(#7949),#7953);
#7949 = LINE('',#7950,#7951);
#7950 = CARTESIAN_POINT('',(-6.28318530718,0.));
#7951 = VECTOR('',#7952,1.);
#7952 = DIRECTION('',(-0.,1.));
#7953 = ( GEOMETRIC_REPRESENTATION_CONTEXT(2) 
PARAMETRIC_REPRESENTATION_CONTEXT() REPRESENTATION_CONTEXT('2D SPACE',''
  ) );
#7954 = ORIENTED_EDGE('',*,*,#7955,.F.);
#7955 = EDGE_CURVE('',#7933,#7933,#7956,.T.);
#7956 = SURFACE_CURVE('',#7957,(#7962,#7969),.PCURVE_S1.);
#7957 = CIRCLE('',#7958,4.);
#7958 = AXIS2_PLACEMENT_3D('',#7959,#7960,#7961);
#7959 = CARTESIAN_POINT('',(4.75,0.,11.));
#7960 = DIRECTION('',(0.,0.,1.));
#7961 = DIRECTION('',(1.,0.,-0.));
#7962 = PCURVE('',#6064,#7963);
#7963 = DEFINITIONAL_REPRESENTATION('',(#7964),#7968);
#7964 = LINE('',#7965,#7966);
#7965 = CARTESIAN_POINT('',(-0.,1.72347538298));
#7966 = VECTOR('',#7967,1.);
#7967 = DIRECTION('',(-1.,0.));
#7968 = ( GEOMETRIC_REPRESENTATION_CONTEXT(2) 
PARAMETRIC_REPRESENTATION_CONTEXT() REPRESENTATION_CONTEXT('2D SPACE',''
  ) );
#7969 = PCURVE('',#7970,#7975);
#7970 = PLANE('',#7971);
#7971 = AXIS2_PLACEMENT_3D('',#7972,#7973,#7974);
#7972 = CARTESIAN_POINT('',(4.75,0.,11.));
#7973 = DIRECTION('',(0.,0.,1.));
#7974 = DIRECTION('',(1.,0.,-0.));
#7975 = DEFINITIONAL_REPRESENTATION('',(#7976),#7980);
#7976 = CIRCLE('',#7977,4.);
#7977 = AXIS2_PLACEMENT_2D('',#7978,#7979);
#7978 = CARTESIAN_POINT('',(0.,0.));
#7979 = DIRECTION('',(1.,0.));
#7980 = ( GEOMETRIC_REPRESENTATION_CONTEXT(2) 
PARAMETRIC_REPRESENTATION_CONTEXT() REPRESENTATION_CONTEXT('2D SPACE',''
  ) );
#7981 = ORIENTED_EDGE('',*,*,#7932,.F.);
#7982 = ADVANCED_FACE('',(#7983),#6868,.F.);
#7983 = FACE_BOUND('',#7984,.T.);
#7984 = EDGE_LOOP('',(#7985,#7986,#8009,#8010,#8011,#8012,#8013,#8014,
    #8015,#8016,#8017,#8018,#8019,#8020,#8021,#8022,#8023,#8024,#8025,
    #8026,#8027,#8028));
#7985 = ORIENTED_EDGE('',*,*,#6853,.T.);
#7986 = ORIENTED_EDGE('',*,*,#7987,.T.);
#7987 = EDGE_CURVE('',#6831,#7988,#7990,.T.);
#7988 = VERTEX_POINT('',#7989);
#7989 = CARTESIAN_POINT('',(4.75,0.,10.991561531884));
#7990 = SEAM_CURVE('',#7991,(#7995,#8002),.PCURVE_S1.);
#7991 = LINE('',#7992,#7993);
#7992 = CARTESIAN_POINT('',(5.895,0.,11.600368831136));
#7993 = VECTOR('',#7994,1.);
#7994 = DIRECTION('',(-0.882947592859,0.,-0.469471562786));
#7995 = PCURVE('',#6868,#7996);
#7996 = DEFINITIONAL_REPRESENTATION('',(#7997),#8001);
#7997 = LINE('',#7998,#7999);
#7998 = CARTESIAN_POINT('',(0.,-0.));
#7999 = VECTOR('',#8000,1.);
#8000 = DIRECTION('',(0.,-1.));
#8001 = ( GEOMETRIC_REPRESENTATION_CONTEXT(2) 
PARAMETRIC_REPRESENTATION_CONTEXT() REPRESENTATION_CONTEXT('2D SPACE',''
  ) );
#8002 = PCURVE('',#6868,#8003);
#8003 = DEFINITIONAL_REPRESENTATION('',(#8004),#8008);
#8004 = LINE('',#8005,#8006);
#8005 = CARTESIAN_POINT('',(6.28318530718,-0.));
#8006 = VECTOR('',#8007,1.);
#8007 = DIRECTION('',(0.,-1.));
#8008 = ( GEOMETRIC_REPRESENTATION_CONTEXT(2) 
PARAMETRIC_REPRESENTATION_CONTEXT() REPRESENTATION_CONTEXT('2D SPACE',''
  ) );
#8009 = ORIENTED_EDGE('',*,*,#7987,.F.);
#8010 = ORIENTED_EDGE('',*,*,#7898,.T.);
#8011 = ORIENTED_EDGE('',*,*,#7869,.T.);
#8012 = ORIENTED_EDGE('',*,*,#7788,.T.);
#8013 = ORIENTED_EDGE('',*,*,#7759,.T.);
#8014 = ORIENTED_EDGE('',*,*,#7698,.T.);
#8015 = ORIENTED_EDGE('',*,*,#7643,.T.);
#8016 = ORIENTED_EDGE('',*,*,#7589,.T.);
#8017 = ORIENTED_EDGE('',*,*,#7508,.T.);
#8018 = ORIENTED_EDGE('',*,*,#7479,.T.);
#8019 = ORIENTED_EDGE('',*,*,#7418,.T.);
#8020 = ORIENTED_EDGE('',*,*,#7363,.T.);
#8021 = ORIENTED_EDGE('',*,*,#7309,.T.);
#8022 = ORIENTED_EDGE('',*,*,#7228,.T.);
#8023 = ORIENTED_EDGE('',*,*,#7199,.T.);
#8024 = ORIENTED_EDGE('',*,*,#7138,.T.);
#8025 = ORIENTED_EDGE('',*,*,#7083,.T.);
#8026 = ORIENTED_EDGE('',*,*,#7029,.T.);
#8027 = ORIENTED_EDGE('',*,*,#6948,.T.);
#8028 = ORIENTED_EDGE('',*,*,#6919,.T.);
#8029 = ADVANCED_FACE('',(#8030,#8033),#7970,.F.);
#8030 = FACE_BOUND('',#8031,.F.);
#8031 = EDGE_LOOP('',(#8032));
#8032 = ORIENTED_EDGE('',*,*,#7955,.T.);
#8033 = FACE_BOUND('',#8034,.F.);
#8034 = EDGE_LOOP('',(#8035));
#8035 = ORIENTED_EDGE('',*,*,#8036,.F.);
#8036 = EDGE_CURVE('',#8037,#8037,#8039,.T.);
#8037 = VERTEX_POINT('',#8038);
#8038 = CARTESIAN_POINT('',(6.95,0.,11.));
#8039 = SURFACE_CURVE('',#8040,(#8045,#8052),.PCURVE_S1.);
#8040 = CIRCLE('',#8041,2.2);
#8041 = AXIS2_PLACEMENT_3D('',#8042,#8043,#8044);
#8042 = CARTESIAN_POINT('',(4.75,0.,11.));
#8043 = DIRECTION('',(0.,0.,1.));
#8044 = DIRECTION('',(1.,0.,-0.));
#8045 = PCURVE('',#7970,#8046);
#8046 = DEFINITIONAL_REPRESENTATION('',(#8047),#8051);
#8047 = CIRCLE('',#8048,2.2);
#8048 = AXIS2_PLACEMENT_2D('',#8049,#8050);
#8049 = CARTESIAN_POINT('',(0.,0.));
#8050 = DIRECTION('',(1.,0.));
#8051 = ( GEOMETRIC_REPRESENTATION_CONTEXT(2) 
PARAMETRIC_REPRESENTATION_CONTEXT() REPRESENTATION_CONTEXT('2D SPACE',''
  ) );
#8052 = PCURVE('',#8053,#8062);
#8053 = SURFACE_OF_REVOLUTION('',#8054,#8059);
#8054 = CIRCLE('',#8055,0.2);
#8055 = AXIS2_PLACEMENT_3D('',#8056,#8057,#8058);
#8056 = CARTESIAN_POINT('',(6.95,0.,10.8));
#8057 = DIRECTION('',(0.,-1.,0.));
#8058 = DIRECTION('',(0.,0.,1.));
#8059 = AXIS1_PLACEMENT('',#8060,#8061);
#8060 = CARTESIAN_POINT('',(4.75,0.,11.));
#8061 = DIRECTION('',(0.,0.,1.));
#8062 = DEFINITIONAL_REPRESENTATION('',(#8063),#8067);
#8063 = LINE('',#8064,#8065);
#8064 = CARTESIAN_POINT('',(0.,0.));
#8065 = VECTOR('',#8066,1.);
#8066 = DIRECTION('',(1.,0.));
#8067 = ( GEOMETRIC_REPRESENTATION_CONTEXT(2) 
PARAMETRIC_REPRESENTATION_CONTEXT() REPRESENTATION_CONTEXT('2D SPACE',''
  ) );
#8068 = ADVANCED_FACE('',(#8069),#8053,.F.);
#8069 = FACE_BOUND('',#8070,.F.);
#8070 = EDGE_LOOP('',(#8071,#8072,#8096,#8123));
#8071 = ORIENTED_EDGE('',*,*,#8036,.T.);
#8072 = ORIENTED_EDGE('',*,*,#8073,.T.);
#8073 = EDGE_CURVE('',#8037,#8074,#8076,.T.);
#8074 = VERTEX_POINT('',#8075);
#8075 = CARTESIAN_POINT('',(6.75,0.,10.8));
#8076 = SEAM_CURVE('',#8077,(#8082,#8089),.PCURVE_S1.);
#8077 = CIRCLE('',#8078,0.2);
#8078 = AXIS2_PLACEMENT_3D('',#8079,#8080,#8081);
#8079 = CARTESIAN_POINT('',(6.95,0.,10.8));
#8080 = DIRECTION('',(0.,-1.,0.));
#8081 = DIRECTION('',(0.,0.,1.));
#8082 = PCURVE('',#8053,#8083);
#8083 = DEFINITIONAL_REPRESENTATION('',(#8084),#8088);
#8084 = LINE('',#8085,#8086);
#8085 = CARTESIAN_POINT('',(0.,0.));
#8086 = VECTOR('',#8087,1.);
#8087 = DIRECTION('',(0.,1.));
#8088 = ( GEOMETRIC_REPRESENTATION_CONTEXT(2) 
PARAMETRIC_REPRESENTATION_CONTEXT() REPRESENTATION_CONTEXT('2D SPACE',''
  ) );
#8089 = PCURVE('',#8053,#8090);
#8090 = DEFINITIONAL_REPRESENTATION('',(#8091),#8095);
#8091 = LINE('',#8092,#8093);
#8092 = CARTESIAN_POINT('',(6.28318530718,0.));
#8093 = VECTOR('',#8094,1.);
#8094 = DIRECTION('',(0.,1.));
#8095 = ( GEOMETRIC_REPRESENTATION_CONTEXT(2) 
PARAMETRIC_REPRESENTATION_CONTEXT() REPRESENTATION_CONTEXT('2D SPACE',''
  ) );
#8096 = ORIENTED_EDGE('',*,*,#8097,.F.);
#8097 = EDGE_CURVE('',#8074,#8074,#8098,.T.);
#8098 = SURFACE_CURVE('',#8099,(#8104,#8111),.PCURVE_S1.);
#8099 = CIRCLE('',#8100,2.);
#8100 = AXIS2_PLACEMENT_3D('',#8101,#8102,#8103);
#8101 = CARTESIAN_POINT('',(4.75,0.,10.8));
#8102 = DIRECTION('',(0.,0.,1.));
#8103 = DIRECTION('',(1.,0.,-0.));
#8104 = PCURVE('',#8053,#8105);
#8105 = DEFINITIONAL_REPRESENTATION('',(#8106),#8110);
#8106 = LINE('',#8107,#8108);
#8107 = CARTESIAN_POINT('',(0.,1.570796326795));
#8108 = VECTOR('',#8109,1.);
#8109 = DIRECTION('',(1.,0.));
#8110 = ( GEOMETRIC_REPRESENTATION_CONTEXT(2) 
PARAMETRIC_REPRESENTATION_CONTEXT() REPRESENTATION_CONTEXT('2D SPACE',''
  ) );
#8111 = PCURVE('',#8112,#8117);
#8112 = CYLINDRICAL_SURFACE('',#8113,2.);
#8113 = AXIS2_PLACEMENT_3D('',#8114,#8115,#8116);
#8114 = CARTESIAN_POINT('',(4.75,0.,10.8));
#8115 = DIRECTION('',(-0.,-0.,-1.));
#8116 = DIRECTION('',(1.,0.,0.));
#8117 = DEFINITIONAL_REPRESENTATION('',(#8118),#8122);
#8118 = LINE('',#8119,#8120);
#8119 = CARTESIAN_POINT('',(-0.,0.));
#8120 = VECTOR('',#8121,1.);
#8121 = DIRECTION('',(-1.,0.));
#8122 = ( GEOMETRIC_REPRESENTATION_CONTEXT(2) 
PARAMETRIC_REPRESENTATION_CONTEXT() REPRESENTATION_CONTEXT('2D SPACE',''
  ) );
#8123 = ORIENTED_EDGE('',*,*,#8073,.F.);
#8124 = ADVANCED_FACE('',(#8125),#8112,.T.);
#8125 = FACE_BOUND('',#8126,.F.);
#8126 = EDGE_LOOP('',(#8127,#8128,#8151,#8178));
#8127 = ORIENTED_EDGE('',*,*,#8097,.T.);
#8128 = ORIENTED_EDGE('',*,*,#8129,.T.);
#8129 = EDGE_CURVE('',#8074,#8130,#8132,.T.);
#8130 = VERTEX_POINT('',#8131);
#8131 = CARTESIAN_POINT('',(6.75,0.,3.));
#8132 = SEAM_CURVE('',#8133,(#8137,#8144),.PCURVE_S1.);
#8133 = LINE('',#8134,#8135);
#8134 = CARTESIAN_POINT('',(6.75,0.,10.8));
#8135 = VECTOR('',#8136,1.);
#8136 = DIRECTION('',(0.,0.,-1.));
#8137 = PCURVE('',#8112,#8138);
#8138 = DEFINITIONAL_REPRESENTATION('',(#8139),#8143);
#8139 = LINE('',#8140,#8141);
#8140 = CARTESIAN_POINT('',(-0.,0.));
#8141 = VECTOR('',#8142,1.);
#8142 = DIRECTION('',(-0.,1.));
#8143 = ( GEOMETRIC_REPRESENTATION_CONTEXT(2) 
PARAMETRIC_REPRESENTATION_CONTEXT() REPRESENTATION_CONTEXT('2D SPACE',''
  ) );
#8144 = PCURVE('',#8112,#8145);
#8145 = DEFINITIONAL_REPRESENTATION('',(#8146),#8150);
#8146 = LINE('',#8147,#8148);
#8147 = CARTESIAN_POINT('',(-6.28318530718,0.));
#8148 = VECTOR('',#8149,1.);
#8149 = DIRECTION('',(-0.,1.));
#8150 = ( GEOMETRIC_REPRESENTATION_CONTEXT(2) 
PARAMETRIC_REPRESENTATION_CONTEXT() REPRESENTATION_CONTEXT('2D SPACE',''
  ) );
#8151 = ORIENTED_EDGE('',*,*,#8152,.F.);
#8152 = EDGE_CURVE('',#8130,#8130,#8153,.T.);
#8153 = SURFACE_CURVE('',#8154,(#8159,#8166),.PCURVE_S1.);
#8154 = CIRCLE('',#8155,2.);
#8155 = AXIS2_PLACEMENT_3D('',#8156,#8157,#8158);
#8156 = CARTESIAN_POINT('',(4.75,0.,3.));
#8157 = DIRECTION('',(0.,0.,1.));
#8158 = DIRECTION('',(1.,0.,-0.));
#8159 = PCURVE('',#8112,#8160);
#8160 = DEFINITIONAL_REPRESENTATION('',(#8161),#8165);
#8161 = LINE('',#8162,#8163);
#8162 = CARTESIAN_POINT('',(-0.,7.8));
#8163 = VECTOR('',#8164,1.);
#8164 = DIRECTION('',(-1.,0.));
#8165 = ( GEOMETRIC_REPRESENTATION_CONTEXT(2) 
PARAMETRIC_REPRESENTATION_CONTEXT() REPRESENTATION_CONTEXT('2D SPACE',''
  ) );
#8166 = PCURVE('',#8167,#8172);
#8167 = PLANE('',#8168);
#8168 = AXIS2_PLACEMENT_3D('',#8169,#8170,#8171);
#8169 = CARTESIAN_POINT('',(4.75,0.,3.));
#8170 = DIRECTION('',(0.,0.,1.));
#8171 = DIRECTION('',(1.,0.,-0.));
#8172 = DEFINITIONAL_REPRESENTATION('',(#8173),#8177);
#8173 = CIRCLE('',#8174,2.);
#8174 = AXIS2_PLACEMENT_2D('',#8175,#8176);
#8175 = CARTESIAN_POINT('',(0.,0.));
#8176 = DIRECTION('',(1.,0.));
#8177 = ( GEOMETRIC_REPRESENTATION_CONTEXT(2) 
PARAMETRIC_REPRESENTATION_CONTEXT() REPRESENTATION_CONTEXT('2D SPACE',''
  ) );
#8178 = ORIENTED_EDGE('',*,*,#8129,.F.);
#8179 = ADVANCED_FACE('',(#8180),#8167,.F.);
#8180 = FACE_BOUND('',#8181,.F.);
#8181 = EDGE_LOOP('',(#8182));
#8182 = ORIENTED_EDGE('',*,*,#8152,.T.);
#8183 = ( GEOMETRIC_REPRESENTATION_CONTEXT(3) 
GLOBAL_UNCERTAINTY_ASSIGNED_CONTEXT((#8187)) 
GLOBAL_UNIT_ASSIGNED_CONTEXT((#8184,#8185,#8186)) REPRESENTATION_CONTEXT
('Context #1','3D Context with UNIT and UNCERTAINTY') );
#8184 = ( LENGTH_UNIT() NAMED_UNIT(*) SI_UNIT(.MILLI.,.METRE.) );
#8185 = ( NAMED_UNIT(*) PLANE_ANGLE_UNIT() SI_UNIT($,.RADIAN.) );
#8186 = ( NAMED_UNIT(*) SI_UNIT($,.STERADIAN.) SOLID_ANGLE_UNIT() );
#8187 = UNCERTAINTY_MEASURE_WITH_UNIT(LENGTH_MEASURE(1.E-07),#8184,
  'distance_accuracy_value','confusion accuracy');
#8188 = CONTEXT_DEPENDENT_SHAPE_REPRESENTATION(#8189,#8191);
#8189 = ( REPRESENTATION_RELATIONSHIP('','',#5977,#10) 
REPRESENTATION_RELATIONSHIP_WITH_TRANSFORMATION(#8190) 
SHAPE_REPRESENTATION_RELATIONSHIP() );
#8190 = ITEM_DEFINED_TRANSFORMATION('','',#11,#23);
#8191 = PRODUCT_DEFINITION_SHAPE('Placement','Placement of an item',
  #8192);
#8192 = NEXT_ASSEMBLY_USAGE_OCCURRENCE('4','M4x8_1','',#5,#5972,$);
#8193 = PRODUCT_RELATED_PRODUCT_CATEGORY('part',$,(#5974));
#8194 = SHAPE_DEFINITION_REPRESENTATION(#8195,#8201);
#8195 = PRODUCT_DEFINITION_SHAPE('','',#8196);
#8196 = PRODUCT_DEFINITION('design','',#8197,#8200);
#8197 = PRODUCT_DEFINITION_FORMATION('','',#8198);
#8198 = PRODUCT('M4x8_2','M4x8_2','',(#8199));
#8199 = PRODUCT_CONTEXT('',#2,'mechanical');
#8200 = PRODUCT_DEFINITION_CONTEXT('part definition',#2,'design');
#8201 = ADVANCED_BREP_SHAPE_REPRESENTATION('',(#11,#8202),#10407);
#8202 = MANIFOLD_SOLID_BREP('',#8203);
#8203 = CLOSED_SHELL('',(#8204,#9026,#9108,#9168,#9224,#9278,#9333,#9388
    ,#9448,#9504,#9558,#9613,#9668,#9728,#9784,#9838,#9893,#9948,#10008,
    #10064,#10118,#10151,#10206,#10253,#10292,#10348,#10403));
#8204 = ADVANCED_FACE('',(#8205),#8220,.T.);
#8205 = FACE_BOUND('',#8206,.F.);
#8206 = EDGE_LOOP('',(#8207,#8248,#8272,#8299,#8300,#8334,#8380,#8409,
    #8455,#8490,#8525,#8571,#8600,#8646,#8681,#8716,#8762,#8791,#8837,
    #8872,#8907,#8953,#8982));
#8207 = ORIENTED_EDGE('',*,*,#8208,.T.);
#8208 = EDGE_CURVE('',#8209,#8211,#8213,.T.);
#8209 = VERTEX_POINT('',#8210);
#8210 = CARTESIAN_POINT('',(5.890316615925,-0.395,13.986990920257));
#8211 = VERTEX_POINT('',#8212);
#8212 = CARTESIAN_POINT('',(5.750845761008,0.,14.022484547484));
#8213 = SURFACE_CURVE('',#8214,(#8219,#8236),.PCURVE_S1.);
#8214 = CIRCLE('',#8215,6.491541668948);
#8215 = AXIS2_PLACEMENT_3D('',#8216,#8217,#8218);
#8216 = CARTESIAN_POINT('',(5.060295741794,0.112370166265,7.56875486176)
  );
#8217 = DIRECTION('',(-0.93605880101,-0.33898332763,9.425616500203E-02)
  );
#8218 = DIRECTION('',(0.340499237924,-0.940244792048,3.469446951954E-18)
  );
#8219 = PCURVE('',#8220,#8225);
#8220 = SPHERICAL_SURFACE('',#8221,6.5);
#8221 = AXIS2_PLACEMENT_3D('',#8222,#8223,#8224);
#8222 = CARTESIAN_POINT('',(4.75,0.,7.6));
#8223 = DIRECTION('',(-0.,-0.,-1.));
#8224 = DIRECTION('',(1.,0.,0.));
#8225 = DEFINITIONAL_REPRESENTATION('',(#8226),#8235);
#8226 = B_SPLINE_CURVE_WITH_KNOTS('',7,(#8227,#8228,#8229,#8230,#8231,
    #8232,#8233,#8234),.UNSPECIFIED.,.F.,.F.,(8,8),(1.449090390607,
    1.518275067182),.PIECEWISE_BEZIER_KNOTS.);
#8227 = CARTESIAN_POINT('',(-5.931517071072,-1.381256448027));
#8228 = CARTESIAN_POINT('',(-5.97170624074,-1.387588588316));
#8229 = CARTESIAN_POINT('',(-6.015010269541,-1.393567610664));
#8230 = CARTESIAN_POINT('',(-6.061658768885,-1.399143935243));
#8231 = CARTESIAN_POINT('',(-6.111832598105,-1.404260680879));
#8232 = CARTESIAN_POINT('',(-6.165624156914,-1.408853506612));
#8233 = CARTESIAN_POINT('',(-6.222885928863,-1.41285469188));
#8234 = CARTESIAN_POINT('',(-6.28318530718,-1.41620504215));
#8235 = ( GEOMETRIC_REPRESENTATION_CONTEXT(2) 
PARAMETRIC_REPRESENTATION_CONTEXT() REPRESENTATION_CONTEXT('2D SPACE',''
  ) );
#8236 = PCURVE('',#8237,#8242);
#8237 = PLANE('',#8238);
#8238 = AXIS2_PLACEMENT_3D('',#8239,#8240,#8241);
#8239 = CARTESIAN_POINT('',(5.765121441712,-0.1975,13.453966502616));
#8240 = DIRECTION('',(-0.93605880101,-0.33898332763,9.425616500203E-02)
  );
#8241 = DIRECTION('',(-0.340499237924,0.940244792048,3.469446951954E-18)
  );
#8242 = DEFINITIONAL_REPRESENTATION('',(#8243),#8247);
#8243 = CIRCLE('',#8244,6.491541668948);
#8244 = AXIS2_PLACEMENT_2D('',#8245,#8246);
#8245 = CARTESIAN_POINT('',(0.531346423733,5.911529905436));
#8246 = DIRECTION('',(-1.,3.454000895808E-18));
#8247 = ( GEOMETRIC_REPRESENTATION_CONTEXT(2) 
PARAMETRIC_REPRESENTATION_CONTEXT() REPRESENTATION_CONTEXT('2D SPACE',''
  ) );
#8248 = ORIENTED_EDGE('',*,*,#8249,.T.);
#8249 = EDGE_CURVE('',#8211,#8250,#8252,.T.);
#8250 = VERTEX_POINT('',#8251);
#8251 = CARTESIAN_POINT('',(8.75,0.,12.72347538298));
#8252 = SEAM_CURVE('',#8253,(#8258,#8265),.PCURVE_S1.);
#8253 = CIRCLE('',#8254,6.5);
#8254 = AXIS2_PLACEMENT_3D('',#8255,#8256,#8257);
#8255 = CARTESIAN_POINT('',(4.75,0.,7.6));
#8256 = DIRECTION('',(0.,1.,-0.));
#8257 = DIRECTION('',(-2.E-17,0.,1.));
#8258 = PCURVE('',#8220,#8259);
#8259 = DEFINITIONAL_REPRESENTATION('',(#8260),#8264);
#8260 = LINE('',#8261,#8262);
#8261 = CARTESIAN_POINT('',(-0.,-1.570796326795));
#8262 = VECTOR('',#8263,1.);
#8263 = DIRECTION('',(-0.,1.));
#8264 = ( GEOMETRIC_REPRESENTATION_CONTEXT(2) 
PARAMETRIC_REPRESENTATION_CONTEXT() REPRESENTATION_CONTEXT('2D SPACE',''
  ) );
#8265 = PCURVE('',#8220,#8266);
#8266 = DEFINITIONAL_REPRESENTATION('',(#8267),#8271);
#8267 = LINE('',#8268,#8269);
#8268 = CARTESIAN_POINT('',(-6.28318530718,-1.570796326795));
#8269 = VECTOR('',#8270,1.);
#8270 = DIRECTION('',(-0.,1.));
#8271 = ( GEOMETRIC_REPRESENTATION_CONTEXT(2) 
PARAMETRIC_REPRESENTATION_CONTEXT() REPRESENTATION_CONTEXT('2D SPACE',''
  ) );
#8272 = ORIENTED_EDGE('',*,*,#8273,.F.);
#8273 = EDGE_CURVE('',#8250,#8250,#8274,.T.);
#8274 = SURFACE_CURVE('',#8275,(#8280,#8287),.PCURVE_S1.);
#8275 = CIRCLE('',#8276,4.);
#8276 = AXIS2_PLACEMENT_3D('',#8277,#8278,#8279);
#8277 = CARTESIAN_POINT('',(4.75,0.,12.72347538298));
#8278 = DIRECTION('',(0.,0.,1.));
#8279 = DIRECTION('',(1.,0.,-0.));
#8280 = PCURVE('',#8220,#8281);
#8281 = DEFINITIONAL_REPRESENTATION('',(#8282),#8286);
#8282 = LINE('',#8283,#8284);
#8283 = CARTESIAN_POINT('',(-0.,-0.907922503145));
#8284 = VECTOR('',#8285,1.);
#8285 = DIRECTION('',(-1.,0.));
#8286 = ( GEOMETRIC_REPRESENTATION_CONTEXT(2) 
PARAMETRIC_REPRESENTATION_CONTEXT() REPRESENTATION_CONTEXT('2D SPACE',''
  ) );
#8287 = PCURVE('',#8288,#8293);
#8288 = CYLINDRICAL_SURFACE('',#8289,4.);
#8289 = AXIS2_PLACEMENT_3D('',#8290,#8291,#8292);
#8290 = CARTESIAN_POINT('',(4.75,0.,12.72347538298));
#8291 = DIRECTION('',(-0.,-0.,-1.));
#8292 = DIRECTION('',(1.,0.,0.));
#8293 = DEFINITIONAL_REPRESENTATION('',(#8294),#8298);
#8294 = LINE('',#8295,#8296);
#8295 = CARTESIAN_POINT('',(-0.,0.));
#8296 = VECTOR('',#8297,1.);
#8297 = DIRECTION('',(-1.,0.));
#8298 = ( GEOMETRIC_REPRESENTATION_CONTEXT(2) 
PARAMETRIC_REPRESENTATION_CONTEXT() REPRESENTATION_CONTEXT('2D SPACE',''
  ) );
#8299 = ORIENTED_EDGE('',*,*,#8249,.F.);
#8300 = ORIENTED_EDGE('',*,*,#8301,.T.);
#8301 = EDGE_CURVE('',#8211,#8302,#8304,.T.);
#8302 = VERTEX_POINT('',#8303);
#8303 = CARTESIAN_POINT('',(5.890316615925,0.395,13.986990920257));
#8304 = SURFACE_CURVE('',#8305,(#8310,#8322),.PCURVE_S1.);
#8305 = CIRCLE('',#8306,6.491541668948);
#8306 = AXIS2_PLACEMENT_3D('',#8307,#8308,#8309);
#8307 = CARTESIAN_POINT('',(5.060295741794,-0.112370166265,7.56875486176
    ));
#8308 = DIRECTION('',(-0.93605880101,0.33898332763,9.425616500203E-02));
#8309 = DIRECTION('',(-0.340499237924,-0.940244792048,
    -3.469446951954E-18));
#8310 = PCURVE('',#8220,#8311);
#8311 = DEFINITIONAL_REPRESENTATION('',(#8312),#8321);
#8312 = B_SPLINE_CURVE_WITH_KNOTS('',7,(#8313,#8314,#8315,#8316,#8317,
    #8318,#8319,#8320),.UNSPECIFIED.,.F.,.F.,(8,8),(1.623317586408,
    1.692502262983),.PIECEWISE_BEZIER_KNOTS.);
#8313 = CARTESIAN_POINT('',(-7.1E-16,-1.41620504215));
#8314 = CARTESIAN_POINT('',(-6.029937831609E-02,-1.41285469188));
#8315 = CARTESIAN_POINT('',(-0.117561150266,-1.408853506611));
#8316 = CARTESIAN_POINT('',(-0.171352709075,-1.40426068088));
#8317 = CARTESIAN_POINT('',(-0.221526538296,-1.399143935243));
#8318 = CARTESIAN_POINT('',(-0.268175037638,-1.393567610664));
#8319 = CARTESIAN_POINT('',(-0.311479066439,-1.387588588316));
#8320 = CARTESIAN_POINT('',(-0.351668236108,-1.381256448027));
#8321 = ( GEOMETRIC_REPRESENTATION_CONTEXT(2) 
PARAMETRIC_REPRESENTATION_CONTEXT() REPRESENTATION_CONTEXT('2D SPACE',''
  ) );
#8322 = PCURVE('',#8323,#8328);
#8323 = PLANE('',#8324);
#8324 = AXIS2_PLACEMENT_3D('',#8325,#8326,#8327);
#8325 = CARTESIAN_POINT('',(5.765121441712,0.1975,13.453966502616));
#8326 = DIRECTION('',(-0.93605880101,0.33898332763,9.425616500203E-02));
#8327 = DIRECTION('',(0.340499237924,0.940244792048,-3.469446951954E-18)
  );
#8328 = DEFINITIONAL_REPRESENTATION('',(#8329),#8333);
#8329 = CIRCLE('',#8330,6.491541668948);
#8330 = AXIS2_PLACEMENT_2D('',#8331,#8332);
#8331 = CARTESIAN_POINT('',(-0.531346423733,5.911529905436));
#8332 = DIRECTION('',(-1.,-3.454000895808E-18));
#8333 = ( GEOMETRIC_REPRESENTATION_CONTEXT(2) 
PARAMETRIC_REPRESENTATION_CONTEXT() REPRESENTATION_CONTEXT('2D SPACE',''
  ) );
#8334 = ORIENTED_EDGE('',*,*,#8335,.T.);
#8335 = EDGE_CURVE('',#8302,#8336,#8338,.T.);
#8336 = VERTEX_POINT('',#8337);
#8337 = CARTESIAN_POINT('',(6.575136792565,1.228363011664,
    13.716371473349));
#8338 = SURFACE_CURVE('',#8339,(#8344,#8368),.PCURVE_S1.);
#8339 = CIRCLE('',#8340,6.498872956057);
#8340 = AXIS2_PLACEMENT_3D('',#8341,#8342,#8343);
#8341 = CARTESIAN_POINT('',(4.841752916288,-7.839862027248E-02,
    7.590760967145));
#8342 = DIRECTION('',(-0.758047818829,0.647716775677,7.633140163198E-02)
  );
#8343 = DIRECTION('',(-0.649612017004,-0.760265892543,0.));
#8344 = PCURVE('',#8220,#8345);
#8345 = DEFINITIONAL_REPRESENTATION('',(#8346),#8367);
#8346 = B_SPLINE_CURVE_WITH_KNOTS('',7,(#8347,#8348,#8349,#8350,#8351,
    #8352,#8353,#8354,#8355,#8356,#8357,#8358,#8359,#8360,#8361,#8362,
    #8363,#8364,#8365,#8366),.UNSPECIFIED.,.F.,.F.,(8,6,6,8),(
    1.70647006337,1.778165923487,1.885709713661,1.993253503835),
  .UNSPECIFIED.);
#8347 = CARTESIAN_POINT('',(-0.255383972121,-1.405241395364));
#8348 = CARTESIAN_POINT('',(-0.291096815189,-1.396861125469));
#8349 = CARTESIAN_POINT('',(-0.322618788464,-1.388237680789));
#8350 = CARTESIAN_POINT('',(-0.350695489153,-1.379422764218));
#8351 = CARTESIAN_POINT('',(-0.375909204515,-1.370451993968));
#8352 = CARTESIAN_POINT('',(-0.398703099844,-1.361351827853));
#8353 = CARTESIAN_POINT('',(-0.419431421617,-1.352142548092));
#8354 = CARTESIAN_POINT('',(-0.466797477991,-1.328886482491));
#8355 = CARTESIAN_POINT('',(-0.491207970236,-1.314723268611));
#8356 = CARTESIAN_POINT('',(-0.512567719964,-1.300404322605));
#8357 = CARTESIAN_POINT('',(-0.531487346904,-1.285961837719));
#8358 = CARTESIAN_POINT('',(-0.548411679634,-1.271419292218));
#8359 = CARTESIAN_POINT('',(-0.563671498619,-1.256793699439));
#8360 = CARTESIAN_POINT('',(-0.591375586237,-1.227402746957));
#8361 = CARTESIAN_POINT('',(-0.603819918904,-1.212637388601));
#8362 = CARTESIAN_POINT('',(-0.615112470586,-1.197815242156));
#8363 = CARTESIAN_POINT('',(-0.625436019378,-1.18294551539));
#8364 = CARTESIAN_POINT('',(-0.634929553806,-1.168035149609));
#8365 = CARTESIAN_POINT('',(-0.643705147078,-1.153089730049));
#8366 = CARTESIAN_POINT('',(-0.651852343131,-1.138113686854));
#8367 = ( GEOMETRIC_REPRESENTATION_CONTEXT(2) 
PARAMETRIC_REPRESENTATION_CONTEXT() REPRESENTATION_CONTEXT('2D SPACE',''
  ) );
#8368 = PCURVE('',#8369,#8374);
#8369 = PLANE('',#8370);
#8370 = AXIS2_PLACEMENT_3D('',#8371,#8372,#8373);
#8371 = CARTESIAN_POINT('',(7.360898915041,2.17889420893,13.453966502616
    ));
#8372 = DIRECTION('',(-0.758047818829,0.647716775677,7.633140163198E-02)
  );
#8373 = DIRECTION('',(0.649612017004,0.760265892543,1.387778780781E-17)
  );
#8374 = DEFINITIONAL_REPRESENTATION('',(#8375),#8379);
#8375 = CIRCLE('',#8376,6.498872956057);
#8376 = AXIS2_PLACEMENT_2D('',#8377,#8378);
#8377 = CARTESIAN_POINT('',(-3.352610260902,5.88036147439));
#8378 = DIRECTION('',(-1.,-2.079643750726E-17));
#8379 = ( GEOMETRIC_REPRESENTATION_CONTEXT(2) 
PARAMETRIC_REPRESENTATION_CONTEXT() REPRESENTATION_CONTEXT('2D SPACE',''
  ) );
#8380 = ORIENTED_EDGE('',*,*,#8381,.F.);
#8381 = EDGE_CURVE('',#8382,#8336,#8384,.T.);
#8382 = VERTEX_POINT('',#8383);
#8383 = CARTESIAN_POINT('',(5.978363011664,1.825136792565,
    13.716371473349));
#8384 = SURFACE_CURVE('',#8385,(#8390,#8397),.PCURVE_S1.);
#8385 = CIRCLE('',#8386,2.2);
#8386 = AXIS2_PLACEMENT_3D('',#8387,#8388,#8389);
#8387 = CARTESIAN_POINT('',(4.75,0.,13.716371473349));
#8388 = DIRECTION('',(7.E-17,0.,-1.));
#8389 = DIRECTION('',(1.,0.,7.E-17));
#8390 = PCURVE('',#8220,#8391);
#8391 = DEFINITIONAL_REPRESENTATION('',(#8392),#8396);
#8392 = LINE('',#8393,#8394);
#8393 = CARTESIAN_POINT('',(-6.28318530718,-1.225514867309));
#8394 = VECTOR('',#8395,1.);
#8395 = DIRECTION('',(1.,-0.));
#8396 = ( GEOMETRIC_REPRESENTATION_CONTEXT(2) 
PARAMETRIC_REPRESENTATION_CONTEXT() REPRESENTATION_CONTEXT('2D SPACE',''
  ) );
#8397 = PCURVE('',#8398,#8403);
#8398 = CONICAL_SURFACE('',#8399,2.748439768859,0.462512251778);
#8399 = AXIS2_PLACEMENT_3D('',#8400,#8401,#8402);
#8400 = CARTESIAN_POINT('',(4.75,0.,14.816371473349));
#8401 = DIRECTION('',(0.,0.,1.));
#8402 = DIRECTION('',(1.,0.,0.));
#8403 = DEFINITIONAL_REPRESENTATION('',(#8404),#8408);
#8404 = LINE('',#8405,#8406);
#8405 = CARTESIAN_POINT('',(6.28318530718,-1.1));
#8406 = VECTOR('',#8407,1.);
#8407 = DIRECTION('',(-1.,-0.));
#8408 = ( GEOMETRIC_REPRESENTATION_CONTEXT(2) 
PARAMETRIC_REPRESENTATION_CONTEXT() REPRESENTATION_CONTEXT('2D SPACE',''
  ) );
#8409 = ORIENTED_EDGE('',*,*,#8410,.T.);
#8410 = EDGE_CURVE('',#8382,#8411,#8413,.T.);
#8411 = VERTEX_POINT('',#8412);
#8412 = CARTESIAN_POINT('',(5.145,1.140316615925,13.986990920257));
#8413 = SURFACE_CURVE('',#8414,(#8419,#8443),.PCURVE_S1.);
#8414 = CIRCLE('',#8415,6.498872956057);
#8415 = AXIS2_PLACEMENT_3D('',#8416,#8417,#8418);
#8416 = CARTESIAN_POINT('',(4.671601379728,9.175291628769E-02,
    7.590760967145));
#8417 = DIRECTION('',(0.647716775677,-0.758047818829,7.633140163198E-02)
  );
#8418 = DIRECTION('',(0.760265892543,0.649612017004,-6.938893903907E-18)
  );
#8419 = PCURVE('',#8220,#8420);
#8420 = DEFINITIONAL_REPRESENTATION('',(#8421),#8442);
#8421 = B_SPLINE_CURVE_WITH_KNOTS('',7,(#8422,#8423,#8424,#8425,#8426,
    #8427,#8428,#8429,#8430,#8431,#8432,#8433,#8434,#8435,#8436,#8437,
    #8438,#8439,#8440,#8441),.UNSPECIFIED.,.F.,.F.,(8,6,6,8),(
    1.148339149755,1.291730869987,1.363426730103,1.435122590219),
  .UNSPECIFIED.);
#8422 = CARTESIAN_POINT('',(-0.918943983664,-1.138113686854));
#8423 = CARTESIAN_POINT('',(-0.929806911734,-1.158081744447));
#8424 = CARTESIAN_POINT('',(-0.941786757503,-1.177995374971));
#8425 = CARTESIAN_POINT('',(-0.955097566033,-1.197843962512));
#8426 = CARTESIAN_POINT('',(-0.970016454551,-1.217613760101));
#8427 = CARTESIAN_POINT('',(-0.986930319729,-1.237285243869));
#8428 = CARTESIAN_POINT('',(-1.006369852554,-1.256831748414));
#8429 = CARTESIAN_POINT('',(-1.04068625542,-1.285892602879));
#8430 = CARTESIAN_POINT('',(-1.052984635091,-1.295536398397));
#8431 = CARTESIAN_POINT('',(-1.066256565774,-1.305131096872));
#8432 = CARTESIAN_POINT('',(-1.080640840617,-1.314669357443));
#8433 = CARTESIAN_POINT('',(-1.096307455279,-1.324142126905));
#8434 = CARTESIAN_POINT('',(-1.113472060078,-1.333537695611));
#8435 = CARTESIAN_POINT('',(-1.151364905178,-1.352142548092));
#8436 = CARTESIAN_POINT('',(-1.172093226951,-1.361351827854));
#8437 = CARTESIAN_POINT('',(-1.194887122279,-1.370451993968));
#8438 = CARTESIAN_POINT('',(-1.220100837643,-1.379422764218));
#8439 = CARTESIAN_POINT('',(-1.24817753833,-1.388237680789));
#8440 = CARTESIAN_POINT('',(-1.279699511606,-1.396861125469));
#8441 = CARTESIAN_POINT('',(-1.315412354674,-1.405241395364));
#8442 = ( GEOMETRIC_REPRESENTATION_CONTEXT(2) 
PARAMETRIC_REPRESENTATION_CONTEXT() REPRESENTATION_CONTEXT('2D SPACE',''
  ) );
#8443 = PCURVE('',#8444,#8449);
#8444 = PLANE('',#8445);
#8445 = AXIS2_PLACEMENT_3D('',#8446,#8447,#8448);
#8446 = CARTESIAN_POINT('',(6.92889420893,2.610898915041,13.453966502616
    ));
#8447 = DIRECTION('',(0.647716775677,-0.758047818829,7.633140163198E-02)
  );
#8448 = DIRECTION('',(-0.760265892543,-0.649612017004,
    -1.387778780781E-17));
#8449 = DEFINITIONAL_REPRESENTATION('',(#8450),#8454);
#8450 = CIRCLE('',#8451,6.498872956057);
#8451 = AXIS2_PLACEMENT_2D('',#8452,#8453);
#8452 = CARTESIAN_POINT('',(3.352610260902,5.88036147439));
#8453 = DIRECTION('',(-1.,3.463373690616E-17));
#8454 = ( GEOMETRIC_REPRESENTATION_CONTEXT(2) 
PARAMETRIC_REPRESENTATION_CONTEXT() REPRESENTATION_CONTEXT('2D SPACE',''
  ) );
#8455 = ORIENTED_EDGE('',*,*,#8456,.T.);
#8456 = EDGE_CURVE('',#8411,#8457,#8459,.T.);
#8457 = VERTEX_POINT('',#8458);
#8458 = CARTESIAN_POINT('',(4.75,1.000845761008,14.022484547484));
#8459 = SURFACE_CURVE('',#8460,(#8465,#8478),.PCURVE_S1.);
#8460 = CIRCLE('',#8461,6.491541668948);
#8461 = AXIS2_PLACEMENT_3D('',#8462,#8463,#8464);
#8462 = CARTESIAN_POINT('',(4.637629833735,0.310295741794,7.56875486176)
  );
#8463 = DIRECTION('',(0.33898332763,-0.93605880101,9.425616500203E-02));
#8464 = DIRECTION('',(0.940244792048,0.340499237924,0.));
#8465 = PCURVE('',#8220,#8466);
#8466 = DEFINITIONAL_REPRESENTATION('',(#8467),#8477);
#8467 = B_SPLINE_CURVE_WITH_KNOTS('',8,(#8468,#8469,#8470,#8471,#8472,
    #8473,#8474,#8475,#8476),.UNSPECIFIED.,.F.,.F.,(9,9),(1.449090390607
    ,1.532233995978),.PIECEWISE_BEZIER_KNOTS.);
#8468 = CARTESIAN_POINT('',(-1.219128090687,-1.381256448027));
#8469 = CARTESIAN_POINT('',(-1.261388726278,-1.387914965122));
#8470 = CARTESIAN_POINT('',(-1.307023419636,-1.394190985801));
#8471 = CARTESIAN_POINT('',(-1.356280296302,-1.400030788639));
#8472 = CARTESIAN_POINT('',(-1.409361145242,-1.405372746977));
#8473 = CARTESIAN_POINT('',(-1.466367906579,-1.410148219819));
#8474 = CARTESIAN_POINT('',(-1.527213681848,-1.414282528745));
#8475 = CARTESIAN_POINT('',(-1.591467740111,-1.417705814085));
#8476 = CARTESIAN_POINT('',(-1.658416176287,-1.420364024326));
#8477 = ( GEOMETRIC_REPRESENTATION_CONTEXT(2) 
PARAMETRIC_REPRESENTATION_CONTEXT() REPRESENTATION_CONTEXT('2D SPACE',''
  ) );
#8478 = PCURVE('',#8479,#8484);
#8479 = PLANE('',#8480);
#8480 = AXIS2_PLACEMENT_3D('',#8481,#8482,#8483);
#8481 = CARTESIAN_POINT('',(4.9475,1.015121441712,13.453966502616));
#8482 = DIRECTION('',(0.33898332763,-0.93605880101,9.425616500203E-02));
#8483 = DIRECTION('',(-0.940244792048,-0.340499237924,3.469446951954E-18
    ));
#8484 = DEFINITIONAL_REPRESENTATION('',(#8485),#8489);
#8485 = CIRCLE('',#8486,6.491541668948);
#8486 = AXIS2_PLACEMENT_2D('',#8487,#8488);
#8487 = CARTESIAN_POINT('',(0.531346423733,5.911529905436));
#8488 = DIRECTION('',(-1.,1.036200268742E-17));
#8489 = ( GEOMETRIC_REPRESENTATION_CONTEXT(2) 
PARAMETRIC_REPRESENTATION_CONTEXT() REPRESENTATION_CONTEXT('2D SPACE',''
  ) );
#8490 = ORIENTED_EDGE('',*,*,#8491,.T.);
#8491 = EDGE_CURVE('',#8457,#8492,#8494,.T.);
#8492 = VERTEX_POINT('',#8493);
#8493 = CARTESIAN_POINT('',(4.355,1.140316615925,13.986990920257));
#8494 = SURFACE_CURVE('',#8495,(#8500,#8513),.PCURVE_S1.);
#8495 = CIRCLE('',#8496,6.491541668948);
#8496 = AXIS2_PLACEMENT_3D('',#8497,#8498,#8499);
#8497 = CARTESIAN_POINT('',(4.862370166265,0.310295741794,7.56875486176)
  );
#8498 = DIRECTION('',(-0.33898332763,-0.93605880101,9.425616500203E-02)
  );
#8499 = DIRECTION('',(0.940244792048,-0.340499237924,6.938893903907E-18)
  );
#8500 = PCURVE('',#8220,#8501);
#8501 = DEFINITIONAL_REPRESENTATION('',(#8502),#8512);
#8502 = B_SPLINE_CURVE_WITH_KNOTS('',8,(#8503,#8504,#8505,#8506,#8507,
    #8508,#8509,#8510,#8511),.UNSPECIFIED.,.F.,.F.,(9,9),(1.609358657612
    ,1.692502262983),.PIECEWISE_BEZIER_KNOTS.);
#8503 = CARTESIAN_POINT('',(-1.483176477303,-1.420364024326));
#8504 = CARTESIAN_POINT('',(-1.550124913479,-1.417705814085));
#8505 = CARTESIAN_POINT('',(-1.614378971738,-1.414282528745));
#8506 = CARTESIAN_POINT('',(-1.675224747008,-1.410148219817));
#8507 = CARTESIAN_POINT('',(-1.732231508346,-1.405372746984));
#8508 = CARTESIAN_POINT('',(-1.785312357287,-1.40003078864));
#8509 = CARTESIAN_POINT('',(-1.83456923395,-1.394190985802));
#8510 = CARTESIAN_POINT('',(-1.880203927312,-1.387914965122));
#8511 = CARTESIAN_POINT('',(-1.922464562902,-1.381256448027));
#8512 = ( GEOMETRIC_REPRESENTATION_CONTEXT(2) 
PARAMETRIC_REPRESENTATION_CONTEXT() REPRESENTATION_CONTEXT('2D SPACE',''
  ) );
#8513 = PCURVE('',#8514,#8519);
#8514 = PLANE('',#8515);
#8515 = AXIS2_PLACEMENT_3D('',#8516,#8517,#8518);
#8516 = CARTESIAN_POINT('',(4.5525,1.015121441712,13.453966502616));
#8517 = DIRECTION('',(-0.33898332763,-0.93605880101,9.425616500203E-02)
  );
#8518 = DIRECTION('',(-0.940244792048,0.340499237924,-3.469446951954E-18
    ));
#8519 = DEFINITIONAL_REPRESENTATION('',(#8520),#8524);
#8520 = CIRCLE('',#8521,6.491541668948);
#8521 = AXIS2_PLACEMENT_2D('',#8522,#8523);
#8522 = CARTESIAN_POINT('',(-0.531346423733,5.911529905436));
#8523 = DIRECTION('',(-1.,1.039289479972E-17));
#8524 = ( GEOMETRIC_REPRESENTATION_CONTEXT(2) 
PARAMETRIC_REPRESENTATION_CONTEXT() REPRESENTATION_CONTEXT('2D SPACE',''
  ) );
#8525 = ORIENTED_EDGE('',*,*,#8526,.T.);
#8526 = EDGE_CURVE('',#8492,#8527,#8529,.T.);
#8527 = VERTEX_POINT('',#8528);
#8528 = CARTESIAN_POINT('',(3.521636988336,1.825136792565,
    13.716371473349));
#8529 = SURFACE_CURVE('',#8530,(#8535,#8559),.PCURVE_S1.);
#8530 = CIRCLE('',#8531,6.498872956057);
#8531 = AXIS2_PLACEMENT_3D('',#8532,#8533,#8534);
#8532 = CARTESIAN_POINT('',(4.828398620272,9.175291628769E-02,
    7.590760967145));
#8533 = DIRECTION('',(-0.647716775677,-0.758047818829,7.633140163198E-02
    ));
#8534 = DIRECTION('',(0.760265892543,-0.649612017004,-2.081668171172E-17
    ));
#8535 = PCURVE('',#8220,#8536);
#8536 = DEFINITIONAL_REPRESENTATION('',(#8537),#8558);
#8537 = B_SPLINE_CURVE_WITH_KNOTS('',7,(#8538,#8539,#8540,#8541,#8542,
    #8543,#8544,#8545,#8546,#8547,#8548,#8549,#8550,#8551,#8552,#8553,
    #8554,#8555,#8556,#8557),.UNSPECIFIED.,.F.,.F.,(8,6,6,8),(
    1.70647006337,1.778165923487,1.885709713661,1.993253503835),
  .UNSPECIFIED.);
#8538 = CARTESIAN_POINT('',(-1.826180298916,-1.405241395364));
#8539 = CARTESIAN_POINT('',(-1.861893141984,-1.396861125469));
#8540 = CARTESIAN_POINT('',(-1.893415115259,-1.388237680789));
#8541 = CARTESIAN_POINT('',(-1.921491815948,-1.379422764218));
#8542 = CARTESIAN_POINT('',(-1.94670553131,-1.370451993968));
#8543 = CARTESIAN_POINT('',(-1.969499426638,-1.361351827854));
#8544 = CARTESIAN_POINT('',(-1.990227748412,-1.352142548092));
#8545 = CARTESIAN_POINT('',(-2.037593804786,-1.328886482491));
#8546 = CARTESIAN_POINT('',(-2.06200429703,-1.314723268611));
#8547 = CARTESIAN_POINT('',(-2.083364046761,-1.300404322606));
#8548 = CARTESIAN_POINT('',(-2.102283673698,-1.285961837718));
#8549 = CARTESIAN_POINT('',(-2.119208006429,-1.271419292218));
#8550 = CARTESIAN_POINT('',(-2.134467825414,-1.256793699439));
#8551 = CARTESIAN_POINT('',(-2.162171913032,-1.227402746957));
#8552 = CARTESIAN_POINT('',(-2.174616245699,-1.212637388601));
#8553 = CARTESIAN_POINT('',(-2.18590879738,-1.197815242156));
#8554 = CARTESIAN_POINT('',(-2.196232346173,-1.18294551539));
#8555 = CARTESIAN_POINT('',(-2.205725880601,-1.168035149609));
#8556 = CARTESIAN_POINT('',(-2.214501473873,-1.153089730049));
#8557 = CARTESIAN_POINT('',(-2.222648669926,-1.138113686854));
#8558 = ( GEOMETRIC_REPRESENTATION_CONTEXT(2) 
PARAMETRIC_REPRESENTATION_CONTEXT() REPRESENTATION_CONTEXT('2D SPACE',''
  ) );
#8559 = PCURVE('',#8560,#8565);
#8560 = PLANE('',#8561);
#8561 = AXIS2_PLACEMENT_3D('',#8562,#8563,#8564);
#8562 = CARTESIAN_POINT('',(2.57110579107,2.610898915041,13.453966502616
    ));
#8563 = DIRECTION('',(-0.647716775677,-0.758047818829,7.633140163198E-02
    ));
#8564 = DIRECTION('',(-0.760265892543,0.649612017004,1.387778780781E-17)
  );
#8565 = DEFINITIONAL_REPRESENTATION('',(#8566),#8570);
#8566 = CIRCLE('',#8567,6.498872956057);
#8567 = AXIS2_PLACEMENT_2D('',#8568,#8569);
#8568 = CARTESIAN_POINT('',(-3.352610260902,5.88036147439));
#8569 = DIRECTION('',(-1.,2.067497228052E-17));
#8570 = ( GEOMETRIC_REPRESENTATION_CONTEXT(2) 
PARAMETRIC_REPRESENTATION_CONTEXT() REPRESENTATION_CONTEXT('2D SPACE',''
  ) );
#8571 = ORIENTED_EDGE('',*,*,#8572,.F.);
#8572 = EDGE_CURVE('',#8573,#8527,#8575,.T.);
#8573 = VERTEX_POINT('',#8574);
#8574 = CARTESIAN_POINT('',(2.924863207435,1.228363011664,
    13.716371473349));
#8575 = SURFACE_CURVE('',#8576,(#8581,#8588),.PCURVE_S1.);
#8576 = CIRCLE('',#8577,2.2);
#8577 = AXIS2_PLACEMENT_3D('',#8578,#8579,#8580);
#8578 = CARTESIAN_POINT('',(4.75,0.,13.716371473349));
#8579 = DIRECTION('',(7.E-17,0.,-1.));
#8580 = DIRECTION('',(1.,0.,7.E-17));
#8581 = PCURVE('',#8220,#8582);
#8582 = DEFINITIONAL_REPRESENTATION('',(#8583),#8587);
#8583 = LINE('',#8584,#8585);
#8584 = CARTESIAN_POINT('',(-6.28318530718,-1.225514867309));
#8585 = VECTOR('',#8586,1.);
#8586 = DIRECTION('',(1.,-0.));
#8587 = ( GEOMETRIC_REPRESENTATION_CONTEXT(2) 
PARAMETRIC_REPRESENTATION_CONTEXT() REPRESENTATION_CONTEXT('2D SPACE',''
  ) );
#8588 = PCURVE('',#8589,#8594);
#8589 = CONICAL_SURFACE('',#8590,2.748439768859,0.462512251778);
#8590 = AXIS2_PLACEMENT_3D('',#8591,#8592,#8593);
#8591 = CARTESIAN_POINT('',(4.75,0.,14.816371473349));
#8592 = DIRECTION('',(0.,0.,1.));
#8593 = DIRECTION('',(1.,0.,0.));
#8594 = DEFINITIONAL_REPRESENTATION('',(#8595),#8599);
#8595 = LINE('',#8596,#8597);
#8596 = CARTESIAN_POINT('',(6.28318530718,-1.1));
#8597 = VECTOR('',#8598,1.);
#8598 = DIRECTION('',(-1.,-0.));
#8599 = ( GEOMETRIC_REPRESENTATION_CONTEXT(2) 
PARAMETRIC_REPRESENTATION_CONTEXT() REPRESENTATION_CONTEXT('2D SPACE',''
  ) );
#8600 = ORIENTED_EDGE('',*,*,#8601,.T.);
#8601 = EDGE_CURVE('',#8573,#8602,#8604,.T.);
#8602 = VERTEX_POINT('',#8603);
#8603 = CARTESIAN_POINT('',(3.609683384075,0.395,13.986990920257));
#8604 = SURFACE_CURVE('',#8605,(#8610,#8634),.PCURVE_S1.);
#8605 = CIRCLE('',#8606,6.498872956057);
#8606 = AXIS2_PLACEMENT_3D('',#8607,#8608,#8609);
#8607 = CARTESIAN_POINT('',(4.658247083712,-7.839862027248E-02,
    7.590760967145));
#8608 = DIRECTION('',(0.758047818829,0.647716775677,7.633140163198E-02)
  );
#8609 = DIRECTION('',(-0.649612017004,0.760265892543,-6.938893903907E-18
    ));
#8610 = PCURVE('',#8220,#8611);
#8611 = DEFINITIONAL_REPRESENTATION('',(#8612),#8633);
#8612 = B_SPLINE_CURVE_WITH_KNOTS('',7,(#8613,#8614,#8615,#8616,#8617,
    #8618,#8619,#8620,#8621,#8622,#8623,#8624,#8625,#8626,#8627,#8628,
    #8629,#8630,#8631,#8632),.UNSPECIFIED.,.F.,.F.,(8,6,6,8),(
    1.148339149755,1.291730869987,1.363426730103,1.435122590219),
  .UNSPECIFIED.);
#8613 = CARTESIAN_POINT('',(-2.489740310459,-1.138113686854));
#8614 = CARTESIAN_POINT('',(-2.500603238529,-1.158081744447));
#8615 = CARTESIAN_POINT('',(-2.512583084298,-1.177995374972));
#8616 = CARTESIAN_POINT('',(-2.525893892827,-1.197843962512));
#8617 = CARTESIAN_POINT('',(-2.540812781347,-1.217613760101));
#8618 = CARTESIAN_POINT('',(-2.557726646524,-1.237285243869));
#8619 = CARTESIAN_POINT('',(-2.577166179349,-1.256831748414));
#8620 = CARTESIAN_POINT('',(-2.611482582215,-1.285892602879));
#8621 = CARTESIAN_POINT('',(-2.623780961886,-1.295536398397));
#8622 = CARTESIAN_POINT('',(-2.637052892569,-1.305131096872));
#8623 = CARTESIAN_POINT('',(-2.651437167412,-1.314669357443));
#8624 = CARTESIAN_POINT('',(-2.667103782074,-1.324142126905));
#8625 = CARTESIAN_POINT('',(-2.684268386873,-1.333537695611));
#8626 = CARTESIAN_POINT('',(-2.722161231973,-1.352142548092));
#8627 = CARTESIAN_POINT('',(-2.742889553746,-1.361351827853));
#8628 = CARTESIAN_POINT('',(-2.765683449076,-1.370451993968));
#8629 = CARTESIAN_POINT('',(-2.790897164437,-1.379422764218));
#8630 = CARTESIAN_POINT('',(-2.818973865126,-1.388237680789));
#8631 = CARTESIAN_POINT('',(-2.850495838401,-1.396861125469));
#8632 = CARTESIAN_POINT('',(-2.886208681469,-1.405241395364));
#8633 = ( GEOMETRIC_REPRESENTATION_CONTEXT(2) 
PARAMETRIC_REPRESENTATION_CONTEXT() REPRESENTATION_CONTEXT('2D SPACE',''
  ) );
#8634 = PCURVE('',#8635,#8640);
#8635 = PLANE('',#8636);
#8636 = AXIS2_PLACEMENT_3D('',#8637,#8638,#8639);
#8637 = CARTESIAN_POINT('',(2.139101084959,2.17889420893,13.453966502616
    ));
#8638 = DIRECTION('',(0.758047818829,0.647716775677,7.633140163198E-02)
  );
#8639 = DIRECTION('',(0.649612017004,-0.760265892543,-1.387778780781E-17
    ));
#8640 = DEFINITIONAL_REPRESENTATION('',(#8641),#8645);
#8641 = CIRCLE('',#8642,6.498872956057);
#8642 = AXIS2_PLACEMENT_2D('',#8643,#8644);
#8643 = CARTESIAN_POINT('',(3.352610260902,5.88036147439));
#8644 = DIRECTION('',(-1.,3.463373690616E-17));
#8645 = ( GEOMETRIC_REPRESENTATION_CONTEXT(2) 
PARAMETRIC_REPRESENTATION_CONTEXT() REPRESENTATION_CONTEXT('2D SPACE',''
  ) );
#8646 = ORIENTED_EDGE('',*,*,#8647,.T.);
#8647 = EDGE_CURVE('',#8602,#8648,#8650,.T.);
#8648 = VERTEX_POINT('',#8649);
#8649 = CARTESIAN_POINT('',(3.749154238992,0.,14.022484547484));
#8650 = SURFACE_CURVE('',#8651,(#8656,#8669),.PCURVE_S1.);
#8651 = CIRCLE('',#8652,6.491541668948);
#8652 = AXIS2_PLACEMENT_3D('',#8653,#8654,#8655);
#8653 = CARTESIAN_POINT('',(4.439704258206,-0.112370166265,7.56875486176
    ));
#8654 = DIRECTION('',(0.93605880101,0.33898332763,9.425616500203E-02));
#8655 = DIRECTION('',(-0.340499237924,0.940244792048,0.));
#8656 = PCURVE('',#8220,#8657);
#8657 = DEFINITIONAL_REPRESENTATION('',(#8658),#8668);
#8658 = B_SPLINE_CURVE_WITH_KNOTS('',8,(#8659,#8660,#8661,#8662,#8663,
    #8664,#8665,#8666,#8667),.UNSPECIFIED.,.F.,.F.,(9,9),(1.449090390607
    ,1.532233995978),.PIECEWISE_BEZIER_KNOTS.);
#8659 = CARTESIAN_POINT('',(-2.789924417482,-1.381256448027));
#8660 = CARTESIAN_POINT('',(-2.832185053072,-1.387914965122));
#8661 = CARTESIAN_POINT('',(-2.877819746431,-1.394190985802));
#8662 = CARTESIAN_POINT('',(-2.927076623093,-1.40003078864));
#8663 = CARTESIAN_POINT('',(-2.980157472046,-1.405372746984));
#8664 = CARTESIAN_POINT('',(-3.037164233368,-1.410148219817));
#8665 = CARTESIAN_POINT('',(-3.098010008646,-1.414282528745));
#8666 = CARTESIAN_POINT('',(-3.162264066906,-1.417705814085));
#8667 = CARTESIAN_POINT('',(-3.229212503082,-1.420364024326));
#8668 = ( GEOMETRIC_REPRESENTATION_CONTEXT(2) 
PARAMETRIC_REPRESENTATION_CONTEXT() REPRESENTATION_CONTEXT('2D SPACE',''
  ) );
#8669 = PCURVE('',#8670,#8675);
#8670 = PLANE('',#8671);
#8671 = AXIS2_PLACEMENT_3D('',#8672,#8673,#8674);
#8672 = CARTESIAN_POINT('',(3.734878558288,0.1975,13.453966502616));
#8673 = DIRECTION('',(0.93605880101,0.33898332763,9.425616500203E-02));
#8674 = DIRECTION('',(0.340499237924,-0.940244792048,3.469446951954E-18)
  );
#8675 = DEFINITIONAL_REPRESENTATION('',(#8676),#8680);
#8676 = CIRCLE('',#8677,6.491541668948);
#8677 = AXIS2_PLACEMENT_2D('',#8678,#8679);
#8678 = CARTESIAN_POINT('',(0.531346423733,5.911529905436));
#8679 = DIRECTION('',(-1.,1.036200268742E-17));
#8680 = ( GEOMETRIC_REPRESENTATION_CONTEXT(2) 
PARAMETRIC_REPRESENTATION_CONTEXT() REPRESENTATION_CONTEXT('2D SPACE',''
  ) );
#8681 = ORIENTED_EDGE('',*,*,#8682,.T.);
#8682 = EDGE_CURVE('',#8648,#8683,#8685,.T.);
#8683 = VERTEX_POINT('',#8684);
#8684 = CARTESIAN_POINT('',(3.609683384075,-0.395,13.986990920257));
#8685 = SURFACE_CURVE('',#8686,(#8691,#8704),.PCURVE_S1.);
#8686 = CIRCLE('',#8687,6.491541668948);
#8687 = AXIS2_PLACEMENT_3D('',#8688,#8689,#8690);
#8688 = CARTESIAN_POINT('',(4.439704258206,0.112370166265,7.56875486176)
  );
#8689 = DIRECTION('',(0.93605880101,-0.33898332763,9.425616500203E-02));
#8690 = DIRECTION('',(0.340499237924,0.940244792048,6.938893903907E-18)
  );
#8691 = PCURVE('',#8220,#8692);
#8692 = DEFINITIONAL_REPRESENTATION('',(#8693),#8703);
#8693 = B_SPLINE_CURVE_WITH_KNOTS('',8,(#8694,#8695,#8696,#8697,#8698,
    #8699,#8700,#8701,#8702),.UNSPECIFIED.,.F.,.F.,(9,9),(1.609358657612
    ,1.692502262983),.PIECEWISE_BEZIER_KNOTS.);
#8694 = CARTESIAN_POINT('',(-3.053972804098,-1.420364024326));
#8695 = CARTESIAN_POINT('',(-3.120921240273,-1.417705814085));
#8696 = CARTESIAN_POINT('',(-3.185175298537,-1.414282528745));
#8697 = CARTESIAN_POINT('',(-3.246021073805,-1.410148219817));
#8698 = CARTESIAN_POINT('',(-3.303027835147,-1.405372746984));
#8699 = CARTESIAN_POINT('',(-3.356108684076,-1.40003078864));
#8700 = CARTESIAN_POINT('',(-3.405365560748,-1.394190985802));
#8701 = CARTESIAN_POINT('',(-3.451000254107,-1.387914965122));
#8702 = CARTESIAN_POINT('',(-3.493260889697,-1.381256448027));
#8703 = ( GEOMETRIC_REPRESENTATION_CONTEXT(2) 
PARAMETRIC_REPRESENTATION_CONTEXT() REPRESENTATION_CONTEXT('2D SPACE',''
  ) );
#8704 = PCURVE('',#8705,#8710);
#8705 = PLANE('',#8706);
#8706 = AXIS2_PLACEMENT_3D('',#8707,#8708,#8709);
#8707 = CARTESIAN_POINT('',(3.734878558288,-0.1975,13.453966502616));
#8708 = DIRECTION('',(0.93605880101,-0.33898332763,9.425616500203E-02));
#8709 = DIRECTION('',(-0.340499237924,-0.940244792048,
    -3.469446951954E-18));
#8710 = DEFINITIONAL_REPRESENTATION('',(#8711),#8715);
#8711 = CIRCLE('',#8712,6.491541668948);
#8712 = AXIS2_PLACEMENT_2D('',#8713,#8714);
#8713 = CARTESIAN_POINT('',(-0.531346423733,5.911529905436));
#8714 = DIRECTION('',(-1.,1.039289479972E-17));
#8715 = ( GEOMETRIC_REPRESENTATION_CONTEXT(2) 
PARAMETRIC_REPRESENTATION_CONTEXT() REPRESENTATION_CONTEXT('2D SPACE',''
  ) );
#8716 = ORIENTED_EDGE('',*,*,#8717,.T.);
#8717 = EDGE_CURVE('',#8683,#8718,#8720,.T.);
#8718 = VERTEX_POINT('',#8719);
#8719 = CARTESIAN_POINT('',(2.924863207435,-1.228363011664,
    13.716371473349));
#8720 = SURFACE_CURVE('',#8721,(#8726,#8750),.PCURVE_S1.);
#8721 = CIRCLE('',#8722,6.498872956057);
#8722 = AXIS2_PLACEMENT_3D('',#8723,#8724,#8725);
#8723 = CARTESIAN_POINT('',(4.658247083712,7.839862027248E-02,
    7.590760967145));
#8724 = DIRECTION('',(0.758047818829,-0.647716775677,7.633140163198E-02)
  );
#8725 = DIRECTION('',(0.649612017004,0.760265892543,-2.081668171172E-17)
  );
#8726 = PCURVE('',#8220,#8727);
#8727 = DEFINITIONAL_REPRESENTATION('',(#8728),#8749);
#8728 = B_SPLINE_CURVE_WITH_KNOTS('',7,(#8729,#8730,#8731,#8732,#8733,
    #8734,#8735,#8736,#8737,#8738,#8739,#8740,#8741,#8742,#8743,#8744,
    #8745,#8746,#8747,#8748),.UNSPECIFIED.,.F.,.F.,(8,6,6,8),(
    1.70647006337,1.778165923487,1.885709713661,1.993253503835),
  .UNSPECIFIED.);
#8729 = CARTESIAN_POINT('',(-3.396976625711,-1.405241395364));
#8730 = CARTESIAN_POINT('',(-3.432689468779,-1.396861125469));
#8731 = CARTESIAN_POINT('',(-3.464211442054,-1.388237680789));
#8732 = CARTESIAN_POINT('',(-3.492288142741,-1.379422764219));
#8733 = CARTESIAN_POINT('',(-3.517501858108,-1.370451993968));
#8734 = CARTESIAN_POINT('',(-3.540295753433,-1.361351827854));
#8735 = CARTESIAN_POINT('',(-3.561024075207,-1.352142548092));
#8736 = CARTESIAN_POINT('',(-3.608390131581,-1.328886482491));
#8737 = CARTESIAN_POINT('',(-3.632800623825,-1.314723268611));
#8738 = CARTESIAN_POINT('',(-3.654160373555,-1.300404322605));
#8739 = CARTESIAN_POINT('',(-3.673080000493,-1.285961837718));
#8740 = CARTESIAN_POINT('',(-3.690004333224,-1.271419292218));
#8741 = CARTESIAN_POINT('',(-3.705264152209,-1.256793699439));
#8742 = CARTESIAN_POINT('',(-3.732968239827,-1.227402746957));
#8743 = CARTESIAN_POINT('',(-3.745412572494,-1.212637388601));
#8744 = CARTESIAN_POINT('',(-3.756705124175,-1.197815242156));
#8745 = CARTESIAN_POINT('',(-3.767028672968,-1.18294551539));
#8746 = CARTESIAN_POINT('',(-3.776522207395,-1.168035149609));
#8747 = CARTESIAN_POINT('',(-3.785297800668,-1.153089730049));
#8748 = CARTESIAN_POINT('',(-3.793444996721,-1.138113686854));
#8749 = ( GEOMETRIC_REPRESENTATION_CONTEXT(2) 
PARAMETRIC_REPRESENTATION_CONTEXT() REPRESENTATION_CONTEXT('2D SPACE',''
  ) );
#8750 = PCURVE('',#8751,#8756);
#8751 = PLANE('',#8752);
#8752 = AXIS2_PLACEMENT_3D('',#8753,#8754,#8755);
#8753 = CARTESIAN_POINT('',(2.139101084959,-2.17889420893,
    13.453966502616));
#8754 = DIRECTION('',(0.758047818829,-0.647716775677,7.633140163198E-02)
  );
#8755 = DIRECTION('',(-0.649612017004,-0.760265892543,1.387778780781E-17
    ));
#8756 = DEFINITIONAL_REPRESENTATION('',(#8757),#8761);
#8757 = CIRCLE('',#8758,6.498872956057);
#8758 = AXIS2_PLACEMENT_2D('',#8759,#8760);
#8759 = CARTESIAN_POINT('',(-3.352610260902,5.88036147439));
#8760 = DIRECTION('',(-1.,2.067497228052E-17));
#8761 = ( GEOMETRIC_REPRESENTATION_CONTEXT(2) 
PARAMETRIC_REPRESENTATION_CONTEXT() REPRESENTATION_CONTEXT('2D SPACE',''
  ) );
#8762 = ORIENTED_EDGE('',*,*,#8763,.F.);
#8763 = EDGE_CURVE('',#8764,#8718,#8766,.T.);
#8764 = VERTEX_POINT('',#8765);
#8765 = CARTESIAN_POINT('',(3.521636988336,-1.825136792565,
    13.716371473349));
#8766 = SURFACE_CURVE('',#8767,(#8772,#8779),.PCURVE_S1.);
#8767 = CIRCLE('',#8768,2.2);
#8768 = AXIS2_PLACEMENT_3D('',#8769,#8770,#8771);
#8769 = CARTESIAN_POINT('',(4.75,0.,13.716371473349));
#8770 = DIRECTION('',(7.E-17,0.,-1.));
#8771 = DIRECTION('',(1.,0.,7.E-17));
#8772 = PCURVE('',#8220,#8773);
#8773 = DEFINITIONAL_REPRESENTATION('',(#8774),#8778);
#8774 = LINE('',#8775,#8776);
#8775 = CARTESIAN_POINT('',(-6.28318530718,-1.225514867309));
#8776 = VECTOR('',#8777,1.);
#8777 = DIRECTION('',(1.,-0.));
#8778 = ( GEOMETRIC_REPRESENTATION_CONTEXT(2) 
PARAMETRIC_REPRESENTATION_CONTEXT() REPRESENTATION_CONTEXT('2D SPACE',''
  ) );
#8779 = PCURVE('',#8780,#8785);
#8780 = CONICAL_SURFACE('',#8781,2.748439768859,0.462512251778);
#8781 = AXIS2_PLACEMENT_3D('',#8782,#8783,#8784);
#8782 = CARTESIAN_POINT('',(4.75,0.,14.816371473349));
#8783 = DIRECTION('',(0.,0.,1.));
#8784 = DIRECTION('',(1.,0.,0.));
#8785 = DEFINITIONAL_REPRESENTATION('',(#8786),#8790);
#8786 = LINE('',#8787,#8788);
#8787 = CARTESIAN_POINT('',(6.28318530718,-1.1));
#8788 = VECTOR('',#8789,1.);
#8789 = DIRECTION('',(-1.,-0.));
#8790 = ( GEOMETRIC_REPRESENTATION_CONTEXT(2) 
PARAMETRIC_REPRESENTATION_CONTEXT() REPRESENTATION_CONTEXT('2D SPACE',''
  ) );
#8791 = ORIENTED_EDGE('',*,*,#8792,.T.);
#8792 = EDGE_CURVE('',#8764,#8793,#8795,.T.);
#8793 = VERTEX_POINT('',#8794);
#8794 = CARTESIAN_POINT('',(4.355,-1.140316615925,13.986990920257));
#8795 = SURFACE_CURVE('',#8796,(#8801,#8825),.PCURVE_S1.);
#8796 = CIRCLE('',#8797,6.498872956057);
#8797 = AXIS2_PLACEMENT_3D('',#8798,#8799,#8800);
#8798 = CARTESIAN_POINT('',(4.828398620272,-9.175291628769E-02,
    7.590760967145));
#8799 = DIRECTION('',(-0.647716775677,0.758047818829,7.633140163198E-02)
  );
#8800 = DIRECTION('',(-0.760265892543,-0.649612017004,0.));
#8801 = PCURVE('',#8220,#8802);
#8802 = DEFINITIONAL_REPRESENTATION('',(#8803),#8824);
#8803 = B_SPLINE_CURVE_WITH_KNOTS('',7,(#8804,#8805,#8806,#8807,#8808,
    #8809,#8810,#8811,#8812,#8813,#8814,#8815,#8816,#8817,#8818,#8819,
    #8820,#8821,#8822,#8823),.UNSPECIFIED.,.F.,.F.,(8,6,6,8),(
    1.148339149755,1.291730869987,1.363426730103,1.435122590219),
  .UNSPECIFIED.);
#8804 = CARTESIAN_POINT('',(-4.060536637254,-1.138113686854));
#8805 = CARTESIAN_POINT('',(-4.071399565324,-1.158081744447));
#8806 = CARTESIAN_POINT('',(-4.083379411093,-1.177995374971));
#8807 = CARTESIAN_POINT('',(-4.096690219622,-1.197843962512));
#8808 = CARTESIAN_POINT('',(-4.111609108141,-1.217613760101));
#8809 = CARTESIAN_POINT('',(-4.128522973319,-1.237285243869));
#8810 = CARTESIAN_POINT('',(-4.147962506144,-1.256831748414));
#8811 = CARTESIAN_POINT('',(-4.18227890901,-1.285892602879));
#8812 = CARTESIAN_POINT('',(-4.194577288681,-1.295536398397));
#8813 = CARTESIAN_POINT('',(-4.207849219364,-1.305131096872));
#8814 = CARTESIAN_POINT('',(-4.222233494207,-1.314669357443));
#8815 = CARTESIAN_POINT('',(-4.237900108869,-1.324142126905));
#8816 = CARTESIAN_POINT('',(-4.255064713668,-1.333537695611));
#8817 = CARTESIAN_POINT('',(-4.292957558768,-1.352142548092));
#8818 = CARTESIAN_POINT('',(-4.313685880541,-1.361351827853));
#8819 = CARTESIAN_POINT('',(-4.336479775871,-1.370451993969));
#8820 = CARTESIAN_POINT('',(-4.361693491232,-1.379422764218));
#8821 = CARTESIAN_POINT('',(-4.38977019192,-1.388237680789));
#8822 = CARTESIAN_POINT('',(-4.421292165196,-1.396861125469));
#8823 = CARTESIAN_POINT('',(-4.457005008264,-1.405241395364));
#8824 = ( GEOMETRIC_REPRESENTATION_CONTEXT(2) 
PARAMETRIC_REPRESENTATION_CONTEXT() REPRESENTATION_CONTEXT('2D SPACE',''
  ) );
#8825 = PCURVE('',#8826,#8831);
#8826 = PLANE('',#8827);
#8827 = AXIS2_PLACEMENT_3D('',#8828,#8829,#8830);
#8828 = CARTESIAN_POINT('',(2.57110579107,-2.610898915041,
    13.453966502616));
#8829 = DIRECTION('',(-0.647716775677,0.758047818829,7.633140163198E-02)
  );
#8830 = DIRECTION('',(0.760265892543,0.649612017004,-1.387778780781E-17)
  );
#8831 = DEFINITIONAL_REPRESENTATION('',(#8832),#8836);
#8832 = CIRCLE('',#8833,6.498872956057);
#8833 = AXIS2_PLACEMENT_2D('',#8834,#8835);
#8834 = CARTESIAN_POINT('',(3.352610260902,5.88036147439));
#8835 = DIRECTION('',(-1.,4.159287501453E-17));
#8836 = ( GEOMETRIC_REPRESENTATION_CONTEXT(2) 
PARAMETRIC_REPRESENTATION_CONTEXT() REPRESENTATION_CONTEXT('2D SPACE',''
  ) );
#8837 = ORIENTED_EDGE('',*,*,#8838,.T.);
#8838 = EDGE_CURVE('',#8793,#8839,#8841,.T.);
#8839 = VERTEX_POINT('',#8840);
#8840 = CARTESIAN_POINT('',(4.75,-1.000845761008,14.022484547484));
#8841 = SURFACE_CURVE('',#8842,(#8847,#8860),.PCURVE_S1.);
#8842 = CIRCLE('',#8843,6.491541668948);
#8843 = AXIS2_PLACEMENT_3D('',#8844,#8845,#8846);
#8844 = CARTESIAN_POINT('',(4.862370166265,-0.310295741794,7.56875486176
    ));
#8845 = DIRECTION('',(-0.33898332763,0.93605880101,9.425616500203E-02));
#8846 = DIRECTION('',(-0.940244792048,-0.340499237924,0.));
#8847 = PCURVE('',#8220,#8848);
#8848 = DEFINITIONAL_REPRESENTATION('',(#8849),#8859);
#8849 = B_SPLINE_CURVE_WITH_KNOTS('',8,(#8850,#8851,#8852,#8853,#8854,
    #8855,#8856,#8857,#8858),.UNSPECIFIED.,.F.,.F.,(9,9),(1.449090390607
    ,1.532233995978),.PIECEWISE_BEZIER_KNOTS.);
#8850 = CARTESIAN_POINT('',(-4.360720744277,-1.381256448027));
#8851 = CARTESIAN_POINT('',(-4.402981379867,-1.387914965122));
#8852 = CARTESIAN_POINT('',(-4.448616073222,-1.394190985802));
#8853 = CARTESIAN_POINT('',(-4.497872949887,-1.400030788639));
#8854 = CARTESIAN_POINT('',(-4.550953798822,-1.405372746985));
#8855 = CARTESIAN_POINT('',(-4.607960560174,-1.410148219816));
#8856 = CARTESIAN_POINT('',(-4.668806335436,-1.414282528746));
#8857 = CARTESIAN_POINT('',(-4.733060393701,-1.417705814085));
#8858 = CARTESIAN_POINT('',(-4.800008829877,-1.420364024326));
#8859 = ( GEOMETRIC_REPRESENTATION_CONTEXT(2) 
PARAMETRIC_REPRESENTATION_CONTEXT() REPRESENTATION_CONTEXT('2D SPACE',''
  ) );
#8860 = PCURVE('',#8861,#8866);
#8861 = PLANE('',#8862);
#8862 = AXIS2_PLACEMENT_3D('',#8863,#8864,#8865);
#8863 = CARTESIAN_POINT('',(4.5525,-1.015121441712,13.453966502616));
#8864 = DIRECTION('',(-0.33898332763,0.93605880101,9.425616500203E-02));
#8865 = DIRECTION('',(0.940244792048,0.340499237924,3.469446951954E-18)
  );
#8866 = DEFINITIONAL_REPRESENTATION('',(#8867),#8871);
#8867 = CIRCLE('',#8868,6.491541668948);
#8868 = AXIS2_PLACEMENT_2D('',#8869,#8870);
#8869 = CARTESIAN_POINT('',(0.531346423733,5.911529905436));
#8870 = DIRECTION('',(-1.,2.764745322261E-17));
#8871 = ( GEOMETRIC_REPRESENTATION_CONTEXT(2) 
PARAMETRIC_REPRESENTATION_CONTEXT() REPRESENTATION_CONTEXT('2D SPACE',''
  ) );
#8872 = ORIENTED_EDGE('',*,*,#8873,.T.);
#8873 = EDGE_CURVE('',#8839,#8874,#8876,.T.);
#8874 = VERTEX_POINT('',#8875);
#8875 = CARTESIAN_POINT('',(5.145,-1.140316615925,13.986990920257));
#8876 = SURFACE_CURVE('',#8877,(#8882,#8895),.PCURVE_S1.);
#8877 = CIRCLE('',#8878,6.491541668948);
#8878 = AXIS2_PLACEMENT_3D('',#8879,#8880,#8881);
#8879 = CARTESIAN_POINT('',(4.637629833735,-0.310295741794,7.56875486176
    ));
#8880 = DIRECTION('',(0.33898332763,0.93605880101,9.425616500203E-02));
#8881 = DIRECTION('',(-0.940244792048,0.340499237924,-3.469446951954E-18
    ));
#8882 = PCURVE('',#8220,#8883);
#8883 = DEFINITIONAL_REPRESENTATION('',(#8884),#8894);
#8884 = B_SPLINE_CURVE_WITH_KNOTS('',8,(#8885,#8886,#8887,#8888,#8889,
    #8890,#8891,#8892,#8893),.UNSPECIFIED.,.F.,.F.,(9,9),(1.609358657612
    ,1.692502262983),.PIECEWISE_BEZIER_KNOTS.);
#8885 = CARTESIAN_POINT('',(-4.624769130892,-1.420364024326));
#8886 = CARTESIAN_POINT('',(-4.691717567068,-1.417705814085));
#8887 = CARTESIAN_POINT('',(-4.755971625323,-1.414282528745));
#8888 = CARTESIAN_POINT('',(-4.816817400611,-1.410148219817));
#8889 = CARTESIAN_POINT('',(-4.873824161888,-1.405372746984));
#8890 = CARTESIAN_POINT('',(-4.926905010889,-1.40003078864));
#8891 = CARTESIAN_POINT('',(-4.976161887535,-1.394190985802));
#8892 = CARTESIAN_POINT('',(-5.021796580902,-1.387914965122));
#8893 = CARTESIAN_POINT('',(-5.064057216492,-1.381256448027));
#8894 = ( GEOMETRIC_REPRESENTATION_CONTEXT(2) 
PARAMETRIC_REPRESENTATION_CONTEXT() REPRESENTATION_CONTEXT('2D SPACE',''
  ) );
#8895 = PCURVE('',#8896,#8901);
#8896 = PLANE('',#8897);
#8897 = AXIS2_PLACEMENT_3D('',#8898,#8899,#8900);
#8898 = CARTESIAN_POINT('',(4.9475,-1.015121441712,13.453966502616));
#8899 = DIRECTION('',(0.33898332763,0.93605880101,9.425616500203E-02));
#8900 = DIRECTION('',(0.940244792048,-0.340499237924,-3.469446951954E-18
    ));
#8901 = DEFINITIONAL_REPRESENTATION('',(#8902),#8906);
#8902 = CIRCLE('',#8903,6.491541668948);
#8903 = AXIS2_PLACEMENT_2D('',#8904,#8905);
#8904 = CARTESIAN_POINT('',(-0.531346423733,5.911529905436));
#8905 = DIRECTION('',(-1.,2.417800627066E-17));
#8906 = ( GEOMETRIC_REPRESENTATION_CONTEXT(2) 
PARAMETRIC_REPRESENTATION_CONTEXT() REPRESENTATION_CONTEXT('2D SPACE',''
  ) );
#8907 = ORIENTED_EDGE('',*,*,#8908,.T.);
#8908 = EDGE_CURVE('',#8874,#8909,#8911,.T.);
#8909 = VERTEX_POINT('',#8910);
#8910 = CARTESIAN_POINT('',(5.978363011664,-1.825136792565,
    13.716371473349));
#8911 = SURFACE_CURVE('',#8912,(#8917,#8941),.PCURVE_S1.);
#8912 = CIRCLE('',#8913,6.498872956057);
#8913 = AXIS2_PLACEMENT_3D('',#8914,#8915,#8916);
#8914 = CARTESIAN_POINT('',(4.671601379728,-9.175291628769E-02,
    7.590760967145));
#8915 = DIRECTION('',(0.647716775677,0.758047818829,7.633140163198E-02)
  );
#8916 = DIRECTION('',(-0.760265892543,0.649612017004,-6.938893903907E-18
    ));
#8917 = PCURVE('',#8220,#8918);
#8918 = DEFINITIONAL_REPRESENTATION('',(#8919),#8940);
#8919 = B_SPLINE_CURVE_WITH_KNOTS('',7,(#8920,#8921,#8922,#8923,#8924,
    #8925,#8926,#8927,#8928,#8929,#8930,#8931,#8932,#8933,#8934,#8935,
    #8936,#8937,#8938,#8939),.UNSPECIFIED.,.F.,.F.,(8,6,6,8),(
    1.70647006337,1.778165923487,1.885709713661,1.993253503835),
  .UNSPECIFIED.);
#8920 = CARTESIAN_POINT('',(-4.967772952506,-1.405241395364));
#8921 = CARTESIAN_POINT('',(-5.003485795574,-1.396861125469));
#8922 = CARTESIAN_POINT('',(-5.035007768849,-1.388237680789));
#8923 = CARTESIAN_POINT('',(-5.063084469535,-1.379422764218));
#8924 = CARTESIAN_POINT('',(-5.088298184902,-1.370451993968));
#8925 = CARTESIAN_POINT('',(-5.111092080228,-1.361351827854));
#8926 = CARTESIAN_POINT('',(-5.131820402001,-1.352142548092));
#8927 = CARTESIAN_POINT('',(-5.179186458376,-1.328886482491));
#8928 = CARTESIAN_POINT('',(-5.20359695062,-1.314723268611));
#8929 = CARTESIAN_POINT('',(-5.224956700351,-1.300404322605));
#8930 = CARTESIAN_POINT('',(-5.243876327289,-1.285961837718));
#8931 = CARTESIAN_POINT('',(-5.260800660019,-1.271419292218));
#8932 = CARTESIAN_POINT('',(-5.276060479004,-1.256793699439));
#8933 = CARTESIAN_POINT('',(-5.303764566622,-1.227402746957));
#8934 = CARTESIAN_POINT('',(-5.316208899289,-1.212637388601));
#8935 = CARTESIAN_POINT('',(-5.32750145097,-1.197815242156));
#8936 = CARTESIAN_POINT('',(-5.337824999763,-1.18294551539));
#8937 = CARTESIAN_POINT('',(-5.34731853419,-1.168035149609));
#8938 = CARTESIAN_POINT('',(-5.356094127463,-1.153089730049));
#8939 = CARTESIAN_POINT('',(-5.364241323515,-1.138113686854));
#8940 = ( GEOMETRIC_REPRESENTATION_CONTEXT(2) 
PARAMETRIC_REPRESENTATION_CONTEXT() REPRESENTATION_CONTEXT('2D SPACE',''
  ) );
#8941 = PCURVE('',#8942,#8947);
#8942 = PLANE('',#8943);
#8943 = AXIS2_PLACEMENT_3D('',#8944,#8945,#8946);
#8944 = CARTESIAN_POINT('',(6.92889420893,-2.610898915041,
    13.453966502616));
#8945 = DIRECTION('',(0.647716775677,0.758047818829,7.633140163198E-02)
  );
#8946 = DIRECTION('',(0.760265892543,-0.649612017004,1.387778780781E-17)
  );
#8947 = DEFINITIONAL_REPRESENTATION('',(#8948),#8952);
#8948 = CIRCLE('',#8949,6.498872956057);
#8949 = AXIS2_PLACEMENT_2D('',#8950,#8951);
#8950 = CARTESIAN_POINT('',(-3.352610260902,5.88036147439));
#8951 = DIRECTION('',(-1.,6.898405494991E-18));
#8952 = ( GEOMETRIC_REPRESENTATION_CONTEXT(2) 
PARAMETRIC_REPRESENTATION_CONTEXT() REPRESENTATION_CONTEXT('2D SPACE',''
  ) );
#8953 = ORIENTED_EDGE('',*,*,#8954,.F.);
#8954 = EDGE_CURVE('',#8955,#8909,#8957,.T.);
#8955 = VERTEX_POINT('',#8956);
#8956 = CARTESIAN_POINT('',(6.575136792565,-1.228363011664,
    13.716371473349));
#8957 = SURFACE_CURVE('',#8958,(#8963,#8970),.PCURVE_S1.);
#8958 = CIRCLE('',#8959,2.2);
#8959 = AXIS2_PLACEMENT_3D('',#8960,#8961,#8962);
#8960 = CARTESIAN_POINT('',(4.75,0.,13.716371473349));
#8961 = DIRECTION('',(7.E-17,0.,-1.));
#8962 = DIRECTION('',(1.,0.,7.E-17));
#8963 = PCURVE('',#8220,#8964);
#8964 = DEFINITIONAL_REPRESENTATION('',(#8965),#8969);
#8965 = LINE('',#8966,#8967);
#8966 = CARTESIAN_POINT('',(-6.28318530718,-1.225514867309));
#8967 = VECTOR('',#8968,1.);
#8968 = DIRECTION('',(1.,-0.));
#8969 = ( GEOMETRIC_REPRESENTATION_CONTEXT(2) 
PARAMETRIC_REPRESENTATION_CONTEXT() REPRESENTATION_CONTEXT('2D SPACE',''
  ) );
#8970 = PCURVE('',#8971,#8976);
#8971 = CONICAL_SURFACE('',#8972,2.748439768859,0.462512251778);
#8972 = AXIS2_PLACEMENT_3D('',#8973,#8974,#8975);
#8973 = CARTESIAN_POINT('',(4.75,0.,14.816371473349));
#8974 = DIRECTION('',(0.,0.,1.));
#8975 = DIRECTION('',(1.,0.,0.));
#8976 = DEFINITIONAL_REPRESENTATION('',(#8977),#8981);
#8977 = LINE('',#8978,#8979);
#8978 = CARTESIAN_POINT('',(6.28318530718,-1.1));
#8979 = VECTOR('',#8980,1.);
#8980 = DIRECTION('',(-1.,-0.));
#8981 = ( GEOMETRIC_REPRESENTATION_CONTEXT(2) 
PARAMETRIC_REPRESENTATION_CONTEXT() REPRESENTATION_CONTEXT('2D SPACE',''
  ) );
#8982 = ORIENTED_EDGE('',*,*,#8983,.T.);
#8983 = EDGE_CURVE('',#8955,#8209,#8984,.T.);
#8984 = SURFACE_CURVE('',#8985,(#8990,#9014),.PCURVE_S1.);
#8985 = CIRCLE('',#8986,6.498872956057);
#8986 = AXIS2_PLACEMENT_3D('',#8987,#8988,#8989);
#8987 = CARTESIAN_POINT('',(4.841752916288,7.839862027248E-02,
    7.590760967145));
#8988 = DIRECTION('',(-0.758047818829,-0.647716775677,7.633140163198E-02
    ));
#8989 = DIRECTION('',(0.649612017004,-0.760265892543,0.));
#8990 = PCURVE('',#8220,#8991);
#8991 = DEFINITIONAL_REPRESENTATION('',(#8992),#9013);
#8992 = B_SPLINE_CURVE_WITH_KNOTS('',7,(#8993,#8994,#8995,#8996,#8997,
    #8998,#8999,#9000,#9001,#9002,#9003,#9004,#9005,#9006,#9007,#9008,
    #9009,#9010,#9011,#9012),.UNSPECIFIED.,.F.,.F.,(8,6,6,8),(
    1.148339149755,1.291730869987,1.363426730103,1.435122590219),
  .UNSPECIFIED.);
#8993 = CARTESIAN_POINT('',(-5.631332964049,-1.138113686854));
#8994 = CARTESIAN_POINT('',(-5.642195892119,-1.158081744447));
#8995 = CARTESIAN_POINT('',(-5.654175737889,-1.177995374971));
#8996 = CARTESIAN_POINT('',(-5.667486546415,-1.197843962512));
#8997 = CARTESIAN_POINT('',(-5.682405434938,-1.217613760101));
#8998 = CARTESIAN_POINT('',(-5.699319300113,-1.237285243869));
#8999 = CARTESIAN_POINT('',(-5.718758832939,-1.256831748414));
#9000 = CARTESIAN_POINT('',(-5.753075235805,-1.285892602879));
#9001 = CARTESIAN_POINT('',(-5.765373615475,-1.295536398397));
#9002 = CARTESIAN_POINT('',(-5.778645546159,-1.305131096872));
#9003 = CARTESIAN_POINT('',(-5.793029821002,-1.314669357443));
#9004 = CARTESIAN_POINT('',(-5.808696435663,-1.324142126905));
#9005 = CARTESIAN_POINT('',(-5.825861040463,-1.333537695611));
#9006 = CARTESIAN_POINT('',(-5.863753885563,-1.352142548092));
#9007 = CARTESIAN_POINT('',(-5.884482207337,-1.361351827853));
#9008 = CARTESIAN_POINT('',(-5.907276102661,-1.370451993968));
#9009 = CARTESIAN_POINT('',(-5.932489818031,-1.379422764218));
#9010 = CARTESIAN_POINT('',(-5.960566518715,-1.388237680789));
#9011 = CARTESIAN_POINT('',(-5.992088491991,-1.396861125469));
#9012 = CARTESIAN_POINT('',(-6.027801335059,-1.405241395364));
#9013 = ( GEOMETRIC_REPRESENTATION_CONTEXT(2) 
PARAMETRIC_REPRESENTATION_CONTEXT() REPRESENTATION_CONTEXT('2D SPACE',''
  ) );
#9014 = PCURVE('',#9015,#9020);
#9015 = PLANE('',#9016);
#9016 = AXIS2_PLACEMENT_3D('',#9017,#9018,#9019);
#9017 = CARTESIAN_POINT('',(7.360898915041,-2.17889420893,
    13.453966502616));
#9018 = DIRECTION('',(-0.758047818829,-0.647716775677,7.633140163198E-02
    ));
#9019 = DIRECTION('',(-0.649612017004,0.760265892543,-1.387778780781E-17
    ));
#9020 = DEFINITIONAL_REPRESENTATION('',(#9021),#9025);
#9021 = CIRCLE('',#9022,6.498872956057);
#9022 = AXIS2_PLACEMENT_2D('',#9023,#9024);
#9023 = CARTESIAN_POINT('',(3.352610260902,5.88036147439));
#9024 = DIRECTION('',(-1.,2.079643750726E-17));
#9025 = ( GEOMETRIC_REPRESENTATION_CONTEXT(2) 
PARAMETRIC_REPRESENTATION_CONTEXT() REPRESENTATION_CONTEXT('2D SPACE',''
  ) );
#9026 = ADVANCED_FACE('',(#9027),#8237,.T.);
#9027 = FACE_BOUND('',#9028,.T.);
#9028 = EDGE_LOOP('',(#9029,#9052,#9053,#9076));
#9029 = ORIENTED_EDGE('',*,*,#9030,.F.);
#9030 = EDGE_CURVE('',#8209,#9031,#9033,.T.);
#9031 = VERTEX_POINT('',#9032);
#9032 = CARTESIAN_POINT('',(5.640868365168,-0.395,11.509718154986));
#9033 = SURFACE_CURVE('',#9034,(#9038,#9045),.PCURVE_S1.);
#9034 = LINE('',#9035,#9036);
#9035 = CARTESIAN_POINT('',(6.084595021906,-0.395,15.916371473349));
#9036 = VECTOR('',#9037,1.);
#9037 = DIRECTION('',(-0.100188061612,0.,-0.994968518251));
#9038 = PCURVE('',#8237,#9039);
#9039 = DEFINITIONAL_REPRESENTATION('',(#9040),#9044);
#9040 = LINE('',#9041,#9042);
#9041 = CARTESIAN_POINT('',(-0.294478857022,-2.473416677614));
#9042 = VECTOR('',#9043,1.);
#9043 = DIRECTION('',(3.411395862797E-02,0.999417949522));
#9044 = ( GEOMETRIC_REPRESENTATION_CONTEXT(2) 
PARAMETRIC_REPRESENTATION_CONTEXT() REPRESENTATION_CONTEXT('2D SPACE',''
  ) );
#9045 = PCURVE('',#9015,#9046);
#9046 = DEFINITIONAL_REPRESENTATION('',(#9047),#9051);
#9047 = LINE('',#9048,#9049);
#9048 = CARTESIAN_POINT('',(2.185336269284,-2.469610051471));
#9049 = VECTOR('',#9050,1.);
#9050 = DIRECTION('',(6.50833687835E-02,0.997879829993));
#9051 = ( GEOMETRIC_REPRESENTATION_CONTEXT(2) 
PARAMETRIC_REPRESENTATION_CONTEXT() REPRESENTATION_CONTEXT('2D SPACE',''
  ) );
#9052 = ORIENTED_EDGE('',*,*,#8208,.T.);
#9053 = ORIENTED_EDGE('',*,*,#9054,.T.);
#9054 = EDGE_CURVE('',#8211,#9055,#9057,.T.);
#9055 = VERTEX_POINT('',#9056);
#9056 = CARTESIAN_POINT('',(5.485,0.,11.382367964155));
#9057 = SURFACE_CURVE('',#9058,(#9062,#9069),.PCURVE_S1.);
#9058 = LINE('',#9059,#9060);
#9059 = CARTESIAN_POINT('',(5.941550146659,0.,15.916371473349));
#9060 = VECTOR('',#9061,1.);
#9061 = DIRECTION('',(-0.100188061612,0.,-0.994968518251));
#9062 = PCURVE('',#8237,#9063);
#9063 = DEFINITIONAL_REPRESENTATION('',(#9064),#9068);
#9064 = LINE('',#9065,#9066);
#9065 = CARTESIAN_POINT('',(0.125624506847,-2.473416677614));
#9066 = VECTOR('',#9067,1.);
#9067 = DIRECTION('',(3.411395862797E-02,0.999417949522));
#9068 = ( GEOMETRIC_REPRESENTATION_CONTEXT(2) 
PARAMETRIC_REPRESENTATION_CONTEXT() REPRESENTATION_CONTEXT('2D SPACE',''
  ) );
#9069 = PCURVE('',#8323,#9070);
#9070 = DEFINITIONAL_REPRESENTATION('',(#9071),#9075);
#9071 = LINE('',#9072,#9073);
#9072 = CARTESIAN_POINT('',(-0.125624506847,-2.473416677614));
#9073 = VECTOR('',#9074,1.);
#9074 = DIRECTION('',(-3.411395862797E-02,0.999417949522));
#9075 = ( GEOMETRIC_REPRESENTATION_CONTEXT(2) 
PARAMETRIC_REPRESENTATION_CONTEXT() REPRESENTATION_CONTEXT('2D SPACE',''
  ) );
#9076 = ORIENTED_EDGE('',*,*,#9077,.F.);
#9077 = EDGE_CURVE('',#9031,#9055,#9078,.T.);
#9078 = SURFACE_CURVE('',#9079,(#9084,#9091),.PCURVE_S1.);
#9079 = HYPERBOLA('',#9080,0.350222911598,0.654909647025);
#9080 = AXIS2_PLACEMENT_3D('',#9081,#9082,#9083);
#9081 = CARTESIAN_POINT('',(5.366557125368,0.223279334382,
    11.009113615693));
#9082 = DIRECTION('',(-0.93605880101,-0.33898332763,9.425616500203E-02)
  );
#9083 = DIRECTION('',(8.862386826157E-02,3.209415235281E-02,
    0.995547977427));
#9084 = PCURVE('',#8237,#9085);
#9085 = DEFINITIONAL_REPRESENTATION('',(#9086),#9090);
#9086 = HYPERBOLA('',#9087,0.350222911598,0.654909647025);
#9087 = AXIS2_PLACEMENT_2D('',#9088,#9089);
#9088 = CARTESIAN_POINT('',(0.531346423733,2.455786102084));
#9089 = DIRECTION('',(-6.954339960053E-18,-1.));
#9090 = ( GEOMETRIC_REPRESENTATION_CONTEXT(2) 
PARAMETRIC_REPRESENTATION_CONTEXT() REPRESENTATION_CONTEXT('2D SPACE',''
  ) );
#9091 = PCURVE('',#9092,#9097);
#9092 = CONICAL_SURFACE('',#9093,1.145,1.082104136236);
#9093 = AXIS2_PLACEMENT_3D('',#9094,#9095,#9096);
#9094 = CARTESIAN_POINT('',(4.75,0.,11.600368831136));
#9095 = DIRECTION('',(0.,0.,1.));
#9096 = DIRECTION('',(1.,0.,0.));
#9097 = DEFINITIONAL_REPRESENTATION('',(#9098),#9107);
#9098 = B_SPLINE_CURVE_WITH_KNOTS('',7,(#9099,#9100,#9101,#9102,#9103,
    #9104,#9105,#9106),.UNSPECIFIED.,.F.,.F.,(8,8),(-1.109111310911,
    -0.373401784931),.PIECEWISE_BEZIER_KNOTS.);
#9099 = CARTESIAN_POINT('',(5.73694902799,-5.236075069836E-03));
#9100 = CARTESIAN_POINT('',(5.797585728976,-5.474004881714E-02));
#9101 = CARTESIAN_POINT('',(5.864024555725,-9.66917929864E-02));
#9102 = CARTESIAN_POINT('',(5.936536583506,-0.131984460059));
#9103 = CARTESIAN_POINT('',(6.015204616415,-0.161306874177));
#9104 = CARTESIAN_POINT('',(6.099802539285,-0.185183572808));
#9105 = CARTESIAN_POINT('',(6.189536470256,-0.203997348029));
#9106 = CARTESIAN_POINT('',(6.28318530718,-0.218000866981));
#9107 = ( GEOMETRIC_REPRESENTATION_CONTEXT(2) 
PARAMETRIC_REPRESENTATION_CONTEXT() REPRESENTATION_CONTEXT('2D SPACE',''
  ) );
#9108 = ADVANCED_FACE('',(#9109),#9015,.T.);
#9109 = FACE_BOUND('',#9110,.T.);
#9110 = EDGE_LOOP('',(#9111,#9140,#9141,#9142));
#9111 = ORIENTED_EDGE('',*,*,#9112,.F.);
#9112 = EDGE_CURVE('',#8955,#9113,#9115,.T.);
#9113 = VERTEX_POINT('',#9114);
#9114 = CARTESIAN_POINT('',(5.765101266841,-0.529711636702,
    11.600368831136));
#9115 = SURFACE_CURVE('',#9116,(#9121,#9128),.PCURVE_S1.);
#9116 = HYPERBOLA('',#9117,0.518803557914,0.254852851795);
#9117 = AXIS2_PLACEMENT_3D('',#9118,#9119,#9120);
#9118 = CARTESIAN_POINT('',(4.946081130525,0.167542250607,9.383281438826
    ));
#9119 = DIRECTION('',(-0.758047818829,-0.647716775677,7.633140163198E-02
    ));
#9120 = DIRECTION('',(5.803216119081E-02,4.958579577486E-02,
    0.997082502667));
#9121 = PCURVE('',#9015,#9122);
#9122 = DEFINITIONAL_REPRESENTATION('',(#9123),#9127);
#9123 = HYPERBOLA('',#9124,0.518803557914,0.254852851795);
#9124 = AXIS2_PLACEMENT_2D('',#9125,#9126);
#9125 = CARTESIAN_POINT('',(3.352610260902,4.08259602681));
#9126 = DIRECTION('',(-2.077619330281E-17,-1.));
#9127 = ( GEOMETRIC_REPRESENTATION_CONTEXT(2) 
PARAMETRIC_REPRESENTATION_CONTEXT() REPRESENTATION_CONTEXT('2D SPACE',''
  ) );
#9128 = PCURVE('',#8971,#9129);
#9129 = DEFINITIONAL_REPRESENTATION('',(#9130),#9139);
#9130 = B_SPLINE_CURVE_WITH_KNOTS('',7,(#9131,#9132,#9133,#9134,#9135,
    #9136,#9137,#9138),.UNSPECIFIED.,.F.,.F.,(8,8),(-3.042532923046,
    -2.134597207417),.PIECEWISE_BEZIER_KNOTS.);
#9131 = CARTESIAN_POINT('',(5.667159944421,-7.069981456656E-16));
#9132 = CARTESIAN_POINT('',(5.67918702814,-0.701498128582));
#9133 = CARTESIAN_POINT('',(5.692999729098,-1.29635934637));
#9134 = CARTESIAN_POINT('',(5.708908408179,-1.803859067971));
#9135 = CARTESIAN_POINT('',(5.727287597041,-2.238880022435));
#9136 = CARTESIAN_POINT('',(5.74858747501,-2.613225801562));
#9137 = CARTESIAN_POINT('',(5.773355943368,-2.936371929625));
#9138 = CARTESIAN_POINT('',(5.802225563627,-3.216002642213));
#9139 = ( GEOMETRIC_REPRESENTATION_CONTEXT(2) 
PARAMETRIC_REPRESENTATION_CONTEXT() REPRESENTATION_CONTEXT('2D SPACE',''
  ) );
#9140 = ORIENTED_EDGE('',*,*,#8983,.T.);
#9141 = ORIENTED_EDGE('',*,*,#9030,.T.);
#9142 = ORIENTED_EDGE('',*,*,#9143,.F.);
#9143 = EDGE_CURVE('',#9113,#9031,#9144,.T.);
#9144 = SURFACE_CURVE('',#9145,(#9150,#9157),.PCURVE_S1.);
#9145 = HYPERBOLA('',#9146,0.203528734064,0.381348792359);
#9146 = AXIS2_PLACEMENT_3D('',#9147,#9148,#9149);
#9147 = CARTESIAN_POINT('',(5.040166966654,0.247934242907,
    10.999821974765));
#9148 = DIRECTION('',(-0.758047818829,-0.647716775677,7.633140163198E-02
    ));
#9149 = DIRECTION('',(5.803216119081E-02,4.958579577486E-02,
    0.997082502667));
#9150 = PCURVE('',#9015,#9151);
#9151 = DEFINITIONAL_REPRESENTATION('',(#9152),#9156);
#9152 = HYPERBOLA('',#9153,0.203528734064,0.381348792359);
#9153 = AXIS2_PLACEMENT_2D('',#9154,#9155);
#9154 = CARTESIAN_POINT('',(3.352610260902,2.461325438252));
#9155 = DIRECTION('',(-2.077619330281E-17,-1.));
#9156 = ( GEOMETRIC_REPRESENTATION_CONTEXT(2) 
PARAMETRIC_REPRESENTATION_CONTEXT() REPRESENTATION_CONTEXT('2D SPACE',''
  ) );
#9157 = PCURVE('',#9092,#9158);
#9158 = DEFINITIONAL_REPRESENTATION('',(#9159),#9167);
#9159 = B_SPLINE_CURVE_WITH_KNOTS('',6,(#9160,#9161,#9162,#9163,#9164,
    #9165,#9166),.UNSPECIFIED.,.F.,.F.,(7,7),(-1.748249181547,
    -0.810383326292),.PIECEWISE_BEZIER_KNOTS.);
#9160 = CARTESIAN_POINT('',(5.802225563627,1.079784594408E-16));
#9161 = CARTESIAN_POINT('',(5.85428582728,-8.835012969284E-02));
#9162 = CARTESIAN_POINT('',(5.915412172944,-0.159092640263));
#9163 = CARTESIAN_POINT('',(5.987294022965,-0.216111182728));
#9164 = CARTESIAN_POINT('',(6.071774237204,-0.262008056099));
#9165 = CARTESIAN_POINT('',(6.170616728113,-0.298634939141));
#9166 = CARTESIAN_POINT('',(6.28318530718,-0.327248548349));
#9167 = ( GEOMETRIC_REPRESENTATION_CONTEXT(2) 
PARAMETRIC_REPRESENTATION_CONTEXT() REPRESENTATION_CONTEXT('2D SPACE',''
  ) );
#9168 = ADVANCED_FACE('',(#9169),#8971,.F.);
#9169 = FACE_BOUND('',#9170,.T.);
#9170 = EDGE_LOOP('',(#9171,#9195,#9222,#9223));
#9171 = ORIENTED_EDGE('',*,*,#9172,.F.);
#9172 = EDGE_CURVE('',#9173,#9113,#9175,.T.);
#9173 = VERTEX_POINT('',#9174);
#9174 = CARTESIAN_POINT('',(5.279711636702,-1.015101266841,
    11.600368831136));
#9175 = SURFACE_CURVE('',#9176,(#9181,#9188),.PCURVE_S1.);
#9176 = CIRCLE('',#9177,1.145);
#9177 = AXIS2_PLACEMENT_3D('',#9178,#9179,#9180);
#9178 = CARTESIAN_POINT('',(4.75,0.,11.600368831136));
#9179 = DIRECTION('',(0.,0.,1.));
#9180 = DIRECTION('',(1.,0.,0.));
#9181 = PCURVE('',#8971,#9182);
#9182 = DEFINITIONAL_REPRESENTATION('',(#9183),#9187);
#9183 = LINE('',#9184,#9185);
#9184 = CARTESIAN_POINT('',(0.,-3.216002642213));
#9185 = VECTOR('',#9186,1.);
#9186 = DIRECTION('',(1.,-0.));
#9187 = ( GEOMETRIC_REPRESENTATION_CONTEXT(2) 
PARAMETRIC_REPRESENTATION_CONTEXT() REPRESENTATION_CONTEXT('2D SPACE',''
  ) );
#9188 = PCURVE('',#9092,#9189);
#9189 = DEFINITIONAL_REPRESENTATION('',(#9190),#9194);
#9190 = LINE('',#9191,#9192);
#9191 = CARTESIAN_POINT('',(0.,-0.));
#9192 = VECTOR('',#9193,1.);
#9193 = DIRECTION('',(1.,-0.));
#9194 = ( GEOMETRIC_REPRESENTATION_CONTEXT(2) 
PARAMETRIC_REPRESENTATION_CONTEXT() REPRESENTATION_CONTEXT('2D SPACE',''
  ) );
#9195 = ORIENTED_EDGE('',*,*,#9196,.T.);
#9196 = EDGE_CURVE('',#9173,#8909,#9197,.T.);
#9197 = SURFACE_CURVE('',#9198,(#9203,#9215),.PCURVE_S1.);
#9198 = HYPERBOLA('',#9199,0.518803557914,0.254852851795);
#9199 = AXIS2_PLACEMENT_3D('',#9200,#9201,#9202);
#9200 = CARTESIAN_POINT('',(4.582457749393,-0.196081130525,
    9.383281438826));
#9201 = DIRECTION('',(0.647716775677,0.758047818829,7.633140163198E-02)
  );
#9202 = DIRECTION('',(-4.958579577486E-02,-5.803216119081E-02,
    0.997082502667));
#9203 = PCURVE('',#8971,#9204);
#9204 = DEFINITIONAL_REPRESENTATION('',(#9205),#9214);
#9205 = B_SPLINE_CURVE_WITH_KNOTS('',7,(#9206,#9207,#9208,#9209,#9210,
    #9211,#9212,#9213),.UNSPECIFIED.,.F.,.F.,(8,8),(2.134597207417,
    3.042532923046),.PIECEWISE_BEZIER_KNOTS.);
#9206 = CARTESIAN_POINT('',(5.193348723937,-3.216002642213));
#9207 = CARTESIAN_POINT('',(5.222218344196,-2.936371929625));
#9208 = CARTESIAN_POINT('',(5.246986812554,-2.613225801562));
#9209 = CARTESIAN_POINT('',(5.268286690522,-2.238880022435));
#9210 = CARTESIAN_POINT('',(5.286665879387,-1.803859067972));
#9211 = CARTESIAN_POINT('',(5.302574558466,-1.29635934637));
#9212 = CARTESIAN_POINT('',(5.316387259424,-0.701498128582));
#9213 = CARTESIAN_POINT('',(5.328414343143,1.030964384566E-14));
#9214 = ( GEOMETRIC_REPRESENTATION_CONTEXT(2) 
PARAMETRIC_REPRESENTATION_CONTEXT() REPRESENTATION_CONTEXT('2D SPACE',''
  ) );
#9215 = PCURVE('',#8942,#9216);
#9216 = DEFINITIONAL_REPRESENTATION('',(#9217),#9221);
#9217 = HYPERBOLA('',#9218,0.518803557914,0.254852851795);
#9218 = AXIS2_PLACEMENT_2D('',#9219,#9220);
#9219 = CARTESIAN_POINT('',(-3.352610260902,4.08259602681));
#9220 = DIRECTION('',(-2.085717012064E-17,-1.));
#9221 = ( GEOMETRIC_REPRESENTATION_CONTEXT(2) 
PARAMETRIC_REPRESENTATION_CONTEXT() REPRESENTATION_CONTEXT('2D SPACE',''
  ) );
#9222 = ORIENTED_EDGE('',*,*,#8954,.F.);
#9223 = ORIENTED_EDGE('',*,*,#9112,.T.);
#9224 = ADVANCED_FACE('',(#9225),#8942,.T.);
#9225 = FACE_BOUND('',#9226,.T.);
#9226 = EDGE_LOOP('',(#9227,#9250,#9251,#9252));
#9227 = ORIENTED_EDGE('',*,*,#9228,.F.);
#9228 = EDGE_CURVE('',#8874,#9229,#9231,.T.);
#9229 = VERTEX_POINT('',#9230);
#9230 = CARTESIAN_POINT('',(5.145,-0.890868365168,11.509718154986));
#9231 = SURFACE_CURVE('',#9232,(#9236,#9243),.PCURVE_S1.);
#9232 = LINE('',#9233,#9234);
#9233 = CARTESIAN_POINT('',(5.145,-1.334595021906,15.916371473349));
#9234 = VECTOR('',#9235,1.);
#9235 = DIRECTION('',(0.,0.100188061612,-0.994968518251));
#9236 = PCURVE('',#8942,#9237);
#9237 = DEFINITIONAL_REPRESENTATION('',(#9238),#9242);
#9238 = LINE('',#9239,#9240);
#9239 = CARTESIAN_POINT('',(-2.185336269284,-2.469610051471));
#9240 = VECTOR('',#9241,1.);
#9241 = DIRECTION('',(-6.50833687835E-02,0.997879829993));
#9242 = ( GEOMETRIC_REPRESENTATION_CONTEXT(2) 
PARAMETRIC_REPRESENTATION_CONTEXT() REPRESENTATION_CONTEXT('2D SPACE',''
  ) );
#9243 = PCURVE('',#8896,#9244);
#9244 = DEFINITIONAL_REPRESENTATION('',(#9245),#9249);
#9245 = LINE('',#9246,#9247);
#9246 = CARTESIAN_POINT('',(0.294478857022,-2.473416677614));
#9247 = VECTOR('',#9248,1.);
#9248 = DIRECTION('',(-3.411395862797E-02,0.999417949522));
#9249 = ( GEOMETRIC_REPRESENTATION_CONTEXT(2) 
PARAMETRIC_REPRESENTATION_CONTEXT() REPRESENTATION_CONTEXT('2D SPACE',''
  ) );
#9250 = ORIENTED_EDGE('',*,*,#8908,.T.);
#9251 = ORIENTED_EDGE('',*,*,#9196,.F.);
#9252 = ORIENTED_EDGE('',*,*,#9253,.F.);
#9253 = EDGE_CURVE('',#9229,#9173,#9254,.T.);
#9254 = SURFACE_CURVE('',#9255,(#9260,#9267),.PCURVE_S1.);
#9255 = HYPERBOLA('',#9256,0.203528734064,0.381348792359);
#9256 = AXIS2_PLACEMENT_3D('',#9257,#9258,#9259);
#9257 = CARTESIAN_POINT('',(4.502065757093,-0.290166966654,
    10.999821974765));
#9258 = DIRECTION('',(0.647716775677,0.758047818829,7.633140163198E-02)
  );
#9259 = DIRECTION('',(-4.958579577486E-02,-5.803216119081E-02,
    0.997082502667));
#9260 = PCURVE('',#8942,#9261);
#9261 = DEFINITIONAL_REPRESENTATION('',(#9262),#9266);
#9262 = HYPERBOLA('',#9263,0.203528734064,0.381348792359);
#9263 = AXIS2_PLACEMENT_2D('',#9264,#9265);
#9264 = CARTESIAN_POINT('',(-3.352610260902,2.461325438252));
#9265 = DIRECTION('',(-2.085717012064E-17,-1.));
#9266 = ( GEOMETRIC_REPRESENTATION_CONTEXT(2) 
PARAMETRIC_REPRESENTATION_CONTEXT() REPRESENTATION_CONTEXT('2D SPACE',''
  ) );
#9267 = PCURVE('',#9092,#9268);
#9268 = DEFINITIONAL_REPRESENTATION('',(#9269),#9277);
#9269 = B_SPLINE_CURVE_WITH_KNOTS('',6,(#9270,#9271,#9272,#9273,#9274,
    #9275,#9276),.UNSPECIFIED.,.F.,.F.,(7,7),(0.80968519384,
    1.748249181547),.PIECEWISE_BEZIER_KNOTS.);
#9270 = CARTESIAN_POINT('',(4.711886100712,-0.327376278856));
#9271 = CARTESIAN_POINT('',(4.824589602537,-0.298771209243));
#9272 = CARTESIAN_POINT('',(4.923548447007,-0.262144681271));
#9273 = CARTESIAN_POINT('',(5.008119742125,-0.216238488484));
#9274 = CARTESIAN_POINT('',(5.080071100104,-0.159197950595));
#9275 = CARTESIAN_POINT('',(5.141249707451,-8.841589612661E-02));
#9276 = CARTESIAN_POINT('',(5.193348723937,1.783991938586E-15));
#9277 = ( GEOMETRIC_REPRESENTATION_CONTEXT(2) 
PARAMETRIC_REPRESENTATION_CONTEXT() REPRESENTATION_CONTEXT('2D SPACE',''
  ) );
#9278 = ADVANCED_FACE('',(#9279),#8896,.T.);
#9279 = FACE_BOUND('',#9280,.T.);
#9280 = EDGE_LOOP('',(#9281,#9304,#9305,#9306));
#9281 = ORIENTED_EDGE('',*,*,#9282,.F.);
#9282 = EDGE_CURVE('',#8839,#9283,#9285,.T.);
#9283 = VERTEX_POINT('',#9284);
#9284 = CARTESIAN_POINT('',(4.75,-0.735,11.382367964155));
#9285 = SURFACE_CURVE('',#9286,(#9290,#9297),.PCURVE_S1.);
#9286 = LINE('',#9287,#9288);
#9287 = CARTESIAN_POINT('',(4.75,-1.191550146659,15.916371473349));
#9288 = VECTOR('',#9289,1.);
#9289 = DIRECTION('',(0.,0.100188061612,-0.994968518251));
#9290 = PCURVE('',#8896,#9291);
#9291 = DEFINITIONAL_REPRESENTATION('',(#9292),#9296);
#9292 = LINE('',#9293,#9294);
#9293 = CARTESIAN_POINT('',(-0.125624506847,-2.473416677614));
#9294 = VECTOR('',#9295,1.);
#9295 = DIRECTION('',(-3.411395862797E-02,0.999417949522));
#9296 = ( GEOMETRIC_REPRESENTATION_CONTEXT(2) 
PARAMETRIC_REPRESENTATION_CONTEXT() REPRESENTATION_CONTEXT('2D SPACE',''
  ) );
#9297 = PCURVE('',#8861,#9298);
#9298 = DEFINITIONAL_REPRESENTATION('',(#9299),#9303);
#9299 = LINE('',#9300,#9301);
#9300 = CARTESIAN_POINT('',(0.125624506847,-2.473416677614));
#9301 = VECTOR('',#9302,1.);
#9302 = DIRECTION('',(3.411395862797E-02,0.999417949522));
#9303 = ( GEOMETRIC_REPRESENTATION_CONTEXT(2) 
PARAMETRIC_REPRESENTATION_CONTEXT() REPRESENTATION_CONTEXT('2D SPACE',''
  ) );
#9304 = ORIENTED_EDGE('',*,*,#8873,.T.);
#9305 = ORIENTED_EDGE('',*,*,#9228,.T.);
#9306 = ORIENTED_EDGE('',*,*,#9307,.F.);
#9307 = EDGE_CURVE('',#9283,#9229,#9308,.T.);
#9308 = SURFACE_CURVE('',#9309,(#9314,#9321),.PCURVE_S1.);
#9309 = HYPERBOLA('',#9310,0.350222911598,0.654909647025);
#9310 = AXIS2_PLACEMENT_3D('',#9311,#9312,#9313);
#9311 = CARTESIAN_POINT('',(4.526720665618,-0.616557125368,
    11.009113615693));
#9312 = DIRECTION('',(0.33898332763,0.93605880101,9.425616500203E-02));
#9313 = DIRECTION('',(-3.209415235281E-02,-8.862386826157E-02,
    0.995547977427));
#9314 = PCURVE('',#8896,#9315);
#9315 = DEFINITIONAL_REPRESENTATION('',(#9316),#9320);
#9316 = HYPERBOLA('',#9317,0.350222911598,0.654909647025);
#9317 = AXIS2_PLACEMENT_2D('',#9318,#9319);
#9318 = CARTESIAN_POINT('',(-0.531346423733,2.455786102084));
#9319 = DIRECTION('',(-2.774012955948E-17,-1.));
#9320 = ( GEOMETRIC_REPRESENTATION_CONTEXT(2) 
PARAMETRIC_REPRESENTATION_CONTEXT() REPRESENTATION_CONTEXT('2D SPACE',''
  ) );
#9321 = PCURVE('',#9092,#9322);
#9322 = DEFINITIONAL_REPRESENTATION('',(#9323),#9332);
#9323 = B_SPLINE_CURVE_WITH_KNOTS('',7,(#9324,#9325,#9326,#9327,#9328,
    #9329,#9330,#9331),.UNSPECIFIED.,.F.,.F.,(8,8),(0.268511940614,
    1.109111310911),.PIECEWISE_BEZIER_KNOTS.);
#9324 = CARTESIAN_POINT('',(4.617387357453,-0.229946710945));
#9325 = CARTESIAN_POINT('',(4.727761500025,-0.218568668157));
#9326 = CARTESIAN_POINT('',(4.834268235311,-0.201111981153));
#9327 = CARTESIAN_POINT('',(4.934755193151,-0.177308623479));
#9328 = CARTESIAN_POINT('',(5.027652640307,-0.146675968343));
#9329 = CARTESIAN_POINT('',(5.11248745113,-0.108500378213));
#9330 = CARTESIAN_POINT('',(5.189343605789,-6.179781267098E-02));
#9331 = CARTESIAN_POINT('',(5.258625259575,-5.236075069836E-03));
#9332 = ( GEOMETRIC_REPRESENTATION_CONTEXT(2) 
PARAMETRIC_REPRESENTATION_CONTEXT() REPRESENTATION_CONTEXT('2D SPACE',''
  ) );
#9333 = ADVANCED_FACE('',(#9334),#8861,.T.);
#9334 = FACE_BOUND('',#9335,.T.);
#9335 = EDGE_LOOP('',(#9336,#9359,#9360,#9361));
#9336 = ORIENTED_EDGE('',*,*,#9337,.F.);
#9337 = EDGE_CURVE('',#8793,#9338,#9340,.T.);
#9338 = VERTEX_POINT('',#9339);
#9339 = CARTESIAN_POINT('',(4.355,-0.890868365168,11.509718154986));
#9340 = SURFACE_CURVE('',#9341,(#9345,#9352),.PCURVE_S1.);
#9341 = LINE('',#9342,#9343);
#9342 = CARTESIAN_POINT('',(4.355,-1.334595021906,15.916371473349));
#9343 = VECTOR('',#9344,1.);
#9344 = DIRECTION('',(0.,0.100188061612,-0.994968518251));
#9345 = PCURVE('',#8861,#9346);
#9346 = DEFINITIONAL_REPRESENTATION('',(#9347),#9351);
#9347 = LINE('',#9348,#9349);
#9348 = CARTESIAN_POINT('',(-0.294478857022,-2.473416677614));
#9349 = VECTOR('',#9350,1.);
#9350 = DIRECTION('',(3.411395862797E-02,0.999417949522));
#9351 = ( GEOMETRIC_REPRESENTATION_CONTEXT(2) 
PARAMETRIC_REPRESENTATION_CONTEXT() REPRESENTATION_CONTEXT('2D SPACE',''
  ) );
#9352 = PCURVE('',#8826,#9353);
#9353 = DEFINITIONAL_REPRESENTATION('',(#9354),#9358);
#9354 = LINE('',#9355,#9356);
#9355 = CARTESIAN_POINT('',(2.185336269284,-2.469610051471));
#9356 = VECTOR('',#9357,1.);
#9357 = DIRECTION('',(6.50833687835E-02,0.997879829993));
#9358 = ( GEOMETRIC_REPRESENTATION_CONTEXT(2) 
PARAMETRIC_REPRESENTATION_CONTEXT() REPRESENTATION_CONTEXT('2D SPACE',''
  ) );
#9359 = ORIENTED_EDGE('',*,*,#8838,.T.);
#9360 = ORIENTED_EDGE('',*,*,#9282,.T.);
#9361 = ORIENTED_EDGE('',*,*,#9362,.F.);
#9362 = EDGE_CURVE('',#9338,#9283,#9363,.T.);
#9363 = SURFACE_CURVE('',#9364,(#9369,#9376),.PCURVE_S1.);
#9364 = HYPERBOLA('',#9365,0.350222911598,0.654909647025);
#9365 = AXIS2_PLACEMENT_3D('',#9366,#9367,#9368);
#9366 = CARTESIAN_POINT('',(4.973279334382,-0.616557125368,
    11.009113615693));
#9367 = DIRECTION('',(-0.33898332763,0.93605880101,9.425616500203E-02));
#9368 = DIRECTION('',(3.209415235281E-02,-8.862386826157E-02,
    0.995547977427));
#9369 = PCURVE('',#8861,#9370);
#9370 = DEFINITIONAL_REPRESENTATION('',(#9371),#9375);
#9371 = HYPERBOLA('',#9372,0.350222911598,0.654909647025);
#9372 = AXIS2_PLACEMENT_2D('',#9373,#9374);
#9373 = CARTESIAN_POINT('',(0.531346423733,2.455786102084));
#9374 = DIRECTION('',(-3.124046862373E-17,-1.));
#9375 = ( GEOMETRIC_REPRESENTATION_CONTEXT(2) 
PARAMETRIC_REPRESENTATION_CONTEXT() REPRESENTATION_CONTEXT('2D SPACE',''
  ) );
#9376 = PCURVE('',#9092,#9377);
#9377 = DEFINITIONAL_REPRESENTATION('',(#9378),#9387);
#9378 = B_SPLINE_CURVE_WITH_KNOTS('',7,(#9379,#9380,#9381,#9382,#9383,
    #9384,#9385,#9386),.UNSPECIFIED.,.F.,.F.,(8,8),(-1.109111310911,
    -0.268511940614),.PIECEWISE_BEZIER_KNOTS.);
#9379 = CARTESIAN_POINT('',(4.166152701195,-5.236075069836E-03));
#9380 = CARTESIAN_POINT('',(4.23543435498,-6.179781267098E-02));
#9381 = CARTESIAN_POINT('',(4.312290509641,-0.108500378213));
#9382 = CARTESIAN_POINT('',(4.39712532046,-0.146675968343));
#9383 = CARTESIAN_POINT('',(4.490022767623,-0.177308623479));
#9384 = CARTESIAN_POINT('',(4.590509725456,-0.201111981153));
#9385 = CARTESIAN_POINT('',(4.697016460744,-0.218568668157));
#9386 = CARTESIAN_POINT('',(4.807390603316,-0.229946710945));
#9387 = ( GEOMETRIC_REPRESENTATION_CONTEXT(2) 
PARAMETRIC_REPRESENTATION_CONTEXT() REPRESENTATION_CONTEXT('2D SPACE',''
  ) );
#9388 = ADVANCED_FACE('',(#9389),#8826,.T.);
#9389 = FACE_BOUND('',#9390,.T.);
#9390 = EDGE_LOOP('',(#9391,#9420,#9421,#9422));
#9391 = ORIENTED_EDGE('',*,*,#9392,.F.);
#9392 = EDGE_CURVE('',#8764,#9393,#9395,.T.);
#9393 = VERTEX_POINT('',#9394);
#9394 = CARTESIAN_POINT('',(4.220288363298,-1.015101266841,
    11.600368831136));
#9395 = SURFACE_CURVE('',#9396,(#9401,#9408),.PCURVE_S1.);
#9396 = HYPERBOLA('',#9397,0.518803557914,0.254852851795);
#9397 = AXIS2_PLACEMENT_3D('',#9398,#9399,#9400);
#9398 = CARTESIAN_POINT('',(4.917542250607,-0.196081130525,
    9.383281438826));
#9399 = DIRECTION('',(-0.647716775677,0.758047818829,7.633140163198E-02)
  );
#9400 = DIRECTION('',(4.958579577486E-02,-5.803216119081E-02,
    0.997082502667));
#9401 = PCURVE('',#8826,#9402);
#9402 = DEFINITIONAL_REPRESENTATION('',(#9403),#9407);
#9403 = HYPERBOLA('',#9404,0.518803557914,0.254852851795);
#9404 = AXIS2_PLACEMENT_2D('',#9405,#9406);
#9405 = CARTESIAN_POINT('',(3.352610260902,4.08259602681));
#9406 = DIRECTION('',(-3.465398111062E-17,-1.));
#9407 = ( GEOMETRIC_REPRESENTATION_CONTEXT(2) 
PARAMETRIC_REPRESENTATION_CONTEXT() REPRESENTATION_CONTEXT('2D SPACE',''
  ) );
#9408 = PCURVE('',#8780,#9409);
#9409 = DEFINITIONAL_REPRESENTATION('',(#9410),#9419);
#9410 = B_SPLINE_CURVE_WITH_KNOTS('',7,(#9411,#9412,#9413,#9414,#9415,
    #9416,#9417,#9418),.UNSPECIFIED.,.F.,.F.,(8,8),(-3.042532923046,
    -2.134597207417),.PIECEWISE_BEZIER_KNOTS.);
#9411 = CARTESIAN_POINT('',(4.096363617626,1.137461573596E-14));
#9412 = CARTESIAN_POINT('',(4.108390701345,-0.701498128582));
#9413 = CARTESIAN_POINT('',(4.122203402305,-1.29635934637));
#9414 = CARTESIAN_POINT('',(4.138112081378,-1.803859067972));
#9415 = CARTESIAN_POINT('',(4.156491270251,-2.238880022435));
#9416 = CARTESIAN_POINT('',(4.177791148214,-2.613225801562));
#9417 = CARTESIAN_POINT('',(4.202559616573,-2.936371929625));
#9418 = CARTESIAN_POINT('',(4.231429236832,-3.216002642213));
#9419 = ( GEOMETRIC_REPRESENTATION_CONTEXT(2) 
PARAMETRIC_REPRESENTATION_CONTEXT() REPRESENTATION_CONTEXT('2D SPACE',''
  ) );
#9420 = ORIENTED_EDGE('',*,*,#8792,.T.);
#9421 = ORIENTED_EDGE('',*,*,#9337,.T.);
#9422 = ORIENTED_EDGE('',*,*,#9423,.F.);
#9423 = EDGE_CURVE('',#9393,#9338,#9424,.T.);
#9424 = SURFACE_CURVE('',#9425,(#9430,#9437),.PCURVE_S1.);
#9425 = HYPERBOLA('',#9426,0.203528734064,0.381348792359);
#9426 = AXIS2_PLACEMENT_3D('',#9427,#9428,#9429);
#9427 = CARTESIAN_POINT('',(4.997934242907,-0.290166966654,
    10.999821974765));
#9428 = DIRECTION('',(-0.647716775677,0.758047818829,7.633140163198E-02)
  );
#9429 = DIRECTION('',(4.958579577486E-02,-5.803216119081E-02,
    0.997082502667));
#9430 = PCURVE('',#8826,#9431);
#9431 = DEFINITIONAL_REPRESENTATION('',(#9432),#9436);
#9432 = HYPERBOLA('',#9433,0.203528734064,0.381348792359);
#9433 = AXIS2_PLACEMENT_2D('',#9434,#9435);
#9434 = CARTESIAN_POINT('',(3.352610260902,2.461325438252));
#9435 = DIRECTION('',(-3.465398111062E-17,-1.));
#9436 = ( GEOMETRIC_REPRESENTATION_CONTEXT(2) 
PARAMETRIC_REPRESENTATION_CONTEXT() REPRESENTATION_CONTEXT('2D SPACE',''
  ) );
#9437 = PCURVE('',#9092,#9438);
#9438 = DEFINITIONAL_REPRESENTATION('',(#9439),#9447);
#9439 = B_SPLINE_CURVE_WITH_KNOTS('',6,(#9440,#9441,#9442,#9443,#9444,
    #9445,#9446),.UNSPECIFIED.,.F.,.F.,(7,7),(-1.748249181547,
    -0.80968519384),.PIECEWISE_BEZIER_KNOTS.);
#9440 = CARTESIAN_POINT('',(4.231429236832,1.309825660173E-15));
#9441 = CARTESIAN_POINT('',(4.283528253319,-8.841589612661E-02));
#9442 = CARTESIAN_POINT('',(4.344706860666,-0.159197950595));
#9443 = CARTESIAN_POINT('',(4.416658218644,-0.216238488484));
#9444 = CARTESIAN_POINT('',(4.501229513762,-0.262144681271));
#9445 = CARTESIAN_POINT('',(4.600188358232,-0.298771209243));
#9446 = CARTESIAN_POINT('',(4.712891860058,-0.327376278856));
#9447 = ( GEOMETRIC_REPRESENTATION_CONTEXT(2) 
PARAMETRIC_REPRESENTATION_CONTEXT() REPRESENTATION_CONTEXT('2D SPACE',''
  ) );
#9448 = ADVANCED_FACE('',(#9449),#8780,.F.);
#9449 = FACE_BOUND('',#9450,.T.);
#9450 = EDGE_LOOP('',(#9451,#9475,#9502,#9503));
#9451 = ORIENTED_EDGE('',*,*,#9452,.F.);
#9452 = EDGE_CURVE('',#9453,#9393,#9455,.T.);
#9453 = VERTEX_POINT('',#9454);
#9454 = CARTESIAN_POINT('',(3.734898733159,-0.529711636702,
    11.600368831136));
#9455 = SURFACE_CURVE('',#9456,(#9461,#9468),.PCURVE_S1.);
#9456 = CIRCLE('',#9457,1.145);
#9457 = AXIS2_PLACEMENT_3D('',#9458,#9459,#9460);
#9458 = CARTESIAN_POINT('',(4.75,0.,11.600368831136));
#9459 = DIRECTION('',(0.,0.,1.));
#9460 = DIRECTION('',(1.,0.,0.));
#9461 = PCURVE('',#8780,#9462);
#9462 = DEFINITIONAL_REPRESENTATION('',(#9463),#9467);
#9463 = LINE('',#9464,#9465);
#9464 = CARTESIAN_POINT('',(0.,-3.216002642213));
#9465 = VECTOR('',#9466,1.);
#9466 = DIRECTION('',(1.,-0.));
#9467 = ( GEOMETRIC_REPRESENTATION_CONTEXT(2) 
PARAMETRIC_REPRESENTATION_CONTEXT() REPRESENTATION_CONTEXT('2D SPACE',''
  ) );
#9468 = PCURVE('',#9092,#9469);
#9469 = DEFINITIONAL_REPRESENTATION('',(#9470),#9474);
#9470 = LINE('',#9471,#9472);
#9471 = CARTESIAN_POINT('',(0.,-0.));
#9472 = VECTOR('',#9473,1.);
#9473 = DIRECTION('',(1.,-0.));
#9474 = ( GEOMETRIC_REPRESENTATION_CONTEXT(2) 
PARAMETRIC_REPRESENTATION_CONTEXT() REPRESENTATION_CONTEXT('2D SPACE',''
  ) );
#9475 = ORIENTED_EDGE('',*,*,#9476,.T.);
#9476 = EDGE_CURVE('',#9453,#8718,#9477,.T.);
#9477 = SURFACE_CURVE('',#9478,(#9483,#9495),.PCURVE_S1.);
#9478 = HYPERBOLA('',#9479,0.518803557914,0.254852851795);
#9479 = AXIS2_PLACEMENT_3D('',#9480,#9481,#9482);
#9480 = CARTESIAN_POINT('',(4.553918869475,0.167542250607,9.383281438826
    ));
#9481 = DIRECTION('',(0.758047818829,-0.647716775677,7.633140163198E-02)
  );
#9482 = DIRECTION('',(-5.803216119081E-02,4.958579577486E-02,
    0.997082502667));
#9483 = PCURVE('',#8780,#9484);
#9484 = DEFINITIONAL_REPRESENTATION('',(#9485),#9494);
#9485 = B_SPLINE_CURVE_WITH_KNOTS('',7,(#9486,#9487,#9488,#9489,#9490,
    #9491,#9492,#9493),.UNSPECIFIED.,.F.,.F.,(8,8),(2.134597207417,
    3.042532923046),.PIECEWISE_BEZIER_KNOTS.);
#9486 = CARTESIAN_POINT('',(3.622552397143,-3.216002642213));
#9487 = CARTESIAN_POINT('',(3.651422017401,-2.936371929625));
#9488 = CARTESIAN_POINT('',(3.67619048576,-2.613225801562));
#9489 = CARTESIAN_POINT('',(3.697490363728,-2.238880022434));
#9490 = CARTESIAN_POINT('',(3.715869552594,-1.803859067972));
#9491 = CARTESIAN_POINT('',(3.73177823167,-1.29635934637));
#9492 = CARTESIAN_POINT('',(3.745590932629,-0.701498128582));
#9493 = CARTESIAN_POINT('',(3.757618016348,9.951670101015E-15));
#9494 = ( GEOMETRIC_REPRESENTATION_CONTEXT(2) 
PARAMETRIC_REPRESENTATION_CONTEXT() REPRESENTATION_CONTEXT('2D SPACE',''
  ) );
#9495 = PCURVE('',#8751,#9496);
#9496 = DEFINITIONAL_REPRESENTATION('',(#9497),#9501);
#9497 = HYPERBOLA('',#9498,0.518803557914,0.254852851795);
#9498 = AXIS2_PLACEMENT_2D('',#9499,#9500);
#9499 = CARTESIAN_POINT('',(-3.352610260902,4.08259602681));
#9500 = DIRECTION('',(-6.979382312823E-18,-1.));
#9501 = ( GEOMETRIC_REPRESENTATION_CONTEXT(2) 
PARAMETRIC_REPRESENTATION_CONTEXT() REPRESENTATION_CONTEXT('2D SPACE',''
  ) );
#9502 = ORIENTED_EDGE('',*,*,#8763,.F.);
#9503 = ORIENTED_EDGE('',*,*,#9392,.T.);
#9504 = ADVANCED_FACE('',(#9505),#8751,.T.);
#9505 = FACE_BOUND('',#9506,.T.);
#9506 = EDGE_LOOP('',(#9507,#9530,#9531,#9532));
#9507 = ORIENTED_EDGE('',*,*,#9508,.F.);
#9508 = EDGE_CURVE('',#8683,#9509,#9511,.T.);
#9509 = VERTEX_POINT('',#9510);
#9510 = CARTESIAN_POINT('',(3.859131634832,-0.395,11.509718154986));
#9511 = SURFACE_CURVE('',#9512,(#9516,#9523),.PCURVE_S1.);
#9512 = LINE('',#9513,#9514);
#9513 = CARTESIAN_POINT('',(3.415404978094,-0.395,15.916371473349));
#9514 = VECTOR('',#9515,1.);
#9515 = DIRECTION('',(0.100188061612,-0.,-0.994968518251));
#9516 = PCURVE('',#8751,#9517);
#9517 = DEFINITIONAL_REPRESENTATION('',(#9518),#9522);
#9518 = LINE('',#9519,#9520);
#9519 = CARTESIAN_POINT('',(-2.185336269284,-2.469610051471));
#9520 = VECTOR('',#9521,1.);
#9521 = DIRECTION('',(-6.50833687835E-02,0.997879829993));
#9522 = ( GEOMETRIC_REPRESENTATION_CONTEXT(2) 
PARAMETRIC_REPRESENTATION_CONTEXT() REPRESENTATION_CONTEXT('2D SPACE',''
  ) );
#9523 = PCURVE('',#8705,#9524);
#9524 = DEFINITIONAL_REPRESENTATION('',(#9525),#9529);
#9525 = LINE('',#9526,#9527);
#9526 = CARTESIAN_POINT('',(0.294478857022,-2.473416677614));
#9527 = VECTOR('',#9528,1.);
#9528 = DIRECTION('',(-3.411395862797E-02,0.999417949522));
#9529 = ( GEOMETRIC_REPRESENTATION_CONTEXT(2) 
PARAMETRIC_REPRESENTATION_CONTEXT() REPRESENTATION_CONTEXT('2D SPACE',''
  ) );
#9530 = ORIENTED_EDGE('',*,*,#8717,.T.);
#9531 = ORIENTED_EDGE('',*,*,#9476,.F.);
#9532 = ORIENTED_EDGE('',*,*,#9533,.F.);
#9533 = EDGE_CURVE('',#9509,#9453,#9534,.T.);
#9534 = SURFACE_CURVE('',#9535,(#9540,#9547),.PCURVE_S1.);
#9535 = HYPERBOLA('',#9536,0.203528734064,0.381348792359);
#9536 = AXIS2_PLACEMENT_3D('',#9537,#9538,#9539);
#9537 = CARTESIAN_POINT('',(4.459833033346,0.247934242907,
    10.999821974765));
#9538 = DIRECTION('',(0.758047818829,-0.647716775677,7.633140163198E-02)
  );
#9539 = DIRECTION('',(-5.803216119081E-02,4.958579577486E-02,
    0.997082502667));
#9540 = PCURVE('',#8751,#9541);
#9541 = DEFINITIONAL_REPRESENTATION('',(#9542),#9546);
#9542 = HYPERBOLA('',#9543,0.203528734064,0.381348792359);
#9543 = AXIS2_PLACEMENT_2D('',#9544,#9545);
#9544 = CARTESIAN_POINT('',(-3.352610260902,2.461325438252));
#9545 = DIRECTION('',(-6.979382312823E-18,-1.));
#9546 = ( GEOMETRIC_REPRESENTATION_CONTEXT(2) 
PARAMETRIC_REPRESENTATION_CONTEXT() REPRESENTATION_CONTEXT('2D SPACE',''
  ) );
#9547 = PCURVE('',#9092,#9548);
#9548 = DEFINITIONAL_REPRESENTATION('',(#9549),#9557);
#9549 = B_SPLINE_CURVE_WITH_KNOTS('',6,(#9550,#9551,#9552,#9553,#9554,
    #9555,#9556),.UNSPECIFIED.,.F.,.F.,(7,7),(0.80968519384,
    1.748249181547),.PIECEWISE_BEZIER_KNOTS.);
#9550 = CARTESIAN_POINT('',(3.141089773917,-0.327376278856));
#9551 = CARTESIAN_POINT('',(3.253793275742,-0.298771209243));
#9552 = CARTESIAN_POINT('',(3.352752120212,-0.262144681271));
#9553 = CARTESIAN_POINT('',(3.43732341533,-0.216238488484));
#9554 = CARTESIAN_POINT('',(3.509274773309,-0.159197950595));
#9555 = CARTESIAN_POINT('',(3.570453380656,-8.841589612661E-02));
#9556 = CARTESIAN_POINT('',(3.622552397143,1.225320778871E-15));
#9557 = ( GEOMETRIC_REPRESENTATION_CONTEXT(2) 
PARAMETRIC_REPRESENTATION_CONTEXT() REPRESENTATION_CONTEXT('2D SPACE',''
  ) );
#9558 = ADVANCED_FACE('',(#9559),#8705,.T.);
#9559 = FACE_BOUND('',#9560,.T.);
#9560 = EDGE_LOOP('',(#9561,#9584,#9585,#9586));
#9561 = ORIENTED_EDGE('',*,*,#9562,.F.);
#9562 = EDGE_CURVE('',#8648,#9563,#9565,.T.);
#9563 = VERTEX_POINT('',#9564);
#9564 = CARTESIAN_POINT('',(4.015,0.,11.382367964155));
#9565 = SURFACE_CURVE('',#9566,(#9570,#9577),.PCURVE_S1.);
#9566 = LINE('',#9567,#9568);
#9567 = CARTESIAN_POINT('',(3.558449853341,5.8E-16,15.916371473349));
#9568 = VECTOR('',#9569,1.);
#9569 = DIRECTION('',(0.100188061612,-0.,-0.994968518251));
#9570 = PCURVE('',#8705,#9571);
#9571 = DEFINITIONAL_REPRESENTATION('',(#9572),#9576);
#9572 = LINE('',#9573,#9574);
#9573 = CARTESIAN_POINT('',(-0.125624506847,-2.473416677614));
#9574 = VECTOR('',#9575,1.);
#9575 = DIRECTION('',(-3.411395862797E-02,0.999417949522));
#9576 = ( GEOMETRIC_REPRESENTATION_CONTEXT(2) 
PARAMETRIC_REPRESENTATION_CONTEXT() REPRESENTATION_CONTEXT('2D SPACE',''
  ) );
#9577 = PCURVE('',#8670,#9578);
#9578 = DEFINITIONAL_REPRESENTATION('',(#9579),#9583);
#9579 = LINE('',#9580,#9581);
#9580 = CARTESIAN_POINT('',(0.125624506847,-2.473416677614));
#9581 = VECTOR('',#9582,1.);
#9582 = DIRECTION('',(3.411395862797E-02,0.999417949522));
#9583 = ( GEOMETRIC_REPRESENTATION_CONTEXT(2) 
PARAMETRIC_REPRESENTATION_CONTEXT() REPRESENTATION_CONTEXT('2D SPACE',''
  ) );
#9584 = ORIENTED_EDGE('',*,*,#8682,.T.);
#9585 = ORIENTED_EDGE('',*,*,#9508,.T.);
#9586 = ORIENTED_EDGE('',*,*,#9587,.F.);
#9587 = EDGE_CURVE('',#9563,#9509,#9588,.T.);
#9588 = SURFACE_CURVE('',#9589,(#9594,#9601),.PCURVE_S1.);
#9589 = HYPERBOLA('',#9590,0.350222911598,0.654909647025);
#9590 = AXIS2_PLACEMENT_3D('',#9591,#9592,#9593);
#9591 = CARTESIAN_POINT('',(4.133442874632,0.223279334382,
    11.009113615693));
#9592 = DIRECTION('',(0.93605880101,-0.33898332763,9.425616500203E-02));
#9593 = DIRECTION('',(-8.862386826157E-02,3.209415235281E-02,
    0.995547977427));
#9594 = PCURVE('',#8705,#9595);
#9595 = DEFINITIONAL_REPRESENTATION('',(#9596),#9600);
#9596 = HYPERBOLA('',#9597,0.350222911598,0.654909647025);
#9597 = AXIS2_PLACEMENT_2D('',#9598,#9599);
#9598 = CARTESIAN_POINT('',(-0.531346423733,2.455786102084));
#9599 = DIRECTION('',(1.544605614572E-20,-1.));
#9600 = ( GEOMETRIC_REPRESENTATION_CONTEXT(2) 
PARAMETRIC_REPRESENTATION_CONTEXT() REPRESENTATION_CONTEXT('2D SPACE',''
  ) );
#9601 = PCURVE('',#9092,#9602);
#9602 = DEFINITIONAL_REPRESENTATION('',(#9603),#9612);
#9603 = B_SPLINE_CURVE_WITH_KNOTS('',7,(#9604,#9605,#9606,#9607,#9608,
    #9609,#9610,#9611),.UNSPECIFIED.,.F.,.F.,(8,8),(0.268511940614,
    1.109111310911),.PIECEWISE_BEZIER_KNOTS.);
#9604 = CARTESIAN_POINT('',(3.046591030658,-0.229946710945));
#9605 = CARTESIAN_POINT('',(3.15696517323,-0.218568668157));
#9606 = CARTESIAN_POINT('',(3.263471908517,-0.201111981153));
#9607 = CARTESIAN_POINT('',(3.363958866355,-0.177308623479));
#9608 = CARTESIAN_POINT('',(3.456856313514,-0.146675968343));
#9609 = CARTESIAN_POINT('',(3.541691124334,-0.108500378213));
#9610 = CARTESIAN_POINT('',(3.618547278994,-6.179781267098E-02));
#9611 = CARTESIAN_POINT('',(3.68782893278,-5.236075069836E-03));
#9612 = ( GEOMETRIC_REPRESENTATION_CONTEXT(2) 
PARAMETRIC_REPRESENTATION_CONTEXT() REPRESENTATION_CONTEXT('2D SPACE',''
  ) );
#9613 = ADVANCED_FACE('',(#9614),#8670,.T.);
#9614 = FACE_BOUND('',#9615,.T.);
#9615 = EDGE_LOOP('',(#9616,#9639,#9640,#9641));
#9616 = ORIENTED_EDGE('',*,*,#9617,.F.);
#9617 = EDGE_CURVE('',#8602,#9618,#9620,.T.);
#9618 = VERTEX_POINT('',#9619);
#9619 = CARTESIAN_POINT('',(3.859131634832,0.395,11.509718154986));
#9620 = SURFACE_CURVE('',#9621,(#9625,#9632),.PCURVE_S1.);
#9621 = LINE('',#9622,#9623);
#9622 = CARTESIAN_POINT('',(3.415404978094,0.395,15.916371473349));
#9623 = VECTOR('',#9624,1.);
#9624 = DIRECTION('',(0.100188061612,-0.,-0.994968518251));
#9625 = PCURVE('',#8670,#9626);
#9626 = DEFINITIONAL_REPRESENTATION('',(#9627),#9631);
#9627 = LINE('',#9628,#9629);
#9628 = CARTESIAN_POINT('',(-0.294478857022,-2.473416677614));
#9629 = VECTOR('',#9630,1.);
#9630 = DIRECTION('',(3.411395862797E-02,0.999417949522));
#9631 = ( GEOMETRIC_REPRESENTATION_CONTEXT(2) 
PARAMETRIC_REPRESENTATION_CONTEXT() REPRESENTATION_CONTEXT('2D SPACE',''
  ) );
#9632 = PCURVE('',#8635,#9633);
#9633 = DEFINITIONAL_REPRESENTATION('',(#9634),#9638);
#9634 = LINE('',#9635,#9636);
#9635 = CARTESIAN_POINT('',(2.185336269284,-2.469610051471));
#9636 = VECTOR('',#9637,1.);
#9637 = DIRECTION('',(6.50833687835E-02,0.997879829993));
#9638 = ( GEOMETRIC_REPRESENTATION_CONTEXT(2) 
PARAMETRIC_REPRESENTATION_CONTEXT() REPRESENTATION_CONTEXT('2D SPACE',''
  ) );
#9639 = ORIENTED_EDGE('',*,*,#8647,.T.);
#9640 = ORIENTED_EDGE('',*,*,#9562,.T.);
#9641 = ORIENTED_EDGE('',*,*,#9642,.F.);
#9642 = EDGE_CURVE('',#9618,#9563,#9643,.T.);
#9643 = SURFACE_CURVE('',#9644,(#9649,#9656),.PCURVE_S1.);
#9644 = HYPERBOLA('',#9645,0.350222911598,0.654909647025);
#9645 = AXIS2_PLACEMENT_3D('',#9646,#9647,#9648);
#9646 = CARTESIAN_POINT('',(4.133442874632,-0.223279334382,
    11.009113615693));
#9647 = DIRECTION('',(0.93605880101,0.33898332763,9.425616500203E-02));
#9648 = DIRECTION('',(-8.862386826157E-02,-3.209415235281E-02,
    0.995547977427));
#9649 = PCURVE('',#8670,#9650);
#9650 = DEFINITIONAL_REPRESENTATION('',(#9651),#9655);
#9651 = HYPERBOLA('',#9652,0.350222911598,0.654909647025);
#9652 = AXIS2_PLACEMENT_2D('',#9653,#9654);
#9653 = CARTESIAN_POINT('',(0.531346423733,2.455786102084));
#9654 = DIRECTION('',(-6.954339960053E-18,-1.));
#9655 = ( GEOMETRIC_REPRESENTATION_CONTEXT(2) 
PARAMETRIC_REPRESENTATION_CONTEXT() REPRESENTATION_CONTEXT('2D SPACE',''
  ) );
#9656 = PCURVE('',#9092,#9657);
#9657 = DEFINITIONAL_REPRESENTATION('',(#9658),#9667);
#9658 = B_SPLINE_CURVE_WITH_KNOTS('',7,(#9659,#9660,#9661,#9662,#9663,
    #9664,#9665,#9666),.UNSPECIFIED.,.F.,.F.,(8,8),(-1.109111310911,
    -0.268511940614),.PIECEWISE_BEZIER_KNOTS.);
#9659 = CARTESIAN_POINT('',(2.5953563744,-5.236075069836E-03));
#9660 = CARTESIAN_POINT('',(2.664638028185,-6.179781267098E-02));
#9661 = CARTESIAN_POINT('',(2.741494182845,-0.108500378213));
#9662 = CARTESIAN_POINT('',(2.826328993667,-0.146675968343));
#9663 = CARTESIAN_POINT('',(2.919226440825,-0.177308623479));
#9664 = CARTESIAN_POINT('',(3.019713398662,-0.201111981153));
#9665 = CARTESIAN_POINT('',(3.126220133949,-0.218568668157));
#9666 = CARTESIAN_POINT('',(3.236594276521,-0.229946710945));
#9667 = ( GEOMETRIC_REPRESENTATION_CONTEXT(2) 
PARAMETRIC_REPRESENTATION_CONTEXT() REPRESENTATION_CONTEXT('2D SPACE',''
  ) );
#9668 = ADVANCED_FACE('',(#9669),#8635,.T.);
#9669 = FACE_BOUND('',#9670,.T.);
#9670 = EDGE_LOOP('',(#9671,#9700,#9701,#9702));
#9671 = ORIENTED_EDGE('',*,*,#9672,.F.);
#9672 = EDGE_CURVE('',#8573,#9673,#9675,.T.);
#9673 = VERTEX_POINT('',#9674);
#9674 = CARTESIAN_POINT('',(3.734898733159,0.529711636702,
    11.600368831136));
#9675 = SURFACE_CURVE('',#9676,(#9681,#9688),.PCURVE_S1.);
#9676 = HYPERBOLA('',#9677,0.518803557914,0.254852851795);
#9677 = AXIS2_PLACEMENT_3D('',#9678,#9679,#9680);
#9678 = CARTESIAN_POINT('',(4.553918869475,-0.167542250607,
    9.383281438826));
#9679 = DIRECTION('',(0.758047818829,0.647716775677,7.633140163198E-02)
  );
#9680 = DIRECTION('',(-5.803216119081E-02,-4.958579577486E-02,
    0.997082502667));
#9681 = PCURVE('',#8635,#9682);
#9682 = DEFINITIONAL_REPRESENTATION('',(#9683),#9687);
#9683 = HYPERBOLA('',#9684,0.518803557914,0.254852851795);
#9684 = AXIS2_PLACEMENT_2D('',#9685,#9686);
#9685 = CARTESIAN_POINT('',(3.352610260902,4.08259602681));
#9686 = DIRECTION('',(-6.898405494991E-18,-1.));
#9687 = ( GEOMETRIC_REPRESENTATION_CONTEXT(2) 
PARAMETRIC_REPRESENTATION_CONTEXT() REPRESENTATION_CONTEXT('2D SPACE',''
  ) );
#9688 = PCURVE('',#8589,#9689);
#9689 = DEFINITIONAL_REPRESENTATION('',(#9690),#9699);
#9690 = B_SPLINE_CURVE_WITH_KNOTS('',7,(#9691,#9692,#9693,#9694,#9695,
    #9696,#9697,#9698),.UNSPECIFIED.,.F.,.F.,(8,8),(-3.042532923046,
    -2.134597207417),.PIECEWISE_BEZIER_KNOTS.);
#9691 = CARTESIAN_POINT('',(2.525567290831,9.065685083029E-15));
#9692 = CARTESIAN_POINT('',(2.53759437455,-0.701498128582));
#9693 = CARTESIAN_POINT('',(2.551407075509,-1.29635934637));
#9694 = CARTESIAN_POINT('',(2.567315754586,-1.803859067972));
#9695 = CARTESIAN_POINT('',(2.585694943453,-2.238880022435));
#9696 = CARTESIAN_POINT('',(2.60699482142,-2.613225801562));
#9697 = CARTESIAN_POINT('',(2.631763289778,-2.936371929625));
#9698 = CARTESIAN_POINT('',(2.660632910037,-3.216002642213));
#9699 = ( GEOMETRIC_REPRESENTATION_CONTEXT(2) 
PARAMETRIC_REPRESENTATION_CONTEXT() REPRESENTATION_CONTEXT('2D SPACE',''
  ) );
#9700 = ORIENTED_EDGE('',*,*,#8601,.T.);
#9701 = ORIENTED_EDGE('',*,*,#9617,.T.);
#9702 = ORIENTED_EDGE('',*,*,#9703,.F.);
#9703 = EDGE_CURVE('',#9673,#9618,#9704,.T.);
#9704 = SURFACE_CURVE('',#9705,(#9710,#9717),.PCURVE_S1.);
#9705 = HYPERBOLA('',#9706,0.203528734064,0.381348792359);
#9706 = AXIS2_PLACEMENT_3D('',#9707,#9708,#9709);
#9707 = CARTESIAN_POINT('',(4.459833033346,-0.247934242907,
    10.999821974765));
#9708 = DIRECTION('',(0.758047818829,0.647716775677,7.633140163198E-02)
  );
#9709 = DIRECTION('',(-5.803216119081E-02,-4.958579577486E-02,
    0.997082502667));
#9710 = PCURVE('',#8635,#9711);
#9711 = DEFINITIONAL_REPRESENTATION('',(#9712),#9716);
#9712 = HYPERBOLA('',#9713,0.203528734064,0.381348792359);
#9713 = AXIS2_PLACEMENT_2D('',#9714,#9715);
#9714 = CARTESIAN_POINT('',(3.352610260902,2.461325438252));
#9715 = DIRECTION('',(-6.898405494991E-18,-1.));
#9716 = ( GEOMETRIC_REPRESENTATION_CONTEXT(2) 
PARAMETRIC_REPRESENTATION_CONTEXT() REPRESENTATION_CONTEXT('2D SPACE',''
  ) );
#9717 = PCURVE('',#9092,#9718);
#9718 = DEFINITIONAL_REPRESENTATION('',(#9719),#9727);
#9719 = B_SPLINE_CURVE_WITH_KNOTS('',6,(#9720,#9721,#9722,#9723,#9724,
    #9725,#9726),.UNSPECIFIED.,.F.,.F.,(7,7),(-1.748249181547,
    -0.80968519384),.PIECEWISE_BEZIER_KNOTS.);
#9720 = CARTESIAN_POINT('',(2.660632910037,1.131426466314E-15));
#9721 = CARTESIAN_POINT('',(2.712731926524,-8.841589612661E-02));
#9722 = CARTESIAN_POINT('',(2.773910533871,-0.159197950595));
#9723 = CARTESIAN_POINT('',(2.845861891849,-0.216238488484));
#9724 = CARTESIAN_POINT('',(2.930433186968,-0.262144681271));
#9725 = CARTESIAN_POINT('',(3.029392031437,-0.298771209243));
#9726 = CARTESIAN_POINT('',(3.142095533263,-0.327376278856));
#9727 = ( GEOMETRIC_REPRESENTATION_CONTEXT(2) 
PARAMETRIC_REPRESENTATION_CONTEXT() REPRESENTATION_CONTEXT('2D SPACE',''
  ) );
#9728 = ADVANCED_FACE('',(#9729),#8589,.F.);
#9729 = FACE_BOUND('',#9730,.T.);
#9730 = EDGE_LOOP('',(#9731,#9755,#9782,#9783));
#9731 = ORIENTED_EDGE('',*,*,#9732,.F.);
#9732 = EDGE_CURVE('',#9733,#9673,#9735,.T.);
#9733 = VERTEX_POINT('',#9734);
#9734 = CARTESIAN_POINT('',(4.220288363298,1.015101266841,
    11.600368831136));
#9735 = SURFACE_CURVE('',#9736,(#9741,#9748),.PCURVE_S1.);
#9736 = CIRCLE('',#9737,1.145);
#9737 = AXIS2_PLACEMENT_3D('',#9738,#9739,#9740);
#9738 = CARTESIAN_POINT('',(4.75,0.,11.600368831136));
#9739 = DIRECTION('',(0.,0.,1.));
#9740 = DIRECTION('',(1.,0.,0.));
#9741 = PCURVE('',#8589,#9742);
#9742 = DEFINITIONAL_REPRESENTATION('',(#9743),#9747);
#9743 = LINE('',#9744,#9745);
#9744 = CARTESIAN_POINT('',(0.,-3.216002642213));
#9745 = VECTOR('',#9746,1.);
#9746 = DIRECTION('',(1.,-0.));
#9747 = ( GEOMETRIC_REPRESENTATION_CONTEXT(2) 
PARAMETRIC_REPRESENTATION_CONTEXT() REPRESENTATION_CONTEXT('2D SPACE',''
  ) );
#9748 = PCURVE('',#9092,#9749);
#9749 = DEFINITIONAL_REPRESENTATION('',(#9750),#9754);
#9750 = LINE('',#9751,#9752);
#9751 = CARTESIAN_POINT('',(0.,-0.));
#9752 = VECTOR('',#9753,1.);
#9753 = DIRECTION('',(1.,-0.));
#9754 = ( GEOMETRIC_REPRESENTATION_CONTEXT(2) 
PARAMETRIC_REPRESENTATION_CONTEXT() REPRESENTATION_CONTEXT('2D SPACE',''
  ) );
#9755 = ORIENTED_EDGE('',*,*,#9756,.T.);
#9756 = EDGE_CURVE('',#9733,#8527,#9757,.T.);
#9757 = SURFACE_CURVE('',#9758,(#9763,#9775),.PCURVE_S1.);
#9758 = HYPERBOLA('',#9759,0.518803557914,0.254852851795);
#9759 = AXIS2_PLACEMENT_3D('',#9760,#9761,#9762);
#9760 = CARTESIAN_POINT('',(4.917542250607,0.196081130525,9.383281438826
    ));
#9761 = DIRECTION('',(-0.647716775677,-0.758047818829,7.633140163198E-02
    ));
#9762 = DIRECTION('',(4.958579577486E-02,5.803216119081E-02,
    0.997082502667));
#9763 = PCURVE('',#8589,#9764);
#9764 = DEFINITIONAL_REPRESENTATION('',(#9765),#9774);
#9765 = B_SPLINE_CURVE_WITH_KNOTS('',7,(#9766,#9767,#9768,#9769,#9770,
    #9771,#9772,#9773),.UNSPECIFIED.,.F.,.F.,(8,8),(2.134597207417,
    3.042532923046),.PIECEWISE_BEZIER_KNOTS.);
#9766 = CARTESIAN_POINT('',(2.051756070348,-3.216002642213));
#9767 = CARTESIAN_POINT('',(2.080625690606,-2.936371929625));
#9768 = CARTESIAN_POINT('',(2.105394158965,-2.613225801562));
#9769 = CARTESIAN_POINT('',(2.126694036933,-2.238880022434));
#9770 = CARTESIAN_POINT('',(2.145073225799,-1.803859067972));
#9771 = CARTESIAN_POINT('',(2.160981904875,-1.29635934637));
#9772 = CARTESIAN_POINT('',(2.174794605834,-0.701498128582));
#9773 = CARTESIAN_POINT('',(2.186821689553,7.114728174736E-15));
#9774 = ( GEOMETRIC_REPRESENTATION_CONTEXT(2) 
PARAMETRIC_REPRESENTATION_CONTEXT() REPRESENTATION_CONTEXT('2D SPACE',''
  ) );
#9775 = PCURVE('',#8560,#9776);
#9776 = DEFINITIONAL_REPRESENTATION('',(#9777),#9781);
#9777 = HYPERBOLA('',#9778,0.518803557914,0.254852851795);
#9778 = AXIS2_PLACEMENT_2D('',#9779,#9780);
#9779 = CARTESIAN_POINT('',(-3.352610260902,4.08259602681));
#9780 = DIRECTION('',(-6.979382312823E-18,-1.));
#9781 = ( GEOMETRIC_REPRESENTATION_CONTEXT(2) 
PARAMETRIC_REPRESENTATION_CONTEXT() REPRESENTATION_CONTEXT('2D SPACE',''
  ) );
#9782 = ORIENTED_EDGE('',*,*,#8572,.F.);
#9783 = ORIENTED_EDGE('',*,*,#9672,.T.);
#9784 = ADVANCED_FACE('',(#9785),#8560,.T.);
#9785 = FACE_BOUND('',#9786,.T.);
#9786 = EDGE_LOOP('',(#9787,#9810,#9811,#9812));
#9787 = ORIENTED_EDGE('',*,*,#9788,.F.);
#9788 = EDGE_CURVE('',#8492,#9789,#9791,.T.);
#9789 = VERTEX_POINT('',#9790);
#9790 = CARTESIAN_POINT('',(4.355,0.890868365168,11.509718154986));
#9791 = SURFACE_CURVE('',#9792,(#9796,#9803),.PCURVE_S1.);
#9792 = LINE('',#9793,#9794);
#9793 = CARTESIAN_POINT('',(4.355,1.334595021906,15.916371473349));
#9794 = VECTOR('',#9795,1.);
#9795 = DIRECTION('',(-0.,-0.100188061612,-0.994968518251));
#9796 = PCURVE('',#8560,#9797);
#9797 = DEFINITIONAL_REPRESENTATION('',(#9798),#9802);
#9798 = LINE('',#9799,#9800);
#9799 = CARTESIAN_POINT('',(-2.185336269284,-2.469610051471));
#9800 = VECTOR('',#9801,1.);
#9801 = DIRECTION('',(-6.50833687835E-02,0.997879829993));
#9802 = ( GEOMETRIC_REPRESENTATION_CONTEXT(2) 
PARAMETRIC_REPRESENTATION_CONTEXT() REPRESENTATION_CONTEXT('2D SPACE',''
  ) );
#9803 = PCURVE('',#8514,#9804);
#9804 = DEFINITIONAL_REPRESENTATION('',(#9805),#9809);
#9805 = LINE('',#9806,#9807);
#9806 = CARTESIAN_POINT('',(0.294478857022,-2.473416677614));
#9807 = VECTOR('',#9808,1.);
#9808 = DIRECTION('',(-3.411395862797E-02,0.999417949522));
#9809 = ( GEOMETRIC_REPRESENTATION_CONTEXT(2) 
PARAMETRIC_REPRESENTATION_CONTEXT() REPRESENTATION_CONTEXT('2D SPACE',''
  ) );
#9810 = ORIENTED_EDGE('',*,*,#8526,.T.);
#9811 = ORIENTED_EDGE('',*,*,#9756,.F.);
#9812 = ORIENTED_EDGE('',*,*,#9813,.F.);
#9813 = EDGE_CURVE('',#9789,#9733,#9814,.T.);
#9814 = SURFACE_CURVE('',#9815,(#9820,#9827),.PCURVE_S1.);
#9815 = HYPERBOLA('',#9816,0.203528734064,0.381348792359);
#9816 = AXIS2_PLACEMENT_3D('',#9817,#9818,#9819);
#9817 = CARTESIAN_POINT('',(4.997934242907,0.290166966654,
    10.999821974765));
#9818 = DIRECTION('',(-0.647716775677,-0.758047818829,7.633140163198E-02
    ));
#9819 = DIRECTION('',(4.958579577486E-02,5.803216119081E-02,
    0.997082502667));
#9820 = PCURVE('',#8560,#9821);
#9821 = DEFINITIONAL_REPRESENTATION('',(#9822),#9826);
#9822 = HYPERBOLA('',#9823,0.203528734064,0.381348792359);
#9823 = AXIS2_PLACEMENT_2D('',#9824,#9825);
#9824 = CARTESIAN_POINT('',(-3.352610260902,2.461325438252));
#9825 = DIRECTION('',(-6.979382312823E-18,-1.));
#9826 = ( GEOMETRIC_REPRESENTATION_CONTEXT(2) 
PARAMETRIC_REPRESENTATION_CONTEXT() REPRESENTATION_CONTEXT('2D SPACE',''
  ) );
#9827 = PCURVE('',#9092,#9828);
#9828 = DEFINITIONAL_REPRESENTATION('',(#9829),#9837);
#9829 = B_SPLINE_CURVE_WITH_KNOTS('',6,(#9830,#9831,#9832,#9833,#9834,
    #9835,#9836),.UNSPECIFIED.,.F.,.F.,(7,7),(0.80968519384,
    1.748249181547),.PIECEWISE_BEZIER_KNOTS.);
#9830 = CARTESIAN_POINT('',(1.570293447122,-0.327376278856));
#9831 = CARTESIAN_POINT('',(1.682996948947,-0.298771209243));
#9832 = CARTESIAN_POINT('',(1.781955793417,-0.262144681271));
#9833 = CARTESIAN_POINT('',(1.866527088535,-0.216238488484));
#9834 = CARTESIAN_POINT('',(1.938478446514,-0.159197950595));
#9835 = CARTESIAN_POINT('',(1.999657053861,-8.841589612661E-02));
#9836 = CARTESIAN_POINT('',(2.051756070348,6.66649619156E-16));
#9837 = ( GEOMETRIC_REPRESENTATION_CONTEXT(2) 
PARAMETRIC_REPRESENTATION_CONTEXT() REPRESENTATION_CONTEXT('2D SPACE',''
  ) );
#9838 = ADVANCED_FACE('',(#9839),#8514,.T.);
#9839 = FACE_BOUND('',#9840,.T.);
#9840 = EDGE_LOOP('',(#9841,#9864,#9865,#9866));
#9841 = ORIENTED_EDGE('',*,*,#9842,.F.);
#9842 = EDGE_CURVE('',#8457,#9843,#9845,.T.);
#9843 = VERTEX_POINT('',#9844);
#9844 = CARTESIAN_POINT('',(4.75,0.735,11.382367964155));
#9845 = SURFACE_CURVE('',#9846,(#9850,#9857),.PCURVE_S1.);
#9846 = LINE('',#9847,#9848);
#9847 = CARTESIAN_POINT('',(4.75,1.191550146659,15.916371473349));
#9848 = VECTOR('',#9849,1.);
#9849 = DIRECTION('',(-0.,-0.100188061612,-0.994968518251));
#9850 = PCURVE('',#8514,#9851);
#9851 = DEFINITIONAL_REPRESENTATION('',(#9852),#9856);
#9852 = LINE('',#9853,#9854);
#9853 = CARTESIAN_POINT('',(-0.125624506847,-2.473416677614));
#9854 = VECTOR('',#9855,1.);
#9855 = DIRECTION('',(-3.411395862797E-02,0.999417949522));
#9856 = ( GEOMETRIC_REPRESENTATION_CONTEXT(2) 
PARAMETRIC_REPRESENTATION_CONTEXT() REPRESENTATION_CONTEXT('2D SPACE',''
  ) );
#9857 = PCURVE('',#8479,#9858);
#9858 = DEFINITIONAL_REPRESENTATION('',(#9859),#9863);
#9859 = LINE('',#9860,#9861);
#9860 = CARTESIAN_POINT('',(0.125624506847,-2.473416677614));
#9861 = VECTOR('',#9862,1.);
#9862 = DIRECTION('',(3.411395862797E-02,0.999417949522));
#9863 = ( GEOMETRIC_REPRESENTATION_CONTEXT(2) 
PARAMETRIC_REPRESENTATION_CONTEXT() REPRESENTATION_CONTEXT('2D SPACE',''
  ) );
#9864 = ORIENTED_EDGE('',*,*,#8491,.T.);
#9865 = ORIENTED_EDGE('',*,*,#9788,.T.);
#9866 = ORIENTED_EDGE('',*,*,#9867,.F.);
#9867 = EDGE_CURVE('',#9843,#9789,#9868,.T.);
#9868 = SURFACE_CURVE('',#9869,(#9874,#9881),.PCURVE_S1.);
#9869 = HYPERBOLA('',#9870,0.350222911598,0.654909647025);
#9870 = AXIS2_PLACEMENT_3D('',#9871,#9872,#9873);
#9871 = CARTESIAN_POINT('',(4.973279334382,0.616557125368,
    11.009113615693));
#9872 = DIRECTION('',(-0.33898332763,-0.93605880101,9.425616500203E-02)
  );
#9873 = DIRECTION('',(3.209415235281E-02,8.862386826157E-02,
    0.995547977427));
#9874 = PCURVE('',#8514,#9875);
#9875 = DEFINITIONAL_REPRESENTATION('',(#9876),#9880);
#9876 = HYPERBOLA('',#9877,0.350222911598,0.654909647025);
#9877 = AXIS2_PLACEMENT_2D('',#9878,#9879);
#9878 = CARTESIAN_POINT('',(-0.531346423733,2.455786102084));
#9879 = DIRECTION('',(1.544605614572E-20,-1.));
#9880 = ( GEOMETRIC_REPRESENTATION_CONTEXT(2) 
PARAMETRIC_REPRESENTATION_CONTEXT() REPRESENTATION_CONTEXT('2D SPACE',''
  ) );
#9881 = PCURVE('',#9092,#9882);
#9882 = DEFINITIONAL_REPRESENTATION('',(#9883),#9892);
#9883 = B_SPLINE_CURVE_WITH_KNOTS('',7,(#9884,#9885,#9886,#9887,#9888,
    #9889,#9890,#9891),.UNSPECIFIED.,.F.,.F.,(8,8),(0.268511940614,
    1.109111310911),.PIECEWISE_BEZIER_KNOTS.);
#9884 = CARTESIAN_POINT('',(1.475794703863,-0.229946710945));
#9885 = CARTESIAN_POINT('',(1.586168846435,-0.218568668157));
#9886 = CARTESIAN_POINT('',(1.692675581722,-0.201111981153));
#9887 = CARTESIAN_POINT('',(1.793162539559,-0.177308623479));
#9888 = CARTESIAN_POINT('',(1.886059986719,-0.146675968343));
#9889 = CARTESIAN_POINT('',(1.970894797539,-0.108500378213));
#9890 = CARTESIAN_POINT('',(2.047750952199,-6.179781267098E-02));
#9891 = CARTESIAN_POINT('',(2.117032605985,-5.236075069836E-03));
#9892 = ( GEOMETRIC_REPRESENTATION_CONTEXT(2) 
PARAMETRIC_REPRESENTATION_CONTEXT() REPRESENTATION_CONTEXT('2D SPACE',''
  ) );
#9893 = ADVANCED_FACE('',(#9894),#8479,.T.);
#9894 = FACE_BOUND('',#9895,.T.);
#9895 = EDGE_LOOP('',(#9896,#9919,#9920,#9921));
#9896 = ORIENTED_EDGE('',*,*,#9897,.F.);
#9897 = EDGE_CURVE('',#8411,#9898,#9900,.T.);
#9898 = VERTEX_POINT('',#9899);
#9899 = CARTESIAN_POINT('',(5.145,0.890868365168,11.509718154986));
#9900 = SURFACE_CURVE('',#9901,(#9905,#9912),.PCURVE_S1.);
#9901 = LINE('',#9902,#9903);
#9902 = CARTESIAN_POINT('',(5.145,1.334595021906,15.916371473349));
#9903 = VECTOR('',#9904,1.);
#9904 = DIRECTION('',(-0.,-0.100188061612,-0.994968518251));
#9905 = PCURVE('',#8479,#9906);
#9906 = DEFINITIONAL_REPRESENTATION('',(#9907),#9911);
#9907 = LINE('',#9908,#9909);
#9908 = CARTESIAN_POINT('',(-0.294478857022,-2.473416677614));
#9909 = VECTOR('',#9910,1.);
#9910 = DIRECTION('',(3.411395862797E-02,0.999417949522));
#9911 = ( GEOMETRIC_REPRESENTATION_CONTEXT(2) 
PARAMETRIC_REPRESENTATION_CONTEXT() REPRESENTATION_CONTEXT('2D SPACE',''
  ) );
#9912 = PCURVE('',#8444,#9913);
#9913 = DEFINITIONAL_REPRESENTATION('',(#9914),#9918);
#9914 = LINE('',#9915,#9916);
#9915 = CARTESIAN_POINT('',(2.185336269284,-2.469610051471));
#9916 = VECTOR('',#9917,1.);
#9917 = DIRECTION('',(6.50833687835E-02,0.997879829993));
#9918 = ( GEOMETRIC_REPRESENTATION_CONTEXT(2) 
PARAMETRIC_REPRESENTATION_CONTEXT() REPRESENTATION_CONTEXT('2D SPACE',''
  ) );
#9919 = ORIENTED_EDGE('',*,*,#8456,.T.);
#9920 = ORIENTED_EDGE('',*,*,#9842,.T.);
#9921 = ORIENTED_EDGE('',*,*,#9922,.F.);
#9922 = EDGE_CURVE('',#9898,#9843,#9923,.T.);
#9923 = SURFACE_CURVE('',#9924,(#9929,#9936),.PCURVE_S1.);
#9924 = HYPERBOLA('',#9925,0.350222911598,0.654909647025);
#9925 = AXIS2_PLACEMENT_3D('',#9926,#9927,#9928);
#9926 = CARTESIAN_POINT('',(4.526720665618,0.616557125368,
    11.009113615693));
#9927 = DIRECTION('',(0.33898332763,-0.93605880101,9.425616500203E-02));
#9928 = DIRECTION('',(-3.209415235281E-02,8.862386826157E-02,
    0.995547977427));
#9929 = PCURVE('',#8479,#9930);
#9930 = DEFINITIONAL_REPRESENTATION('',(#9931),#9935);
#9931 = HYPERBOLA('',#9932,0.350222911598,0.654909647025);
#9932 = AXIS2_PLACEMENT_2D('',#9933,#9934);
#9933 = CARTESIAN_POINT('',(0.531346423733,2.455786102084));
#9934 = DIRECTION('',(-6.954339960053E-18,-1.));
#9935 = ( GEOMETRIC_REPRESENTATION_CONTEXT(2) 
PARAMETRIC_REPRESENTATION_CONTEXT() REPRESENTATION_CONTEXT('2D SPACE',''
  ) );
#9936 = PCURVE('',#9092,#9937);
#9937 = DEFINITIONAL_REPRESENTATION('',(#9938),#9947);
#9938 = B_SPLINE_CURVE_WITH_KNOTS('',7,(#9939,#9940,#9941,#9942,#9943,
    #9944,#9945,#9946),.UNSPECIFIED.,.F.,.F.,(8,8),(-1.109111310911,
    -0.268511940614),.PIECEWISE_BEZIER_KNOTS.);
#9939 = CARTESIAN_POINT('',(1.024560047605,-5.236075069836E-03));
#9940 = CARTESIAN_POINT('',(1.093841701391,-6.179781267098E-02));
#9941 = CARTESIAN_POINT('',(1.170697856051,-0.108500378213));
#9942 = CARTESIAN_POINT('',(1.255532666871,-0.146675968343));
#9943 = CARTESIAN_POINT('',(1.348430114031,-0.177308623479));
#9944 = CARTESIAN_POINT('',(1.448917071867,-0.201111981153));
#9945 = CARTESIAN_POINT('',(1.555423807154,-0.218568668157));
#9946 = CARTESIAN_POINT('',(1.665797949726,-0.229946710945));
#9947 = ( GEOMETRIC_REPRESENTATION_CONTEXT(2) 
PARAMETRIC_REPRESENTATION_CONTEXT() REPRESENTATION_CONTEXT('2D SPACE',''
  ) );
#9948 = ADVANCED_FACE('',(#9949),#8444,.T.);
#9949 = FACE_BOUND('',#9950,.T.);
#9950 = EDGE_LOOP('',(#9951,#9980,#9981,#9982));
#9951 = ORIENTED_EDGE('',*,*,#9952,.F.);
#9952 = EDGE_CURVE('',#8382,#9953,#9955,.T.);
#9953 = VERTEX_POINT('',#9954);
#9954 = CARTESIAN_POINT('',(5.279711636702,1.015101266841,
    11.600368831136));
#9955 = SURFACE_CURVE('',#9956,(#9961,#9968),.PCURVE_S1.);
#9956 = HYPERBOLA('',#9957,0.518803557914,0.254852851795);
#9957 = AXIS2_PLACEMENT_3D('',#9958,#9959,#9960);
#9958 = CARTESIAN_POINT('',(4.582457749393,0.196081130525,9.383281438826
    ));
#9959 = DIRECTION('',(0.647716775677,-0.758047818829,7.633140163198E-02)
  );
#9960 = DIRECTION('',(-4.958579577486E-02,5.803216119081E-02,
    0.997082502667));
#9961 = PCURVE('',#8444,#9962);
#9962 = DEFINITIONAL_REPRESENTATION('',(#9963),#9967);
#9963 = HYPERBOLA('',#9964,0.518803557914,0.254852851795);
#9964 = AXIS2_PLACEMENT_2D('',#9965,#9966);
#9965 = CARTESIAN_POINT('',(3.352610260902,4.08259602681));
#9966 = DIRECTION('',(-6.898405494991E-18,-1.));
#9967 = ( GEOMETRIC_REPRESENTATION_CONTEXT(2) 
PARAMETRIC_REPRESENTATION_CONTEXT() REPRESENTATION_CONTEXT('2D SPACE',''
  ) );
#9968 = PCURVE('',#8398,#9969);
#9969 = DEFINITIONAL_REPRESENTATION('',(#9970),#9979);
#9970 = B_SPLINE_CURVE_WITH_KNOTS('',7,(#9971,#9972,#9973,#9974,#9975,
    #9976,#9977,#9978),.UNSPECIFIED.,.F.,.F.,(8,8),(-3.042532923046,
    -2.134597207417),.PIECEWISE_BEZIER_KNOTS.);
#9971 = CARTESIAN_POINT('',(0.954770964037,3.73187628788E-15));
#9972 = CARTESIAN_POINT('',(0.966798047755,-0.701498128582));
#9973 = CARTESIAN_POINT('',(0.980610748714,-1.29635934637));
#9974 = CARTESIAN_POINT('',(0.996519427791,-1.803859067972));
#9975 = CARTESIAN_POINT('',(1.014898616658,-2.238880022435));
#9976 = CARTESIAN_POINT('',(1.036198494625,-2.613225801562));
#9977 = CARTESIAN_POINT('',(1.060966962983,-2.936371929625));
#9978 = CARTESIAN_POINT('',(1.089836583242,-3.216002642213));
#9979 = ( GEOMETRIC_REPRESENTATION_CONTEXT(2) 
PARAMETRIC_REPRESENTATION_CONTEXT() REPRESENTATION_CONTEXT('2D SPACE',''
  ) );
#9980 = ORIENTED_EDGE('',*,*,#8410,.T.);
#9981 = ORIENTED_EDGE('',*,*,#9897,.T.);
#9982 = ORIENTED_EDGE('',*,*,#9983,.F.);
#9983 = EDGE_CURVE('',#9953,#9898,#9984,.T.);
#9984 = SURFACE_CURVE('',#9985,(#9990,#9997),.PCURVE_S1.);
#9985 = HYPERBOLA('',#9986,0.203528734064,0.381348792359);
#9986 = AXIS2_PLACEMENT_3D('',#9987,#9988,#9989);
#9987 = CARTESIAN_POINT('',(4.502065757093,0.290166966654,
    10.999821974765));
#9988 = DIRECTION('',(0.647716775677,-0.758047818829,7.633140163198E-02)
  );
#9989 = DIRECTION('',(-4.958579577486E-02,5.803216119081E-02,
    0.997082502667));
#9990 = PCURVE('',#8444,#9991);
#9991 = DEFINITIONAL_REPRESENTATION('',(#9992),#9996);
#9992 = HYPERBOLA('',#9993,0.203528734064,0.381348792359);
#9993 = AXIS2_PLACEMENT_2D('',#9994,#9995);
#9994 = CARTESIAN_POINT('',(3.352610260902,2.461325438252));
#9995 = DIRECTION('',(-6.898405494991E-18,-1.));
#9996 = ( GEOMETRIC_REPRESENTATION_CONTEXT(2) 
PARAMETRIC_REPRESENTATION_CONTEXT() REPRESENTATION_CONTEXT('2D SPACE',''
  ) );
#9997 = PCURVE('',#9092,#9998);
#9998 = DEFINITIONAL_REPRESENTATION('',(#9999),#10007);
#9999 = B_SPLINE_CURVE_WITH_KNOTS('',6,(#10000,#10001,#10002,#10003,
    #10004,#10005,#10006),.UNSPECIFIED.,.F.,.F.,(7,7),(-1.748249181547,
    -0.80968519384),.PIECEWISE_BEZIER_KNOTS.);
#10000 = CARTESIAN_POINT('',(1.089836583242,7.605439317131E-16));
#10001 = CARTESIAN_POINT('',(1.141935599729,-8.841589612661E-02));
#10002 = CARTESIAN_POINT('',(1.203114207076,-0.159197950595));
#10003 = CARTESIAN_POINT('',(1.275065565054,-0.216238488484));
#10004 = CARTESIAN_POINT('',(1.359636860173,-0.262144681271));
#10005 = CARTESIAN_POINT('',(1.458595704642,-0.298771209243));
#10006 = CARTESIAN_POINT('',(1.571299206468,-0.327376278856));
#10007 = ( GEOMETRIC_REPRESENTATION_CONTEXT(2) 
PARAMETRIC_REPRESENTATION_CONTEXT() REPRESENTATION_CONTEXT('2D SPACE',''
  ) );
#10008 = ADVANCED_FACE('',(#10009),#8398,.F.);
#10009 = FACE_BOUND('',#10010,.T.);
#10010 = EDGE_LOOP('',(#10011,#10035,#10062,#10063));
#10011 = ORIENTED_EDGE('',*,*,#10012,.F.);
#10012 = EDGE_CURVE('',#10013,#9953,#10015,.T.);
#10013 = VERTEX_POINT('',#10014);
#10014 = CARTESIAN_POINT('',(5.765101266841,0.529711636702,
    11.600368831136));
#10015 = SURFACE_CURVE('',#10016,(#10021,#10028),.PCURVE_S1.);
#10016 = CIRCLE('',#10017,1.145);
#10017 = AXIS2_PLACEMENT_3D('',#10018,#10019,#10020);
#10018 = CARTESIAN_POINT('',(4.75,0.,11.600368831136));
#10019 = DIRECTION('',(0.,0.,1.));
#10020 = DIRECTION('',(1.,0.,0.));
#10021 = PCURVE('',#8398,#10022);
#10022 = DEFINITIONAL_REPRESENTATION('',(#10023),#10027);
#10023 = LINE('',#10024,#10025);
#10024 = CARTESIAN_POINT('',(0.,-3.216002642213));
#10025 = VECTOR('',#10026,1.);
#10026 = DIRECTION('',(1.,-0.));
#10027 = ( GEOMETRIC_REPRESENTATION_CONTEXT(2) 
PARAMETRIC_REPRESENTATION_CONTEXT() REPRESENTATION_CONTEXT('2D SPACE',''
  ) );
#10028 = PCURVE('',#9092,#10029);
#10029 = DEFINITIONAL_REPRESENTATION('',(#10030),#10034);
#10030 = LINE('',#10031,#10032);
#10031 = CARTESIAN_POINT('',(0.,-0.));
#10032 = VECTOR('',#10033,1.);
#10033 = DIRECTION('',(1.,-0.));
#10034 = ( GEOMETRIC_REPRESENTATION_CONTEXT(2) 
PARAMETRIC_REPRESENTATION_CONTEXT() REPRESENTATION_CONTEXT('2D SPACE',''
  ) );
#10035 = ORIENTED_EDGE('',*,*,#10036,.T.);
#10036 = EDGE_CURVE('',#10013,#8336,#10037,.T.);
#10037 = SURFACE_CURVE('',#10038,(#10043,#10055),.PCURVE_S1.);
#10038 = HYPERBOLA('',#10039,0.518803557914,0.254852851795);
#10039 = AXIS2_PLACEMENT_3D('',#10040,#10041,#10042);
#10040 = CARTESIAN_POINT('',(4.946081130525,-0.167542250607,
    9.383281438826));
#10041 = DIRECTION('',(-0.758047818829,0.647716775677,7.633140163198E-02
    ));
#10042 = DIRECTION('',(5.803216119081E-02,-4.958579577486E-02,
    0.997082502667));
#10043 = PCURVE('',#8398,#10044);
#10044 = DEFINITIONAL_REPRESENTATION('',(#10045),#10054);
#10045 = B_SPLINE_CURVE_WITH_KNOTS('',7,(#10046,#10047,#10048,#10049,
    #10050,#10051,#10052,#10053),.UNSPECIFIED.,.F.,.F.,(8,8),(
    2.134597207417,3.042532923046),.PIECEWISE_BEZIER_KNOTS.);
#10046 = CARTESIAN_POINT('',(0.480959743553,-3.216002642213));
#10047 = CARTESIAN_POINT('',(0.509829363812,-2.936371929625));
#10048 = CARTESIAN_POINT('',(0.53459783217,-2.613225801562));
#10049 = CARTESIAN_POINT('',(0.555897710138,-2.238880022435));
#10050 = CARTESIAN_POINT('',(0.574276899003,-1.803859067972));
#10051 = CARTESIAN_POINT('',(0.590185578081,-1.29635934637));
#10052 = CARTESIAN_POINT('',(0.603998279039,-0.701498128582));
#10053 = CARTESIAN_POINT('',(0.616025362758,3.382851886856E-15));
#10054 = ( GEOMETRIC_REPRESENTATION_CONTEXT(2) 
PARAMETRIC_REPRESENTATION_CONTEXT() REPRESENTATION_CONTEXT('2D SPACE',''
  ) );
#10055 = PCURVE('',#8369,#10056);
#10056 = DEFINITIONAL_REPRESENTATION('',(#10057),#10061);
#10057 = HYPERBOLA('',#10058,0.518803557914,0.254852851795);
#10058 = AXIS2_PLACEMENT_2D('',#10059,#10060);
#10059 = CARTESIAN_POINT('',(-3.352610260902,4.08259602681));
#10060 = DIRECTION('',(2.077619330281E-17,-1.));
#10061 = ( GEOMETRIC_REPRESENTATION_CONTEXT(2) 
PARAMETRIC_REPRESENTATION_CONTEXT() REPRESENTATION_CONTEXT('2D SPACE',''
  ) );
#10062 = ORIENTED_EDGE('',*,*,#8381,.F.);
#10063 = ORIENTED_EDGE('',*,*,#9952,.T.);
#10064 = ADVANCED_FACE('',(#10065),#8369,.T.);
#10065 = FACE_BOUND('',#10066,.T.);
#10066 = EDGE_LOOP('',(#10067,#10090,#10091,#10092));
#10067 = ORIENTED_EDGE('',*,*,#10068,.F.);
#10068 = EDGE_CURVE('',#8302,#10069,#10071,.T.);
#10069 = VERTEX_POINT('',#10070);
#10070 = CARTESIAN_POINT('',(5.640868365168,0.395,11.509718154986));
#10071 = SURFACE_CURVE('',#10072,(#10076,#10083),.PCURVE_S1.);
#10072 = LINE('',#10073,#10074);
#10073 = CARTESIAN_POINT('',(6.084595021906,0.395,15.916371473349));
#10074 = VECTOR('',#10075,1.);
#10075 = DIRECTION('',(-0.100188061612,0.,-0.994968518251));
#10076 = PCURVE('',#8369,#10077);
#10077 = DEFINITIONAL_REPRESENTATION('',(#10078),#10082);
#10078 = LINE('',#10079,#10080);
#10079 = CARTESIAN_POINT('',(-2.185336269284,-2.469610051471));
#10080 = VECTOR('',#10081,1.);
#10081 = DIRECTION('',(-6.50833687835E-02,0.997879829993));
#10082 = ( GEOMETRIC_REPRESENTATION_CONTEXT(2) 
PARAMETRIC_REPRESENTATION_CONTEXT() REPRESENTATION_CONTEXT('2D SPACE',''
  ) );
#10083 = PCURVE('',#8323,#10084);
#10084 = DEFINITIONAL_REPRESENTATION('',(#10085),#10089);
#10085 = LINE('',#10086,#10087);
#10086 = CARTESIAN_POINT('',(0.294478857022,-2.473416677614));
#10087 = VECTOR('',#10088,1.);
#10088 = DIRECTION('',(-3.411395862797E-02,0.999417949522));
#10089 = ( GEOMETRIC_REPRESENTATION_CONTEXT(2) 
PARAMETRIC_REPRESENTATION_CONTEXT() REPRESENTATION_CONTEXT('2D SPACE',''
  ) );
#10090 = ORIENTED_EDGE('',*,*,#8335,.T.);
#10091 = ORIENTED_EDGE('',*,*,#10036,.F.);
#10092 = ORIENTED_EDGE('',*,*,#10093,.F.);
#10093 = EDGE_CURVE('',#10069,#10013,#10094,.T.);
#10094 = SURFACE_CURVE('',#10095,(#10100,#10107),.PCURVE_S1.);
#10095 = HYPERBOLA('',#10096,0.203528734064,0.381348792359);
#10096 = AXIS2_PLACEMENT_3D('',#10097,#10098,#10099);
#10097 = CARTESIAN_POINT('',(5.040166966654,-0.247934242907,
    10.999821974765));
#10098 = DIRECTION('',(-0.758047818829,0.647716775677,7.633140163198E-02
    ));
#10099 = DIRECTION('',(5.803216119081E-02,-4.958579577486E-02,
    0.997082502667));
#10100 = PCURVE('',#8369,#10101);
#10101 = DEFINITIONAL_REPRESENTATION('',(#10102),#10106);
#10102 = HYPERBOLA('',#10103,0.203528734064,0.381348792359);
#10103 = AXIS2_PLACEMENT_2D('',#10104,#10105);
#10104 = CARTESIAN_POINT('',(-3.352610260902,2.461325438252));
#10105 = DIRECTION('',(2.077619330281E-17,-1.));
#10106 = ( GEOMETRIC_REPRESENTATION_CONTEXT(2) 
PARAMETRIC_REPRESENTATION_CONTEXT() REPRESENTATION_CONTEXT('2D SPACE',''
  ) );
#10107 = PCURVE('',#9092,#10108);
#10108 = DEFINITIONAL_REPRESENTATION('',(#10109),#10117);
#10109 = B_SPLINE_CURVE_WITH_KNOTS('',6,(#10110,#10111,#10112,#10113,
    #10114,#10115,#10116),.UNSPECIFIED.,.F.,.F.,(7,7),(0.810383326292,
    1.748249181547),.PIECEWISE_BEZIER_KNOTS.);
#10110 = CARTESIAN_POINT('',(5.E-17,-0.327248548349));
#10111 = CARTESIAN_POINT('',(0.112568579067,-0.298634939141));
#10112 = CARTESIAN_POINT('',(0.211411069976,-0.262008056099));
#10113 = CARTESIAN_POINT('',(0.295891284215,-0.216111182728));
#10114 = CARTESIAN_POINT('',(0.367773134236,-0.159092640263));
#10115 = CARTESIAN_POINT('',(0.4288994799,-8.835012969284E-02));
#10116 = CARTESIAN_POINT('',(0.480959743553,3.896613971123E-16));
#10117 = ( GEOMETRIC_REPRESENTATION_CONTEXT(2) 
PARAMETRIC_REPRESENTATION_CONTEXT() REPRESENTATION_CONTEXT('2D SPACE',''
  ) );
#10118 = ADVANCED_FACE('',(#10119),#8323,.T.);
#10119 = FACE_BOUND('',#10120,.T.);
#10120 = EDGE_LOOP('',(#10121,#10148,#10149,#10150));
#10121 = ORIENTED_EDGE('',*,*,#10122,.F.);
#10122 = EDGE_CURVE('',#9055,#10069,#10123,.T.);
#10123 = SURFACE_CURVE('',#10124,(#10129,#10136),.PCURVE_S1.);
#10124 = HYPERBOLA('',#10125,0.350222911598,0.654909647025);
#10125 = AXIS2_PLACEMENT_3D('',#10126,#10127,#10128);
#10126 = CARTESIAN_POINT('',(5.366557125368,-0.223279334382,
    11.009113615693));
#10127 = DIRECTION('',(-0.93605880101,0.33898332763,9.425616500203E-02)
  );
#10128 = DIRECTION('',(8.862386826157E-02,-3.209415235281E-02,
    0.995547977427));
#10129 = PCURVE('',#8323,#10130);
#10130 = DEFINITIONAL_REPRESENTATION('',(#10131),#10135);
#10131 = HYPERBOLA('',#10132,0.350222911598,0.654909647025);
#10132 = AXIS2_PLACEMENT_2D('',#10133,#10134);
#10133 = CARTESIAN_POINT('',(-0.531346423733,2.455786102084));
#10134 = DIRECTION('',(6.954339960053E-18,-1.));
#10135 = ( GEOMETRIC_REPRESENTATION_CONTEXT(2) 
PARAMETRIC_REPRESENTATION_CONTEXT() REPRESENTATION_CONTEXT('2D SPACE',''
  ) );
#10136 = PCURVE('',#9092,#10137);
#10137 = DEFINITIONAL_REPRESENTATION('',(#10138),#10147);
#10138 = B_SPLINE_CURVE_WITH_KNOTS('',7,(#10139,#10140,#10141,#10142,
    #10143,#10144,#10145,#10146),.UNSPECIFIED.,.F.,.F.,(8,8),(
    0.373401784931,1.109111310911),.PIECEWISE_BEZIER_KNOTS.);
#10139 = CARTESIAN_POINT('',(0.,-0.218000866981));
#10140 = CARTESIAN_POINT('',(9.364883692379E-02,-0.203997348029));
#10141 = CARTESIAN_POINT('',(0.183382767895,-0.185183572808));
#10142 = CARTESIAN_POINT('',(0.267980690762,-0.161306874177));
#10143 = CARTESIAN_POINT('',(0.346648723676,-0.131984460059));
#10144 = CARTESIAN_POINT('',(0.419160751454,-9.669179298642E-02));
#10145 = CARTESIAN_POINT('',(0.485599578204,-5.474004881714E-02));
#10146 = CARTESIAN_POINT('',(0.54623627919,-5.236075069836E-03));
#10147 = ( GEOMETRIC_REPRESENTATION_CONTEXT(2) 
PARAMETRIC_REPRESENTATION_CONTEXT() REPRESENTATION_CONTEXT('2D SPACE',''
  ) );
#10148 = ORIENTED_EDGE('',*,*,#9054,.F.);
#10149 = ORIENTED_EDGE('',*,*,#8301,.T.);
#10150 = ORIENTED_EDGE('',*,*,#10068,.T.);
#10151 = ADVANCED_FACE('',(#10152),#8288,.T.);
#10152 = FACE_BOUND('',#10153,.F.);
#10153 = EDGE_LOOP('',(#10154,#10155,#10178,#10205));
#10154 = ORIENTED_EDGE('',*,*,#8273,.T.);
#10155 = ORIENTED_EDGE('',*,*,#10156,.T.);
#10156 = EDGE_CURVE('',#8250,#10157,#10159,.T.);
#10157 = VERTEX_POINT('',#10158);
#10158 = CARTESIAN_POINT('',(8.75,0.,11.));
#10159 = SEAM_CURVE('',#10160,(#10164,#10171),.PCURVE_S1.);
#10160 = LINE('',#10161,#10162);
#10161 = CARTESIAN_POINT('',(8.75,0.,12.72347538298));
#10162 = VECTOR('',#10163,1.);
#10163 = DIRECTION('',(0.,0.,-1.));
#10164 = PCURVE('',#8288,#10165);
#10165 = DEFINITIONAL_REPRESENTATION('',(#10166),#10170);
#10166 = LINE('',#10167,#10168);
#10167 = CARTESIAN_POINT('',(-0.,0.));
#10168 = VECTOR('',#10169,1.);
#10169 = DIRECTION('',(-0.,1.));
#10170 = ( GEOMETRIC_REPRESENTATION_CONTEXT(2) 
PARAMETRIC_REPRESENTATION_CONTEXT() REPRESENTATION_CONTEXT('2D SPACE',''
  ) );
#10171 = PCURVE('',#8288,#10172);
#10172 = DEFINITIONAL_REPRESENTATION('',(#10173),#10177);
#10173 = LINE('',#10174,#10175);
#10174 = CARTESIAN_POINT('',(-6.28318530718,0.));
#10175 = VECTOR('',#10176,1.);
#10176 = DIRECTION('',(-0.,1.));
#10177 = ( GEOMETRIC_REPRESENTATION_CONTEXT(2) 
PARAMETRIC_REPRESENTATION_CONTEXT() REPRESENTATION_CONTEXT('2D SPACE',''
  ) );
#10178 = ORIENTED_EDGE('',*,*,#10179,.F.);
#10179 = EDGE_CURVE('',#10157,#10157,#10180,.T.);
#10180 = SURFACE_CURVE('',#10181,(#10186,#10193),.PCURVE_S1.);
#10181 = CIRCLE('',#10182,4.);
#10182 = AXIS2_PLACEMENT_3D('',#10183,#10184,#10185);
#10183 = CARTESIAN_POINT('',(4.75,0.,11.));
#10184 = DIRECTION('',(0.,0.,1.));
#10185 = DIRECTION('',(1.,0.,-0.));
#10186 = PCURVE('',#8288,#10187);
#10187 = DEFINITIONAL_REPRESENTATION('',(#10188),#10192);
#10188 = LINE('',#10189,#10190);
#10189 = CARTESIAN_POINT('',(-0.,1.72347538298));
#10190 = VECTOR('',#10191,1.);
#10191 = DIRECTION('',(-1.,0.));
#10192 = ( GEOMETRIC_REPRESENTATION_CONTEXT(2) 
PARAMETRIC_REPRESENTATION_CONTEXT() REPRESENTATION_CONTEXT('2D SPACE',''
  ) );
#10193 = PCURVE('',#10194,#10199);
#10194 = PLANE('',#10195);
#10195 = AXIS2_PLACEMENT_3D('',#10196,#10197,#10198);
#10196 = CARTESIAN_POINT('',(4.75,0.,11.));
#10197 = DIRECTION('',(0.,0.,1.));
#10198 = DIRECTION('',(1.,0.,-0.));
#10199 = DEFINITIONAL_REPRESENTATION('',(#10200),#10204);
#10200 = CIRCLE('',#10201,4.);
#10201 = AXIS2_PLACEMENT_2D('',#10202,#10203);
#10202 = CARTESIAN_POINT('',(0.,0.));
#10203 = DIRECTION('',(1.,0.));
#10204 = ( GEOMETRIC_REPRESENTATION_CONTEXT(2) 
PARAMETRIC_REPRESENTATION_CONTEXT() REPRESENTATION_CONTEXT('2D SPACE',''
  ) );
#10205 = ORIENTED_EDGE('',*,*,#10156,.F.);
#10206 = ADVANCED_FACE('',(#10207),#9092,.F.);
#10207 = FACE_BOUND('',#10208,.T.);
#10208 = EDGE_LOOP('',(#10209,#10210,#10233,#10234,#10235,#10236,#10237,
    #10238,#10239,#10240,#10241,#10242,#10243,#10244,#10245,#10246,
    #10247,#10248,#10249,#10250,#10251,#10252));
#10209 = ORIENTED_EDGE('',*,*,#9077,.T.);
#10210 = ORIENTED_EDGE('',*,*,#10211,.T.);
#10211 = EDGE_CURVE('',#9055,#10212,#10214,.T.);
#10212 = VERTEX_POINT('',#10213);
#10213 = CARTESIAN_POINT('',(4.75,0.,10.991561531884));
#10214 = SEAM_CURVE('',#10215,(#10219,#10226),.PCURVE_S1.);
#10215 = LINE('',#10216,#10217);
#10216 = CARTESIAN_POINT('',(5.895,0.,11.600368831136));
#10217 = VECTOR('',#10218,1.);
#10218 = DIRECTION('',(-0.882947592859,0.,-0.469471562786));
#10219 = PCURVE('',#9092,#10220);
#10220 = DEFINITIONAL_REPRESENTATION('',(#10221),#10225);
#10221 = LINE('',#10222,#10223);
#10222 = CARTESIAN_POINT('',(0.,-0.));
#10223 = VECTOR('',#10224,1.);
#10224 = DIRECTION('',(0.,-1.));
#10225 = ( GEOMETRIC_REPRESENTATION_CONTEXT(2) 
PARAMETRIC_REPRESENTATION_CONTEXT() REPRESENTATION_CONTEXT('2D SPACE',''
  ) );
#10226 = PCURVE('',#9092,#10227);
#10227 = DEFINITIONAL_REPRESENTATION('',(#10228),#10232);
#10228 = LINE('',#10229,#10230);
#10229 = CARTESIAN_POINT('',(6.28318530718,-0.));
#10230 = VECTOR('',#10231,1.);
#10231 = DIRECTION('',(0.,-1.));
#10232 = ( GEOMETRIC_REPRESENTATION_CONTEXT(2) 
PARAMETRIC_REPRESENTATION_CONTEXT() REPRESENTATION_CONTEXT('2D SPACE',''
  ) );
#10233 = ORIENTED_EDGE('',*,*,#10211,.F.);
#10234 = ORIENTED_EDGE('',*,*,#10122,.T.);
#10235 = ORIENTED_EDGE('',*,*,#10093,.T.);
#10236 = ORIENTED_EDGE('',*,*,#10012,.T.);
#10237 = ORIENTED_EDGE('',*,*,#9983,.T.);
#10238 = ORIENTED_EDGE('',*,*,#9922,.T.);
#10239 = ORIENTED_EDGE('',*,*,#9867,.T.);
#10240 = ORIENTED_EDGE('',*,*,#9813,.T.);
#10241 = ORIENTED_EDGE('',*,*,#9732,.T.);
#10242 = ORIENTED_EDGE('',*,*,#9703,.T.);
#10243 = ORIENTED_EDGE('',*,*,#9642,.T.);
#10244 = ORIENTED_EDGE('',*,*,#9587,.T.);
#10245 = ORIENTED_EDGE('',*,*,#9533,.T.);
#10246 = ORIENTED_EDGE('',*,*,#9452,.T.);
#10247 = ORIENTED_EDGE('',*,*,#9423,.T.);
#10248 = ORIENTED_EDGE('',*,*,#9362,.T.);
#10249 = ORIENTED_EDGE('',*,*,#9307,.T.);
#10250 = ORIENTED_EDGE('',*,*,#9253,.T.);
#10251 = ORIENTED_EDGE('',*,*,#9172,.T.);
#10252 = ORIENTED_EDGE('',*,*,#9143,.T.);
#10253 = ADVANCED_FACE('',(#10254,#10257),#10194,.F.);
#10254 = FACE_BOUND('',#10255,.F.);
#10255 = EDGE_LOOP('',(#10256));
#10256 = ORIENTED_EDGE('',*,*,#10179,.T.);
#10257 = FACE_BOUND('',#10258,.F.);
#10258 = EDGE_LOOP('',(#10259));
#10259 = ORIENTED_EDGE('',*,*,#10260,.F.);
#10260 = EDGE_CURVE('',#10261,#10261,#10263,.T.);
#10261 = VERTEX_POINT('',#10262);
#10262 = CARTESIAN_POINT('',(6.95,0.,11.));
#10263 = SURFACE_CURVE('',#10264,(#10269,#10276),.PCURVE_S1.);
#10264 = CIRCLE('',#10265,2.2);
#10265 = AXIS2_PLACEMENT_3D('',#10266,#10267,#10268);
#10266 = CARTESIAN_POINT('',(4.75,0.,11.));
#10267 = DIRECTION('',(0.,0.,1.));
#10268 = DIRECTION('',(1.,0.,-0.));
#10269 = PCURVE('',#10194,#10270);
#10270 = DEFINITIONAL_REPRESENTATION('',(#10271),#10275);
#10271 = CIRCLE('',#10272,2.2);
#10272 = AXIS2_PLACEMENT_2D('',#10273,#10274);
#10273 = CARTESIAN_POINT('',(0.,0.));
#10274 = DIRECTION('',(1.,0.));
#10275 = ( GEOMETRIC_REPRESENTATION_CONTEXT(2) 
PARAMETRIC_REPRESENTATION_CONTEXT() REPRESENTATION_CONTEXT('2D SPACE',''
  ) );
#10276 = PCURVE('',#10277,#10286);
#10277 = SURFACE_OF_REVOLUTION('',#10278,#10283);
#10278 = CIRCLE('',#10279,0.2);
#10279 = AXIS2_PLACEMENT_3D('',#10280,#10281,#10282);
#10280 = CARTESIAN_POINT('',(6.95,0.,10.8));
#10281 = DIRECTION('',(0.,-1.,0.));
#10282 = DIRECTION('',(0.,0.,1.));
#10283 = AXIS1_PLACEMENT('',#10284,#10285);
#10284 = CARTESIAN_POINT('',(4.75,0.,11.));
#10285 = DIRECTION('',(0.,0.,1.));
#10286 = DEFINITIONAL_REPRESENTATION('',(#10287),#10291);
#10287 = LINE('',#10288,#10289);
#10288 = CARTESIAN_POINT('',(0.,0.));
#10289 = VECTOR('',#10290,1.);
#10290 = DIRECTION('',(1.,0.));
#10291 = ( GEOMETRIC_REPRESENTATION_CONTEXT(2) 
PARAMETRIC_REPRESENTATION_CONTEXT() REPRESENTATION_CONTEXT('2D SPACE',''
  ) );
#10292 = ADVANCED_FACE('',(#10293),#10277,.F.);
#10293 = FACE_BOUND('',#10294,.F.);
#10294 = EDGE_LOOP('',(#10295,#10296,#10320,#10347));
#10295 = ORIENTED_EDGE('',*,*,#10260,.T.);
#10296 = ORIENTED_EDGE('',*,*,#10297,.T.);
#10297 = EDGE_CURVE('',#10261,#10298,#10300,.T.);
#10298 = VERTEX_POINT('',#10299);
#10299 = CARTESIAN_POINT('',(6.75,0.,10.8));
#10300 = SEAM_CURVE('',#10301,(#10306,#10313),.PCURVE_S1.);
#10301 = CIRCLE('',#10302,0.2);
#10302 = AXIS2_PLACEMENT_3D('',#10303,#10304,#10305);
#10303 = CARTESIAN_POINT('',(6.95,0.,10.8));
#10304 = DIRECTION('',(0.,-1.,0.));
#10305 = DIRECTION('',(0.,0.,1.));
#10306 = PCURVE('',#10277,#10307);
#10307 = DEFINITIONAL_REPRESENTATION('',(#10308),#10312);
#10308 = LINE('',#10309,#10310);
#10309 = CARTESIAN_POINT('',(0.,0.));
#10310 = VECTOR('',#10311,1.);
#10311 = DIRECTION('',(0.,1.));
#10312 = ( GEOMETRIC_REPRESENTATION_CONTEXT(2) 
PARAMETRIC_REPRESENTATION_CONTEXT() REPRESENTATION_CONTEXT('2D SPACE',''
  ) );
#10313 = PCURVE('',#10277,#10314);
#10314 = DEFINITIONAL_REPRESENTATION('',(#10315),#10319);
#10315 = LINE('',#10316,#10317);
#10316 = CARTESIAN_POINT('',(6.28318530718,0.));
#10317 = VECTOR('',#10318,1.);
#10318 = DIRECTION('',(0.,1.));
#10319 = ( GEOMETRIC_REPRESENTATION_CONTEXT(2) 
PARAMETRIC_REPRESENTATION_CONTEXT() REPRESENTATION_CONTEXT('2D SPACE',''
  ) );
#10320 = ORIENTED_EDGE('',*,*,#10321,.F.);
#10321 = EDGE_CURVE('',#10298,#10298,#10322,.T.);
#10322 = SURFACE_CURVE('',#10323,(#10328,#10335),.PCURVE_S1.);
#10323 = CIRCLE('',#10324,2.);
#10324 = AXIS2_PLACEMENT_3D('',#10325,#10326,#10327);
#10325 = CARTESIAN_POINT('',(4.75,0.,10.8));
#10326 = DIRECTION('',(0.,0.,1.));
#10327 = DIRECTION('',(1.,0.,-0.));
#10328 = PCURVE('',#10277,#10329);
#10329 = DEFINITIONAL_REPRESENTATION('',(#10330),#10334);
#10330 = LINE('',#10331,#10332);
#10331 = CARTESIAN_POINT('',(0.,1.570796326795));
#10332 = VECTOR('',#10333,1.);
#10333 = DIRECTION('',(1.,0.));
#10334 = ( GEOMETRIC_REPRESENTATION_CONTEXT(2) 
PARAMETRIC_REPRESENTATION_CONTEXT() REPRESENTATION_CONTEXT('2D SPACE',''
  ) );
#10335 = PCURVE('',#10336,#10341);
#10336 = CYLINDRICAL_SURFACE('',#10337,2.);
#10337 = AXIS2_PLACEMENT_3D('',#10338,#10339,#10340);
#10338 = CARTESIAN_POINT('',(4.75,0.,10.8));
#10339 = DIRECTION('',(-0.,-0.,-1.));
#10340 = DIRECTION('',(1.,0.,0.));
#10341 = DEFINITIONAL_REPRESENTATION('',(#10342),#10346);
#10342 = LINE('',#10343,#10344);
#10343 = CARTESIAN_POINT('',(-0.,0.));
#10344 = VECTOR('',#10345,1.);
#10345 = DIRECTION('',(-1.,0.));
#10346 = ( GEOMETRIC_REPRESENTATION_CONTEXT(2) 
PARAMETRIC_REPRESENTATION_CONTEXT() REPRESENTATION_CONTEXT('2D SPACE',''
  ) );
#10347 = ORIENTED_EDGE('',*,*,#10297,.F.);
#10348 = ADVANCED_FACE('',(#10349),#10336,.T.);
#10349 = FACE_BOUND('',#10350,.F.);
#10350 = EDGE_LOOP('',(#10351,#10352,#10375,#10402));
#10351 = ORIENTED_EDGE('',*,*,#10321,.T.);
#10352 = ORIENTED_EDGE('',*,*,#10353,.T.);
#10353 = EDGE_CURVE('',#10298,#10354,#10356,.T.);
#10354 = VERTEX_POINT('',#10355);
#10355 = CARTESIAN_POINT('',(6.75,0.,3.));
#10356 = SEAM_CURVE('',#10357,(#10361,#10368),.PCURVE_S1.);
#10357 = LINE('',#10358,#10359);
#10358 = CARTESIAN_POINT('',(6.75,0.,10.8));
#10359 = VECTOR('',#10360,1.);
#10360 = DIRECTION('',(0.,0.,-1.));
#10361 = PCURVE('',#10336,#10362);
#10362 = DEFINITIONAL_REPRESENTATION('',(#10363),#10367);
#10363 = LINE('',#10364,#10365);
#10364 = CARTESIAN_POINT('',(-0.,0.));
#10365 = VECTOR('',#10366,1.);
#10366 = DIRECTION('',(-0.,1.));
#10367 = ( GEOMETRIC_REPRESENTATION_CONTEXT(2) 
PARAMETRIC_REPRESENTATION_CONTEXT() REPRESENTATION_CONTEXT('2D SPACE',''
  ) );
#10368 = PCURVE('',#10336,#10369);
#10369 = DEFINITIONAL_REPRESENTATION('',(#10370),#10374);
#10370 = LINE('',#10371,#10372);
#10371 = CARTESIAN_POINT('',(-6.28318530718,0.));
#10372 = VECTOR('',#10373,1.);
#10373 = DIRECTION('',(-0.,1.));
#10374 = ( GEOMETRIC_REPRESENTATION_CONTEXT(2) 
PARAMETRIC_REPRESENTATION_CONTEXT() REPRESENTATION_CONTEXT('2D SPACE',''
  ) );
#10375 = ORIENTED_EDGE('',*,*,#10376,.F.);
#10376 = EDGE_CURVE('',#10354,#10354,#10377,.T.);
#10377 = SURFACE_CURVE('',#10378,(#10383,#10390),.PCURVE_S1.);
#10378 = CIRCLE('',#10379,2.);
#10379 = AXIS2_PLACEMENT_3D('',#10380,#10381,#10382);
#10380 = CARTESIAN_POINT('',(4.75,0.,3.));
#10381 = DIRECTION('',(0.,0.,1.));
#10382 = DIRECTION('',(1.,0.,-0.));
#10383 = PCURVE('',#10336,#10384);
#10384 = DEFINITIONAL_REPRESENTATION('',(#10385),#10389);
#10385 = LINE('',#10386,#10387);
#10386 = CARTESIAN_POINT('',(-0.,7.8));
#10387 = VECTOR('',#10388,1.);
#10388 = DIRECTION('',(-1.,0.));
#10389 = ( GEOMETRIC_REPRESENTATION_CONTEXT(2) 
PARAMETRIC_REPRESENTATION_CONTEXT() REPRESENTATION_CONTEXT('2D SPACE',''
  ) );
#10390 = PCURVE('',#10391,#10396);
#10391 = PLANE('',#10392);
#10392 = AXIS2_PLACEMENT_3D('',#10393,#10394,#10395);
#10393 = CARTESIAN_POINT('',(4.75,0.,3.));
#10394 = DIRECTION('',(0.,0.,1.));
#10395 = DIRECTION('',(1.,0.,-0.));
#10396 = DEFINITIONAL_REPRESENTATION('',(#10397),#10401);
#10397 = CIRCLE('',#10398,2.);
#10398 = AXIS2_PLACEMENT_2D('',#10399,#10400);
#10399 = CARTESIAN_POINT('',(0.,0.));
#10400 = DIRECTION('',(1.,0.));
#10401 = ( GEOMETRIC_REPRESENTATION_CONTEXT(2) 
PARAMETRIC_REPRESENTATION_CONTEXT() REPRESENTATION_CONTEXT('2D SPACE',''
  ) );
#10402 = ORIENTED_EDGE('',*,*,#10353,.F.);
#10403 = ADVANCED_FACE('',(#10404),#10391,.F.);
#10404 = FACE_BOUND('',#10405,.F.);
#10405 = EDGE_LOOP('',(#10406));
#10406 = ORIENTED_EDGE('',*,*,#10376,.T.);
#10407 = ( GEOMETRIC_REPRESENTATION_CONTEXT(3) 
GLOBAL_UNCERTAINTY_ASSIGNED_CONTEXT((#10411)) 
GLOBAL_UNIT_ASSIGNED_CONTEXT((#10408,#10409,#10410)) 
REPRESENTATION_CONTEXT('Context #1',
  '3D Context with UNIT and UNCERTAINTY') );
#10408 = ( LENGTH_UNIT() NAMED_UNIT(*) SI_UNIT(.MILLI.,.METRE.) );
#10409 = ( NAMED_UNIT(*) PLANE_ANGLE_UNIT() SI_UNIT($,.RADIAN.) );
#10410 = ( NAMED_UNIT(*) SI_UNIT($,.STERADIAN.) SOLID_ANGLE_UNIT() );
#10411 = UNCERTAINTY_MEASURE_WITH_UNIT(LENGTH_MEASURE(1.E-07),#10408,
  'distance_accuracy_value','confusion accuracy');
#10412 = CONTEXT_DEPENDENT_SHAPE_REPRESENTATION(#10413,#10415);
#10413 = ( REPRESENTATION_RELATIONSHIP('','',#8201,#10) 
REPRESENTATION_RELATIONSHIP_WITH_TRANSFORMATION(#10414) 
SHAPE_REPRESENTATION_RELATIONSHIP() );
#10414 = ITEM_DEFINED_TRANSFORMATION('','',#11,#27);
#10415 = PRODUCT_DEFINITION_SHAPE('Placement','Placement of an item',
  #10416);
#10416 = NEXT_ASSEMBLY_USAGE_OCCURRENCE('5','M4x8_2','',#5,#8196,$);
#10417 = PRODUCT_RELATED_PRODUCT_CATEGORY('part',$,(#8198));
#10418 = SHAPE_DEFINITION_REPRESENTATION(#10419,#10425);
#10419 = PRODUCT_DEFINITION_SHAPE('','',#10420);
#10420 = PRODUCT_DEFINITION('design','',#10421,#10424);
#10421 = PRODUCT_DEFINITION_FORMATION('','',#10422);
#10422 = PRODUCT('M4x8_4','M4x8_4','',(#10423));
#10423 = PRODUCT_CONTEXT('',#2,'mechanical');
#10424 = PRODUCT_DEFINITION_CONTEXT('part definition',#2,'design');
#10425 = ADVANCED_BREP_SHAPE_REPRESENTATION('',(#11,#10426),#12631);
#10426 = MANIFOLD_SOLID_BREP('',#10427);
#10427 = CLOSED_SHELL('',(#10428,#11250,#11332,#11392,#11448,#11502,
    #11557,#11612,#11672,#11728,#11782,#11837,#11892,#11952,#12008,
    #12062,#12117,#12172,#12232,#12288,#12342,#12375,#12430,#12477,
    #12516,#12572,#12627));
#10428 = ADVANCED_FACE('',(#10429),#10444,.T.);
#10429 = FACE_BOUND('',#10430,.F.);
#10430 = EDGE_LOOP('',(#10431,#10472,#10496,#10523,#10524,#10558,#10604,
    #10633,#10679,#10714,#10749,#10795,#10824,#10870,#10905,#10940,
    #10986,#11015,#11061,#11096,#11131,#11177,#11206));
#10431 = ORIENTED_EDGE('',*,*,#10432,.T.);
#10432 = EDGE_CURVE('',#10433,#10435,#10437,.T.);
#10433 = VERTEX_POINT('',#10434);
#10434 = CARTESIAN_POINT('',(5.890316615925,-0.395,13.986990920257));
#10435 = VERTEX_POINT('',#10436);
#10436 = CARTESIAN_POINT('',(5.750845761008,0.,14.022484547484));
#10437 = SURFACE_CURVE('',#10438,(#10443,#10460),.PCURVE_S1.);
#10438 = CIRCLE('',#10439,6.491541668948);
#10439 = AXIS2_PLACEMENT_3D('',#10440,#10441,#10442);
#10440 = CARTESIAN_POINT('',(5.060295741794,0.112370166265,7.56875486176
    ));
#10441 = DIRECTION('',(-0.93605880101,-0.33898332763,9.425616500203E-02)
  );
#10442 = DIRECTION('',(0.340499237924,-0.940244792048,3.469446951954E-18
    ));
#10443 = PCURVE('',#10444,#10449);
#10444 = SPHERICAL_SURFACE('',#10445,6.5);
#10445 = AXIS2_PLACEMENT_3D('',#10446,#10447,#10448);
#10446 = CARTESIAN_POINT('',(4.75,0.,7.6));
#10447 = DIRECTION('',(-0.,-0.,-1.));
#10448 = DIRECTION('',(1.,0.,0.));
#10449 = DEFINITIONAL_REPRESENTATION('',(#10450),#10459);
#10450 = B_SPLINE_CURVE_WITH_KNOTS('',7,(#10451,#10452,#10453,#10454,
    #10455,#10456,#10457,#10458),.UNSPECIFIED.,.F.,.F.,(8,8),(
    1.449090390607,1.518275067182),.PIECEWISE_BEZIER_KNOTS.);
#10451 = CARTESIAN_POINT('',(-5.931517071072,-1.381256448027));
#10452 = CARTESIAN_POINT('',(-5.97170624074,-1.387588588316));
#10453 = CARTESIAN_POINT('',(-6.015010269541,-1.393567610664));
#10454 = CARTESIAN_POINT('',(-6.061658768885,-1.399143935243));
#10455 = CARTESIAN_POINT('',(-6.111832598105,-1.404260680879));
#10456 = CARTESIAN_POINT('',(-6.165624156914,-1.408853506612));
#10457 = CARTESIAN_POINT('',(-6.222885928863,-1.41285469188));
#10458 = CARTESIAN_POINT('',(-6.28318530718,-1.41620504215));
#10459 = ( GEOMETRIC_REPRESENTATION_CONTEXT(2) 
PARAMETRIC_REPRESENTATION_CONTEXT() REPRESENTATION_CONTEXT('2D SPACE',''
  ) );
#10460 = PCURVE('',#10461,#10466);
#10461 = PLANE('',#10462);
#10462 = AXIS2_PLACEMENT_3D('',#10463,#10464,#10465);
#10463 = CARTESIAN_POINT('',(5.765121441712,-0.1975,13.453966502616));
#10464 = DIRECTION('',(-0.93605880101,-0.33898332763,9.425616500203E-02)
  );
#10465 = DIRECTION('',(-0.340499237924,0.940244792048,3.469446951954E-18
    ));
#10466 = DEFINITIONAL_REPRESENTATION('',(#10467),#10471);
#10467 = CIRCLE('',#10468,6.491541668948);
#10468 = AXIS2_PLACEMENT_2D('',#10469,#10470);
#10469 = CARTESIAN_POINT('',(0.531346423733,5.911529905436));
#10470 = DIRECTION('',(-1.,3.454000895808E-18));
#10471 = ( GEOMETRIC_REPRESENTATION_CONTEXT(2) 
PARAMETRIC_REPRESENTATION_CONTEXT() REPRESENTATION_CONTEXT('2D SPACE',''
  ) );
#10472 = ORIENTED_EDGE('',*,*,#10473,.T.);
#10473 = EDGE_CURVE('',#10435,#10474,#10476,.T.);
#10474 = VERTEX_POINT('',#10475);
#10475 = CARTESIAN_POINT('',(8.75,0.,12.72347538298));
#10476 = SEAM_CURVE('',#10477,(#10482,#10489),.PCURVE_S1.);
#10477 = CIRCLE('',#10478,6.5);
#10478 = AXIS2_PLACEMENT_3D('',#10479,#10480,#10481);
#10479 = CARTESIAN_POINT('',(4.75,0.,7.6));
#10480 = DIRECTION('',(0.,1.,-0.));
#10481 = DIRECTION('',(-2.E-17,0.,1.));
#10482 = PCURVE('',#10444,#10483);
#10483 = DEFINITIONAL_REPRESENTATION('',(#10484),#10488);
#10484 = LINE('',#10485,#10486);
#10485 = CARTESIAN_POINT('',(-0.,-1.570796326795));
#10486 = VECTOR('',#10487,1.);
#10487 = DIRECTION('',(-0.,1.));
#10488 = ( GEOMETRIC_REPRESENTATION_CONTEXT(2) 
PARAMETRIC_REPRESENTATION_CONTEXT() REPRESENTATION_CONTEXT('2D SPACE',''
  ) );
#10489 = PCURVE('',#10444,#10490);
#10490 = DEFINITIONAL_REPRESENTATION('',(#10491),#10495);
#10491 = LINE('',#10492,#10493);
#10492 = CARTESIAN_POINT('',(-6.28318530718,-1.570796326795));
#10493 = VECTOR('',#10494,1.);
#10494 = DIRECTION('',(-0.,1.));
#10495 = ( GEOMETRIC_REPRESENTATION_CONTEXT(2) 
PARAMETRIC_REPRESENTATION_CONTEXT() REPRESENTATION_CONTEXT('2D SPACE',''
  ) );
#10496 = ORIENTED_EDGE('',*,*,#10497,.F.);
#10497 = EDGE_CURVE('',#10474,#10474,#10498,.T.);
#10498 = SURFACE_CURVE('',#10499,(#10504,#10511),.PCURVE_S1.);
#10499 = CIRCLE('',#10500,4.);
#10500 = AXIS2_PLACEMENT_3D('',#10501,#10502,#10503);
#10501 = CARTESIAN_POINT('',(4.75,0.,12.72347538298));
#10502 = DIRECTION('',(0.,0.,1.));
#10503 = DIRECTION('',(1.,0.,-0.));
#10504 = PCURVE('',#10444,#10505);
#10505 = DEFINITIONAL_REPRESENTATION('',(#10506),#10510);
#10506 = LINE('',#10507,#10508);
#10507 = CARTESIAN_POINT('',(-0.,-0.907922503145));
#10508 = VECTOR('',#10509,1.);
#10509 = DIRECTION('',(-1.,0.));
#10510 = ( GEOMETRIC_REPRESENTATION_CONTEXT(2) 
PARAMETRIC_REPRESENTATION_CONTEXT() REPRESENTATION_CONTEXT('2D SPACE',''
  ) );
#10511 = PCURVE('',#10512,#10517);
#10512 = CYLINDRICAL_SURFACE('',#10513,4.);
#10513 = AXIS2_PLACEMENT_3D('',#10514,#10515,#10516);
#10514 = CARTESIAN_POINT('',(4.75,0.,12.72347538298));
#10515 = DIRECTION('',(-0.,-0.,-1.));
#10516 = DIRECTION('',(1.,0.,0.));
#10517 = DEFINITIONAL_REPRESENTATION('',(#10518),#10522);
#10518 = LINE('',#10519,#10520);
#10519 = CARTESIAN_POINT('',(-0.,0.));
#10520 = VECTOR('',#10521,1.);
#10521 = DIRECTION('',(-1.,0.));
#10522 = ( GEOMETRIC_REPRESENTATION_CONTEXT(2) 
PARAMETRIC_REPRESENTATION_CONTEXT() REPRESENTATION_CONTEXT('2D SPACE',''
  ) );
#10523 = ORIENTED_EDGE('',*,*,#10473,.F.);
#10524 = ORIENTED_EDGE('',*,*,#10525,.T.);
#10525 = EDGE_CURVE('',#10435,#10526,#10528,.T.);
#10526 = VERTEX_POINT('',#10527);
#10527 = CARTESIAN_POINT('',(5.890316615925,0.395,13.986990920257));
#10528 = SURFACE_CURVE('',#10529,(#10534,#10546),.PCURVE_S1.);
#10529 = CIRCLE('',#10530,6.491541668948);
#10530 = AXIS2_PLACEMENT_3D('',#10531,#10532,#10533);
#10531 = CARTESIAN_POINT('',(5.060295741794,-0.112370166265,
    7.56875486176));
#10532 = DIRECTION('',(-0.93605880101,0.33898332763,9.425616500203E-02)
  );
#10533 = DIRECTION('',(-0.340499237924,-0.940244792048,
    -3.469446951954E-18));
#10534 = PCURVE('',#10444,#10535);
#10535 = DEFINITIONAL_REPRESENTATION('',(#10536),#10545);
#10536 = B_SPLINE_CURVE_WITH_KNOTS('',7,(#10537,#10538,#10539,#10540,
    #10541,#10542,#10543,#10544),.UNSPECIFIED.,.F.,.F.,(8,8),(
    1.623317586408,1.692502262983),.PIECEWISE_BEZIER_KNOTS.);
#10537 = CARTESIAN_POINT('',(-7.1E-16,-1.41620504215));
#10538 = CARTESIAN_POINT('',(-6.029937831609E-02,-1.41285469188));
#10539 = CARTESIAN_POINT('',(-0.117561150266,-1.408853506611));
#10540 = CARTESIAN_POINT('',(-0.171352709075,-1.40426068088));
#10541 = CARTESIAN_POINT('',(-0.221526538296,-1.399143935243));
#10542 = CARTESIAN_POINT('',(-0.268175037638,-1.393567610664));
#10543 = CARTESIAN_POINT('',(-0.311479066439,-1.387588588316));
#10544 = CARTESIAN_POINT('',(-0.351668236108,-1.381256448027));
#10545 = ( GEOMETRIC_REPRESENTATION_CONTEXT(2) 
PARAMETRIC_REPRESENTATION_CONTEXT() REPRESENTATION_CONTEXT('2D SPACE',''
  ) );
#10546 = PCURVE('',#10547,#10552);
#10547 = PLANE('',#10548);
#10548 = AXIS2_PLACEMENT_3D('',#10549,#10550,#10551);
#10549 = CARTESIAN_POINT('',(5.765121441712,0.1975,13.453966502616));
#10550 = DIRECTION('',(-0.93605880101,0.33898332763,9.425616500203E-02)
  );
#10551 = DIRECTION('',(0.340499237924,0.940244792048,-3.469446951954E-18
    ));
#10552 = DEFINITIONAL_REPRESENTATION('',(#10553),#10557);
#10553 = CIRCLE('',#10554,6.491541668948);
#10554 = AXIS2_PLACEMENT_2D('',#10555,#10556);
#10555 = CARTESIAN_POINT('',(-0.531346423733,5.911529905436));
#10556 = DIRECTION('',(-1.,-3.454000895808E-18));
#10557 = ( GEOMETRIC_REPRESENTATION_CONTEXT(2) 
PARAMETRIC_REPRESENTATION_CONTEXT() REPRESENTATION_CONTEXT('2D SPACE',''
  ) );
#10558 = ORIENTED_EDGE('',*,*,#10559,.T.);
#10559 = EDGE_CURVE('',#10526,#10560,#10562,.T.);
#10560 = VERTEX_POINT('',#10561);
#10561 = CARTESIAN_POINT('',(6.575136792565,1.228363011664,
    13.716371473349));
#10562 = SURFACE_CURVE('',#10563,(#10568,#10592),.PCURVE_S1.);
#10563 = CIRCLE('',#10564,6.498872956057);
#10564 = AXIS2_PLACEMENT_3D('',#10565,#10566,#10567);
#10565 = CARTESIAN_POINT('',(4.841752916288,-7.839862027248E-02,
    7.590760967145));
#10566 = DIRECTION('',(-0.758047818829,0.647716775677,7.633140163198E-02
    ));
#10567 = DIRECTION('',(-0.649612017004,-0.760265892543,0.));
#10568 = PCURVE('',#10444,#10569);
#10569 = DEFINITIONAL_REPRESENTATION('',(#10570),#10591);
#10570 = B_SPLINE_CURVE_WITH_KNOTS('',7,(#10571,#10572,#10573,#10574,
    #10575,#10576,#10577,#10578,#10579,#10580,#10581,#10582,#10583,
    #10584,#10585,#10586,#10587,#10588,#10589,#10590),.UNSPECIFIED.,.F.,
  .F.,(8,6,6,8),(1.70647006337,1.778165923487,1.885709713661,
    1.993253503835),.UNSPECIFIED.);
#10571 = CARTESIAN_POINT('',(-0.255383972121,-1.405241395364));
#10572 = CARTESIAN_POINT('',(-0.291096815189,-1.396861125469));
#10573 = CARTESIAN_POINT('',(-0.322618788464,-1.388237680789));
#10574 = CARTESIAN_POINT('',(-0.350695489153,-1.379422764218));
#10575 = CARTESIAN_POINT('',(-0.375909204515,-1.370451993968));
#10576 = CARTESIAN_POINT('',(-0.398703099844,-1.361351827853));
#10577 = CARTESIAN_POINT('',(-0.419431421617,-1.352142548092));
#10578 = CARTESIAN_POINT('',(-0.466797477991,-1.328886482491));
#10579 = CARTESIAN_POINT('',(-0.491207970236,-1.314723268611));
#10580 = CARTESIAN_POINT('',(-0.512567719964,-1.300404322605));
#10581 = CARTESIAN_POINT('',(-0.531487346904,-1.285961837719));
#10582 = CARTESIAN_POINT('',(-0.548411679634,-1.271419292218));
#10583 = CARTESIAN_POINT('',(-0.563671498619,-1.256793699439));
#10584 = CARTESIAN_POINT('',(-0.591375586237,-1.227402746957));
#10585 = CARTESIAN_POINT('',(-0.603819918904,-1.212637388601));
#10586 = CARTESIAN_POINT('',(-0.615112470586,-1.197815242156));
#10587 = CARTESIAN_POINT('',(-0.625436019378,-1.18294551539));
#10588 = CARTESIAN_POINT('',(-0.634929553806,-1.168035149609));
#10589 = CARTESIAN_POINT('',(-0.643705147078,-1.153089730049));
#10590 = CARTESIAN_POINT('',(-0.651852343131,-1.138113686854));
#10591 = ( GEOMETRIC_REPRESENTATION_CONTEXT(2) 
PARAMETRIC_REPRESENTATION_CONTEXT() REPRESENTATION_CONTEXT('2D SPACE',''
  ) );
#10592 = PCURVE('',#10593,#10598);
#10593 = PLANE('',#10594);
#10594 = AXIS2_PLACEMENT_3D('',#10595,#10596,#10597);
#10595 = CARTESIAN_POINT('',(7.360898915041,2.17889420893,
    13.453966502616));
#10596 = DIRECTION('',(-0.758047818829,0.647716775677,7.633140163198E-02
    ));
#10597 = DIRECTION('',(0.649612017004,0.760265892543,1.387778780781E-17)
  );
#10598 = DEFINITIONAL_REPRESENTATION('',(#10599),#10603);
#10599 = CIRCLE('',#10600,6.498872956057);
#10600 = AXIS2_PLACEMENT_2D('',#10601,#10602);
#10601 = CARTESIAN_POINT('',(-3.352610260902,5.88036147439));
#10602 = DIRECTION('',(-1.,-2.079643750726E-17));
#10603 = ( GEOMETRIC_REPRESENTATION_CONTEXT(2) 
PARAMETRIC_REPRESENTATION_CONTEXT() REPRESENTATION_CONTEXT('2D SPACE',''
  ) );
#10604 = ORIENTED_EDGE('',*,*,#10605,.F.);
#10605 = EDGE_CURVE('',#10606,#10560,#10608,.T.);
#10606 = VERTEX_POINT('',#10607);
#10607 = CARTESIAN_POINT('',(5.978363011664,1.825136792565,
    13.716371473349));
#10608 = SURFACE_CURVE('',#10609,(#10614,#10621),.PCURVE_S1.);
#10609 = CIRCLE('',#10610,2.2);
#10610 = AXIS2_PLACEMENT_3D('',#10611,#10612,#10613);
#10611 = CARTESIAN_POINT('',(4.75,0.,13.716371473349));
#10612 = DIRECTION('',(7.E-17,0.,-1.));
#10613 = DIRECTION('',(1.,0.,7.E-17));
#10614 = PCURVE('',#10444,#10615);
#10615 = DEFINITIONAL_REPRESENTATION('',(#10616),#10620);
#10616 = LINE('',#10617,#10618);
#10617 = CARTESIAN_POINT('',(-6.28318530718,-1.225514867309));
#10618 = VECTOR('',#10619,1.);
#10619 = DIRECTION('',(1.,-0.));
#10620 = ( GEOMETRIC_REPRESENTATION_CONTEXT(2) 
PARAMETRIC_REPRESENTATION_CONTEXT() REPRESENTATION_CONTEXT('2D SPACE',''
  ) );
#10621 = PCURVE('',#10622,#10627);
#10622 = CONICAL_SURFACE('',#10623,2.748439768859,0.462512251778);
#10623 = AXIS2_PLACEMENT_3D('',#10624,#10625,#10626);
#10624 = CARTESIAN_POINT('',(4.75,0.,14.816371473349));
#10625 = DIRECTION('',(0.,0.,1.));
#10626 = DIRECTION('',(1.,0.,0.));
#10627 = DEFINITIONAL_REPRESENTATION('',(#10628),#10632);
#10628 = LINE('',#10629,#10630);
#10629 = CARTESIAN_POINT('',(6.28318530718,-1.1));
#10630 = VECTOR('',#10631,1.);
#10631 = DIRECTION('',(-1.,-0.));
#10632 = ( GEOMETRIC_REPRESENTATION_CONTEXT(2) 
PARAMETRIC_REPRESENTATION_CONTEXT() REPRESENTATION_CONTEXT('2D SPACE',''
  ) );
#10633 = ORIENTED_EDGE('',*,*,#10634,.T.);
#10634 = EDGE_CURVE('',#10606,#10635,#10637,.T.);
#10635 = VERTEX_POINT('',#10636);
#10636 = CARTESIAN_POINT('',(5.145,1.140316615925,13.986990920257));
#10637 = SURFACE_CURVE('',#10638,(#10643,#10667),.PCURVE_S1.);
#10638 = CIRCLE('',#10639,6.498872956057);
#10639 = AXIS2_PLACEMENT_3D('',#10640,#10641,#10642);
#10640 = CARTESIAN_POINT('',(4.671601379728,9.175291628769E-02,
    7.590760967145));
#10641 = DIRECTION('',(0.647716775677,-0.758047818829,7.633140163198E-02
    ));
#10642 = DIRECTION('',(0.760265892543,0.649612017004,-6.938893903907E-18
    ));
#10643 = PCURVE('',#10444,#10644);
#10644 = DEFINITIONAL_REPRESENTATION('',(#10645),#10666);
#10645 = B_SPLINE_CURVE_WITH_KNOTS('',7,(#10646,#10647,#10648,#10649,
    #10650,#10651,#10652,#10653,#10654,#10655,#10656,#10657,#10658,
    #10659,#10660,#10661,#10662,#10663,#10664,#10665),.UNSPECIFIED.,.F.,
  .F.,(8,6,6,8),(1.148339149755,1.291730869987,1.363426730103,
    1.435122590219),.UNSPECIFIED.);
#10646 = CARTESIAN_POINT('',(-0.918943983664,-1.138113686854));
#10647 = CARTESIAN_POINT('',(-0.929806911734,-1.158081744447));
#10648 = CARTESIAN_POINT('',(-0.941786757503,-1.177995374971));
#10649 = CARTESIAN_POINT('',(-0.955097566033,-1.197843962512));
#10650 = CARTESIAN_POINT('',(-0.970016454551,-1.217613760101));
#10651 = CARTESIAN_POINT('',(-0.986930319729,-1.237285243869));
#10652 = CARTESIAN_POINT('',(-1.006369852554,-1.256831748414));
#10653 = CARTESIAN_POINT('',(-1.04068625542,-1.285892602879));
#10654 = CARTESIAN_POINT('',(-1.052984635091,-1.295536398397));
#10655 = CARTESIAN_POINT('',(-1.066256565774,-1.305131096872));
#10656 = CARTESIAN_POINT('',(-1.080640840617,-1.314669357443));
#10657 = CARTESIAN_POINT('',(-1.096307455279,-1.324142126905));
#10658 = CARTESIAN_POINT('',(-1.113472060078,-1.333537695611));
#10659 = CARTESIAN_POINT('',(-1.151364905178,-1.352142548092));
#10660 = CARTESIAN_POINT('',(-1.172093226951,-1.361351827854));
#10661 = CARTESIAN_POINT('',(-1.194887122279,-1.370451993968));
#10662 = CARTESIAN_POINT('',(-1.220100837643,-1.379422764218));
#10663 = CARTESIAN_POINT('',(-1.24817753833,-1.388237680789));
#10664 = CARTESIAN_POINT('',(-1.279699511606,-1.396861125469));
#10665 = CARTESIAN_POINT('',(-1.315412354674,-1.405241395364));
#10666 = ( GEOMETRIC_REPRESENTATION_CONTEXT(2) 
PARAMETRIC_REPRESENTATION_CONTEXT() REPRESENTATION_CONTEXT('2D SPACE',''
  ) );
#10667 = PCURVE('',#10668,#10673);
#10668 = PLANE('',#10669);
#10669 = AXIS2_PLACEMENT_3D('',#10670,#10671,#10672);
#10670 = CARTESIAN_POINT('',(6.92889420893,2.610898915041,
    13.453966502616));
#10671 = DIRECTION('',(0.647716775677,-0.758047818829,7.633140163198E-02
    ));
#10672 = DIRECTION('',(-0.760265892543,-0.649612017004,
    -1.387778780781E-17));
#10673 = DEFINITIONAL_REPRESENTATION('',(#10674),#10678);
#10674 = CIRCLE('',#10675,6.498872956057);
#10675 = AXIS2_PLACEMENT_2D('',#10676,#10677);
#10676 = CARTESIAN_POINT('',(3.352610260902,5.88036147439));
#10677 = DIRECTION('',(-1.,3.463373690616E-17));
#10678 = ( GEOMETRIC_REPRESENTATION_CONTEXT(2) 
PARAMETRIC_REPRESENTATION_CONTEXT() REPRESENTATION_CONTEXT('2D SPACE',''
  ) );
#10679 = ORIENTED_EDGE('',*,*,#10680,.T.);
#10680 = EDGE_CURVE('',#10635,#10681,#10683,.T.);
#10681 = VERTEX_POINT('',#10682);
#10682 = CARTESIAN_POINT('',(4.75,1.000845761008,14.022484547484));
#10683 = SURFACE_CURVE('',#10684,(#10689,#10702),.PCURVE_S1.);
#10684 = CIRCLE('',#10685,6.491541668948);
#10685 = AXIS2_PLACEMENT_3D('',#10686,#10687,#10688);
#10686 = CARTESIAN_POINT('',(4.637629833735,0.310295741794,7.56875486176
    ));
#10687 = DIRECTION('',(0.33898332763,-0.93605880101,9.425616500203E-02)
  );
#10688 = DIRECTION('',(0.940244792048,0.340499237924,0.));
#10689 = PCURVE('',#10444,#10690);
#10690 = DEFINITIONAL_REPRESENTATION('',(#10691),#10701);
#10691 = B_SPLINE_CURVE_WITH_KNOTS('',8,(#10692,#10693,#10694,#10695,
    #10696,#10697,#10698,#10699,#10700),.UNSPECIFIED.,.F.,.F.,(9,9),(
    1.449090390607,1.532233995978),.PIECEWISE_BEZIER_KNOTS.);
#10692 = CARTESIAN_POINT('',(-1.219128090687,-1.381256448027));
#10693 = CARTESIAN_POINT('',(-1.261388726278,-1.387914965122));
#10694 = CARTESIAN_POINT('',(-1.307023419636,-1.394190985801));
#10695 = CARTESIAN_POINT('',(-1.356280296302,-1.400030788639));
#10696 = CARTESIAN_POINT('',(-1.409361145242,-1.405372746977));
#10697 = CARTESIAN_POINT('',(-1.466367906579,-1.410148219819));
#10698 = CARTESIAN_POINT('',(-1.527213681848,-1.414282528745));
#10699 = CARTESIAN_POINT('',(-1.591467740111,-1.417705814085));
#10700 = CARTESIAN_POINT('',(-1.658416176287,-1.420364024326));
#10701 = ( GEOMETRIC_REPRESENTATION_CONTEXT(2) 
PARAMETRIC_REPRESENTATION_CONTEXT() REPRESENTATION_CONTEXT('2D SPACE',''
  ) );
#10702 = PCURVE('',#10703,#10708);
#10703 = PLANE('',#10704);
#10704 = AXIS2_PLACEMENT_3D('',#10705,#10706,#10707);
#10705 = CARTESIAN_POINT('',(4.9475,1.015121441712,13.453966502616));
#10706 = DIRECTION('',(0.33898332763,-0.93605880101,9.425616500203E-02)
  );
#10707 = DIRECTION('',(-0.940244792048,-0.340499237924,
    3.469446951954E-18));
#10708 = DEFINITIONAL_REPRESENTATION('',(#10709),#10713);
#10709 = CIRCLE('',#10710,6.491541668948);
#10710 = AXIS2_PLACEMENT_2D('',#10711,#10712);
#10711 = CARTESIAN_POINT('',(0.531346423733,5.911529905436));
#10712 = DIRECTION('',(-1.,1.036200268742E-17));
#10713 = ( GEOMETRIC_REPRESENTATION_CONTEXT(2) 
PARAMETRIC_REPRESENTATION_CONTEXT() REPRESENTATION_CONTEXT('2D SPACE',''
  ) );
#10714 = ORIENTED_EDGE('',*,*,#10715,.T.);
#10715 = EDGE_CURVE('',#10681,#10716,#10718,.T.);
#10716 = VERTEX_POINT('',#10717);
#10717 = CARTESIAN_POINT('',(4.355,1.140316615925,13.986990920257));
#10718 = SURFACE_CURVE('',#10719,(#10724,#10737),.PCURVE_S1.);
#10719 = CIRCLE('',#10720,6.491541668948);
#10720 = AXIS2_PLACEMENT_3D('',#10721,#10722,#10723);
#10721 = CARTESIAN_POINT('',(4.862370166265,0.310295741794,7.56875486176
    ));
#10722 = DIRECTION('',(-0.33898332763,-0.93605880101,9.425616500203E-02)
  );
#10723 = DIRECTION('',(0.940244792048,-0.340499237924,6.938893903907E-18
    ));
#10724 = PCURVE('',#10444,#10725);
#10725 = DEFINITIONAL_REPRESENTATION('',(#10726),#10736);
#10726 = B_SPLINE_CURVE_WITH_KNOTS('',8,(#10727,#10728,#10729,#10730,
    #10731,#10732,#10733,#10734,#10735),.UNSPECIFIED.,.F.,.F.,(9,9),(
    1.609358657612,1.692502262983),.PIECEWISE_BEZIER_KNOTS.);
#10727 = CARTESIAN_POINT('',(-1.483176477303,-1.420364024326));
#10728 = CARTESIAN_POINT('',(-1.550124913479,-1.417705814085));
#10729 = CARTESIAN_POINT('',(-1.614378971738,-1.414282528745));
#10730 = CARTESIAN_POINT('',(-1.675224747008,-1.410148219817));
#10731 = CARTESIAN_POINT('',(-1.732231508346,-1.405372746984));
#10732 = CARTESIAN_POINT('',(-1.785312357287,-1.40003078864));
#10733 = CARTESIAN_POINT('',(-1.83456923395,-1.394190985802));
#10734 = CARTESIAN_POINT('',(-1.880203927312,-1.387914965122));
#10735 = CARTESIAN_POINT('',(-1.922464562902,-1.381256448027));
#10736 = ( GEOMETRIC_REPRESENTATION_CONTEXT(2) 
PARAMETRIC_REPRESENTATION_CONTEXT() REPRESENTATION_CONTEXT('2D SPACE',''
  ) );
#10737 = PCURVE('',#10738,#10743);
#10738 = PLANE('',#10739);
#10739 = AXIS2_PLACEMENT_3D('',#10740,#10741,#10742);
#10740 = CARTESIAN_POINT('',(4.5525,1.015121441712,13.453966502616));
#10741 = DIRECTION('',(-0.33898332763,-0.93605880101,9.425616500203E-02)
  );
#10742 = DIRECTION('',(-0.940244792048,0.340499237924,
    -3.469446951954E-18));
#10743 = DEFINITIONAL_REPRESENTATION('',(#10744),#10748);
#10744 = CIRCLE('',#10745,6.491541668948);
#10745 = AXIS2_PLACEMENT_2D('',#10746,#10747);
#10746 = CARTESIAN_POINT('',(-0.531346423733,5.911529905436));
#10747 = DIRECTION('',(-1.,1.039289479972E-17));
#10748 = ( GEOMETRIC_REPRESENTATION_CONTEXT(2) 
PARAMETRIC_REPRESENTATION_CONTEXT() REPRESENTATION_CONTEXT('2D SPACE',''
  ) );
#10749 = ORIENTED_EDGE('',*,*,#10750,.T.);
#10750 = EDGE_CURVE('',#10716,#10751,#10753,.T.);
#10751 = VERTEX_POINT('',#10752);
#10752 = CARTESIAN_POINT('',(3.521636988336,1.825136792565,
    13.716371473349));
#10753 = SURFACE_CURVE('',#10754,(#10759,#10783),.PCURVE_S1.);
#10754 = CIRCLE('',#10755,6.498872956057);
#10755 = AXIS2_PLACEMENT_3D('',#10756,#10757,#10758);
#10756 = CARTESIAN_POINT('',(4.828398620272,9.175291628769E-02,
    7.590760967145));
#10757 = DIRECTION('',(-0.647716775677,-0.758047818829,
    7.633140163198E-02));
#10758 = DIRECTION('',(0.760265892543,-0.649612017004,
    -2.081668171172E-17));
#10759 = PCURVE('',#10444,#10760);
#10760 = DEFINITIONAL_REPRESENTATION('',(#10761),#10782);
#10761 = B_SPLINE_CURVE_WITH_KNOTS('',7,(#10762,#10763,#10764,#10765,
    #10766,#10767,#10768,#10769,#10770,#10771,#10772,#10773,#10774,
    #10775,#10776,#10777,#10778,#10779,#10780,#10781),.UNSPECIFIED.,.F.,
  .F.,(8,6,6,8),(1.70647006337,1.778165923487,1.885709713661,
    1.993253503835),.UNSPECIFIED.);
#10762 = CARTESIAN_POINT('',(-1.826180298916,-1.405241395364));
#10763 = CARTESIAN_POINT('',(-1.861893141984,-1.396861125469));
#10764 = CARTESIAN_POINT('',(-1.893415115259,-1.388237680789));
#10765 = CARTESIAN_POINT('',(-1.921491815948,-1.379422764218));
#10766 = CARTESIAN_POINT('',(-1.94670553131,-1.370451993968));
#10767 = CARTESIAN_POINT('',(-1.969499426638,-1.361351827854));
#10768 = CARTESIAN_POINT('',(-1.990227748412,-1.352142548092));
#10769 = CARTESIAN_POINT('',(-2.037593804786,-1.328886482491));
#10770 = CARTESIAN_POINT('',(-2.06200429703,-1.314723268611));
#10771 = CARTESIAN_POINT('',(-2.083364046761,-1.300404322606));
#10772 = CARTESIAN_POINT('',(-2.102283673698,-1.285961837718));
#10773 = CARTESIAN_POINT('',(-2.119208006429,-1.271419292218));
#10774 = CARTESIAN_POINT('',(-2.134467825414,-1.256793699439));
#10775 = CARTESIAN_POINT('',(-2.162171913032,-1.227402746957));
#10776 = CARTESIAN_POINT('',(-2.174616245699,-1.212637388601));
#10777 = CARTESIAN_POINT('',(-2.18590879738,-1.197815242156));
#10778 = CARTESIAN_POINT('',(-2.196232346173,-1.18294551539));
#10779 = CARTESIAN_POINT('',(-2.205725880601,-1.168035149609));
#10780 = CARTESIAN_POINT('',(-2.214501473873,-1.153089730049));
#10781 = CARTESIAN_POINT('',(-2.222648669926,-1.138113686854));
#10782 = ( GEOMETRIC_REPRESENTATION_CONTEXT(2) 
PARAMETRIC_REPRESENTATION_CONTEXT() REPRESENTATION_CONTEXT('2D SPACE',''
  ) );
#10783 = PCURVE('',#10784,#10789);
#10784 = PLANE('',#10785);
#10785 = AXIS2_PLACEMENT_3D('',#10786,#10787,#10788);
#10786 = CARTESIAN_POINT('',(2.57110579107,2.610898915041,
    13.453966502616));
#10787 = DIRECTION('',(-0.647716775677,-0.758047818829,
    7.633140163198E-02));
#10788 = DIRECTION('',(-0.760265892543,0.649612017004,1.387778780781E-17
    ));
#10789 = DEFINITIONAL_REPRESENTATION('',(#10790),#10794);
#10790 = CIRCLE('',#10791,6.498872956057);
#10791 = AXIS2_PLACEMENT_2D('',#10792,#10793);
#10792 = CARTESIAN_POINT('',(-3.352610260902,5.88036147439));
#10793 = DIRECTION('',(-1.,2.067497228052E-17));
#10794 = ( GEOMETRIC_REPRESENTATION_CONTEXT(2) 
PARAMETRIC_REPRESENTATION_CONTEXT() REPRESENTATION_CONTEXT('2D SPACE',''
  ) );
#10795 = ORIENTED_EDGE('',*,*,#10796,.F.);
#10796 = EDGE_CURVE('',#10797,#10751,#10799,.T.);
#10797 = VERTEX_POINT('',#10798);
#10798 = CARTESIAN_POINT('',(2.924863207435,1.228363011664,
    13.716371473349));
#10799 = SURFACE_CURVE('',#10800,(#10805,#10812),.PCURVE_S1.);
#10800 = CIRCLE('',#10801,2.2);
#10801 = AXIS2_PLACEMENT_3D('',#10802,#10803,#10804);
#10802 = CARTESIAN_POINT('',(4.75,0.,13.716371473349));
#10803 = DIRECTION('',(7.E-17,0.,-1.));
#10804 = DIRECTION('',(1.,0.,7.E-17));
#10805 = PCURVE('',#10444,#10806);
#10806 = DEFINITIONAL_REPRESENTATION('',(#10807),#10811);
#10807 = LINE('',#10808,#10809);
#10808 = CARTESIAN_POINT('',(-6.28318530718,-1.225514867309));
#10809 = VECTOR('',#10810,1.);
#10810 = DIRECTION('',(1.,-0.));
#10811 = ( GEOMETRIC_REPRESENTATION_CONTEXT(2) 
PARAMETRIC_REPRESENTATION_CONTEXT() REPRESENTATION_CONTEXT('2D SPACE',''
  ) );
#10812 = PCURVE('',#10813,#10818);
#10813 = CONICAL_SURFACE('',#10814,2.748439768859,0.462512251778);
#10814 = AXIS2_PLACEMENT_3D('',#10815,#10816,#10817);
#10815 = CARTESIAN_POINT('',(4.75,0.,14.816371473349));
#10816 = DIRECTION('',(0.,0.,1.));
#10817 = DIRECTION('',(1.,0.,0.));
#10818 = DEFINITIONAL_REPRESENTATION('',(#10819),#10823);
#10819 = LINE('',#10820,#10821);
#10820 = CARTESIAN_POINT('',(6.28318530718,-1.1));
#10821 = VECTOR('',#10822,1.);
#10822 = DIRECTION('',(-1.,-0.));
#10823 = ( GEOMETRIC_REPRESENTATION_CONTEXT(2) 
PARAMETRIC_REPRESENTATION_CONTEXT() REPRESENTATION_CONTEXT('2D SPACE',''
  ) );
#10824 = ORIENTED_EDGE('',*,*,#10825,.T.);
#10825 = EDGE_CURVE('',#10797,#10826,#10828,.T.);
#10826 = VERTEX_POINT('',#10827);
#10827 = CARTESIAN_POINT('',(3.609683384075,0.395,13.986990920257));
#10828 = SURFACE_CURVE('',#10829,(#10834,#10858),.PCURVE_S1.);
#10829 = CIRCLE('',#10830,6.498872956057);
#10830 = AXIS2_PLACEMENT_3D('',#10831,#10832,#10833);
#10831 = CARTESIAN_POINT('',(4.658247083712,-7.839862027248E-02,
    7.590760967145));
#10832 = DIRECTION('',(0.758047818829,0.647716775677,7.633140163198E-02)
  );
#10833 = DIRECTION('',(-0.649612017004,0.760265892543,
    -6.938893903907E-18));
#10834 = PCURVE('',#10444,#10835);
#10835 = DEFINITIONAL_REPRESENTATION('',(#10836),#10857);
#10836 = B_SPLINE_CURVE_WITH_KNOTS('',7,(#10837,#10838,#10839,#10840,
    #10841,#10842,#10843,#10844,#10845,#10846,#10847,#10848,#10849,
    #10850,#10851,#10852,#10853,#10854,#10855,#10856),.UNSPECIFIED.,.F.,
  .F.,(8,6,6,8),(1.148339149755,1.291730869987,1.363426730103,
    1.435122590219),.UNSPECIFIED.);
#10837 = CARTESIAN_POINT('',(-2.489740310459,-1.138113686854));
#10838 = CARTESIAN_POINT('',(-2.500603238529,-1.158081744447));
#10839 = CARTESIAN_POINT('',(-2.512583084298,-1.177995374972));
#10840 = CARTESIAN_POINT('',(-2.525893892827,-1.197843962512));
#10841 = CARTESIAN_POINT('',(-2.540812781347,-1.217613760101));
#10842 = CARTESIAN_POINT('',(-2.557726646524,-1.237285243869));
#10843 = CARTESIAN_POINT('',(-2.577166179349,-1.256831748414));
#10844 = CARTESIAN_POINT('',(-2.611482582215,-1.285892602879));
#10845 = CARTESIAN_POINT('',(-2.623780961886,-1.295536398397));
#10846 = CARTESIAN_POINT('',(-2.637052892569,-1.305131096872));
#10847 = CARTESIAN_POINT('',(-2.651437167412,-1.314669357443));
#10848 = CARTESIAN_POINT('',(-2.667103782074,-1.324142126905));
#10849 = CARTESIAN_POINT('',(-2.684268386873,-1.333537695611));
#10850 = CARTESIAN_POINT('',(-2.722161231973,-1.352142548092));
#10851 = CARTESIAN_POINT('',(-2.742889553746,-1.361351827853));
#10852 = CARTESIAN_POINT('',(-2.765683449076,-1.370451993968));
#10853 = CARTESIAN_POINT('',(-2.790897164437,-1.379422764218));
#10854 = CARTESIAN_POINT('',(-2.818973865126,-1.388237680789));
#10855 = CARTESIAN_POINT('',(-2.850495838401,-1.396861125469));
#10856 = CARTESIAN_POINT('',(-2.886208681469,-1.405241395364));
#10857 = ( GEOMETRIC_REPRESENTATION_CONTEXT(2) 
PARAMETRIC_REPRESENTATION_CONTEXT() REPRESENTATION_CONTEXT('2D SPACE',''
  ) );
#10858 = PCURVE('',#10859,#10864);
#10859 = PLANE('',#10860);
#10860 = AXIS2_PLACEMENT_3D('',#10861,#10862,#10863);
#10861 = CARTESIAN_POINT('',(2.139101084959,2.17889420893,
    13.453966502616));
#10862 = DIRECTION('',(0.758047818829,0.647716775677,7.633140163198E-02)
  );
#10863 = DIRECTION('',(0.649612017004,-0.760265892543,
    -1.387778780781E-17));
#10864 = DEFINITIONAL_REPRESENTATION('',(#10865),#10869);
#10865 = CIRCLE('',#10866,6.498872956057);
#10866 = AXIS2_PLACEMENT_2D('',#10867,#10868);
#10867 = CARTESIAN_POINT('',(3.352610260902,5.88036147439));
#10868 = DIRECTION('',(-1.,3.463373690616E-17));
#10869 = ( GEOMETRIC_REPRESENTATION_CONTEXT(2) 
PARAMETRIC_REPRESENTATION_CONTEXT() REPRESENTATION_CONTEXT('2D SPACE',''
  ) );
#10870 = ORIENTED_EDGE('',*,*,#10871,.T.);
#10871 = EDGE_CURVE('',#10826,#10872,#10874,.T.);
#10872 = VERTEX_POINT('',#10873);
#10873 = CARTESIAN_POINT('',(3.749154238992,0.,14.022484547484));
#10874 = SURFACE_CURVE('',#10875,(#10880,#10893),.PCURVE_S1.);
#10875 = CIRCLE('',#10876,6.491541668948);
#10876 = AXIS2_PLACEMENT_3D('',#10877,#10878,#10879);
#10877 = CARTESIAN_POINT('',(4.439704258206,-0.112370166265,
    7.56875486176));
#10878 = DIRECTION('',(0.93605880101,0.33898332763,9.425616500203E-02));
#10879 = DIRECTION('',(-0.340499237924,0.940244792048,0.));
#10880 = PCURVE('',#10444,#10881);
#10881 = DEFINITIONAL_REPRESENTATION('',(#10882),#10892);
#10882 = B_SPLINE_CURVE_WITH_KNOTS('',8,(#10883,#10884,#10885,#10886,
    #10887,#10888,#10889,#10890,#10891),.UNSPECIFIED.,.F.,.F.,(9,9),(
    1.449090390607,1.532233995978),.PIECEWISE_BEZIER_KNOTS.);
#10883 = CARTESIAN_POINT('',(-2.789924417482,-1.381256448027));
#10884 = CARTESIAN_POINT('',(-2.832185053072,-1.387914965122));
#10885 = CARTESIAN_POINT('',(-2.877819746431,-1.394190985802));
#10886 = CARTESIAN_POINT('',(-2.927076623093,-1.40003078864));
#10887 = CARTESIAN_POINT('',(-2.980157472046,-1.405372746984));
#10888 = CARTESIAN_POINT('',(-3.037164233368,-1.410148219817));
#10889 = CARTESIAN_POINT('',(-3.098010008646,-1.414282528745));
#10890 = CARTESIAN_POINT('',(-3.162264066906,-1.417705814085));
#10891 = CARTESIAN_POINT('',(-3.229212503082,-1.420364024326));
#10892 = ( GEOMETRIC_REPRESENTATION_CONTEXT(2) 
PARAMETRIC_REPRESENTATION_CONTEXT() REPRESENTATION_CONTEXT('2D SPACE',''
  ) );
#10893 = PCURVE('',#10894,#10899);
#10894 = PLANE('',#10895);
#10895 = AXIS2_PLACEMENT_3D('',#10896,#10897,#10898);
#10896 = CARTESIAN_POINT('',(3.734878558288,0.1975,13.453966502616));
#10897 = DIRECTION('',(0.93605880101,0.33898332763,9.425616500203E-02));
#10898 = DIRECTION('',(0.340499237924,-0.940244792048,3.469446951954E-18
    ));
#10899 = DEFINITIONAL_REPRESENTATION('',(#10900),#10904);
#10900 = CIRCLE('',#10901,6.491541668948);
#10901 = AXIS2_PLACEMENT_2D('',#10902,#10903);
#10902 = CARTESIAN_POINT('',(0.531346423733,5.911529905436));
#10903 = DIRECTION('',(-1.,1.036200268742E-17));
#10904 = ( GEOMETRIC_REPRESENTATION_CONTEXT(2) 
PARAMETRIC_REPRESENTATION_CONTEXT() REPRESENTATION_CONTEXT('2D SPACE',''
  ) );
#10905 = ORIENTED_EDGE('',*,*,#10906,.T.);
#10906 = EDGE_CURVE('',#10872,#10907,#10909,.T.);
#10907 = VERTEX_POINT('',#10908);
#10908 = CARTESIAN_POINT('',(3.609683384075,-0.395,13.986990920257));
#10909 = SURFACE_CURVE('',#10910,(#10915,#10928),.PCURVE_S1.);
#10910 = CIRCLE('',#10911,6.491541668948);
#10911 = AXIS2_PLACEMENT_3D('',#10912,#10913,#10914);
#10912 = CARTESIAN_POINT('',(4.439704258206,0.112370166265,7.56875486176
    ));
#10913 = DIRECTION('',(0.93605880101,-0.33898332763,9.425616500203E-02)
  );
#10914 = DIRECTION('',(0.340499237924,0.940244792048,6.938893903907E-18)
  );
#10915 = PCURVE('',#10444,#10916);
#10916 = DEFINITIONAL_REPRESENTATION('',(#10917),#10927);
#10917 = B_SPLINE_CURVE_WITH_KNOTS('',8,(#10918,#10919,#10920,#10921,
    #10922,#10923,#10924,#10925,#10926),.UNSPECIFIED.,.F.,.F.,(9,9),(
    1.609358657612,1.692502262983),.PIECEWISE_BEZIER_KNOTS.);
#10918 = CARTESIAN_POINT('',(-3.053972804098,-1.420364024326));
#10919 = CARTESIAN_POINT('',(-3.120921240273,-1.417705814085));
#10920 = CARTESIAN_POINT('',(-3.185175298537,-1.414282528745));
#10921 = CARTESIAN_POINT('',(-3.246021073805,-1.410148219817));
#10922 = CARTESIAN_POINT('',(-3.303027835147,-1.405372746984));
#10923 = CARTESIAN_POINT('',(-3.356108684076,-1.40003078864));
#10924 = CARTESIAN_POINT('',(-3.405365560748,-1.394190985802));
#10925 = CARTESIAN_POINT('',(-3.451000254107,-1.387914965122));
#10926 = CARTESIAN_POINT('',(-3.493260889697,-1.381256448027));
#10927 = ( GEOMETRIC_REPRESENTATION_CONTEXT(2) 
PARAMETRIC_REPRESENTATION_CONTEXT() REPRESENTATION_CONTEXT('2D SPACE',''
  ) );
#10928 = PCURVE('',#10929,#10934);
#10929 = PLANE('',#10930);
#10930 = AXIS2_PLACEMENT_3D('',#10931,#10932,#10933);
#10931 = CARTESIAN_POINT('',(3.734878558288,-0.1975,13.453966502616));
#10932 = DIRECTION('',(0.93605880101,-0.33898332763,9.425616500203E-02)
  );
#10933 = DIRECTION('',(-0.340499237924,-0.940244792048,
    -3.469446951954E-18));
#10934 = DEFINITIONAL_REPRESENTATION('',(#10935),#10939);
#10935 = CIRCLE('',#10936,6.491541668948);
#10936 = AXIS2_PLACEMENT_2D('',#10937,#10938);
#10937 = CARTESIAN_POINT('',(-0.531346423733,5.911529905436));
#10938 = DIRECTION('',(-1.,1.039289479972E-17));
#10939 = ( GEOMETRIC_REPRESENTATION_CONTEXT(2) 
PARAMETRIC_REPRESENTATION_CONTEXT() REPRESENTATION_CONTEXT('2D SPACE',''
  ) );
#10940 = ORIENTED_EDGE('',*,*,#10941,.T.);
#10941 = EDGE_CURVE('',#10907,#10942,#10944,.T.);
#10942 = VERTEX_POINT('',#10943);
#10943 = CARTESIAN_POINT('',(2.924863207435,-1.228363011664,
    13.716371473349));
#10944 = SURFACE_CURVE('',#10945,(#10950,#10974),.PCURVE_S1.);
#10945 = CIRCLE('',#10946,6.498872956057);
#10946 = AXIS2_PLACEMENT_3D('',#10947,#10948,#10949);
#10947 = CARTESIAN_POINT('',(4.658247083712,7.839862027248E-02,
    7.590760967145));
#10948 = DIRECTION('',(0.758047818829,-0.647716775677,7.633140163198E-02
    ));
#10949 = DIRECTION('',(0.649612017004,0.760265892543,-2.081668171172E-17
    ));
#10950 = PCURVE('',#10444,#10951);
#10951 = DEFINITIONAL_REPRESENTATION('',(#10952),#10973);
#10952 = B_SPLINE_CURVE_WITH_KNOTS('',7,(#10953,#10954,#10955,#10956,
    #10957,#10958,#10959,#10960,#10961,#10962,#10963,#10964,#10965,
    #10966,#10967,#10968,#10969,#10970,#10971,#10972),.UNSPECIFIED.,.F.,
  .F.,(8,6,6,8),(1.70647006337,1.778165923487,1.885709713661,
    1.993253503835),.UNSPECIFIED.);
#10953 = CARTESIAN_POINT('',(-3.396976625711,-1.405241395364));
#10954 = CARTESIAN_POINT('',(-3.432689468779,-1.396861125469));
#10955 = CARTESIAN_POINT('',(-3.464211442054,-1.388237680789));
#10956 = CARTESIAN_POINT('',(-3.492288142741,-1.379422764219));
#10957 = CARTESIAN_POINT('',(-3.517501858108,-1.370451993968));
#10958 = CARTESIAN_POINT('',(-3.540295753433,-1.361351827854));
#10959 = CARTESIAN_POINT('',(-3.561024075207,-1.352142548092));
#10960 = CARTESIAN_POINT('',(-3.608390131581,-1.328886482491));
#10961 = CARTESIAN_POINT('',(-3.632800623825,-1.314723268611));
#10962 = CARTESIAN_POINT('',(-3.654160373555,-1.300404322605));
#10963 = CARTESIAN_POINT('',(-3.673080000493,-1.285961837718));
#10964 = CARTESIAN_POINT('',(-3.690004333224,-1.271419292218));
#10965 = CARTESIAN_POINT('',(-3.705264152209,-1.256793699439));
#10966 = CARTESIAN_POINT('',(-3.732968239827,-1.227402746957));
#10967 = CARTESIAN_POINT('',(-3.745412572494,-1.212637388601));
#10968 = CARTESIAN_POINT('',(-3.756705124175,-1.197815242156));
#10969 = CARTESIAN_POINT('',(-3.767028672968,-1.18294551539));
#10970 = CARTESIAN_POINT('',(-3.776522207395,-1.168035149609));
#10971 = CARTESIAN_POINT('',(-3.785297800668,-1.153089730049));
#10972 = CARTESIAN_POINT('',(-3.793444996721,-1.138113686854));
#10973 = ( GEOMETRIC_REPRESENTATION_CONTEXT(2) 
PARAMETRIC_REPRESENTATION_CONTEXT() REPRESENTATION_CONTEXT('2D SPACE',''
  ) );
#10974 = PCURVE('',#10975,#10980);
#10975 = PLANE('',#10976);
#10976 = AXIS2_PLACEMENT_3D('',#10977,#10978,#10979);
#10977 = CARTESIAN_POINT('',(2.139101084959,-2.17889420893,
    13.453966502616));
#10978 = DIRECTION('',(0.758047818829,-0.647716775677,7.633140163198E-02
    ));
#10979 = DIRECTION('',(-0.649612017004,-0.760265892543,
    1.387778780781E-17));
#10980 = DEFINITIONAL_REPRESENTATION('',(#10981),#10985);
#10981 = CIRCLE('',#10982,6.498872956057);
#10982 = AXIS2_PLACEMENT_2D('',#10983,#10984);
#10983 = CARTESIAN_POINT('',(-3.352610260902,5.88036147439));
#10984 = DIRECTION('',(-1.,2.067497228052E-17));
#10985 = ( GEOMETRIC_REPRESENTATION_CONTEXT(2) 
PARAMETRIC_REPRESENTATION_CONTEXT() REPRESENTATION_CONTEXT('2D SPACE',''
  ) );
#10986 = ORIENTED_EDGE('',*,*,#10987,.F.);
#10987 = EDGE_CURVE('',#10988,#10942,#10990,.T.);
#10988 = VERTEX_POINT('',#10989);
#10989 = CARTESIAN_POINT('',(3.521636988336,-1.825136792565,
    13.716371473349));
#10990 = SURFACE_CURVE('',#10991,(#10996,#11003),.PCURVE_S1.);
#10991 = CIRCLE('',#10992,2.2);
#10992 = AXIS2_PLACEMENT_3D('',#10993,#10994,#10995);
#10993 = CARTESIAN_POINT('',(4.75,0.,13.716371473349));
#10994 = DIRECTION('',(7.E-17,0.,-1.));
#10995 = DIRECTION('',(1.,0.,7.E-17));
#10996 = PCURVE('',#10444,#10997);
#10997 = DEFINITIONAL_REPRESENTATION('',(#10998),#11002);
#10998 = LINE('',#10999,#11000);
#10999 = CARTESIAN_POINT('',(-6.28318530718,-1.225514867309));
#11000 = VECTOR('',#11001,1.);
#11001 = DIRECTION('',(1.,-0.));
#11002 = ( GEOMETRIC_REPRESENTATION_CONTEXT(2) 
PARAMETRIC_REPRESENTATION_CONTEXT() REPRESENTATION_CONTEXT('2D SPACE',''
  ) );
#11003 = PCURVE('',#11004,#11009);
#11004 = CONICAL_SURFACE('',#11005,2.748439768859,0.462512251778);
#11005 = AXIS2_PLACEMENT_3D('',#11006,#11007,#11008);
#11006 = CARTESIAN_POINT('',(4.75,0.,14.816371473349));
#11007 = DIRECTION('',(0.,0.,1.));
#11008 = DIRECTION('',(1.,0.,0.));
#11009 = DEFINITIONAL_REPRESENTATION('',(#11010),#11014);
#11010 = LINE('',#11011,#11012);
#11011 = CARTESIAN_POINT('',(6.28318530718,-1.1));
#11012 = VECTOR('',#11013,1.);
#11013 = DIRECTION('',(-1.,-0.));
#11014 = ( GEOMETRIC_REPRESENTATION_CONTEXT(2) 
PARAMETRIC_REPRESENTATION_CONTEXT() REPRESENTATION_CONTEXT('2D SPACE',''
  ) );
#11015 = ORIENTED_EDGE('',*,*,#11016,.T.);
#11016 = EDGE_CURVE('',#10988,#11017,#11019,.T.);
#11017 = VERTEX_POINT('',#11018);
#11018 = CARTESIAN_POINT('',(4.355,-1.140316615925,13.986990920257));
#11019 = SURFACE_CURVE('',#11020,(#11025,#11049),.PCURVE_S1.);
#11020 = CIRCLE('',#11021,6.498872956057);
#11021 = AXIS2_PLACEMENT_3D('',#11022,#11023,#11024);
#11022 = CARTESIAN_POINT('',(4.828398620272,-9.175291628769E-02,
    7.590760967145));
#11023 = DIRECTION('',(-0.647716775677,0.758047818829,7.633140163198E-02
    ));
#11024 = DIRECTION('',(-0.760265892543,-0.649612017004,0.));
#11025 = PCURVE('',#10444,#11026);
#11026 = DEFINITIONAL_REPRESENTATION('',(#11027),#11048);
#11027 = B_SPLINE_CURVE_WITH_KNOTS('',7,(#11028,#11029,#11030,#11031,
    #11032,#11033,#11034,#11035,#11036,#11037,#11038,#11039,#11040,
    #11041,#11042,#11043,#11044,#11045,#11046,#11047),.UNSPECIFIED.,.F.,
  .F.,(8,6,6,8),(1.148339149755,1.291730869987,1.363426730103,
    1.435122590219),.UNSPECIFIED.);
#11028 = CARTESIAN_POINT('',(-4.060536637254,-1.138113686854));
#11029 = CARTESIAN_POINT('',(-4.071399565324,-1.158081744447));
#11030 = CARTESIAN_POINT('',(-4.083379411093,-1.177995374971));
#11031 = CARTESIAN_POINT('',(-4.096690219622,-1.197843962512));
#11032 = CARTESIAN_POINT('',(-4.111609108141,-1.217613760101));
#11033 = CARTESIAN_POINT('',(-4.128522973319,-1.237285243869));
#11034 = CARTESIAN_POINT('',(-4.147962506144,-1.256831748414));
#11035 = CARTESIAN_POINT('',(-4.18227890901,-1.285892602879));
#11036 = CARTESIAN_POINT('',(-4.194577288681,-1.295536398397));
#11037 = CARTESIAN_POINT('',(-4.207849219364,-1.305131096872));
#11038 = CARTESIAN_POINT('',(-4.222233494207,-1.314669357443));
#11039 = CARTESIAN_POINT('',(-4.237900108869,-1.324142126905));
#11040 = CARTESIAN_POINT('',(-4.255064713668,-1.333537695611));
#11041 = CARTESIAN_POINT('',(-4.292957558768,-1.352142548092));
#11042 = CARTESIAN_POINT('',(-4.313685880541,-1.361351827853));
#11043 = CARTESIAN_POINT('',(-4.336479775871,-1.370451993969));
#11044 = CARTESIAN_POINT('',(-4.361693491232,-1.379422764218));
#11045 = CARTESIAN_POINT('',(-4.38977019192,-1.388237680789));
#11046 = CARTESIAN_POINT('',(-4.421292165196,-1.396861125469));
#11047 = CARTESIAN_POINT('',(-4.457005008264,-1.405241395364));
#11048 = ( GEOMETRIC_REPRESENTATION_CONTEXT(2) 
PARAMETRIC_REPRESENTATION_CONTEXT() REPRESENTATION_CONTEXT('2D SPACE',''
  ) );
#11049 = PCURVE('',#11050,#11055);
#11050 = PLANE('',#11051);
#11051 = AXIS2_PLACEMENT_3D('',#11052,#11053,#11054);
#11052 = CARTESIAN_POINT('',(2.57110579107,-2.610898915041,
    13.453966502616));
#11053 = DIRECTION('',(-0.647716775677,0.758047818829,7.633140163198E-02
    ));
#11054 = DIRECTION('',(0.760265892543,0.649612017004,-1.387778780781E-17
    ));
#11055 = DEFINITIONAL_REPRESENTATION('',(#11056),#11060);
#11056 = CIRCLE('',#11057,6.498872956057);
#11057 = AXIS2_PLACEMENT_2D('',#11058,#11059);
#11058 = CARTESIAN_POINT('',(3.352610260902,5.88036147439));
#11059 = DIRECTION('',(-1.,4.159287501453E-17));
#11060 = ( GEOMETRIC_REPRESENTATION_CONTEXT(2) 
PARAMETRIC_REPRESENTATION_CONTEXT() REPRESENTATION_CONTEXT('2D SPACE',''
  ) );
#11061 = ORIENTED_EDGE('',*,*,#11062,.T.);
#11062 = EDGE_CURVE('',#11017,#11063,#11065,.T.);
#11063 = VERTEX_POINT('',#11064);
#11064 = CARTESIAN_POINT('',(4.75,-1.000845761008,14.022484547484));
#11065 = SURFACE_CURVE('',#11066,(#11071,#11084),.PCURVE_S1.);
#11066 = CIRCLE('',#11067,6.491541668948);
#11067 = AXIS2_PLACEMENT_3D('',#11068,#11069,#11070);
#11068 = CARTESIAN_POINT('',(4.862370166265,-0.310295741794,
    7.56875486176));
#11069 = DIRECTION('',(-0.33898332763,0.93605880101,9.425616500203E-02)
  );
#11070 = DIRECTION('',(-0.940244792048,-0.340499237924,0.));
#11071 = PCURVE('',#10444,#11072);
#11072 = DEFINITIONAL_REPRESENTATION('',(#11073),#11083);
#11073 = B_SPLINE_CURVE_WITH_KNOTS('',8,(#11074,#11075,#11076,#11077,
    #11078,#11079,#11080,#11081,#11082),.UNSPECIFIED.,.F.,.F.,(9,9),(
    1.449090390607,1.532233995978),.PIECEWISE_BEZIER_KNOTS.);
#11074 = CARTESIAN_POINT('',(-4.360720744277,-1.381256448027));
#11075 = CARTESIAN_POINT('',(-4.402981379867,-1.387914965122));
#11076 = CARTESIAN_POINT('',(-4.448616073222,-1.394190985802));
#11077 = CARTESIAN_POINT('',(-4.497872949887,-1.400030788639));
#11078 = CARTESIAN_POINT('',(-4.550953798822,-1.405372746985));
#11079 = CARTESIAN_POINT('',(-4.607960560174,-1.410148219816));
#11080 = CARTESIAN_POINT('',(-4.668806335436,-1.414282528746));
#11081 = CARTESIAN_POINT('',(-4.733060393701,-1.417705814085));
#11082 = CARTESIAN_POINT('',(-4.800008829877,-1.420364024326));
#11083 = ( GEOMETRIC_REPRESENTATION_CONTEXT(2) 
PARAMETRIC_REPRESENTATION_CONTEXT() REPRESENTATION_CONTEXT('2D SPACE',''
  ) );
#11084 = PCURVE('',#11085,#11090);
#11085 = PLANE('',#11086);
#11086 = AXIS2_PLACEMENT_3D('',#11087,#11088,#11089);
#11087 = CARTESIAN_POINT('',(4.5525,-1.015121441712,13.453966502616));
#11088 = DIRECTION('',(-0.33898332763,0.93605880101,9.425616500203E-02)
  );
#11089 = DIRECTION('',(0.940244792048,0.340499237924,3.469446951954E-18)
  );
#11090 = DEFINITIONAL_REPRESENTATION('',(#11091),#11095);
#11091 = CIRCLE('',#11092,6.491541668948);
#11092 = AXIS2_PLACEMENT_2D('',#11093,#11094);
#11093 = CARTESIAN_POINT('',(0.531346423733,5.911529905436));
#11094 = DIRECTION('',(-1.,2.764745322261E-17));
#11095 = ( GEOMETRIC_REPRESENTATION_CONTEXT(2) 
PARAMETRIC_REPRESENTATION_CONTEXT() REPRESENTATION_CONTEXT('2D SPACE',''
  ) );
#11096 = ORIENTED_EDGE('',*,*,#11097,.T.);
#11097 = EDGE_CURVE('',#11063,#11098,#11100,.T.);
#11098 = VERTEX_POINT('',#11099);
#11099 = CARTESIAN_POINT('',(5.145,-1.140316615925,13.986990920257));
#11100 = SURFACE_CURVE('',#11101,(#11106,#11119),.PCURVE_S1.);
#11101 = CIRCLE('',#11102,6.491541668948);
#11102 = AXIS2_PLACEMENT_3D('',#11103,#11104,#11105);
#11103 = CARTESIAN_POINT('',(4.637629833735,-0.310295741794,
    7.56875486176));
#11104 = DIRECTION('',(0.33898332763,0.93605880101,9.425616500203E-02));
#11105 = DIRECTION('',(-0.940244792048,0.340499237924,
    -3.469446951954E-18));
#11106 = PCURVE('',#10444,#11107);
#11107 = DEFINITIONAL_REPRESENTATION('',(#11108),#11118);
#11108 = B_SPLINE_CURVE_WITH_KNOTS('',8,(#11109,#11110,#11111,#11112,
    #11113,#11114,#11115,#11116,#11117),.UNSPECIFIED.,.F.,.F.,(9,9),(
    1.609358657612,1.692502262983),.PIECEWISE_BEZIER_KNOTS.);
#11109 = CARTESIAN_POINT('',(-4.624769130892,-1.420364024326));
#11110 = CARTESIAN_POINT('',(-4.691717567068,-1.417705814085));
#11111 = CARTESIAN_POINT('',(-4.755971625323,-1.414282528745));
#11112 = CARTESIAN_POINT('',(-4.816817400611,-1.410148219817));
#11113 = CARTESIAN_POINT('',(-4.873824161888,-1.405372746984));
#11114 = CARTESIAN_POINT('',(-4.926905010889,-1.40003078864));
#11115 = CARTESIAN_POINT('',(-4.976161887535,-1.394190985802));
#11116 = CARTESIAN_POINT('',(-5.021796580902,-1.387914965122));
#11117 = CARTESIAN_POINT('',(-5.064057216492,-1.381256448027));
#11118 = ( GEOMETRIC_REPRESENTATION_CONTEXT(2) 
PARAMETRIC_REPRESENTATION_CONTEXT() REPRESENTATION_CONTEXT('2D SPACE',''
  ) );
#11119 = PCURVE('',#11120,#11125);
#11120 = PLANE('',#11121);
#11121 = AXIS2_PLACEMENT_3D('',#11122,#11123,#11124);
#11122 = CARTESIAN_POINT('',(4.9475,-1.015121441712,13.453966502616));
#11123 = DIRECTION('',(0.33898332763,0.93605880101,9.425616500203E-02));
#11124 = DIRECTION('',(0.940244792048,-0.340499237924,
    -3.469446951954E-18));
#11125 = DEFINITIONAL_REPRESENTATION('',(#11126),#11130);
#11126 = CIRCLE('',#11127,6.491541668948);
#11127 = AXIS2_PLACEMENT_2D('',#11128,#11129);
#11128 = CARTESIAN_POINT('',(-0.531346423733,5.911529905436));
#11129 = DIRECTION('',(-1.,2.417800627066E-17));
#11130 = ( GEOMETRIC_REPRESENTATION_CONTEXT(2) 
PARAMETRIC_REPRESENTATION_CONTEXT() REPRESENTATION_CONTEXT('2D SPACE',''
  ) );
#11131 = ORIENTED_EDGE('',*,*,#11132,.T.);
#11132 = EDGE_CURVE('',#11098,#11133,#11135,.T.);
#11133 = VERTEX_POINT('',#11134);
#11134 = CARTESIAN_POINT('',(5.978363011664,-1.825136792565,
    13.716371473349));
#11135 = SURFACE_CURVE('',#11136,(#11141,#11165),.PCURVE_S1.);
#11136 = CIRCLE('',#11137,6.498872956057);
#11137 = AXIS2_PLACEMENT_3D('',#11138,#11139,#11140);
#11138 = CARTESIAN_POINT('',(4.671601379728,-9.175291628769E-02,
    7.590760967145));
#11139 = DIRECTION('',(0.647716775677,0.758047818829,7.633140163198E-02)
  );
#11140 = DIRECTION('',(-0.760265892543,0.649612017004,
    -6.938893903907E-18));
#11141 = PCURVE('',#10444,#11142);
#11142 = DEFINITIONAL_REPRESENTATION('',(#11143),#11164);
#11143 = B_SPLINE_CURVE_WITH_KNOTS('',7,(#11144,#11145,#11146,#11147,
    #11148,#11149,#11150,#11151,#11152,#11153,#11154,#11155,#11156,
    #11157,#11158,#11159,#11160,#11161,#11162,#11163),.UNSPECIFIED.,.F.,
  .F.,(8,6,6,8),(1.70647006337,1.778165923487,1.885709713661,
    1.993253503835),.UNSPECIFIED.);
#11144 = CARTESIAN_POINT('',(-4.967772952506,-1.405241395364));
#11145 = CARTESIAN_POINT('',(-5.003485795574,-1.396861125469));
#11146 = CARTESIAN_POINT('',(-5.035007768849,-1.388237680789));
#11147 = CARTESIAN_POINT('',(-5.063084469535,-1.379422764218));
#11148 = CARTESIAN_POINT('',(-5.088298184902,-1.370451993968));
#11149 = CARTESIAN_POINT('',(-5.111092080228,-1.361351827854));
#11150 = CARTESIAN_POINT('',(-5.131820402001,-1.352142548092));
#11151 = CARTESIAN_POINT('',(-5.179186458376,-1.328886482491));
#11152 = CARTESIAN_POINT('',(-5.20359695062,-1.314723268611));
#11153 = CARTESIAN_POINT('',(-5.224956700351,-1.300404322605));
#11154 = CARTESIAN_POINT('',(-5.243876327289,-1.285961837718));
#11155 = CARTESIAN_POINT('',(-5.260800660019,-1.271419292218));
#11156 = CARTESIAN_POINT('',(-5.276060479004,-1.256793699439));
#11157 = CARTESIAN_POINT('',(-5.303764566622,-1.227402746957));
#11158 = CARTESIAN_POINT('',(-5.316208899289,-1.212637388601));
#11159 = CARTESIAN_POINT('',(-5.32750145097,-1.197815242156));
#11160 = CARTESIAN_POINT('',(-5.337824999763,-1.18294551539));
#11161 = CARTESIAN_POINT('',(-5.34731853419,-1.168035149609));
#11162 = CARTESIAN_POINT('',(-5.356094127463,-1.153089730049));
#11163 = CARTESIAN_POINT('',(-5.364241323515,-1.138113686854));
#11164 = ( GEOMETRIC_REPRESENTATION_CONTEXT(2) 
PARAMETRIC_REPRESENTATION_CONTEXT() REPRESENTATION_CONTEXT('2D SPACE',''
  ) );
#11165 = PCURVE('',#11166,#11171);
#11166 = PLANE('',#11167);
#11167 = AXIS2_PLACEMENT_3D('',#11168,#11169,#11170);
#11168 = CARTESIAN_POINT('',(6.92889420893,-2.610898915041,
    13.453966502616));
#11169 = DIRECTION('',(0.647716775677,0.758047818829,7.633140163198E-02)
  );
#11170 = DIRECTION('',(0.760265892543,-0.649612017004,1.387778780781E-17
    ));
#11171 = DEFINITIONAL_REPRESENTATION('',(#11172),#11176);
#11172 = CIRCLE('',#11173,6.498872956057);
#11173 = AXIS2_PLACEMENT_2D('',#11174,#11175);
#11174 = CARTESIAN_POINT('',(-3.352610260902,5.88036147439));
#11175 = DIRECTION('',(-1.,6.898405494991E-18));
#11176 = ( GEOMETRIC_REPRESENTATION_CONTEXT(2) 
PARAMETRIC_REPRESENTATION_CONTEXT() REPRESENTATION_CONTEXT('2D SPACE',''
  ) );
#11177 = ORIENTED_EDGE('',*,*,#11178,.F.);
#11178 = EDGE_CURVE('',#11179,#11133,#11181,.T.);
#11179 = VERTEX_POINT('',#11180);
#11180 = CARTESIAN_POINT('',(6.575136792565,-1.228363011664,
    13.716371473349));
#11181 = SURFACE_CURVE('',#11182,(#11187,#11194),.PCURVE_S1.);
#11182 = CIRCLE('',#11183,2.2);
#11183 = AXIS2_PLACEMENT_3D('',#11184,#11185,#11186);
#11184 = CARTESIAN_POINT('',(4.75,0.,13.716371473349));
#11185 = DIRECTION('',(7.E-17,0.,-1.));
#11186 = DIRECTION('',(1.,0.,7.E-17));
#11187 = PCURVE('',#10444,#11188);
#11188 = DEFINITIONAL_REPRESENTATION('',(#11189),#11193);
#11189 = LINE('',#11190,#11191);
#11190 = CARTESIAN_POINT('',(-6.28318530718,-1.225514867309));
#11191 = VECTOR('',#11192,1.);
#11192 = DIRECTION('',(1.,-0.));
#11193 = ( GEOMETRIC_REPRESENTATION_CONTEXT(2) 
PARAMETRIC_REPRESENTATION_CONTEXT() REPRESENTATION_CONTEXT('2D SPACE',''
  ) );
#11194 = PCURVE('',#11195,#11200);
#11195 = CONICAL_SURFACE('',#11196,2.748439768859,0.462512251778);
#11196 = AXIS2_PLACEMENT_3D('',#11197,#11198,#11199);
#11197 = CARTESIAN_POINT('',(4.75,0.,14.816371473349));
#11198 = DIRECTION('',(0.,0.,1.));
#11199 = DIRECTION('',(1.,0.,0.));
#11200 = DEFINITIONAL_REPRESENTATION('',(#11201),#11205);
#11201 = LINE('',#11202,#11203);
#11202 = CARTESIAN_POINT('',(6.28318530718,-1.1));
#11203 = VECTOR('',#11204,1.);
#11204 = DIRECTION('',(-1.,-0.));
#11205 = ( GEOMETRIC_REPRESENTATION_CONTEXT(2) 
PARAMETRIC_REPRESENTATION_CONTEXT() REPRESENTATION_CONTEXT('2D SPACE',''
  ) );
#11206 = ORIENTED_EDGE('',*,*,#11207,.T.);
#11207 = EDGE_CURVE('',#11179,#10433,#11208,.T.);
#11208 = SURFACE_CURVE('',#11209,(#11214,#11238),.PCURVE_S1.);
#11209 = CIRCLE('',#11210,6.498872956057);
#11210 = AXIS2_PLACEMENT_3D('',#11211,#11212,#11213);
#11211 = CARTESIAN_POINT('',(4.841752916288,7.839862027248E-02,
    7.590760967145));
#11212 = DIRECTION('',(-0.758047818829,-0.647716775677,
    7.633140163198E-02));
#11213 = DIRECTION('',(0.649612017004,-0.760265892543,0.));
#11214 = PCURVE('',#10444,#11215);
#11215 = DEFINITIONAL_REPRESENTATION('',(#11216),#11237);
#11216 = B_SPLINE_CURVE_WITH_KNOTS('',7,(#11217,#11218,#11219,#11220,
    #11221,#11222,#11223,#11224,#11225,#11226,#11227,#11228,#11229,
    #11230,#11231,#11232,#11233,#11234,#11235,#11236),.UNSPECIFIED.,.F.,
  .F.,(8,6,6,8),(1.148339149755,1.291730869987,1.363426730103,
    1.435122590219),.UNSPECIFIED.);
#11217 = CARTESIAN_POINT('',(-5.631332964049,-1.138113686854));
#11218 = CARTESIAN_POINT('',(-5.642195892119,-1.158081744447));
#11219 = CARTESIAN_POINT('',(-5.654175737889,-1.177995374971));
#11220 = CARTESIAN_POINT('',(-5.667486546415,-1.197843962512));
#11221 = CARTESIAN_POINT('',(-5.682405434938,-1.217613760101));
#11222 = CARTESIAN_POINT('',(-5.699319300113,-1.237285243869));
#11223 = CARTESIAN_POINT('',(-5.718758832939,-1.256831748414));
#11224 = CARTESIAN_POINT('',(-5.753075235805,-1.285892602879));
#11225 = CARTESIAN_POINT('',(-5.765373615475,-1.295536398397));
#11226 = CARTESIAN_POINT('',(-5.778645546159,-1.305131096872));
#11227 = CARTESIAN_POINT('',(-5.793029821002,-1.314669357443));
#11228 = CARTESIAN_POINT('',(-5.808696435663,-1.324142126905));
#11229 = CARTESIAN_POINT('',(-5.825861040463,-1.333537695611));
#11230 = CARTESIAN_POINT('',(-5.863753885563,-1.352142548092));
#11231 = CARTESIAN_POINT('',(-5.884482207337,-1.361351827853));
#11232 = CARTESIAN_POINT('',(-5.907276102661,-1.370451993968));
#11233 = CARTESIAN_POINT('',(-5.932489818031,-1.379422764218));
#11234 = CARTESIAN_POINT('',(-5.960566518715,-1.388237680789));
#11235 = CARTESIAN_POINT('',(-5.992088491991,-1.396861125469));
#11236 = CARTESIAN_POINT('',(-6.027801335059,-1.405241395364));
#11237 = ( GEOMETRIC_REPRESENTATION_CONTEXT(2) 
PARAMETRIC_REPRESENTATION_CONTEXT() REPRESENTATION_CONTEXT('2D SPACE',''
  ) );
#11238 = PCURVE('',#11239,#11244);
#11239 = PLANE('',#11240);
#11240 = AXIS2_PLACEMENT_3D('',#11241,#11242,#11243);
#11241 = CARTESIAN_POINT('',(7.360898915041,-2.17889420893,
    13.453966502616));
#11242 = DIRECTION('',(-0.758047818829,-0.647716775677,
    7.633140163198E-02));
#11243 = DIRECTION('',(-0.649612017004,0.760265892543,
    -1.387778780781E-17));
#11244 = DEFINITIONAL_REPRESENTATION('',(#11245),#11249);
#11245 = CIRCLE('',#11246,6.498872956057);
#11246 = AXIS2_PLACEMENT_2D('',#11247,#11248);
#11247 = CARTESIAN_POINT('',(3.352610260902,5.88036147439));
#11248 = DIRECTION('',(-1.,2.079643750726E-17));
#11249 = ( GEOMETRIC_REPRESENTATION_CONTEXT(2) 
PARAMETRIC_REPRESENTATION_CONTEXT() REPRESENTATION_CONTEXT('2D SPACE',''
  ) );
#11250 = ADVANCED_FACE('',(#11251),#10461,.T.);
#11251 = FACE_BOUND('',#11252,.T.);
#11252 = EDGE_LOOP('',(#11253,#11276,#11277,#11300));
#11253 = ORIENTED_EDGE('',*,*,#11254,.F.);
#11254 = EDGE_CURVE('',#10433,#11255,#11257,.T.);
#11255 = VERTEX_POINT('',#11256);
#11256 = CARTESIAN_POINT('',(5.640868365168,-0.395,11.509718154986));
#11257 = SURFACE_CURVE('',#11258,(#11262,#11269),.PCURVE_S1.);
#11258 = LINE('',#11259,#11260);
#11259 = CARTESIAN_POINT('',(6.084595021906,-0.395,15.916371473349));
#11260 = VECTOR('',#11261,1.);
#11261 = DIRECTION('',(-0.100188061612,0.,-0.994968518251));
#11262 = PCURVE('',#10461,#11263);
#11263 = DEFINITIONAL_REPRESENTATION('',(#11264),#11268);
#11264 = LINE('',#11265,#11266);
#11265 = CARTESIAN_POINT('',(-0.294478857022,-2.473416677614));
#11266 = VECTOR('',#11267,1.);
#11267 = DIRECTION('',(3.411395862797E-02,0.999417949522));
#11268 = ( GEOMETRIC_REPRESENTATION_CONTEXT(2) 
PARAMETRIC_REPRESENTATION_CONTEXT() REPRESENTATION_CONTEXT('2D SPACE',''
  ) );
#11269 = PCURVE('',#11239,#11270);
#11270 = DEFINITIONAL_REPRESENTATION('',(#11271),#11275);
#11271 = LINE('',#11272,#11273);
#11272 = CARTESIAN_POINT('',(2.185336269284,-2.469610051471));
#11273 = VECTOR('',#11274,1.);
#11274 = DIRECTION('',(6.50833687835E-02,0.997879829993));
#11275 = ( GEOMETRIC_REPRESENTATION_CONTEXT(2) 
PARAMETRIC_REPRESENTATION_CONTEXT() REPRESENTATION_CONTEXT('2D SPACE',''
  ) );
#11276 = ORIENTED_EDGE('',*,*,#10432,.T.);
#11277 = ORIENTED_EDGE('',*,*,#11278,.T.);
#11278 = EDGE_CURVE('',#10435,#11279,#11281,.T.);
#11279 = VERTEX_POINT('',#11280);
#11280 = CARTESIAN_POINT('',(5.485,0.,11.382367964155));
#11281 = SURFACE_CURVE('',#11282,(#11286,#11293),.PCURVE_S1.);
#11282 = LINE('',#11283,#11284);
#11283 = CARTESIAN_POINT('',(5.941550146659,0.,15.916371473349));
#11284 = VECTOR('',#11285,1.);
#11285 = DIRECTION('',(-0.100188061612,0.,-0.994968518251));
#11286 = PCURVE('',#10461,#11287);
#11287 = DEFINITIONAL_REPRESENTATION('',(#11288),#11292);
#11288 = LINE('',#11289,#11290);
#11289 = CARTESIAN_POINT('',(0.125624506847,-2.473416677614));
#11290 = VECTOR('',#11291,1.);
#11291 = DIRECTION('',(3.411395862797E-02,0.999417949522));
#11292 = ( GEOMETRIC_REPRESENTATION_CONTEXT(2) 
PARAMETRIC_REPRESENTATION_CONTEXT() REPRESENTATION_CONTEXT('2D SPACE',''
  ) );
#11293 = PCURVE('',#10547,#11294);
#11294 = DEFINITIONAL_REPRESENTATION('',(#11295),#11299);
#11295 = LINE('',#11296,#11297);
#11296 = CARTESIAN_POINT('',(-0.125624506847,-2.473416677614));
#11297 = VECTOR('',#11298,1.);
#11298 = DIRECTION('',(-3.411395862797E-02,0.999417949522));
#11299 = ( GEOMETRIC_REPRESENTATION_CONTEXT(2) 
PARAMETRIC_REPRESENTATION_CONTEXT() REPRESENTATION_CONTEXT('2D SPACE',''
  ) );
#11300 = ORIENTED_EDGE('',*,*,#11301,.F.);
#11301 = EDGE_CURVE('',#11255,#11279,#11302,.T.);
#11302 = SURFACE_CURVE('',#11303,(#11308,#11315),.PCURVE_S1.);
#11303 = HYPERBOLA('',#11304,0.350222911598,0.654909647025);
#11304 = AXIS2_PLACEMENT_3D('',#11305,#11306,#11307);
#11305 = CARTESIAN_POINT('',(5.366557125368,0.223279334382,
    11.009113615693));
#11306 = DIRECTION('',(-0.93605880101,-0.33898332763,9.425616500203E-02)
  );
#11307 = DIRECTION('',(8.862386826157E-02,3.209415235281E-02,
    0.995547977427));
#11308 = PCURVE('',#10461,#11309);
#11309 = DEFINITIONAL_REPRESENTATION('',(#11310),#11314);
#11310 = HYPERBOLA('',#11311,0.350222911598,0.654909647025);
#11311 = AXIS2_PLACEMENT_2D('',#11312,#11313);
#11312 = CARTESIAN_POINT('',(0.531346423733,2.455786102084));
#11313 = DIRECTION('',(-6.954339960053E-18,-1.));
#11314 = ( GEOMETRIC_REPRESENTATION_CONTEXT(2) 
PARAMETRIC_REPRESENTATION_CONTEXT() REPRESENTATION_CONTEXT('2D SPACE',''
  ) );
#11315 = PCURVE('',#11316,#11321);
#11316 = CONICAL_SURFACE('',#11317,1.145,1.082104136236);
#11317 = AXIS2_PLACEMENT_3D('',#11318,#11319,#11320);
#11318 = CARTESIAN_POINT('',(4.75,0.,11.600368831136));
#11319 = DIRECTION('',(0.,0.,1.));
#11320 = DIRECTION('',(1.,0.,0.));
#11321 = DEFINITIONAL_REPRESENTATION('',(#11322),#11331);
#11322 = B_SPLINE_CURVE_WITH_KNOTS('',7,(#11323,#11324,#11325,#11326,
    #11327,#11328,#11329,#11330),.UNSPECIFIED.,.F.,.F.,(8,8),(
    -1.109111310911,-0.373401784931),.PIECEWISE_BEZIER_KNOTS.);
#11323 = CARTESIAN_POINT('',(5.73694902799,-5.236075069836E-03));
#11324 = CARTESIAN_POINT('',(5.797585728976,-5.474004881714E-02));
#11325 = CARTESIAN_POINT('',(5.864024555725,-9.66917929864E-02));
#11326 = CARTESIAN_POINT('',(5.936536583506,-0.131984460059));
#11327 = CARTESIAN_POINT('',(6.015204616415,-0.161306874177));
#11328 = CARTESIAN_POINT('',(6.099802539285,-0.185183572808));
#11329 = CARTESIAN_POINT('',(6.189536470256,-0.203997348029));
#11330 = CARTESIAN_POINT('',(6.28318530718,-0.218000866981));
#11331 = ( GEOMETRIC_REPRESENTATION_CONTEXT(2) 
PARAMETRIC_REPRESENTATION_CONTEXT() REPRESENTATION_CONTEXT('2D SPACE',''
  ) );
#11332 = ADVANCED_FACE('',(#11333),#11239,.T.);
#11333 = FACE_BOUND('',#11334,.T.);
#11334 = EDGE_LOOP('',(#11335,#11364,#11365,#11366));
#11335 = ORIENTED_EDGE('',*,*,#11336,.F.);
#11336 = EDGE_CURVE('',#11179,#11337,#11339,.T.);
#11337 = VERTEX_POINT('',#11338);
#11338 = CARTESIAN_POINT('',(5.765101266841,-0.529711636702,
    11.600368831136));
#11339 = SURFACE_CURVE('',#11340,(#11345,#11352),.PCURVE_S1.);
#11340 = HYPERBOLA('',#11341,0.518803557914,0.254852851795);
#11341 = AXIS2_PLACEMENT_3D('',#11342,#11343,#11344);
#11342 = CARTESIAN_POINT('',(4.946081130525,0.167542250607,
    9.383281438826));
#11343 = DIRECTION('',(-0.758047818829,-0.647716775677,
    7.633140163198E-02));
#11344 = DIRECTION('',(5.803216119081E-02,4.958579577486E-02,
    0.997082502667));
#11345 = PCURVE('',#11239,#11346);
#11346 = DEFINITIONAL_REPRESENTATION('',(#11347),#11351);
#11347 = HYPERBOLA('',#11348,0.518803557914,0.254852851795);
#11348 = AXIS2_PLACEMENT_2D('',#11349,#11350);
#11349 = CARTESIAN_POINT('',(3.352610260902,4.08259602681));
#11350 = DIRECTION('',(-2.077619330281E-17,-1.));
#11351 = ( GEOMETRIC_REPRESENTATION_CONTEXT(2) 
PARAMETRIC_REPRESENTATION_CONTEXT() REPRESENTATION_CONTEXT('2D SPACE',''
  ) );
#11352 = PCURVE('',#11195,#11353);
#11353 = DEFINITIONAL_REPRESENTATION('',(#11354),#11363);
#11354 = B_SPLINE_CURVE_WITH_KNOTS('',7,(#11355,#11356,#11357,#11358,
    #11359,#11360,#11361,#11362),.UNSPECIFIED.,.F.,.F.,(8,8),(
    -3.042532923046,-2.134597207417),.PIECEWISE_BEZIER_KNOTS.);
#11355 = CARTESIAN_POINT('',(5.667159944421,-7.069981456656E-16));
#11356 = CARTESIAN_POINT('',(5.67918702814,-0.701498128582));
#11357 = CARTESIAN_POINT('',(5.692999729098,-1.29635934637));
#11358 = CARTESIAN_POINT('',(5.708908408179,-1.803859067971));
#11359 = CARTESIAN_POINT('',(5.727287597041,-2.238880022435));
#11360 = CARTESIAN_POINT('',(5.74858747501,-2.613225801562));
#11361 = CARTESIAN_POINT('',(5.773355943368,-2.936371929625));
#11362 = CARTESIAN_POINT('',(5.802225563627,-3.216002642213));
#11363 = ( GEOMETRIC_REPRESENTATION_CONTEXT(2) 
PARAMETRIC_REPRESENTATION_CONTEXT() REPRESENTATION_CONTEXT('2D SPACE',''
  ) );
#11364 = ORIENTED_EDGE('',*,*,#11207,.T.);
#11365 = ORIENTED_EDGE('',*,*,#11254,.T.);
#11366 = ORIENTED_EDGE('',*,*,#11367,.F.);
#11367 = EDGE_CURVE('',#11337,#11255,#11368,.T.);
#11368 = SURFACE_CURVE('',#11369,(#11374,#11381),.PCURVE_S1.);
#11369 = HYPERBOLA('',#11370,0.203528734064,0.381348792359);
#11370 = AXIS2_PLACEMENT_3D('',#11371,#11372,#11373);
#11371 = CARTESIAN_POINT('',(5.040166966654,0.247934242907,
    10.999821974765));
#11372 = DIRECTION('',(-0.758047818829,-0.647716775677,
    7.633140163198E-02));
#11373 = DIRECTION('',(5.803216119081E-02,4.958579577486E-02,
    0.997082502667));
#11374 = PCURVE('',#11239,#11375);
#11375 = DEFINITIONAL_REPRESENTATION('',(#11376),#11380);
#11376 = HYPERBOLA('',#11377,0.203528734064,0.381348792359);
#11377 = AXIS2_PLACEMENT_2D('',#11378,#11379);
#11378 = CARTESIAN_POINT('',(3.352610260902,2.461325438252));
#11379 = DIRECTION('',(-2.077619330281E-17,-1.));
#11380 = ( GEOMETRIC_REPRESENTATION_CONTEXT(2) 
PARAMETRIC_REPRESENTATION_CONTEXT() REPRESENTATION_CONTEXT('2D SPACE',''
  ) );
#11381 = PCURVE('',#11316,#11382);
#11382 = DEFINITIONAL_REPRESENTATION('',(#11383),#11391);
#11383 = B_SPLINE_CURVE_WITH_KNOTS('',6,(#11384,#11385,#11386,#11387,
    #11388,#11389,#11390),.UNSPECIFIED.,.F.,.F.,(7,7),(-1.748249181547,
    -0.810383326292),.PIECEWISE_BEZIER_KNOTS.);
#11384 = CARTESIAN_POINT('',(5.802225563627,1.079784594408E-16));
#11385 = CARTESIAN_POINT('',(5.85428582728,-8.835012969284E-02));
#11386 = CARTESIAN_POINT('',(5.915412172944,-0.159092640263));
#11387 = CARTESIAN_POINT('',(5.987294022965,-0.216111182728));
#11388 = CARTESIAN_POINT('',(6.071774237204,-0.262008056099));
#11389 = CARTESIAN_POINT('',(6.170616728113,-0.298634939141));
#11390 = CARTESIAN_POINT('',(6.28318530718,-0.327248548349));
#11391 = ( GEOMETRIC_REPRESENTATION_CONTEXT(2) 
PARAMETRIC_REPRESENTATION_CONTEXT() REPRESENTATION_CONTEXT('2D SPACE',''
  ) );
#11392 = ADVANCED_FACE('',(#11393),#11195,.F.);
#11393 = FACE_BOUND('',#11394,.T.);
#11394 = EDGE_LOOP('',(#11395,#11419,#11446,#11447));
#11395 = ORIENTED_EDGE('',*,*,#11396,.F.);
#11396 = EDGE_CURVE('',#11397,#11337,#11399,.T.);
#11397 = VERTEX_POINT('',#11398);
#11398 = CARTESIAN_POINT('',(5.279711636702,-1.015101266841,
    11.600368831136));
#11399 = SURFACE_CURVE('',#11400,(#11405,#11412),.PCURVE_S1.);
#11400 = CIRCLE('',#11401,1.145);
#11401 = AXIS2_PLACEMENT_3D('',#11402,#11403,#11404);
#11402 = CARTESIAN_POINT('',(4.75,0.,11.600368831136));
#11403 = DIRECTION('',(0.,0.,1.));
#11404 = DIRECTION('',(1.,0.,0.));
#11405 = PCURVE('',#11195,#11406);
#11406 = DEFINITIONAL_REPRESENTATION('',(#11407),#11411);
#11407 = LINE('',#11408,#11409);
#11408 = CARTESIAN_POINT('',(0.,-3.216002642213));
#11409 = VECTOR('',#11410,1.);
#11410 = DIRECTION('',(1.,-0.));
#11411 = ( GEOMETRIC_REPRESENTATION_CONTEXT(2) 
PARAMETRIC_REPRESENTATION_CONTEXT() REPRESENTATION_CONTEXT('2D SPACE',''
  ) );
#11412 = PCURVE('',#11316,#11413);
#11413 = DEFINITIONAL_REPRESENTATION('',(#11414),#11418);
#11414 = LINE('',#11415,#11416);
#11415 = CARTESIAN_POINT('',(0.,-0.));
#11416 = VECTOR('',#11417,1.);
#11417 = DIRECTION('',(1.,-0.));
#11418 = ( GEOMETRIC_REPRESENTATION_CONTEXT(2) 
PARAMETRIC_REPRESENTATION_CONTEXT() REPRESENTATION_CONTEXT('2D SPACE',''
  ) );
#11419 = ORIENTED_EDGE('',*,*,#11420,.T.);
#11420 = EDGE_CURVE('',#11397,#11133,#11421,.T.);
#11421 = SURFACE_CURVE('',#11422,(#11427,#11439),.PCURVE_S1.);
#11422 = HYPERBOLA('',#11423,0.518803557914,0.254852851795);
#11423 = AXIS2_PLACEMENT_3D('',#11424,#11425,#11426);
#11424 = CARTESIAN_POINT('',(4.582457749393,-0.196081130525,
    9.383281438826));
#11425 = DIRECTION('',(0.647716775677,0.758047818829,7.633140163198E-02)
  );
#11426 = DIRECTION('',(-4.958579577486E-02,-5.803216119081E-02,
    0.997082502667));
#11427 = PCURVE('',#11195,#11428);
#11428 = DEFINITIONAL_REPRESENTATION('',(#11429),#11438);
#11429 = B_SPLINE_CURVE_WITH_KNOTS('',7,(#11430,#11431,#11432,#11433,
    #11434,#11435,#11436,#11437),.UNSPECIFIED.,.F.,.F.,(8,8),(
    2.134597207417,3.042532923046),.PIECEWISE_BEZIER_KNOTS.);
#11430 = CARTESIAN_POINT('',(5.193348723937,-3.216002642213));
#11431 = CARTESIAN_POINT('',(5.222218344196,-2.936371929625));
#11432 = CARTESIAN_POINT('',(5.246986812554,-2.613225801562));
#11433 = CARTESIAN_POINT('',(5.268286690522,-2.238880022435));
#11434 = CARTESIAN_POINT('',(5.286665879387,-1.803859067972));
#11435 = CARTESIAN_POINT('',(5.302574558466,-1.29635934637));
#11436 = CARTESIAN_POINT('',(5.316387259424,-0.701498128582));
#11437 = CARTESIAN_POINT('',(5.328414343143,1.030964384566E-14));
#11438 = ( GEOMETRIC_REPRESENTATION_CONTEXT(2) 
PARAMETRIC_REPRESENTATION_CONTEXT() REPRESENTATION_CONTEXT('2D SPACE',''
  ) );
#11439 = PCURVE('',#11166,#11440);
#11440 = DEFINITIONAL_REPRESENTATION('',(#11441),#11445);
#11441 = HYPERBOLA('',#11442,0.518803557914,0.254852851795);
#11442 = AXIS2_PLACEMENT_2D('',#11443,#11444);
#11443 = CARTESIAN_POINT('',(-3.352610260902,4.08259602681));
#11444 = DIRECTION('',(-2.085717012064E-17,-1.));
#11445 = ( GEOMETRIC_REPRESENTATION_CONTEXT(2) 
PARAMETRIC_REPRESENTATION_CONTEXT() REPRESENTATION_CONTEXT('2D SPACE',''
  ) );
#11446 = ORIENTED_EDGE('',*,*,#11178,.F.);
#11447 = ORIENTED_EDGE('',*,*,#11336,.T.);
#11448 = ADVANCED_FACE('',(#11449),#11166,.T.);
#11449 = FACE_BOUND('',#11450,.T.);
#11450 = EDGE_LOOP('',(#11451,#11474,#11475,#11476));
#11451 = ORIENTED_EDGE('',*,*,#11452,.F.);
#11452 = EDGE_CURVE('',#11098,#11453,#11455,.T.);
#11453 = VERTEX_POINT('',#11454);
#11454 = CARTESIAN_POINT('',(5.145,-0.890868365168,11.509718154986));
#11455 = SURFACE_CURVE('',#11456,(#11460,#11467),.PCURVE_S1.);
#11456 = LINE('',#11457,#11458);
#11457 = CARTESIAN_POINT('',(5.145,-1.334595021906,15.916371473349));
#11458 = VECTOR('',#11459,1.);
#11459 = DIRECTION('',(0.,0.100188061612,-0.994968518251));
#11460 = PCURVE('',#11166,#11461);
#11461 = DEFINITIONAL_REPRESENTATION('',(#11462),#11466);
#11462 = LINE('',#11463,#11464);
#11463 = CARTESIAN_POINT('',(-2.185336269284,-2.469610051471));
#11464 = VECTOR('',#11465,1.);
#11465 = DIRECTION('',(-6.50833687835E-02,0.997879829993));
#11466 = ( GEOMETRIC_REPRESENTATION_CONTEXT(2) 
PARAMETRIC_REPRESENTATION_CONTEXT() REPRESENTATION_CONTEXT('2D SPACE',''
  ) );
#11467 = PCURVE('',#11120,#11468);
#11468 = DEFINITIONAL_REPRESENTATION('',(#11469),#11473);
#11469 = LINE('',#11470,#11471);
#11470 = CARTESIAN_POINT('',(0.294478857022,-2.473416677614));
#11471 = VECTOR('',#11472,1.);
#11472 = DIRECTION('',(-3.411395862797E-02,0.999417949522));
#11473 = ( GEOMETRIC_REPRESENTATION_CONTEXT(2) 
PARAMETRIC_REPRESENTATION_CONTEXT() REPRESENTATION_CONTEXT('2D SPACE',''
  ) );
#11474 = ORIENTED_EDGE('',*,*,#11132,.T.);
#11475 = ORIENTED_EDGE('',*,*,#11420,.F.);
#11476 = ORIENTED_EDGE('',*,*,#11477,.F.);
#11477 = EDGE_CURVE('',#11453,#11397,#11478,.T.);
#11478 = SURFACE_CURVE('',#11479,(#11484,#11491),.PCURVE_S1.);
#11479 = HYPERBOLA('',#11480,0.203528734064,0.381348792359);
#11480 = AXIS2_PLACEMENT_3D('',#11481,#11482,#11483);
#11481 = CARTESIAN_POINT('',(4.502065757093,-0.290166966654,
    10.999821974765));
#11482 = DIRECTION('',(0.647716775677,0.758047818829,7.633140163198E-02)
  );
#11483 = DIRECTION('',(-4.958579577486E-02,-5.803216119081E-02,
    0.997082502667));
#11484 = PCURVE('',#11166,#11485);
#11485 = DEFINITIONAL_REPRESENTATION('',(#11486),#11490);
#11486 = HYPERBOLA('',#11487,0.203528734064,0.381348792359);
#11487 = AXIS2_PLACEMENT_2D('',#11488,#11489);
#11488 = CARTESIAN_POINT('',(-3.352610260902,2.461325438252));
#11489 = DIRECTION('',(-2.085717012064E-17,-1.));
#11490 = ( GEOMETRIC_REPRESENTATION_CONTEXT(2) 
PARAMETRIC_REPRESENTATION_CONTEXT() REPRESENTATION_CONTEXT('2D SPACE',''
  ) );
#11491 = PCURVE('',#11316,#11492);
#11492 = DEFINITIONAL_REPRESENTATION('',(#11493),#11501);
#11493 = B_SPLINE_CURVE_WITH_KNOTS('',6,(#11494,#11495,#11496,#11497,
    #11498,#11499,#11500),.UNSPECIFIED.,.F.,.F.,(7,7),(0.80968519384,
    1.748249181547),.PIECEWISE_BEZIER_KNOTS.);
#11494 = CARTESIAN_POINT('',(4.711886100712,-0.327376278856));
#11495 = CARTESIAN_POINT('',(4.824589602537,-0.298771209243));
#11496 = CARTESIAN_POINT('',(4.923548447007,-0.262144681271));
#11497 = CARTESIAN_POINT('',(5.008119742125,-0.216238488484));
#11498 = CARTESIAN_POINT('',(5.080071100104,-0.159197950595));
#11499 = CARTESIAN_POINT('',(5.141249707451,-8.841589612661E-02));
#11500 = CARTESIAN_POINT('',(5.193348723937,1.783991938586E-15));
#11501 = ( GEOMETRIC_REPRESENTATION_CONTEXT(2) 
PARAMETRIC_REPRESENTATION_CONTEXT() REPRESENTATION_CONTEXT('2D SPACE',''
  ) );
#11502 = ADVANCED_FACE('',(#11503),#11120,.T.);
#11503 = FACE_BOUND('',#11504,.T.);
#11504 = EDGE_LOOP('',(#11505,#11528,#11529,#11530));
#11505 = ORIENTED_EDGE('',*,*,#11506,.F.);
#11506 = EDGE_CURVE('',#11063,#11507,#11509,.T.);
#11507 = VERTEX_POINT('',#11508);
#11508 = CARTESIAN_POINT('',(4.75,-0.735,11.382367964155));
#11509 = SURFACE_CURVE('',#11510,(#11514,#11521),.PCURVE_S1.);
#11510 = LINE('',#11511,#11512);
#11511 = CARTESIAN_POINT('',(4.75,-1.191550146659,15.916371473349));
#11512 = VECTOR('',#11513,1.);
#11513 = DIRECTION('',(0.,0.100188061612,-0.994968518251));
#11514 = PCURVE('',#11120,#11515);
#11515 = DEFINITIONAL_REPRESENTATION('',(#11516),#11520);
#11516 = LINE('',#11517,#11518);
#11517 = CARTESIAN_POINT('',(-0.125624506847,-2.473416677614));
#11518 = VECTOR('',#11519,1.);
#11519 = DIRECTION('',(-3.411395862797E-02,0.999417949522));
#11520 = ( GEOMETRIC_REPRESENTATION_CONTEXT(2) 
PARAMETRIC_REPRESENTATION_CONTEXT() REPRESENTATION_CONTEXT('2D SPACE',''
  ) );
#11521 = PCURVE('',#11085,#11522);
#11522 = DEFINITIONAL_REPRESENTATION('',(#11523),#11527);
#11523 = LINE('',#11524,#11525);
#11524 = CARTESIAN_POINT('',(0.125624506847,-2.473416677614));
#11525 = VECTOR('',#11526,1.);
#11526 = DIRECTION('',(3.411395862797E-02,0.999417949522));
#11527 = ( GEOMETRIC_REPRESENTATION_CONTEXT(2) 
PARAMETRIC_REPRESENTATION_CONTEXT() REPRESENTATION_CONTEXT('2D SPACE',''
  ) );
#11528 = ORIENTED_EDGE('',*,*,#11097,.T.);
#11529 = ORIENTED_EDGE('',*,*,#11452,.T.);
#11530 = ORIENTED_EDGE('',*,*,#11531,.F.);
#11531 = EDGE_CURVE('',#11507,#11453,#11532,.T.);
#11532 = SURFACE_CURVE('',#11533,(#11538,#11545),.PCURVE_S1.);
#11533 = HYPERBOLA('',#11534,0.350222911598,0.654909647025);
#11534 = AXIS2_PLACEMENT_3D('',#11535,#11536,#11537);
#11535 = CARTESIAN_POINT('',(4.526720665618,-0.616557125368,
    11.009113615693));
#11536 = DIRECTION('',(0.33898332763,0.93605880101,9.425616500203E-02));
#11537 = DIRECTION('',(-3.209415235281E-02,-8.862386826157E-02,
    0.995547977427));
#11538 = PCURVE('',#11120,#11539);
#11539 = DEFINITIONAL_REPRESENTATION('',(#11540),#11544);
#11540 = HYPERBOLA('',#11541,0.350222911598,0.654909647025);
#11541 = AXIS2_PLACEMENT_2D('',#11542,#11543);
#11542 = CARTESIAN_POINT('',(-0.531346423733,2.455786102084));
#11543 = DIRECTION('',(-2.774012955948E-17,-1.));
#11544 = ( GEOMETRIC_REPRESENTATION_CONTEXT(2) 
PARAMETRIC_REPRESENTATION_CONTEXT() REPRESENTATION_CONTEXT('2D SPACE',''
  ) );
#11545 = PCURVE('',#11316,#11546);
#11546 = DEFINITIONAL_REPRESENTATION('',(#11547),#11556);
#11547 = B_SPLINE_CURVE_WITH_KNOTS('',7,(#11548,#11549,#11550,#11551,
    #11552,#11553,#11554,#11555),.UNSPECIFIED.,.F.,.F.,(8,8),(
    0.268511940614,1.109111310911),.PIECEWISE_BEZIER_KNOTS.);
#11548 = CARTESIAN_POINT('',(4.617387357453,-0.229946710945));
#11549 = CARTESIAN_POINT('',(4.727761500025,-0.218568668157));
#11550 = CARTESIAN_POINT('',(4.834268235311,-0.201111981153));
#11551 = CARTESIAN_POINT('',(4.934755193151,-0.177308623479));
#11552 = CARTESIAN_POINT('',(5.027652640307,-0.146675968343));
#11553 = CARTESIAN_POINT('',(5.11248745113,-0.108500378213));
#11554 = CARTESIAN_POINT('',(5.189343605789,-6.179781267098E-02));
#11555 = CARTESIAN_POINT('',(5.258625259575,-5.236075069836E-03));
#11556 = ( GEOMETRIC_REPRESENTATION_CONTEXT(2) 
PARAMETRIC_REPRESENTATION_CONTEXT() REPRESENTATION_CONTEXT('2D SPACE',''
  ) );
#11557 = ADVANCED_FACE('',(#11558),#11085,.T.);
#11558 = FACE_BOUND('',#11559,.T.);
#11559 = EDGE_LOOP('',(#11560,#11583,#11584,#11585));
#11560 = ORIENTED_EDGE('',*,*,#11561,.F.);
#11561 = EDGE_CURVE('',#11017,#11562,#11564,.T.);
#11562 = VERTEX_POINT('',#11563);
#11563 = CARTESIAN_POINT('',(4.355,-0.890868365168,11.509718154986));
#11564 = SURFACE_CURVE('',#11565,(#11569,#11576),.PCURVE_S1.);
#11565 = LINE('',#11566,#11567);
#11566 = CARTESIAN_POINT('',(4.355,-1.334595021906,15.916371473349));
#11567 = VECTOR('',#11568,1.);
#11568 = DIRECTION('',(0.,0.100188061612,-0.994968518251));
#11569 = PCURVE('',#11085,#11570);
#11570 = DEFINITIONAL_REPRESENTATION('',(#11571),#11575);
#11571 = LINE('',#11572,#11573);
#11572 = CARTESIAN_POINT('',(-0.294478857022,-2.473416677614));
#11573 = VECTOR('',#11574,1.);
#11574 = DIRECTION('',(3.411395862797E-02,0.999417949522));
#11575 = ( GEOMETRIC_REPRESENTATION_CONTEXT(2) 
PARAMETRIC_REPRESENTATION_CONTEXT() REPRESENTATION_CONTEXT('2D SPACE',''
  ) );
#11576 = PCURVE('',#11050,#11577);
#11577 = DEFINITIONAL_REPRESENTATION('',(#11578),#11582);
#11578 = LINE('',#11579,#11580);
#11579 = CARTESIAN_POINT('',(2.185336269284,-2.469610051471));
#11580 = VECTOR('',#11581,1.);
#11581 = DIRECTION('',(6.50833687835E-02,0.997879829993));
#11582 = ( GEOMETRIC_REPRESENTATION_CONTEXT(2) 
PARAMETRIC_REPRESENTATION_CONTEXT() REPRESENTATION_CONTEXT('2D SPACE',''
  ) );
#11583 = ORIENTED_EDGE('',*,*,#11062,.T.);
#11584 = ORIENTED_EDGE('',*,*,#11506,.T.);
#11585 = ORIENTED_EDGE('',*,*,#11586,.F.);
#11586 = EDGE_CURVE('',#11562,#11507,#11587,.T.);
#11587 = SURFACE_CURVE('',#11588,(#11593,#11600),.PCURVE_S1.);
#11588 = HYPERBOLA('',#11589,0.350222911598,0.654909647025);
#11589 = AXIS2_PLACEMENT_3D('',#11590,#11591,#11592);
#11590 = CARTESIAN_POINT('',(4.973279334382,-0.616557125368,
    11.009113615693));
#11591 = DIRECTION('',(-0.33898332763,0.93605880101,9.425616500203E-02)
  );
#11592 = DIRECTION('',(3.209415235281E-02,-8.862386826157E-02,
    0.995547977427));
#11593 = PCURVE('',#11085,#11594);
#11594 = DEFINITIONAL_REPRESENTATION('',(#11595),#11599);
#11595 = HYPERBOLA('',#11596,0.350222911598,0.654909647025);
#11596 = AXIS2_PLACEMENT_2D('',#11597,#11598);
#11597 = CARTESIAN_POINT('',(0.531346423733,2.455786102084));
#11598 = DIRECTION('',(-3.124046862373E-17,-1.));
#11599 = ( GEOMETRIC_REPRESENTATION_CONTEXT(2) 
PARAMETRIC_REPRESENTATION_CONTEXT() REPRESENTATION_CONTEXT('2D SPACE',''
  ) );
#11600 = PCURVE('',#11316,#11601);
#11601 = DEFINITIONAL_REPRESENTATION('',(#11602),#11611);
#11602 = B_SPLINE_CURVE_WITH_KNOTS('',7,(#11603,#11604,#11605,#11606,
    #11607,#11608,#11609,#11610),.UNSPECIFIED.,.F.,.F.,(8,8),(
    -1.109111310911,-0.268511940614),.PIECEWISE_BEZIER_KNOTS.);
#11603 = CARTESIAN_POINT('',(4.166152701195,-5.236075069836E-03));
#11604 = CARTESIAN_POINT('',(4.23543435498,-6.179781267098E-02));
#11605 = CARTESIAN_POINT('',(4.312290509641,-0.108500378213));
#11606 = CARTESIAN_POINT('',(4.39712532046,-0.146675968343));
#11607 = CARTESIAN_POINT('',(4.490022767623,-0.177308623479));
#11608 = CARTESIAN_POINT('',(4.590509725456,-0.201111981153));
#11609 = CARTESIAN_POINT('',(4.697016460744,-0.218568668157));
#11610 = CARTESIAN_POINT('',(4.807390603316,-0.229946710945));
#11611 = ( GEOMETRIC_REPRESENTATION_CONTEXT(2) 
PARAMETRIC_REPRESENTATION_CONTEXT() REPRESENTATION_CONTEXT('2D SPACE',''
  ) );
#11612 = ADVANCED_FACE('',(#11613),#11050,.T.);
#11613 = FACE_BOUND('',#11614,.T.);
#11614 = EDGE_LOOP('',(#11615,#11644,#11645,#11646));
#11615 = ORIENTED_EDGE('',*,*,#11616,.F.);
#11616 = EDGE_CURVE('',#10988,#11617,#11619,.T.);
#11617 = VERTEX_POINT('',#11618);
#11618 = CARTESIAN_POINT('',(4.220288363298,-1.015101266841,
    11.600368831136));
#11619 = SURFACE_CURVE('',#11620,(#11625,#11632),.PCURVE_S1.);
#11620 = HYPERBOLA('',#11621,0.518803557914,0.254852851795);
#11621 = AXIS2_PLACEMENT_3D('',#11622,#11623,#11624);
#11622 = CARTESIAN_POINT('',(4.917542250607,-0.196081130525,
    9.383281438826));
#11623 = DIRECTION('',(-0.647716775677,0.758047818829,7.633140163198E-02
    ));
#11624 = DIRECTION('',(4.958579577486E-02,-5.803216119081E-02,
    0.997082502667));
#11625 = PCURVE('',#11050,#11626);
#11626 = DEFINITIONAL_REPRESENTATION('',(#11627),#11631);
#11627 = HYPERBOLA('',#11628,0.518803557914,0.254852851795);
#11628 = AXIS2_PLACEMENT_2D('',#11629,#11630);
#11629 = CARTESIAN_POINT('',(3.352610260902,4.08259602681));
#11630 = DIRECTION('',(-3.465398111062E-17,-1.));
#11631 = ( GEOMETRIC_REPRESENTATION_CONTEXT(2) 
PARAMETRIC_REPRESENTATION_CONTEXT() REPRESENTATION_CONTEXT('2D SPACE',''
  ) );
#11632 = PCURVE('',#11004,#11633);
#11633 = DEFINITIONAL_REPRESENTATION('',(#11634),#11643);
#11634 = B_SPLINE_CURVE_WITH_KNOTS('',7,(#11635,#11636,#11637,#11638,
    #11639,#11640,#11641,#11642),.UNSPECIFIED.,.F.,.F.,(8,8),(
    -3.042532923046,-2.134597207417),.PIECEWISE_BEZIER_KNOTS.);
#11635 = CARTESIAN_POINT('',(4.096363617626,1.137461573596E-14));
#11636 = CARTESIAN_POINT('',(4.108390701345,-0.701498128582));
#11637 = CARTESIAN_POINT('',(4.122203402305,-1.29635934637));
#11638 = CARTESIAN_POINT('',(4.138112081378,-1.803859067972));
#11639 = CARTESIAN_POINT('',(4.156491270251,-2.238880022435));
#11640 = CARTESIAN_POINT('',(4.177791148214,-2.613225801562));
#11641 = CARTESIAN_POINT('',(4.202559616573,-2.936371929625));
#11642 = CARTESIAN_POINT('',(4.231429236832,-3.216002642213));
#11643 = ( GEOMETRIC_REPRESENTATION_CONTEXT(2) 
PARAMETRIC_REPRESENTATION_CONTEXT() REPRESENTATION_CONTEXT('2D SPACE',''
  ) );
#11644 = ORIENTED_EDGE('',*,*,#11016,.T.);
#11645 = ORIENTED_EDGE('',*,*,#11561,.T.);
#11646 = ORIENTED_EDGE('',*,*,#11647,.F.);
#11647 = EDGE_CURVE('',#11617,#11562,#11648,.T.);
#11648 = SURFACE_CURVE('',#11649,(#11654,#11661),.PCURVE_S1.);
#11649 = HYPERBOLA('',#11650,0.203528734064,0.381348792359);
#11650 = AXIS2_PLACEMENT_3D('',#11651,#11652,#11653);
#11651 = CARTESIAN_POINT('',(4.997934242907,-0.290166966654,
    10.999821974765));
#11652 = DIRECTION('',(-0.647716775677,0.758047818829,7.633140163198E-02
    ));
#11653 = DIRECTION('',(4.958579577486E-02,-5.803216119081E-02,
    0.997082502667));
#11654 = PCURVE('',#11050,#11655);
#11655 = DEFINITIONAL_REPRESENTATION('',(#11656),#11660);
#11656 = HYPERBOLA('',#11657,0.203528734064,0.381348792359);
#11657 = AXIS2_PLACEMENT_2D('',#11658,#11659);
#11658 = CARTESIAN_POINT('',(3.352610260902,2.461325438252));
#11659 = DIRECTION('',(-3.465398111062E-17,-1.));
#11660 = ( GEOMETRIC_REPRESENTATION_CONTEXT(2) 
PARAMETRIC_REPRESENTATION_CONTEXT() REPRESENTATION_CONTEXT('2D SPACE',''
  ) );
#11661 = PCURVE('',#11316,#11662);
#11662 = DEFINITIONAL_REPRESENTATION('',(#11663),#11671);
#11663 = B_SPLINE_CURVE_WITH_KNOTS('',6,(#11664,#11665,#11666,#11667,
    #11668,#11669,#11670),.UNSPECIFIED.,.F.,.F.,(7,7),(-1.748249181547,
    -0.80968519384),.PIECEWISE_BEZIER_KNOTS.);
#11664 = CARTESIAN_POINT('',(4.231429236832,1.309825660173E-15));
#11665 = CARTESIAN_POINT('',(4.283528253319,-8.841589612661E-02));
#11666 = CARTESIAN_POINT('',(4.344706860666,-0.159197950595));
#11667 = CARTESIAN_POINT('',(4.416658218644,-0.216238488484));
#11668 = CARTESIAN_POINT('',(4.501229513762,-0.262144681271));
#11669 = CARTESIAN_POINT('',(4.600188358232,-0.298771209243));
#11670 = CARTESIAN_POINT('',(4.712891860058,-0.327376278856));
#11671 = ( GEOMETRIC_REPRESENTATION_CONTEXT(2) 
PARAMETRIC_REPRESENTATION_CONTEXT() REPRESENTATION_CONTEXT('2D SPACE',''
  ) );
#11672 = ADVANCED_FACE('',(#11673),#11004,.F.);
#11673 = FACE_BOUND('',#11674,.T.);
#11674 = EDGE_LOOP('',(#11675,#11699,#11726,#11727));
#11675 = ORIENTED_EDGE('',*,*,#11676,.F.);
#11676 = EDGE_CURVE('',#11677,#11617,#11679,.T.);
#11677 = VERTEX_POINT('',#11678);
#11678 = CARTESIAN_POINT('',(3.734898733159,-0.529711636702,
    11.600368831136));
#11679 = SURFACE_CURVE('',#11680,(#11685,#11692),.PCURVE_S1.);
#11680 = CIRCLE('',#11681,1.145);
#11681 = AXIS2_PLACEMENT_3D('',#11682,#11683,#11684);
#11682 = CARTESIAN_POINT('',(4.75,0.,11.600368831136));
#11683 = DIRECTION('',(0.,0.,1.));
#11684 = DIRECTION('',(1.,0.,0.));
#11685 = PCURVE('',#11004,#11686);
#11686 = DEFINITIONAL_REPRESENTATION('',(#11687),#11691);
#11687 = LINE('',#11688,#11689);
#11688 = CARTESIAN_POINT('',(0.,-3.216002642213));
#11689 = VECTOR('',#11690,1.);
#11690 = DIRECTION('',(1.,-0.));
#11691 = ( GEOMETRIC_REPRESENTATION_CONTEXT(2) 
PARAMETRIC_REPRESENTATION_CONTEXT() REPRESENTATION_CONTEXT('2D SPACE',''
  ) );
#11692 = PCURVE('',#11316,#11693);
#11693 = DEFINITIONAL_REPRESENTATION('',(#11694),#11698);
#11694 = LINE('',#11695,#11696);
#11695 = CARTESIAN_POINT('',(0.,-0.));
#11696 = VECTOR('',#11697,1.);
#11697 = DIRECTION('',(1.,-0.));
#11698 = ( GEOMETRIC_REPRESENTATION_CONTEXT(2) 
PARAMETRIC_REPRESENTATION_CONTEXT() REPRESENTATION_CONTEXT('2D SPACE',''
  ) );
#11699 = ORIENTED_EDGE('',*,*,#11700,.T.);
#11700 = EDGE_CURVE('',#11677,#10942,#11701,.T.);
#11701 = SURFACE_CURVE('',#11702,(#11707,#11719),.PCURVE_S1.);
#11702 = HYPERBOLA('',#11703,0.518803557914,0.254852851795);
#11703 = AXIS2_PLACEMENT_3D('',#11704,#11705,#11706);
#11704 = CARTESIAN_POINT('',(4.553918869475,0.167542250607,
    9.383281438826));
#11705 = DIRECTION('',(0.758047818829,-0.647716775677,7.633140163198E-02
    ));
#11706 = DIRECTION('',(-5.803216119081E-02,4.958579577486E-02,
    0.997082502667));
#11707 = PCURVE('',#11004,#11708);
#11708 = DEFINITIONAL_REPRESENTATION('',(#11709),#11718);
#11709 = B_SPLINE_CURVE_WITH_KNOTS('',7,(#11710,#11711,#11712,#11713,
    #11714,#11715,#11716,#11717),.UNSPECIFIED.,.F.,.F.,(8,8),(
    2.134597207417,3.042532923046),.PIECEWISE_BEZIER_KNOTS.);
#11710 = CARTESIAN_POINT('',(3.622552397143,-3.216002642213));
#11711 = CARTESIAN_POINT('',(3.651422017401,-2.936371929625));
#11712 = CARTESIAN_POINT('',(3.67619048576,-2.613225801562));
#11713 = CARTESIAN_POINT('',(3.697490363728,-2.238880022434));
#11714 = CARTESIAN_POINT('',(3.715869552594,-1.803859067972));
#11715 = CARTESIAN_POINT('',(3.73177823167,-1.29635934637));
#11716 = CARTESIAN_POINT('',(3.745590932629,-0.701498128582));
#11717 = CARTESIAN_POINT('',(3.757618016348,9.951670101015E-15));
#11718 = ( GEOMETRIC_REPRESENTATION_CONTEXT(2) 
PARAMETRIC_REPRESENTATION_CONTEXT() REPRESENTATION_CONTEXT('2D SPACE',''
  ) );
#11719 = PCURVE('',#10975,#11720);
#11720 = DEFINITIONAL_REPRESENTATION('',(#11721),#11725);
#11721 = HYPERBOLA('',#11722,0.518803557914,0.254852851795);
#11722 = AXIS2_PLACEMENT_2D('',#11723,#11724);
#11723 = CARTESIAN_POINT('',(-3.352610260902,4.08259602681));
#11724 = DIRECTION('',(-6.979382312823E-18,-1.));
#11725 = ( GEOMETRIC_REPRESENTATION_CONTEXT(2) 
PARAMETRIC_REPRESENTATION_CONTEXT() REPRESENTATION_CONTEXT('2D SPACE',''
  ) );
#11726 = ORIENTED_EDGE('',*,*,#10987,.F.);
#11727 = ORIENTED_EDGE('',*,*,#11616,.T.);
#11728 = ADVANCED_FACE('',(#11729),#10975,.T.);
#11729 = FACE_BOUND('',#11730,.T.);
#11730 = EDGE_LOOP('',(#11731,#11754,#11755,#11756));
#11731 = ORIENTED_EDGE('',*,*,#11732,.F.);
#11732 = EDGE_CURVE('',#10907,#11733,#11735,.T.);
#11733 = VERTEX_POINT('',#11734);
#11734 = CARTESIAN_POINT('',(3.859131634832,-0.395,11.509718154986));
#11735 = SURFACE_CURVE('',#11736,(#11740,#11747),.PCURVE_S1.);
#11736 = LINE('',#11737,#11738);
#11737 = CARTESIAN_POINT('',(3.415404978094,-0.395,15.916371473349));
#11738 = VECTOR('',#11739,1.);
#11739 = DIRECTION('',(0.100188061612,-0.,-0.994968518251));
#11740 = PCURVE('',#10975,#11741);
#11741 = DEFINITIONAL_REPRESENTATION('',(#11742),#11746);
#11742 = LINE('',#11743,#11744);
#11743 = CARTESIAN_POINT('',(-2.185336269284,-2.469610051471));
#11744 = VECTOR('',#11745,1.);
#11745 = DIRECTION('',(-6.50833687835E-02,0.997879829993));
#11746 = ( GEOMETRIC_REPRESENTATION_CONTEXT(2) 
PARAMETRIC_REPRESENTATION_CONTEXT() REPRESENTATION_CONTEXT('2D SPACE',''
  ) );
#11747 = PCURVE('',#10929,#11748);
#11748 = DEFINITIONAL_REPRESENTATION('',(#11749),#11753);
#11749 = LINE('',#11750,#11751);
#11750 = CARTESIAN_POINT('',(0.294478857022,-2.473416677614));
#11751 = VECTOR('',#11752,1.);
#11752 = DIRECTION('',(-3.411395862797E-02,0.999417949522));
#11753 = ( GEOMETRIC_REPRESENTATION_CONTEXT(2) 
PARAMETRIC_REPRESENTATION_CONTEXT() REPRESENTATION_CONTEXT('2D SPACE',''
  ) );
#11754 = ORIENTED_EDGE('',*,*,#10941,.T.);
#11755 = ORIENTED_EDGE('',*,*,#11700,.F.);
#11756 = ORIENTED_EDGE('',*,*,#11757,.F.);
#11757 = EDGE_CURVE('',#11733,#11677,#11758,.T.);
#11758 = SURFACE_CURVE('',#11759,(#11764,#11771),.PCURVE_S1.);
#11759 = HYPERBOLA('',#11760,0.203528734064,0.381348792359);
#11760 = AXIS2_PLACEMENT_3D('',#11761,#11762,#11763);
#11761 = CARTESIAN_POINT('',(4.459833033346,0.247934242907,
    10.999821974765));
#11762 = DIRECTION('',(0.758047818829,-0.647716775677,7.633140163198E-02
    ));
#11763 = DIRECTION('',(-5.803216119081E-02,4.958579577486E-02,
    0.997082502667));
#11764 = PCURVE('',#10975,#11765);
#11765 = DEFINITIONAL_REPRESENTATION('',(#11766),#11770);
#11766 = HYPERBOLA('',#11767,0.203528734064,0.381348792359);
#11767 = AXIS2_PLACEMENT_2D('',#11768,#11769);
#11768 = CARTESIAN_POINT('',(-3.352610260902,2.461325438252));
#11769 = DIRECTION('',(-6.979382312823E-18,-1.));
#11770 = ( GEOMETRIC_REPRESENTATION_CONTEXT(2) 
PARAMETRIC_REPRESENTATION_CONTEXT() REPRESENTATION_CONTEXT('2D SPACE',''
  ) );
#11771 = PCURVE('',#11316,#11772);
#11772 = DEFINITIONAL_REPRESENTATION('',(#11773),#11781);
#11773 = B_SPLINE_CURVE_WITH_KNOTS('',6,(#11774,#11775,#11776,#11777,
    #11778,#11779,#11780),.UNSPECIFIED.,.F.,.F.,(7,7),(0.80968519384,
    1.748249181547),.PIECEWISE_BEZIER_KNOTS.);
#11774 = CARTESIAN_POINT('',(3.141089773917,-0.327376278856));
#11775 = CARTESIAN_POINT('',(3.253793275742,-0.298771209243));
#11776 = CARTESIAN_POINT('',(3.352752120212,-0.262144681271));
#11777 = CARTESIAN_POINT('',(3.43732341533,-0.216238488484));
#11778 = CARTESIAN_POINT('',(3.509274773309,-0.159197950595));
#11779 = CARTESIAN_POINT('',(3.570453380656,-8.841589612661E-02));
#11780 = CARTESIAN_POINT('',(3.622552397143,1.225320778871E-15));
#11781 = ( GEOMETRIC_REPRESENTATION_CONTEXT(2) 
PARAMETRIC_REPRESENTATION_CONTEXT() REPRESENTATION_CONTEXT('2D SPACE',''
  ) );
#11782 = ADVANCED_FACE('',(#11783),#10929,.T.);
#11783 = FACE_BOUND('',#11784,.T.);
#11784 = EDGE_LOOP('',(#11785,#11808,#11809,#11810));
#11785 = ORIENTED_EDGE('',*,*,#11786,.F.);
#11786 = EDGE_CURVE('',#10872,#11787,#11789,.T.);
#11787 = VERTEX_POINT('',#11788);
#11788 = CARTESIAN_POINT('',(4.015,0.,11.382367964155));
#11789 = SURFACE_CURVE('',#11790,(#11794,#11801),.PCURVE_S1.);
#11790 = LINE('',#11791,#11792);
#11791 = CARTESIAN_POINT('',(3.558449853341,5.8E-16,15.916371473349));
#11792 = VECTOR('',#11793,1.);
#11793 = DIRECTION('',(0.100188061612,-0.,-0.994968518251));
#11794 = PCURVE('',#10929,#11795);
#11795 = DEFINITIONAL_REPRESENTATION('',(#11796),#11800);
#11796 = LINE('',#11797,#11798);
#11797 = CARTESIAN_POINT('',(-0.125624506847,-2.473416677614));
#11798 = VECTOR('',#11799,1.);
#11799 = DIRECTION('',(-3.411395862797E-02,0.999417949522));
#11800 = ( GEOMETRIC_REPRESENTATION_CONTEXT(2) 
PARAMETRIC_REPRESENTATION_CONTEXT() REPRESENTATION_CONTEXT('2D SPACE',''
  ) );
#11801 = PCURVE('',#10894,#11802);
#11802 = DEFINITIONAL_REPRESENTATION('',(#11803),#11807);
#11803 = LINE('',#11804,#11805);
#11804 = CARTESIAN_POINT('',(0.125624506847,-2.473416677614));
#11805 = VECTOR('',#11806,1.);
#11806 = DIRECTION('',(3.411395862797E-02,0.999417949522));
#11807 = ( GEOMETRIC_REPRESENTATION_CONTEXT(2) 
PARAMETRIC_REPRESENTATION_CONTEXT() REPRESENTATION_CONTEXT('2D SPACE',''
  ) );
#11808 = ORIENTED_EDGE('',*,*,#10906,.T.);
#11809 = ORIENTED_EDGE('',*,*,#11732,.T.);
#11810 = ORIENTED_EDGE('',*,*,#11811,.F.);
#11811 = EDGE_CURVE('',#11787,#11733,#11812,.T.);
#11812 = SURFACE_CURVE('',#11813,(#11818,#11825),.PCURVE_S1.);
#11813 = HYPERBOLA('',#11814,0.350222911598,0.654909647025);
#11814 = AXIS2_PLACEMENT_3D('',#11815,#11816,#11817);
#11815 = CARTESIAN_POINT('',(4.133442874632,0.223279334382,
    11.009113615693));
#11816 = DIRECTION('',(0.93605880101,-0.33898332763,9.425616500203E-02)
  );
#11817 = DIRECTION('',(-8.862386826157E-02,3.209415235281E-02,
    0.995547977427));
#11818 = PCURVE('',#10929,#11819);
#11819 = DEFINITIONAL_REPRESENTATION('',(#11820),#11824);
#11820 = HYPERBOLA('',#11821,0.350222911598,0.654909647025);
#11821 = AXIS2_PLACEMENT_2D('',#11822,#11823);
#11822 = CARTESIAN_POINT('',(-0.531346423733,2.455786102084));
#11823 = DIRECTION('',(1.544605614572E-20,-1.));
#11824 = ( GEOMETRIC_REPRESENTATION_CONTEXT(2) 
PARAMETRIC_REPRESENTATION_CONTEXT() REPRESENTATION_CONTEXT('2D SPACE',''
  ) );
#11825 = PCURVE('',#11316,#11826);
#11826 = DEFINITIONAL_REPRESENTATION('',(#11827),#11836);
#11827 = B_SPLINE_CURVE_WITH_KNOTS('',7,(#11828,#11829,#11830,#11831,
    #11832,#11833,#11834,#11835),.UNSPECIFIED.,.F.,.F.,(8,8),(
    0.268511940614,1.109111310911),.PIECEWISE_BEZIER_KNOTS.);
#11828 = CARTESIAN_POINT('',(3.046591030658,-0.229946710945));
#11829 = CARTESIAN_POINT('',(3.15696517323,-0.218568668157));
#11830 = CARTESIAN_POINT('',(3.263471908517,-0.201111981153));
#11831 = CARTESIAN_POINT('',(3.363958866355,-0.177308623479));
#11832 = CARTESIAN_POINT('',(3.456856313514,-0.146675968343));
#11833 = CARTESIAN_POINT('',(3.541691124334,-0.108500378213));
#11834 = CARTESIAN_POINT('',(3.618547278994,-6.179781267098E-02));
#11835 = CARTESIAN_POINT('',(3.68782893278,-5.236075069836E-03));
#11836 = ( GEOMETRIC_REPRESENTATION_CONTEXT(2) 
PARAMETRIC_REPRESENTATION_CONTEXT() REPRESENTATION_CONTEXT('2D SPACE',''
  ) );
#11837 = ADVANCED_FACE('',(#11838),#10894,.T.);
#11838 = FACE_BOUND('',#11839,.T.);
#11839 = EDGE_LOOP('',(#11840,#11863,#11864,#11865));
#11840 = ORIENTED_EDGE('',*,*,#11841,.F.);
#11841 = EDGE_CURVE('',#10826,#11842,#11844,.T.);
#11842 = VERTEX_POINT('',#11843);
#11843 = CARTESIAN_POINT('',(3.859131634832,0.395,11.509718154986));
#11844 = SURFACE_CURVE('',#11845,(#11849,#11856),.PCURVE_S1.);
#11845 = LINE('',#11846,#11847);
#11846 = CARTESIAN_POINT('',(3.415404978094,0.395,15.916371473349));
#11847 = VECTOR('',#11848,1.);
#11848 = DIRECTION('',(0.100188061612,-0.,-0.994968518251));
#11849 = PCURVE('',#10894,#11850);
#11850 = DEFINITIONAL_REPRESENTATION('',(#11851),#11855);
#11851 = LINE('',#11852,#11853);
#11852 = CARTESIAN_POINT('',(-0.294478857022,-2.473416677614));
#11853 = VECTOR('',#11854,1.);
#11854 = DIRECTION('',(3.411395862797E-02,0.999417949522));
#11855 = ( GEOMETRIC_REPRESENTATION_CONTEXT(2) 
PARAMETRIC_REPRESENTATION_CONTEXT() REPRESENTATION_CONTEXT('2D SPACE',''
  ) );
#11856 = PCURVE('',#10859,#11857);
#11857 = DEFINITIONAL_REPRESENTATION('',(#11858),#11862);
#11858 = LINE('',#11859,#11860);
#11859 = CARTESIAN_POINT('',(2.185336269284,-2.469610051471));
#11860 = VECTOR('',#11861,1.);
#11861 = DIRECTION('',(6.50833687835E-02,0.997879829993));
#11862 = ( GEOMETRIC_REPRESENTATION_CONTEXT(2) 
PARAMETRIC_REPRESENTATION_CONTEXT() REPRESENTATION_CONTEXT('2D SPACE',''
  ) );
#11863 = ORIENTED_EDGE('',*,*,#10871,.T.);
#11864 = ORIENTED_EDGE('',*,*,#11786,.T.);
#11865 = ORIENTED_EDGE('',*,*,#11866,.F.);
#11866 = EDGE_CURVE('',#11842,#11787,#11867,.T.);
#11867 = SURFACE_CURVE('',#11868,(#11873,#11880),.PCURVE_S1.);
#11868 = HYPERBOLA('',#11869,0.350222911598,0.654909647025);
#11869 = AXIS2_PLACEMENT_3D('',#11870,#11871,#11872);
#11870 = CARTESIAN_POINT('',(4.133442874632,-0.223279334382,
    11.009113615693));
#11871 = DIRECTION('',(0.93605880101,0.33898332763,9.425616500203E-02));
#11872 = DIRECTION('',(-8.862386826157E-02,-3.209415235281E-02,
    0.995547977427));
#11873 = PCURVE('',#10894,#11874);
#11874 = DEFINITIONAL_REPRESENTATION('',(#11875),#11879);
#11875 = HYPERBOLA('',#11876,0.350222911598,0.654909647025);
#11876 = AXIS2_PLACEMENT_2D('',#11877,#11878);
#11877 = CARTESIAN_POINT('',(0.531346423733,2.455786102084));
#11878 = DIRECTION('',(-6.954339960053E-18,-1.));
#11879 = ( GEOMETRIC_REPRESENTATION_CONTEXT(2) 
PARAMETRIC_REPRESENTATION_CONTEXT() REPRESENTATION_CONTEXT('2D SPACE',''
  ) );
#11880 = PCURVE('',#11316,#11881);
#11881 = DEFINITIONAL_REPRESENTATION('',(#11882),#11891);
#11882 = B_SPLINE_CURVE_WITH_KNOTS('',7,(#11883,#11884,#11885,#11886,
    #11887,#11888,#11889,#11890),.UNSPECIFIED.,.F.,.F.,(8,8),(
    -1.109111310911,-0.268511940614),.PIECEWISE_BEZIER_KNOTS.);
#11883 = CARTESIAN_POINT('',(2.5953563744,-5.236075069836E-03));
#11884 = CARTESIAN_POINT('',(2.664638028185,-6.179781267098E-02));
#11885 = CARTESIAN_POINT('',(2.741494182845,-0.108500378213));
#11886 = CARTESIAN_POINT('',(2.826328993667,-0.146675968343));
#11887 = CARTESIAN_POINT('',(2.919226440825,-0.177308623479));
#11888 = CARTESIAN_POINT('',(3.019713398662,-0.201111981153));
#11889 = CARTESIAN_POINT('',(3.126220133949,-0.218568668157));
#11890 = CARTESIAN_POINT('',(3.236594276521,-0.229946710945));
#11891 = ( GEOMETRIC_REPRESENTATION_CONTEXT(2) 
PARAMETRIC_REPRESENTATION_CONTEXT() REPRESENTATION_CONTEXT('2D SPACE',''
  ) );
#11892 = ADVANCED_FACE('',(#11893),#10859,.T.);
#11893 = FACE_BOUND('',#11894,.T.);
#11894 = EDGE_LOOP('',(#11895,#11924,#11925,#11926));
#11895 = ORIENTED_EDGE('',*,*,#11896,.F.);
#11896 = EDGE_CURVE('',#10797,#11897,#11899,.T.);
#11897 = VERTEX_POINT('',#11898);
#11898 = CARTESIAN_POINT('',(3.734898733159,0.529711636702,
    11.600368831136));
#11899 = SURFACE_CURVE('',#11900,(#11905,#11912),.PCURVE_S1.);
#11900 = HYPERBOLA('',#11901,0.518803557914,0.254852851795);
#11901 = AXIS2_PLACEMENT_3D('',#11902,#11903,#11904);
#11902 = CARTESIAN_POINT('',(4.553918869475,-0.167542250607,
    9.383281438826));
#11903 = DIRECTION('',(0.758047818829,0.647716775677,7.633140163198E-02)
  );
#11904 = DIRECTION('',(-5.803216119081E-02,-4.958579577486E-02,
    0.997082502667));
#11905 = PCURVE('',#10859,#11906);
#11906 = DEFINITIONAL_REPRESENTATION('',(#11907),#11911);
#11907 = HYPERBOLA('',#11908,0.518803557914,0.254852851795);
#11908 = AXIS2_PLACEMENT_2D('',#11909,#11910);
#11909 = CARTESIAN_POINT('',(3.352610260902,4.08259602681));
#11910 = DIRECTION('',(-6.898405494991E-18,-1.));
#11911 = ( GEOMETRIC_REPRESENTATION_CONTEXT(2) 
PARAMETRIC_REPRESENTATION_CONTEXT() REPRESENTATION_CONTEXT('2D SPACE',''
  ) );
#11912 = PCURVE('',#10813,#11913);
#11913 = DEFINITIONAL_REPRESENTATION('',(#11914),#11923);
#11914 = B_SPLINE_CURVE_WITH_KNOTS('',7,(#11915,#11916,#11917,#11918,
    #11919,#11920,#11921,#11922),.UNSPECIFIED.,.F.,.F.,(8,8),(
    -3.042532923046,-2.134597207417),.PIECEWISE_BEZIER_KNOTS.);
#11915 = CARTESIAN_POINT('',(2.525567290831,9.065685083029E-15));
#11916 = CARTESIAN_POINT('',(2.53759437455,-0.701498128582));
#11917 = CARTESIAN_POINT('',(2.551407075509,-1.29635934637));
#11918 = CARTESIAN_POINT('',(2.567315754586,-1.803859067972));
#11919 = CARTESIAN_POINT('',(2.585694943453,-2.238880022435));
#11920 = CARTESIAN_POINT('',(2.60699482142,-2.613225801562));
#11921 = CARTESIAN_POINT('',(2.631763289778,-2.936371929625));
#11922 = CARTESIAN_POINT('',(2.660632910037,-3.216002642213));
#11923 = ( GEOMETRIC_REPRESENTATION_CONTEXT(2) 
PARAMETRIC_REPRESENTATION_CONTEXT() REPRESENTATION_CONTEXT('2D SPACE',''
  ) );
#11924 = ORIENTED_EDGE('',*,*,#10825,.T.);
#11925 = ORIENTED_EDGE('',*,*,#11841,.T.);
#11926 = ORIENTED_EDGE('',*,*,#11927,.F.);
#11927 = EDGE_CURVE('',#11897,#11842,#11928,.T.);
#11928 = SURFACE_CURVE('',#11929,(#11934,#11941),.PCURVE_S1.);
#11929 = HYPERBOLA('',#11930,0.203528734064,0.381348792359);
#11930 = AXIS2_PLACEMENT_3D('',#11931,#11932,#11933);
#11931 = CARTESIAN_POINT('',(4.459833033346,-0.247934242907,
    10.999821974765));
#11932 = DIRECTION('',(0.758047818829,0.647716775677,7.633140163198E-02)
  );
#11933 = DIRECTION('',(-5.803216119081E-02,-4.958579577486E-02,
    0.997082502667));
#11934 = PCURVE('',#10859,#11935);
#11935 = DEFINITIONAL_REPRESENTATION('',(#11936),#11940);
#11936 = HYPERBOLA('',#11937,0.203528734064,0.381348792359);
#11937 = AXIS2_PLACEMENT_2D('',#11938,#11939);
#11938 = CARTESIAN_POINT('',(3.352610260902,2.461325438252));
#11939 = DIRECTION('',(-6.898405494991E-18,-1.));
#11940 = ( GEOMETRIC_REPRESENTATION_CONTEXT(2) 
PARAMETRIC_REPRESENTATION_CONTEXT() REPRESENTATION_CONTEXT('2D SPACE',''
  ) );
#11941 = PCURVE('',#11316,#11942);
#11942 = DEFINITIONAL_REPRESENTATION('',(#11943),#11951);
#11943 = B_SPLINE_CURVE_WITH_KNOTS('',6,(#11944,#11945,#11946,#11947,
    #11948,#11949,#11950),.UNSPECIFIED.,.F.,.F.,(7,7),(-1.748249181547,
    -0.80968519384),.PIECEWISE_BEZIER_KNOTS.);
#11944 = CARTESIAN_POINT('',(2.660632910037,1.131426466314E-15));
#11945 = CARTESIAN_POINT('',(2.712731926524,-8.841589612661E-02));
#11946 = CARTESIAN_POINT('',(2.773910533871,-0.159197950595));
#11947 = CARTESIAN_POINT('',(2.845861891849,-0.216238488484));
#11948 = CARTESIAN_POINT('',(2.930433186968,-0.262144681271));
#11949 = CARTESIAN_POINT('',(3.029392031437,-0.298771209243));
#11950 = CARTESIAN_POINT('',(3.142095533263,-0.327376278856));
#11951 = ( GEOMETRIC_REPRESENTATION_CONTEXT(2) 
PARAMETRIC_REPRESENTATION_CONTEXT() REPRESENTATION_CONTEXT('2D SPACE',''
  ) );
#11952 = ADVANCED_FACE('',(#11953),#10813,.F.);
#11953 = FACE_BOUND('',#11954,.T.);
#11954 = EDGE_LOOP('',(#11955,#11979,#12006,#12007));
#11955 = ORIENTED_EDGE('',*,*,#11956,.F.);
#11956 = EDGE_CURVE('',#11957,#11897,#11959,.T.);
#11957 = VERTEX_POINT('',#11958);
#11958 = CARTESIAN_POINT('',(4.220288363298,1.015101266841,
    11.600368831136));
#11959 = SURFACE_CURVE('',#11960,(#11965,#11972),.PCURVE_S1.);
#11960 = CIRCLE('',#11961,1.145);
#11961 = AXIS2_PLACEMENT_3D('',#11962,#11963,#11964);
#11962 = CARTESIAN_POINT('',(4.75,0.,11.600368831136));
#11963 = DIRECTION('',(0.,0.,1.));
#11964 = DIRECTION('',(1.,0.,0.));
#11965 = PCURVE('',#10813,#11966);
#11966 = DEFINITIONAL_REPRESENTATION('',(#11967),#11971);
#11967 = LINE('',#11968,#11969);
#11968 = CARTESIAN_POINT('',(0.,-3.216002642213));
#11969 = VECTOR('',#11970,1.);
#11970 = DIRECTION('',(1.,-0.));
#11971 = ( GEOMETRIC_REPRESENTATION_CONTEXT(2) 
PARAMETRIC_REPRESENTATION_CONTEXT() REPRESENTATION_CONTEXT('2D SPACE',''
  ) );
#11972 = PCURVE('',#11316,#11973);
#11973 = DEFINITIONAL_REPRESENTATION('',(#11974),#11978);
#11974 = LINE('',#11975,#11976);
#11975 = CARTESIAN_POINT('',(0.,-0.));
#11976 = VECTOR('',#11977,1.);
#11977 = DIRECTION('',(1.,-0.));
#11978 = ( GEOMETRIC_REPRESENTATION_CONTEXT(2) 
PARAMETRIC_REPRESENTATION_CONTEXT() REPRESENTATION_CONTEXT('2D SPACE',''
  ) );
#11979 = ORIENTED_EDGE('',*,*,#11980,.T.);
#11980 = EDGE_CURVE('',#11957,#10751,#11981,.T.);
#11981 = SURFACE_CURVE('',#11982,(#11987,#11999),.PCURVE_S1.);
#11982 = HYPERBOLA('',#11983,0.518803557914,0.254852851795);
#11983 = AXIS2_PLACEMENT_3D('',#11984,#11985,#11986);
#11984 = CARTESIAN_POINT('',(4.917542250607,0.196081130525,
    9.383281438826));
#11985 = DIRECTION('',(-0.647716775677,-0.758047818829,
    7.633140163198E-02));
#11986 = DIRECTION('',(4.958579577486E-02,5.803216119081E-02,
    0.997082502667));
#11987 = PCURVE('',#10813,#11988);
#11988 = DEFINITIONAL_REPRESENTATION('',(#11989),#11998);
#11989 = B_SPLINE_CURVE_WITH_KNOTS('',7,(#11990,#11991,#11992,#11993,
    #11994,#11995,#11996,#11997),.UNSPECIFIED.,.F.,.F.,(8,8),(
    2.134597207417,3.042532923046),.PIECEWISE_BEZIER_KNOTS.);
#11990 = CARTESIAN_POINT('',(2.051756070348,-3.216002642213));
#11991 = CARTESIAN_POINT('',(2.080625690606,-2.936371929625));
#11992 = CARTESIAN_POINT('',(2.105394158965,-2.613225801562));
#11993 = CARTESIAN_POINT('',(2.126694036933,-2.238880022434));
#11994 = CARTESIAN_POINT('',(2.145073225799,-1.803859067972));
#11995 = CARTESIAN_POINT('',(2.160981904875,-1.29635934637));
#11996 = CARTESIAN_POINT('',(2.174794605834,-0.701498128582));
#11997 = CARTESIAN_POINT('',(2.186821689553,7.114728174736E-15));
#11998 = ( GEOMETRIC_REPRESENTATION_CONTEXT(2) 
PARAMETRIC_REPRESENTATION_CONTEXT() REPRESENTATION_CONTEXT('2D SPACE',''
  ) );
#11999 = PCURVE('',#10784,#12000);
#12000 = DEFINITIONAL_REPRESENTATION('',(#12001),#12005);
#12001 = HYPERBOLA('',#12002,0.518803557914,0.254852851795);
#12002 = AXIS2_PLACEMENT_2D('',#12003,#12004);
#12003 = CARTESIAN_POINT('',(-3.352610260902,4.08259602681));
#12004 = DIRECTION('',(-6.979382312823E-18,-1.));
#12005 = ( GEOMETRIC_REPRESENTATION_CONTEXT(2) 
PARAMETRIC_REPRESENTATION_CONTEXT() REPRESENTATION_CONTEXT('2D SPACE',''
  ) );
#12006 = ORIENTED_EDGE('',*,*,#10796,.F.);
#12007 = ORIENTED_EDGE('',*,*,#11896,.T.);
#12008 = ADVANCED_FACE('',(#12009),#10784,.T.);
#12009 = FACE_BOUND('',#12010,.T.);
#12010 = EDGE_LOOP('',(#12011,#12034,#12035,#12036));
#12011 = ORIENTED_EDGE('',*,*,#12012,.F.);
#12012 = EDGE_CURVE('',#10716,#12013,#12015,.T.);
#12013 = VERTEX_POINT('',#12014);
#12014 = CARTESIAN_POINT('',(4.355,0.890868365168,11.509718154986));
#12015 = SURFACE_CURVE('',#12016,(#12020,#12027),.PCURVE_S1.);
#12016 = LINE('',#12017,#12018);
#12017 = CARTESIAN_POINT('',(4.355,1.334595021906,15.916371473349));
#12018 = VECTOR('',#12019,1.);
#12019 = DIRECTION('',(-0.,-0.100188061612,-0.994968518251));
#12020 = PCURVE('',#10784,#12021);
#12021 = DEFINITIONAL_REPRESENTATION('',(#12022),#12026);
#12022 = LINE('',#12023,#12024);
#12023 = CARTESIAN_POINT('',(-2.185336269284,-2.469610051471));
#12024 = VECTOR('',#12025,1.);
#12025 = DIRECTION('',(-6.50833687835E-02,0.997879829993));
#12026 = ( GEOMETRIC_REPRESENTATION_CONTEXT(2) 
PARAMETRIC_REPRESENTATION_CONTEXT() REPRESENTATION_CONTEXT('2D SPACE',''
  ) );
#12027 = PCURVE('',#10738,#12028);
#12028 = DEFINITIONAL_REPRESENTATION('',(#12029),#12033);
#12029 = LINE('',#12030,#12031);
#12030 = CARTESIAN_POINT('',(0.294478857022,-2.473416677614));
#12031 = VECTOR('',#12032,1.);
#12032 = DIRECTION('',(-3.411395862797E-02,0.999417949522));
#12033 = ( GEOMETRIC_REPRESENTATION_CONTEXT(2) 
PARAMETRIC_REPRESENTATION_CONTEXT() REPRESENTATION_CONTEXT('2D SPACE',''
  ) );
#12034 = ORIENTED_EDGE('',*,*,#10750,.T.);
#12035 = ORIENTED_EDGE('',*,*,#11980,.F.);
#12036 = ORIENTED_EDGE('',*,*,#12037,.F.);
#12037 = EDGE_CURVE('',#12013,#11957,#12038,.T.);
#12038 = SURFACE_CURVE('',#12039,(#12044,#12051),.PCURVE_S1.);
#12039 = HYPERBOLA('',#12040,0.203528734064,0.381348792359);
#12040 = AXIS2_PLACEMENT_3D('',#12041,#12042,#12043);
#12041 = CARTESIAN_POINT('',(4.997934242907,0.290166966654,
    10.999821974765));
#12042 = DIRECTION('',(-0.647716775677,-0.758047818829,
    7.633140163198E-02));
#12043 = DIRECTION('',(4.958579577486E-02,5.803216119081E-02,
    0.997082502667));
#12044 = PCURVE('',#10784,#12045);
#12045 = DEFINITIONAL_REPRESENTATION('',(#12046),#12050);
#12046 = HYPERBOLA('',#12047,0.203528734064,0.381348792359);
#12047 = AXIS2_PLACEMENT_2D('',#12048,#12049);
#12048 = CARTESIAN_POINT('',(-3.352610260902,2.461325438252));
#12049 = DIRECTION('',(-6.979382312823E-18,-1.));
#12050 = ( GEOMETRIC_REPRESENTATION_CONTEXT(2) 
PARAMETRIC_REPRESENTATION_CONTEXT() REPRESENTATION_CONTEXT('2D SPACE',''
  ) );
#12051 = PCURVE('',#11316,#12052);
#12052 = DEFINITIONAL_REPRESENTATION('',(#12053),#12061);
#12053 = B_SPLINE_CURVE_WITH_KNOTS('',6,(#12054,#12055,#12056,#12057,
    #12058,#12059,#12060),.UNSPECIFIED.,.F.,.F.,(7,7),(0.80968519384,
    1.748249181547),.PIECEWISE_BEZIER_KNOTS.);
#12054 = CARTESIAN_POINT('',(1.570293447122,-0.327376278856));
#12055 = CARTESIAN_POINT('',(1.682996948947,-0.298771209243));
#12056 = CARTESIAN_POINT('',(1.781955793417,-0.262144681271));
#12057 = CARTESIAN_POINT('',(1.866527088535,-0.216238488484));
#12058 = CARTESIAN_POINT('',(1.938478446514,-0.159197950595));
#12059 = CARTESIAN_POINT('',(1.999657053861,-8.841589612661E-02));
#12060 = CARTESIAN_POINT('',(2.051756070348,6.66649619156E-16));
#12061 = ( GEOMETRIC_REPRESENTATION_CONTEXT(2) 
PARAMETRIC_REPRESENTATION_CONTEXT() REPRESENTATION_CONTEXT('2D SPACE',''
  ) );
#12062 = ADVANCED_FACE('',(#12063),#10738,.T.);
#12063 = FACE_BOUND('',#12064,.T.);
#12064 = EDGE_LOOP('',(#12065,#12088,#12089,#12090));
#12065 = ORIENTED_EDGE('',*,*,#12066,.F.);
#12066 = EDGE_CURVE('',#10681,#12067,#12069,.T.);
#12067 = VERTEX_POINT('',#12068);
#12068 = CARTESIAN_POINT('',(4.75,0.735,11.382367964155));
#12069 = SURFACE_CURVE('',#12070,(#12074,#12081),.PCURVE_S1.);
#12070 = LINE('',#12071,#12072);
#12071 = CARTESIAN_POINT('',(4.75,1.191550146659,15.916371473349));
#12072 = VECTOR('',#12073,1.);
#12073 = DIRECTION('',(-0.,-0.100188061612,-0.994968518251));
#12074 = PCURVE('',#10738,#12075);
#12075 = DEFINITIONAL_REPRESENTATION('',(#12076),#12080);
#12076 = LINE('',#12077,#12078);
#12077 = CARTESIAN_POINT('',(-0.125624506847,-2.473416677614));
#12078 = VECTOR('',#12079,1.);
#12079 = DIRECTION('',(-3.411395862797E-02,0.999417949522));
#12080 = ( GEOMETRIC_REPRESENTATION_CONTEXT(2) 
PARAMETRIC_REPRESENTATION_CONTEXT() REPRESENTATION_CONTEXT('2D SPACE',''
  ) );
#12081 = PCURVE('',#10703,#12082);
#12082 = DEFINITIONAL_REPRESENTATION('',(#12083),#12087);
#12083 = LINE('',#12084,#12085);
#12084 = CARTESIAN_POINT('',(0.125624506847,-2.473416677614));
#12085 = VECTOR('',#12086,1.);
#12086 = DIRECTION('',(3.411395862797E-02,0.999417949522));
#12087 = ( GEOMETRIC_REPRESENTATION_CONTEXT(2) 
PARAMETRIC_REPRESENTATION_CONTEXT() REPRESENTATION_CONTEXT('2D SPACE',''
  ) );
#12088 = ORIENTED_EDGE('',*,*,#10715,.T.);
#12089 = ORIENTED_EDGE('',*,*,#12012,.T.);
#12090 = ORIENTED_EDGE('',*,*,#12091,.F.);
#12091 = EDGE_CURVE('',#12067,#12013,#12092,.T.);
#12092 = SURFACE_CURVE('',#12093,(#12098,#12105),.PCURVE_S1.);
#12093 = HYPERBOLA('',#12094,0.350222911598,0.654909647025);
#12094 = AXIS2_PLACEMENT_3D('',#12095,#12096,#12097);
#12095 = CARTESIAN_POINT('',(4.973279334382,0.616557125368,
    11.009113615693));
#12096 = DIRECTION('',(-0.33898332763,-0.93605880101,9.425616500203E-02)
  );
#12097 = DIRECTION('',(3.209415235281E-02,8.862386826157E-02,
    0.995547977427));
#12098 = PCURVE('',#10738,#12099);
#12099 = DEFINITIONAL_REPRESENTATION('',(#12100),#12104);
#12100 = HYPERBOLA('',#12101,0.350222911598,0.654909647025);
#12101 = AXIS2_PLACEMENT_2D('',#12102,#12103);
#12102 = CARTESIAN_POINT('',(-0.531346423733,2.455786102084));
#12103 = DIRECTION('',(1.544605614572E-20,-1.));
#12104 = ( GEOMETRIC_REPRESENTATION_CONTEXT(2) 
PARAMETRIC_REPRESENTATION_CONTEXT() REPRESENTATION_CONTEXT('2D SPACE',''
  ) );
#12105 = PCURVE('',#11316,#12106);
#12106 = DEFINITIONAL_REPRESENTATION('',(#12107),#12116);
#12107 = B_SPLINE_CURVE_WITH_KNOTS('',7,(#12108,#12109,#12110,#12111,
    #12112,#12113,#12114,#12115),.UNSPECIFIED.,.F.,.F.,(8,8),(
    0.268511940614,1.109111310911),.PIECEWISE_BEZIER_KNOTS.);
#12108 = CARTESIAN_POINT('',(1.475794703863,-0.229946710945));
#12109 = CARTESIAN_POINT('',(1.586168846435,-0.218568668157));
#12110 = CARTESIAN_POINT('',(1.692675581722,-0.201111981153));
#12111 = CARTESIAN_POINT('',(1.793162539559,-0.177308623479));
#12112 = CARTESIAN_POINT('',(1.886059986719,-0.146675968343));
#12113 = CARTESIAN_POINT('',(1.970894797539,-0.108500378213));
#12114 = CARTESIAN_POINT('',(2.047750952199,-6.179781267098E-02));
#12115 = CARTESIAN_POINT('',(2.117032605985,-5.236075069836E-03));
#12116 = ( GEOMETRIC_REPRESENTATION_CONTEXT(2) 
PARAMETRIC_REPRESENTATION_CONTEXT() REPRESENTATION_CONTEXT('2D SPACE',''
  ) );
#12117 = ADVANCED_FACE('',(#12118),#10703,.T.);
#12118 = FACE_BOUND('',#12119,.T.);
#12119 = EDGE_LOOP('',(#12120,#12143,#12144,#12145));
#12120 = ORIENTED_EDGE('',*,*,#12121,.F.);
#12121 = EDGE_CURVE('',#10635,#12122,#12124,.T.);
#12122 = VERTEX_POINT('',#12123);
#12123 = CARTESIAN_POINT('',(5.145,0.890868365168,11.509718154986));
#12124 = SURFACE_CURVE('',#12125,(#12129,#12136),.PCURVE_S1.);
#12125 = LINE('',#12126,#12127);
#12126 = CARTESIAN_POINT('',(5.145,1.334595021906,15.916371473349));
#12127 = VECTOR('',#12128,1.);
#12128 = DIRECTION('',(-0.,-0.100188061612,-0.994968518251));
#12129 = PCURVE('',#10703,#12130);
#12130 = DEFINITIONAL_REPRESENTATION('',(#12131),#12135);
#12131 = LINE('',#12132,#12133);
#12132 = CARTESIAN_POINT('',(-0.294478857022,-2.473416677614));
#12133 = VECTOR('',#12134,1.);
#12134 = DIRECTION('',(3.411395862797E-02,0.999417949522));
#12135 = ( GEOMETRIC_REPRESENTATION_CONTEXT(2) 
PARAMETRIC_REPRESENTATION_CONTEXT() REPRESENTATION_CONTEXT('2D SPACE',''
  ) );
#12136 = PCURVE('',#10668,#12137);
#12137 = DEFINITIONAL_REPRESENTATION('',(#12138),#12142);
#12138 = LINE('',#12139,#12140);
#12139 = CARTESIAN_POINT('',(2.185336269284,-2.469610051471));
#12140 = VECTOR('',#12141,1.);
#12141 = DIRECTION('',(6.50833687835E-02,0.997879829993));
#12142 = ( GEOMETRIC_REPRESENTATION_CONTEXT(2) 
PARAMETRIC_REPRESENTATION_CONTEXT() REPRESENTATION_CONTEXT('2D SPACE',''
  ) );
#12143 = ORIENTED_EDGE('',*,*,#10680,.T.);
#12144 = ORIENTED_EDGE('',*,*,#12066,.T.);
#12145 = ORIENTED_EDGE('',*,*,#12146,.F.);
#12146 = EDGE_CURVE('',#12122,#12067,#12147,.T.);
#12147 = SURFACE_CURVE('',#12148,(#12153,#12160),.PCURVE_S1.);
#12148 = HYPERBOLA('',#12149,0.350222911598,0.654909647025);
#12149 = AXIS2_PLACEMENT_3D('',#12150,#12151,#12152);
#12150 = CARTESIAN_POINT('',(4.526720665618,0.616557125368,
    11.009113615693));
#12151 = DIRECTION('',(0.33898332763,-0.93605880101,9.425616500203E-02)
  );
#12152 = DIRECTION('',(-3.209415235281E-02,8.862386826157E-02,
    0.995547977427));
#12153 = PCURVE('',#10703,#12154);
#12154 = DEFINITIONAL_REPRESENTATION('',(#12155),#12159);
#12155 = HYPERBOLA('',#12156,0.350222911598,0.654909647025);
#12156 = AXIS2_PLACEMENT_2D('',#12157,#12158);
#12157 = CARTESIAN_POINT('',(0.531346423733,2.455786102084));
#12158 = DIRECTION('',(-6.954339960053E-18,-1.));
#12159 = ( GEOMETRIC_REPRESENTATION_CONTEXT(2) 
PARAMETRIC_REPRESENTATION_CONTEXT() REPRESENTATION_CONTEXT('2D SPACE',''
  ) );
#12160 = PCURVE('',#11316,#12161);
#12161 = DEFINITIONAL_REPRESENTATION('',(#12162),#12171);
#12162 = B_SPLINE_CURVE_WITH_KNOTS('',7,(#12163,#12164,#12165,#12166,
    #12167,#12168,#12169,#12170),.UNSPECIFIED.,.F.,.F.,(8,8),(
    -1.109111310911,-0.268511940614),.PIECEWISE_BEZIER_KNOTS.);
#12163 = CARTESIAN_POINT('',(1.024560047605,-5.236075069836E-03));
#12164 = CARTESIAN_POINT('',(1.093841701391,-6.179781267098E-02));
#12165 = CARTESIAN_POINT('',(1.170697856051,-0.108500378213));
#12166 = CARTESIAN_POINT('',(1.255532666871,-0.146675968343));
#12167 = CARTESIAN_POINT('',(1.348430114031,-0.177308623479));
#12168 = CARTESIAN_POINT('',(1.448917071867,-0.201111981153));
#12169 = CARTESIAN_POINT('',(1.555423807154,-0.218568668157));
#12170 = CARTESIAN_POINT('',(1.665797949726,-0.229946710945));
#12171 = ( GEOMETRIC_REPRESENTATION_CONTEXT(2) 
PARAMETRIC_REPRESENTATION_CONTEXT() REPRESENTATION_CONTEXT('2D SPACE',''
  ) );
#12172 = ADVANCED_FACE('',(#12173),#10668,.T.);
#12173 = FACE_BOUND('',#12174,.T.);
#12174 = EDGE_LOOP('',(#12175,#12204,#12205,#12206));
#12175 = ORIENTED_EDGE('',*,*,#12176,.F.);
#12176 = EDGE_CURVE('',#10606,#12177,#12179,.T.);
#12177 = VERTEX_POINT('',#12178);
#12178 = CARTESIAN_POINT('',(5.279711636702,1.015101266841,
    11.600368831136));
#12179 = SURFACE_CURVE('',#12180,(#12185,#12192),.PCURVE_S1.);
#12180 = HYPERBOLA('',#12181,0.518803557914,0.254852851795);
#12181 = AXIS2_PLACEMENT_3D('',#12182,#12183,#12184);
#12182 = CARTESIAN_POINT('',(4.582457749393,0.196081130525,
    9.383281438826));
#12183 = DIRECTION('',(0.647716775677,-0.758047818829,7.633140163198E-02
    ));
#12184 = DIRECTION('',(-4.958579577486E-02,5.803216119081E-02,
    0.997082502667));
#12185 = PCURVE('',#10668,#12186);
#12186 = DEFINITIONAL_REPRESENTATION('',(#12187),#12191);
#12187 = HYPERBOLA('',#12188,0.518803557914,0.254852851795);
#12188 = AXIS2_PLACEMENT_2D('',#12189,#12190);
#12189 = CARTESIAN_POINT('',(3.352610260902,4.08259602681));
#12190 = DIRECTION('',(-6.898405494991E-18,-1.));
#12191 = ( GEOMETRIC_REPRESENTATION_CONTEXT(2) 
PARAMETRIC_REPRESENTATION_CONTEXT() REPRESENTATION_CONTEXT('2D SPACE',''
  ) );
#12192 = PCURVE('',#10622,#12193);
#12193 = DEFINITIONAL_REPRESENTATION('',(#12194),#12203);
#12194 = B_SPLINE_CURVE_WITH_KNOTS('',7,(#12195,#12196,#12197,#12198,
    #12199,#12200,#12201,#12202),.UNSPECIFIED.,.F.,.F.,(8,8),(
    -3.042532923046,-2.134597207417),.PIECEWISE_BEZIER_KNOTS.);
#12195 = CARTESIAN_POINT('',(0.954770964037,3.73187628788E-15));
#12196 = CARTESIAN_POINT('',(0.966798047755,-0.701498128582));
#12197 = CARTESIAN_POINT('',(0.980610748714,-1.29635934637));
#12198 = CARTESIAN_POINT('',(0.996519427791,-1.803859067972));
#12199 = CARTESIAN_POINT('',(1.014898616658,-2.238880022435));
#12200 = CARTESIAN_POINT('',(1.036198494625,-2.613225801562));
#12201 = CARTESIAN_POINT('',(1.060966962983,-2.936371929625));
#12202 = CARTESIAN_POINT('',(1.089836583242,-3.216002642213));
#12203 = ( GEOMETRIC_REPRESENTATION_CONTEXT(2) 
PARAMETRIC_REPRESENTATION_CONTEXT() REPRESENTATION_CONTEXT('2D SPACE',''
  ) );
#12204 = ORIENTED_EDGE('',*,*,#10634,.T.);
#12205 = ORIENTED_EDGE('',*,*,#12121,.T.);
#12206 = ORIENTED_EDGE('',*,*,#12207,.F.);
#12207 = EDGE_CURVE('',#12177,#12122,#12208,.T.);
#12208 = SURFACE_CURVE('',#12209,(#12214,#12221),.PCURVE_S1.);
#12209 = HYPERBOLA('',#12210,0.203528734064,0.381348792359);
#12210 = AXIS2_PLACEMENT_3D('',#12211,#12212,#12213);
#12211 = CARTESIAN_POINT('',(4.502065757093,0.290166966654,
    10.999821974765));
#12212 = DIRECTION('',(0.647716775677,-0.758047818829,7.633140163198E-02
    ));
#12213 = DIRECTION('',(-4.958579577486E-02,5.803216119081E-02,
    0.997082502667));
#12214 = PCURVE('',#10668,#12215);
#12215 = DEFINITIONAL_REPRESENTATION('',(#12216),#12220);
#12216 = HYPERBOLA('',#12217,0.203528734064,0.381348792359);
#12217 = AXIS2_PLACEMENT_2D('',#12218,#12219);
#12218 = CARTESIAN_POINT('',(3.352610260902,2.461325438252));
#12219 = DIRECTION('',(-6.898405494991E-18,-1.));
#12220 = ( GEOMETRIC_REPRESENTATION_CONTEXT(2) 
PARAMETRIC_REPRESENTATION_CONTEXT() REPRESENTATION_CONTEXT('2D SPACE',''
  ) );
#12221 = PCURVE('',#11316,#12222);
#12222 = DEFINITIONAL_REPRESENTATION('',(#12223),#12231);
#12223 = B_SPLINE_CURVE_WITH_KNOTS('',6,(#12224,#12225,#12226,#12227,
    #12228,#12229,#12230),.UNSPECIFIED.,.F.,.F.,(7,7),(-1.748249181547,
    -0.80968519384),.PIECEWISE_BEZIER_KNOTS.);
#12224 = CARTESIAN_POINT('',(1.089836583242,7.605439317131E-16));
#12225 = CARTESIAN_POINT('',(1.141935599729,-8.841589612661E-02));
#12226 = CARTESIAN_POINT('',(1.203114207076,-0.159197950595));
#12227 = CARTESIAN_POINT('',(1.275065565054,-0.216238488484));
#12228 = CARTESIAN_POINT('',(1.359636860173,-0.262144681271));
#12229 = CARTESIAN_POINT('',(1.458595704642,-0.298771209243));
#12230 = CARTESIAN_POINT('',(1.571299206468,-0.327376278856));
#12231 = ( GEOMETRIC_REPRESENTATION_CONTEXT(2) 
PARAMETRIC_REPRESENTATION_CONTEXT() REPRESENTATION_CONTEXT('2D SPACE',''
  ) );
#12232 = ADVANCED_FACE('',(#12233),#10622,.F.);
#12233 = FACE_BOUND('',#12234,.T.);
#12234 = EDGE_LOOP('',(#12235,#12259,#12286,#12287));
#12235 = ORIENTED_EDGE('',*,*,#12236,.F.);
#12236 = EDGE_CURVE('',#12237,#12177,#12239,.T.);
#12237 = VERTEX_POINT('',#12238);
#12238 = CARTESIAN_POINT('',(5.765101266841,0.529711636702,
    11.600368831136));
#12239 = SURFACE_CURVE('',#12240,(#12245,#12252),.PCURVE_S1.);
#12240 = CIRCLE('',#12241,1.145);
#12241 = AXIS2_PLACEMENT_3D('',#12242,#12243,#12244);
#12242 = CARTESIAN_POINT('',(4.75,0.,11.600368831136));
#12243 = DIRECTION('',(0.,0.,1.));
#12244 = DIRECTION('',(1.,0.,0.));
#12245 = PCURVE('',#10622,#12246);
#12246 = DEFINITIONAL_REPRESENTATION('',(#12247),#12251);
#12247 = LINE('',#12248,#12249);
#12248 = CARTESIAN_POINT('',(0.,-3.216002642213));
#12249 = VECTOR('',#12250,1.);
#12250 = DIRECTION('',(1.,-0.));
#12251 = ( GEOMETRIC_REPRESENTATION_CONTEXT(2) 
PARAMETRIC_REPRESENTATION_CONTEXT() REPRESENTATION_CONTEXT('2D SPACE',''
  ) );
#12252 = PCURVE('',#11316,#12253);
#12253 = DEFINITIONAL_REPRESENTATION('',(#12254),#12258);
#12254 = LINE('',#12255,#12256);
#12255 = CARTESIAN_POINT('',(0.,-0.));
#12256 = VECTOR('',#12257,1.);
#12257 = DIRECTION('',(1.,-0.));
#12258 = ( GEOMETRIC_REPRESENTATION_CONTEXT(2) 
PARAMETRIC_REPRESENTATION_CONTEXT() REPRESENTATION_CONTEXT('2D SPACE',''
  ) );
#12259 = ORIENTED_EDGE('',*,*,#12260,.T.);
#12260 = EDGE_CURVE('',#12237,#10560,#12261,.T.);
#12261 = SURFACE_CURVE('',#12262,(#12267,#12279),.PCURVE_S1.);
#12262 = HYPERBOLA('',#12263,0.518803557914,0.254852851795);
#12263 = AXIS2_PLACEMENT_3D('',#12264,#12265,#12266);
#12264 = CARTESIAN_POINT('',(4.946081130525,-0.167542250607,
    9.383281438826));
#12265 = DIRECTION('',(-0.758047818829,0.647716775677,7.633140163198E-02
    ));
#12266 = DIRECTION('',(5.803216119081E-02,-4.958579577486E-02,
    0.997082502667));
#12267 = PCURVE('',#10622,#12268);
#12268 = DEFINITIONAL_REPRESENTATION('',(#12269),#12278);
#12269 = B_SPLINE_CURVE_WITH_KNOTS('',7,(#12270,#12271,#12272,#12273,
    #12274,#12275,#12276,#12277),.UNSPECIFIED.,.F.,.F.,(8,8),(
    2.134597207417,3.042532923046),.PIECEWISE_BEZIER_KNOTS.);
#12270 = CARTESIAN_POINT('',(0.480959743553,-3.216002642213));
#12271 = CARTESIAN_POINT('',(0.509829363812,-2.936371929625));
#12272 = CARTESIAN_POINT('',(0.53459783217,-2.613225801562));
#12273 = CARTESIAN_POINT('',(0.555897710138,-2.238880022435));
#12274 = CARTESIAN_POINT('',(0.574276899003,-1.803859067972));
#12275 = CARTESIAN_POINT('',(0.590185578081,-1.29635934637));
#12276 = CARTESIAN_POINT('',(0.603998279039,-0.701498128582));
#12277 = CARTESIAN_POINT('',(0.616025362758,3.382851886856E-15));
#12278 = ( GEOMETRIC_REPRESENTATION_CONTEXT(2) 
PARAMETRIC_REPRESENTATION_CONTEXT() REPRESENTATION_CONTEXT('2D SPACE',''
  ) );
#12279 = PCURVE('',#10593,#12280);
#12280 = DEFINITIONAL_REPRESENTATION('',(#12281),#12285);
#12281 = HYPERBOLA('',#12282,0.518803557914,0.254852851795);
#12282 = AXIS2_PLACEMENT_2D('',#12283,#12284);
#12283 = CARTESIAN_POINT('',(-3.352610260902,4.08259602681));
#12284 = DIRECTION('',(2.077619330281E-17,-1.));
#12285 = ( GEOMETRIC_REPRESENTATION_CONTEXT(2) 
PARAMETRIC_REPRESENTATION_CONTEXT() REPRESENTATION_CONTEXT('2D SPACE',''
  ) );
#12286 = ORIENTED_EDGE('',*,*,#10605,.F.);
#12287 = ORIENTED_EDGE('',*,*,#12176,.T.);
#12288 = ADVANCED_FACE('',(#12289),#10593,.T.);
#12289 = FACE_BOUND('',#12290,.T.);
#12290 = EDGE_LOOP('',(#12291,#12314,#12315,#12316));
#12291 = ORIENTED_EDGE('',*,*,#12292,.F.);
#12292 = EDGE_CURVE('',#10526,#12293,#12295,.T.);
#12293 = VERTEX_POINT('',#12294);
#12294 = CARTESIAN_POINT('',(5.640868365168,0.395,11.509718154986));
#12295 = SURFACE_CURVE('',#12296,(#12300,#12307),.PCURVE_S1.);
#12296 = LINE('',#12297,#12298);
#12297 = CARTESIAN_POINT('',(6.084595021906,0.395,15.916371473349));
#12298 = VECTOR('',#12299,1.);
#12299 = DIRECTION('',(-0.100188061612,0.,-0.994968518251));
#12300 = PCURVE('',#10593,#12301);
#12301 = DEFINITIONAL_REPRESENTATION('',(#12302),#12306);
#12302 = LINE('',#12303,#12304);
#12303 = CARTESIAN_POINT('',(-2.185336269284,-2.469610051471));
#12304 = VECTOR('',#12305,1.);
#12305 = DIRECTION('',(-6.50833687835E-02,0.997879829993));
#12306 = ( GEOMETRIC_REPRESENTATION_CONTEXT(2) 
PARAMETRIC_REPRESENTATION_CONTEXT() REPRESENTATION_CONTEXT('2D SPACE',''
  ) );
#12307 = PCURVE('',#10547,#12308);
#12308 = DEFINITIONAL_REPRESENTATION('',(#12309),#12313);
#12309 = LINE('',#12310,#12311);
#12310 = CARTESIAN_POINT('',(0.294478857022,-2.473416677614));
#12311 = VECTOR('',#12312,1.);
#12312 = DIRECTION('',(-3.411395862797E-02,0.999417949522));
#12313 = ( GEOMETRIC_REPRESENTATION_CONTEXT(2) 
PARAMETRIC_REPRESENTATION_CONTEXT() REPRESENTATION_CONTEXT('2D SPACE',''
  ) );
#12314 = ORIENTED_EDGE('',*,*,#10559,.T.);
#12315 = ORIENTED_EDGE('',*,*,#12260,.F.);
#12316 = ORIENTED_EDGE('',*,*,#12317,.F.);
#12317 = EDGE_CURVE('',#12293,#12237,#12318,.T.);
#12318 = SURFACE_CURVE('',#12319,(#12324,#12331),.PCURVE_S1.);
#12319 = HYPERBOLA('',#12320,0.203528734064,0.381348792359);
#12320 = AXIS2_PLACEMENT_3D('',#12321,#12322,#12323);
#12321 = CARTESIAN_POINT('',(5.040166966654,-0.247934242907,
    10.999821974765));
#12322 = DIRECTION('',(-0.758047818829,0.647716775677,7.633140163198E-02
    ));
#12323 = DIRECTION('',(5.803216119081E-02,-4.958579577486E-02,
    0.997082502667));
#12324 = PCURVE('',#10593,#12325);
#12325 = DEFINITIONAL_REPRESENTATION('',(#12326),#12330);
#12326 = HYPERBOLA('',#12327,0.203528734064,0.381348792359);
#12327 = AXIS2_PLACEMENT_2D('',#12328,#12329);
#12328 = CARTESIAN_POINT('',(-3.352610260902,2.461325438252));
#12329 = DIRECTION('',(2.077619330281E-17,-1.));
#12330 = ( GEOMETRIC_REPRESENTATION_CONTEXT(2) 
PARAMETRIC_REPRESENTATION_CONTEXT() REPRESENTATION_CONTEXT('2D SPACE',''
  ) );
#12331 = PCURVE('',#11316,#12332);
#12332 = DEFINITIONAL_REPRESENTATION('',(#12333),#12341);
#12333 = B_SPLINE_CURVE_WITH_KNOTS('',6,(#12334,#12335,#12336,#12337,
    #12338,#12339,#12340),.UNSPECIFIED.,.F.,.F.,(7,7),(0.810383326292,
    1.748249181547),.PIECEWISE_BEZIER_KNOTS.);
#12334 = CARTESIAN_POINT('',(5.E-17,-0.327248548349));
#12335 = CARTESIAN_POINT('',(0.112568579067,-0.298634939141));
#12336 = CARTESIAN_POINT('',(0.211411069976,-0.262008056099));
#12337 = CARTESIAN_POINT('',(0.295891284215,-0.216111182728));
#12338 = CARTESIAN_POINT('',(0.367773134236,-0.159092640263));
#12339 = CARTESIAN_POINT('',(0.4288994799,-8.835012969284E-02));
#12340 = CARTESIAN_POINT('',(0.480959743553,3.896613971123E-16));
#12341 = ( GEOMETRIC_REPRESENTATION_CONTEXT(2) 
PARAMETRIC_REPRESENTATION_CONTEXT() REPRESENTATION_CONTEXT('2D SPACE',''
  ) );
#12342 = ADVANCED_FACE('',(#12343),#10547,.T.);
#12343 = FACE_BOUND('',#12344,.T.);
#12344 = EDGE_LOOP('',(#12345,#12372,#12373,#12374));
#12345 = ORIENTED_EDGE('',*,*,#12346,.F.);
#12346 = EDGE_CURVE('',#11279,#12293,#12347,.T.);
#12347 = SURFACE_CURVE('',#12348,(#12353,#12360),.PCURVE_S1.);
#12348 = HYPERBOLA('',#12349,0.350222911598,0.654909647025);
#12349 = AXIS2_PLACEMENT_3D('',#12350,#12351,#12352);
#12350 = CARTESIAN_POINT('',(5.366557125368,-0.223279334382,
    11.009113615693));
#12351 = DIRECTION('',(-0.93605880101,0.33898332763,9.425616500203E-02)
  );
#12352 = DIRECTION('',(8.862386826157E-02,-3.209415235281E-02,
    0.995547977427));
#12353 = PCURVE('',#10547,#12354);
#12354 = DEFINITIONAL_REPRESENTATION('',(#12355),#12359);
#12355 = HYPERBOLA('',#12356,0.350222911598,0.654909647025);
#12356 = AXIS2_PLACEMENT_2D('',#12357,#12358);
#12357 = CARTESIAN_POINT('',(-0.531346423733,2.455786102084));
#12358 = DIRECTION('',(6.954339960053E-18,-1.));
#12359 = ( GEOMETRIC_REPRESENTATION_CONTEXT(2) 
PARAMETRIC_REPRESENTATION_CONTEXT() REPRESENTATION_CONTEXT('2D SPACE',''
  ) );
#12360 = PCURVE('',#11316,#12361);
#12361 = DEFINITIONAL_REPRESENTATION('',(#12362),#12371);
#12362 = B_SPLINE_CURVE_WITH_KNOTS('',7,(#12363,#12364,#12365,#12366,
    #12367,#12368,#12369,#12370),.UNSPECIFIED.,.F.,.F.,(8,8),(
    0.373401784931,1.109111310911),.PIECEWISE_BEZIER_KNOTS.);
#12363 = CARTESIAN_POINT('',(0.,-0.218000866981));
#12364 = CARTESIAN_POINT('',(9.364883692379E-02,-0.203997348029));
#12365 = CARTESIAN_POINT('',(0.183382767895,-0.185183572808));
#12366 = CARTESIAN_POINT('',(0.267980690762,-0.161306874177));
#12367 = CARTESIAN_POINT('',(0.346648723676,-0.131984460059));
#12368 = CARTESIAN_POINT('',(0.419160751454,-9.669179298642E-02));
#12369 = CARTESIAN_POINT('',(0.485599578204,-5.474004881714E-02));
#12370 = CARTESIAN_POINT('',(0.54623627919,-5.236075069836E-03));
#12371 = ( GEOMETRIC_REPRESENTATION_CONTEXT(2) 
PARAMETRIC_REPRESENTATION_CONTEXT() REPRESENTATION_CONTEXT('2D SPACE',''
  ) );
#12372 = ORIENTED_EDGE('',*,*,#11278,.F.);
#12373 = ORIENTED_EDGE('',*,*,#10525,.T.);
#12374 = ORIENTED_EDGE('',*,*,#12292,.T.);
#12375 = ADVANCED_FACE('',(#12376),#10512,.T.);
#12376 = FACE_BOUND('',#12377,.F.);
#12377 = EDGE_LOOP('',(#12378,#12379,#12402,#12429));
#12378 = ORIENTED_EDGE('',*,*,#10497,.T.);
#12379 = ORIENTED_EDGE('',*,*,#12380,.T.);
#12380 = EDGE_CURVE('',#10474,#12381,#12383,.T.);
#12381 = VERTEX_POINT('',#12382);
#12382 = CARTESIAN_POINT('',(8.75,0.,11.));
#12383 = SEAM_CURVE('',#12384,(#12388,#12395),.PCURVE_S1.);
#12384 = LINE('',#12385,#12386);
#12385 = CARTESIAN_POINT('',(8.75,0.,12.72347538298));
#12386 = VECTOR('',#12387,1.);
#12387 = DIRECTION('',(0.,0.,-1.));
#12388 = PCURVE('',#10512,#12389);
#12389 = DEFINITIONAL_REPRESENTATION('',(#12390),#12394);
#12390 = LINE('',#12391,#12392);
#12391 = CARTESIAN_POINT('',(-0.,0.));
#12392 = VECTOR('',#12393,1.);
#12393 = DIRECTION('',(-0.,1.));
#12394 = ( GEOMETRIC_REPRESENTATION_CONTEXT(2) 
PARAMETRIC_REPRESENTATION_CONTEXT() REPRESENTATION_CONTEXT('2D SPACE',''
  ) );
#12395 = PCURVE('',#10512,#12396);
#12396 = DEFINITIONAL_REPRESENTATION('',(#12397),#12401);
#12397 = LINE('',#12398,#12399);
#12398 = CARTESIAN_POINT('',(-6.28318530718,0.));
#12399 = VECTOR('',#12400,1.);
#12400 = DIRECTION('',(-0.,1.));
#12401 = ( GEOMETRIC_REPRESENTATION_CONTEXT(2) 
PARAMETRIC_REPRESENTATION_CONTEXT() REPRESENTATION_CONTEXT('2D SPACE',''
  ) );
#12402 = ORIENTED_EDGE('',*,*,#12403,.F.);
#12403 = EDGE_CURVE('',#12381,#12381,#12404,.T.);
#12404 = SURFACE_CURVE('',#12405,(#12410,#12417),.PCURVE_S1.);
#12405 = CIRCLE('',#12406,4.);
#12406 = AXIS2_PLACEMENT_3D('',#12407,#12408,#12409);
#12407 = CARTESIAN_POINT('',(4.75,0.,11.));
#12408 = DIRECTION('',(0.,0.,1.));
#12409 = DIRECTION('',(1.,0.,-0.));
#12410 = PCURVE('',#10512,#12411);
#12411 = DEFINITIONAL_REPRESENTATION('',(#12412),#12416);
#12412 = LINE('',#12413,#12414);
#12413 = CARTESIAN_POINT('',(-0.,1.72347538298));
#12414 = VECTOR('',#12415,1.);
#12415 = DIRECTION('',(-1.,0.));
#12416 = ( GEOMETRIC_REPRESENTATION_CONTEXT(2) 
PARAMETRIC_REPRESENTATION_CONTEXT() REPRESENTATION_CONTEXT('2D SPACE',''
  ) );
#12417 = PCURVE('',#12418,#12423);
#12418 = PLANE('',#12419);
#12419 = AXIS2_PLACEMENT_3D('',#12420,#12421,#12422);
#12420 = CARTESIAN_POINT('',(4.75,0.,11.));
#12421 = DIRECTION('',(0.,0.,1.));
#12422 = DIRECTION('',(1.,0.,-0.));
#12423 = DEFINITIONAL_REPRESENTATION('',(#12424),#12428);
#12424 = CIRCLE('',#12425,4.);
#12425 = AXIS2_PLACEMENT_2D('',#12426,#12427);
#12426 = CARTESIAN_POINT('',(0.,0.));
#12427 = DIRECTION('',(1.,0.));
#12428 = ( GEOMETRIC_REPRESENTATION_CONTEXT(2) 
PARAMETRIC_REPRESENTATION_CONTEXT() REPRESENTATION_CONTEXT('2D SPACE',''
  ) );
#12429 = ORIENTED_EDGE('',*,*,#12380,.F.);
#12430 = ADVANCED_FACE('',(#12431),#11316,.F.);
#12431 = FACE_BOUND('',#12432,.T.);
#12432 = EDGE_LOOP('',(#12433,#12434,#12457,#12458,#12459,#12460,#12461,
    #12462,#12463,#12464,#12465,#12466,#12467,#12468,#12469,#12470,
    #12471,#12472,#12473,#12474,#12475,#12476));
#12433 = ORIENTED_EDGE('',*,*,#11301,.T.);
#12434 = ORIENTED_EDGE('',*,*,#12435,.T.);
#12435 = EDGE_CURVE('',#11279,#12436,#12438,.T.);
#12436 = VERTEX_POINT('',#12437);
#12437 = CARTESIAN_POINT('',(4.75,0.,10.991561531884));
#12438 = SEAM_CURVE('',#12439,(#12443,#12450),.PCURVE_S1.);
#12439 = LINE('',#12440,#12441);
#12440 = CARTESIAN_POINT('',(5.895,0.,11.600368831136));
#12441 = VECTOR('',#12442,1.);
#12442 = DIRECTION('',(-0.882947592859,0.,-0.469471562786));
#12443 = PCURVE('',#11316,#12444);
#12444 = DEFINITIONAL_REPRESENTATION('',(#12445),#12449);
#12445 = LINE('',#12446,#12447);
#12446 = CARTESIAN_POINT('',(0.,-0.));
#12447 = VECTOR('',#12448,1.);
#12448 = DIRECTION('',(0.,-1.));
#12449 = ( GEOMETRIC_REPRESENTATION_CONTEXT(2) 
PARAMETRIC_REPRESENTATION_CONTEXT() REPRESENTATION_CONTEXT('2D SPACE',''
  ) );
#12450 = PCURVE('',#11316,#12451);
#12451 = DEFINITIONAL_REPRESENTATION('',(#12452),#12456);
#12452 = LINE('',#12453,#12454);
#12453 = CARTESIAN_POINT('',(6.28318530718,-0.));
#12454 = VECTOR('',#12455,1.);
#12455 = DIRECTION('',(0.,-1.));
#12456 = ( GEOMETRIC_REPRESENTATION_CONTEXT(2) 
PARAMETRIC_REPRESENTATION_CONTEXT() REPRESENTATION_CONTEXT('2D SPACE',''
  ) );
#12457 = ORIENTED_EDGE('',*,*,#12435,.F.);
#12458 = ORIENTED_EDGE('',*,*,#12346,.T.);
#12459 = ORIENTED_EDGE('',*,*,#12317,.T.);
#12460 = ORIENTED_EDGE('',*,*,#12236,.T.);
#12461 = ORIENTED_EDGE('',*,*,#12207,.T.);
#12462 = ORIENTED_EDGE('',*,*,#12146,.T.);
#12463 = ORIENTED_EDGE('',*,*,#12091,.T.);
#12464 = ORIENTED_EDGE('',*,*,#12037,.T.);
#12465 = ORIENTED_EDGE('',*,*,#11956,.T.);
#12466 = ORIENTED_EDGE('',*,*,#11927,.T.);
#12467 = ORIENTED_EDGE('',*,*,#11866,.T.);
#12468 = ORIENTED_EDGE('',*,*,#11811,.T.);
#12469 = ORIENTED_EDGE('',*,*,#11757,.T.);
#12470 = ORIENTED_EDGE('',*,*,#11676,.T.);
#12471 = ORIENTED_EDGE('',*,*,#11647,.T.);
#12472 = ORIENTED_EDGE('',*,*,#11586,.T.);
#12473 = ORIENTED_EDGE('',*,*,#11531,.T.);
#12474 = ORIENTED_EDGE('',*,*,#11477,.T.);
#12475 = ORIENTED_EDGE('',*,*,#11396,.T.);
#12476 = ORIENTED_EDGE('',*,*,#11367,.T.);
#12477 = ADVANCED_FACE('',(#12478,#12481),#12418,.F.);
#12478 = FACE_BOUND('',#12479,.F.);
#12479 = EDGE_LOOP('',(#12480));
#12480 = ORIENTED_EDGE('',*,*,#12403,.T.);
#12481 = FACE_BOUND('',#12482,.F.);
#12482 = EDGE_LOOP('',(#12483));
#12483 = ORIENTED_EDGE('',*,*,#12484,.F.);
#12484 = EDGE_CURVE('',#12485,#12485,#12487,.T.);
#12485 = VERTEX_POINT('',#12486);
#12486 = CARTESIAN_POINT('',(6.95,0.,11.));
#12487 = SURFACE_CURVE('',#12488,(#12493,#12500),.PCURVE_S1.);
#12488 = CIRCLE('',#12489,2.2);
#12489 = AXIS2_PLACEMENT_3D('',#12490,#12491,#12492);
#12490 = CARTESIAN_POINT('',(4.75,0.,11.));
#12491 = DIRECTION('',(0.,0.,1.));
#12492 = DIRECTION('',(1.,0.,-0.));
#12493 = PCURVE('',#12418,#12494);
#12494 = DEFINITIONAL_REPRESENTATION('',(#12495),#12499);
#12495 = CIRCLE('',#12496,2.2);
#12496 = AXIS2_PLACEMENT_2D('',#12497,#12498);
#12497 = CARTESIAN_POINT('',(0.,0.));
#12498 = DIRECTION('',(1.,0.));
#12499 = ( GEOMETRIC_REPRESENTATION_CONTEXT(2) 
PARAMETRIC_REPRESENTATION_CONTEXT() REPRESENTATION_CONTEXT('2D SPACE',''
  ) );
#12500 = PCURVE('',#12501,#12510);
#12501 = SURFACE_OF_REVOLUTION('',#12502,#12507);
#12502 = CIRCLE('',#12503,0.2);
#12503 = AXIS2_PLACEMENT_3D('',#12504,#12505,#12506);
#12504 = CARTESIAN_POINT('',(6.95,0.,10.8));
#12505 = DIRECTION('',(0.,-1.,0.));
#12506 = DIRECTION('',(0.,0.,1.));
#12507 = AXIS1_PLACEMENT('',#12508,#12509);
#12508 = CARTESIAN_POINT('',(4.75,0.,11.));
#12509 = DIRECTION('',(0.,0.,1.));
#12510 = DEFINITIONAL_REPRESENTATION('',(#12511),#12515);
#12511 = LINE('',#12512,#12513);
#12512 = CARTESIAN_POINT('',(0.,0.));
#12513 = VECTOR('',#12514,1.);
#12514 = DIRECTION('',(1.,0.));
#12515 = ( GEOMETRIC_REPRESENTATION_CONTEXT(2) 
PARAMETRIC_REPRESENTATION_CONTEXT() REPRESENTATION_CONTEXT('2D SPACE',''
  ) );
#12516 = ADVANCED_FACE('',(#12517),#12501,.F.);
#12517 = FACE_BOUND('',#12518,.F.);
#12518 = EDGE_LOOP('',(#12519,#12520,#12544,#12571));
#12519 = ORIENTED_EDGE('',*,*,#12484,.T.);
#12520 = ORIENTED_EDGE('',*,*,#12521,.T.);
#12521 = EDGE_CURVE('',#12485,#12522,#12524,.T.);
#12522 = VERTEX_POINT('',#12523);
#12523 = CARTESIAN_POINT('',(6.75,0.,10.8));
#12524 = SEAM_CURVE('',#12525,(#12530,#12537),.PCURVE_S1.);
#12525 = CIRCLE('',#12526,0.2);
#12526 = AXIS2_PLACEMENT_3D('',#12527,#12528,#12529);
#12527 = CARTESIAN_POINT('',(6.95,0.,10.8));
#12528 = DIRECTION('',(0.,-1.,0.));
#12529 = DIRECTION('',(0.,0.,1.));
#12530 = PCURVE('',#12501,#12531);
#12531 = DEFINITIONAL_REPRESENTATION('',(#12532),#12536);
#12532 = LINE('',#12533,#12534);
#12533 = CARTESIAN_POINT('',(0.,0.));
#12534 = VECTOR('',#12535,1.);
#12535 = DIRECTION('',(0.,1.));
#12536 = ( GEOMETRIC_REPRESENTATION_CONTEXT(2) 
PARAMETRIC_REPRESENTATION_CONTEXT() REPRESENTATION_CONTEXT('2D SPACE',''
  ) );
#12537 = PCURVE('',#12501,#12538);
#12538 = DEFINITIONAL_REPRESENTATION('',(#12539),#12543);
#12539 = LINE('',#12540,#12541);
#12540 = CARTESIAN_POINT('',(6.28318530718,0.));
#12541 = VECTOR('',#12542,1.);
#12542 = DIRECTION('',(0.,1.));
#12543 = ( GEOMETRIC_REPRESENTATION_CONTEXT(2) 
PARAMETRIC_REPRESENTATION_CONTEXT() REPRESENTATION_CONTEXT('2D SPACE',''
  ) );
#12544 = ORIENTED_EDGE('',*,*,#12545,.F.);
#12545 = EDGE_CURVE('',#12522,#12522,#12546,.T.);
#12546 = SURFACE_CURVE('',#12547,(#12552,#12559),.PCURVE_S1.);
#12547 = CIRCLE('',#12548,2.);
#12548 = AXIS2_PLACEMENT_3D('',#12549,#12550,#12551);
#12549 = CARTESIAN_POINT('',(4.75,0.,10.8));
#12550 = DIRECTION('',(0.,0.,1.));
#12551 = DIRECTION('',(1.,0.,-0.));
#12552 = PCURVE('',#12501,#12553);
#12553 = DEFINITIONAL_REPRESENTATION('',(#12554),#12558);
#12554 = LINE('',#12555,#12556);
#12555 = CARTESIAN_POINT('',(0.,1.570796326795));
#12556 = VECTOR('',#12557,1.);
#12557 = DIRECTION('',(1.,0.));
#12558 = ( GEOMETRIC_REPRESENTATION_CONTEXT(2) 
PARAMETRIC_REPRESENTATION_CONTEXT() REPRESENTATION_CONTEXT('2D SPACE',''
  ) );
#12559 = PCURVE('',#12560,#12565);
#12560 = CYLINDRICAL_SURFACE('',#12561,2.);
#12561 = AXIS2_PLACEMENT_3D('',#12562,#12563,#12564);
#12562 = CARTESIAN_POINT('',(4.75,0.,10.8));
#12563 = DIRECTION('',(-0.,-0.,-1.));
#12564 = DIRECTION('',(1.,0.,0.));
#12565 = DEFINITIONAL_REPRESENTATION('',(#12566),#12570);
#12566 = LINE('',#12567,#12568);
#12567 = CARTESIAN_POINT('',(-0.,0.));
#12568 = VECTOR('',#12569,1.);
#12569 = DIRECTION('',(-1.,0.));
#12570 = ( GEOMETRIC_REPRESENTATION_CONTEXT(2) 
PARAMETRIC_REPRESENTATION_CONTEXT() REPRESENTATION_CONTEXT('2D SPACE',''
  ) );
#12571 = ORIENTED_EDGE('',*,*,#12521,.F.);
#12572 = ADVANCED_FACE('',(#12573),#12560,.T.);
#12573 = FACE_BOUND('',#12574,.F.);
#12574 = EDGE_LOOP('',(#12575,#12576,#12599,#12626));
#12575 = ORIENTED_EDGE('',*,*,#12545,.T.);
#12576 = ORIENTED_EDGE('',*,*,#12577,.T.);
#12577 = EDGE_CURVE('',#12522,#12578,#12580,.T.);
#12578 = VERTEX_POINT('',#12579);
#12579 = CARTESIAN_POINT('',(6.75,0.,3.));
#12580 = SEAM_CURVE('',#12581,(#12585,#12592),.PCURVE_S1.);
#12581 = LINE('',#12582,#12583);
#12582 = CARTESIAN_POINT('',(6.75,0.,10.8));
#12583 = VECTOR('',#12584,1.);
#12584 = DIRECTION('',(0.,0.,-1.));
#12585 = PCURVE('',#12560,#12586);
#12586 = DEFINITIONAL_REPRESENTATION('',(#12587),#12591);
#12587 = LINE('',#12588,#12589);
#12588 = CARTESIAN_POINT('',(-0.,0.));
#12589 = VECTOR('',#12590,1.);
#12590 = DIRECTION('',(-0.,1.));
#12591 = ( GEOMETRIC_REPRESENTATION_CONTEXT(2) 
PARAMETRIC_REPRESENTATION_CONTEXT() REPRESENTATION_CONTEXT('2D SPACE',''
  ) );
#12592 = PCURVE('',#12560,#12593);
#12593 = DEFINITIONAL_REPRESENTATION('',(#12594),#12598);
#12594 = LINE('',#12595,#12596);
#12595 = CARTESIAN_POINT('',(-6.28318530718,0.));
#12596 = VECTOR('',#12597,1.);
#12597 = DIRECTION('',(-0.,1.));
#12598 = ( GEOMETRIC_REPRESENTATION_CONTEXT(2) 
PARAMETRIC_REPRESENTATION_CONTEXT() REPRESENTATION_CONTEXT('2D SPACE',''
  ) );
#12599 = ORIENTED_EDGE('',*,*,#12600,.F.);
#12600 = EDGE_CURVE('',#12578,#12578,#12601,.T.);
#12601 = SURFACE_CURVE('',#12602,(#12607,#12614),.PCURVE_S1.);
#12602 = CIRCLE('',#12603,2.);
#12603 = AXIS2_PLACEMENT_3D('',#12604,#12605,#12606);
#12604 = CARTESIAN_POINT('',(4.75,0.,3.));
#12605 = DIRECTION('',(0.,0.,1.));
#12606 = DIRECTION('',(1.,0.,-0.));
#12607 = PCURVE('',#12560,#12608);
#12608 = DEFINITIONAL_REPRESENTATION('',(#12609),#12613);
#12609 = LINE('',#12610,#12611);
#12610 = CARTESIAN_POINT('',(-0.,7.8));
#12611 = VECTOR('',#12612,1.);
#12612 = DIRECTION('',(-1.,0.));
#12613 = ( GEOMETRIC_REPRESENTATION_CONTEXT(2) 
PARAMETRIC_REPRESENTATION_CONTEXT() REPRESENTATION_CONTEXT('2D SPACE',''
  ) );
#12614 = PCURVE('',#12615,#12620);
#12615 = PLANE('',#12616);
#12616 = AXIS2_PLACEMENT_3D('',#12617,#12618,#12619);
#12617 = CARTESIAN_POINT('',(4.75,0.,3.));
#12618 = DIRECTION('',(0.,0.,1.));
#12619 = DIRECTION('',(1.,0.,-0.));
#12620 = DEFINITIONAL_REPRESENTATION('',(#12621),#12625);
#12621 = CIRCLE('',#12622,2.);
#12622 = AXIS2_PLACEMENT_2D('',#12623,#12624);
#12623 = CARTESIAN_POINT('',(0.,0.));
#12624 = DIRECTION('',(1.,0.));
#12625 = ( GEOMETRIC_REPRESENTATION_CONTEXT(2) 
PARAMETRIC_REPRESENTATION_CONTEXT() REPRESENTATION_CONTEXT('2D SPACE',''
  ) );
#12626 = ORIENTED_EDGE('',*,*,#12577,.F.);
#12627 = ADVANCED_FACE('',(#12628),#12615,.F.);
#12628 = FACE_BOUND('',#12629,.F.);
#12629 = EDGE_LOOP('',(#12630));
#12630 = ORIENTED_EDGE('',*,*,#12600,.T.);
#12631 = ( GEOMETRIC_REPRESENTATION_CONTEXT(3) 
GLOBAL_UNCERTAINTY_ASSIGNED_CONTEXT((#12635)) 
GLOBAL_UNIT_ASSIGNED_CONTEXT((#12632,#12633,#12634)) 
REPRESENTATION_CONTEXT('Context #1',
  '3D Context with UNIT and UNCERTAINTY') );
#12632 = ( LENGTH_UNIT() NAMED_UNIT(*) SI_UNIT(.MILLI.,.METRE.) );
#12633 = ( NAMED_UNIT(*) PLANE_ANGLE_UNIT() SI_UNIT($,.RADIAN.) );
#12634 = ( NAMED_UNIT(*) SI_UNIT($,.STERADIAN.) SOLID_ANGLE_UNIT() );
#12635 = UNCERTAINTY_MEASURE_WITH_UNIT(LENGTH_MEASURE(1.E-07),#12632,
  'distance_accuracy_value','confusion accuracy');
#12636 = CONTEXT_DEPENDENT_SHAPE_REPRESENTATION(#12637,#12639);
#12637 = ( REPRESENTATION_RELATIONSHIP('','',#10425,#10) 
REPRESENTATION_RELATIONSHIP_WITH_TRANSFORMATION(#12638) 
SHAPE_REPRESENTATION_RELATIONSHIP() );
#12638 = ITEM_DEFINED_TRANSFORMATION('','',#11,#31);
#12639 = PRODUCT_DEFINITION_SHAPE('Placement','Placement of an item',
  #12640);
#12640 = NEXT_ASSEMBLY_USAGE_OCCURRENCE('6','M4x8_4','',#5,#10420,$);
#12641 = PRODUCT_RELATED_PRODUCT_CATEGORY('part',$,(#10422));
#12642 = SHAPE_DEFINITION_REPRESENTATION(#12643,#12649);
#12643 = PRODUCT_DEFINITION_SHAPE('','',#12644);
#12644 = PRODUCT_DEFINITION('design','',#12645,#12648);
#12645 = PRODUCT_DEFINITION_FORMATION('','',#12646);
#12646 = PRODUCT('Pocket_Copy','Pocket_Copy','',(#12647));
#12647 = PRODUCT_CONTEXT('',#2,'mechanical');
#12648 = PRODUCT_DEFINITION_CONTEXT('part definition',#2,'design');
#12649 = ADVANCED_BREP_SHAPE_REPRESENTATION('',(#11,#12650),#16332);
#12650 = MANIFOLD_SOLID_BREP('',#12651);
#12651 = CLOSED_SHELL('',(#12652,#12996,#13077,#13153,#13636,#13717,
    #13824,#13905,#14012,#14093,#14200,#14281,#14388,#14464,#14604,
    #14653,#14702,#14778,#14827,#14876,#14903,#14979,#15028,#15077,
    #15104,#15180,#15229,#15278,#15305,#15381,#15430,#15479,#15506,
    #15555,#15582,#15631,#15686,#15735,#15762,#15811,#15866,#15915,
    #15942,#15991,#16046,#16095,#16122,#16171,#16226,#16253,#16260,
    #16267,#16274,#16281,#16288,#16295,#16302,#16309,#16316,#16320,
    #16324,#16328));
#12652 = ADVANCED_FACE('',(#12653),#12667,.T.);
#12653 = FACE_BOUND('',#12654,.T.);
#12654 = EDGE_LOOP('',(#12655,#12690,#12718,#12746,#12774,#12802,#12830,
    #12858,#12886,#12914,#12942,#12970));
#12655 = ORIENTED_EDGE('',*,*,#12656,.T.);
#12656 = EDGE_CURVE('',#12657,#12659,#12661,.T.);
#12657 = VERTEX_POINT('',#12658);
#12658 = CARTESIAN_POINT('',(-20.25,7.5,0.));
#12659 = VERTEX_POINT('',#12660);
#12660 = CARTESIAN_POINT('',(-20.25,7.5,10.));
#12661 = SURFACE_CURVE('',#12662,(#12666,#12678),.PCURVE_S1.);
#12662 = LINE('',#12663,#12664);
#12663 = CARTESIAN_POINT('',(-20.25,7.5,0.));
#12664 = VECTOR('',#12665,1.);
#12665 = DIRECTION('',(0.,0.,1.));
#12666 = PCURVE('',#12667,#12672);
#12667 = PLANE('',#12668);
#12668 = AXIS2_PLACEMENT_3D('',#12669,#12670,#12671);
#12669 = CARTESIAN_POINT('',(-20.25,7.5,0.));
#12670 = DIRECTION('',(0.,1.,0.));
#12671 = DIRECTION('',(1.,0.,0.));
#12672 = DEFINITIONAL_REPRESENTATION('',(#12673),#12677);
#12673 = LINE('',#12674,#12675);
#12674 = CARTESIAN_POINT('',(0.,0.));
#12675 = VECTOR('',#12676,1.);
#12676 = DIRECTION('',(0.,-1.));
#12677 = ( GEOMETRIC_REPRESENTATION_CONTEXT(2) 
PARAMETRIC_REPRESENTATION_CONTEXT() REPRESENTATION_CONTEXT('2D SPACE',''
  ) );
#12678 = PCURVE('',#12679,#12684);
#12679 = PLANE('',#12680);
#12680 = AXIS2_PLACEMENT_3D('',#12681,#12682,#12683);
#12681 = CARTESIAN_POINT('',(-20.25,-7.5,0.));
#12682 = DIRECTION('',(-1.,0.,0.));
#12683 = DIRECTION('',(0.,1.,0.));
#12684 = DEFINITIONAL_REPRESENTATION('',(#12685),#12689);
#12685 = LINE('',#12686,#12687);
#12686 = CARTESIAN_POINT('',(15.,0.));
#12687 = VECTOR('',#12688,1.);
#12688 = DIRECTION('',(0.,-1.));
#12689 = ( GEOMETRIC_REPRESENTATION_CONTEXT(2) 
PARAMETRIC_REPRESENTATION_CONTEXT() REPRESENTATION_CONTEXT('2D SPACE',''
  ) );
#12690 = ORIENTED_EDGE('',*,*,#12691,.T.);
#12691 = EDGE_CURVE('',#12659,#12692,#12694,.T.);
#12692 = VERTEX_POINT('',#12693);
#12693 = CARTESIAN_POINT('',(-18.5,7.5,10.));
#12694 = SURFACE_CURVE('',#12695,(#12699,#12706),.PCURVE_S1.);
#12695 = LINE('',#12696,#12697);
#12696 = CARTESIAN_POINT('',(-20.25,7.5,10.));
#12697 = VECTOR('',#12698,1.);
#12698 = DIRECTION('',(1.,0.,0.));
#12699 = PCURVE('',#12667,#12700);
#12700 = DEFINITIONAL_REPRESENTATION('',(#12701),#12705);
#12701 = LINE('',#12702,#12703);
#12702 = CARTESIAN_POINT('',(0.,-10.));
#12703 = VECTOR('',#12704,1.);
#12704 = DIRECTION('',(1.,0.));
#12705 = ( GEOMETRIC_REPRESENTATION_CONTEXT(2) 
PARAMETRIC_REPRESENTATION_CONTEXT() REPRESENTATION_CONTEXT('2D SPACE',''
  ) );
#12706 = PCURVE('',#12707,#12712);
#12707 = PLANE('',#12708);
#12708 = AXIS2_PLACEMENT_3D('',#12709,#12710,#12711);
#12709 = CARTESIAN_POINT('',(-20.25,7.5,10.));
#12710 = DIRECTION('',(0.,1.,0.));
#12711 = DIRECTION('',(1.,0.,0.));
#12712 = DEFINITIONAL_REPRESENTATION('',(#12713),#12717);
#12713 = LINE('',#12714,#12715);
#12714 = CARTESIAN_POINT('',(-3.552713678801E-15,0.));
#12715 = VECTOR('',#12716,1.);
#12716 = DIRECTION('',(1.,0.));
#12717 = ( GEOMETRIC_REPRESENTATION_CONTEXT(2) 
PARAMETRIC_REPRESENTATION_CONTEXT() REPRESENTATION_CONTEXT('2D SPACE',''
  ) );
#12718 = ORIENTED_EDGE('',*,*,#12719,.T.);
#12719 = EDGE_CURVE('',#12692,#12720,#12722,.T.);
#12720 = VERTEX_POINT('',#12721);
#12721 = CARTESIAN_POINT('',(-10.,7.5,10.));
#12722 = SURFACE_CURVE('',#12723,(#12727,#12734),.PCURVE_S1.);
#12723 = LINE('',#12724,#12725);
#12724 = CARTESIAN_POINT('',(-20.25,7.5,10.));
#12725 = VECTOR('',#12726,1.);
#12726 = DIRECTION('',(1.,0.,0.));
#12727 = PCURVE('',#12667,#12728);
#12728 = DEFINITIONAL_REPRESENTATION('',(#12729),#12733);
#12729 = LINE('',#12730,#12731);
#12730 = CARTESIAN_POINT('',(0.,-10.));
#12731 = VECTOR('',#12732,1.);
#12732 = DIRECTION('',(1.,0.));
#12733 = ( GEOMETRIC_REPRESENTATION_CONTEXT(2) 
PARAMETRIC_REPRESENTATION_CONTEXT() REPRESENTATION_CONTEXT('2D SPACE',''
  ) );
#12734 = PCURVE('',#12735,#12740);
#12735 = PLANE('',#12736);
#12736 = AXIS2_PLACEMENT_3D('',#12737,#12738,#12739);
#12737 = CARTESIAN_POINT('',(-2.56E-15,6.4E-16,10.));
#12738 = DIRECTION('',(0.,0.,1.));
#12739 = DIRECTION('',(1.,0.,0.));
#12740 = DEFINITIONAL_REPRESENTATION('',(#12741),#12745);
#12741 = LINE('',#12742,#12743);
#12742 = CARTESIAN_POINT('',(-20.25,7.5));
#12743 = VECTOR('',#12744,1.);
#12744 = DIRECTION('',(1.,0.));
#12745 = ( GEOMETRIC_REPRESENTATION_CONTEXT(2) 
PARAMETRIC_REPRESENTATION_CONTEXT() REPRESENTATION_CONTEXT('2D SPACE',''
  ) );
#12746 = ORIENTED_EDGE('',*,*,#12747,.F.);
#12747 = EDGE_CURVE('',#12748,#12720,#12750,.T.);
#12748 = VERTEX_POINT('',#12749);
#12749 = CARTESIAN_POINT('',(-9.,7.5,10.));
#12750 = SURFACE_CURVE('',#12751,(#12755,#12762),.PCURVE_S1.);
#12751 = LINE('',#12752,#12753);
#12752 = CARTESIAN_POINT('',(-9.,7.5,10.));
#12753 = VECTOR('',#12754,1.);
#12754 = DIRECTION('',(-1.,0.,0.));
#12755 = PCURVE('',#12667,#12756);
#12756 = DEFINITIONAL_REPRESENTATION('',(#12757),#12761);
#12757 = LINE('',#12758,#12759);
#12758 = CARTESIAN_POINT('',(11.25,-10.));
#12759 = VECTOR('',#12760,1.);
#12760 = DIRECTION('',(-1.,0.));
#12761 = ( GEOMETRIC_REPRESENTATION_CONTEXT(2) 
PARAMETRIC_REPRESENTATION_CONTEXT() REPRESENTATION_CONTEXT('2D SPACE',''
  ) );
#12762 = PCURVE('',#12763,#12768);
#12763 = PLANE('',#12764);
#12764 = AXIS2_PLACEMENT_3D('',#12765,#12766,#12767);
#12765 = CARTESIAN_POINT('',(-9.,7.5,10.));
#12766 = DIRECTION('',(0.,-1.,0.));
#12767 = DIRECTION('',(-1.,0.,0.));
#12768 = DEFINITIONAL_REPRESENTATION('',(#12769),#12773);
#12769 = LINE('',#12770,#12771);
#12770 = CARTESIAN_POINT('',(0.,-0.));
#12771 = VECTOR('',#12772,1.);
#12772 = DIRECTION('',(1.,0.));
#12773 = ( GEOMETRIC_REPRESENTATION_CONTEXT(2) 
PARAMETRIC_REPRESENTATION_CONTEXT() REPRESENTATION_CONTEXT('2D SPACE',''
  ) );
#12774 = ORIENTED_EDGE('',*,*,#12775,.T.);
#12775 = EDGE_CURVE('',#12748,#12776,#12778,.T.);
#12776 = VERTEX_POINT('',#12777);
#12777 = CARTESIAN_POINT('',(-0.5,7.5,10.));
#12778 = SURFACE_CURVE('',#12779,(#12783,#12790),.PCURVE_S1.);
#12779 = LINE('',#12780,#12781);
#12780 = CARTESIAN_POINT('',(-20.25,7.5,10.));
#12781 = VECTOR('',#12782,1.);
#12782 = DIRECTION('',(1.,0.,0.));
#12783 = PCURVE('',#12667,#12784);
#12784 = DEFINITIONAL_REPRESENTATION('',(#12785),#12789);
#12785 = LINE('',#12786,#12787);
#12786 = CARTESIAN_POINT('',(0.,-10.));
#12787 = VECTOR('',#12788,1.);
#12788 = DIRECTION('',(1.,0.));
#12789 = ( GEOMETRIC_REPRESENTATION_CONTEXT(2) 
PARAMETRIC_REPRESENTATION_CONTEXT() REPRESENTATION_CONTEXT('2D SPACE',''
  ) );
#12790 = PCURVE('',#12791,#12796);
#12791 = PLANE('',#12792);
#12792 = AXIS2_PLACEMENT_3D('',#12793,#12794,#12795);
#12793 = CARTESIAN_POINT('',(-2.56E-15,6.4E-16,10.));
#12794 = DIRECTION('',(0.,0.,1.));
#12795 = DIRECTION('',(1.,0.,0.));
#12796 = DEFINITIONAL_REPRESENTATION('',(#12797),#12801);
#12797 = LINE('',#12798,#12799);
#12798 = CARTESIAN_POINT('',(-20.25,7.5));
#12799 = VECTOR('',#12800,1.);
#12800 = DIRECTION('',(1.,0.));
#12801 = ( GEOMETRIC_REPRESENTATION_CONTEXT(2) 
PARAMETRIC_REPRESENTATION_CONTEXT() REPRESENTATION_CONTEXT('2D SPACE',''
  ) );
#12802 = ORIENTED_EDGE('',*,*,#12803,.F.);
#12803 = EDGE_CURVE('',#12804,#12776,#12806,.T.);
#12804 = VERTEX_POINT('',#12805);
#12805 = CARTESIAN_POINT('',(0.5,7.5,10.));
#12806 = SURFACE_CURVE('',#12807,(#12811,#12818),.PCURVE_S1.);
#12807 = LINE('',#12808,#12809);
#12808 = CARTESIAN_POINT('',(0.5,7.5,10.));
#12809 = VECTOR('',#12810,1.);
#12810 = DIRECTION('',(-1.,0.,0.));
#12811 = PCURVE('',#12667,#12812);
#12812 = DEFINITIONAL_REPRESENTATION('',(#12813),#12817);
#12813 = LINE('',#12814,#12815);
#12814 = CARTESIAN_POINT('',(20.75,-10.));
#12815 = VECTOR('',#12816,1.);
#12816 = DIRECTION('',(-1.,0.));
#12817 = ( GEOMETRIC_REPRESENTATION_CONTEXT(2) 
PARAMETRIC_REPRESENTATION_CONTEXT() REPRESENTATION_CONTEXT('2D SPACE',''
  ) );
#12818 = PCURVE('',#12819,#12824);
#12819 = PLANE('',#12820);
#12820 = AXIS2_PLACEMENT_3D('',#12821,#12822,#12823);
#12821 = CARTESIAN_POINT('',(0.5,7.5,10.));
#12822 = DIRECTION('',(0.,-1.,0.));
#12823 = DIRECTION('',(-1.,0.,0.));
#12824 = DEFINITIONAL_REPRESENTATION('',(#12825),#12829);
#12825 = LINE('',#12826,#12827);
#12826 = CARTESIAN_POINT('',(0.,-0.));
#12827 = VECTOR('',#12828,1.);
#12828 = DIRECTION('',(1.,0.));
#12829 = ( GEOMETRIC_REPRESENTATION_CONTEXT(2) 
PARAMETRIC_REPRESENTATION_CONTEXT() REPRESENTATION_CONTEXT('2D SPACE',''
  ) );
#12830 = ORIENTED_EDGE('',*,*,#12831,.T.);
#12831 = EDGE_CURVE('',#12804,#12832,#12834,.T.);
#12832 = VERTEX_POINT('',#12833);
#12833 = CARTESIAN_POINT('',(9.,7.5,10.));
#12834 = SURFACE_CURVE('',#12835,(#12839,#12846),.PCURVE_S1.);
#12835 = LINE('',#12836,#12837);
#12836 = CARTESIAN_POINT('',(-20.25,7.5,10.));
#12837 = VECTOR('',#12838,1.);
#12838 = DIRECTION('',(1.,0.,0.));
#12839 = PCURVE('',#12667,#12840);
#12840 = DEFINITIONAL_REPRESENTATION('',(#12841),#12845);
#12841 = LINE('',#12842,#12843);
#12842 = CARTESIAN_POINT('',(0.,-10.));
#12843 = VECTOR('',#12844,1.);
#12844 = DIRECTION('',(1.,0.));
#12845 = ( GEOMETRIC_REPRESENTATION_CONTEXT(2) 
PARAMETRIC_REPRESENTATION_CONTEXT() REPRESENTATION_CONTEXT('2D SPACE',''
  ) );
#12846 = PCURVE('',#12847,#12852);
#12847 = PLANE('',#12848);
#12848 = AXIS2_PLACEMENT_3D('',#12849,#12850,#12851);
#12849 = CARTESIAN_POINT('',(-2.56E-15,6.4E-16,10.));
#12850 = DIRECTION('',(0.,0.,1.));
#12851 = DIRECTION('',(1.,0.,0.));
#12852 = DEFINITIONAL_REPRESENTATION('',(#12853),#12857);
#12853 = LINE('',#12854,#12855);
#12854 = CARTESIAN_POINT('',(-20.25,7.5));
#12855 = VECTOR('',#12856,1.);
#12856 = DIRECTION('',(1.,0.));
#12857 = ( GEOMETRIC_REPRESENTATION_CONTEXT(2) 
PARAMETRIC_REPRESENTATION_CONTEXT() REPRESENTATION_CONTEXT('2D SPACE',''
  ) );
#12858 = ORIENTED_EDGE('',*,*,#12859,.T.);
#12859 = EDGE_CURVE('',#12832,#12860,#12862,.T.);
#12860 = VERTEX_POINT('',#12861);
#12861 = CARTESIAN_POINT('',(10.,7.5,10.));
#12862 = SURFACE_CURVE('',#12863,(#12867,#12874),.PCURVE_S1.);
#12863 = LINE('',#12864,#12865);
#12864 = CARTESIAN_POINT('',(9.,7.5,10.));
#12865 = VECTOR('',#12866,1.);
#12866 = DIRECTION('',(1.,0.,0.));
#12867 = PCURVE('',#12667,#12868);
#12868 = DEFINITIONAL_REPRESENTATION('',(#12869),#12873);
#12869 = LINE('',#12870,#12871);
#12870 = CARTESIAN_POINT('',(29.25,-10.));
#12871 = VECTOR('',#12872,1.);
#12872 = DIRECTION('',(1.,0.));
#12873 = ( GEOMETRIC_REPRESENTATION_CONTEXT(2) 
PARAMETRIC_REPRESENTATION_CONTEXT() REPRESENTATION_CONTEXT('2D SPACE',''
  ) );
#12874 = PCURVE('',#12875,#12880);
#12875 = PLANE('',#12876);
#12876 = AXIS2_PLACEMENT_3D('',#12877,#12878,#12879);
#12877 = CARTESIAN_POINT('',(9.,7.5,10.));
#12878 = DIRECTION('',(0.,1.,0.));
#12879 = DIRECTION('',(1.,0.,0.));
#12880 = DEFINITIONAL_REPRESENTATION('',(#12881),#12885);
#12881 = LINE('',#12882,#12883);
#12882 = CARTESIAN_POINT('',(0.,0.));
#12883 = VECTOR('',#12884,1.);
#12884 = DIRECTION('',(1.,0.));
#12885 = ( GEOMETRIC_REPRESENTATION_CONTEXT(2) 
PARAMETRIC_REPRESENTATION_CONTEXT() REPRESENTATION_CONTEXT('2D SPACE',''
  ) );
#12886 = ORIENTED_EDGE('',*,*,#12887,.T.);
#12887 = EDGE_CURVE('',#12860,#12888,#12890,.T.);
#12888 = VERTEX_POINT('',#12889);
#12889 = CARTESIAN_POINT('',(18.5,7.5,10.));
#12890 = SURFACE_CURVE('',#12891,(#12895,#12902),.PCURVE_S1.);
#12891 = LINE('',#12892,#12893);
#12892 = CARTESIAN_POINT('',(-20.25,7.5,10.));
#12893 = VECTOR('',#12894,1.);
#12894 = DIRECTION('',(1.,0.,0.));
#12895 = PCURVE('',#12667,#12896);
#12896 = DEFINITIONAL_REPRESENTATION('',(#12897),#12901);
#12897 = LINE('',#12898,#12899);
#12898 = CARTESIAN_POINT('',(0.,-10.));
#12899 = VECTOR('',#12900,1.);
#12900 = DIRECTION('',(1.,0.));
#12901 = ( GEOMETRIC_REPRESENTATION_CONTEXT(2) 
PARAMETRIC_REPRESENTATION_CONTEXT() REPRESENTATION_CONTEXT('2D SPACE',''
  ) );
#12902 = PCURVE('',#12903,#12908);
#12903 = PLANE('',#12904);
#12904 = AXIS2_PLACEMENT_3D('',#12905,#12906,#12907);
#12905 = CARTESIAN_POINT('',(-2.56E-15,6.4E-16,10.));
#12906 = DIRECTION('',(0.,0.,1.));
#12907 = DIRECTION('',(1.,0.,0.));
#12908 = DEFINITIONAL_REPRESENTATION('',(#12909),#12913);
#12909 = LINE('',#12910,#12911);
#12910 = CARTESIAN_POINT('',(-20.25,7.5));
#12911 = VECTOR('',#12912,1.);
#12912 = DIRECTION('',(1.,0.));
#12913 = ( GEOMETRIC_REPRESENTATION_CONTEXT(2) 
PARAMETRIC_REPRESENTATION_CONTEXT() REPRESENTATION_CONTEXT('2D SPACE',''
  ) );
#12914 = ORIENTED_EDGE('',*,*,#12915,.T.);
#12915 = EDGE_CURVE('',#12888,#12916,#12918,.T.);
#12916 = VERTEX_POINT('',#12917);
#12917 = CARTESIAN_POINT('',(20.25,7.5,10.));
#12918 = SURFACE_CURVE('',#12919,(#12923,#12930),.PCURVE_S1.);
#12919 = LINE('',#12920,#12921);
#12920 = CARTESIAN_POINT('',(-20.25,7.5,10.));
#12921 = VECTOR('',#12922,1.);
#12922 = DIRECTION('',(1.,0.,0.));
#12923 = PCURVE('',#12667,#12924);
#12924 = DEFINITIONAL_REPRESENTATION('',(#12925),#12929);
#12925 = LINE('',#12926,#12927);
#12926 = CARTESIAN_POINT('',(0.,-10.));
#12927 = VECTOR('',#12928,1.);
#12928 = DIRECTION('',(1.,0.));
#12929 = ( GEOMETRIC_REPRESENTATION_CONTEXT(2) 
PARAMETRIC_REPRESENTATION_CONTEXT() REPRESENTATION_CONTEXT('2D SPACE',''
  ) );
#12930 = PCURVE('',#12931,#12936);
#12931 = PLANE('',#12932);
#12932 = AXIS2_PLACEMENT_3D('',#12933,#12934,#12935);
#12933 = CARTESIAN_POINT('',(20.25,7.5,10.));
#12934 = DIRECTION('',(0.,-1.,0.));
#12935 = DIRECTION('',(-1.,0.,0.));
#12936 = DEFINITIONAL_REPRESENTATION('',(#12937),#12941);
#12937 = LINE('',#12938,#12939);
#12938 = CARTESIAN_POINT('',(40.5,0.));
#12939 = VECTOR('',#12940,1.);
#12940 = DIRECTION('',(-1.,-0.));
#12941 = ( GEOMETRIC_REPRESENTATION_CONTEXT(2) 
PARAMETRIC_REPRESENTATION_CONTEXT() REPRESENTATION_CONTEXT('2D SPACE',''
  ) );
#12942 = ORIENTED_EDGE('',*,*,#12943,.F.);
#12943 = EDGE_CURVE('',#12944,#12916,#12946,.T.);
#12944 = VERTEX_POINT('',#12945);
#12945 = CARTESIAN_POINT('',(20.25,7.5,0.));
#12946 = SURFACE_CURVE('',#12947,(#12951,#12958),.PCURVE_S1.);
#12947 = LINE('',#12948,#12949);
#12948 = CARTESIAN_POINT('',(20.25,7.5,0.));
#12949 = VECTOR('',#12950,1.);
#12950 = DIRECTION('',(0.,0.,1.));
#12951 = PCURVE('',#12667,#12952);
#12952 = DEFINITIONAL_REPRESENTATION('',(#12953),#12957);
#12953 = LINE('',#12954,#12955);
#12954 = CARTESIAN_POINT('',(40.5,0.));
#12955 = VECTOR('',#12956,1.);
#12956 = DIRECTION('',(0.,-1.));
#12957 = ( GEOMETRIC_REPRESENTATION_CONTEXT(2) 
PARAMETRIC_REPRESENTATION_CONTEXT() REPRESENTATION_CONTEXT('2D SPACE',''
  ) );
#12958 = PCURVE('',#12959,#12964);
#12959 = PLANE('',#12960);
#12960 = AXIS2_PLACEMENT_3D('',#12961,#12962,#12963);
#12961 = CARTESIAN_POINT('',(20.25,7.5,0.));
#12962 = DIRECTION('',(1.,0.,0.));
#12963 = DIRECTION('',(0.,-1.,0.));
#12964 = DEFINITIONAL_REPRESENTATION('',(#12965),#12969);
#12965 = LINE('',#12966,#12967);
#12966 = CARTESIAN_POINT('',(0.,0.));
#12967 = VECTOR('',#12968,1.);
#12968 = DIRECTION('',(0.,-1.));
#12969 = ( GEOMETRIC_REPRESENTATION_CONTEXT(2) 
PARAMETRIC_REPRESENTATION_CONTEXT() REPRESENTATION_CONTEXT('2D SPACE',''
  ) );
#12970 = ORIENTED_EDGE('',*,*,#12971,.F.);
#12971 = EDGE_CURVE('',#12657,#12944,#12972,.T.);
#12972 = SURFACE_CURVE('',#12973,(#12977,#12984),.PCURVE_S1.);
#12973 = LINE('',#12974,#12975);
#12974 = CARTESIAN_POINT('',(-20.25,7.5,0.));
#12975 = VECTOR('',#12976,1.);
#12976 = DIRECTION('',(1.,0.,0.));
#12977 = PCURVE('',#12667,#12978);
#12978 = DEFINITIONAL_REPRESENTATION('',(#12979),#12983);
#12979 = LINE('',#12980,#12981);
#12980 = CARTESIAN_POINT('',(0.,0.));
#12981 = VECTOR('',#12982,1.);
#12982 = DIRECTION('',(1.,0.));
#12983 = ( GEOMETRIC_REPRESENTATION_CONTEXT(2) 
PARAMETRIC_REPRESENTATION_CONTEXT() REPRESENTATION_CONTEXT('2D SPACE',''
  ) );
#12984 = PCURVE('',#12985,#12990);
#12985 = PLANE('',#12986);
#12986 = AXIS2_PLACEMENT_3D('',#12987,#12988,#12989);
#12987 = CARTESIAN_POINT('',(-2.56E-15,6.4E-16,0.));
#12988 = DIRECTION('',(0.,0.,1.));
#12989 = DIRECTION('',(1.,0.,0.));
#12990 = DEFINITIONAL_REPRESENTATION('',(#12991),#12995);
#12991 = LINE('',#12992,#12993);
#12992 = CARTESIAN_POINT('',(-20.25,7.5));
#12993 = VECTOR('',#12994,1.);
#12994 = DIRECTION('',(1.,0.));
#12995 = ( GEOMETRIC_REPRESENTATION_CONTEXT(2) 
PARAMETRIC_REPRESENTATION_CONTEXT() REPRESENTATION_CONTEXT('2D SPACE',''
  ) );
#12996 = ADVANCED_FACE('',(#12997),#12679,.T.);
#12997 = FACE_BOUND('',#12998,.T.);
#12998 = EDGE_LOOP('',(#12999,#13029,#13055,#13056));
#12999 = ORIENTED_EDGE('',*,*,#13000,.T.);
#13000 = EDGE_CURVE('',#13001,#13003,#13005,.T.);
#13001 = VERTEX_POINT('',#13002);
#13002 = CARTESIAN_POINT('',(-20.25,-7.5,0.));
#13003 = VERTEX_POINT('',#13004);
#13004 = CARTESIAN_POINT('',(-20.25,-7.5,10.));
#13005 = SURFACE_CURVE('',#13006,(#13010,#13017),.PCURVE_S1.);
#13006 = LINE('',#13007,#13008);
#13007 = CARTESIAN_POINT('',(-20.25,-7.5,0.));
#13008 = VECTOR('',#13009,1.);
#13009 = DIRECTION('',(0.,0.,1.));
#13010 = PCURVE('',#12679,#13011);
#13011 = DEFINITIONAL_REPRESENTATION('',(#13012),#13016);
#13012 = LINE('',#13013,#13014);
#13013 = CARTESIAN_POINT('',(0.,0.));
#13014 = VECTOR('',#13015,1.);
#13015 = DIRECTION('',(0.,-1.));
#13016 = ( GEOMETRIC_REPRESENTATION_CONTEXT(2) 
PARAMETRIC_REPRESENTATION_CONTEXT() REPRESENTATION_CONTEXT('2D SPACE',''
  ) );
#13017 = PCURVE('',#13018,#13023);
#13018 = PLANE('',#13019);
#13019 = AXIS2_PLACEMENT_3D('',#13020,#13021,#13022);
#13020 = CARTESIAN_POINT('',(20.25,-7.5,0.));
#13021 = DIRECTION('',(0.,-1.,0.));
#13022 = DIRECTION('',(-1.,0.,0.));
#13023 = DEFINITIONAL_REPRESENTATION('',(#13024),#13028);
#13024 = LINE('',#13025,#13026);
#13025 = CARTESIAN_POINT('',(40.5,0.));
#13026 = VECTOR('',#13027,1.);
#13027 = DIRECTION('',(0.,-1.));
#13028 = ( GEOMETRIC_REPRESENTATION_CONTEXT(2) 
PARAMETRIC_REPRESENTATION_CONTEXT() REPRESENTATION_CONTEXT('2D SPACE',''
  ) );
#13029 = ORIENTED_EDGE('',*,*,#13030,.T.);
#13030 = EDGE_CURVE('',#13003,#12659,#13031,.T.);
#13031 = SURFACE_CURVE('',#13032,(#13036,#13043),.PCURVE_S1.);
#13032 = LINE('',#13033,#13034);
#13033 = CARTESIAN_POINT('',(-20.25,-7.5,10.));
#13034 = VECTOR('',#13035,1.);
#13035 = DIRECTION('',(0.,1.,0.));
#13036 = PCURVE('',#12679,#13037);
#13037 = DEFINITIONAL_REPRESENTATION('',(#13038),#13042);
#13038 = LINE('',#13039,#13040);
#13039 = CARTESIAN_POINT('',(0.,-10.));
#13040 = VECTOR('',#13041,1.);
#13041 = DIRECTION('',(1.,0.));
#13042 = ( GEOMETRIC_REPRESENTATION_CONTEXT(2) 
PARAMETRIC_REPRESENTATION_CONTEXT() REPRESENTATION_CONTEXT('2D SPACE',''
  ) );
#13043 = PCURVE('',#13044,#13049);
#13044 = PLANE('',#13045);
#13045 = AXIS2_PLACEMENT_3D('',#13046,#13047,#13048);
#13046 = CARTESIAN_POINT('',(-20.25,-7.5,10.));
#13047 = DIRECTION('',(-1.,0.,0.));
#13048 = DIRECTION('',(0.,1.,0.));
#13049 = DEFINITIONAL_REPRESENTATION('',(#13050),#13054);
#13050 = LINE('',#13051,#13052);
#13051 = CARTESIAN_POINT('',(1.7763568394E-15,0.));
#13052 = VECTOR('',#13053,1.);
#13053 = DIRECTION('',(1.,0.));
#13054 = ( GEOMETRIC_REPRESENTATION_CONTEXT(2) 
PARAMETRIC_REPRESENTATION_CONTEXT() REPRESENTATION_CONTEXT('2D SPACE',''
  ) );
#13055 = ORIENTED_EDGE('',*,*,#12656,.F.);
#13056 = ORIENTED_EDGE('',*,*,#13057,.F.);
#13057 = EDGE_CURVE('',#13001,#12657,#13058,.T.);
#13058 = SURFACE_CURVE('',#13059,(#13063,#13070),.PCURVE_S1.);
#13059 = LINE('',#13060,#13061);
#13060 = CARTESIAN_POINT('',(-20.25,-7.5,0.));
#13061 = VECTOR('',#13062,1.);
#13062 = DIRECTION('',(0.,1.,0.));
#13063 = PCURVE('',#12679,#13064);
#13064 = DEFINITIONAL_REPRESENTATION('',(#13065),#13069);
#13065 = LINE('',#13066,#13067);
#13066 = CARTESIAN_POINT('',(0.,0.));
#13067 = VECTOR('',#13068,1.);
#13068 = DIRECTION('',(1.,0.));
#13069 = ( GEOMETRIC_REPRESENTATION_CONTEXT(2) 
PARAMETRIC_REPRESENTATION_CONTEXT() REPRESENTATION_CONTEXT('2D SPACE',''
  ) );
#13070 = PCURVE('',#12985,#13071);
#13071 = DEFINITIONAL_REPRESENTATION('',(#13072),#13076);
#13072 = LINE('',#13073,#13074);
#13073 = CARTESIAN_POINT('',(-20.25,-7.5));
#13074 = VECTOR('',#13075,1.);
#13075 = DIRECTION('',(0.,1.));
#13076 = ( GEOMETRIC_REPRESENTATION_CONTEXT(2) 
PARAMETRIC_REPRESENTATION_CONTEXT() REPRESENTATION_CONTEXT('2D SPACE',''
  ) );
#13077 = ADVANCED_FACE('',(#13078),#12959,.T.);
#13078 = FACE_BOUND('',#13079,.T.);
#13079 = EDGE_LOOP('',(#13080,#13081,#13109,#13132));
#13080 = ORIENTED_EDGE('',*,*,#12943,.T.);
#13081 = ORIENTED_EDGE('',*,*,#13082,.T.);
#13082 = EDGE_CURVE('',#12916,#13083,#13085,.T.);
#13083 = VERTEX_POINT('',#13084);
#13084 = CARTESIAN_POINT('',(20.25,-7.5,10.));
#13085 = SURFACE_CURVE('',#13086,(#13090,#13097),.PCURVE_S1.);
#13086 = LINE('',#13087,#13088);
#13087 = CARTESIAN_POINT('',(20.25,7.5,10.));
#13088 = VECTOR('',#13089,1.);
#13089 = DIRECTION('',(0.,-1.,0.));
#13090 = PCURVE('',#12959,#13091);
#13091 = DEFINITIONAL_REPRESENTATION('',(#13092),#13096);
#13092 = LINE('',#13093,#13094);
#13093 = CARTESIAN_POINT('',(0.,-10.));
#13094 = VECTOR('',#13095,1.);
#13095 = DIRECTION('',(1.,0.));
#13096 = ( GEOMETRIC_REPRESENTATION_CONTEXT(2) 
PARAMETRIC_REPRESENTATION_CONTEXT() REPRESENTATION_CONTEXT('2D SPACE',''
  ) );
#13097 = PCURVE('',#13098,#13103);
#13098 = PLANE('',#13099);
#13099 = AXIS2_PLACEMENT_3D('',#13100,#13101,#13102);
#13100 = CARTESIAN_POINT('',(20.25,-7.5,10.));
#13101 = DIRECTION('',(-1.,0.,0.));
#13102 = DIRECTION('',(0.,1.,0.));
#13103 = DEFINITIONAL_REPRESENTATION('',(#13104),#13108);
#13104 = LINE('',#13105,#13106);
#13105 = CARTESIAN_POINT('',(15.,0.));
#13106 = VECTOR('',#13107,1.);
#13107 = DIRECTION('',(-1.,0.));
#13108 = ( GEOMETRIC_REPRESENTATION_CONTEXT(2) 
PARAMETRIC_REPRESENTATION_CONTEXT() REPRESENTATION_CONTEXT('2D SPACE',''
  ) );
#13109 = ORIENTED_EDGE('',*,*,#13110,.F.);
#13110 = EDGE_CURVE('',#13111,#13083,#13113,.T.);
#13111 = VERTEX_POINT('',#13112);
#13112 = CARTESIAN_POINT('',(20.25,-7.5,0.));
#13113 = SURFACE_CURVE('',#13114,(#13118,#13125),.PCURVE_S1.);
#13114 = LINE('',#13115,#13116);
#13115 = CARTESIAN_POINT('',(20.25,-7.5,0.));
#13116 = VECTOR('',#13117,1.);
#13117 = DIRECTION('',(0.,0.,1.));
#13118 = PCURVE('',#12959,#13119);
#13119 = DEFINITIONAL_REPRESENTATION('',(#13120),#13124);
#13120 = LINE('',#13121,#13122);
#13121 = CARTESIAN_POINT('',(15.,0.));
#13122 = VECTOR('',#13123,1.);
#13123 = DIRECTION('',(0.,-1.));
#13124 = ( GEOMETRIC_REPRESENTATION_CONTEXT(2) 
PARAMETRIC_REPRESENTATION_CONTEXT() REPRESENTATION_CONTEXT('2D SPACE',''
  ) );
#13125 = PCURVE('',#13018,#13126);
#13126 = DEFINITIONAL_REPRESENTATION('',(#13127),#13131);
#13127 = LINE('',#13128,#13129);
#13128 = CARTESIAN_POINT('',(0.,-0.));
#13129 = VECTOR('',#13130,1.);
#13130 = DIRECTION('',(0.,-1.));
#13131 = ( GEOMETRIC_REPRESENTATION_CONTEXT(2) 
PARAMETRIC_REPRESENTATION_CONTEXT() REPRESENTATION_CONTEXT('2D SPACE',''
  ) );
#13132 = ORIENTED_EDGE('',*,*,#13133,.F.);
#13133 = EDGE_CURVE('',#12944,#13111,#13134,.T.);
#13134 = SURFACE_CURVE('',#13135,(#13139,#13146),.PCURVE_S1.);
#13135 = LINE('',#13136,#13137);
#13136 = CARTESIAN_POINT('',(20.25,7.5,0.));
#13137 = VECTOR('',#13138,1.);
#13138 = DIRECTION('',(0.,-1.,0.));
#13139 = PCURVE('',#12959,#13140);
#13140 = DEFINITIONAL_REPRESENTATION('',(#13141),#13145);
#13141 = LINE('',#13142,#13143);
#13142 = CARTESIAN_POINT('',(0.,0.));
#13143 = VECTOR('',#13144,1.);
#13144 = DIRECTION('',(1.,0.));
#13145 = ( GEOMETRIC_REPRESENTATION_CONTEXT(2) 
PARAMETRIC_REPRESENTATION_CONTEXT() REPRESENTATION_CONTEXT('2D SPACE',''
  ) );
#13146 = PCURVE('',#12985,#13147);
#13147 = DEFINITIONAL_REPRESENTATION('',(#13148),#13152);
#13148 = LINE('',#13149,#13150);
#13149 = CARTESIAN_POINT('',(20.25,7.5));
#13150 = VECTOR('',#13151,1.);
#13151 = DIRECTION('',(0.,-1.));
#13152 = ( GEOMETRIC_REPRESENTATION_CONTEXT(2) 
PARAMETRIC_REPRESENTATION_CONTEXT() REPRESENTATION_CONTEXT('2D SPACE',''
  ) );
#13153 = ADVANCED_FACE('',(#13154,#13180,#13294,#13408,#13522),#12985,
  .F.);
#13154 = FACE_BOUND('',#13155,.F.);
#13155 = EDGE_LOOP('',(#13156,#13157,#13158,#13179));
#13156 = ORIENTED_EDGE('',*,*,#12971,.F.);
#13157 = ORIENTED_EDGE('',*,*,#13057,.F.);
#13158 = ORIENTED_EDGE('',*,*,#13159,.F.);
#13159 = EDGE_CURVE('',#13111,#13001,#13160,.T.);
#13160 = SURFACE_CURVE('',#13161,(#13165,#13172),.PCURVE_S1.);
#13161 = LINE('',#13162,#13163);
#13162 = CARTESIAN_POINT('',(20.25,-7.5,0.));
#13163 = VECTOR('',#13164,1.);
#13164 = DIRECTION('',(-1.,0.,0.));
#13165 = PCURVE('',#12985,#13166);
#13166 = DEFINITIONAL_REPRESENTATION('',(#13167),#13171);
#13167 = LINE('',#13168,#13169);
#13168 = CARTESIAN_POINT('',(20.25,-7.5));
#13169 = VECTOR('',#13170,1.);
#13170 = DIRECTION('',(-1.,0.));
#13171 = ( GEOMETRIC_REPRESENTATION_CONTEXT(2) 
PARAMETRIC_REPRESENTATION_CONTEXT() REPRESENTATION_CONTEXT('2D SPACE',''
  ) );
#13172 = PCURVE('',#13018,#13173);
#13173 = DEFINITIONAL_REPRESENTATION('',(#13174),#13178);
#13174 = LINE('',#13175,#13176);
#13175 = CARTESIAN_POINT('',(0.,-0.));
#13176 = VECTOR('',#13177,1.);
#13177 = DIRECTION('',(1.,0.));
#13178 = ( GEOMETRIC_REPRESENTATION_CONTEXT(2) 
PARAMETRIC_REPRESENTATION_CONTEXT() REPRESENTATION_CONTEXT('2D SPACE',''
  ) );
#13179 = ORIENTED_EDGE('',*,*,#13133,.F.);
#13180 = FACE_BOUND('',#13181,.F.);
#13181 = EDGE_LOOP('',(#13182,#13212,#13240,#13268));
#13182 = ORIENTED_EDGE('',*,*,#13183,.F.);
#13183 = EDGE_CURVE('',#13184,#13186,#13188,.T.);
#13184 = VERTEX_POINT('',#13185);
#13185 = CARTESIAN_POINT('',(-15.,-0.4,0.));
#13186 = VERTEX_POINT('',#13187);
#13187 = CARTESIAN_POINT('',(-13.5,-0.4,0.));
#13188 = SURFACE_CURVE('',#13189,(#13193,#13200),.PCURVE_S1.);
#13189 = LINE('',#13190,#13191);
#13190 = CARTESIAN_POINT('',(-15.,-0.4,0.));
#13191 = VECTOR('',#13192,1.);
#13192 = DIRECTION('',(1.,0.,0.));
#13193 = PCURVE('',#12985,#13194);
#13194 = DEFINITIONAL_REPRESENTATION('',(#13195),#13199);
#13195 = LINE('',#13196,#13197);
#13196 = CARTESIAN_POINT('',(-15.,-0.4));
#13197 = VECTOR('',#13198,1.);
#13198 = DIRECTION('',(1.,0.));
#13199 = ( GEOMETRIC_REPRESENTATION_CONTEXT(2) 
PARAMETRIC_REPRESENTATION_CONTEXT() REPRESENTATION_CONTEXT('2D SPACE',''
  ) );
#13200 = PCURVE('',#13201,#13206);
#13201 = PLANE('',#13202);
#13202 = AXIS2_PLACEMENT_3D('',#13203,#13204,#13205);
#13203 = CARTESIAN_POINT('',(-15.,-0.4,0.));
#13204 = DIRECTION('',(0.,-1.,0.));
#13205 = DIRECTION('',(1.,0.,0.));
#13206 = DEFINITIONAL_REPRESENTATION('',(#13207),#13211);
#13207 = LINE('',#13208,#13209);
#13208 = CARTESIAN_POINT('',(0.,0.));
#13209 = VECTOR('',#13210,1.);
#13210 = DIRECTION('',(1.,0.));
#13211 = ( GEOMETRIC_REPRESENTATION_CONTEXT(2) 
PARAMETRIC_REPRESENTATION_CONTEXT() REPRESENTATION_CONTEXT('2D SPACE',''
  ) );
#13212 = ORIENTED_EDGE('',*,*,#13213,.F.);
#13213 = EDGE_CURVE('',#13214,#13184,#13216,.T.);
#13214 = VERTEX_POINT('',#13215);
#13215 = CARTESIAN_POINT('',(-15.,0.4,0.));
#13216 = SURFACE_CURVE('',#13217,(#13221,#13228),.PCURVE_S1.);
#13217 = LINE('',#13218,#13219);
#13218 = CARTESIAN_POINT('',(-15.,0.4,0.));
#13219 = VECTOR('',#13220,1.);
#13220 = DIRECTION('',(0.,-1.,0.));
#13221 = PCURVE('',#12985,#13222);
#13222 = DEFINITIONAL_REPRESENTATION('',(#13223),#13227);
#13223 = LINE('',#13224,#13225);
#13224 = CARTESIAN_POINT('',(-15.,0.4));
#13225 = VECTOR('',#13226,1.);
#13226 = DIRECTION('',(0.,-1.));
#13227 = ( GEOMETRIC_REPRESENTATION_CONTEXT(2) 
PARAMETRIC_REPRESENTATION_CONTEXT() REPRESENTATION_CONTEXT('2D SPACE',''
  ) );
#13228 = PCURVE('',#13229,#13234);
#13229 = PLANE('',#13230);
#13230 = AXIS2_PLACEMENT_3D('',#13231,#13232,#13233);
#13231 = CARTESIAN_POINT('',(-15.,0.4,0.));
#13232 = DIRECTION('',(-1.,-0.,-0.));
#13233 = DIRECTION('',(0.,-1.,0.));
#13234 = DEFINITIONAL_REPRESENTATION('',(#13235),#13239);
#13235 = LINE('',#13236,#13237);
#13236 = CARTESIAN_POINT('',(0.,0.));
#13237 = VECTOR('',#13238,1.);
#13238 = DIRECTION('',(1.,0.));
#13239 = ( GEOMETRIC_REPRESENTATION_CONTEXT(2) 
PARAMETRIC_REPRESENTATION_CONTEXT() REPRESENTATION_CONTEXT('2D SPACE',''
  ) );
#13240 = ORIENTED_EDGE('',*,*,#13241,.F.);
#13241 = EDGE_CURVE('',#13242,#13214,#13244,.T.);
#13242 = VERTEX_POINT('',#13243);
#13243 = CARTESIAN_POINT('',(-13.5,0.4,0.));
#13244 = SURFACE_CURVE('',#13245,(#13249,#13256),.PCURVE_S1.);
#13245 = LINE('',#13246,#13247);
#13246 = CARTESIAN_POINT('',(-13.5,0.4,0.));
#13247 = VECTOR('',#13248,1.);
#13248 = DIRECTION('',(-1.,0.,0.));
#13249 = PCURVE('',#12985,#13250);
#13250 = DEFINITIONAL_REPRESENTATION('',(#13251),#13255);
#13251 = LINE('',#13252,#13253);
#13252 = CARTESIAN_POINT('',(-13.5,0.4));
#13253 = VECTOR('',#13254,1.);
#13254 = DIRECTION('',(-1.,0.));
#13255 = ( GEOMETRIC_REPRESENTATION_CONTEXT(2) 
PARAMETRIC_REPRESENTATION_CONTEXT() REPRESENTATION_CONTEXT('2D SPACE',''
  ) );
#13256 = PCURVE('',#13257,#13262);
#13257 = PLANE('',#13258);
#13258 = AXIS2_PLACEMENT_3D('',#13259,#13260,#13261);
#13259 = CARTESIAN_POINT('',(-13.5,0.4,0.));
#13260 = DIRECTION('',(0.,1.,0.));
#13261 = DIRECTION('',(-1.,0.,0.));
#13262 = DEFINITIONAL_REPRESENTATION('',(#13263),#13267);
#13263 = LINE('',#13264,#13265);
#13264 = CARTESIAN_POINT('',(0.,0.));
#13265 = VECTOR('',#13266,1.);
#13266 = DIRECTION('',(1.,0.));
#13267 = ( GEOMETRIC_REPRESENTATION_CONTEXT(2) 
PARAMETRIC_REPRESENTATION_CONTEXT() REPRESENTATION_CONTEXT('2D SPACE',''
  ) );
#13268 = ORIENTED_EDGE('',*,*,#13269,.F.);
#13269 = EDGE_CURVE('',#13186,#13242,#13270,.T.);
#13270 = SURFACE_CURVE('',#13271,(#13275,#13282),.PCURVE_S1.);
#13271 = LINE('',#13272,#13273);
#13272 = CARTESIAN_POINT('',(-13.5,-0.4,0.));
#13273 = VECTOR('',#13274,1.);
#13274 = DIRECTION('',(0.,1.,0.));
#13275 = PCURVE('',#12985,#13276);
#13276 = DEFINITIONAL_REPRESENTATION('',(#13277),#13281);
#13277 = LINE('',#13278,#13279);
#13278 = CARTESIAN_POINT('',(-13.5,-0.4));
#13279 = VECTOR('',#13280,1.);
#13280 = DIRECTION('',(0.,1.));
#13281 = ( GEOMETRIC_REPRESENTATION_CONTEXT(2) 
PARAMETRIC_REPRESENTATION_CONTEXT() REPRESENTATION_CONTEXT('2D SPACE',''
  ) );
#13282 = PCURVE('',#13283,#13288);
#13283 = PLANE('',#13284);
#13284 = AXIS2_PLACEMENT_3D('',#13285,#13286,#13287);
#13285 = CARTESIAN_POINT('',(-13.5,-0.4,0.));
#13286 = DIRECTION('',(1.,0.,0.));
#13287 = DIRECTION('',(0.,1.,0.));
#13288 = DEFINITIONAL_REPRESENTATION('',(#13289),#13293);
#13289 = LINE('',#13290,#13291);
#13290 = CARTESIAN_POINT('',(0.,0.));
#13291 = VECTOR('',#13292,1.);
#13292 = DIRECTION('',(1.,0.));
#13293 = ( GEOMETRIC_REPRESENTATION_CONTEXT(2) 
PARAMETRIC_REPRESENTATION_CONTEXT() REPRESENTATION_CONTEXT('2D SPACE',''
  ) );
#13294 = FACE_BOUND('',#13295,.F.);
#13295 = EDGE_LOOP('',(#13296,#13326,#13354,#13382));
#13296 = ORIENTED_EDGE('',*,*,#13297,.F.);
#13297 = EDGE_CURVE('',#13298,#13300,#13302,.T.);
#13298 = VERTEX_POINT('',#13299);
#13299 = CARTESIAN_POINT('',(-5.5,-0.4,0.));
#13300 = VERTEX_POINT('',#13301);
#13301 = CARTESIAN_POINT('',(-4.,-0.4,0.));
#13302 = SURFACE_CURVE('',#13303,(#13307,#13314),.PCURVE_S1.);
#13303 = LINE('',#13304,#13305);
#13304 = CARTESIAN_POINT('',(-5.5,-0.4,0.));
#13305 = VECTOR('',#13306,1.);
#13306 = DIRECTION('',(1.,0.,0.));
#13307 = PCURVE('',#12985,#13308);
#13308 = DEFINITIONAL_REPRESENTATION('',(#13309),#13313);
#13309 = LINE('',#13310,#13311);
#13310 = CARTESIAN_POINT('',(-5.5,-0.4));
#13311 = VECTOR('',#13312,1.);
#13312 = DIRECTION('',(1.,0.));
#13313 = ( GEOMETRIC_REPRESENTATION_CONTEXT(2) 
PARAMETRIC_REPRESENTATION_CONTEXT() REPRESENTATION_CONTEXT('2D SPACE',''
  ) );
#13314 = PCURVE('',#13315,#13320);
#13315 = PLANE('',#13316);
#13316 = AXIS2_PLACEMENT_3D('',#13317,#13318,#13319);
#13317 = CARTESIAN_POINT('',(-5.5,-0.4,0.));
#13318 = DIRECTION('',(0.,-1.,0.));
#13319 = DIRECTION('',(1.,0.,0.));
#13320 = DEFINITIONAL_REPRESENTATION('',(#13321),#13325);
#13321 = LINE('',#13322,#13323);
#13322 = CARTESIAN_POINT('',(0.,0.));
#13323 = VECTOR('',#13324,1.);
#13324 = DIRECTION('',(1.,0.));
#13325 = ( GEOMETRIC_REPRESENTATION_CONTEXT(2) 
PARAMETRIC_REPRESENTATION_CONTEXT() REPRESENTATION_CONTEXT('2D SPACE',''
  ) );
#13326 = ORIENTED_EDGE('',*,*,#13327,.F.);
#13327 = EDGE_CURVE('',#13328,#13298,#13330,.T.);
#13328 = VERTEX_POINT('',#13329);
#13329 = CARTESIAN_POINT('',(-5.5,0.4,0.));
#13330 = SURFACE_CURVE('',#13331,(#13335,#13342),.PCURVE_S1.);
#13331 = LINE('',#13332,#13333);
#13332 = CARTESIAN_POINT('',(-5.5,0.4,0.));
#13333 = VECTOR('',#13334,1.);
#13334 = DIRECTION('',(0.,-1.,0.));
#13335 = PCURVE('',#12985,#13336);
#13336 = DEFINITIONAL_REPRESENTATION('',(#13337),#13341);
#13337 = LINE('',#13338,#13339);
#13338 = CARTESIAN_POINT('',(-5.5,0.4));
#13339 = VECTOR('',#13340,1.);
#13340 = DIRECTION('',(0.,-1.));
#13341 = ( GEOMETRIC_REPRESENTATION_CONTEXT(2) 
PARAMETRIC_REPRESENTATION_CONTEXT() REPRESENTATION_CONTEXT('2D SPACE',''
  ) );
#13342 = PCURVE('',#13343,#13348);
#13343 = PLANE('',#13344);
#13344 = AXIS2_PLACEMENT_3D('',#13345,#13346,#13347);
#13345 = CARTESIAN_POINT('',(-5.5,0.4,0.));
#13346 = DIRECTION('',(-1.,-0.,-0.));
#13347 = DIRECTION('',(0.,-1.,0.));
#13348 = DEFINITIONAL_REPRESENTATION('',(#13349),#13353);
#13349 = LINE('',#13350,#13351);
#13350 = CARTESIAN_POINT('',(0.,0.));
#13351 = VECTOR('',#13352,1.);
#13352 = DIRECTION('',(1.,0.));
#13353 = ( GEOMETRIC_REPRESENTATION_CONTEXT(2) 
PARAMETRIC_REPRESENTATION_CONTEXT() REPRESENTATION_CONTEXT('2D SPACE',''
  ) );
#13354 = ORIENTED_EDGE('',*,*,#13355,.F.);
#13355 = EDGE_CURVE('',#13356,#13328,#13358,.T.);
#13356 = VERTEX_POINT('',#13357);
#13357 = CARTESIAN_POINT('',(-4.,0.4,0.));
#13358 = SURFACE_CURVE('',#13359,(#13363,#13370),.PCURVE_S1.);
#13359 = LINE('',#13360,#13361);
#13360 = CARTESIAN_POINT('',(-4.,0.4,0.));
#13361 = VECTOR('',#13362,1.);
#13362 = DIRECTION('',(-1.,0.,0.));
#13363 = PCURVE('',#12985,#13364);
#13364 = DEFINITIONAL_REPRESENTATION('',(#13365),#13369);
#13365 = LINE('',#13366,#13367);
#13366 = CARTESIAN_POINT('',(-4.,0.4));
#13367 = VECTOR('',#13368,1.);
#13368 = DIRECTION('',(-1.,0.));
#13369 = ( GEOMETRIC_REPRESENTATION_CONTEXT(2) 
PARAMETRIC_REPRESENTATION_CONTEXT() REPRESENTATION_CONTEXT('2D SPACE',''
  ) );
#13370 = PCURVE('',#13371,#13376);
#13371 = PLANE('',#13372);
#13372 = AXIS2_PLACEMENT_3D('',#13373,#13374,#13375);
#13373 = CARTESIAN_POINT('',(-4.,0.4,0.));
#13374 = DIRECTION('',(0.,1.,0.));
#13375 = DIRECTION('',(-1.,0.,0.));
#13376 = DEFINITIONAL_REPRESENTATION('',(#13377),#13381);
#13377 = LINE('',#13378,#13379);
#13378 = CARTESIAN_POINT('',(0.,0.));
#13379 = VECTOR('',#13380,1.);
#13380 = DIRECTION('',(1.,0.));
#13381 = ( GEOMETRIC_REPRESENTATION_CONTEXT(2) 
PARAMETRIC_REPRESENTATION_CONTEXT() REPRESENTATION_CONTEXT('2D SPACE',''
  ) );
#13382 = ORIENTED_EDGE('',*,*,#13383,.F.);
#13383 = EDGE_CURVE('',#13300,#13356,#13384,.T.);
#13384 = SURFACE_CURVE('',#13385,(#13389,#13396),.PCURVE_S1.);
#13385 = LINE('',#13386,#13387);
#13386 = CARTESIAN_POINT('',(-4.,-0.4,0.));
#13387 = VECTOR('',#13388,1.);
#13388 = DIRECTION('',(0.,1.,0.));
#13389 = PCURVE('',#12985,#13390);
#13390 = DEFINITIONAL_REPRESENTATION('',(#13391),#13395);
#13391 = LINE('',#13392,#13393);
#13392 = CARTESIAN_POINT('',(-4.,-0.4));
#13393 = VECTOR('',#13394,1.);
#13394 = DIRECTION('',(0.,1.));
#13395 = ( GEOMETRIC_REPRESENTATION_CONTEXT(2) 
PARAMETRIC_REPRESENTATION_CONTEXT() REPRESENTATION_CONTEXT('2D SPACE',''
  ) );
#13396 = PCURVE('',#13397,#13402);
#13397 = PLANE('',#13398);
#13398 = AXIS2_PLACEMENT_3D('',#13399,#13400,#13401);
#13399 = CARTESIAN_POINT('',(-4.,-0.4,0.));
#13400 = DIRECTION('',(1.,0.,0.));
#13401 = DIRECTION('',(0.,1.,0.));
#13402 = DEFINITIONAL_REPRESENTATION('',(#13403),#13407);
#13403 = LINE('',#13404,#13405);
#13404 = CARTESIAN_POINT('',(0.,0.));
#13405 = VECTOR('',#13406,1.);
#13406 = DIRECTION('',(1.,0.));
#13407 = ( GEOMETRIC_REPRESENTATION_CONTEXT(2) 
PARAMETRIC_REPRESENTATION_CONTEXT() REPRESENTATION_CONTEXT('2D SPACE',''
  ) );
#13408 = FACE_BOUND('',#13409,.F.);
#13409 = EDGE_LOOP('',(#13410,#13440,#13468,#13496));
#13410 = ORIENTED_EDGE('',*,*,#13411,.T.);
#13411 = EDGE_CURVE('',#13412,#13414,#13416,.T.);
#13412 = VERTEX_POINT('',#13413);
#13413 = CARTESIAN_POINT('',(5.5,0.4,0.));
#13414 = VERTEX_POINT('',#13415);
#13415 = CARTESIAN_POINT('',(5.5,-0.4,0.));
#13416 = SURFACE_CURVE('',#13417,(#13421,#13428),.PCURVE_S1.);
#13417 = LINE('',#13418,#13419);
#13418 = CARTESIAN_POINT('',(5.5,0.4,0.));
#13419 = VECTOR('',#13420,1.);
#13420 = DIRECTION('',(0.,-1.,0.));
#13421 = PCURVE('',#12985,#13422);
#13422 = DEFINITIONAL_REPRESENTATION('',(#13423),#13427);
#13423 = LINE('',#13424,#13425);
#13424 = CARTESIAN_POINT('',(5.5,0.4));
#13425 = VECTOR('',#13426,1.);
#13426 = DIRECTION('',(0.,-1.));
#13427 = ( GEOMETRIC_REPRESENTATION_CONTEXT(2) 
PARAMETRIC_REPRESENTATION_CONTEXT() REPRESENTATION_CONTEXT('2D SPACE',''
  ) );
#13428 = PCURVE('',#13429,#13434);
#13429 = PLANE('',#13430);
#13430 = AXIS2_PLACEMENT_3D('',#13431,#13432,#13433);
#13431 = CARTESIAN_POINT('',(5.5,0.4,0.));
#13432 = DIRECTION('',(-1.,-0.,-0.));
#13433 = DIRECTION('',(0.,-1.,0.));
#13434 = DEFINITIONAL_REPRESENTATION('',(#13435),#13439);
#13435 = LINE('',#13436,#13437);
#13436 = CARTESIAN_POINT('',(0.,0.));
#13437 = VECTOR('',#13438,1.);
#13438 = DIRECTION('',(1.,0.));
#13439 = ( GEOMETRIC_REPRESENTATION_CONTEXT(2) 
PARAMETRIC_REPRESENTATION_CONTEXT() REPRESENTATION_CONTEXT('2D SPACE',''
  ) );
#13440 = ORIENTED_EDGE('',*,*,#13441,.T.);
#13441 = EDGE_CURVE('',#13414,#13442,#13444,.T.);
#13442 = VERTEX_POINT('',#13443);
#13443 = CARTESIAN_POINT('',(4.,-0.4,0.));
#13444 = SURFACE_CURVE('',#13445,(#13449,#13456),.PCURVE_S1.);
#13445 = LINE('',#13446,#13447);
#13446 = CARTESIAN_POINT('',(5.5,-0.4,0.));
#13447 = VECTOR('',#13448,1.);
#13448 = DIRECTION('',(-1.,0.,0.));
#13449 = PCURVE('',#12985,#13450);
#13450 = DEFINITIONAL_REPRESENTATION('',(#13451),#13455);
#13451 = LINE('',#13452,#13453);
#13452 = CARTESIAN_POINT('',(5.5,-0.4));
#13453 = VECTOR('',#13454,1.);
#13454 = DIRECTION('',(-1.,0.));
#13455 = ( GEOMETRIC_REPRESENTATION_CONTEXT(2) 
PARAMETRIC_REPRESENTATION_CONTEXT() REPRESENTATION_CONTEXT('2D SPACE',''
  ) );
#13456 = PCURVE('',#13457,#13462);
#13457 = PLANE('',#13458);
#13458 = AXIS2_PLACEMENT_3D('',#13459,#13460,#13461);
#13459 = CARTESIAN_POINT('',(5.5,-0.4,0.));
#13460 = DIRECTION('',(0.,1.,0.));
#13461 = DIRECTION('',(-1.,0.,0.));
#13462 = DEFINITIONAL_REPRESENTATION('',(#13463),#13467);
#13463 = LINE('',#13464,#13465);
#13464 = CARTESIAN_POINT('',(0.,0.));
#13465 = VECTOR('',#13466,1.);
#13466 = DIRECTION('',(1.,0.));
#13467 = ( GEOMETRIC_REPRESENTATION_CONTEXT(2) 
PARAMETRIC_REPRESENTATION_CONTEXT() REPRESENTATION_CONTEXT('2D SPACE',''
  ) );
#13468 = ORIENTED_EDGE('',*,*,#13469,.T.);
#13469 = EDGE_CURVE('',#13442,#13470,#13472,.T.);
#13470 = VERTEX_POINT('',#13471);
#13471 = CARTESIAN_POINT('',(4.,0.4,0.));
#13472 = SURFACE_CURVE('',#13473,(#13477,#13484),.PCURVE_S1.);
#13473 = LINE('',#13474,#13475);
#13474 = CARTESIAN_POINT('',(4.,-0.4,0.));
#13475 = VECTOR('',#13476,1.);
#13476 = DIRECTION('',(0.,1.,0.));
#13477 = PCURVE('',#12985,#13478);
#13478 = DEFINITIONAL_REPRESENTATION('',(#13479),#13483);
#13479 = LINE('',#13480,#13481);
#13480 = CARTESIAN_POINT('',(4.,-0.4));
#13481 = VECTOR('',#13482,1.);
#13482 = DIRECTION('',(0.,1.));
#13483 = ( GEOMETRIC_REPRESENTATION_CONTEXT(2) 
PARAMETRIC_REPRESENTATION_CONTEXT() REPRESENTATION_CONTEXT('2D SPACE',''
  ) );
#13484 = PCURVE('',#13485,#13490);
#13485 = PLANE('',#13486);
#13486 = AXIS2_PLACEMENT_3D('',#13487,#13488,#13489);
#13487 = CARTESIAN_POINT('',(4.,-0.4,0.));
#13488 = DIRECTION('',(1.,0.,0.));
#13489 = DIRECTION('',(0.,1.,0.));
#13490 = DEFINITIONAL_REPRESENTATION('',(#13491),#13495);
#13491 = LINE('',#13492,#13493);
#13492 = CARTESIAN_POINT('',(0.,0.));
#13493 = VECTOR('',#13494,1.);
#13494 = DIRECTION('',(1.,0.));
#13495 = ( GEOMETRIC_REPRESENTATION_CONTEXT(2) 
PARAMETRIC_REPRESENTATION_CONTEXT() REPRESENTATION_CONTEXT('2D SPACE',''
  ) );
#13496 = ORIENTED_EDGE('',*,*,#13497,.T.);
#13497 = EDGE_CURVE('',#13470,#13412,#13498,.T.);
#13498 = SURFACE_CURVE('',#13499,(#13503,#13510),.PCURVE_S1.);
#13499 = LINE('',#13500,#13501);
#13500 = CARTESIAN_POINT('',(4.,0.4,0.));
#13501 = VECTOR('',#13502,1.);
#13502 = DIRECTION('',(1.,0.,0.));
#13503 = PCURVE('',#12985,#13504);
#13504 = DEFINITIONAL_REPRESENTATION('',(#13505),#13509);
#13505 = LINE('',#13506,#13507);
#13506 = CARTESIAN_POINT('',(4.,0.4));
#13507 = VECTOR('',#13508,1.);
#13508 = DIRECTION('',(1.,0.));
#13509 = ( GEOMETRIC_REPRESENTATION_CONTEXT(2) 
PARAMETRIC_REPRESENTATION_CONTEXT() REPRESENTATION_CONTEXT('2D SPACE',''
  ) );
#13510 = PCURVE('',#13511,#13516);
#13511 = PLANE('',#13512);
#13512 = AXIS2_PLACEMENT_3D('',#13513,#13514,#13515);
#13513 = CARTESIAN_POINT('',(4.,0.4,0.));
#13514 = DIRECTION('',(0.,-1.,0.));
#13515 = DIRECTION('',(1.,0.,0.));
#13516 = DEFINITIONAL_REPRESENTATION('',(#13517),#13521);
#13517 = LINE('',#13518,#13519);
#13518 = CARTESIAN_POINT('',(0.,0.));
#13519 = VECTOR('',#13520,1.);
#13520 = DIRECTION('',(1.,0.));
#13521 = ( GEOMETRIC_REPRESENTATION_CONTEXT(2) 
PARAMETRIC_REPRESENTATION_CONTEXT() REPRESENTATION_CONTEXT('2D SPACE',''
  ) );
#13522 = FACE_BOUND('',#13523,.F.);
#13523 = EDGE_LOOP('',(#13524,#13554,#13582,#13610));
#13524 = ORIENTED_EDGE('',*,*,#13525,.T.);
#13525 = EDGE_CURVE('',#13526,#13528,#13530,.T.);
#13526 = VERTEX_POINT('',#13527);
#13527 = CARTESIAN_POINT('',(15.,0.4,0.));
#13528 = VERTEX_POINT('',#13529);
#13529 = CARTESIAN_POINT('',(15.,-0.4,0.));
#13530 = SURFACE_CURVE('',#13531,(#13535,#13542),.PCURVE_S1.);
#13531 = LINE('',#13532,#13533);
#13532 = CARTESIAN_POINT('',(15.,0.4,0.));
#13533 = VECTOR('',#13534,1.);
#13534 = DIRECTION('',(0.,-1.,0.));
#13535 = PCURVE('',#12985,#13536);
#13536 = DEFINITIONAL_REPRESENTATION('',(#13537),#13541);
#13537 = LINE('',#13538,#13539);
#13538 = CARTESIAN_POINT('',(15.,0.4));
#13539 = VECTOR('',#13540,1.);
#13540 = DIRECTION('',(0.,-1.));
#13541 = ( GEOMETRIC_REPRESENTATION_CONTEXT(2) 
PARAMETRIC_REPRESENTATION_CONTEXT() REPRESENTATION_CONTEXT('2D SPACE',''
  ) );
#13542 = PCURVE('',#13543,#13548);
#13543 = PLANE('',#13544);
#13544 = AXIS2_PLACEMENT_3D('',#13545,#13546,#13547);
#13545 = CARTESIAN_POINT('',(15.,0.4,0.));
#13546 = DIRECTION('',(-1.,-0.,-0.));
#13547 = DIRECTION('',(0.,-1.,0.));
#13548 = DEFINITIONAL_REPRESENTATION('',(#13549),#13553);
#13549 = LINE('',#13550,#13551);
#13550 = CARTESIAN_POINT('',(0.,0.));
#13551 = VECTOR('',#13552,1.);
#13552 = DIRECTION('',(1.,0.));
#13553 = ( GEOMETRIC_REPRESENTATION_CONTEXT(2) 
PARAMETRIC_REPRESENTATION_CONTEXT() REPRESENTATION_CONTEXT('2D SPACE',''
  ) );
#13554 = ORIENTED_EDGE('',*,*,#13555,.T.);
#13555 = EDGE_CURVE('',#13528,#13556,#13558,.T.);
#13556 = VERTEX_POINT('',#13557);
#13557 = CARTESIAN_POINT('',(13.5,-0.4,0.));
#13558 = SURFACE_CURVE('',#13559,(#13563,#13570),.PCURVE_S1.);
#13559 = LINE('',#13560,#13561);
#13560 = CARTESIAN_POINT('',(15.,-0.4,0.));
#13561 = VECTOR('',#13562,1.);
#13562 = DIRECTION('',(-1.,0.,0.));
#13563 = PCURVE('',#12985,#13564);
#13564 = DEFINITIONAL_REPRESENTATION('',(#13565),#13569);
#13565 = LINE('',#13566,#13567);
#13566 = CARTESIAN_POINT('',(15.,-0.4));
#13567 = VECTOR('',#13568,1.);
#13568 = DIRECTION('',(-1.,0.));
#13569 = ( GEOMETRIC_REPRESENTATION_CONTEXT(2) 
PARAMETRIC_REPRESENTATION_CONTEXT() REPRESENTATION_CONTEXT('2D SPACE',''
  ) );
#13570 = PCURVE('',#13571,#13576);
#13571 = PLANE('',#13572);
#13572 = AXIS2_PLACEMENT_3D('',#13573,#13574,#13575);
#13573 = CARTESIAN_POINT('',(15.,-0.4,0.));
#13574 = DIRECTION('',(0.,1.,0.));
#13575 = DIRECTION('',(-1.,0.,0.));
#13576 = DEFINITIONAL_REPRESENTATION('',(#13577),#13581);
#13577 = LINE('',#13578,#13579);
#13578 = CARTESIAN_POINT('',(0.,0.));
#13579 = VECTOR('',#13580,1.);
#13580 = DIRECTION('',(1.,0.));
#13581 = ( GEOMETRIC_REPRESENTATION_CONTEXT(2) 
PARAMETRIC_REPRESENTATION_CONTEXT() REPRESENTATION_CONTEXT('2D SPACE',''
  ) );
#13582 = ORIENTED_EDGE('',*,*,#13583,.T.);
#13583 = EDGE_CURVE('',#13556,#13584,#13586,.T.);
#13584 = VERTEX_POINT('',#13585);
#13585 = CARTESIAN_POINT('',(13.5,0.4,0.));
#13586 = SURFACE_CURVE('',#13587,(#13591,#13598),.PCURVE_S1.);
#13587 = LINE('',#13588,#13589);
#13588 = CARTESIAN_POINT('',(13.5,-0.4,0.));
#13589 = VECTOR('',#13590,1.);
#13590 = DIRECTION('',(0.,1.,0.));
#13591 = PCURVE('',#12985,#13592);
#13592 = DEFINITIONAL_REPRESENTATION('',(#13593),#13597);
#13593 = LINE('',#13594,#13595);
#13594 = CARTESIAN_POINT('',(13.5,-0.4));
#13595 = VECTOR('',#13596,1.);
#13596 = DIRECTION('',(0.,1.));
#13597 = ( GEOMETRIC_REPRESENTATION_CONTEXT(2) 
PARAMETRIC_REPRESENTATION_CONTEXT() REPRESENTATION_CONTEXT('2D SPACE',''
  ) );
#13598 = PCURVE('',#13599,#13604);
#13599 = PLANE('',#13600);
#13600 = AXIS2_PLACEMENT_3D('',#13601,#13602,#13603);
#13601 = CARTESIAN_POINT('',(13.5,-0.4,0.));
#13602 = DIRECTION('',(1.,0.,0.));
#13603 = DIRECTION('',(0.,1.,0.));
#13604 = DEFINITIONAL_REPRESENTATION('',(#13605),#13609);
#13605 = LINE('',#13606,#13607);
#13606 = CARTESIAN_POINT('',(0.,0.));
#13607 = VECTOR('',#13608,1.);
#13608 = DIRECTION('',(1.,0.));
#13609 = ( GEOMETRIC_REPRESENTATION_CONTEXT(2) 
PARAMETRIC_REPRESENTATION_CONTEXT() REPRESENTATION_CONTEXT('2D SPACE',''
  ) );
#13610 = ORIENTED_EDGE('',*,*,#13611,.T.);
#13611 = EDGE_CURVE('',#13584,#13526,#13612,.T.);
#13612 = SURFACE_CURVE('',#13613,(#13617,#13624),.PCURVE_S1.);
#13613 = LINE('',#13614,#13615);
#13614 = CARTESIAN_POINT('',(13.5,0.4,0.));
#13615 = VECTOR('',#13616,1.);
#13616 = DIRECTION('',(1.,0.,0.));
#13617 = PCURVE('',#12985,#13618);
#13618 = DEFINITIONAL_REPRESENTATION('',(#13619),#13623);
#13619 = LINE('',#13620,#13621);
#13620 = CARTESIAN_POINT('',(13.5,0.4));
#13621 = VECTOR('',#13622,1.);
#13622 = DIRECTION('',(1.,0.));
#13623 = ( GEOMETRIC_REPRESENTATION_CONTEXT(2) 
PARAMETRIC_REPRESENTATION_CONTEXT() REPRESENTATION_CONTEXT('2D SPACE',''
  ) );
#13624 = PCURVE('',#13625,#13630);
#13625 = PLANE('',#13626);
#13626 = AXIS2_PLACEMENT_3D('',#13627,#13628,#13629);
#13627 = CARTESIAN_POINT('',(13.5,0.4,0.));
#13628 = DIRECTION('',(0.,-1.,0.));
#13629 = DIRECTION('',(1.,0.,0.));
#13630 = DEFINITIONAL_REPRESENTATION('',(#13631),#13635);
#13631 = LINE('',#13632,#13633);
#13632 = CARTESIAN_POINT('',(0.,0.));
#13633 = VECTOR('',#13634,1.);
#13634 = DIRECTION('',(1.,0.));
#13635 = ( GEOMETRIC_REPRESENTATION_CONTEXT(2) 
PARAMETRIC_REPRESENTATION_CONTEXT() REPRESENTATION_CONTEXT('2D SPACE',''
  ) );
#13636 = ADVANCED_FACE('',(#13637),#12707,.T.);
#13637 = FACE_BOUND('',#13638,.T.);
#13638 = EDGE_LOOP('',(#13639,#13662,#13690,#13716));
#13639 = ORIENTED_EDGE('',*,*,#13640,.T.);
#13640 = EDGE_CURVE('',#12659,#13641,#13643,.T.);
#13641 = VERTEX_POINT('',#13642);
#13642 = CARTESIAN_POINT('',(-20.25,7.5,18.5));
#13643 = SURFACE_CURVE('',#13644,(#13648,#13655),.PCURVE_S1.);
#13644 = LINE('',#13645,#13646);
#13645 = CARTESIAN_POINT('',(-20.25,7.5,10.));
#13646 = VECTOR('',#13647,1.);
#13647 = DIRECTION('',(0.,0.,1.));
#13648 = PCURVE('',#12707,#13649);
#13649 = DEFINITIONAL_REPRESENTATION('',(#13650),#13654);
#13650 = LINE('',#13651,#13652);
#13651 = CARTESIAN_POINT('',(0.,0.));
#13652 = VECTOR('',#13653,1.);
#13653 = DIRECTION('',(0.,-1.));
#13654 = ( GEOMETRIC_REPRESENTATION_CONTEXT(2) 
PARAMETRIC_REPRESENTATION_CONTEXT() REPRESENTATION_CONTEXT('2D SPACE',''
  ) );
#13655 = PCURVE('',#13044,#13656);
#13656 = DEFINITIONAL_REPRESENTATION('',(#13657),#13661);
#13657 = LINE('',#13658,#13659);
#13658 = CARTESIAN_POINT('',(15.,0.));
#13659 = VECTOR('',#13660,1.);
#13660 = DIRECTION('',(0.,-1.));
#13661 = ( GEOMETRIC_REPRESENTATION_CONTEXT(2) 
PARAMETRIC_REPRESENTATION_CONTEXT() REPRESENTATION_CONTEXT('2D SPACE',''
  ) );
#13662 = ORIENTED_EDGE('',*,*,#13663,.T.);
#13663 = EDGE_CURVE('',#13641,#13664,#13666,.T.);
#13664 = VERTEX_POINT('',#13665);
#13665 = CARTESIAN_POINT('',(-18.5,7.5,18.5));
#13666 = SURFACE_CURVE('',#13667,(#13671,#13678),.PCURVE_S1.);
#13667 = LINE('',#13668,#13669);
#13668 = CARTESIAN_POINT('',(-20.25,7.5,18.5));
#13669 = VECTOR('',#13670,1.);
#13670 = DIRECTION('',(1.,0.,0.));
#13671 = PCURVE('',#12707,#13672);
#13672 = DEFINITIONAL_REPRESENTATION('',(#13673),#13677);
#13673 = LINE('',#13674,#13675);
#13674 = CARTESIAN_POINT('',(0.,-8.5));
#13675 = VECTOR('',#13676,1.);
#13676 = DIRECTION('',(1.,0.));
#13677 = ( GEOMETRIC_REPRESENTATION_CONTEXT(2) 
PARAMETRIC_REPRESENTATION_CONTEXT() REPRESENTATION_CONTEXT('2D SPACE',''
  ) );
#13678 = PCURVE('',#13679,#13684);
#13679 = PLANE('',#13680);
#13680 = AXIS2_PLACEMENT_3D('',#13681,#13682,#13683);
#13681 = CARTESIAN_POINT('',(0.,0.,18.5));
#13682 = DIRECTION('',(0.,0.,1.));
#13683 = DIRECTION('',(1.,0.,0.));
#13684 = DEFINITIONAL_REPRESENTATION('',(#13685),#13689);
#13685 = LINE('',#13686,#13687);
#13686 = CARTESIAN_POINT('',(-20.25,7.5));
#13687 = VECTOR('',#13688,1.);
#13688 = DIRECTION('',(1.,0.));
#13689 = ( GEOMETRIC_REPRESENTATION_CONTEXT(2) 
PARAMETRIC_REPRESENTATION_CONTEXT() REPRESENTATION_CONTEXT('2D SPACE',''
  ) );
#13690 = ORIENTED_EDGE('',*,*,#13691,.F.);
#13691 = EDGE_CURVE('',#12692,#13664,#13692,.T.);
#13692 = SURFACE_CURVE('',#13693,(#13697,#13704),.PCURVE_S1.);
#13693 = LINE('',#13694,#13695);
#13694 = CARTESIAN_POINT('',(-18.5,7.5,10.));
#13695 = VECTOR('',#13696,1.);
#13696 = DIRECTION('',(0.,0.,1.));
#13697 = PCURVE('',#12707,#13698);
#13698 = DEFINITIONAL_REPRESENTATION('',(#13699),#13703);
#13699 = LINE('',#13700,#13701);
#13700 = CARTESIAN_POINT('',(1.75,0.));
#13701 = VECTOR('',#13702,1.);
#13702 = DIRECTION('',(0.,-1.));
#13703 = ( GEOMETRIC_REPRESENTATION_CONTEXT(2) 
PARAMETRIC_REPRESENTATION_CONTEXT() REPRESENTATION_CONTEXT('2D SPACE',''
  ) );
#13704 = PCURVE('',#13705,#13710);
#13705 = PLANE('',#13706);
#13706 = AXIS2_PLACEMENT_3D('',#13707,#13708,#13709);
#13707 = CARTESIAN_POINT('',(-18.5,7.5,10.));
#13708 = DIRECTION('',(1.,0.,0.));
#13709 = DIRECTION('',(0.,-1.,0.));
#13710 = DEFINITIONAL_REPRESENTATION('',(#13711),#13715);
#13711 = LINE('',#13712,#13713);
#13712 = CARTESIAN_POINT('',(0.,0.));
#13713 = VECTOR('',#13714,1.);
#13714 = DIRECTION('',(0.,-1.));
#13715 = ( GEOMETRIC_REPRESENTATION_CONTEXT(2) 
PARAMETRIC_REPRESENTATION_CONTEXT() REPRESENTATION_CONTEXT('2D SPACE',''
  ) );
#13716 = ORIENTED_EDGE('',*,*,#12691,.F.);
#13717 = ADVANCED_FACE('',(#13718,#13793),#12735,.T.);
#13718 = FACE_BOUND('',#13719,.T.);
#13719 = EDGE_LOOP('',(#13720,#13721,#13744,#13767));
#13720 = ORIENTED_EDGE('',*,*,#12719,.F.);
#13721 = ORIENTED_EDGE('',*,*,#13722,.T.);
#13722 = EDGE_CURVE('',#12692,#13723,#13725,.T.);
#13723 = VERTEX_POINT('',#13724);
#13724 = CARTESIAN_POINT('',(-18.5,-7.5,10.));
#13725 = SURFACE_CURVE('',#13726,(#13730,#13737),.PCURVE_S1.);
#13726 = LINE('',#13727,#13728);
#13727 = CARTESIAN_POINT('',(-18.5,7.5,10.));
#13728 = VECTOR('',#13729,1.);
#13729 = DIRECTION('',(0.,-1.,0.));
#13730 = PCURVE('',#12735,#13731);
#13731 = DEFINITIONAL_REPRESENTATION('',(#13732),#13736);
#13732 = LINE('',#13733,#13734);
#13733 = CARTESIAN_POINT('',(-18.5,7.5));
#13734 = VECTOR('',#13735,1.);
#13735 = DIRECTION('',(0.,-1.));
#13736 = ( GEOMETRIC_REPRESENTATION_CONTEXT(2) 
PARAMETRIC_REPRESENTATION_CONTEXT() REPRESENTATION_CONTEXT('2D SPACE',''
  ) );
#13737 = PCURVE('',#13705,#13738);
#13738 = DEFINITIONAL_REPRESENTATION('',(#13739),#13743);
#13739 = LINE('',#13740,#13741);
#13740 = CARTESIAN_POINT('',(0.,0.));
#13741 = VECTOR('',#13742,1.);
#13742 = DIRECTION('',(1.,0.));
#13743 = ( GEOMETRIC_REPRESENTATION_CONTEXT(2) 
PARAMETRIC_REPRESENTATION_CONTEXT() REPRESENTATION_CONTEXT('2D SPACE',''
  ) );
#13744 = ORIENTED_EDGE('',*,*,#13745,.F.);
#13745 = EDGE_CURVE('',#13746,#13723,#13748,.T.);
#13746 = VERTEX_POINT('',#13747);
#13747 = CARTESIAN_POINT('',(-10.,-7.5,10.));
#13748 = SURFACE_CURVE('',#13749,(#13753,#13760),.PCURVE_S1.);
#13749 = LINE('',#13750,#13751);
#13750 = CARTESIAN_POINT('',(20.25,-7.5,10.));
#13751 = VECTOR('',#13752,1.);
#13752 = DIRECTION('',(-1.,0.,0.));
#13753 = PCURVE('',#12735,#13754);
#13754 = DEFINITIONAL_REPRESENTATION('',(#13755),#13759);
#13755 = LINE('',#13756,#13757);
#13756 = CARTESIAN_POINT('',(20.25,-7.5));
#13757 = VECTOR('',#13758,1.);
#13758 = DIRECTION('',(-1.,0.));
#13759 = ( GEOMETRIC_REPRESENTATION_CONTEXT(2) 
PARAMETRIC_REPRESENTATION_CONTEXT() REPRESENTATION_CONTEXT('2D SPACE',''
  ) );
#13760 = PCURVE('',#13018,#13761);
#13761 = DEFINITIONAL_REPRESENTATION('',(#13762),#13766);
#13762 = LINE('',#13763,#13764);
#13763 = CARTESIAN_POINT('',(0.,-10.));
#13764 = VECTOR('',#13765,1.);
#13765 = DIRECTION('',(1.,0.));
#13766 = ( GEOMETRIC_REPRESENTATION_CONTEXT(2) 
PARAMETRIC_REPRESENTATION_CONTEXT() REPRESENTATION_CONTEXT('2D SPACE',''
  ) );
#13767 = ORIENTED_EDGE('',*,*,#13768,.F.);
#13768 = EDGE_CURVE('',#12720,#13746,#13769,.T.);
#13769 = SURFACE_CURVE('',#13770,(#13774,#13781),.PCURVE_S1.);
#13770 = LINE('',#13771,#13772);
#13771 = CARTESIAN_POINT('',(-10.,7.5,10.));
#13772 = VECTOR('',#13773,1.);
#13773 = DIRECTION('',(0.,-1.,0.));
#13774 = PCURVE('',#12735,#13775);
#13775 = DEFINITIONAL_REPRESENTATION('',(#13776),#13780);
#13776 = LINE('',#13777,#13778);
#13777 = CARTESIAN_POINT('',(-10.,7.5));
#13778 = VECTOR('',#13779,1.);
#13779 = DIRECTION('',(0.,-1.));
#13780 = ( GEOMETRIC_REPRESENTATION_CONTEXT(2) 
PARAMETRIC_REPRESENTATION_CONTEXT() REPRESENTATION_CONTEXT('2D SPACE',''
  ) );
#13781 = PCURVE('',#13782,#13787);
#13782 = PLANE('',#13783);
#13783 = AXIS2_PLACEMENT_3D('',#13784,#13785,#13786);
#13784 = CARTESIAN_POINT('',(-10.,7.5,10.));
#13785 = DIRECTION('',(1.,0.,0.));
#13786 = DIRECTION('',(0.,-1.,0.));
#13787 = DEFINITIONAL_REPRESENTATION('',(#13788),#13792);
#13788 = LINE('',#13789,#13790);
#13789 = CARTESIAN_POINT('',(0.,0.));
#13790 = VECTOR('',#13791,1.);
#13791 = DIRECTION('',(1.,0.));
#13792 = ( GEOMETRIC_REPRESENTATION_CONTEXT(2) 
PARAMETRIC_REPRESENTATION_CONTEXT() REPRESENTATION_CONTEXT('2D SPACE',''
  ) );
#13793 = FACE_BOUND('',#13794,.T.);
#13794 = EDGE_LOOP('',(#13795));
#13795 = ORIENTED_EDGE('',*,*,#13796,.F.);
#13796 = EDGE_CURVE('',#13797,#13797,#13799,.T.);
#13797 = VERTEX_POINT('',#13798);
#13798 = CARTESIAN_POINT('',(-13.05,0.,10.));
#13799 = SURFACE_CURVE('',#13800,(#13805,#13812),.PCURVE_S1.);
#13800 = CIRCLE('',#13801,1.2);
#13801 = AXIS2_PLACEMENT_3D('',#13802,#13803,#13804);
#13802 = CARTESIAN_POINT('',(-14.25,0.,10.));
#13803 = DIRECTION('',(0.,0.,1.));
#13804 = DIRECTION('',(1.,0.,0.));
#13805 = PCURVE('',#12735,#13806);
#13806 = DEFINITIONAL_REPRESENTATION('',(#13807),#13811);
#13807 = CIRCLE('',#13808,1.2);
#13808 = AXIS2_PLACEMENT_2D('',#13809,#13810);
#13809 = CARTESIAN_POINT('',(-14.25,-6.4E-16));
#13810 = DIRECTION('',(1.,0.));
#13811 = ( GEOMETRIC_REPRESENTATION_CONTEXT(2) 
PARAMETRIC_REPRESENTATION_CONTEXT() REPRESENTATION_CONTEXT('2D SPACE',''
  ) );
#13812 = PCURVE('',#13813,#13818);
#13813 = CYLINDRICAL_SURFACE('',#13814,1.2);
#13814 = AXIS2_PLACEMENT_3D('',#13815,#13816,#13817);
#13815 = CARTESIAN_POINT('',(-14.25,0.,10.));
#13816 = DIRECTION('',(0.,0.,1.));
#13817 = DIRECTION('',(1.,0.,-0.));
#13818 = DEFINITIONAL_REPRESENTATION('',(#13819),#13823);
#13819 = LINE('',#13820,#13821);
#13820 = CARTESIAN_POINT('',(0.,0.));
#13821 = VECTOR('',#13822,1.);
#13822 = DIRECTION('',(1.,0.));
#13823 = ( GEOMETRIC_REPRESENTATION_CONTEXT(2) 
PARAMETRIC_REPRESENTATION_CONTEXT() REPRESENTATION_CONTEXT('2D SPACE',''
  ) );
#13824 = ADVANCED_FACE('',(#13825),#12763,.F.);
#13825 = FACE_BOUND('',#13826,.F.);
#13826 = EDGE_LOOP('',(#13827,#13855,#13883,#13904));
#13827 = ORIENTED_EDGE('',*,*,#13828,.T.);
#13828 = EDGE_CURVE('',#12748,#13829,#13831,.T.);
#13829 = VERTEX_POINT('',#13830);
#13830 = CARTESIAN_POINT('',(-9.,7.5,18.5));
#13831 = SURFACE_CURVE('',#13832,(#13836,#13843),.PCURVE_S1.);
#13832 = LINE('',#13833,#13834);
#13833 = CARTESIAN_POINT('',(-9.,7.5,10.));
#13834 = VECTOR('',#13835,1.);
#13835 = DIRECTION('',(0.,0.,1.));
#13836 = PCURVE('',#12763,#13837);
#13837 = DEFINITIONAL_REPRESENTATION('',(#13838),#13842);
#13838 = LINE('',#13839,#13840);
#13839 = CARTESIAN_POINT('',(0.,-0.));
#13840 = VECTOR('',#13841,1.);
#13841 = DIRECTION('',(0.,-1.));
#13842 = ( GEOMETRIC_REPRESENTATION_CONTEXT(2) 
PARAMETRIC_REPRESENTATION_CONTEXT() REPRESENTATION_CONTEXT('2D SPACE',''
  ) );
#13843 = PCURVE('',#13844,#13849);
#13844 = PLANE('',#13845);
#13845 = AXIS2_PLACEMENT_3D('',#13846,#13847,#13848);
#13846 = CARTESIAN_POINT('',(-9.,-7.5,10.));
#13847 = DIRECTION('',(-1.,0.,0.));
#13848 = DIRECTION('',(0.,1.,0.));
#13849 = DEFINITIONAL_REPRESENTATION('',(#13850),#13854);
#13850 = LINE('',#13851,#13852);
#13851 = CARTESIAN_POINT('',(15.,0.));
#13852 = VECTOR('',#13853,1.);
#13853 = DIRECTION('',(0.,-1.));
#13854 = ( GEOMETRIC_REPRESENTATION_CONTEXT(2) 
PARAMETRIC_REPRESENTATION_CONTEXT() REPRESENTATION_CONTEXT('2D SPACE',''
  ) );
#13855 = ORIENTED_EDGE('',*,*,#13856,.T.);
#13856 = EDGE_CURVE('',#13829,#13857,#13859,.T.);
#13857 = VERTEX_POINT('',#13858);
#13858 = CARTESIAN_POINT('',(-10.,7.5,18.5));
#13859 = SURFACE_CURVE('',#13860,(#13864,#13871),.PCURVE_S1.);
#13860 = LINE('',#13861,#13862);
#13861 = CARTESIAN_POINT('',(-9.,7.5,18.5));
#13862 = VECTOR('',#13863,1.);
#13863 = DIRECTION('',(-1.,0.,0.));
#13864 = PCURVE('',#12763,#13865);
#13865 = DEFINITIONAL_REPRESENTATION('',(#13866),#13870);
#13866 = LINE('',#13867,#13868);
#13867 = CARTESIAN_POINT('',(0.,-8.5));
#13868 = VECTOR('',#13869,1.);
#13869 = DIRECTION('',(1.,0.));
#13870 = ( GEOMETRIC_REPRESENTATION_CONTEXT(2) 
PARAMETRIC_REPRESENTATION_CONTEXT() REPRESENTATION_CONTEXT('2D SPACE',''
  ) );
#13871 = PCURVE('',#13872,#13877);
#13872 = PLANE('',#13873);
#13873 = AXIS2_PLACEMENT_3D('',#13874,#13875,#13876);
#13874 = CARTESIAN_POINT('',(0.,0.,18.5));
#13875 = DIRECTION('',(0.,0.,1.));
#13876 = DIRECTION('',(1.,0.,0.));
#13877 = DEFINITIONAL_REPRESENTATION('',(#13878),#13882);
#13878 = LINE('',#13879,#13880);
#13879 = CARTESIAN_POINT('',(-9.,7.5));
#13880 = VECTOR('',#13881,1.);
#13881 = DIRECTION('',(-1.,0.));
#13882 = ( GEOMETRIC_REPRESENTATION_CONTEXT(2) 
PARAMETRIC_REPRESENTATION_CONTEXT() REPRESENTATION_CONTEXT('2D SPACE',''
  ) );
#13883 = ORIENTED_EDGE('',*,*,#13884,.F.);
#13884 = EDGE_CURVE('',#12720,#13857,#13885,.T.);
#13885 = SURFACE_CURVE('',#13886,(#13890,#13897),.PCURVE_S1.);
#13886 = LINE('',#13887,#13888);
#13887 = CARTESIAN_POINT('',(-10.,7.5,10.));
#13888 = VECTOR('',#13889,1.);
#13889 = DIRECTION('',(0.,0.,1.));
#13890 = PCURVE('',#12763,#13891);
#13891 = DEFINITIONAL_REPRESENTATION('',(#13892),#13896);
#13892 = LINE('',#13893,#13894);
#13893 = CARTESIAN_POINT('',(1.,0.));
#13894 = VECTOR('',#13895,1.);
#13895 = DIRECTION('',(0.,-1.));
#13896 = ( GEOMETRIC_REPRESENTATION_CONTEXT(2) 
PARAMETRIC_REPRESENTATION_CONTEXT() REPRESENTATION_CONTEXT('2D SPACE',''
  ) );
#13897 = PCURVE('',#13782,#13898);
#13898 = DEFINITIONAL_REPRESENTATION('',(#13899),#13903);
#13899 = LINE('',#13900,#13901);
#13900 = CARTESIAN_POINT('',(0.,0.));
#13901 = VECTOR('',#13902,1.);
#13902 = DIRECTION('',(0.,-1.));
#13903 = ( GEOMETRIC_REPRESENTATION_CONTEXT(2) 
PARAMETRIC_REPRESENTATION_CONTEXT() REPRESENTATION_CONTEXT('2D SPACE',''
  ) );
#13904 = ORIENTED_EDGE('',*,*,#12747,.F.);
#13905 = ADVANCED_FACE('',(#13906,#13981),#12791,.T.);
#13906 = FACE_BOUND('',#13907,.T.);
#13907 = EDGE_LOOP('',(#13908,#13909,#13932,#13955));
#13908 = ORIENTED_EDGE('',*,*,#12775,.F.);
#13909 = ORIENTED_EDGE('',*,*,#13910,.F.);
#13910 = EDGE_CURVE('',#13911,#12748,#13913,.T.);
#13911 = VERTEX_POINT('',#13912);
#13912 = CARTESIAN_POINT('',(-9.,-7.5,10.));
#13913 = SURFACE_CURVE('',#13914,(#13918,#13925),.PCURVE_S1.);
#13914 = LINE('',#13915,#13916);
#13915 = CARTESIAN_POINT('',(-9.,-7.5,10.));
#13916 = VECTOR('',#13917,1.);
#13917 = DIRECTION('',(0.,1.,0.));
#13918 = PCURVE('',#12791,#13919);
#13919 = DEFINITIONAL_REPRESENTATION('',(#13920),#13924);
#13920 = LINE('',#13921,#13922);
#13921 = CARTESIAN_POINT('',(-9.,-7.5));
#13922 = VECTOR('',#13923,1.);
#13923 = DIRECTION('',(0.,1.));
#13924 = ( GEOMETRIC_REPRESENTATION_CONTEXT(2) 
PARAMETRIC_REPRESENTATION_CONTEXT() REPRESENTATION_CONTEXT('2D SPACE',''
  ) );
#13925 = PCURVE('',#13844,#13926);
#13926 = DEFINITIONAL_REPRESENTATION('',(#13927),#13931);
#13927 = LINE('',#13928,#13929);
#13928 = CARTESIAN_POINT('',(0.,0.));
#13929 = VECTOR('',#13930,1.);
#13930 = DIRECTION('',(1.,0.));
#13931 = ( GEOMETRIC_REPRESENTATION_CONTEXT(2) 
PARAMETRIC_REPRESENTATION_CONTEXT() REPRESENTATION_CONTEXT('2D SPACE',''
  ) );
#13932 = ORIENTED_EDGE('',*,*,#13933,.F.);
#13933 = EDGE_CURVE('',#13934,#13911,#13936,.T.);
#13934 = VERTEX_POINT('',#13935);
#13935 = CARTESIAN_POINT('',(-0.5,-7.5,10.));
#13936 = SURFACE_CURVE('',#13937,(#13941,#13948),.PCURVE_S1.);
#13937 = LINE('',#13938,#13939);
#13938 = CARTESIAN_POINT('',(20.25,-7.5,10.));
#13939 = VECTOR('',#13940,1.);
#13940 = DIRECTION('',(-1.,0.,0.));
#13941 = PCURVE('',#12791,#13942);
#13942 = DEFINITIONAL_REPRESENTATION('',(#13943),#13947);
#13943 = LINE('',#13944,#13945);
#13944 = CARTESIAN_POINT('',(20.25,-7.5));
#13945 = VECTOR('',#13946,1.);
#13946 = DIRECTION('',(-1.,0.));
#13947 = ( GEOMETRIC_REPRESENTATION_CONTEXT(2) 
PARAMETRIC_REPRESENTATION_CONTEXT() REPRESENTATION_CONTEXT('2D SPACE',''
  ) );
#13948 = PCURVE('',#13018,#13949);
#13949 = DEFINITIONAL_REPRESENTATION('',(#13950),#13954);
#13950 = LINE('',#13951,#13952);
#13951 = CARTESIAN_POINT('',(0.,-10.));
#13952 = VECTOR('',#13953,1.);
#13953 = DIRECTION('',(1.,0.));
#13954 = ( GEOMETRIC_REPRESENTATION_CONTEXT(2) 
PARAMETRIC_REPRESENTATION_CONTEXT() REPRESENTATION_CONTEXT('2D SPACE',''
  ) );
#13955 = ORIENTED_EDGE('',*,*,#13956,.F.);
#13956 = EDGE_CURVE('',#12776,#13934,#13957,.T.);
#13957 = SURFACE_CURVE('',#13958,(#13962,#13969),.PCURVE_S1.);
#13958 = LINE('',#13959,#13960);
#13959 = CARTESIAN_POINT('',(-0.5,7.5,10.));
#13960 = VECTOR('',#13961,1.);
#13961 = DIRECTION('',(0.,-1.,0.));
#13962 = PCURVE('',#12791,#13963);
#13963 = DEFINITIONAL_REPRESENTATION('',(#13964),#13968);
#13964 = LINE('',#13965,#13966);
#13965 = CARTESIAN_POINT('',(-0.5,7.5));
#13966 = VECTOR('',#13967,1.);
#13967 = DIRECTION('',(0.,-1.));
#13968 = ( GEOMETRIC_REPRESENTATION_CONTEXT(2) 
PARAMETRIC_REPRESENTATION_CONTEXT() REPRESENTATION_CONTEXT('2D SPACE',''
  ) );
#13969 = PCURVE('',#13970,#13975);
#13970 = PLANE('',#13971);
#13971 = AXIS2_PLACEMENT_3D('',#13972,#13973,#13974);
#13972 = CARTESIAN_POINT('',(-0.5,7.5,10.));
#13973 = DIRECTION('',(1.,0.,0.));
#13974 = DIRECTION('',(0.,-1.,0.));
#13975 = DEFINITIONAL_REPRESENTATION('',(#13976),#13980);
#13976 = LINE('',#13977,#13978);
#13977 = CARTESIAN_POINT('',(0.,0.));
#13978 = VECTOR('',#13979,1.);
#13979 = DIRECTION('',(1.,0.));
#13980 = ( GEOMETRIC_REPRESENTATION_CONTEXT(2) 
PARAMETRIC_REPRESENTATION_CONTEXT() REPRESENTATION_CONTEXT('2D SPACE',''
  ) );
#13981 = FACE_BOUND('',#13982,.T.);
#13982 = EDGE_LOOP('',(#13983));
#13983 = ORIENTED_EDGE('',*,*,#13984,.F.);
#13984 = EDGE_CURVE('',#13985,#13985,#13987,.T.);
#13985 = VERTEX_POINT('',#13986);
#13986 = CARTESIAN_POINT('',(-3.55,0.,10.));
#13987 = SURFACE_CURVE('',#13988,(#13993,#14000),.PCURVE_S1.);
#13988 = CIRCLE('',#13989,1.2);
#13989 = AXIS2_PLACEMENT_3D('',#13990,#13991,#13992);
#13990 = CARTESIAN_POINT('',(-4.75,0.,10.));
#13991 = DIRECTION('',(0.,0.,1.));
#13992 = DIRECTION('',(1.,0.,0.));
#13993 = PCURVE('',#12791,#13994);
#13994 = DEFINITIONAL_REPRESENTATION('',(#13995),#13999);
#13995 = CIRCLE('',#13996,1.2);
#13996 = AXIS2_PLACEMENT_2D('',#13997,#13998);
#13997 = CARTESIAN_POINT('',(-4.75,-6.4E-16));
#13998 = DIRECTION('',(1.,0.));
#13999 = ( GEOMETRIC_REPRESENTATION_CONTEXT(2) 
PARAMETRIC_REPRESENTATION_CONTEXT() REPRESENTATION_CONTEXT('2D SPACE',''
  ) );
#14000 = PCURVE('',#14001,#14006);
#14001 = CYLINDRICAL_SURFACE('',#14002,1.2);
#14002 = AXIS2_PLACEMENT_3D('',#14003,#14004,#14005);
#14003 = CARTESIAN_POINT('',(-4.75,0.,10.));
#14004 = DIRECTION('',(0.,0.,1.));
#14005 = DIRECTION('',(1.,0.,-0.));
#14006 = DEFINITIONAL_REPRESENTATION('',(#14007),#14011);
#14007 = LINE('',#14008,#14009);
#14008 = CARTESIAN_POINT('',(0.,0.));
#14009 = VECTOR('',#14010,1.);
#14010 = DIRECTION('',(1.,0.));
#14011 = ( GEOMETRIC_REPRESENTATION_CONTEXT(2) 
PARAMETRIC_REPRESENTATION_CONTEXT() REPRESENTATION_CONTEXT('2D SPACE',''
  ) );
#14012 = ADVANCED_FACE('',(#14013),#12819,.F.);
#14013 = FACE_BOUND('',#14014,.F.);
#14014 = EDGE_LOOP('',(#14015,#14043,#14071,#14092));
#14015 = ORIENTED_EDGE('',*,*,#14016,.T.);
#14016 = EDGE_CURVE('',#12804,#14017,#14019,.T.);
#14017 = VERTEX_POINT('',#14018);
#14018 = CARTESIAN_POINT('',(0.5,7.5,18.5));
#14019 = SURFACE_CURVE('',#14020,(#14024,#14031),.PCURVE_S1.);
#14020 = LINE('',#14021,#14022);
#14021 = CARTESIAN_POINT('',(0.5,7.5,10.));
#14022 = VECTOR('',#14023,1.);
#14023 = DIRECTION('',(0.,0.,1.));
#14024 = PCURVE('',#12819,#14025);
#14025 = DEFINITIONAL_REPRESENTATION('',(#14026),#14030);
#14026 = LINE('',#14027,#14028);
#14027 = CARTESIAN_POINT('',(0.,-0.));
#14028 = VECTOR('',#14029,1.);
#14029 = DIRECTION('',(0.,-1.));
#14030 = ( GEOMETRIC_REPRESENTATION_CONTEXT(2) 
PARAMETRIC_REPRESENTATION_CONTEXT() REPRESENTATION_CONTEXT('2D SPACE',''
  ) );
#14031 = PCURVE('',#14032,#14037);
#14032 = PLANE('',#14033);
#14033 = AXIS2_PLACEMENT_3D('',#14034,#14035,#14036);
#14034 = CARTESIAN_POINT('',(0.5,-7.5,10.));
#14035 = DIRECTION('',(-1.,0.,0.));
#14036 = DIRECTION('',(0.,1.,0.));
#14037 = DEFINITIONAL_REPRESENTATION('',(#14038),#14042);
#14038 = LINE('',#14039,#14040);
#14039 = CARTESIAN_POINT('',(15.,0.));
#14040 = VECTOR('',#14041,1.);
#14041 = DIRECTION('',(0.,-1.));
#14042 = ( GEOMETRIC_REPRESENTATION_CONTEXT(2) 
PARAMETRIC_REPRESENTATION_CONTEXT() REPRESENTATION_CONTEXT('2D SPACE',''
  ) );
#14043 = ORIENTED_EDGE('',*,*,#14044,.T.);
#14044 = EDGE_CURVE('',#14017,#14045,#14047,.T.);
#14045 = VERTEX_POINT('',#14046);
#14046 = CARTESIAN_POINT('',(-0.5,7.5,18.5));
#14047 = SURFACE_CURVE('',#14048,(#14052,#14059),.PCURVE_S1.);
#14048 = LINE('',#14049,#14050);
#14049 = CARTESIAN_POINT('',(0.5,7.5,18.5));
#14050 = VECTOR('',#14051,1.);
#14051 = DIRECTION('',(-1.,0.,0.));
#14052 = PCURVE('',#12819,#14053);
#14053 = DEFINITIONAL_REPRESENTATION('',(#14054),#14058);
#14054 = LINE('',#14055,#14056);
#14055 = CARTESIAN_POINT('',(0.,-8.5));
#14056 = VECTOR('',#14057,1.);
#14057 = DIRECTION('',(1.,0.));
#14058 = ( GEOMETRIC_REPRESENTATION_CONTEXT(2) 
PARAMETRIC_REPRESENTATION_CONTEXT() REPRESENTATION_CONTEXT('2D SPACE',''
  ) );
#14059 = PCURVE('',#14060,#14065);
#14060 = PLANE('',#14061);
#14061 = AXIS2_PLACEMENT_3D('',#14062,#14063,#14064);
#14062 = CARTESIAN_POINT('',(0.,0.,18.5));
#14063 = DIRECTION('',(0.,0.,1.));
#14064 = DIRECTION('',(1.,0.,0.));
#14065 = DEFINITIONAL_REPRESENTATION('',(#14066),#14070);
#14066 = LINE('',#14067,#14068);
#14067 = CARTESIAN_POINT('',(0.5,7.5));
#14068 = VECTOR('',#14069,1.);
#14069 = DIRECTION('',(-1.,0.));
#14070 = ( GEOMETRIC_REPRESENTATION_CONTEXT(2) 
PARAMETRIC_REPRESENTATION_CONTEXT() REPRESENTATION_CONTEXT('2D SPACE',''
  ) );
#14071 = ORIENTED_EDGE('',*,*,#14072,.F.);
#14072 = EDGE_CURVE('',#12776,#14045,#14073,.T.);
#14073 = SURFACE_CURVE('',#14074,(#14078,#14085),.PCURVE_S1.);
#14074 = LINE('',#14075,#14076);
#14075 = CARTESIAN_POINT('',(-0.5,7.5,10.));
#14076 = VECTOR('',#14077,1.);
#14077 = DIRECTION('',(0.,0.,1.));
#14078 = PCURVE('',#12819,#14079);
#14079 = DEFINITIONAL_REPRESENTATION('',(#14080),#14084);
#14080 = LINE('',#14081,#14082);
#14081 = CARTESIAN_POINT('',(1.,0.));
#14082 = VECTOR('',#14083,1.);
#14083 = DIRECTION('',(0.,-1.));
#14084 = ( GEOMETRIC_REPRESENTATION_CONTEXT(2) 
PARAMETRIC_REPRESENTATION_CONTEXT() REPRESENTATION_CONTEXT('2D SPACE',''
  ) );
#14085 = PCURVE('',#13970,#14086);
#14086 = DEFINITIONAL_REPRESENTATION('',(#14087),#14091);
#14087 = LINE('',#14088,#14089);
#14088 = CARTESIAN_POINT('',(0.,0.));
#14089 = VECTOR('',#14090,1.);
#14090 = DIRECTION('',(0.,-1.));
#14091 = ( GEOMETRIC_REPRESENTATION_CONTEXT(2) 
PARAMETRIC_REPRESENTATION_CONTEXT() REPRESENTATION_CONTEXT('2D SPACE',''
  ) );
#14092 = ORIENTED_EDGE('',*,*,#12803,.F.);
#14093 = ADVANCED_FACE('',(#14094,#14169),#12847,.T.);
#14094 = FACE_BOUND('',#14095,.T.);
#14095 = EDGE_LOOP('',(#14096,#14097,#14120,#14143));
#14096 = ORIENTED_EDGE('',*,*,#12831,.F.);
#14097 = ORIENTED_EDGE('',*,*,#14098,.F.);
#14098 = EDGE_CURVE('',#14099,#12804,#14101,.T.);
#14099 = VERTEX_POINT('',#14100);
#14100 = CARTESIAN_POINT('',(0.5,-7.5,10.));
#14101 = SURFACE_CURVE('',#14102,(#14106,#14113),.PCURVE_S1.);
#14102 = LINE('',#14103,#14104);
#14103 = CARTESIAN_POINT('',(0.5,-7.5,10.));
#14104 = VECTOR('',#14105,1.);
#14105 = DIRECTION('',(0.,1.,0.));
#14106 = PCURVE('',#12847,#14107);
#14107 = DEFINITIONAL_REPRESENTATION('',(#14108),#14112);
#14108 = LINE('',#14109,#14110);
#14109 = CARTESIAN_POINT('',(0.5,-7.5));
#14110 = VECTOR('',#14111,1.);
#14111 = DIRECTION('',(0.,1.));
#14112 = ( GEOMETRIC_REPRESENTATION_CONTEXT(2) 
PARAMETRIC_REPRESENTATION_CONTEXT() REPRESENTATION_CONTEXT('2D SPACE',''
  ) );
#14113 = PCURVE('',#14032,#14114);
#14114 = DEFINITIONAL_REPRESENTATION('',(#14115),#14119);
#14115 = LINE('',#14116,#14117);
#14116 = CARTESIAN_POINT('',(0.,0.));
#14117 = VECTOR('',#14118,1.);
#14118 = DIRECTION('',(1.,0.));
#14119 = ( GEOMETRIC_REPRESENTATION_CONTEXT(2) 
PARAMETRIC_REPRESENTATION_CONTEXT() REPRESENTATION_CONTEXT('2D SPACE',''
  ) );
#14120 = ORIENTED_EDGE('',*,*,#14121,.F.);
#14121 = EDGE_CURVE('',#14122,#14099,#14124,.T.);
#14122 = VERTEX_POINT('',#14123);
#14123 = CARTESIAN_POINT('',(9.,-7.5,10.));
#14124 = SURFACE_CURVE('',#14125,(#14129,#14136),.PCURVE_S1.);
#14125 = LINE('',#14126,#14127);
#14126 = CARTESIAN_POINT('',(20.25,-7.5,10.));
#14127 = VECTOR('',#14128,1.);
#14128 = DIRECTION('',(-1.,0.,0.));
#14129 = PCURVE('',#12847,#14130);
#14130 = DEFINITIONAL_REPRESENTATION('',(#14131),#14135);
#14131 = LINE('',#14132,#14133);
#14132 = CARTESIAN_POINT('',(20.25,-7.5));
#14133 = VECTOR('',#14134,1.);
#14134 = DIRECTION('',(-1.,0.));
#14135 = ( GEOMETRIC_REPRESENTATION_CONTEXT(2) 
PARAMETRIC_REPRESENTATION_CONTEXT() REPRESENTATION_CONTEXT('2D SPACE',''
  ) );
#14136 = PCURVE('',#13018,#14137);
#14137 = DEFINITIONAL_REPRESENTATION('',(#14138),#14142);
#14138 = LINE('',#14139,#14140);
#14139 = CARTESIAN_POINT('',(0.,-10.));
#14140 = VECTOR('',#14141,1.);
#14141 = DIRECTION('',(1.,0.));
#14142 = ( GEOMETRIC_REPRESENTATION_CONTEXT(2) 
PARAMETRIC_REPRESENTATION_CONTEXT() REPRESENTATION_CONTEXT('2D SPACE',''
  ) );
#14143 = ORIENTED_EDGE('',*,*,#14144,.T.);
#14144 = EDGE_CURVE('',#14122,#12832,#14145,.T.);
#14145 = SURFACE_CURVE('',#14146,(#14150,#14157),.PCURVE_S1.);
#14146 = LINE('',#14147,#14148);
#14147 = CARTESIAN_POINT('',(9.,-7.5,10.));
#14148 = VECTOR('',#14149,1.);
#14149 = DIRECTION('',(0.,1.,0.));
#14150 = PCURVE('',#12847,#14151);
#14151 = DEFINITIONAL_REPRESENTATION('',(#14152),#14156);
#14152 = LINE('',#14153,#14154);
#14153 = CARTESIAN_POINT('',(9.,-7.5));
#14154 = VECTOR('',#14155,1.);
#14155 = DIRECTION('',(0.,1.));
#14156 = ( GEOMETRIC_REPRESENTATION_CONTEXT(2) 
PARAMETRIC_REPRESENTATION_CONTEXT() REPRESENTATION_CONTEXT('2D SPACE',''
  ) );
#14157 = PCURVE('',#14158,#14163);
#14158 = PLANE('',#14159);
#14159 = AXIS2_PLACEMENT_3D('',#14160,#14161,#14162);
#14160 = CARTESIAN_POINT('',(9.,-7.5,10.));
#14161 = DIRECTION('',(-1.,0.,0.));
#14162 = DIRECTION('',(0.,1.,0.));
#14163 = DEFINITIONAL_REPRESENTATION('',(#14164),#14168);
#14164 = LINE('',#14165,#14166);
#14165 = CARTESIAN_POINT('',(0.,0.));
#14166 = VECTOR('',#14167,1.);
#14167 = DIRECTION('',(1.,0.));
#14168 = ( GEOMETRIC_REPRESENTATION_CONTEXT(2) 
PARAMETRIC_REPRESENTATION_CONTEXT() REPRESENTATION_CONTEXT('2D SPACE',''
  ) );
#14169 = FACE_BOUND('',#14170,.T.);
#14170 = EDGE_LOOP('',(#14171));
#14171 = ORIENTED_EDGE('',*,*,#14172,.F.);
#14172 = EDGE_CURVE('',#14173,#14173,#14175,.T.);
#14173 = VERTEX_POINT('',#14174);
#14174 = CARTESIAN_POINT('',(5.95,0.,10.));
#14175 = SURFACE_CURVE('',#14176,(#14181,#14188),.PCURVE_S1.);
#14176 = CIRCLE('',#14177,1.2);
#14177 = AXIS2_PLACEMENT_3D('',#14178,#14179,#14180);
#14178 = CARTESIAN_POINT('',(4.75,0.,10.));
#14179 = DIRECTION('',(0.,0.,1.));
#14180 = DIRECTION('',(1.,0.,0.));
#14181 = PCURVE('',#12847,#14182);
#14182 = DEFINITIONAL_REPRESENTATION('',(#14183),#14187);
#14183 = CIRCLE('',#14184,1.2);
#14184 = AXIS2_PLACEMENT_2D('',#14185,#14186);
#14185 = CARTESIAN_POINT('',(4.75,-6.4E-16));
#14186 = DIRECTION('',(1.,0.));
#14187 = ( GEOMETRIC_REPRESENTATION_CONTEXT(2) 
PARAMETRIC_REPRESENTATION_CONTEXT() REPRESENTATION_CONTEXT('2D SPACE',''
  ) );
#14188 = PCURVE('',#14189,#14194);
#14189 = CYLINDRICAL_SURFACE('',#14190,1.2);
#14190 = AXIS2_PLACEMENT_3D('',#14191,#14192,#14193);
#14191 = CARTESIAN_POINT('',(4.75,0.,10.));
#14192 = DIRECTION('',(0.,0.,1.));
#14193 = DIRECTION('',(1.,0.,-0.));
#14194 = DEFINITIONAL_REPRESENTATION('',(#14195),#14199);
#14195 = LINE('',#14196,#14197);
#14196 = CARTESIAN_POINT('',(0.,0.));
#14197 = VECTOR('',#14198,1.);
#14198 = DIRECTION('',(1.,0.));
#14199 = ( GEOMETRIC_REPRESENTATION_CONTEXT(2) 
PARAMETRIC_REPRESENTATION_CONTEXT() REPRESENTATION_CONTEXT('2D SPACE',''
  ) );
#14200 = ADVANCED_FACE('',(#14201),#12875,.T.);
#14201 = FACE_BOUND('',#14202,.T.);
#14202 = EDGE_LOOP('',(#14203,#14226,#14254,#14280));
#14203 = ORIENTED_EDGE('',*,*,#14204,.T.);
#14204 = EDGE_CURVE('',#12832,#14205,#14207,.T.);
#14205 = VERTEX_POINT('',#14206);
#14206 = CARTESIAN_POINT('',(9.,7.5,18.5));
#14207 = SURFACE_CURVE('',#14208,(#14212,#14219),.PCURVE_S1.);
#14208 = LINE('',#14209,#14210);
#14209 = CARTESIAN_POINT('',(9.,7.5,10.));
#14210 = VECTOR('',#14211,1.);
#14211 = DIRECTION('',(0.,0.,1.));
#14212 = PCURVE('',#12875,#14213);
#14213 = DEFINITIONAL_REPRESENTATION('',(#14214),#14218);
#14214 = LINE('',#14215,#14216);
#14215 = CARTESIAN_POINT('',(0.,0.));
#14216 = VECTOR('',#14217,1.);
#14217 = DIRECTION('',(0.,-1.));
#14218 = ( GEOMETRIC_REPRESENTATION_CONTEXT(2) 
PARAMETRIC_REPRESENTATION_CONTEXT() REPRESENTATION_CONTEXT('2D SPACE',''
  ) );
#14219 = PCURVE('',#14158,#14220);
#14220 = DEFINITIONAL_REPRESENTATION('',(#14221),#14225);
#14221 = LINE('',#14222,#14223);
#14222 = CARTESIAN_POINT('',(15.,0.));
#14223 = VECTOR('',#14224,1.);
#14224 = DIRECTION('',(0.,-1.));
#14225 = ( GEOMETRIC_REPRESENTATION_CONTEXT(2) 
PARAMETRIC_REPRESENTATION_CONTEXT() REPRESENTATION_CONTEXT('2D SPACE',''
  ) );
#14226 = ORIENTED_EDGE('',*,*,#14227,.T.);
#14227 = EDGE_CURVE('',#14205,#14228,#14230,.T.);
#14228 = VERTEX_POINT('',#14229);
#14229 = CARTESIAN_POINT('',(10.,7.5,18.5));
#14230 = SURFACE_CURVE('',#14231,(#14235,#14242),.PCURVE_S1.);
#14231 = LINE('',#14232,#14233);
#14232 = CARTESIAN_POINT('',(9.,7.5,18.5));
#14233 = VECTOR('',#14234,1.);
#14234 = DIRECTION('',(1.,0.,0.));
#14235 = PCURVE('',#12875,#14236);
#14236 = DEFINITIONAL_REPRESENTATION('',(#14237),#14241);
#14237 = LINE('',#14238,#14239);
#14238 = CARTESIAN_POINT('',(0.,-8.5));
#14239 = VECTOR('',#14240,1.);
#14240 = DIRECTION('',(1.,0.));
#14241 = ( GEOMETRIC_REPRESENTATION_CONTEXT(2) 
PARAMETRIC_REPRESENTATION_CONTEXT() REPRESENTATION_CONTEXT('2D SPACE',''
  ) );
#14242 = PCURVE('',#14243,#14248);
#14243 = PLANE('',#14244);
#14244 = AXIS2_PLACEMENT_3D('',#14245,#14246,#14247);
#14245 = CARTESIAN_POINT('',(0.,0.,18.5));
#14246 = DIRECTION('',(0.,0.,1.));
#14247 = DIRECTION('',(1.,0.,0.));
#14248 = DEFINITIONAL_REPRESENTATION('',(#14249),#14253);
#14249 = LINE('',#14250,#14251);
#14250 = CARTESIAN_POINT('',(9.,7.5));
#14251 = VECTOR('',#14252,1.);
#14252 = DIRECTION('',(1.,0.));
#14253 = ( GEOMETRIC_REPRESENTATION_CONTEXT(2) 
PARAMETRIC_REPRESENTATION_CONTEXT() REPRESENTATION_CONTEXT('2D SPACE',''
  ) );
#14254 = ORIENTED_EDGE('',*,*,#14255,.F.);
#14255 = EDGE_CURVE('',#12860,#14228,#14256,.T.);
#14256 = SURFACE_CURVE('',#14257,(#14261,#14268),.PCURVE_S1.);
#14257 = LINE('',#14258,#14259);
#14258 = CARTESIAN_POINT('',(10.,7.5,10.));
#14259 = VECTOR('',#14260,1.);
#14260 = DIRECTION('',(0.,0.,1.));
#14261 = PCURVE('',#12875,#14262);
#14262 = DEFINITIONAL_REPRESENTATION('',(#14263),#14267);
#14263 = LINE('',#14264,#14265);
#14264 = CARTESIAN_POINT('',(1.,0.));
#14265 = VECTOR('',#14266,1.);
#14266 = DIRECTION('',(0.,-1.));
#14267 = ( GEOMETRIC_REPRESENTATION_CONTEXT(2) 
PARAMETRIC_REPRESENTATION_CONTEXT() REPRESENTATION_CONTEXT('2D SPACE',''
  ) );
#14268 = PCURVE('',#14269,#14274);
#14269 = PLANE('',#14270);
#14270 = AXIS2_PLACEMENT_3D('',#14271,#14272,#14273);
#14271 = CARTESIAN_POINT('',(10.,7.5,10.));
#14272 = DIRECTION('',(1.,0.,0.));
#14273 = DIRECTION('',(0.,-1.,0.));
#14274 = DEFINITIONAL_REPRESENTATION('',(#14275),#14279);
#14275 = LINE('',#14276,#14277);
#14276 = CARTESIAN_POINT('',(0.,0.));
#14277 = VECTOR('',#14278,1.);
#14278 = DIRECTION('',(0.,-1.));
#14279 = ( GEOMETRIC_REPRESENTATION_CONTEXT(2) 
PARAMETRIC_REPRESENTATION_CONTEXT() REPRESENTATION_CONTEXT('2D SPACE',''
  ) );
#14280 = ORIENTED_EDGE('',*,*,#12859,.F.);
#14281 = ADVANCED_FACE('',(#14282,#14357),#12903,.T.);
#14282 = FACE_BOUND('',#14283,.T.);
#14283 = EDGE_LOOP('',(#14284,#14285,#14308,#14331));
#14284 = ORIENTED_EDGE('',*,*,#12887,.F.);
#14285 = ORIENTED_EDGE('',*,*,#14286,.T.);
#14286 = EDGE_CURVE('',#12860,#14287,#14289,.T.);
#14287 = VERTEX_POINT('',#14288);
#14288 = CARTESIAN_POINT('',(10.,-7.5,10.));
#14289 = SURFACE_CURVE('',#14290,(#14294,#14301),.PCURVE_S1.);
#14290 = LINE('',#14291,#14292);
#14291 = CARTESIAN_POINT('',(10.,7.5,10.));
#14292 = VECTOR('',#14293,1.);
#14293 = DIRECTION('',(0.,-1.,0.));
#14294 = PCURVE('',#12903,#14295);
#14295 = DEFINITIONAL_REPRESENTATION('',(#14296),#14300);
#14296 = LINE('',#14297,#14298);
#14297 = CARTESIAN_POINT('',(10.,7.5));
#14298 = VECTOR('',#14299,1.);
#14299 = DIRECTION('',(0.,-1.));
#14300 = ( GEOMETRIC_REPRESENTATION_CONTEXT(2) 
PARAMETRIC_REPRESENTATION_CONTEXT() REPRESENTATION_CONTEXT('2D SPACE',''
  ) );
#14301 = PCURVE('',#14269,#14302);
#14302 = DEFINITIONAL_REPRESENTATION('',(#14303),#14307);
#14303 = LINE('',#14304,#14305);
#14304 = CARTESIAN_POINT('',(0.,0.));
#14305 = VECTOR('',#14306,1.);
#14306 = DIRECTION('',(1.,0.));
#14307 = ( GEOMETRIC_REPRESENTATION_CONTEXT(2) 
PARAMETRIC_REPRESENTATION_CONTEXT() REPRESENTATION_CONTEXT('2D SPACE',''
  ) );
#14308 = ORIENTED_EDGE('',*,*,#14309,.F.);
#14309 = EDGE_CURVE('',#14310,#14287,#14312,.T.);
#14310 = VERTEX_POINT('',#14311);
#14311 = CARTESIAN_POINT('',(18.5,-7.5,10.));
#14312 = SURFACE_CURVE('',#14313,(#14317,#14324),.PCURVE_S1.);
#14313 = LINE('',#14314,#14315);
#14314 = CARTESIAN_POINT('',(20.25,-7.5,10.));
#14315 = VECTOR('',#14316,1.);
#14316 = DIRECTION('',(-1.,0.,0.));
#14317 = PCURVE('',#12903,#14318);
#14318 = DEFINITIONAL_REPRESENTATION('',(#14319),#14323);
#14319 = LINE('',#14320,#14321);
#14320 = CARTESIAN_POINT('',(20.25,-7.5));
#14321 = VECTOR('',#14322,1.);
#14322 = DIRECTION('',(-1.,0.));
#14323 = ( GEOMETRIC_REPRESENTATION_CONTEXT(2) 
PARAMETRIC_REPRESENTATION_CONTEXT() REPRESENTATION_CONTEXT('2D SPACE',''
  ) );
#14324 = PCURVE('',#13018,#14325);
#14325 = DEFINITIONAL_REPRESENTATION('',(#14326),#14330);
#14326 = LINE('',#14327,#14328);
#14327 = CARTESIAN_POINT('',(0.,-10.));
#14328 = VECTOR('',#14329,1.);
#14329 = DIRECTION('',(1.,0.));
#14330 = ( GEOMETRIC_REPRESENTATION_CONTEXT(2) 
PARAMETRIC_REPRESENTATION_CONTEXT() REPRESENTATION_CONTEXT('2D SPACE',''
  ) );
#14331 = ORIENTED_EDGE('',*,*,#14332,.F.);
#14332 = EDGE_CURVE('',#12888,#14310,#14333,.T.);
#14333 = SURFACE_CURVE('',#14334,(#14338,#14345),.PCURVE_S1.);
#14334 = LINE('',#14335,#14336);
#14335 = CARTESIAN_POINT('',(18.5,7.5,10.));
#14336 = VECTOR('',#14337,1.);
#14337 = DIRECTION('',(0.,-1.,0.));
#14338 = PCURVE('',#12903,#14339);
#14339 = DEFINITIONAL_REPRESENTATION('',(#14340),#14344);
#14340 = LINE('',#14341,#14342);
#14341 = CARTESIAN_POINT('',(18.5,7.5));
#14342 = VECTOR('',#14343,1.);
#14343 = DIRECTION('',(0.,-1.));
#14344 = ( GEOMETRIC_REPRESENTATION_CONTEXT(2) 
PARAMETRIC_REPRESENTATION_CONTEXT() REPRESENTATION_CONTEXT('2D SPACE',''
  ) );
#14345 = PCURVE('',#14346,#14351);
#14346 = PLANE('',#14347);
#14347 = AXIS2_PLACEMENT_3D('',#14348,#14349,#14350);
#14348 = CARTESIAN_POINT('',(18.5,7.5,10.));
#14349 = DIRECTION('',(1.,0.,0.));
#14350 = DIRECTION('',(0.,-1.,0.));
#14351 = DEFINITIONAL_REPRESENTATION('',(#14352),#14356);
#14352 = LINE('',#14353,#14354);
#14353 = CARTESIAN_POINT('',(0.,0.));
#14354 = VECTOR('',#14355,1.);
#14355 = DIRECTION('',(1.,0.));
#14356 = ( GEOMETRIC_REPRESENTATION_CONTEXT(2) 
PARAMETRIC_REPRESENTATION_CONTEXT() REPRESENTATION_CONTEXT('2D SPACE',''
  ) );
#14357 = FACE_BOUND('',#14358,.T.);
#14358 = EDGE_LOOP('',(#14359));
#14359 = ORIENTED_EDGE('',*,*,#14360,.F.);
#14360 = EDGE_CURVE('',#14361,#14361,#14363,.T.);
#14361 = VERTEX_POINT('',#14362);
#14362 = CARTESIAN_POINT('',(15.45,0.,10.));
#14363 = SURFACE_CURVE('',#14364,(#14369,#14376),.PCURVE_S1.);
#14364 = CIRCLE('',#14365,1.2);
#14365 = AXIS2_PLACEMENT_3D('',#14366,#14367,#14368);
#14366 = CARTESIAN_POINT('',(14.25,0.,10.));
#14367 = DIRECTION('',(0.,0.,1.));
#14368 = DIRECTION('',(1.,0.,0.));
#14369 = PCURVE('',#12903,#14370);
#14370 = DEFINITIONAL_REPRESENTATION('',(#14371),#14375);
#14371 = CIRCLE('',#14372,1.2);
#14372 = AXIS2_PLACEMENT_2D('',#14373,#14374);
#14373 = CARTESIAN_POINT('',(14.25,-6.4E-16));
#14374 = DIRECTION('',(1.,0.));
#14375 = ( GEOMETRIC_REPRESENTATION_CONTEXT(2) 
PARAMETRIC_REPRESENTATION_CONTEXT() REPRESENTATION_CONTEXT('2D SPACE',''
  ) );
#14376 = PCURVE('',#14377,#14382);
#14377 = CYLINDRICAL_SURFACE('',#14378,1.2);
#14378 = AXIS2_PLACEMENT_3D('',#14379,#14380,#14381);
#14379 = CARTESIAN_POINT('',(14.25,0.,10.));
#14380 = DIRECTION('',(0.,0.,1.));
#14381 = DIRECTION('',(1.,0.,-0.));
#14382 = DEFINITIONAL_REPRESENTATION('',(#14383),#14387);
#14383 = LINE('',#14384,#14385);
#14384 = CARTESIAN_POINT('',(0.,0.));
#14385 = VECTOR('',#14386,1.);
#14386 = DIRECTION('',(1.,0.));
#14387 = ( GEOMETRIC_REPRESENTATION_CONTEXT(2) 
PARAMETRIC_REPRESENTATION_CONTEXT() REPRESENTATION_CONTEXT('2D SPACE',''
  ) );
#14388 = ADVANCED_FACE('',(#14389),#12931,.F.);
#14389 = FACE_BOUND('',#14390,.F.);
#14390 = EDGE_LOOP('',(#14391,#14414,#14442,#14463));
#14391 = ORIENTED_EDGE('',*,*,#14392,.T.);
#14392 = EDGE_CURVE('',#12916,#14393,#14395,.T.);
#14393 = VERTEX_POINT('',#14394);
#14394 = CARTESIAN_POINT('',(20.25,7.5,18.5));
#14395 = SURFACE_CURVE('',#14396,(#14400,#14407),.PCURVE_S1.);
#14396 = LINE('',#14397,#14398);
#14397 = CARTESIAN_POINT('',(20.25,7.5,10.));
#14398 = VECTOR('',#14399,1.);
#14399 = DIRECTION('',(0.,0.,1.));
#14400 = PCURVE('',#12931,#14401);
#14401 = DEFINITIONAL_REPRESENTATION('',(#14402),#14406);
#14402 = LINE('',#14403,#14404);
#14403 = CARTESIAN_POINT('',(0.,-0.));
#14404 = VECTOR('',#14405,1.);
#14405 = DIRECTION('',(0.,-1.));
#14406 = ( GEOMETRIC_REPRESENTATION_CONTEXT(2) 
PARAMETRIC_REPRESENTATION_CONTEXT() REPRESENTATION_CONTEXT('2D SPACE',''
  ) );
#14407 = PCURVE('',#13098,#14408);
#14408 = DEFINITIONAL_REPRESENTATION('',(#14409),#14413);
#14409 = LINE('',#14410,#14411);
#14410 = CARTESIAN_POINT('',(15.,0.));
#14411 = VECTOR('',#14412,1.);
#14412 = DIRECTION('',(0.,-1.));
#14413 = ( GEOMETRIC_REPRESENTATION_CONTEXT(2) 
PARAMETRIC_REPRESENTATION_CONTEXT() REPRESENTATION_CONTEXT('2D SPACE',''
  ) );
#14414 = ORIENTED_EDGE('',*,*,#14415,.T.);
#14415 = EDGE_CURVE('',#14393,#14416,#14418,.T.);
#14416 = VERTEX_POINT('',#14417);
#14417 = CARTESIAN_POINT('',(18.5,7.5,18.5));
#14418 = SURFACE_CURVE('',#14419,(#14423,#14430),.PCURVE_S1.);
#14419 = LINE('',#14420,#14421);
#14420 = CARTESIAN_POINT('',(20.25,7.5,18.5));
#14421 = VECTOR('',#14422,1.);
#14422 = DIRECTION('',(-1.,0.,0.));
#14423 = PCURVE('',#12931,#14424);
#14424 = DEFINITIONAL_REPRESENTATION('',(#14425),#14429);
#14425 = LINE('',#14426,#14427);
#14426 = CARTESIAN_POINT('',(0.,-8.5));
#14427 = VECTOR('',#14428,1.);
#14428 = DIRECTION('',(1.,0.));
#14429 = ( GEOMETRIC_REPRESENTATION_CONTEXT(2) 
PARAMETRIC_REPRESENTATION_CONTEXT() REPRESENTATION_CONTEXT('2D SPACE',''
  ) );
#14430 = PCURVE('',#14431,#14436);
#14431 = PLANE('',#14432);
#14432 = AXIS2_PLACEMENT_3D('',#14433,#14434,#14435);
#14433 = CARTESIAN_POINT('',(0.,0.,18.5));
#14434 = DIRECTION('',(0.,0.,1.));
#14435 = DIRECTION('',(1.,0.,0.));
#14436 = DEFINITIONAL_REPRESENTATION('',(#14437),#14441);
#14437 = LINE('',#14438,#14439);
#14438 = CARTESIAN_POINT('',(20.25,7.5));
#14439 = VECTOR('',#14440,1.);
#14440 = DIRECTION('',(-1.,0.));
#14441 = ( GEOMETRIC_REPRESENTATION_CONTEXT(2) 
PARAMETRIC_REPRESENTATION_CONTEXT() REPRESENTATION_CONTEXT('2D SPACE',''
  ) );
#14442 = ORIENTED_EDGE('',*,*,#14443,.F.);
#14443 = EDGE_CURVE('',#12888,#14416,#14444,.T.);
#14444 = SURFACE_CURVE('',#14445,(#14449,#14456),.PCURVE_S1.);
#14445 = LINE('',#14446,#14447);
#14446 = CARTESIAN_POINT('',(18.5,7.5,10.));
#14447 = VECTOR('',#14448,1.);
#14448 = DIRECTION('',(0.,0.,1.));
#14449 = PCURVE('',#12931,#14450);
#14450 = DEFINITIONAL_REPRESENTATION('',(#14451),#14455);
#14451 = LINE('',#14452,#14453);
#14452 = CARTESIAN_POINT('',(1.75,0.));
#14453 = VECTOR('',#14454,1.);
#14454 = DIRECTION('',(0.,-1.));
#14455 = ( GEOMETRIC_REPRESENTATION_CONTEXT(2) 
PARAMETRIC_REPRESENTATION_CONTEXT() REPRESENTATION_CONTEXT('2D SPACE',''
  ) );
#14456 = PCURVE('',#14346,#14457);
#14457 = DEFINITIONAL_REPRESENTATION('',(#14458),#14462);
#14458 = LINE('',#14459,#14460);
#14459 = CARTESIAN_POINT('',(0.,0.));
#14460 = VECTOR('',#14461,1.);
#14461 = DIRECTION('',(0.,-1.));
#14462 = ( GEOMETRIC_REPRESENTATION_CONTEXT(2) 
PARAMETRIC_REPRESENTATION_CONTEXT() REPRESENTATION_CONTEXT('2D SPACE',''
  ) );
#14463 = ORIENTED_EDGE('',*,*,#12915,.T.);
#14464 = ADVANCED_FACE('',(#14465),#13018,.T.);
#14465 = FACE_BOUND('',#14466,.T.);
#14466 = EDGE_LOOP('',(#14467,#14468,#14494,#14495,#14521,#14522,#14548,
    #14549,#14575,#14576,#14602,#14603));
#14467 = ORIENTED_EDGE('',*,*,#13110,.T.);
#14468 = ORIENTED_EDGE('',*,*,#14469,.T.);
#14469 = EDGE_CURVE('',#13083,#14310,#14470,.T.);
#14470 = SURFACE_CURVE('',#14471,(#14475,#14482),.PCURVE_S1.);
#14471 = LINE('',#14472,#14473);
#14472 = CARTESIAN_POINT('',(20.25,-7.5,10.));
#14473 = VECTOR('',#14474,1.);
#14474 = DIRECTION('',(-1.,0.,0.));
#14475 = PCURVE('',#13018,#14476);
#14476 = DEFINITIONAL_REPRESENTATION('',(#14477),#14481);
#14477 = LINE('',#14478,#14479);
#14478 = CARTESIAN_POINT('',(0.,-10.));
#14479 = VECTOR('',#14480,1.);
#14480 = DIRECTION('',(1.,0.));
#14481 = ( GEOMETRIC_REPRESENTATION_CONTEXT(2) 
PARAMETRIC_REPRESENTATION_CONTEXT() REPRESENTATION_CONTEXT('2D SPACE',''
  ) );
#14482 = PCURVE('',#14483,#14488);
#14483 = PLANE('',#14484);
#14484 = AXIS2_PLACEMENT_3D('',#14485,#14486,#14487);
#14485 = CARTESIAN_POINT('',(18.5,-7.5,10.));
#14486 = DIRECTION('',(0.,1.,0.));
#14487 = DIRECTION('',(1.,0.,0.));
#14488 = DEFINITIONAL_REPRESENTATION('',(#14489),#14493);
#14489 = LINE('',#14490,#14491);
#14490 = CARTESIAN_POINT('',(1.75,0.));
#14491 = VECTOR('',#14492,1.);
#14492 = DIRECTION('',(-1.,0.));
#14493 = ( GEOMETRIC_REPRESENTATION_CONTEXT(2) 
PARAMETRIC_REPRESENTATION_CONTEXT() REPRESENTATION_CONTEXT('2D SPACE',''
  ) );
#14494 = ORIENTED_EDGE('',*,*,#14309,.T.);
#14495 = ORIENTED_EDGE('',*,*,#14496,.T.);
#14496 = EDGE_CURVE('',#14287,#14122,#14497,.T.);
#14497 = SURFACE_CURVE('',#14498,(#14502,#14509),.PCURVE_S1.);
#14498 = LINE('',#14499,#14500);
#14499 = CARTESIAN_POINT('',(10.,-7.5,10.));
#14500 = VECTOR('',#14501,1.);
#14501 = DIRECTION('',(-1.,0.,0.));
#14502 = PCURVE('',#13018,#14503);
#14503 = DEFINITIONAL_REPRESENTATION('',(#14504),#14508);
#14504 = LINE('',#14505,#14506);
#14505 = CARTESIAN_POINT('',(10.25,-10.));
#14506 = VECTOR('',#14507,1.);
#14507 = DIRECTION('',(1.,0.));
#14508 = ( GEOMETRIC_REPRESENTATION_CONTEXT(2) 
PARAMETRIC_REPRESENTATION_CONTEXT() REPRESENTATION_CONTEXT('2D SPACE',''
  ) );
#14509 = PCURVE('',#14510,#14515);
#14510 = PLANE('',#14511);
#14511 = AXIS2_PLACEMENT_3D('',#14512,#14513,#14514);
#14512 = CARTESIAN_POINT('',(10.,-7.5,10.));
#14513 = DIRECTION('',(0.,-1.,0.));
#14514 = DIRECTION('',(-1.,0.,0.));
#14515 = DEFINITIONAL_REPRESENTATION('',(#14516),#14520);
#14516 = LINE('',#14517,#14518);
#14517 = CARTESIAN_POINT('',(0.,-0.));
#14518 = VECTOR('',#14519,1.);
#14519 = DIRECTION('',(1.,0.));
#14520 = ( GEOMETRIC_REPRESENTATION_CONTEXT(2) 
PARAMETRIC_REPRESENTATION_CONTEXT() REPRESENTATION_CONTEXT('2D SPACE',''
  ) );
#14521 = ORIENTED_EDGE('',*,*,#14121,.T.);
#14522 = ORIENTED_EDGE('',*,*,#14523,.F.);
#14523 = EDGE_CURVE('',#13934,#14099,#14524,.T.);
#14524 = SURFACE_CURVE('',#14525,(#14529,#14536),.PCURVE_S1.);
#14525 = LINE('',#14526,#14527);
#14526 = CARTESIAN_POINT('',(-0.5,-7.5,10.));
#14527 = VECTOR('',#14528,1.);
#14528 = DIRECTION('',(1.,0.,0.));
#14529 = PCURVE('',#13018,#14530);
#14530 = DEFINITIONAL_REPRESENTATION('',(#14531),#14535);
#14531 = LINE('',#14532,#14533);
#14532 = CARTESIAN_POINT('',(20.75,-10.));
#14533 = VECTOR('',#14534,1.);
#14534 = DIRECTION('',(-1.,-0.));
#14535 = ( GEOMETRIC_REPRESENTATION_CONTEXT(2) 
PARAMETRIC_REPRESENTATION_CONTEXT() REPRESENTATION_CONTEXT('2D SPACE',''
  ) );
#14536 = PCURVE('',#14537,#14542);
#14537 = PLANE('',#14538);
#14538 = AXIS2_PLACEMENT_3D('',#14539,#14540,#14541);
#14539 = CARTESIAN_POINT('',(-0.5,-7.5,10.));
#14540 = DIRECTION('',(0.,1.,0.));
#14541 = DIRECTION('',(1.,0.,0.));
#14542 = DEFINITIONAL_REPRESENTATION('',(#14543),#14547);
#14543 = LINE('',#14544,#14545);
#14544 = CARTESIAN_POINT('',(0.,0.));
#14545 = VECTOR('',#14546,1.);
#14546 = DIRECTION('',(1.,0.));
#14547 = ( GEOMETRIC_REPRESENTATION_CONTEXT(2) 
PARAMETRIC_REPRESENTATION_CONTEXT() REPRESENTATION_CONTEXT('2D SPACE',''
  ) );
#14548 = ORIENTED_EDGE('',*,*,#13933,.T.);
#14549 = ORIENTED_EDGE('',*,*,#14550,.F.);
#14550 = EDGE_CURVE('',#13746,#13911,#14551,.T.);
#14551 = SURFACE_CURVE('',#14552,(#14556,#14563),.PCURVE_S1.);
#14552 = LINE('',#14553,#14554);
#14553 = CARTESIAN_POINT('',(-10.,-7.5,10.));
#14554 = VECTOR('',#14555,1.);
#14555 = DIRECTION('',(1.,0.,0.));
#14556 = PCURVE('',#13018,#14557);
#14557 = DEFINITIONAL_REPRESENTATION('',(#14558),#14562);
#14558 = LINE('',#14559,#14560);
#14559 = CARTESIAN_POINT('',(30.25,-10.));
#14560 = VECTOR('',#14561,1.);
#14561 = DIRECTION('',(-1.,-0.));
#14562 = ( GEOMETRIC_REPRESENTATION_CONTEXT(2) 
PARAMETRIC_REPRESENTATION_CONTEXT() REPRESENTATION_CONTEXT('2D SPACE',''
  ) );
#14563 = PCURVE('',#14564,#14569);
#14564 = PLANE('',#14565);
#14565 = AXIS2_PLACEMENT_3D('',#14566,#14567,#14568);
#14566 = CARTESIAN_POINT('',(-10.,-7.5,10.));
#14567 = DIRECTION('',(0.,1.,0.));
#14568 = DIRECTION('',(1.,0.,0.));
#14569 = DEFINITIONAL_REPRESENTATION('',(#14570),#14574);
#14570 = LINE('',#14571,#14572);
#14571 = CARTESIAN_POINT('',(0.,0.));
#14572 = VECTOR('',#14573,1.);
#14573 = DIRECTION('',(1.,0.));
#14574 = ( GEOMETRIC_REPRESENTATION_CONTEXT(2) 
PARAMETRIC_REPRESENTATION_CONTEXT() REPRESENTATION_CONTEXT('2D SPACE',''
  ) );
#14575 = ORIENTED_EDGE('',*,*,#13745,.T.);
#14576 = ORIENTED_EDGE('',*,*,#14577,.T.);
#14577 = EDGE_CURVE('',#13723,#13003,#14578,.T.);
#14578 = SURFACE_CURVE('',#14579,(#14583,#14590),.PCURVE_S1.);
#14579 = LINE('',#14580,#14581);
#14580 = CARTESIAN_POINT('',(20.25,-7.5,10.));
#14581 = VECTOR('',#14582,1.);
#14582 = DIRECTION('',(-1.,0.,0.));
#14583 = PCURVE('',#13018,#14584);
#14584 = DEFINITIONAL_REPRESENTATION('',(#14585),#14589);
#14585 = LINE('',#14586,#14587);
#14586 = CARTESIAN_POINT('',(0.,-10.));
#14587 = VECTOR('',#14588,1.);
#14588 = DIRECTION('',(1.,0.));
#14589 = ( GEOMETRIC_REPRESENTATION_CONTEXT(2) 
PARAMETRIC_REPRESENTATION_CONTEXT() REPRESENTATION_CONTEXT('2D SPACE',''
  ) );
#14590 = PCURVE('',#14591,#14596);
#14591 = PLANE('',#14592);
#14592 = AXIS2_PLACEMENT_3D('',#14593,#14594,#14595);
#14593 = CARTESIAN_POINT('',(-18.5,-7.5,10.));
#14594 = DIRECTION('',(0.,-1.,0.));
#14595 = DIRECTION('',(-1.,0.,0.));
#14596 = DEFINITIONAL_REPRESENTATION('',(#14597),#14601);
#14597 = LINE('',#14598,#14599);
#14598 = CARTESIAN_POINT('',(-38.75,-0.));
#14599 = VECTOR('',#14600,1.);
#14600 = DIRECTION('',(1.,0.));
#14601 = ( GEOMETRIC_REPRESENTATION_CONTEXT(2) 
PARAMETRIC_REPRESENTATION_CONTEXT() REPRESENTATION_CONTEXT('2D SPACE',''
  ) );
#14602 = ORIENTED_EDGE('',*,*,#13000,.F.);
#14603 = ORIENTED_EDGE('',*,*,#13159,.F.);
#14604 = ADVANCED_FACE('',(#14605),#13044,.T.);
#14605 = FACE_BOUND('',#14606,.T.);
#14606 = EDGE_LOOP('',(#14607,#14630,#14651,#14652));
#14607 = ORIENTED_EDGE('',*,*,#14608,.T.);
#14608 = EDGE_CURVE('',#13003,#14609,#14611,.T.);
#14609 = VERTEX_POINT('',#14610);
#14610 = CARTESIAN_POINT('',(-20.25,-7.5,18.5));
#14611 = SURFACE_CURVE('',#14612,(#14616,#14623),.PCURVE_S1.);
#14612 = LINE('',#14613,#14614);
#14613 = CARTESIAN_POINT('',(-20.25,-7.5,10.));
#14614 = VECTOR('',#14615,1.);
#14615 = DIRECTION('',(0.,0.,1.));
#14616 = PCURVE('',#13044,#14617);
#14617 = DEFINITIONAL_REPRESENTATION('',(#14618),#14622);
#14618 = LINE('',#14619,#14620);
#14619 = CARTESIAN_POINT('',(0.,0.));
#14620 = VECTOR('',#14621,1.);
#14621 = DIRECTION('',(0.,-1.));
#14622 = ( GEOMETRIC_REPRESENTATION_CONTEXT(2) 
PARAMETRIC_REPRESENTATION_CONTEXT() REPRESENTATION_CONTEXT('2D SPACE',''
  ) );
#14623 = PCURVE('',#14591,#14624);
#14624 = DEFINITIONAL_REPRESENTATION('',(#14625),#14629);
#14625 = LINE('',#14626,#14627);
#14626 = CARTESIAN_POINT('',(1.75,0.));
#14627 = VECTOR('',#14628,1.);
#14628 = DIRECTION('',(0.,-1.));
#14629 = ( GEOMETRIC_REPRESENTATION_CONTEXT(2) 
PARAMETRIC_REPRESENTATION_CONTEXT() REPRESENTATION_CONTEXT('2D SPACE',''
  ) );
#14630 = ORIENTED_EDGE('',*,*,#14631,.T.);
#14631 = EDGE_CURVE('',#14609,#13641,#14632,.T.);
#14632 = SURFACE_CURVE('',#14633,(#14637,#14644),.PCURVE_S1.);
#14633 = LINE('',#14634,#14635);
#14634 = CARTESIAN_POINT('',(-20.25,-7.5,18.5));
#14635 = VECTOR('',#14636,1.);
#14636 = DIRECTION('',(0.,1.,0.));
#14637 = PCURVE('',#13044,#14638);
#14638 = DEFINITIONAL_REPRESENTATION('',(#14639),#14643);
#14639 = LINE('',#14640,#14641);
#14640 = CARTESIAN_POINT('',(0.,-8.5));
#14641 = VECTOR('',#14642,1.);
#14642 = DIRECTION('',(1.,0.));
#14643 = ( GEOMETRIC_REPRESENTATION_CONTEXT(2) 
PARAMETRIC_REPRESENTATION_CONTEXT() REPRESENTATION_CONTEXT('2D SPACE',''
  ) );
#14644 = PCURVE('',#13679,#14645);
#14645 = DEFINITIONAL_REPRESENTATION('',(#14646),#14650);
#14646 = LINE('',#14647,#14648);
#14647 = CARTESIAN_POINT('',(-20.25,-7.5));
#14648 = VECTOR('',#14649,1.);
#14649 = DIRECTION('',(0.,1.));
#14650 = ( GEOMETRIC_REPRESENTATION_CONTEXT(2) 
PARAMETRIC_REPRESENTATION_CONTEXT() REPRESENTATION_CONTEXT('2D SPACE',''
  ) );
#14651 = ORIENTED_EDGE('',*,*,#13640,.F.);
#14652 = ORIENTED_EDGE('',*,*,#13030,.F.);
#14653 = ADVANCED_FACE('',(#14654),#13098,.F.);
#14654 = FACE_BOUND('',#14655,.F.);
#14655 = EDGE_LOOP('',(#14656,#14679,#14700,#14701));
#14656 = ORIENTED_EDGE('',*,*,#14657,.T.);
#14657 = EDGE_CURVE('',#13083,#14658,#14660,.T.);
#14658 = VERTEX_POINT('',#14659);
#14659 = CARTESIAN_POINT('',(20.25,-7.5,18.5));
#14660 = SURFACE_CURVE('',#14661,(#14665,#14672),.PCURVE_S1.);
#14661 = LINE('',#14662,#14663);
#14662 = CARTESIAN_POINT('',(20.25,-7.5,10.));
#14663 = VECTOR('',#14664,1.);
#14664 = DIRECTION('',(0.,0.,1.));
#14665 = PCURVE('',#13098,#14666);
#14666 = DEFINITIONAL_REPRESENTATION('',(#14667),#14671);
#14667 = LINE('',#14668,#14669);
#14668 = CARTESIAN_POINT('',(0.,0.));
#14669 = VECTOR('',#14670,1.);
#14670 = DIRECTION('',(0.,-1.));
#14671 = ( GEOMETRIC_REPRESENTATION_CONTEXT(2) 
PARAMETRIC_REPRESENTATION_CONTEXT() REPRESENTATION_CONTEXT('2D SPACE',''
  ) );
#14672 = PCURVE('',#14483,#14673);
#14673 = DEFINITIONAL_REPRESENTATION('',(#14674),#14678);
#14674 = LINE('',#14675,#14676);
#14675 = CARTESIAN_POINT('',(1.75,0.));
#14676 = VECTOR('',#14677,1.);
#14677 = DIRECTION('',(0.,-1.));
#14678 = ( GEOMETRIC_REPRESENTATION_CONTEXT(2) 
PARAMETRIC_REPRESENTATION_CONTEXT() REPRESENTATION_CONTEXT('2D SPACE',''
  ) );
#14679 = ORIENTED_EDGE('',*,*,#14680,.T.);
#14680 = EDGE_CURVE('',#14658,#14393,#14681,.T.);
#14681 = SURFACE_CURVE('',#14682,(#14686,#14693),.PCURVE_S1.);
#14682 = LINE('',#14683,#14684);
#14683 = CARTESIAN_POINT('',(20.25,-7.5,18.5));
#14684 = VECTOR('',#14685,1.);
#14685 = DIRECTION('',(0.,1.,0.));
#14686 = PCURVE('',#13098,#14687);
#14687 = DEFINITIONAL_REPRESENTATION('',(#14688),#14692);
#14688 = LINE('',#14689,#14690);
#14689 = CARTESIAN_POINT('',(0.,-8.5));
#14690 = VECTOR('',#14691,1.);
#14691 = DIRECTION('',(1.,0.));
#14692 = ( GEOMETRIC_REPRESENTATION_CONTEXT(2) 
PARAMETRIC_REPRESENTATION_CONTEXT() REPRESENTATION_CONTEXT('2D SPACE',''
  ) );
#14693 = PCURVE('',#14431,#14694);
#14694 = DEFINITIONAL_REPRESENTATION('',(#14695),#14699);
#14695 = LINE('',#14696,#14697);
#14696 = CARTESIAN_POINT('',(20.25,-7.5));
#14697 = VECTOR('',#14698,1.);
#14698 = DIRECTION('',(0.,1.));
#14699 = ( GEOMETRIC_REPRESENTATION_CONTEXT(2) 
PARAMETRIC_REPRESENTATION_CONTEXT() REPRESENTATION_CONTEXT('2D SPACE',''
  ) );
#14700 = ORIENTED_EDGE('',*,*,#14392,.F.);
#14701 = ORIENTED_EDGE('',*,*,#13082,.T.);
#14702 = ADVANCED_FACE('',(#14703),#13201,.T.);
#14703 = FACE_BOUND('',#14704,.T.);
#14704 = EDGE_LOOP('',(#14705,#14728,#14756,#14777));
#14705 = ORIENTED_EDGE('',*,*,#14706,.T.);
#14706 = EDGE_CURVE('',#13184,#14707,#14709,.T.);
#14707 = VERTEX_POINT('',#14708);
#14708 = CARTESIAN_POINT('',(-15.,-0.4,-5.));
#14709 = SURFACE_CURVE('',#14710,(#14714,#14721),.PCURVE_S1.);
#14710 = LINE('',#14711,#14712);
#14711 = CARTESIAN_POINT('',(-15.,-0.4,0.));
#14712 = VECTOR('',#14713,1.);
#14713 = DIRECTION('',(0.,0.,-1.));
#14714 = PCURVE('',#13201,#14715);
#14715 = DEFINITIONAL_REPRESENTATION('',(#14716),#14720);
#14716 = LINE('',#14717,#14718);
#14717 = CARTESIAN_POINT('',(0.,0.));
#14718 = VECTOR('',#14719,1.);
#14719 = DIRECTION('',(0.,-1.));
#14720 = ( GEOMETRIC_REPRESENTATION_CONTEXT(2) 
PARAMETRIC_REPRESENTATION_CONTEXT() REPRESENTATION_CONTEXT('2D SPACE',''
  ) );
#14721 = PCURVE('',#13229,#14722);
#14722 = DEFINITIONAL_REPRESENTATION('',(#14723),#14727);
#14723 = LINE('',#14724,#14725);
#14724 = CARTESIAN_POINT('',(0.8,0.));
#14725 = VECTOR('',#14726,1.);
#14726 = DIRECTION('',(0.,-1.));
#14727 = ( GEOMETRIC_REPRESENTATION_CONTEXT(2) 
PARAMETRIC_REPRESENTATION_CONTEXT() REPRESENTATION_CONTEXT('2D SPACE',''
  ) );
#14728 = ORIENTED_EDGE('',*,*,#14729,.T.);
#14729 = EDGE_CURVE('',#14707,#14730,#14732,.T.);
#14730 = VERTEX_POINT('',#14731);
#14731 = CARTESIAN_POINT('',(-13.5,-0.4,-5.));
#14732 = SURFACE_CURVE('',#14733,(#14737,#14744),.PCURVE_S1.);
#14733 = LINE('',#14734,#14735);
#14734 = CARTESIAN_POINT('',(-15.,-0.4,-5.));
#14735 = VECTOR('',#14736,1.);
#14736 = DIRECTION('',(1.,0.,0.));
#14737 = PCURVE('',#13201,#14738);
#14738 = DEFINITIONAL_REPRESENTATION('',(#14739),#14743);
#14739 = LINE('',#14740,#14741);
#14740 = CARTESIAN_POINT('',(0.,-5.));
#14741 = VECTOR('',#14742,1.);
#14742 = DIRECTION('',(1.,0.));
#14743 = ( GEOMETRIC_REPRESENTATION_CONTEXT(2) 
PARAMETRIC_REPRESENTATION_CONTEXT() REPRESENTATION_CONTEXT('2D SPACE',''
  ) );
#14744 = PCURVE('',#14745,#14750);
#14745 = PLANE('',#14746);
#14746 = AXIS2_PLACEMENT_3D('',#14747,#14748,#14749);
#14747 = CARTESIAN_POINT('',(0.,0.,-5.));
#14748 = DIRECTION('',(0.,0.,1.));
#14749 = DIRECTION('',(1.,0.,0.));
#14750 = DEFINITIONAL_REPRESENTATION('',(#14751),#14755);
#14751 = LINE('',#14752,#14753);
#14752 = CARTESIAN_POINT('',(-15.,-0.4));
#14753 = VECTOR('',#14754,1.);
#14754 = DIRECTION('',(1.,0.));
#14755 = ( GEOMETRIC_REPRESENTATION_CONTEXT(2) 
PARAMETRIC_REPRESENTATION_CONTEXT() REPRESENTATION_CONTEXT('2D SPACE',''
  ) );
#14756 = ORIENTED_EDGE('',*,*,#14757,.F.);
#14757 = EDGE_CURVE('',#13186,#14730,#14758,.T.);
#14758 = SURFACE_CURVE('',#14759,(#14763,#14770),.PCURVE_S1.);
#14759 = LINE('',#14760,#14761);
#14760 = CARTESIAN_POINT('',(-13.5,-0.4,0.));
#14761 = VECTOR('',#14762,1.);
#14762 = DIRECTION('',(0.,0.,-1.));
#14763 = PCURVE('',#13201,#14764);
#14764 = DEFINITIONAL_REPRESENTATION('',(#14765),#14769);
#14765 = LINE('',#14766,#14767);
#14766 = CARTESIAN_POINT('',(1.5,0.));
#14767 = VECTOR('',#14768,1.);
#14768 = DIRECTION('',(0.,-1.));
#14769 = ( GEOMETRIC_REPRESENTATION_CONTEXT(2) 
PARAMETRIC_REPRESENTATION_CONTEXT() REPRESENTATION_CONTEXT('2D SPACE',''
  ) );
#14770 = PCURVE('',#13283,#14771);
#14771 = DEFINITIONAL_REPRESENTATION('',(#14772),#14776);
#14772 = LINE('',#14773,#14774);
#14773 = CARTESIAN_POINT('',(0.,0.));
#14774 = VECTOR('',#14775,1.);
#14775 = DIRECTION('',(0.,-1.));
#14776 = ( GEOMETRIC_REPRESENTATION_CONTEXT(2) 
PARAMETRIC_REPRESENTATION_CONTEXT() REPRESENTATION_CONTEXT('2D SPACE',''
  ) );
#14777 = ORIENTED_EDGE('',*,*,#13183,.F.);
#14778 = ADVANCED_FACE('',(#14779),#13283,.T.);
#14779 = FACE_BOUND('',#14780,.T.);
#14780 = EDGE_LOOP('',(#14781,#14782,#14805,#14826));
#14781 = ORIENTED_EDGE('',*,*,#14757,.T.);
#14782 = ORIENTED_EDGE('',*,*,#14783,.T.);
#14783 = EDGE_CURVE('',#14730,#14784,#14786,.T.);
#14784 = VERTEX_POINT('',#14785);
#14785 = CARTESIAN_POINT('',(-13.5,0.4,-5.));
#14786 = SURFACE_CURVE('',#14787,(#14791,#14798),.PCURVE_S1.);
#14787 = LINE('',#14788,#14789);
#14788 = CARTESIAN_POINT('',(-13.5,-0.4,-5.));
#14789 = VECTOR('',#14790,1.);
#14790 = DIRECTION('',(0.,1.,0.));
#14791 = PCURVE('',#13283,#14792);
#14792 = DEFINITIONAL_REPRESENTATION('',(#14793),#14797);
#14793 = LINE('',#14794,#14795);
#14794 = CARTESIAN_POINT('',(0.,-5.));
#14795 = VECTOR('',#14796,1.);
#14796 = DIRECTION('',(1.,0.));
#14797 = ( GEOMETRIC_REPRESENTATION_CONTEXT(2) 
PARAMETRIC_REPRESENTATION_CONTEXT() REPRESENTATION_CONTEXT('2D SPACE',''
  ) );
#14798 = PCURVE('',#14745,#14799);
#14799 = DEFINITIONAL_REPRESENTATION('',(#14800),#14804);
#14800 = LINE('',#14801,#14802);
#14801 = CARTESIAN_POINT('',(-13.5,-0.4));
#14802 = VECTOR('',#14803,1.);
#14803 = DIRECTION('',(0.,1.));
#14804 = ( GEOMETRIC_REPRESENTATION_CONTEXT(2) 
PARAMETRIC_REPRESENTATION_CONTEXT() REPRESENTATION_CONTEXT('2D SPACE',''
  ) );
#14805 = ORIENTED_EDGE('',*,*,#14806,.F.);
#14806 = EDGE_CURVE('',#13242,#14784,#14807,.T.);
#14807 = SURFACE_CURVE('',#14808,(#14812,#14819),.PCURVE_S1.);
#14808 = LINE('',#14809,#14810);
#14809 = CARTESIAN_POINT('',(-13.5,0.4,0.));
#14810 = VECTOR('',#14811,1.);
#14811 = DIRECTION('',(0.,0.,-1.));
#14812 = PCURVE('',#13283,#14813);
#14813 = DEFINITIONAL_REPRESENTATION('',(#14814),#14818);
#14814 = LINE('',#14815,#14816);
#14815 = CARTESIAN_POINT('',(0.8,0.));
#14816 = VECTOR('',#14817,1.);
#14817 = DIRECTION('',(0.,-1.));
#14818 = ( GEOMETRIC_REPRESENTATION_CONTEXT(2) 
PARAMETRIC_REPRESENTATION_CONTEXT() REPRESENTATION_CONTEXT('2D SPACE',''
  ) );
#14819 = PCURVE('',#13257,#14820);
#14820 = DEFINITIONAL_REPRESENTATION('',(#14821),#14825);
#14821 = LINE('',#14822,#14823);
#14822 = CARTESIAN_POINT('',(0.,0.));
#14823 = VECTOR('',#14824,1.);
#14824 = DIRECTION('',(0.,-1.));
#14825 = ( GEOMETRIC_REPRESENTATION_CONTEXT(2) 
PARAMETRIC_REPRESENTATION_CONTEXT() REPRESENTATION_CONTEXT('2D SPACE',''
  ) );
#14826 = ORIENTED_EDGE('',*,*,#13269,.F.);
#14827 = ADVANCED_FACE('',(#14828),#13257,.T.);
#14828 = FACE_BOUND('',#14829,.T.);
#14829 = EDGE_LOOP('',(#14830,#14831,#14854,#14875));
#14830 = ORIENTED_EDGE('',*,*,#14806,.T.);
#14831 = ORIENTED_EDGE('',*,*,#14832,.T.);
#14832 = EDGE_CURVE('',#14784,#14833,#14835,.T.);
#14833 = VERTEX_POINT('',#14834);
#14834 = CARTESIAN_POINT('',(-15.,0.4,-5.));
#14835 = SURFACE_CURVE('',#14836,(#14840,#14847),.PCURVE_S1.);
#14836 = LINE('',#14837,#14838);
#14837 = CARTESIAN_POINT('',(-13.5,0.4,-5.));
#14838 = VECTOR('',#14839,1.);
#14839 = DIRECTION('',(-1.,0.,0.));
#14840 = PCURVE('',#13257,#14841);
#14841 = DEFINITIONAL_REPRESENTATION('',(#14842),#14846);
#14842 = LINE('',#14843,#14844);
#14843 = CARTESIAN_POINT('',(0.,-5.));
#14844 = VECTOR('',#14845,1.);
#14845 = DIRECTION('',(1.,0.));
#14846 = ( GEOMETRIC_REPRESENTATION_CONTEXT(2) 
PARAMETRIC_REPRESENTATION_CONTEXT() REPRESENTATION_CONTEXT('2D SPACE',''
  ) );
#14847 = PCURVE('',#14745,#14848);
#14848 = DEFINITIONAL_REPRESENTATION('',(#14849),#14853);
#14849 = LINE('',#14850,#14851);
#14850 = CARTESIAN_POINT('',(-13.5,0.4));
#14851 = VECTOR('',#14852,1.);
#14852 = DIRECTION('',(-1.,0.));
#14853 = ( GEOMETRIC_REPRESENTATION_CONTEXT(2) 
PARAMETRIC_REPRESENTATION_CONTEXT() REPRESENTATION_CONTEXT('2D SPACE',''
  ) );
#14854 = ORIENTED_EDGE('',*,*,#14855,.F.);
#14855 = EDGE_CURVE('',#13214,#14833,#14856,.T.);
#14856 = SURFACE_CURVE('',#14857,(#14861,#14868),.PCURVE_S1.);
#14857 = LINE('',#14858,#14859);
#14858 = CARTESIAN_POINT('',(-15.,0.4,0.));
#14859 = VECTOR('',#14860,1.);
#14860 = DIRECTION('',(0.,0.,-1.));
#14861 = PCURVE('',#13257,#14862);
#14862 = DEFINITIONAL_REPRESENTATION('',(#14863),#14867);
#14863 = LINE('',#14864,#14865);
#14864 = CARTESIAN_POINT('',(1.5,0.));
#14865 = VECTOR('',#14866,1.);
#14866 = DIRECTION('',(0.,-1.));
#14867 = ( GEOMETRIC_REPRESENTATION_CONTEXT(2) 
PARAMETRIC_REPRESENTATION_CONTEXT() REPRESENTATION_CONTEXT('2D SPACE',''
  ) );
#14868 = PCURVE('',#13229,#14869);
#14869 = DEFINITIONAL_REPRESENTATION('',(#14870),#14874);
#14870 = LINE('',#14871,#14872);
#14871 = CARTESIAN_POINT('',(0.,0.));
#14872 = VECTOR('',#14873,1.);
#14873 = DIRECTION('',(0.,-1.));
#14874 = ( GEOMETRIC_REPRESENTATION_CONTEXT(2) 
PARAMETRIC_REPRESENTATION_CONTEXT() REPRESENTATION_CONTEXT('2D SPACE',''
  ) );
#14875 = ORIENTED_EDGE('',*,*,#13241,.F.);
#14876 = ADVANCED_FACE('',(#14877),#13229,.T.);
#14877 = FACE_BOUND('',#14878,.T.);
#14878 = EDGE_LOOP('',(#14879,#14880,#14901,#14902));
#14879 = ORIENTED_EDGE('',*,*,#14855,.T.);
#14880 = ORIENTED_EDGE('',*,*,#14881,.T.);
#14881 = EDGE_CURVE('',#14833,#14707,#14882,.T.);
#14882 = SURFACE_CURVE('',#14883,(#14887,#14894),.PCURVE_S1.);
#14883 = LINE('',#14884,#14885);
#14884 = CARTESIAN_POINT('',(-15.,0.4,-5.));
#14885 = VECTOR('',#14886,1.);
#14886 = DIRECTION('',(0.,-1.,0.));
#14887 = PCURVE('',#13229,#14888);
#14888 = DEFINITIONAL_REPRESENTATION('',(#14889),#14893);
#14889 = LINE('',#14890,#14891);
#14890 = CARTESIAN_POINT('',(0.,-5.));
#14891 = VECTOR('',#14892,1.);
#14892 = DIRECTION('',(1.,0.));
#14893 = ( GEOMETRIC_REPRESENTATION_CONTEXT(2) 
PARAMETRIC_REPRESENTATION_CONTEXT() REPRESENTATION_CONTEXT('2D SPACE',''
  ) );
#14894 = PCURVE('',#14745,#14895);
#14895 = DEFINITIONAL_REPRESENTATION('',(#14896),#14900);
#14896 = LINE('',#14897,#14898);
#14897 = CARTESIAN_POINT('',(-15.,0.4));
#14898 = VECTOR('',#14899,1.);
#14899 = DIRECTION('',(0.,-1.));
#14900 = ( GEOMETRIC_REPRESENTATION_CONTEXT(2) 
PARAMETRIC_REPRESENTATION_CONTEXT() REPRESENTATION_CONTEXT('2D SPACE',''
  ) );
#14901 = ORIENTED_EDGE('',*,*,#14706,.F.);
#14902 = ORIENTED_EDGE('',*,*,#13213,.F.);
#14903 = ADVANCED_FACE('',(#14904),#13315,.T.);
#14904 = FACE_BOUND('',#14905,.T.);
#14905 = EDGE_LOOP('',(#14906,#14929,#14957,#14978));
#14906 = ORIENTED_EDGE('',*,*,#14907,.T.);
#14907 = EDGE_CURVE('',#13298,#14908,#14910,.T.);
#14908 = VERTEX_POINT('',#14909);
#14909 = CARTESIAN_POINT('',(-5.5,-0.4,-5.));
#14910 = SURFACE_CURVE('',#14911,(#14915,#14922),.PCURVE_S1.);
#14911 = LINE('',#14912,#14913);
#14912 = CARTESIAN_POINT('',(-5.5,-0.4,0.));
#14913 = VECTOR('',#14914,1.);
#14914 = DIRECTION('',(0.,0.,-1.));
#14915 = PCURVE('',#13315,#14916);
#14916 = DEFINITIONAL_REPRESENTATION('',(#14917),#14921);
#14917 = LINE('',#14918,#14919);
#14918 = CARTESIAN_POINT('',(0.,0.));
#14919 = VECTOR('',#14920,1.);
#14920 = DIRECTION('',(0.,-1.));
#14921 = ( GEOMETRIC_REPRESENTATION_CONTEXT(2) 
PARAMETRIC_REPRESENTATION_CONTEXT() REPRESENTATION_CONTEXT('2D SPACE',''
  ) );
#14922 = PCURVE('',#13343,#14923);
#14923 = DEFINITIONAL_REPRESENTATION('',(#14924),#14928);
#14924 = LINE('',#14925,#14926);
#14925 = CARTESIAN_POINT('',(0.8,0.));
#14926 = VECTOR('',#14927,1.);
#14927 = DIRECTION('',(0.,-1.));
#14928 = ( GEOMETRIC_REPRESENTATION_CONTEXT(2) 
PARAMETRIC_REPRESENTATION_CONTEXT() REPRESENTATION_CONTEXT('2D SPACE',''
  ) );
#14929 = ORIENTED_EDGE('',*,*,#14930,.T.);
#14930 = EDGE_CURVE('',#14908,#14931,#14933,.T.);
#14931 = VERTEX_POINT('',#14932);
#14932 = CARTESIAN_POINT('',(-4.,-0.4,-5.));
#14933 = SURFACE_CURVE('',#14934,(#14938,#14945),.PCURVE_S1.);
#14934 = LINE('',#14935,#14936);
#14935 = CARTESIAN_POINT('',(-5.5,-0.4,-5.));
#14936 = VECTOR('',#14937,1.);
#14937 = DIRECTION('',(1.,0.,0.));
#14938 = PCURVE('',#13315,#14939);
#14939 = DEFINITIONAL_REPRESENTATION('',(#14940),#14944);
#14940 = LINE('',#14941,#14942);
#14941 = CARTESIAN_POINT('',(0.,-5.));
#14942 = VECTOR('',#14943,1.);
#14943 = DIRECTION('',(1.,0.));
#14944 = ( GEOMETRIC_REPRESENTATION_CONTEXT(2) 
PARAMETRIC_REPRESENTATION_CONTEXT() REPRESENTATION_CONTEXT('2D SPACE',''
  ) );
#14945 = PCURVE('',#14946,#14951);
#14946 = PLANE('',#14947);
#14947 = AXIS2_PLACEMENT_3D('',#14948,#14949,#14950);
#14948 = CARTESIAN_POINT('',(0.,0.,-5.));
#14949 = DIRECTION('',(0.,0.,1.));
#14950 = DIRECTION('',(1.,0.,0.));
#14951 = DEFINITIONAL_REPRESENTATION('',(#14952),#14956);
#14952 = LINE('',#14953,#14954);
#14953 = CARTESIAN_POINT('',(-5.5,-0.4));
#14954 = VECTOR('',#14955,1.);
#14955 = DIRECTION('',(1.,0.));
#14956 = ( GEOMETRIC_REPRESENTATION_CONTEXT(2) 
PARAMETRIC_REPRESENTATION_CONTEXT() REPRESENTATION_CONTEXT('2D SPACE',''
  ) );
#14957 = ORIENTED_EDGE('',*,*,#14958,.F.);
#14958 = EDGE_CURVE('',#13300,#14931,#14959,.T.);
#14959 = SURFACE_CURVE('',#14960,(#14964,#14971),.PCURVE_S1.);
#14960 = LINE('',#14961,#14962);
#14961 = CARTESIAN_POINT('',(-4.,-0.4,0.));
#14962 = VECTOR('',#14963,1.);
#14963 = DIRECTION('',(0.,0.,-1.));
#14964 = PCURVE('',#13315,#14965);
#14965 = DEFINITIONAL_REPRESENTATION('',(#14966),#14970);
#14966 = LINE('',#14967,#14968);
#14967 = CARTESIAN_POINT('',(1.5,0.));
#14968 = VECTOR('',#14969,1.);
#14969 = DIRECTION('',(0.,-1.));
#14970 = ( GEOMETRIC_REPRESENTATION_CONTEXT(2) 
PARAMETRIC_REPRESENTATION_CONTEXT() REPRESENTATION_CONTEXT('2D SPACE',''
  ) );
#14971 = PCURVE('',#13397,#14972);
#14972 = DEFINITIONAL_REPRESENTATION('',(#14973),#14977);
#14973 = LINE('',#14974,#14975);
#14974 = CARTESIAN_POINT('',(0.,0.));
#14975 = VECTOR('',#14976,1.);
#14976 = DIRECTION('',(0.,-1.));
#14977 = ( GEOMETRIC_REPRESENTATION_CONTEXT(2) 
PARAMETRIC_REPRESENTATION_CONTEXT() REPRESENTATION_CONTEXT('2D SPACE',''
  ) );
#14978 = ORIENTED_EDGE('',*,*,#13297,.F.);
#14979 = ADVANCED_FACE('',(#14980),#13397,.T.);
#14980 = FACE_BOUND('',#14981,.T.);
#14981 = EDGE_LOOP('',(#14982,#14983,#15006,#15027));
#14982 = ORIENTED_EDGE('',*,*,#14958,.T.);
#14983 = ORIENTED_EDGE('',*,*,#14984,.T.);
#14984 = EDGE_CURVE('',#14931,#14985,#14987,.T.);
#14985 = VERTEX_POINT('',#14986);
#14986 = CARTESIAN_POINT('',(-4.,0.4,-5.));
#14987 = SURFACE_CURVE('',#14988,(#14992,#14999),.PCURVE_S1.);
#14988 = LINE('',#14989,#14990);
#14989 = CARTESIAN_POINT('',(-4.,-0.4,-5.));
#14990 = VECTOR('',#14991,1.);
#14991 = DIRECTION('',(0.,1.,0.));
#14992 = PCURVE('',#13397,#14993);
#14993 = DEFINITIONAL_REPRESENTATION('',(#14994),#14998);
#14994 = LINE('',#14995,#14996);
#14995 = CARTESIAN_POINT('',(0.,-5.));
#14996 = VECTOR('',#14997,1.);
#14997 = DIRECTION('',(1.,0.));
#14998 = ( GEOMETRIC_REPRESENTATION_CONTEXT(2) 
PARAMETRIC_REPRESENTATION_CONTEXT() REPRESENTATION_CONTEXT('2D SPACE',''
  ) );
#14999 = PCURVE('',#14946,#15000);
#15000 = DEFINITIONAL_REPRESENTATION('',(#15001),#15005);
#15001 = LINE('',#15002,#15003);
#15002 = CARTESIAN_POINT('',(-4.,-0.4));
#15003 = VECTOR('',#15004,1.);
#15004 = DIRECTION('',(0.,1.));
#15005 = ( GEOMETRIC_REPRESENTATION_CONTEXT(2) 
PARAMETRIC_REPRESENTATION_CONTEXT() REPRESENTATION_CONTEXT('2D SPACE',''
  ) );
#15006 = ORIENTED_EDGE('',*,*,#15007,.F.);
#15007 = EDGE_CURVE('',#13356,#14985,#15008,.T.);
#15008 = SURFACE_CURVE('',#15009,(#15013,#15020),.PCURVE_S1.);
#15009 = LINE('',#15010,#15011);
#15010 = CARTESIAN_POINT('',(-4.,0.4,0.));
#15011 = VECTOR('',#15012,1.);
#15012 = DIRECTION('',(0.,0.,-1.));
#15013 = PCURVE('',#13397,#15014);
#15014 = DEFINITIONAL_REPRESENTATION('',(#15015),#15019);
#15015 = LINE('',#15016,#15017);
#15016 = CARTESIAN_POINT('',(0.8,0.));
#15017 = VECTOR('',#15018,1.);
#15018 = DIRECTION('',(0.,-1.));
#15019 = ( GEOMETRIC_REPRESENTATION_CONTEXT(2) 
PARAMETRIC_REPRESENTATION_CONTEXT() REPRESENTATION_CONTEXT('2D SPACE',''
  ) );
#15020 = PCURVE('',#13371,#15021);
#15021 = DEFINITIONAL_REPRESENTATION('',(#15022),#15026);
#15022 = LINE('',#15023,#15024);
#15023 = CARTESIAN_POINT('',(0.,0.));
#15024 = VECTOR('',#15025,1.);
#15025 = DIRECTION('',(0.,-1.));
#15026 = ( GEOMETRIC_REPRESENTATION_CONTEXT(2) 
PARAMETRIC_REPRESENTATION_CONTEXT() REPRESENTATION_CONTEXT('2D SPACE',''
  ) );
#15027 = ORIENTED_EDGE('',*,*,#13383,.F.);
#15028 = ADVANCED_FACE('',(#15029),#13371,.T.);
#15029 = FACE_BOUND('',#15030,.T.);
#15030 = EDGE_LOOP('',(#15031,#15032,#15055,#15076));
#15031 = ORIENTED_EDGE('',*,*,#15007,.T.);
#15032 = ORIENTED_EDGE('',*,*,#15033,.T.);
#15033 = EDGE_CURVE('',#14985,#15034,#15036,.T.);
#15034 = VERTEX_POINT('',#15035);
#15035 = CARTESIAN_POINT('',(-5.5,0.4,-5.));
#15036 = SURFACE_CURVE('',#15037,(#15041,#15048),.PCURVE_S1.);
#15037 = LINE('',#15038,#15039);
#15038 = CARTESIAN_POINT('',(-4.,0.4,-5.));
#15039 = VECTOR('',#15040,1.);
#15040 = DIRECTION('',(-1.,0.,0.));
#15041 = PCURVE('',#13371,#15042);
#15042 = DEFINITIONAL_REPRESENTATION('',(#15043),#15047);
#15043 = LINE('',#15044,#15045);
#15044 = CARTESIAN_POINT('',(0.,-5.));
#15045 = VECTOR('',#15046,1.);
#15046 = DIRECTION('',(1.,0.));
#15047 = ( GEOMETRIC_REPRESENTATION_CONTEXT(2) 
PARAMETRIC_REPRESENTATION_CONTEXT() REPRESENTATION_CONTEXT('2D SPACE',''
  ) );
#15048 = PCURVE('',#14946,#15049);
#15049 = DEFINITIONAL_REPRESENTATION('',(#15050),#15054);
#15050 = LINE('',#15051,#15052);
#15051 = CARTESIAN_POINT('',(-4.,0.4));
#15052 = VECTOR('',#15053,1.);
#15053 = DIRECTION('',(-1.,0.));
#15054 = ( GEOMETRIC_REPRESENTATION_CONTEXT(2) 
PARAMETRIC_REPRESENTATION_CONTEXT() REPRESENTATION_CONTEXT('2D SPACE',''
  ) );
#15055 = ORIENTED_EDGE('',*,*,#15056,.F.);
#15056 = EDGE_CURVE('',#13328,#15034,#15057,.T.);
#15057 = SURFACE_CURVE('',#15058,(#15062,#15069),.PCURVE_S1.);
#15058 = LINE('',#15059,#15060);
#15059 = CARTESIAN_POINT('',(-5.5,0.4,0.));
#15060 = VECTOR('',#15061,1.);
#15061 = DIRECTION('',(0.,0.,-1.));
#15062 = PCURVE('',#13371,#15063);
#15063 = DEFINITIONAL_REPRESENTATION('',(#15064),#15068);
#15064 = LINE('',#15065,#15066);
#15065 = CARTESIAN_POINT('',(1.5,0.));
#15066 = VECTOR('',#15067,1.);
#15067 = DIRECTION('',(0.,-1.));
#15068 = ( GEOMETRIC_REPRESENTATION_CONTEXT(2) 
PARAMETRIC_REPRESENTATION_CONTEXT() REPRESENTATION_CONTEXT('2D SPACE',''
  ) );
#15069 = PCURVE('',#13343,#15070);
#15070 = DEFINITIONAL_REPRESENTATION('',(#15071),#15075);
#15071 = LINE('',#15072,#15073);
#15072 = CARTESIAN_POINT('',(0.,0.));
#15073 = VECTOR('',#15074,1.);
#15074 = DIRECTION('',(0.,-1.));
#15075 = ( GEOMETRIC_REPRESENTATION_CONTEXT(2) 
PARAMETRIC_REPRESENTATION_CONTEXT() REPRESENTATION_CONTEXT('2D SPACE',''
  ) );
#15076 = ORIENTED_EDGE('',*,*,#13355,.F.);
#15077 = ADVANCED_FACE('',(#15078),#13343,.T.);
#15078 = FACE_BOUND('',#15079,.T.);
#15079 = EDGE_LOOP('',(#15080,#15081,#15102,#15103));
#15080 = ORIENTED_EDGE('',*,*,#15056,.T.);
#15081 = ORIENTED_EDGE('',*,*,#15082,.T.);
#15082 = EDGE_CURVE('',#15034,#14908,#15083,.T.);
#15083 = SURFACE_CURVE('',#15084,(#15088,#15095),.PCURVE_S1.);
#15084 = LINE('',#15085,#15086);
#15085 = CARTESIAN_POINT('',(-5.5,0.4,-5.));
#15086 = VECTOR('',#15087,1.);
#15087 = DIRECTION('',(0.,-1.,0.));
#15088 = PCURVE('',#13343,#15089);
#15089 = DEFINITIONAL_REPRESENTATION('',(#15090),#15094);
#15090 = LINE('',#15091,#15092);
#15091 = CARTESIAN_POINT('',(0.,-5.));
#15092 = VECTOR('',#15093,1.);
#15093 = DIRECTION('',(1.,0.));
#15094 = ( GEOMETRIC_REPRESENTATION_CONTEXT(2) 
PARAMETRIC_REPRESENTATION_CONTEXT() REPRESENTATION_CONTEXT('2D SPACE',''
  ) );
#15095 = PCURVE('',#14946,#15096);
#15096 = DEFINITIONAL_REPRESENTATION('',(#15097),#15101);
#15097 = LINE('',#15098,#15099);
#15098 = CARTESIAN_POINT('',(-5.5,0.4));
#15099 = VECTOR('',#15100,1.);
#15100 = DIRECTION('',(0.,-1.));
#15101 = ( GEOMETRIC_REPRESENTATION_CONTEXT(2) 
PARAMETRIC_REPRESENTATION_CONTEXT() REPRESENTATION_CONTEXT('2D SPACE',''
  ) );
#15102 = ORIENTED_EDGE('',*,*,#14907,.F.);
#15103 = ORIENTED_EDGE('',*,*,#13327,.F.);
#15104 = ADVANCED_FACE('',(#15105),#13429,.F.);
#15105 = FACE_BOUND('',#15106,.F.);
#15106 = EDGE_LOOP('',(#15107,#15130,#15158,#15179));
#15107 = ORIENTED_EDGE('',*,*,#15108,.T.);
#15108 = EDGE_CURVE('',#13412,#15109,#15111,.T.);
#15109 = VERTEX_POINT('',#15110);
#15110 = CARTESIAN_POINT('',(5.5,0.4,-5.));
#15111 = SURFACE_CURVE('',#15112,(#15116,#15123),.PCURVE_S1.);
#15112 = LINE('',#15113,#15114);
#15113 = CARTESIAN_POINT('',(5.5,0.4,0.));
#15114 = VECTOR('',#15115,1.);
#15115 = DIRECTION('',(0.,0.,-1.));
#15116 = PCURVE('',#13429,#15117);
#15117 = DEFINITIONAL_REPRESENTATION('',(#15118),#15122);
#15118 = LINE('',#15119,#15120);
#15119 = CARTESIAN_POINT('',(0.,0.));
#15120 = VECTOR('',#15121,1.);
#15121 = DIRECTION('',(0.,-1.));
#15122 = ( GEOMETRIC_REPRESENTATION_CONTEXT(2) 
PARAMETRIC_REPRESENTATION_CONTEXT() REPRESENTATION_CONTEXT('2D SPACE',''
  ) );
#15123 = PCURVE('',#13511,#15124);
#15124 = DEFINITIONAL_REPRESENTATION('',(#15125),#15129);
#15125 = LINE('',#15126,#15127);
#15126 = CARTESIAN_POINT('',(1.5,0.));
#15127 = VECTOR('',#15128,1.);
#15128 = DIRECTION('',(0.,-1.));
#15129 = ( GEOMETRIC_REPRESENTATION_CONTEXT(2) 
PARAMETRIC_REPRESENTATION_CONTEXT() REPRESENTATION_CONTEXT('2D SPACE',''
  ) );
#15130 = ORIENTED_EDGE('',*,*,#15131,.T.);
#15131 = EDGE_CURVE('',#15109,#15132,#15134,.T.);
#15132 = VERTEX_POINT('',#15133);
#15133 = CARTESIAN_POINT('',(5.5,-0.4,-5.));
#15134 = SURFACE_CURVE('',#15135,(#15139,#15146),.PCURVE_S1.);
#15135 = LINE('',#15136,#15137);
#15136 = CARTESIAN_POINT('',(5.5,0.4,-5.));
#15137 = VECTOR('',#15138,1.);
#15138 = DIRECTION('',(0.,-1.,0.));
#15139 = PCURVE('',#13429,#15140);
#15140 = DEFINITIONAL_REPRESENTATION('',(#15141),#15145);
#15141 = LINE('',#15142,#15143);
#15142 = CARTESIAN_POINT('',(0.,-5.));
#15143 = VECTOR('',#15144,1.);
#15144 = DIRECTION('',(1.,0.));
#15145 = ( GEOMETRIC_REPRESENTATION_CONTEXT(2) 
PARAMETRIC_REPRESENTATION_CONTEXT() REPRESENTATION_CONTEXT('2D SPACE',''
  ) );
#15146 = PCURVE('',#15147,#15152);
#15147 = PLANE('',#15148);
#15148 = AXIS2_PLACEMENT_3D('',#15149,#15150,#15151);
#15149 = CARTESIAN_POINT('',(0.,0.,-5.));
#15150 = DIRECTION('',(0.,0.,1.));
#15151 = DIRECTION('',(1.,0.,0.));
#15152 = DEFINITIONAL_REPRESENTATION('',(#15153),#15157);
#15153 = LINE('',#15154,#15155);
#15154 = CARTESIAN_POINT('',(5.5,0.4));
#15155 = VECTOR('',#15156,1.);
#15156 = DIRECTION('',(0.,-1.));
#15157 = ( GEOMETRIC_REPRESENTATION_CONTEXT(2) 
PARAMETRIC_REPRESENTATION_CONTEXT() REPRESENTATION_CONTEXT('2D SPACE',''
  ) );
#15158 = ORIENTED_EDGE('',*,*,#15159,.F.);
#15159 = EDGE_CURVE('',#13414,#15132,#15160,.T.);
#15160 = SURFACE_CURVE('',#15161,(#15165,#15172),.PCURVE_S1.);
#15161 = LINE('',#15162,#15163);
#15162 = CARTESIAN_POINT('',(5.5,-0.4,0.));
#15163 = VECTOR('',#15164,1.);
#15164 = DIRECTION('',(0.,0.,-1.));
#15165 = PCURVE('',#13429,#15166);
#15166 = DEFINITIONAL_REPRESENTATION('',(#15167),#15171);
#15167 = LINE('',#15168,#15169);
#15168 = CARTESIAN_POINT('',(0.8,0.));
#15169 = VECTOR('',#15170,1.);
#15170 = DIRECTION('',(0.,-1.));
#15171 = ( GEOMETRIC_REPRESENTATION_CONTEXT(2) 
PARAMETRIC_REPRESENTATION_CONTEXT() REPRESENTATION_CONTEXT('2D SPACE',''
  ) );
#15172 = PCURVE('',#13457,#15173);
#15173 = DEFINITIONAL_REPRESENTATION('',(#15174),#15178);
#15174 = LINE('',#15175,#15176);
#15175 = CARTESIAN_POINT('',(0.,0.));
#15176 = VECTOR('',#15177,1.);
#15177 = DIRECTION('',(0.,-1.));
#15178 = ( GEOMETRIC_REPRESENTATION_CONTEXT(2) 
PARAMETRIC_REPRESENTATION_CONTEXT() REPRESENTATION_CONTEXT('2D SPACE',''
  ) );
#15179 = ORIENTED_EDGE('',*,*,#13411,.F.);
#15180 = ADVANCED_FACE('',(#15181),#13511,.F.);
#15181 = FACE_BOUND('',#15182,.F.);
#15182 = EDGE_LOOP('',(#15183,#15206,#15227,#15228));
#15183 = ORIENTED_EDGE('',*,*,#15184,.T.);
#15184 = EDGE_CURVE('',#13470,#15185,#15187,.T.);
#15185 = VERTEX_POINT('',#15186);
#15186 = CARTESIAN_POINT('',(4.,0.4,-5.));
#15187 = SURFACE_CURVE('',#15188,(#15192,#15199),.PCURVE_S1.);
#15188 = LINE('',#15189,#15190);
#15189 = CARTESIAN_POINT('',(4.,0.4,0.));
#15190 = VECTOR('',#15191,1.);
#15191 = DIRECTION('',(0.,0.,-1.));
#15192 = PCURVE('',#13511,#15193);
#15193 = DEFINITIONAL_REPRESENTATION('',(#15194),#15198);
#15194 = LINE('',#15195,#15196);
#15195 = CARTESIAN_POINT('',(0.,0.));
#15196 = VECTOR('',#15197,1.);
#15197 = DIRECTION('',(0.,-1.));
#15198 = ( GEOMETRIC_REPRESENTATION_CONTEXT(2) 
PARAMETRIC_REPRESENTATION_CONTEXT() REPRESENTATION_CONTEXT('2D SPACE',''
  ) );
#15199 = PCURVE('',#13485,#15200);
#15200 = DEFINITIONAL_REPRESENTATION('',(#15201),#15205);
#15201 = LINE('',#15202,#15203);
#15202 = CARTESIAN_POINT('',(0.8,0.));
#15203 = VECTOR('',#15204,1.);
#15204 = DIRECTION('',(0.,-1.));
#15205 = ( GEOMETRIC_REPRESENTATION_CONTEXT(2) 
PARAMETRIC_REPRESENTATION_CONTEXT() REPRESENTATION_CONTEXT('2D SPACE',''
  ) );
#15206 = ORIENTED_EDGE('',*,*,#15207,.T.);
#15207 = EDGE_CURVE('',#15185,#15109,#15208,.T.);
#15208 = SURFACE_CURVE('',#15209,(#15213,#15220),.PCURVE_S1.);
#15209 = LINE('',#15210,#15211);
#15210 = CARTESIAN_POINT('',(4.,0.4,-5.));
#15211 = VECTOR('',#15212,1.);
#15212 = DIRECTION('',(1.,0.,0.));
#15213 = PCURVE('',#13511,#15214);
#15214 = DEFINITIONAL_REPRESENTATION('',(#15215),#15219);
#15215 = LINE('',#15216,#15217);
#15216 = CARTESIAN_POINT('',(0.,-5.));
#15217 = VECTOR('',#15218,1.);
#15218 = DIRECTION('',(1.,0.));
#15219 = ( GEOMETRIC_REPRESENTATION_CONTEXT(2) 
PARAMETRIC_REPRESENTATION_CONTEXT() REPRESENTATION_CONTEXT('2D SPACE',''
  ) );
#15220 = PCURVE('',#15147,#15221);
#15221 = DEFINITIONAL_REPRESENTATION('',(#15222),#15226);
#15222 = LINE('',#15223,#15224);
#15223 = CARTESIAN_POINT('',(4.,0.4));
#15224 = VECTOR('',#15225,1.);
#15225 = DIRECTION('',(1.,0.));
#15226 = ( GEOMETRIC_REPRESENTATION_CONTEXT(2) 
PARAMETRIC_REPRESENTATION_CONTEXT() REPRESENTATION_CONTEXT('2D SPACE',''
  ) );
#15227 = ORIENTED_EDGE('',*,*,#15108,.F.);
#15228 = ORIENTED_EDGE('',*,*,#13497,.F.);
#15229 = ADVANCED_FACE('',(#15230),#13485,.F.);
#15230 = FACE_BOUND('',#15231,.F.);
#15231 = EDGE_LOOP('',(#15232,#15255,#15276,#15277));
#15232 = ORIENTED_EDGE('',*,*,#15233,.T.);
#15233 = EDGE_CURVE('',#13442,#15234,#15236,.T.);
#15234 = VERTEX_POINT('',#15235);
#15235 = CARTESIAN_POINT('',(4.,-0.4,-5.));
#15236 = SURFACE_CURVE('',#15237,(#15241,#15248),.PCURVE_S1.);
#15237 = LINE('',#15238,#15239);
#15238 = CARTESIAN_POINT('',(4.,-0.4,0.));
#15239 = VECTOR('',#15240,1.);
#15240 = DIRECTION('',(0.,0.,-1.));
#15241 = PCURVE('',#13485,#15242);
#15242 = DEFINITIONAL_REPRESENTATION('',(#15243),#15247);
#15243 = LINE('',#15244,#15245);
#15244 = CARTESIAN_POINT('',(0.,0.));
#15245 = VECTOR('',#15246,1.);
#15246 = DIRECTION('',(0.,-1.));
#15247 = ( GEOMETRIC_REPRESENTATION_CONTEXT(2) 
PARAMETRIC_REPRESENTATION_CONTEXT() REPRESENTATION_CONTEXT('2D SPACE',''
  ) );
#15248 = PCURVE('',#13457,#15249);
#15249 = DEFINITIONAL_REPRESENTATION('',(#15250),#15254);
#15250 = LINE('',#15251,#15252);
#15251 = CARTESIAN_POINT('',(1.5,0.));
#15252 = VECTOR('',#15253,1.);
#15253 = DIRECTION('',(0.,-1.));
#15254 = ( GEOMETRIC_REPRESENTATION_CONTEXT(2) 
PARAMETRIC_REPRESENTATION_CONTEXT() REPRESENTATION_CONTEXT('2D SPACE',''
  ) );
#15255 = ORIENTED_EDGE('',*,*,#15256,.T.);
#15256 = EDGE_CURVE('',#15234,#15185,#15257,.T.);
#15257 = SURFACE_CURVE('',#15258,(#15262,#15269),.PCURVE_S1.);
#15258 = LINE('',#15259,#15260);
#15259 = CARTESIAN_POINT('',(4.,-0.4,-5.));
#15260 = VECTOR('',#15261,1.);
#15261 = DIRECTION('',(0.,1.,0.));
#15262 = PCURVE('',#13485,#15263);
#15263 = DEFINITIONAL_REPRESENTATION('',(#15264),#15268);
#15264 = LINE('',#15265,#15266);
#15265 = CARTESIAN_POINT('',(0.,-5.));
#15266 = VECTOR('',#15267,1.);
#15267 = DIRECTION('',(1.,0.));
#15268 = ( GEOMETRIC_REPRESENTATION_CONTEXT(2) 
PARAMETRIC_REPRESENTATION_CONTEXT() REPRESENTATION_CONTEXT('2D SPACE',''
  ) );
#15269 = PCURVE('',#15147,#15270);
#15270 = DEFINITIONAL_REPRESENTATION('',(#15271),#15275);
#15271 = LINE('',#15272,#15273);
#15272 = CARTESIAN_POINT('',(4.,-0.4));
#15273 = VECTOR('',#15274,1.);
#15274 = DIRECTION('',(0.,1.));
#15275 = ( GEOMETRIC_REPRESENTATION_CONTEXT(2) 
PARAMETRIC_REPRESENTATION_CONTEXT() REPRESENTATION_CONTEXT('2D SPACE',''
  ) );
#15276 = ORIENTED_EDGE('',*,*,#15184,.F.);
#15277 = ORIENTED_EDGE('',*,*,#13469,.F.);
#15278 = ADVANCED_FACE('',(#15279),#13457,.F.);
#15279 = FACE_BOUND('',#15280,.F.);
#15280 = EDGE_LOOP('',(#15281,#15282,#15303,#15304));
#15281 = ORIENTED_EDGE('',*,*,#15159,.T.);
#15282 = ORIENTED_EDGE('',*,*,#15283,.T.);
#15283 = EDGE_CURVE('',#15132,#15234,#15284,.T.);
#15284 = SURFACE_CURVE('',#15285,(#15289,#15296),.PCURVE_S1.);
#15285 = LINE('',#15286,#15287);
#15286 = CARTESIAN_POINT('',(5.5,-0.4,-5.));
#15287 = VECTOR('',#15288,1.);
#15288 = DIRECTION('',(-1.,0.,0.));
#15289 = PCURVE('',#13457,#15290);
#15290 = DEFINITIONAL_REPRESENTATION('',(#15291),#15295);
#15291 = LINE('',#15292,#15293);
#15292 = CARTESIAN_POINT('',(0.,-5.));
#15293 = VECTOR('',#15294,1.);
#15294 = DIRECTION('',(1.,0.));
#15295 = ( GEOMETRIC_REPRESENTATION_CONTEXT(2) 
PARAMETRIC_REPRESENTATION_CONTEXT() REPRESENTATION_CONTEXT('2D SPACE',''
  ) );
#15296 = PCURVE('',#15147,#15297);
#15297 = DEFINITIONAL_REPRESENTATION('',(#15298),#15302);
#15298 = LINE('',#15299,#15300);
#15299 = CARTESIAN_POINT('',(5.5,-0.4));
#15300 = VECTOR('',#15301,1.);
#15301 = DIRECTION('',(-1.,0.));
#15302 = ( GEOMETRIC_REPRESENTATION_CONTEXT(2) 
PARAMETRIC_REPRESENTATION_CONTEXT() REPRESENTATION_CONTEXT('2D SPACE',''
  ) );
#15303 = ORIENTED_EDGE('',*,*,#15233,.F.);
#15304 = ORIENTED_EDGE('',*,*,#13441,.F.);
#15305 = ADVANCED_FACE('',(#15306),#13543,.F.);
#15306 = FACE_BOUND('',#15307,.F.);
#15307 = EDGE_LOOP('',(#15308,#15331,#15359,#15380));
#15308 = ORIENTED_EDGE('',*,*,#15309,.T.);
#15309 = EDGE_CURVE('',#13526,#15310,#15312,.T.);
#15310 = VERTEX_POINT('',#15311);
#15311 = CARTESIAN_POINT('',(15.,0.4,-5.));
#15312 = SURFACE_CURVE('',#15313,(#15317,#15324),.PCURVE_S1.);
#15313 = LINE('',#15314,#15315);
#15314 = CARTESIAN_POINT('',(15.,0.4,0.));
#15315 = VECTOR('',#15316,1.);
#15316 = DIRECTION('',(0.,0.,-1.));
#15317 = PCURVE('',#13543,#15318);
#15318 = DEFINITIONAL_REPRESENTATION('',(#15319),#15323);
#15319 = LINE('',#15320,#15321);
#15320 = CARTESIAN_POINT('',(0.,0.));
#15321 = VECTOR('',#15322,1.);
#15322 = DIRECTION('',(0.,-1.));
#15323 = ( GEOMETRIC_REPRESENTATION_CONTEXT(2) 
PARAMETRIC_REPRESENTATION_CONTEXT() REPRESENTATION_CONTEXT('2D SPACE',''
  ) );
#15324 = PCURVE('',#13625,#15325);
#15325 = DEFINITIONAL_REPRESENTATION('',(#15326),#15330);
#15326 = LINE('',#15327,#15328);
#15327 = CARTESIAN_POINT('',(1.5,0.));
#15328 = VECTOR('',#15329,1.);
#15329 = DIRECTION('',(0.,-1.));
#15330 = ( GEOMETRIC_REPRESENTATION_CONTEXT(2) 
PARAMETRIC_REPRESENTATION_CONTEXT() REPRESENTATION_CONTEXT('2D SPACE',''
  ) );
#15331 = ORIENTED_EDGE('',*,*,#15332,.T.);
#15332 = EDGE_CURVE('',#15310,#15333,#15335,.T.);
#15333 = VERTEX_POINT('',#15334);
#15334 = CARTESIAN_POINT('',(15.,-0.4,-5.));
#15335 = SURFACE_CURVE('',#15336,(#15340,#15347),.PCURVE_S1.);
#15336 = LINE('',#15337,#15338);
#15337 = CARTESIAN_POINT('',(15.,0.4,-5.));
#15338 = VECTOR('',#15339,1.);
#15339 = DIRECTION('',(0.,-1.,0.));
#15340 = PCURVE('',#13543,#15341);
#15341 = DEFINITIONAL_REPRESENTATION('',(#15342),#15346);
#15342 = LINE('',#15343,#15344);
#15343 = CARTESIAN_POINT('',(0.,-5.));
#15344 = VECTOR('',#15345,1.);
#15345 = DIRECTION('',(1.,0.));
#15346 = ( GEOMETRIC_REPRESENTATION_CONTEXT(2) 
PARAMETRIC_REPRESENTATION_CONTEXT() REPRESENTATION_CONTEXT('2D SPACE',''
  ) );
#15347 = PCURVE('',#15348,#15353);
#15348 = PLANE('',#15349);
#15349 = AXIS2_PLACEMENT_3D('',#15350,#15351,#15352);
#15350 = CARTESIAN_POINT('',(0.,0.,-5.));
#15351 = DIRECTION('',(0.,0.,1.));
#15352 = DIRECTION('',(1.,0.,0.));
#15353 = DEFINITIONAL_REPRESENTATION('',(#15354),#15358);
#15354 = LINE('',#15355,#15356);
#15355 = CARTESIAN_POINT('',(15.,0.4));
#15356 = VECTOR('',#15357,1.);
#15357 = DIRECTION('',(0.,-1.));
#15358 = ( GEOMETRIC_REPRESENTATION_CONTEXT(2) 
PARAMETRIC_REPRESENTATION_CONTEXT() REPRESENTATION_CONTEXT('2D SPACE',''
  ) );
#15359 = ORIENTED_EDGE('',*,*,#15360,.F.);
#15360 = EDGE_CURVE('',#13528,#15333,#15361,.T.);
#15361 = SURFACE_CURVE('',#15362,(#15366,#15373),.PCURVE_S1.);
#15362 = LINE('',#15363,#15364);
#15363 = CARTESIAN_POINT('',(15.,-0.4,0.));
#15364 = VECTOR('',#15365,1.);
#15365 = DIRECTION('',(0.,0.,-1.));
#15366 = PCURVE('',#13543,#15367);
#15367 = DEFINITIONAL_REPRESENTATION('',(#15368),#15372);
#15368 = LINE('',#15369,#15370);
#15369 = CARTESIAN_POINT('',(0.8,0.));
#15370 = VECTOR('',#15371,1.);
#15371 = DIRECTION('',(0.,-1.));
#15372 = ( GEOMETRIC_REPRESENTATION_CONTEXT(2) 
PARAMETRIC_REPRESENTATION_CONTEXT() REPRESENTATION_CONTEXT('2D SPACE',''
  ) );
#15373 = PCURVE('',#13571,#15374);
#15374 = DEFINITIONAL_REPRESENTATION('',(#15375),#15379);
#15375 = LINE('',#15376,#15377);
#15376 = CARTESIAN_POINT('',(0.,0.));
#15377 = VECTOR('',#15378,1.);
#15378 = DIRECTION('',(0.,-1.));
#15379 = ( GEOMETRIC_REPRESENTATION_CONTEXT(2) 
PARAMETRIC_REPRESENTATION_CONTEXT() REPRESENTATION_CONTEXT('2D SPACE',''
  ) );
#15380 = ORIENTED_EDGE('',*,*,#13525,.F.);
#15381 = ADVANCED_FACE('',(#15382),#13625,.F.);
#15382 = FACE_BOUND('',#15383,.F.);
#15383 = EDGE_LOOP('',(#15384,#15407,#15428,#15429));
#15384 = ORIENTED_EDGE('',*,*,#15385,.T.);
#15385 = EDGE_CURVE('',#13584,#15386,#15388,.T.);
#15386 = VERTEX_POINT('',#15387);
#15387 = CARTESIAN_POINT('',(13.5,0.4,-5.));
#15388 = SURFACE_CURVE('',#15389,(#15393,#15400),.PCURVE_S1.);
#15389 = LINE('',#15390,#15391);
#15390 = CARTESIAN_POINT('',(13.5,0.4,0.));
#15391 = VECTOR('',#15392,1.);
#15392 = DIRECTION('',(0.,0.,-1.));
#15393 = PCURVE('',#13625,#15394);
#15394 = DEFINITIONAL_REPRESENTATION('',(#15395),#15399);
#15395 = LINE('',#15396,#15397);
#15396 = CARTESIAN_POINT('',(0.,0.));
#15397 = VECTOR('',#15398,1.);
#15398 = DIRECTION('',(0.,-1.));
#15399 = ( GEOMETRIC_REPRESENTATION_CONTEXT(2) 
PARAMETRIC_REPRESENTATION_CONTEXT() REPRESENTATION_CONTEXT('2D SPACE',''
  ) );
#15400 = PCURVE('',#13599,#15401);
#15401 = DEFINITIONAL_REPRESENTATION('',(#15402),#15406);
#15402 = LINE('',#15403,#15404);
#15403 = CARTESIAN_POINT('',(0.8,0.));
#15404 = VECTOR('',#15405,1.);
#15405 = DIRECTION('',(0.,-1.));
#15406 = ( GEOMETRIC_REPRESENTATION_CONTEXT(2) 
PARAMETRIC_REPRESENTATION_CONTEXT() REPRESENTATION_CONTEXT('2D SPACE',''
  ) );
#15407 = ORIENTED_EDGE('',*,*,#15408,.T.);
#15408 = EDGE_CURVE('',#15386,#15310,#15409,.T.);
#15409 = SURFACE_CURVE('',#15410,(#15414,#15421),.PCURVE_S1.);
#15410 = LINE('',#15411,#15412);
#15411 = CARTESIAN_POINT('',(13.5,0.4,-5.));
#15412 = VECTOR('',#15413,1.);
#15413 = DIRECTION('',(1.,0.,0.));
#15414 = PCURVE('',#13625,#15415);
#15415 = DEFINITIONAL_REPRESENTATION('',(#15416),#15420);
#15416 = LINE('',#15417,#15418);
#15417 = CARTESIAN_POINT('',(0.,-5.));
#15418 = VECTOR('',#15419,1.);
#15419 = DIRECTION('',(1.,0.));
#15420 = ( GEOMETRIC_REPRESENTATION_CONTEXT(2) 
PARAMETRIC_REPRESENTATION_CONTEXT() REPRESENTATION_CONTEXT('2D SPACE',''
  ) );
#15421 = PCURVE('',#15348,#15422);
#15422 = DEFINITIONAL_REPRESENTATION('',(#15423),#15427);
#15423 = LINE('',#15424,#15425);
#15424 = CARTESIAN_POINT('',(13.5,0.4));
#15425 = VECTOR('',#15426,1.);
#15426 = DIRECTION('',(1.,0.));
#15427 = ( GEOMETRIC_REPRESENTATION_CONTEXT(2) 
PARAMETRIC_REPRESENTATION_CONTEXT() REPRESENTATION_CONTEXT('2D SPACE',''
  ) );
#15428 = ORIENTED_EDGE('',*,*,#15309,.F.);
#15429 = ORIENTED_EDGE('',*,*,#13611,.F.);
#15430 = ADVANCED_FACE('',(#15431),#13599,.F.);
#15431 = FACE_BOUND('',#15432,.F.);
#15432 = EDGE_LOOP('',(#15433,#15456,#15477,#15478));
#15433 = ORIENTED_EDGE('',*,*,#15434,.T.);
#15434 = EDGE_CURVE('',#13556,#15435,#15437,.T.);
#15435 = VERTEX_POINT('',#15436);
#15436 = CARTESIAN_POINT('',(13.5,-0.4,-5.));
#15437 = SURFACE_CURVE('',#15438,(#15442,#15449),.PCURVE_S1.);
#15438 = LINE('',#15439,#15440);
#15439 = CARTESIAN_POINT('',(13.5,-0.4,0.));
#15440 = VECTOR('',#15441,1.);
#15441 = DIRECTION('',(0.,0.,-1.));
#15442 = PCURVE('',#13599,#15443);
#15443 = DEFINITIONAL_REPRESENTATION('',(#15444),#15448);
#15444 = LINE('',#15445,#15446);
#15445 = CARTESIAN_POINT('',(0.,0.));
#15446 = VECTOR('',#15447,1.);
#15447 = DIRECTION('',(0.,-1.));
#15448 = ( GEOMETRIC_REPRESENTATION_CONTEXT(2) 
PARAMETRIC_REPRESENTATION_CONTEXT() REPRESENTATION_CONTEXT('2D SPACE',''
  ) );
#15449 = PCURVE('',#13571,#15450);
#15450 = DEFINITIONAL_REPRESENTATION('',(#15451),#15455);
#15451 = LINE('',#15452,#15453);
#15452 = CARTESIAN_POINT('',(1.5,0.));
#15453 = VECTOR('',#15454,1.);
#15454 = DIRECTION('',(0.,-1.));
#15455 = ( GEOMETRIC_REPRESENTATION_CONTEXT(2) 
PARAMETRIC_REPRESENTATION_CONTEXT() REPRESENTATION_CONTEXT('2D SPACE',''
  ) );
#15456 = ORIENTED_EDGE('',*,*,#15457,.T.);
#15457 = EDGE_CURVE('',#15435,#15386,#15458,.T.);
#15458 = SURFACE_CURVE('',#15459,(#15463,#15470),.PCURVE_S1.);
#15459 = LINE('',#15460,#15461);
#15460 = CARTESIAN_POINT('',(13.5,-0.4,-5.));
#15461 = VECTOR('',#15462,1.);
#15462 = DIRECTION('',(0.,1.,0.));
#15463 = PCURVE('',#13599,#15464);
#15464 = DEFINITIONAL_REPRESENTATION('',(#15465),#15469);
#15465 = LINE('',#15466,#15467);
#15466 = CARTESIAN_POINT('',(0.,-5.));
#15467 = VECTOR('',#15468,1.);
#15468 = DIRECTION('',(1.,0.));
#15469 = ( GEOMETRIC_REPRESENTATION_CONTEXT(2) 
PARAMETRIC_REPRESENTATION_CONTEXT() REPRESENTATION_CONTEXT('2D SPACE',''
  ) );
#15470 = PCURVE('',#15348,#15471);
#15471 = DEFINITIONAL_REPRESENTATION('',(#15472),#15476);
#15472 = LINE('',#15473,#15474);
#15473 = CARTESIAN_POINT('',(13.5,-0.4));
#15474 = VECTOR('',#15475,1.);
#15475 = DIRECTION('',(0.,1.));
#15476 = ( GEOMETRIC_REPRESENTATION_CONTEXT(2) 
PARAMETRIC_REPRESENTATION_CONTEXT() REPRESENTATION_CONTEXT('2D SPACE',''
  ) );
#15477 = ORIENTED_EDGE('',*,*,#15385,.F.);
#15478 = ORIENTED_EDGE('',*,*,#13583,.F.);
#15479 = ADVANCED_FACE('',(#15480),#13571,.F.);
#15480 = FACE_BOUND('',#15481,.F.);
#15481 = EDGE_LOOP('',(#15482,#15483,#15504,#15505));
#15482 = ORIENTED_EDGE('',*,*,#15360,.T.);
#15483 = ORIENTED_EDGE('',*,*,#15484,.T.);
#15484 = EDGE_CURVE('',#15333,#15435,#15485,.T.);
#15485 = SURFACE_CURVE('',#15486,(#15490,#15497),.PCURVE_S1.);
#15486 = LINE('',#15487,#15488);
#15487 = CARTESIAN_POINT('',(15.,-0.4,-5.));
#15488 = VECTOR('',#15489,1.);
#15489 = DIRECTION('',(-1.,0.,0.));
#15490 = PCURVE('',#13571,#15491);
#15491 = DEFINITIONAL_REPRESENTATION('',(#15492),#15496);
#15492 = LINE('',#15493,#15494);
#15493 = CARTESIAN_POINT('',(0.,-5.));
#15494 = VECTOR('',#15495,1.);
#15495 = DIRECTION('',(1.,0.));
#15496 = ( GEOMETRIC_REPRESENTATION_CONTEXT(2) 
PARAMETRIC_REPRESENTATION_CONTEXT() REPRESENTATION_CONTEXT('2D SPACE',''
  ) );
#15497 = PCURVE('',#15348,#15498);
#15498 = DEFINITIONAL_REPRESENTATION('',(#15499),#15503);
#15499 = LINE('',#15500,#15501);
#15500 = CARTESIAN_POINT('',(15.,-0.4));
#15501 = VECTOR('',#15502,1.);
#15502 = DIRECTION('',(-1.,0.));
#15503 = ( GEOMETRIC_REPRESENTATION_CONTEXT(2) 
PARAMETRIC_REPRESENTATION_CONTEXT() REPRESENTATION_CONTEXT('2D SPACE',''
  ) );
#15504 = ORIENTED_EDGE('',*,*,#15434,.F.);
#15505 = ORIENTED_EDGE('',*,*,#13555,.F.);
#15506 = ADVANCED_FACE('',(#15507),#13705,.T.);
#15507 = FACE_BOUND('',#15508,.T.);
#15508 = EDGE_LOOP('',(#15509,#15510,#15533,#15554));
#15509 = ORIENTED_EDGE('',*,*,#13691,.T.);
#15510 = ORIENTED_EDGE('',*,*,#15511,.T.);
#15511 = EDGE_CURVE('',#13664,#15512,#15514,.T.);
#15512 = VERTEX_POINT('',#15513);
#15513 = CARTESIAN_POINT('',(-18.5,-7.5,18.5));
#15514 = SURFACE_CURVE('',#15515,(#15519,#15526),.PCURVE_S1.);
#15515 = LINE('',#15516,#15517);
#15516 = CARTESIAN_POINT('',(-18.5,7.5,18.5));
#15517 = VECTOR('',#15518,1.);
#15518 = DIRECTION('',(0.,-1.,0.));
#15519 = PCURVE('',#13705,#15520);
#15520 = DEFINITIONAL_REPRESENTATION('',(#15521),#15525);
#15521 = LINE('',#15522,#15523);
#15522 = CARTESIAN_POINT('',(0.,-8.5));
#15523 = VECTOR('',#15524,1.);
#15524 = DIRECTION('',(1.,0.));
#15525 = ( GEOMETRIC_REPRESENTATION_CONTEXT(2) 
PARAMETRIC_REPRESENTATION_CONTEXT() REPRESENTATION_CONTEXT('2D SPACE',''
  ) );
#15526 = PCURVE('',#13679,#15527);
#15527 = DEFINITIONAL_REPRESENTATION('',(#15528),#15532);
#15528 = LINE('',#15529,#15530);
#15529 = CARTESIAN_POINT('',(-18.5,7.5));
#15530 = VECTOR('',#15531,1.);
#15531 = DIRECTION('',(0.,-1.));
#15532 = ( GEOMETRIC_REPRESENTATION_CONTEXT(2) 
PARAMETRIC_REPRESENTATION_CONTEXT() REPRESENTATION_CONTEXT('2D SPACE',''
  ) );
#15533 = ORIENTED_EDGE('',*,*,#15534,.F.);
#15534 = EDGE_CURVE('',#13723,#15512,#15535,.T.);
#15535 = SURFACE_CURVE('',#15536,(#15540,#15547),.PCURVE_S1.);
#15536 = LINE('',#15537,#15538);
#15537 = CARTESIAN_POINT('',(-18.5,-7.5,10.));
#15538 = VECTOR('',#15539,1.);
#15539 = DIRECTION('',(0.,0.,1.));
#15540 = PCURVE('',#13705,#15541);
#15541 = DEFINITIONAL_REPRESENTATION('',(#15542),#15546);
#15542 = LINE('',#15543,#15544);
#15543 = CARTESIAN_POINT('',(15.,0.));
#15544 = VECTOR('',#15545,1.);
#15545 = DIRECTION('',(0.,-1.));
#15546 = ( GEOMETRIC_REPRESENTATION_CONTEXT(2) 
PARAMETRIC_REPRESENTATION_CONTEXT() REPRESENTATION_CONTEXT('2D SPACE',''
  ) );
#15547 = PCURVE('',#14591,#15548);
#15548 = DEFINITIONAL_REPRESENTATION('',(#15549),#15553);
#15549 = LINE('',#15550,#15551);
#15550 = CARTESIAN_POINT('',(0.,-0.));
#15551 = VECTOR('',#15552,1.);
#15552 = DIRECTION('',(0.,-1.));
#15553 = ( GEOMETRIC_REPRESENTATION_CONTEXT(2) 
PARAMETRIC_REPRESENTATION_CONTEXT() REPRESENTATION_CONTEXT('2D SPACE',''
  ) );
#15554 = ORIENTED_EDGE('',*,*,#13722,.F.);
#15555 = ADVANCED_FACE('',(#15556),#13679,.T.);
#15556 = FACE_BOUND('',#15557,.F.);
#15557 = EDGE_LOOP('',(#15558,#15559,#15560,#15581));
#15558 = ORIENTED_EDGE('',*,*,#13663,.T.);
#15559 = ORIENTED_EDGE('',*,*,#15511,.T.);
#15560 = ORIENTED_EDGE('',*,*,#15561,.T.);
#15561 = EDGE_CURVE('',#15512,#14609,#15562,.T.);
#15562 = SURFACE_CURVE('',#15563,(#15567,#15574),.PCURVE_S1.);
#15563 = LINE('',#15564,#15565);
#15564 = CARTESIAN_POINT('',(-18.5,-7.5,18.5));
#15565 = VECTOR('',#15566,1.);
#15566 = DIRECTION('',(-1.,0.,0.));
#15567 = PCURVE('',#13679,#15568);
#15568 = DEFINITIONAL_REPRESENTATION('',(#15569),#15573);
#15569 = LINE('',#15570,#15571);
#15570 = CARTESIAN_POINT('',(-18.5,-7.5));
#15571 = VECTOR('',#15572,1.);
#15572 = DIRECTION('',(-1.,0.));
#15573 = ( GEOMETRIC_REPRESENTATION_CONTEXT(2) 
PARAMETRIC_REPRESENTATION_CONTEXT() REPRESENTATION_CONTEXT('2D SPACE',''
  ) );
#15574 = PCURVE('',#14591,#15575);
#15575 = DEFINITIONAL_REPRESENTATION('',(#15576),#15580);
#15576 = LINE('',#15577,#15578);
#15577 = CARTESIAN_POINT('',(0.,-8.5));
#15578 = VECTOR('',#15579,1.);
#15579 = DIRECTION('',(1.,0.));
#15580 = ( GEOMETRIC_REPRESENTATION_CONTEXT(2) 
PARAMETRIC_REPRESENTATION_CONTEXT() REPRESENTATION_CONTEXT('2D SPACE',''
  ) );
#15581 = ORIENTED_EDGE('',*,*,#14631,.T.);
#15582 = ADVANCED_FACE('',(#15583),#13782,.F.);
#15583 = FACE_BOUND('',#15584,.F.);
#15584 = EDGE_LOOP('',(#15585,#15586,#15609,#15630));
#15585 = ORIENTED_EDGE('',*,*,#13884,.T.);
#15586 = ORIENTED_EDGE('',*,*,#15587,.T.);
#15587 = EDGE_CURVE('',#13857,#15588,#15590,.T.);
#15588 = VERTEX_POINT('',#15589);
#15589 = CARTESIAN_POINT('',(-10.,-7.5,18.5));
#15590 = SURFACE_CURVE('',#15591,(#15595,#15602),.PCURVE_S1.);
#15591 = LINE('',#15592,#15593);
#15592 = CARTESIAN_POINT('',(-10.,7.5,18.5));
#15593 = VECTOR('',#15594,1.);
#15594 = DIRECTION('',(0.,-1.,0.));
#15595 = PCURVE('',#13782,#15596);
#15596 = DEFINITIONAL_REPRESENTATION('',(#15597),#15601);
#15597 = LINE('',#15598,#15599);
#15598 = CARTESIAN_POINT('',(0.,-8.5));
#15599 = VECTOR('',#15600,1.);
#15600 = DIRECTION('',(1.,0.));
#15601 = ( GEOMETRIC_REPRESENTATION_CONTEXT(2) 
PARAMETRIC_REPRESENTATION_CONTEXT() REPRESENTATION_CONTEXT('2D SPACE',''
  ) );
#15602 = PCURVE('',#13872,#15603);
#15603 = DEFINITIONAL_REPRESENTATION('',(#15604),#15608);
#15604 = LINE('',#15605,#15606);
#15605 = CARTESIAN_POINT('',(-10.,7.5));
#15606 = VECTOR('',#15607,1.);
#15607 = DIRECTION('',(0.,-1.));
#15608 = ( GEOMETRIC_REPRESENTATION_CONTEXT(2) 
PARAMETRIC_REPRESENTATION_CONTEXT() REPRESENTATION_CONTEXT('2D SPACE',''
  ) );
#15609 = ORIENTED_EDGE('',*,*,#15610,.F.);
#15610 = EDGE_CURVE('',#13746,#15588,#15611,.T.);
#15611 = SURFACE_CURVE('',#15612,(#15616,#15623),.PCURVE_S1.);
#15612 = LINE('',#15613,#15614);
#15613 = CARTESIAN_POINT('',(-10.,-7.5,10.));
#15614 = VECTOR('',#15615,1.);
#15615 = DIRECTION('',(0.,0.,1.));
#15616 = PCURVE('',#13782,#15617);
#15617 = DEFINITIONAL_REPRESENTATION('',(#15618),#15622);
#15618 = LINE('',#15619,#15620);
#15619 = CARTESIAN_POINT('',(15.,0.));
#15620 = VECTOR('',#15621,1.);
#15621 = DIRECTION('',(0.,-1.));
#15622 = ( GEOMETRIC_REPRESENTATION_CONTEXT(2) 
PARAMETRIC_REPRESENTATION_CONTEXT() REPRESENTATION_CONTEXT('2D SPACE',''
  ) );
#15623 = PCURVE('',#14564,#15624);
#15624 = DEFINITIONAL_REPRESENTATION('',(#15625),#15629);
#15625 = LINE('',#15626,#15627);
#15626 = CARTESIAN_POINT('',(0.,0.));
#15627 = VECTOR('',#15628,1.);
#15628 = DIRECTION('',(0.,-1.));
#15629 = ( GEOMETRIC_REPRESENTATION_CONTEXT(2) 
PARAMETRIC_REPRESENTATION_CONTEXT() REPRESENTATION_CONTEXT('2D SPACE',''
  ) );
#15630 = ORIENTED_EDGE('',*,*,#13768,.F.);
#15631 = ADVANCED_FACE('',(#15632),#13813,.F.);
#15632 = FACE_BOUND('',#15633,.F.);
#15633 = EDGE_LOOP('',(#15634,#15657,#15684,#15685));
#15634 = ORIENTED_EDGE('',*,*,#15635,.T.);
#15635 = EDGE_CURVE('',#13797,#15636,#15638,.T.);
#15636 = VERTEX_POINT('',#15637);
#15637 = CARTESIAN_POINT('',(-13.05,0.,8.));
#15638 = SEAM_CURVE('',#15639,(#15643,#15650),.PCURVE_S1.);
#15639 = LINE('',#15640,#15641);
#15640 = CARTESIAN_POINT('',(-13.05,0.,10.));
#15641 = VECTOR('',#15642,1.);
#15642 = DIRECTION('',(-0.,-0.,-1.));
#15643 = PCURVE('',#13813,#15644);
#15644 = DEFINITIONAL_REPRESENTATION('',(#15645),#15649);
#15645 = LINE('',#15646,#15647);
#15646 = CARTESIAN_POINT('',(0.,0.));
#15647 = VECTOR('',#15648,1.);
#15648 = DIRECTION('',(0.,-1.));
#15649 = ( GEOMETRIC_REPRESENTATION_CONTEXT(2) 
PARAMETRIC_REPRESENTATION_CONTEXT() REPRESENTATION_CONTEXT('2D SPACE',''
  ) );
#15650 = PCURVE('',#13813,#15651);
#15651 = DEFINITIONAL_REPRESENTATION('',(#15652),#15656);
#15652 = LINE('',#15653,#15654);
#15653 = CARTESIAN_POINT('',(6.28318530718,0.));
#15654 = VECTOR('',#15655,1.);
#15655 = DIRECTION('',(0.,-1.));
#15656 = ( GEOMETRIC_REPRESENTATION_CONTEXT(2) 
PARAMETRIC_REPRESENTATION_CONTEXT() REPRESENTATION_CONTEXT('2D SPACE',''
  ) );
#15657 = ORIENTED_EDGE('',*,*,#15658,.T.);
#15658 = EDGE_CURVE('',#15636,#15636,#15659,.T.);
#15659 = SURFACE_CURVE('',#15660,(#15665,#15672),.PCURVE_S1.);
#15660 = CIRCLE('',#15661,1.2);
#15661 = AXIS2_PLACEMENT_3D('',#15662,#15663,#15664);
#15662 = CARTESIAN_POINT('',(-14.25,0.,8.));
#15663 = DIRECTION('',(0.,0.,1.));
#15664 = DIRECTION('',(1.,0.,0.));
#15665 = PCURVE('',#13813,#15666);
#15666 = DEFINITIONAL_REPRESENTATION('',(#15667),#15671);
#15667 = LINE('',#15668,#15669);
#15668 = CARTESIAN_POINT('',(0.,-2.));
#15669 = VECTOR('',#15670,1.);
#15670 = DIRECTION('',(1.,0.));
#15671 = ( GEOMETRIC_REPRESENTATION_CONTEXT(2) 
PARAMETRIC_REPRESENTATION_CONTEXT() REPRESENTATION_CONTEXT('2D SPACE',''
  ) );
#15672 = PCURVE('',#15673,#15678);
#15673 = PLANE('',#15674);
#15674 = AXIS2_PLACEMENT_3D('',#15675,#15676,#15677);
#15675 = CARTESIAN_POINT('',(2.8E-16,-3.E-17,8.));
#15676 = DIRECTION('',(0.,0.,1.));
#15677 = DIRECTION('',(1.,0.,0.));
#15678 = DEFINITIONAL_REPRESENTATION('',(#15679),#15683);
#15679 = CIRCLE('',#15680,1.2);
#15680 = AXIS2_PLACEMENT_2D('',#15681,#15682);
#15681 = CARTESIAN_POINT('',(-14.25,3.E-17));
#15682 = DIRECTION('',(1.,0.));
#15683 = ( GEOMETRIC_REPRESENTATION_CONTEXT(2) 
PARAMETRIC_REPRESENTATION_CONTEXT() REPRESENTATION_CONTEXT('2D SPACE',''
  ) );
#15684 = ORIENTED_EDGE('',*,*,#15635,.F.);
#15685 = ORIENTED_EDGE('',*,*,#13796,.F.);
#15686 = ADVANCED_FACE('',(#15687),#13844,.F.);
#15687 = FACE_BOUND('',#15688,.F.);
#15688 = EDGE_LOOP('',(#15689,#15712,#15733,#15734));
#15689 = ORIENTED_EDGE('',*,*,#15690,.T.);
#15690 = EDGE_CURVE('',#13911,#15691,#15693,.T.);
#15691 = VERTEX_POINT('',#15692);
#15692 = CARTESIAN_POINT('',(-9.,-7.5,18.5));
#15693 = SURFACE_CURVE('',#15694,(#15698,#15705),.PCURVE_S1.);
#15694 = LINE('',#15695,#15696);
#15695 = CARTESIAN_POINT('',(-9.,-7.5,10.));
#15696 = VECTOR('',#15697,1.);
#15697 = DIRECTION('',(0.,0.,1.));
#15698 = PCURVE('',#13844,#15699);
#15699 = DEFINITIONAL_REPRESENTATION('',(#15700),#15704);
#15700 = LINE('',#15701,#15702);
#15701 = CARTESIAN_POINT('',(0.,0.));
#15702 = VECTOR('',#15703,1.);
#15703 = DIRECTION('',(0.,-1.));
#15704 = ( GEOMETRIC_REPRESENTATION_CONTEXT(2) 
PARAMETRIC_REPRESENTATION_CONTEXT() REPRESENTATION_CONTEXT('2D SPACE',''
  ) );
#15705 = PCURVE('',#14564,#15706);
#15706 = DEFINITIONAL_REPRESENTATION('',(#15707),#15711);
#15707 = LINE('',#15708,#15709);
#15708 = CARTESIAN_POINT('',(1.,0.));
#15709 = VECTOR('',#15710,1.);
#15710 = DIRECTION('',(0.,-1.));
#15711 = ( GEOMETRIC_REPRESENTATION_CONTEXT(2) 
PARAMETRIC_REPRESENTATION_CONTEXT() REPRESENTATION_CONTEXT('2D SPACE',''
  ) );
#15712 = ORIENTED_EDGE('',*,*,#15713,.T.);
#15713 = EDGE_CURVE('',#15691,#13829,#15714,.T.);
#15714 = SURFACE_CURVE('',#15715,(#15719,#15726),.PCURVE_S1.);
#15715 = LINE('',#15716,#15717);
#15716 = CARTESIAN_POINT('',(-9.,-7.5,18.5));
#15717 = VECTOR('',#15718,1.);
#15718 = DIRECTION('',(0.,1.,0.));
#15719 = PCURVE('',#13844,#15720);
#15720 = DEFINITIONAL_REPRESENTATION('',(#15721),#15725);
#15721 = LINE('',#15722,#15723);
#15722 = CARTESIAN_POINT('',(0.,-8.5));
#15723 = VECTOR('',#15724,1.);
#15724 = DIRECTION('',(1.,0.));
#15725 = ( GEOMETRIC_REPRESENTATION_CONTEXT(2) 
PARAMETRIC_REPRESENTATION_CONTEXT() REPRESENTATION_CONTEXT('2D SPACE',''
  ) );
#15726 = PCURVE('',#13872,#15727);
#15727 = DEFINITIONAL_REPRESENTATION('',(#15728),#15732);
#15728 = LINE('',#15729,#15730);
#15729 = CARTESIAN_POINT('',(-9.,-7.5));
#15730 = VECTOR('',#15731,1.);
#15731 = DIRECTION('',(0.,1.));
#15732 = ( GEOMETRIC_REPRESENTATION_CONTEXT(2) 
PARAMETRIC_REPRESENTATION_CONTEXT() REPRESENTATION_CONTEXT('2D SPACE',''
  ) );
#15733 = ORIENTED_EDGE('',*,*,#13828,.F.);
#15734 = ORIENTED_EDGE('',*,*,#13910,.F.);
#15735 = ADVANCED_FACE('',(#15736),#13872,.T.);
#15736 = FACE_BOUND('',#15737,.T.);
#15737 = EDGE_LOOP('',(#15738,#15739,#15740,#15761));
#15738 = ORIENTED_EDGE('',*,*,#13856,.T.);
#15739 = ORIENTED_EDGE('',*,*,#15587,.T.);
#15740 = ORIENTED_EDGE('',*,*,#15741,.T.);
#15741 = EDGE_CURVE('',#15588,#15691,#15742,.T.);
#15742 = SURFACE_CURVE('',#15743,(#15747,#15754),.PCURVE_S1.);
#15743 = LINE('',#15744,#15745);
#15744 = CARTESIAN_POINT('',(-10.,-7.5,18.5));
#15745 = VECTOR('',#15746,1.);
#15746 = DIRECTION('',(1.,0.,0.));
#15747 = PCURVE('',#13872,#15748);
#15748 = DEFINITIONAL_REPRESENTATION('',(#15749),#15753);
#15749 = LINE('',#15750,#15751);
#15750 = CARTESIAN_POINT('',(-10.,-7.5));
#15751 = VECTOR('',#15752,1.);
#15752 = DIRECTION('',(1.,0.));
#15753 = ( GEOMETRIC_REPRESENTATION_CONTEXT(2) 
PARAMETRIC_REPRESENTATION_CONTEXT() REPRESENTATION_CONTEXT('2D SPACE',''
  ) );
#15754 = PCURVE('',#14564,#15755);
#15755 = DEFINITIONAL_REPRESENTATION('',(#15756),#15760);
#15756 = LINE('',#15757,#15758);
#15757 = CARTESIAN_POINT('',(0.,-8.5));
#15758 = VECTOR('',#15759,1.);
#15759 = DIRECTION('',(1.,0.));
#15760 = ( GEOMETRIC_REPRESENTATION_CONTEXT(2) 
PARAMETRIC_REPRESENTATION_CONTEXT() REPRESENTATION_CONTEXT('2D SPACE',''
  ) );
#15761 = ORIENTED_EDGE('',*,*,#15713,.T.);
#15762 = ADVANCED_FACE('',(#15763),#13970,.F.);
#15763 = FACE_BOUND('',#15764,.F.);
#15764 = EDGE_LOOP('',(#15765,#15766,#15789,#15810));
#15765 = ORIENTED_EDGE('',*,*,#14072,.T.);
#15766 = ORIENTED_EDGE('',*,*,#15767,.T.);
#15767 = EDGE_CURVE('',#14045,#15768,#15770,.T.);
#15768 = VERTEX_POINT('',#15769);
#15769 = CARTESIAN_POINT('',(-0.5,-7.5,18.5));
#15770 = SURFACE_CURVE('',#15771,(#15775,#15782),.PCURVE_S1.);
#15771 = LINE('',#15772,#15773);
#15772 = CARTESIAN_POINT('',(-0.5,7.5,18.5));
#15773 = VECTOR('',#15774,1.);
#15774 = DIRECTION('',(0.,-1.,0.));
#15775 = PCURVE('',#13970,#15776);
#15776 = DEFINITIONAL_REPRESENTATION('',(#15777),#15781);
#15777 = LINE('',#15778,#15779);
#15778 = CARTESIAN_POINT('',(0.,-8.5));
#15779 = VECTOR('',#15780,1.);
#15780 = DIRECTION('',(1.,0.));
#15781 = ( GEOMETRIC_REPRESENTATION_CONTEXT(2) 
PARAMETRIC_REPRESENTATION_CONTEXT() REPRESENTATION_CONTEXT('2D SPACE',''
  ) );
#15782 = PCURVE('',#14060,#15783);
#15783 = DEFINITIONAL_REPRESENTATION('',(#15784),#15788);
#15784 = LINE('',#15785,#15786);
#15785 = CARTESIAN_POINT('',(-0.5,7.5));
#15786 = VECTOR('',#15787,1.);
#15787 = DIRECTION('',(0.,-1.));
#15788 = ( GEOMETRIC_REPRESENTATION_CONTEXT(2) 
PARAMETRIC_REPRESENTATION_CONTEXT() REPRESENTATION_CONTEXT('2D SPACE',''
  ) );
#15789 = ORIENTED_EDGE('',*,*,#15790,.F.);
#15790 = EDGE_CURVE('',#13934,#15768,#15791,.T.);
#15791 = SURFACE_CURVE('',#15792,(#15796,#15803),.PCURVE_S1.);
#15792 = LINE('',#15793,#15794);
#15793 = CARTESIAN_POINT('',(-0.5,-7.5,10.));
#15794 = VECTOR('',#15795,1.);
#15795 = DIRECTION('',(0.,0.,1.));
#15796 = PCURVE('',#13970,#15797);
#15797 = DEFINITIONAL_REPRESENTATION('',(#15798),#15802);
#15798 = LINE('',#15799,#15800);
#15799 = CARTESIAN_POINT('',(15.,0.));
#15800 = VECTOR('',#15801,1.);
#15801 = DIRECTION('',(0.,-1.));
#15802 = ( GEOMETRIC_REPRESENTATION_CONTEXT(2) 
PARAMETRIC_REPRESENTATION_CONTEXT() REPRESENTATION_CONTEXT('2D SPACE',''
  ) );
#15803 = PCURVE('',#14537,#15804);
#15804 = DEFINITIONAL_REPRESENTATION('',(#15805),#15809);
#15805 = LINE('',#15806,#15807);
#15806 = CARTESIAN_POINT('',(0.,0.));
#15807 = VECTOR('',#15808,1.);
#15808 = DIRECTION('',(0.,-1.));
#15809 = ( GEOMETRIC_REPRESENTATION_CONTEXT(2) 
PARAMETRIC_REPRESENTATION_CONTEXT() REPRESENTATION_CONTEXT('2D SPACE',''
  ) );
#15810 = ORIENTED_EDGE('',*,*,#13956,.F.);
#15811 = ADVANCED_FACE('',(#15812),#14001,.F.);
#15812 = FACE_BOUND('',#15813,.F.);
#15813 = EDGE_LOOP('',(#15814,#15837,#15864,#15865));
#15814 = ORIENTED_EDGE('',*,*,#15815,.T.);
#15815 = EDGE_CURVE('',#13985,#15816,#15818,.T.);
#15816 = VERTEX_POINT('',#15817);
#15817 = CARTESIAN_POINT('',(-3.55,0.,8.));
#15818 = SEAM_CURVE('',#15819,(#15823,#15830),.PCURVE_S1.);
#15819 = LINE('',#15820,#15821);
#15820 = CARTESIAN_POINT('',(-3.55,0.,10.));
#15821 = VECTOR('',#15822,1.);
#15822 = DIRECTION('',(-0.,-0.,-1.));
#15823 = PCURVE('',#14001,#15824);
#15824 = DEFINITIONAL_REPRESENTATION('',(#15825),#15829);
#15825 = LINE('',#15826,#15827);
#15826 = CARTESIAN_POINT('',(0.,0.));
#15827 = VECTOR('',#15828,1.);
#15828 = DIRECTION('',(0.,-1.));
#15829 = ( GEOMETRIC_REPRESENTATION_CONTEXT(2) 
PARAMETRIC_REPRESENTATION_CONTEXT() REPRESENTATION_CONTEXT('2D SPACE',''
  ) );
#15830 = PCURVE('',#14001,#15831);
#15831 = DEFINITIONAL_REPRESENTATION('',(#15832),#15836);
#15832 = LINE('',#15833,#15834);
#15833 = CARTESIAN_POINT('',(6.28318530718,0.));
#15834 = VECTOR('',#15835,1.);
#15835 = DIRECTION('',(0.,-1.));
#15836 = ( GEOMETRIC_REPRESENTATION_CONTEXT(2) 
PARAMETRIC_REPRESENTATION_CONTEXT() REPRESENTATION_CONTEXT('2D SPACE',''
  ) );
#15837 = ORIENTED_EDGE('',*,*,#15838,.T.);
#15838 = EDGE_CURVE('',#15816,#15816,#15839,.T.);
#15839 = SURFACE_CURVE('',#15840,(#15845,#15852),.PCURVE_S1.);
#15840 = CIRCLE('',#15841,1.2);
#15841 = AXIS2_PLACEMENT_3D('',#15842,#15843,#15844);
#15842 = CARTESIAN_POINT('',(-4.75,0.,8.));
#15843 = DIRECTION('',(0.,0.,1.));
#15844 = DIRECTION('',(1.,0.,0.));
#15845 = PCURVE('',#14001,#15846);
#15846 = DEFINITIONAL_REPRESENTATION('',(#15847),#15851);
#15847 = LINE('',#15848,#15849);
#15848 = CARTESIAN_POINT('',(0.,-2.));
#15849 = VECTOR('',#15850,1.);
#15850 = DIRECTION('',(1.,0.));
#15851 = ( GEOMETRIC_REPRESENTATION_CONTEXT(2) 
PARAMETRIC_REPRESENTATION_CONTEXT() REPRESENTATION_CONTEXT('2D SPACE',''
  ) );
#15852 = PCURVE('',#15853,#15858);
#15853 = PLANE('',#15854);
#15854 = AXIS2_PLACEMENT_3D('',#15855,#15856,#15857);
#15855 = CARTESIAN_POINT('',(2.8E-16,-3.E-17,8.));
#15856 = DIRECTION('',(0.,0.,1.));
#15857 = DIRECTION('',(1.,0.,0.));
#15858 = DEFINITIONAL_REPRESENTATION('',(#15859),#15863);
#15859 = CIRCLE('',#15860,1.2);
#15860 = AXIS2_PLACEMENT_2D('',#15861,#15862);
#15861 = CARTESIAN_POINT('',(-4.75,3.E-17));
#15862 = DIRECTION('',(1.,0.));
#15863 = ( GEOMETRIC_REPRESENTATION_CONTEXT(2) 
PARAMETRIC_REPRESENTATION_CONTEXT() REPRESENTATION_CONTEXT('2D SPACE',''
  ) );
#15864 = ORIENTED_EDGE('',*,*,#15815,.F.);
#15865 = ORIENTED_EDGE('',*,*,#13984,.F.);
#15866 = ADVANCED_FACE('',(#15867),#14032,.F.);
#15867 = FACE_BOUND('',#15868,.F.);
#15868 = EDGE_LOOP('',(#15869,#15892,#15913,#15914));
#15869 = ORIENTED_EDGE('',*,*,#15870,.T.);
#15870 = EDGE_CURVE('',#14099,#15871,#15873,.T.);
#15871 = VERTEX_POINT('',#15872);
#15872 = CARTESIAN_POINT('',(0.5,-7.5,18.5));
#15873 = SURFACE_CURVE('',#15874,(#15878,#15885),.PCURVE_S1.);
#15874 = LINE('',#15875,#15876);
#15875 = CARTESIAN_POINT('',(0.5,-7.5,10.));
#15876 = VECTOR('',#15877,1.);
#15877 = DIRECTION('',(0.,0.,1.));
#15878 = PCURVE('',#14032,#15879);
#15879 = DEFINITIONAL_REPRESENTATION('',(#15880),#15884);
#15880 = LINE('',#15881,#15882);
#15881 = CARTESIAN_POINT('',(0.,0.));
#15882 = VECTOR('',#15883,1.);
#15883 = DIRECTION('',(0.,-1.));
#15884 = ( GEOMETRIC_REPRESENTATION_CONTEXT(2) 
PARAMETRIC_REPRESENTATION_CONTEXT() REPRESENTATION_CONTEXT('2D SPACE',''
  ) );
#15885 = PCURVE('',#14537,#15886);
#15886 = DEFINITIONAL_REPRESENTATION('',(#15887),#15891);
#15887 = LINE('',#15888,#15889);
#15888 = CARTESIAN_POINT('',(1.,0.));
#15889 = VECTOR('',#15890,1.);
#15890 = DIRECTION('',(0.,-1.));
#15891 = ( GEOMETRIC_REPRESENTATION_CONTEXT(2) 
PARAMETRIC_REPRESENTATION_CONTEXT() REPRESENTATION_CONTEXT('2D SPACE',''
  ) );
#15892 = ORIENTED_EDGE('',*,*,#15893,.T.);
#15893 = EDGE_CURVE('',#15871,#14017,#15894,.T.);
#15894 = SURFACE_CURVE('',#15895,(#15899,#15906),.PCURVE_S1.);
#15895 = LINE('',#15896,#15897);
#15896 = CARTESIAN_POINT('',(0.5,-7.5,18.5));
#15897 = VECTOR('',#15898,1.);
#15898 = DIRECTION('',(0.,1.,0.));
#15899 = PCURVE('',#14032,#15900);
#15900 = DEFINITIONAL_REPRESENTATION('',(#15901),#15905);
#15901 = LINE('',#15902,#15903);
#15902 = CARTESIAN_POINT('',(0.,-8.5));
#15903 = VECTOR('',#15904,1.);
#15904 = DIRECTION('',(1.,0.));
#15905 = ( GEOMETRIC_REPRESENTATION_CONTEXT(2) 
PARAMETRIC_REPRESENTATION_CONTEXT() REPRESENTATION_CONTEXT('2D SPACE',''
  ) );
#15906 = PCURVE('',#14060,#15907);
#15907 = DEFINITIONAL_REPRESENTATION('',(#15908),#15912);
#15908 = LINE('',#15909,#15910);
#15909 = CARTESIAN_POINT('',(0.5,-7.5));
#15910 = VECTOR('',#15911,1.);
#15911 = DIRECTION('',(0.,1.));
#15912 = ( GEOMETRIC_REPRESENTATION_CONTEXT(2) 
PARAMETRIC_REPRESENTATION_CONTEXT() REPRESENTATION_CONTEXT('2D SPACE',''
  ) );
#15913 = ORIENTED_EDGE('',*,*,#14016,.F.);
#15914 = ORIENTED_EDGE('',*,*,#14098,.F.);
#15915 = ADVANCED_FACE('',(#15916),#14060,.T.);
#15916 = FACE_BOUND('',#15917,.T.);
#15917 = EDGE_LOOP('',(#15918,#15919,#15920,#15941));
#15918 = ORIENTED_EDGE('',*,*,#14044,.T.);
#15919 = ORIENTED_EDGE('',*,*,#15767,.T.);
#15920 = ORIENTED_EDGE('',*,*,#15921,.T.);
#15921 = EDGE_CURVE('',#15768,#15871,#15922,.T.);
#15922 = SURFACE_CURVE('',#15923,(#15927,#15934),.PCURVE_S1.);
#15923 = LINE('',#15924,#15925);
#15924 = CARTESIAN_POINT('',(-0.5,-7.5,18.5));
#15925 = VECTOR('',#15926,1.);
#15926 = DIRECTION('',(1.,0.,0.));
#15927 = PCURVE('',#14060,#15928);
#15928 = DEFINITIONAL_REPRESENTATION('',(#15929),#15933);
#15929 = LINE('',#15930,#15931);
#15930 = CARTESIAN_POINT('',(-0.5,-7.5));
#15931 = VECTOR('',#15932,1.);
#15932 = DIRECTION('',(1.,0.));
#15933 = ( GEOMETRIC_REPRESENTATION_CONTEXT(2) 
PARAMETRIC_REPRESENTATION_CONTEXT() REPRESENTATION_CONTEXT('2D SPACE',''
  ) );
#15934 = PCURVE('',#14537,#15935);
#15935 = DEFINITIONAL_REPRESENTATION('',(#15936),#15940);
#15936 = LINE('',#15937,#15938);
#15937 = CARTESIAN_POINT('',(0.,-8.5));
#15938 = VECTOR('',#15939,1.);
#15939 = DIRECTION('',(1.,0.));
#15940 = ( GEOMETRIC_REPRESENTATION_CONTEXT(2) 
PARAMETRIC_REPRESENTATION_CONTEXT() REPRESENTATION_CONTEXT('2D SPACE',''
  ) );
#15941 = ORIENTED_EDGE('',*,*,#15893,.T.);
#15942 = ADVANCED_FACE('',(#15943),#14158,.T.);
#15943 = FACE_BOUND('',#15944,.T.);
#15944 = EDGE_LOOP('',(#15945,#15968,#15989,#15990));
#15945 = ORIENTED_EDGE('',*,*,#15946,.T.);
#15946 = EDGE_CURVE('',#14122,#15947,#15949,.T.);
#15947 = VERTEX_POINT('',#15948);
#15948 = CARTESIAN_POINT('',(9.,-7.5,18.5));
#15949 = SURFACE_CURVE('',#15950,(#15954,#15961),.PCURVE_S1.);
#15950 = LINE('',#15951,#15952);
#15951 = CARTESIAN_POINT('',(9.,-7.5,10.));
#15952 = VECTOR('',#15953,1.);
#15953 = DIRECTION('',(0.,0.,1.));
#15954 = PCURVE('',#14158,#15955);
#15955 = DEFINITIONAL_REPRESENTATION('',(#15956),#15960);
#15956 = LINE('',#15957,#15958);
#15957 = CARTESIAN_POINT('',(0.,0.));
#15958 = VECTOR('',#15959,1.);
#15959 = DIRECTION('',(0.,-1.));
#15960 = ( GEOMETRIC_REPRESENTATION_CONTEXT(2) 
PARAMETRIC_REPRESENTATION_CONTEXT() REPRESENTATION_CONTEXT('2D SPACE',''
  ) );
#15961 = PCURVE('',#14510,#15962);
#15962 = DEFINITIONAL_REPRESENTATION('',(#15963),#15967);
#15963 = LINE('',#15964,#15965);
#15964 = CARTESIAN_POINT('',(1.,0.));
#15965 = VECTOR('',#15966,1.);
#15966 = DIRECTION('',(0.,-1.));
#15967 = ( GEOMETRIC_REPRESENTATION_CONTEXT(2) 
PARAMETRIC_REPRESENTATION_CONTEXT() REPRESENTATION_CONTEXT('2D SPACE',''
  ) );
#15968 = ORIENTED_EDGE('',*,*,#15969,.T.);
#15969 = EDGE_CURVE('',#15947,#14205,#15970,.T.);
#15970 = SURFACE_CURVE('',#15971,(#15975,#15982),.PCURVE_S1.);
#15971 = LINE('',#15972,#15973);
#15972 = CARTESIAN_POINT('',(9.,-7.5,18.5));
#15973 = VECTOR('',#15974,1.);
#15974 = DIRECTION('',(0.,1.,0.));
#15975 = PCURVE('',#14158,#15976);
#15976 = DEFINITIONAL_REPRESENTATION('',(#15977),#15981);
#15977 = LINE('',#15978,#15979);
#15978 = CARTESIAN_POINT('',(0.,-8.5));
#15979 = VECTOR('',#15980,1.);
#15980 = DIRECTION('',(1.,0.));
#15981 = ( GEOMETRIC_REPRESENTATION_CONTEXT(2) 
PARAMETRIC_REPRESENTATION_CONTEXT() REPRESENTATION_CONTEXT('2D SPACE',''
  ) );
#15982 = PCURVE('',#14243,#15983);
#15983 = DEFINITIONAL_REPRESENTATION('',(#15984),#15988);
#15984 = LINE('',#15985,#15986);
#15985 = CARTESIAN_POINT('',(9.,-7.5));
#15986 = VECTOR('',#15987,1.);
#15987 = DIRECTION('',(0.,1.));
#15988 = ( GEOMETRIC_REPRESENTATION_CONTEXT(2) 
PARAMETRIC_REPRESENTATION_CONTEXT() REPRESENTATION_CONTEXT('2D SPACE',''
  ) );
#15989 = ORIENTED_EDGE('',*,*,#14204,.F.);
#15990 = ORIENTED_EDGE('',*,*,#14144,.F.);
#15991 = ADVANCED_FACE('',(#15992),#14189,.F.);
#15992 = FACE_BOUND('',#15993,.F.);
#15993 = EDGE_LOOP('',(#15994,#16017,#16044,#16045));
#15994 = ORIENTED_EDGE('',*,*,#15995,.T.);
#15995 = EDGE_CURVE('',#14173,#15996,#15998,.T.);
#15996 = VERTEX_POINT('',#15997);
#15997 = CARTESIAN_POINT('',(5.95,0.,8.));
#15998 = SEAM_CURVE('',#15999,(#16003,#16010),.PCURVE_S1.);
#15999 = LINE('',#16000,#16001);
#16000 = CARTESIAN_POINT('',(5.95,0.,10.));
#16001 = VECTOR('',#16002,1.);
#16002 = DIRECTION('',(-0.,-0.,-1.));
#16003 = PCURVE('',#14189,#16004);
#16004 = DEFINITIONAL_REPRESENTATION('',(#16005),#16009);
#16005 = LINE('',#16006,#16007);
#16006 = CARTESIAN_POINT('',(0.,0.));
#16007 = VECTOR('',#16008,1.);
#16008 = DIRECTION('',(0.,-1.));
#16009 = ( GEOMETRIC_REPRESENTATION_CONTEXT(2) 
PARAMETRIC_REPRESENTATION_CONTEXT() REPRESENTATION_CONTEXT('2D SPACE',''
  ) );
#16010 = PCURVE('',#14189,#16011);
#16011 = DEFINITIONAL_REPRESENTATION('',(#16012),#16016);
#16012 = LINE('',#16013,#16014);
#16013 = CARTESIAN_POINT('',(6.28318530718,0.));
#16014 = VECTOR('',#16015,1.);
#16015 = DIRECTION('',(0.,-1.));
#16016 = ( GEOMETRIC_REPRESENTATION_CONTEXT(2) 
PARAMETRIC_REPRESENTATION_CONTEXT() REPRESENTATION_CONTEXT('2D SPACE',''
  ) );
#16017 = ORIENTED_EDGE('',*,*,#16018,.T.);
#16018 = EDGE_CURVE('',#15996,#15996,#16019,.T.);
#16019 = SURFACE_CURVE('',#16020,(#16025,#16032),.PCURVE_S1.);
#16020 = CIRCLE('',#16021,1.2);
#16021 = AXIS2_PLACEMENT_3D('',#16022,#16023,#16024);
#16022 = CARTESIAN_POINT('',(4.75,0.,8.));
#16023 = DIRECTION('',(0.,0.,1.));
#16024 = DIRECTION('',(1.,0.,0.));
#16025 = PCURVE('',#14189,#16026);
#16026 = DEFINITIONAL_REPRESENTATION('',(#16027),#16031);
#16027 = LINE('',#16028,#16029);
#16028 = CARTESIAN_POINT('',(0.,-2.));
#16029 = VECTOR('',#16030,1.);
#16030 = DIRECTION('',(1.,0.));
#16031 = ( GEOMETRIC_REPRESENTATION_CONTEXT(2) 
PARAMETRIC_REPRESENTATION_CONTEXT() REPRESENTATION_CONTEXT('2D SPACE',''
  ) );
#16032 = PCURVE('',#16033,#16038);
#16033 = PLANE('',#16034);
#16034 = AXIS2_PLACEMENT_3D('',#16035,#16036,#16037);
#16035 = CARTESIAN_POINT('',(2.8E-16,-3.E-17,8.));
#16036 = DIRECTION('',(0.,0.,1.));
#16037 = DIRECTION('',(1.,0.,0.));
#16038 = DEFINITIONAL_REPRESENTATION('',(#16039),#16043);
#16039 = CIRCLE('',#16040,1.2);
#16040 = AXIS2_PLACEMENT_2D('',#16041,#16042);
#16041 = CARTESIAN_POINT('',(4.75,3.E-17));
#16042 = DIRECTION('',(1.,0.));
#16043 = ( GEOMETRIC_REPRESENTATION_CONTEXT(2) 
PARAMETRIC_REPRESENTATION_CONTEXT() REPRESENTATION_CONTEXT('2D SPACE',''
  ) );
#16044 = ORIENTED_EDGE('',*,*,#15995,.F.);
#16045 = ORIENTED_EDGE('',*,*,#14172,.F.);
#16046 = ADVANCED_FACE('',(#16047),#14269,.T.);
#16047 = FACE_BOUND('',#16048,.T.);
#16048 = EDGE_LOOP('',(#16049,#16050,#16073,#16094));
#16049 = ORIENTED_EDGE('',*,*,#14255,.T.);
#16050 = ORIENTED_EDGE('',*,*,#16051,.T.);
#16051 = EDGE_CURVE('',#14228,#16052,#16054,.T.);
#16052 = VERTEX_POINT('',#16053);
#16053 = CARTESIAN_POINT('',(10.,-7.5,18.5));
#16054 = SURFACE_CURVE('',#16055,(#16059,#16066),.PCURVE_S1.);
#16055 = LINE('',#16056,#16057);
#16056 = CARTESIAN_POINT('',(10.,7.5,18.5));
#16057 = VECTOR('',#16058,1.);
#16058 = DIRECTION('',(0.,-1.,0.));
#16059 = PCURVE('',#14269,#16060);
#16060 = DEFINITIONAL_REPRESENTATION('',(#16061),#16065);
#16061 = LINE('',#16062,#16063);
#16062 = CARTESIAN_POINT('',(0.,-8.5));
#16063 = VECTOR('',#16064,1.);
#16064 = DIRECTION('',(1.,0.));
#16065 = ( GEOMETRIC_REPRESENTATION_CONTEXT(2) 
PARAMETRIC_REPRESENTATION_CONTEXT() REPRESENTATION_CONTEXT('2D SPACE',''
  ) );
#16066 = PCURVE('',#14243,#16067);
#16067 = DEFINITIONAL_REPRESENTATION('',(#16068),#16072);
#16068 = LINE('',#16069,#16070);
#16069 = CARTESIAN_POINT('',(10.,7.5));
#16070 = VECTOR('',#16071,1.);
#16071 = DIRECTION('',(0.,-1.));
#16072 = ( GEOMETRIC_REPRESENTATION_CONTEXT(2) 
PARAMETRIC_REPRESENTATION_CONTEXT() REPRESENTATION_CONTEXT('2D SPACE',''
  ) );
#16073 = ORIENTED_EDGE('',*,*,#16074,.F.);
#16074 = EDGE_CURVE('',#14287,#16052,#16075,.T.);
#16075 = SURFACE_CURVE('',#16076,(#16080,#16087),.PCURVE_S1.);
#16076 = LINE('',#16077,#16078);
#16077 = CARTESIAN_POINT('',(10.,-7.5,10.));
#16078 = VECTOR('',#16079,1.);
#16079 = DIRECTION('',(0.,0.,1.));
#16080 = PCURVE('',#14269,#16081);
#16081 = DEFINITIONAL_REPRESENTATION('',(#16082),#16086);
#16082 = LINE('',#16083,#16084);
#16083 = CARTESIAN_POINT('',(15.,0.));
#16084 = VECTOR('',#16085,1.);
#16085 = DIRECTION('',(0.,-1.));
#16086 = ( GEOMETRIC_REPRESENTATION_CONTEXT(2) 
PARAMETRIC_REPRESENTATION_CONTEXT() REPRESENTATION_CONTEXT('2D SPACE',''
  ) );
#16087 = PCURVE('',#14510,#16088);
#16088 = DEFINITIONAL_REPRESENTATION('',(#16089),#16093);
#16089 = LINE('',#16090,#16091);
#16090 = CARTESIAN_POINT('',(0.,-0.));
#16091 = VECTOR('',#16092,1.);
#16092 = DIRECTION('',(0.,-1.));
#16093 = ( GEOMETRIC_REPRESENTATION_CONTEXT(2) 
PARAMETRIC_REPRESENTATION_CONTEXT() REPRESENTATION_CONTEXT('2D SPACE',''
  ) );
#16094 = ORIENTED_EDGE('',*,*,#14286,.F.);
#16095 = ADVANCED_FACE('',(#16096),#14243,.T.);
#16096 = FACE_BOUND('',#16097,.F.);
#16097 = EDGE_LOOP('',(#16098,#16099,#16100,#16121));
#16098 = ORIENTED_EDGE('',*,*,#14227,.T.);
#16099 = ORIENTED_EDGE('',*,*,#16051,.T.);
#16100 = ORIENTED_EDGE('',*,*,#16101,.T.);
#16101 = EDGE_CURVE('',#16052,#15947,#16102,.T.);
#16102 = SURFACE_CURVE('',#16103,(#16107,#16114),.PCURVE_S1.);
#16103 = LINE('',#16104,#16105);
#16104 = CARTESIAN_POINT('',(10.,-7.5,18.5));
#16105 = VECTOR('',#16106,1.);
#16106 = DIRECTION('',(-1.,0.,0.));
#16107 = PCURVE('',#14243,#16108);
#16108 = DEFINITIONAL_REPRESENTATION('',(#16109),#16113);
#16109 = LINE('',#16110,#16111);
#16110 = CARTESIAN_POINT('',(10.,-7.5));
#16111 = VECTOR('',#16112,1.);
#16112 = DIRECTION('',(-1.,0.));
#16113 = ( GEOMETRIC_REPRESENTATION_CONTEXT(2) 
PARAMETRIC_REPRESENTATION_CONTEXT() REPRESENTATION_CONTEXT('2D SPACE',''
  ) );
#16114 = PCURVE('',#14510,#16115);
#16115 = DEFINITIONAL_REPRESENTATION('',(#16116),#16120);
#16116 = LINE('',#16117,#16118);
#16117 = CARTESIAN_POINT('',(0.,-8.5));
#16118 = VECTOR('',#16119,1.);
#16119 = DIRECTION('',(1.,0.));
#16120 = ( GEOMETRIC_REPRESENTATION_CONTEXT(2) 
PARAMETRIC_REPRESENTATION_CONTEXT() REPRESENTATION_CONTEXT('2D SPACE',''
  ) );
#16121 = ORIENTED_EDGE('',*,*,#15969,.T.);
#16122 = ADVANCED_FACE('',(#16123),#14346,.F.);
#16123 = FACE_BOUND('',#16124,.F.);
#16124 = EDGE_LOOP('',(#16125,#16126,#16149,#16170));
#16125 = ORIENTED_EDGE('',*,*,#14443,.T.);
#16126 = ORIENTED_EDGE('',*,*,#16127,.T.);
#16127 = EDGE_CURVE('',#14416,#16128,#16130,.T.);
#16128 = VERTEX_POINT('',#16129);
#16129 = CARTESIAN_POINT('',(18.5,-7.5,18.5));
#16130 = SURFACE_CURVE('',#16131,(#16135,#16142),.PCURVE_S1.);
#16131 = LINE('',#16132,#16133);
#16132 = CARTESIAN_POINT('',(18.5,7.5,18.5));
#16133 = VECTOR('',#16134,1.);
#16134 = DIRECTION('',(0.,-1.,0.));
#16135 = PCURVE('',#14346,#16136);
#16136 = DEFINITIONAL_REPRESENTATION('',(#16137),#16141);
#16137 = LINE('',#16138,#16139);
#16138 = CARTESIAN_POINT('',(0.,-8.5));
#16139 = VECTOR('',#16140,1.);
#16140 = DIRECTION('',(1.,0.));
#16141 = ( GEOMETRIC_REPRESENTATION_CONTEXT(2) 
PARAMETRIC_REPRESENTATION_CONTEXT() REPRESENTATION_CONTEXT('2D SPACE',''
  ) );
#16142 = PCURVE('',#14431,#16143);
#16143 = DEFINITIONAL_REPRESENTATION('',(#16144),#16148);
#16144 = LINE('',#16145,#16146);
#16145 = CARTESIAN_POINT('',(18.5,7.5));
#16146 = VECTOR('',#16147,1.);
#16147 = DIRECTION('',(0.,-1.));
#16148 = ( GEOMETRIC_REPRESENTATION_CONTEXT(2) 
PARAMETRIC_REPRESENTATION_CONTEXT() REPRESENTATION_CONTEXT('2D SPACE',''
  ) );
#16149 = ORIENTED_EDGE('',*,*,#16150,.F.);
#16150 = EDGE_CURVE('',#14310,#16128,#16151,.T.);
#16151 = SURFACE_CURVE('',#16152,(#16156,#16163),.PCURVE_S1.);
#16152 = LINE('',#16153,#16154);
#16153 = CARTESIAN_POINT('',(18.5,-7.5,10.));
#16154 = VECTOR('',#16155,1.);
#16155 = DIRECTION('',(0.,0.,1.));
#16156 = PCURVE('',#14346,#16157);
#16157 = DEFINITIONAL_REPRESENTATION('',(#16158),#16162);
#16158 = LINE('',#16159,#16160);
#16159 = CARTESIAN_POINT('',(15.,0.));
#16160 = VECTOR('',#16161,1.);
#16161 = DIRECTION('',(0.,-1.));
#16162 = ( GEOMETRIC_REPRESENTATION_CONTEXT(2) 
PARAMETRIC_REPRESENTATION_CONTEXT() REPRESENTATION_CONTEXT('2D SPACE',''
  ) );
#16163 = PCURVE('',#14483,#16164);
#16164 = DEFINITIONAL_REPRESENTATION('',(#16165),#16169);
#16165 = LINE('',#16166,#16167);
#16166 = CARTESIAN_POINT('',(0.,0.));
#16167 = VECTOR('',#16168,1.);
#16168 = DIRECTION('',(0.,-1.));
#16169 = ( GEOMETRIC_REPRESENTATION_CONTEXT(2) 
PARAMETRIC_REPRESENTATION_CONTEXT() REPRESENTATION_CONTEXT('2D SPACE',''
  ) );
#16170 = ORIENTED_EDGE('',*,*,#14332,.F.);
#16171 = ADVANCED_FACE('',(#16172),#14377,.F.);
#16172 = FACE_BOUND('',#16173,.F.);
#16173 = EDGE_LOOP('',(#16174,#16197,#16224,#16225));
#16174 = ORIENTED_EDGE('',*,*,#16175,.T.);
#16175 = EDGE_CURVE('',#14361,#16176,#16178,.T.);
#16176 = VERTEX_POINT('',#16177);
#16177 = CARTESIAN_POINT('',(15.45,0.,8.));
#16178 = SEAM_CURVE('',#16179,(#16183,#16190),.PCURVE_S1.);
#16179 = LINE('',#16180,#16181);
#16180 = CARTESIAN_POINT('',(15.45,0.,10.));
#16181 = VECTOR('',#16182,1.);
#16182 = DIRECTION('',(-0.,-0.,-1.));
#16183 = PCURVE('',#14377,#16184);
#16184 = DEFINITIONAL_REPRESENTATION('',(#16185),#16189);
#16185 = LINE('',#16186,#16187);
#16186 = CARTESIAN_POINT('',(0.,0.));
#16187 = VECTOR('',#16188,1.);
#16188 = DIRECTION('',(0.,-1.));
#16189 = ( GEOMETRIC_REPRESENTATION_CONTEXT(2) 
PARAMETRIC_REPRESENTATION_CONTEXT() REPRESENTATION_CONTEXT('2D SPACE',''
  ) );
#16190 = PCURVE('',#14377,#16191);
#16191 = DEFINITIONAL_REPRESENTATION('',(#16192),#16196);
#16192 = LINE('',#16193,#16194);
#16193 = CARTESIAN_POINT('',(6.28318530718,0.));
#16194 = VECTOR('',#16195,1.);
#16195 = DIRECTION('',(0.,-1.));
#16196 = ( GEOMETRIC_REPRESENTATION_CONTEXT(2) 
PARAMETRIC_REPRESENTATION_CONTEXT() REPRESENTATION_CONTEXT('2D SPACE',''
  ) );
#16197 = ORIENTED_EDGE('',*,*,#16198,.T.);
#16198 = EDGE_CURVE('',#16176,#16176,#16199,.T.);
#16199 = SURFACE_CURVE('',#16200,(#16205,#16212),.PCURVE_S1.);
#16200 = CIRCLE('',#16201,1.2);
#16201 = AXIS2_PLACEMENT_3D('',#16202,#16203,#16204);
#16202 = CARTESIAN_POINT('',(14.25,0.,8.));
#16203 = DIRECTION('',(0.,0.,1.));
#16204 = DIRECTION('',(1.,0.,0.));
#16205 = PCURVE('',#14377,#16206);
#16206 = DEFINITIONAL_REPRESENTATION('',(#16207),#16211);
#16207 = LINE('',#16208,#16209);
#16208 = CARTESIAN_POINT('',(0.,-2.));
#16209 = VECTOR('',#16210,1.);
#16210 = DIRECTION('',(1.,0.));
#16211 = ( GEOMETRIC_REPRESENTATION_CONTEXT(2) 
PARAMETRIC_REPRESENTATION_CONTEXT() REPRESENTATION_CONTEXT('2D SPACE',''
  ) );
#16212 = PCURVE('',#16213,#16218);
#16213 = PLANE('',#16214);
#16214 = AXIS2_PLACEMENT_3D('',#16215,#16216,#16217);
#16215 = CARTESIAN_POINT('',(2.8E-16,-3.E-17,8.));
#16216 = DIRECTION('',(0.,0.,1.));
#16217 = DIRECTION('',(1.,0.,0.));
#16218 = DEFINITIONAL_REPRESENTATION('',(#16219),#16223);
#16219 = CIRCLE('',#16220,1.2);
#16220 = AXIS2_PLACEMENT_2D('',#16221,#16222);
#16221 = CARTESIAN_POINT('',(14.25,3.E-17));
#16222 = DIRECTION('',(1.,0.));
#16223 = ( GEOMETRIC_REPRESENTATION_CONTEXT(2) 
PARAMETRIC_REPRESENTATION_CONTEXT() REPRESENTATION_CONTEXT('2D SPACE',''
  ) );
#16224 = ORIENTED_EDGE('',*,*,#16175,.F.);
#16225 = ORIENTED_EDGE('',*,*,#14360,.F.);
#16226 = ADVANCED_FACE('',(#16227),#14431,.T.);
#16227 = FACE_BOUND('',#16228,.T.);
#16228 = EDGE_LOOP('',(#16229,#16230,#16231,#16252));
#16229 = ORIENTED_EDGE('',*,*,#14415,.T.);
#16230 = ORIENTED_EDGE('',*,*,#16127,.T.);
#16231 = ORIENTED_EDGE('',*,*,#16232,.T.);
#16232 = EDGE_CURVE('',#16128,#14658,#16233,.T.);
#16233 = SURFACE_CURVE('',#16234,(#16238,#16245),.PCURVE_S1.);
#16234 = LINE('',#16235,#16236);
#16235 = CARTESIAN_POINT('',(18.5,-7.5,18.5));
#16236 = VECTOR('',#16237,1.);
#16237 = DIRECTION('',(1.,0.,0.));
#16238 = PCURVE('',#14431,#16239);
#16239 = DEFINITIONAL_REPRESENTATION('',(#16240),#16244);
#16240 = LINE('',#16241,#16242);
#16241 = CARTESIAN_POINT('',(18.5,-7.5));
#16242 = VECTOR('',#16243,1.);
#16243 = DIRECTION('',(1.,0.));
#16244 = ( GEOMETRIC_REPRESENTATION_CONTEXT(2) 
PARAMETRIC_REPRESENTATION_CONTEXT() REPRESENTATION_CONTEXT('2D SPACE',''
  ) );
#16245 = PCURVE('',#14483,#16246);
#16246 = DEFINITIONAL_REPRESENTATION('',(#16247),#16251);
#16247 = LINE('',#16248,#16249);
#16248 = CARTESIAN_POINT('',(0.,-8.5));
#16249 = VECTOR('',#16250,1.);
#16250 = DIRECTION('',(1.,0.));
#16251 = ( GEOMETRIC_REPRESENTATION_CONTEXT(2) 
PARAMETRIC_REPRESENTATION_CONTEXT() REPRESENTATION_CONTEXT('2D SPACE',''
  ) );
#16252 = ORIENTED_EDGE('',*,*,#14680,.T.);
#16253 = ADVANCED_FACE('',(#16254),#14483,.F.);
#16254 = FACE_BOUND('',#16255,.F.);
#16255 = EDGE_LOOP('',(#16256,#16257,#16258,#16259));
#16256 = ORIENTED_EDGE('',*,*,#16150,.T.);
#16257 = ORIENTED_EDGE('',*,*,#16232,.T.);
#16258 = ORIENTED_EDGE('',*,*,#14657,.F.);
#16259 = ORIENTED_EDGE('',*,*,#14469,.T.);
#16260 = ADVANCED_FACE('',(#16261),#14510,.T.);
#16261 = FACE_BOUND('',#16262,.T.);
#16262 = EDGE_LOOP('',(#16263,#16264,#16265,#16266));
#16263 = ORIENTED_EDGE('',*,*,#16074,.T.);
#16264 = ORIENTED_EDGE('',*,*,#16101,.T.);
#16265 = ORIENTED_EDGE('',*,*,#15946,.F.);
#16266 = ORIENTED_EDGE('',*,*,#14496,.F.);
#16267 = ADVANCED_FACE('',(#16268),#14537,.F.);
#16268 = FACE_BOUND('',#16269,.F.);
#16269 = EDGE_LOOP('',(#16270,#16271,#16272,#16273));
#16270 = ORIENTED_EDGE('',*,*,#15790,.T.);
#16271 = ORIENTED_EDGE('',*,*,#15921,.T.);
#16272 = ORIENTED_EDGE('',*,*,#15870,.F.);
#16273 = ORIENTED_EDGE('',*,*,#14523,.F.);
#16274 = ADVANCED_FACE('',(#16275),#14564,.F.);
#16275 = FACE_BOUND('',#16276,.F.);
#16276 = EDGE_LOOP('',(#16277,#16278,#16279,#16280));
#16277 = ORIENTED_EDGE('',*,*,#15610,.T.);
#16278 = ORIENTED_EDGE('',*,*,#15741,.T.);
#16279 = ORIENTED_EDGE('',*,*,#15690,.F.);
#16280 = ORIENTED_EDGE('',*,*,#14550,.F.);
#16281 = ADVANCED_FACE('',(#16282),#14591,.T.);
#16282 = FACE_BOUND('',#16283,.T.);
#16283 = EDGE_LOOP('',(#16284,#16285,#16286,#16287));
#16284 = ORIENTED_EDGE('',*,*,#15534,.T.);
#16285 = ORIENTED_EDGE('',*,*,#15561,.T.);
#16286 = ORIENTED_EDGE('',*,*,#14608,.F.);
#16287 = ORIENTED_EDGE('',*,*,#14577,.F.);
#16288 = ADVANCED_FACE('',(#16289),#14745,.F.);
#16289 = FACE_BOUND('',#16290,.F.);
#16290 = EDGE_LOOP('',(#16291,#16292,#16293,#16294));
#16291 = ORIENTED_EDGE('',*,*,#14729,.T.);
#16292 = ORIENTED_EDGE('',*,*,#14783,.T.);
#16293 = ORIENTED_EDGE('',*,*,#14832,.T.);
#16294 = ORIENTED_EDGE('',*,*,#14881,.T.);
#16295 = ADVANCED_FACE('',(#16296),#14946,.F.);
#16296 = FACE_BOUND('',#16297,.F.);
#16297 = EDGE_LOOP('',(#16298,#16299,#16300,#16301));
#16298 = ORIENTED_EDGE('',*,*,#14930,.T.);
#16299 = ORIENTED_EDGE('',*,*,#14984,.T.);
#16300 = ORIENTED_EDGE('',*,*,#15033,.T.);
#16301 = ORIENTED_EDGE('',*,*,#15082,.T.);
#16302 = ADVANCED_FACE('',(#16303),#15147,.F.);
#16303 = FACE_BOUND('',#16304,.T.);
#16304 = EDGE_LOOP('',(#16305,#16306,#16307,#16308));
#16305 = ORIENTED_EDGE('',*,*,#15283,.T.);
#16306 = ORIENTED_EDGE('',*,*,#15256,.T.);
#16307 = ORIENTED_EDGE('',*,*,#15207,.T.);
#16308 = ORIENTED_EDGE('',*,*,#15131,.T.);
#16309 = ADVANCED_FACE('',(#16310),#15348,.F.);
#16310 = FACE_BOUND('',#16311,.T.);
#16311 = EDGE_LOOP('',(#16312,#16313,#16314,#16315));
#16312 = ORIENTED_EDGE('',*,*,#15484,.T.);
#16313 = ORIENTED_EDGE('',*,*,#15457,.T.);
#16314 = ORIENTED_EDGE('',*,*,#15408,.T.);
#16315 = ORIENTED_EDGE('',*,*,#15332,.T.);
#16316 = ADVANCED_FACE('',(#16317),#15673,.T.);
#16317 = FACE_BOUND('',#16318,.T.);
#16318 = EDGE_LOOP('',(#16319));
#16319 = ORIENTED_EDGE('',*,*,#15658,.T.);
#16320 = ADVANCED_FACE('',(#16321),#15853,.T.);
#16321 = FACE_BOUND('',#16322,.T.);
#16322 = EDGE_LOOP('',(#16323));
#16323 = ORIENTED_EDGE('',*,*,#15838,.T.);
#16324 = ADVANCED_FACE('',(#16325),#16033,.T.);
#16325 = FACE_BOUND('',#16326,.T.);
#16326 = EDGE_LOOP('',(#16327));
#16327 = ORIENTED_EDGE('',*,*,#16018,.T.);
#16328 = ADVANCED_FACE('',(#16329),#16213,.T.);
#16329 = FACE_BOUND('',#16330,.T.);
#16330 = EDGE_LOOP('',(#16331));
#16331 = ORIENTED_EDGE('',*,*,#16198,.T.);
#16332 = ( GEOMETRIC_REPRESENTATION_CONTEXT(3) 
GLOBAL_UNCERTAINTY_ASSIGNED_CONTEXT((#16336)) 
GLOBAL_UNIT_ASSIGNED_CONTEXT((#16333,#16334,#16335)) 
REPRESENTATION_CONTEXT('Context #1',
  '3D Context with UNIT and UNCERTAINTY') );
#16333 = ( LENGTH_UNIT() NAMED_UNIT(*) SI_UNIT(.MILLI.,.METRE.) );
#16334 = ( NAMED_UNIT(*) PLANE_ANGLE_UNIT() SI_UNIT($,.RADIAN.) );
#16335 = ( NAMED_UNIT(*) SI_UNIT($,.STERADIAN.) SOLID_ANGLE_UNIT() );
#16336 = UNCERTAINTY_MEASURE_WITH_UNIT(LENGTH_MEASURE(1.E-07),#16333,
  'distance_accuracy_value','confusion accuracy');
#16337 = CONTEXT_DEPENDENT_SHAPE_REPRESENTATION(#16338,#16340);
#16338 = ( REPRESENTATION_RELATIONSHIP('','',#12649,#10) 
REPRESENTATION_RELATIONSHIP_WITH_TRANSFORMATION(#16339) 
SHAPE_REPRESENTATION_RELATIONSHIP() );
#16339 = ITEM_DEFINED_TRANSFORMATION('','',#11,#35);
#16340 = PRODUCT_DEFINITION_SHAPE('Placement','Placement of an item',
  #16341);
#16341 = NEXT_ASSEMBLY_USAGE_OCCURRENCE('7','Pocket_Copy','',#5,#12644,$
  );
#16342 = PRODUCT_RELATED_PRODUCT_CATEGORY('part',$,(#12646));
#16343 = MECHANICAL_DESIGN_GEOMETRIC_PRESENTATION_REPRESENTATION('',(
    #16344),#8183);
#16344 = STYLED_ITEM('color',(#16345),#5978);
#16345 = PRESENTATION_STYLE_ASSIGNMENT((#16346,#16352));
#16346 = SURFACE_STYLE_USAGE(.BOTH.,#16347);
#16347 = SURFACE_SIDE_STYLE('',(#16348));
#16348 = SURFACE_STYLE_FILL_AREA(#16349);
#16349 = FILL_AREA_STYLE('',(#16350));
#16350 = FILL_AREA_STYLE_COLOUR('',#16351);
#16351 = COLOUR_RGB('',0.800000010877,0.800000010877,0.800000010877);
#16352 = CURVE_STYLE('',#16353,POSITIVE_LENGTH_MEASURE(0.1),#16354);
#16353 = DRAUGHTING_PRE_DEFINED_CURVE_FONT('continuous');
#16354 = COLOUR_RGB('',9.803921802644E-02,9.803921802644E-02,
  9.803921802644E-02);
#16355 = MECHANICAL_DESIGN_GEOMETRIC_PRESENTATION_REPRESENTATION('',(
    #16356),#16332);
#16356 = STYLED_ITEM('color',(#16357),#12650);
#16357 = PRESENTATION_STYLE_ASSIGNMENT((#16358,#16363));
#16358 = SURFACE_STYLE_USAGE(.BOTH.,#16359);
#16359 = SURFACE_SIDE_STYLE('',(#16360));
#16360 = SURFACE_STYLE_FILL_AREA(#16361);
#16361 = FILL_AREA_STYLE('',(#16362));
#16362 = FILL_AREA_STYLE_COLOUR('',#16351);
#16363 = CURVE_STYLE('',#16364,POSITIVE_LENGTH_MEASURE(0.1),#16354);
#16364 = DRAUGHTING_PRE_DEFINED_CURVE_FONT('continuous');
#16365 = MECHANICAL_DESIGN_GEOMETRIC_PRESENTATION_REPRESENTATION('',(
    #16366),#10407);
#16366 = STYLED_ITEM('color',(#16367),#8202);
#16367 = PRESENTATION_STYLE_ASSIGNMENT((#16368,#16373));
#16368 = SURFACE_STYLE_USAGE(.BOTH.,#16369);
#16369 = SURFACE_SIDE_STYLE('',(#16370));
#16370 = SURFACE_STYLE_FILL_AREA(#16371);
#16371 = FILL_AREA_STYLE('',(#16372));
#16372 = FILL_AREA_STYLE_COLOUR('',#16351);
#16373 = CURVE_STYLE('',#16374,POSITIVE_LENGTH_MEASURE(0.1),#16354);
#16374 = DRAUGHTING_PRE_DEFINED_CURVE_FONT('continuous');
#16375 = MECHANICAL_DESIGN_GEOMETRIC_PRESENTATION_REPRESENTATION('',(
    #16376),#3735);
#16376 = STYLED_ITEM('color',(#16377),#53);
#16377 = PRESENTATION_STYLE_ASSIGNMENT((#16378,#16383));
#16378 = SURFACE_STYLE_USAGE(.BOTH.,#16379);
#16379 = SURFACE_SIDE_STYLE('',(#16380));
#16380 = SURFACE_STYLE_FILL_AREA(#16381);
#16381 = FILL_AREA_STYLE('',(#16382));
#16382 = FILL_AREA_STYLE_COLOUR('',#16351);
#16383 = CURVE_STYLE('',#16384,POSITIVE_LENGTH_MEASURE(0.1),#16354);
#16384 = DRAUGHTING_PRE_DEFINED_CURVE_FONT('continuous');
#16385 = MECHANICAL_DESIGN_GEOMETRIC_PRESENTATION_REPRESENTATION('',(
    #16386),#12631);
#16386 = STYLED_ITEM('color',(#16387),#10426);
#16387 = PRESENTATION_STYLE_ASSIGNMENT((#16388,#16393));
#16388 = SURFACE_STYLE_USAGE(.BOTH.,#16389);
#16389 = SURFACE_SIDE_STYLE('',(#16390));
#16390 = SURFACE_STYLE_FILL_AREA(#16391);
#16391 = FILL_AREA_STYLE('',(#16392));
#16392 = FILL_AREA_STYLE_COLOUR('',#16351);
#16393 = CURVE_STYLE('',#16394,POSITIVE_LENGTH_MEASURE(0.1),#16354);
#16394 = DRAUGHTING_PRE_DEFINED_CURVE_FONT('continuous');
#16395 = MECHANICAL_DESIGN_GEOMETRIC_PRESENTATION_REPRESENTATION('',(
    #16396),#5959);
#16396 = STYLED_ITEM('color',(#16397),#3754);
#16397 = PRESENTATION_STYLE_ASSIGNMENT((#16398,#16403));
#16398 = SURFACE_STYLE_USAGE(.BOTH.,#16399);
#16399 = SURFACE_SIDE_STYLE('',(#16400));
#16400 = SURFACE_STYLE_FILL_AREA(#16401);
#16401 = FILL_AREA_STYLE('',(#16402));
#16402 = FILL_AREA_STYLE_COLOUR('',#16351);
#16403 = CURVE_STYLE('',#16404,POSITIVE_LENGTH_MEASURE(0.1),#16354);
#16404 = DRAUGHTING_PRE_DEFINED_CURVE_FONT('continuous');
ENDSEC;
END-ISO-10303-21;
